[2026-08-04T21:11:31.383503+00:00] [success] hub_preflight: Hub healthy before launch
[DB] Log failed: NOT NULL constraint failed: diagnostic_log.file_path
[HUB] Checking hub health...
[HUB] Hub is already healthy.
[DISPLAY] Using existing display: :0.0
[ENV] Using DISPLAY=:0.0
[PATCH] Auto‑start patch already applied.
[SETUP] godot binary: /usr/bin/godot
[SETUP] project dir:  /home/owner/Documents/69f7bcc6-1f68-83ea-b9b2-95a4db8629ac/parachute-cfd-game/godot_project
[RUN] /usr/bin/godot --path godot_project --verbose
[RUN] stall threshold: 30.0s   timeout: 120s
[ENV] GODOT_HEADLESS=1 (for auto‑start detection only)
========================================================================
[DB] Using table: files_to_fix
WorkerThreadPool: 4 threads, 1 max low-priority.
Godot Engine v4.6.3.stable.fedora.7d41c59c4 - https://godotengine.org
TextServer: Added interface "Dummy"
TextServer: Added interface "ICU / HarfBuzz / Graphite (Built-in)"
Unrecognized output string "misc2" in mapping:
030000008a2e0000dd10000011010000,Hand Held Legend GC Ultimate,a:b0,b:b2,back:b17,dpdown:b5,dpleft:b6,dpright:b7,dpup:b4,guide:b18,leftshoulder:b10,leftstick:b8,lefttrigger:a3,leftx:a0,lefty:a1,misc1:b19,misc2:b24,paddle1:b13,paddle2:b12,rightshoulder:b11,rightstick:b9,righttrigger:a4,rightx:a2,righty:a5,start:b16,x:b1,y:b3,platform:Linux,
Unrecognized output string "misc2" in mapping:
030000000d0f0000ab01000011010000,Horipad Steam,a:b0,b:b1,back:b10,dpdown:h0.4,dpleft:h0.8,dpright:h0.2,dpup:h0.1,guide:b12,leftshoulder:b6,leftstick:b13,lefttrigger:a5,leftx:a0,lefty:a1,misc2:b2,paddle1:b19,paddle2:b18,paddle3:b15,paddle4:b5,rightshoulder:b7,rightstick:b14,righttrigger:a4,rightx:a2,righty:a3,start:b11,x:b3,y:b4,platform:Linux,
Unrecognized output string "misc2" in mapping:
050000000d0f00009601000091000000,Horipad Steam,a:b0,b:b1,back:b10,dpdown:h0.4,dpleft:h0.8,dpright:h0.2,dpup:h0.1,guide:b12,leftshoulder:b6,leftstick:b13,lefttrigger:a5,leftx:a0,lefty:a1,misc2:b2,paddle1:b19,paddle2:b18,paddle3:b15,paddle4:b5,rightshoulder:b7,rightstick:b14,righttrigger:a4,rightx:a2,righty:a3,start:b11,x:b3,y:b4,platform:Linux,
Unrecognized output string "misc2" in mapping:
030000007e0500006920000011010000,Nintendo Switch 2 Pro Controller,a:b0,b:b1,back:b14,dpdown:b8,dpleft:b10,dpright:b9,dpup:b11,guide:b16,leftshoulder:b12,leftstick:b15,lefttrigger:b13,leftx:a0,lefty:a1~,misc1:b17,misc2:b20,paddle1:b18,paddle2:b19,rightshoulder:b4,rightstick:b7,righttrigger:b5,rightx:a2,righty:a3~,start:b6,x:b2,y:b3,platform:Linux,
SDL: Init OK!
Xshape 1.1 detected.
Xinerama 1.1 detected.
Xrandr 1.6 detected.
Xrender 0.11 detected.
Xinput 2.2 detected.
XInput: Refreshing devices.
XInput: No touch devices found.
Detecting GPUs, set DRI_PRIME in the environment to override GPU detection logic.
Only one GPU found, using default.
Failed loading custom cursor: crossed_circle
DBus 1.16.2 detected.
Using "default" pen tablet driver...
Shader 'CanvasSdfShaderGLES3' SHA256: 4178a370fca21ad6216db6f7823dc24d65f8d4ad71442bbaa5d6f9a230a081ea
Shader 'SkeletonShaderGLES3' SHA256: 8bc0ec35c83978cd6d65ef8fc16df8e916ba1e2a9d5a98423fd53815bae40b65
Shader 'ParticlesShaderGLES3' SHA256: 6afaaf25f8938f1e43e69699472011afc51b674c0df4cd381d188953d85ec5a3
Shader 'ParticlesCopyShaderGLES3' SHA256: 39392086598b90ead64d3323c81c8ade94c690b12d308ef31d5b9690c172fb22
Shader 'CopyShaderGLES3' SHA256: 997ec09347cd52d2f6dc09d2a1ab366d3ba8485a46f43f593451013172c4c0ad
Shader 'CubemapFilterShaderGLES3' SHA256: 32dcf4d8e16f18e32b807a2d1406cca20c37a1e6fcccf8420addb836c4d08aa5
Shader 'GlowShaderGLES3' SHA256: a6700f3ac665fc4867995c9fcc2052c36df9c7d4909f0d5b8d1092726671dbd0
Shader 'PostShaderGLES3' SHA256: 6eedbef0b87035bc14ebaf4f413c9e32fa64d5e88a36f1d51dbd0c2be5e54df3
Shader 'FeedShaderGLES3' SHA256: bddb9e1271cb1ff96bb0f53b92f2724c49e525ede46d8de0d776819eca048a2d
Shader 'CanvasShaderGLES3' SHA256: f4ec43ced4296bc56a0508da1fd428b360690cb08bcc44b1135a42a01b3844af
Shader 'CanvasOcclusionShaderGLES3' SHA256: 578a45ce760a0ed6361559f46e9aedf93aa4cc3580d835d6dbc5ae8e4265557c
Shader 'SceneShaderGLES3' SHA256: 23ab6aea89cc6db38dee15711362af8e7ad9c08bbe99cb758445c4ca6f910f83
Shader 'SkyShaderGLES3' SHA256: 5d5d48528e786bc9445620d0ef25bddc8d0c7ce6aa74df01c30eb96e7c51f67e
OpenGL API 4.2 (Core Profile) Mesa 25.3.6 - Compatibility - Using Device: Intel - Mesa Intel(R) HD Graphics 4000 (IVB GT2)
PulseAudio 17.0.0 detected.
PulseAudio: context other
PulseAudio: context other
PulseAudio: context other
PulseAudio: context ready
PulseAudio: Detecting channels for device: alsa_output.pci-0000_00_1b.0.analog-stereo
PulseAudio: detected 2 output channels
PulseAudio: audio buffer frames: 512 calculated output latency: 11ms

TextServer: Primary interface set to: "ICU / HarfBuzz / Graphite (Built-in)".
CORE API HASH: 2475187701
EDITOR API HASH: 3867286884
SceneTreeFTI: traversal method DEFAULT
Loading resource: res://TelemetryLogger.gd
Loading resource: res://scripts/SqliteDb.gd
Loading resource: res://autoloads/HealthChecker.gd
Loading resource: res://scripts/HubManager.gd
Loading resource: res://scripts/DatabaseGuard.gd
Loading resource: res://scripts/ResourceThrottle.gd
Loading resource: res://scripts/PerformanceMonitor.gd
Loading resource: res://addons/godot_aerodynamic_physics/core/singletons/aero_units.gd
Loading resource: res://scripts/SqliteWatchdog.gd
Loading resource: res://scripts/StructuredLogger.gd
Loading resource: res://scripts/InputManager.gd
Loading resource: res://scripts/GameIntegrity.gd
Loading resource: res://scripts/altimeter_hud.gd
Loading resource: res://scripts/forensic_hud.gd
Loading resource: res://scripts/audit.gd
Loading resource: res://scripts/wind_field.gd
Loading resource: res://autoloads/CursorManager.gd
Loading resource: res://autoloads/Gamification.gd
Loading resource: res://autoloads/forensic_panel.gd
Loaded system CA certificates
Loading resource: res://scenes/main.tscn
Loading resource: res://scripts/build_terrain.gd
Loading resource: res://assets/terrain/black_env.tres
[VERBATIM] SqliteDb.gd _ready() called
[VERBATIM] SqliteDb.gd _ready() called
[VERBATIM] SqliteDb.gd _ready() called
[VERBATIM] SqliteDb: _ready started
[VERBATIM] DB OPEN OK /home/owner/Documents/69f7bcc6-1f68-83ea-b9b2-95a4db8629ac/parachute-cfd-game/parachute_mutations.db
[VERBATIM] DB OPEN OK /home/owner/Documents/69f7bcc6-1f68-83ea-b9b2-95a4db8629ac/parachute-cfd-game/parachute_mutations.db
[HealthChecker] Control hierarchy dumped to DB in 0ms
[VERBATIM] DatabaseGuard.gd _ready() called
[VERBATIM] DatabaseGuard: _ready ok=true
[VERBATIM] ResourceThrottle.gd _ready() called
[VERBATIM] ResourceThrottle: table ensured
[VERBATIM] ResourceThrottle: _ready ok=true
[VERBATIM] SqliteWatchdog.gd _ready() called
[VERBATIM] SqliteWatchdog.gd _ready() called
[VERBATIM] SqliteWatchdog.gd _ready() called
[VERBATIM] Watchdog: _ready started
[VERBATIM] Watchdog: started, polling user://screenshots/
[VERBATIM] Watchdog: scan disabled — single-launch screenshot mode
[VERBATIM] Watchdog: _ready completed
[StructuredLogger] log file: /home/owner/.local/share/godot/app_userdata/Parachute Landing Pattern v314/logs/godot_logs.jsonl
[StructuredLogger] sentry_available=false
[VERBATIM] 2026-08-04T17:11:32 GameIntegrity autoload initialized
[VERBATIM] 2026-08-04T17:11:32 Log file: /home/owner/.local/share/godot/app_userdata/Parachute Landing Pattern v314/game_integrity.log
[ALTIMETER] ready: layer=1 visible=true panel.pos=(50.0, 200.0) panel.size=(200.0, 100.0) panel.visible=true
[AUDIT] _ready: ENTER
[HUD_DIAG] _ready called
[HUD_DIAG] is_processing_input()=true is_inside_tree()=true frame=0 process_mode=0
[AUDIT] _resolve_hub_url: ENTER
[AUDIT] _build_ui: ENTER
[AUDIT] _load_saved_position: ENTER
[AUDIT] _mklabel: ENTER
[AUDIT] _mklabel: ENTER
[AUDIT] _mklabel: ENTER
[AUDIT] _mklabel: ENTER
[AUDIT] _mklabel: ENTER
[AUDIT] _mklabel: ENTER
[AUDIT] _mklabel: ENTER
[AUDIT] _mklabel: ENTER
[AUDIT] _mklabel: ENTER
[AUDIT] _poll_fast: ENTER
[AUDIT] _poll_slow: ENTER
Wind field loaded:
  Grid: 31 x 31 x 21
  Spacing: 10.0 m
  Bounds: (0.0, 0.0, 0.0) to (300.0, 300.0, 200.0)
  Velocities: 20181 vectors
[FPANEL] ready. Toggle: F3 / F9 / ` / T (polled in _process, not _input)
[FPANEL_DIAG] is_inside_tree()=true process_mode=0 frame=0 layer=100 visible=false
[CAMERA] Loaded plane camera distance from DB: 175.0
[INIT] Press SPACE to start
[DIAG] _ready: ENTER
[VERBATIM] 2026-08-04T17:11:32 ENTER _ready gate=none
[VERBATIM] Baked colours loaded: 3145728
[VERBATIM] Terrain created: 1048576 vertices
[VERBATIM] Runways added
[DEBUG] _character position after set: (100.0, 1828.8, -100.0)
[DEBUG] _character global_position: (100.0, 1828.8, -100.0)
[VERBATIM] ENTER _load_character gate=none
Loading resource: res://assets/characters/parachutist.fbx
Loading resource: res://.godot/imported/parachutist.fbx-4e97eacb181e599e676b61e7205a47ee.scn
[VERBATIM] FBX loaded
[DEBUG] FBX instance visible: true
[DEBUG] FBX instance added. Node: parachutist:<Node3D#39409682026>
[DEBUG] Instance position: (0.0, 0.0, 0.0)
[DEBUG] Instance scale: (1.0, 1.0, 1.0)
[DEBUG] Instance visible: true
[DEBUG] _character position: (100.0, 1828.8, -100.0)
[VERBATIM] Left arm bone found index 8
[VERBATIM] Right arm bone found index 32
[VERBATIM] _setup_anim_player: clips=["Take 001", "mixamo_com"]
[VERBATIM] _setup_anim_player: deferring play of mixamo_com
[VERBATIM] RESET animation not available – using fallback
[VERBATIM] EXIT _load_character ok=true
[DIAG] _ready: character loaded
[VERBATIM] [VERBATIM] Creating plane node...
Loading resource: res://scripts/plane.gd
[VERBATIM] [VERBATIM] Plane script attached
Loading resource: res://assets/aircraft/cesna_airplane.glb
Loading resource: res://.godot/imported/cesna_airplane.glb-0df84a10403a8c08167e1e07258c4378.scn
Loading resource: res://assets/aircraft/cesna_airplane_2.png
Loading resource: res://.godot/imported/cesna_airplane_2.png-a0ae2ab0bf25959dd0beafc4e856bc3b.s3tc.ctex
Loading resource: res://assets/aircraft/cesna_airplane_0.png
Loading resource: res://.godot/imported/cesna_airplane_0.png-e0456c27d48acd63e1dd01ab23117de6.s3tc.ctex
Loading resource: res://assets/aircraft/cesna_airplane_1.png
Loading resource: res://.godot/imported/cesna_airplane_1.png-40e4f0bad9835f0987c7e03e2e3ca5b0.s3tc.ctex
[VERBATIM] Cessna model loaded. visible=true scale=(15.0, 15.0, 15.0)
[VERBATIM] [VERBATIM] Plane created at altitude 6000
[DIAG] _ready: plane created, _plane_node=FlyingPlane:<CharacterBody3D#39543899765>
[DEBUG] Plane position: (0.0, 1828.8, 0.0)
[DEBUG] Camera position: (0.0, 1880.516, -167.1839)
[DIAG] _ready: camera positioned
[VERBATIM] Camera attached to root, following plane
[VERBATIM] Drop zone created
[VERBATIM] ENTER _load_faa_obstacles gate=none
[VERBATIM] _load_faa_obstacles read_bytes=9568
[VERBATIM] _load_faa_obstacles obstacle_count=41
[VERBATIM] FAA obstacles loaded: 41
[VERBATIM] EXIT _load_faa_obstacles ok=true placed=41
[VERBATIM] HUD created
[DIAG] _ready: HUD created, _hud_labels size=8
[VERBATIM] Initial heading set to 0.0
[VERBATIM] ENTER _setup_pip_overlay gate=none
Loading resource: res://scripts/pip_draggable.gd
[PIP] _ready: size=(320.0, 240.0) position=(10.0, 10.0)
[VERBATIM] PiP canopy path=res://assets/canopy/parachute_sanitized.glb
Loading resource: res://assets/canopy/parachute_sanitized.glb
Loading resource: res://.godot/imported/parachute_sanitized.glb-5999240e51474abb946895cc5af216d6.scn
[VERBATIM] main canopy attached offset=(0,2.5,0) path=res://assets/canopy/parachute_sanitized.glb
[CANOPYSYNC] main canopy attached HIDDEN, awaiting deploy
[VERBATIM] EXIT _setup_pip_overlay ok=true
[VERBATIM] ENTER _init_achievements gate=none
[VERBATIM] Unlocked achievements: ["first_jump", "malfunction_ace"]
[VERBATIM] EXIT _init_achievements ok=true
[VERBATIM] ENTER _init_mission gate=none
[VERBATIM] Mission updated: Training
[VERBATIM] EXIT _init_mission ok=true
[VERBATIM] ENTER _init_leaderboard gate=none
[VERBATIM] EXIT _init_leaderboard ok=true
[VERBATIM] ENTER _init_controller gate=none
[VERBATIM] EXIT _init_controller ok=true
[VERBATIM] ENTER _init_sentry gate=none
[VERBATIM] Sentry not configured
[VERBATIM] EXIT _init_sentry ok=true
Loading resource: res://assets/canopy/parachute_sanitized.glb
Loading resource: res://.godot/imported/parachute_sanitized.glb-5999240e51474abb946895cc5af216d6.scn
[VERBATIM] Clean GLB loaded from: res://assets/canopy/parachute_sanitized.glb
[VERBATIM] ENTER _randomize_malfunction gate=none
[VERBATIM] Canopy visuals updated for LINE OVER
[VERBATIM] EXIT _randomize_malfunction ok=true
[VERBATIM] Initial malfunction: LINE OVER
[VERBATIM] Game ready – press SPACE at ~4000 ft to deploy
[VERBATIM] ARM GATE: Left arm rotation = (1.570796, 1.570796, 0.0)
[VERBATIM] ARM GATE: Right arm rotation = (1.570796, -1.570796, 0.0)
[VERBATIM] ARM GATE: Arms are lowered
[VERBATIM] ... EXIT _ready ok=true
[DIAG] _ready: EXIT
[DEBUG] _input (build_terrain) called, event=InputEventMouseMotion: button_mask=0, position=((1147.0, 123.0)), relative=((671.0, 117.0)), velocity=((0.0, 0.0)), pressure=0.00, tilt=((0.0, 0.0)), pen_inverted=(false)
[DEBUG] _input (build_terrain) called, event=InputEventMouseMotion: button_mask=0, position=((1151.0, 0.0)), relative=((4.0, -123.0)), velocity=((0.0, 0.0)), pressure=0.00, tilt=((0.0, 0.0)), pen_inverted=(false)
[DEBUG] _input (build_terrain) called, event=InputEventMouseMotion: button_mask=0, position=((1.0, 515.0)), relative=((-1150.0, 515.0)), velocity=((0.0, 0.0)), pressure=0.00, tilt=((0.0, 0.0)), pen_inverted=(false)
[DEBUG] _input (build_terrain) called, event=InputEventMouseMotion: button_mask=0, position=((479.0, 3.0)), relative=((478.0, -512.0)), velocity=((0.0, 0.0)), pressure=0.00, tilt=((0.0, 0.0)), pen_inverted=(false)
[AUDIT] poll_forensic_hud: ENTER
[FPANEL] _process() alive, frame=0
[ALTIMETER] update_altitude FIRST CALL: alt_ft=6000.00035219727
[ARMTEL] rest captured L_idx=8 R_idx=32 restL=(-0.010452, -0.001063, 0.101151, 0.994816) restR=(-0.010455, 0.001063, -0.101149, 0.994816)
[AXISSOLVE] bones OK on attempt 1  hips=0 head=5 foot=57 toe=59 handL=10 handR=34
[ANIMDIAG] current='' is_playing=false speed_scale=1.0 active=true process_mode=1 list=["Take 001", "mixamo_com"]
[AXISSOLVE] up=(-0.000073, 0.999984, -0.005653) forward=(0.009652, 0.005654, 0.999937) right=(-0.999953, -0.000019, 0.009652)
[AXISSOLVE] orthogonality up.dot(fwd)=-0.000000028871 (want ~0); desired hand dir (fwd+down)=(0.006877, -0.703098, 0.71106)
[AXISSOLVE_HDR] side,label,angle_deg,d_forward,d_up,d_right
[AXISSOLVE] L lever=(0.550191, 0.000049, 0.0) len=0.5501914024353 axis_global=(0.000063, -0.711076, -0.703115) AXIS_LOCAL_APPLIED=(0.703115, -0.0, 0.711076)
[AXISSOLVE],L,SOLVED,15.0,0.10050402581692,-0.10069465637207,0.01971686445177
[AXISSOLVE],L,+X,15.0,-0.00098592438735,-0.14239792525768,0.01873648166656
[AXISSOLVE],L,-X,15.0,0.00062396959402,0.14239744842052,0.01875631324947
[AXISSOLVE],L,+Y,15.0,0.00000001184914,0.0000001191442,0.00000000010565
[AXISSOLVE],L,-Y,15.0,0.00000000745011,-0.00000000004212,0.00000000007191
[AXISSOLVE],L,+Z,15.0,0.14221015572548,-0.00080531829735,0.02012093178928
[AXISSOLVE],L,-Z,15.0,-0.14257210493088,0.00080472708214,0.01737180165946
[AXISSOLVE],L,SOLVED,60.0,0.33424305915833,-0.336934030056,0.27832999825478
[AXISSOLVE],L,+X,60.0,-0.00534905865788,-0.47647625207901,0.27504971623421
[AXISSOLVE],L,-X,60.0,0.00003785827721,0.4764678478241,0.27511608600616
[AXISSOLVE],L,+Y,60.0,0.00000007145006,0.00000011880724,0.00000000068096
[AXISSOLVE],L,-Y,60.0,0.00000008500235,-0.00000011969176,0.00000000082924
[AXISSOLVE],L,+Z,60.0,0.47379446029663,-0.00269782519899,0.27968221902847
[AXISSOLVE],L,-Z,60.0,-0.47910553216934,0.00268949149176,0.27048355340958
[AXISSOLVE] R lever=(-0.550191, -0.000048, 0.0) len=0.5501914024353 axis_global=(-0.000061, 0.711076, 0.703115) AXIS_LOCAL_APPLIED=(0.703115, 0.0, -0.711076)
[AXISSOLVE],R,SOLVED,15.0,0.10086593776941,-0.10069417953491,-0.01777581125498
[AXISSOLVE],R,+X,15.0,-0.00062398682348,-0.14239744842052,-0.01875607483089
[AXISSOLVE],R,-X,15.0,0.00098590110429,0.14239792525768,-0.01873677968979
[AXISSOLVE],R,+Y,15.0,0.00000003352552,-0.00000000018954,0.00000000032362
[AXISSOLVE],R,-Y,15.0,-0.00000005587586,0.0000000003159,-0.00000000053936
[AXISSOLVE],R,+Z,15.0,-0.14221015572548,0.00080531829735,-0.02012087218463
[AXISSOLVE],R,-Z,15.0,0.14257207512856,-0.00080472690752,-0.01737192086875
[AXISSOLVE],R,SOLVED,60.0,0.33955377340317,-0.33692640066147,-0.27183523774147
[AXISSOLVE],R,+X,60.0,-0.00003805011875,-0.47646844387054,-0.27511510252953
[AXISSOLVE],R,-X,60.0,0.00534880580381,0.47647559642792,-0.27505052089691
[AXISSOLVE],R,+Y,60.0,0.00000007584908,0.00000023799356,0.00000000071469
[AXISSOLVE],R,-Y,60.0,-0.00000019370299,0.00000000109512,-0.00000000186978
[AXISSOLVE],R,+Z,60.0,-0.47379460930824,0.00269723008387,-0.27968180179596
[AXISSOLVE],R,-Z,60.0,0.47910526394844,-0.0026900859084,-0.27048382163048
[ELBOWSOLVE] L reference=pull_dir
[ELBOWSOLVE] L fore_idx=9 lever=(0.276145, 0.000024, 0.0) len=0.27614459395409 d_want=(0.000062, -0.703115, 0.711076) ELBOW_AXIS_LOCAL=(0.703115, 0.0, 0.711077)
[ELBOWSOLVE_HDR] side,angle_deg,dist_before,dist_after,delta_want_negative,along_pulldir_want_positive
[ELBOWSOLVE],L,30.0,0.5501914024353,0.53144437074661,-0.01874703168869,0.13781696557999
[ELBOWSOLVE],L,75.0,0.5501914024353,0.436498016119,-0.1136933863163,0.26533415913582
[ELBOWSOLVE] R reference=pull_dir
[ELBOWSOLVE] R fore_idx=33 lever=(-0.276145, -0.000024, 0.0) len=0.27614462375641 d_want=(0.000061, -0.703115, 0.711076) ELBOW_AXIS_LOCAL=(0.703115, 0.0, -0.711076)
[ELBOWSOLVE_HDR] side,angle_deg,dist_before,dist_after,delta_want_negative,along_pulldir_want_positive
[ELBOWSOLVE],R,30.0,0.5501914024353,0.53144431114197,-0.01874709129333,0.13832128047943
[ELBOWSOLVE],R,75.0,0.5501914024353,0.43649789690971,-0.11369350552559,0.26812392473221
[AXISSOLVE] solved L=true R=true - axes now APPLIED live, pose restored
[ARMTEL_HDR] t,side,held,dt,force,tension,damping,accel,vel,pull,deg,anim_pos,elbow_deg,hold_t
[CONTROLS] ---- InputMap audit and repair ----
[CONTROLS] deploy  action_existed=true  keys_before=[]  wanted=Space  added=true
[CONTROLS] turnleft  action_existed=true  keys_before=[]  wanted=Q  added=true
[CONTROLS] turnright  action_existed=true  keys_before=[]  wanted=E  added=true
[CONTROLS] camera_cycle  action_existed=true  keys_before=[]  wanted=C  added=true
[CONTROLS] cutaway  action_existed=true  keys_before=[]  wanted=X  added=true
[CONTROLS] reserve  action_existed=true  keys_before=[]  wanted=V  added=true
[CONTROLS] flare  action_existed=true  keys_before=[]  wanted=F  added=true
[CONTROLS] togglehud  action_existed=true  keys_before=[]  wanted=H  added=true
[CONTROLS] flightcheck  action_existed=true  keys_before=[]  wanted=G  added=true
[CONTROLS] restart  action_existed=true  keys_before=[]  wanted=R  added=true
[CONTROLS] j  action_existed=true  keys_before=["J"]  wanted=J  added=false
[CONTROLS] pause  action_existed=true  keys_before=[]  wanted=Escape  added=true
[CONTROLS] ---- 11 binding(s) added ----
[CANOPYSYNC] transition at state=0 deployed=false visible=false
[PIPLIVE] SubViewport now shares the main World3D
[PIPLIVE] hid 2 standalone PiP prop(s); camera kept
[DIAG] _physics_process: ENTER, state=0
[DIAG] _physics_process: IN_PLANE branch entered
[DIAG] _physics_process: plane position updated to (799.9964, 1853.8, 2.399997)
[DIAG] _physics_process: checking camera follow
[DIAG] _physics_process: plane and camera valid, updating camera
[DIAG] _physics_process: camera moved from (0.0, 1880.516, -167.1839) to (799.9964, 1905.516, -164.7839)
[DIAG] _physics_process: IN_PLANE returning
[HubManager] Hub already running (env) - skipping startup
[FPANEL] Adopted existing pip container
[AUDIT] poll_forensic_hud: ENTER
[DIAG] _physics_process: ENTER, state=0
[DIAG] _physics_process: IN_PLANE branch entered
[DIAG] _physics_process: plane position updated to (799.9856, 1853.8, 4.799971)
[DIAG] _physics_process: checking camera follow
[DIAG] _physics_process: plane and camera valid, updating camera
[DIAG] _physics_process: camera moved from (799.9964, 1905.516, -164.7839) to (799.9856, 1905.516, -162.3839)
[DIAG] _physics_process: IN_PLANE returning
[AUDIT] poll_forensic_hud: ENTER
[DIAG] _physics_process: ENTER, state=0
[DIAG] _physics_process: IN_PLANE branch entered
[DIAG] _physics_process: plane position updated to (799.9676, 1853.8, 7.199903)
[DIAG] _physics_process: checking camera follow
[DIAG] _physics_process: plane and camera valid, updating camera
[DIAG] _physics_process: camera moved from (799.9856, 1905.516, -162.3839) to (799.9676, 1905.516, -159.984)
[DIAG] _physics_process: IN_PLANE returning
[AUDIT] poll_forensic_hud: ENTER
[DIAG] _physics_process: ENTER, state=0
[DIAG] _physics_process: IN_PLANE branch entered
[DIAG] _physics_process: plane position updated to (799.9424, 1853.8, 9.59977)
[DIAG] _physics_process: checking camera follow
[DIAG] _physics_process: plane and camera valid, updating camera
[DIAG] _physics_process: camera moved from (799.9676, 1905.516, -159.984) to (799.9424, 1905.516, -157.5841)
[DIAG] _physics_process: IN_PLANE returning
[AUDIT] poll_forensic_hud: ENTER
[DIAG] _physics_process: ENTER, state=0
[DIAG] _physics_process: IN_PLANE branch entered
[DIAG] _physics_process: plane position updated to (799.91, 1853.8, 11.99955)
[DIAG] _physics_process: checking camera follow
[DIAG] _physics_process: plane and camera valid, updating camera
[DIAG] _physics_process: camera moved from (799.9424, 1905.516, -157.5841) to (799.91, 1905.516, -155.1843)
[DIAG] _physics_process: IN_PLANE returning
[AUDIT] poll_forensic_hud: ENTER
[DIAG] _physics_process: ENTER, state=0
[DIAG] _physics_process: IN_PLANE branch entered
[DIAG] _physics_process: plane position updated to (799.8704, 1853.8, 14.39922)
[DIAG] _physics_process: checking camera follow
[DIAG] _physics_process: plane and camera valid, updating camera
[DIAG] _physics_process: camera moved from (799.91, 1905.516, -155.1843) to (799.8704, 1905.516, -152.7847)
[DIAG] _physics_process: IN_PLANE returning
[AUDIT] poll_forensic_hud: ENTER
[DIAG] _physics_process: ENTER, state=0
[DIAG] _physics_process: IN_PLANE branch entered
[DIAG] _physics_process: plane position updated to (799.8236, 1853.8, 16.79877)
[DIAG] _physics_process: checking camera follow
[DIAG] _physics_process: plane and camera valid, updating camera
[DIAG] _physics_process: camera moved from (799.8704, 1905.516, -152.7847) to (799.8236, 1905.516, -150.3851)
[DIAG] _physics_process: IN_PLANE returning
[AUDIT] poll_forensic_hud: ENTER
[DIAG] _physics_process: ENTER, state=0
[DIAG] _physics_process: IN_PLANE branch entered
[DIAG] _physics_process: plane position updated to (799.7696, 1853.8, 19.19816)
[DIAG] _physics_process: checking camera follow
[DIAG] _physics_process: plane and camera valid, updating camera
[DIAG] _physics_process: camera moved from (799.8236, 1905.516, -150.3851) to (799.7696, 1905.516, -147.9857)
[DIAG] _physics_process: IN_PLANE returning
[DIAG] _poll_controls: ENTER, state=0
[VERBATIM] POLL: _poll_controls() entered, game_state=0
[DIAG] _poll_controls: EXIT (IN_PLANE branch)
[VERBATIM] Entering BASE
[DEBUG] _input (build_terrain) called, event=InputEventMouseMotion: button_mask=0, position=((1.0, 484.0)), relative=((-478.0, 481.0)), velocity=((1.192673, -1.192673)), pressure=0.00, tilt=((0.0, 0.0)), pen_inverted=(false)
[AUDIT] poll_forensic_hud: ENTER
[DIAG] _physics_process: ENTER, state=0
[DIAG] _physics_process: IN_PLANE branch entered
[DIAG] _physics_process: plane position updated to (799.7084, 1853.8, 21.59738)
[DIAG] _physics_process: checking camera follow
[DIAG] _physics_process: plane and camera valid, updating camera
[DIAG] _physics_process: camera moved from (799.7696, 1905.516, -147.9857) to (799.7084, 1905.516, -145.5865)
[DIAG] _physics_process: IN_PLANE returning
[AUDIT] poll_forensic_hud: ENTER
[DIAG] _physics_process: ENTER, state=0
[DIAG] _physics_process: IN_PLANE branch entered
[DIAG] _physics_process: plane position updated to (799.64, 1853.8, 23.9964)
[DIAG] _physics_process: checking camera follow
[DIAG] _physics_process: plane and camera valid, updating camera
[DIAG] _physics_process: camera moved from (799.7084, 1905.516, -145.5865) to (799.64, 1905.516, -143.1875)
[DIAG] _physics_process: IN_PLANE returning
[AUDIT] poll_forensic_hud: ENTER
[DIAG] _physics_process: ENTER, state=0
[DIAG] _physics_process: IN_PLANE branch entered
[DIAG] _physics_process: plane position updated to (799.5645, 1853.8, 26.39521)
[DIAG] _physics_process: checking camera follow
[DIAG] _physics_process: plane and camera valid, updating camera
[DIAG] _physics_process: camera moved from (799.64, 1905.516, -143.1875) to (799.5645, 1905.516, -140.7887)
[DIAG] _physics_process: IN_PLANE returning
[AUDIT] poll_forensic_hud: ENTER
[DIAG] _physics_process: ENTER, state=0
[DIAG] _physics_process: IN_PLANE branch entered
[DIAG] _physics_process: plane position updated to (799.4816, 1853.8, 28.79378)
[DIAG] _physics_process: checking camera follow
[DIAG] _physics_process: plane and camera valid, updating camera
[DIAG] _physics_process: camera moved from (799.5645, 1905.516, -140.7887) to (799.4816, 1905.516, -138.3901)
[DIAG] _physics_process: IN_PLANE returning
[AUDIT] poll_forensic_hud: ENTER
[DIAG] _physics_process: ENTER, state=0
[DIAG] _physics_process: IN_PLANE branch entered
[DIAG] _physics_process: plane position updated to (799.3917, 1853.8, 31.19209)
[DIAG] _physics_process: checking camera follow
[DIAG] _physics_process: plane and camera valid, updating camera
[DIAG] _physics_process: camera moved from (799.4816, 1905.516, -138.3901) to (799.3917, 1905.516, -135.9918)
[DIAG] _physics_process: IN_PLANE returning
[AUDIT] poll_forensic_hud: ENTER
[DIAG] _physics_process: ENTER, state=0
[DIAG] _physics_process: IN_PLANE branch entered
[DIAG] _physics_process: plane position updated to (799.2945, 1853.8, 33.59012)
[DIAG] _physics_process: checking camera follow
[DIAG] _physics_process: plane and camera valid, updating camera
[DIAG] _physics_process: camera moved from (799.3917, 1905.516, -135.9918) to (799.2945, 1905.516, -133.5938)
[DIAG] _physics_process: IN_PLANE returning
[AUDIT] poll_forensic_hud: ENTER
[DIAG] _physics_process: ENTER, state=0
[DIAG] _physics_process: IN_PLANE branch entered
[DIAG] _physics_process: plane position updated to (799.1901, 1853.8, 35.98785)
[DIAG] _physics_process: checking camera follow
[DIAG] _physics_process: plane and camera valid, updating camera
[DIAG] _physics_process: camera moved from (799.2945, 1905.516, -133.5938) to (799.1901, 1905.516, -131.196)
[DIAG] _physics_process: IN_PLANE returning
[AUDIT] poll_forensic_hud: ENTER
[DIAG] _physics_process: ENTER, state=0
[DIAG] _physics_process: IN_PLANE branch entered
[DIAG] _physics_process: plane position updated to (799.0786, 1853.8, 38.38526)
[DIAG] _physics_process: checking camera follow
[DIAG] _physics_process: plane and camera valid, updating camera
[DIAG] _physics_process: camera moved from (799.1901, 1905.516, -131.196) to (799.0786, 1905.516, -128.7986)
[DIAG] _physics_process: IN_PLANE returning
[VERBATIM] _setup_anim_player: playing mixamo_com pos=0.0
[DIAG] _poll_controls: ENTER, state=0
[VERBATIM] POLL: _poll_controls() entered, game_state=0
[DIAG] _poll_controls: EXIT (IN_PLANE branch)
[VERBATIM] Screenshot saved: /home/owner/Documents/69f7bcc6-1f68-83ea-b9b2-95a4db8629ac/parachute-cfd-game/godot_project/../audit_logs/screenshots/v314_20260804T171149.png
[AUDIT] poll_forensic_hud: ENTER
[DIAG] _physics_process: ENTER, state=0
[DIAG] _physics_process: IN_PLANE branch entered
[DIAG] _physics_process: plane position updated to (798.9598, 1853.8, 40.78231)
[DIAG] _physics_process: checking camera follow
[DIAG] _physics_process: plane and camera valid, updating camera
[DIAG] _physics_process: camera moved from (799.0786, 1905.516, -128.7986) to (798.9598, 1905.516, -126.4016)
[DIAG] _physics_process: IN_PLANE returning
[DIAG] _poll_controls: ENTER, state=0
[VERBATIM] POLL: _poll_controls() entered, game_state=0
[DIAG] _poll_controls: EXIT (IN_PLANE branch)
[AUDIT] poll_forensic_hud: ENTER
[DIAG] _physics_process: ENTER, state=0
[DIAG] _physics_process: IN_PLANE branch entered
[DIAG] _physics_process: plane position updated to (798.8339, 1853.8, 43.17901)
[DIAG] _physics_process: checking camera follow
[DIAG] _physics_process: plane and camera valid, updating camera
[DIAG] _physics_process: camera moved from (798.9598, 1905.516, -126.4016) to (798.8339, 1905.516, -124.0049)
[DIAG] _physics_process: IN_PLANE returning
[AUDIT] poll_forensic_hud: ENTER
[DIAG] _physics_process: ENTER, state=0
[DIAG] _physics_process: IN_PLANE branch entered
[DIAG] _physics_process: plane position updated to (798.7007, 1853.8, 45.57531)
[DIAG] _physics_process: checking camera follow
[DIAG] _physics_process: plane and camera valid, updating camera
[DIAG] _physics_process: camera moved from (798.8339, 1905.516, -124.0049) to (798.7007, 1905.516, -121.6086)
[DIAG] _physics_process: IN_PLANE returning
[AUDIT] poll_forensic_hud: ENTER
[DIAG] _physics_process: ENTER, state=0
[DIAG] _physics_process: IN_PLANE branch entered
[DIAG] _physics_process: plane position updated to (798.5604, 1853.8, 47.97121)
[DIAG] _physics_process: checking camera follow
[DIAG] _physics_process: plane and camera valid, updating camera
[DIAG] _physics_process: camera moved from (798.7007, 1905.516, -121.6086) to (798.5604, 1905.516, -119.2127)
[DIAG] _physics_process: IN_PLANE returning
[DIAG] _poll_controls: ENTER, state=0
[VERBATIM] POLL: _poll_controls() entered, game_state=0
[DIAG] _poll_controls: EXIT (IN_PLANE branch)
/builddir/build/BUILD/mbedtls-3.6.6-build/mbedtls-3.6.6/library/ssl_tls13_generic.c:1552: 0x3673e7c8: Perform PSA-based ECDH/FFDH computation.
[AUDIT] poll_forensic_hud: ENTER
[DIAG] _physics_process: ENTER, state=0
[DIAG] _physics_process: IN_PLANE branch entered
[DIAG] _physics_process: plane position updated to (798.4129, 1853.8, 50.36667)
[DIAG] _physics_process: checking camera follow
[DIAG] _physics_process: plane and camera valid, updating camera
[DIAG] _physics_process: camera moved from (798.5604, 1905.516, -119.2127) to (798.4129, 1905.516, -116.8172)
[DIAG] _physics_process: IN_PLANE returning
[AUDIT] poll_forensic_hud: ENTER
[DIAG] _physics_process: ENTER, state=0
[DIAG] _physics_process: IN_PLANE branch entered
[DIAG] _physics_process: plane position updated to (798.2582, 1853.8, 52.76168)
[DIAG] _physics_process: checking camera follow
[DIAG] _physics_process: plane and camera valid, updating camera
[DIAG] _physics_process: camera moved from (798.4129, 1905.516, -116.8172) to (798.2582, 1905.516, -114.4222)
[DIAG] _physics_process: IN_PLANE returning
[AUDIT] poll_forensic_hud: ENTER
[DIAG] _physics_process: ENTER, state=0
[DIAG] _physics_process: IN_PLANE branch entered
[DIAG] _physics_process: plane position updated to (798.0964, 1853.8, 55.15621)
[DIAG] _physics_process: checking camera follow
[DIAG] _physics_process: plane and camera valid, updating camera
[DIAG] _physics_process: camera moved from (798.2582, 1905.516, -114.4222) to (798.0964, 1905.516, -112.0277)
[DIAG] _physics_process: IN_PLANE returning
[AUDIT] poll_forensic_hud: ENTER
[DIAG] _physics_process: ENTER, state=0
[DIAG] _physics_process: IN_PLANE branch entered
[DIAG] _physics_process: plane position updated to (797.9273, 1853.8, 57.55025)
[DIAG] _physics_process: checking camera follow
[DIAG] _physics_process: plane and camera valid, updating camera
[DIAG] _physics_process: camera moved from (798.0964, 1905.516, -112.0277) to (797.9273, 1905.516, -109.6336)
[DIAG] _physics_process: IN_PLANE returning
[AUDIT] poll_forensic_hud: ENTER
[DIAG] _physics_process: ENTER, state=0
[DIAG] _physics_process: IN_PLANE branch entered
[DIAG] _physics_process: plane position updated to (797.751, 1853.8, 59.94377)
[DIAG] _physics_process: checking camera follow
[DIAG] _physics_process: plane and camera valid, updating camera
[DIAG] _physics_process: camera moved from (797.9273, 1905.516, -109.6336) to (797.751, 1905.516, -107.2401)
[DIAG] _physics_process: IN_PLANE returning
[AUDIT] poll_forensic_hud: ENTER
[DIAG] _physics_process: ENTER, state=0
[DIAG] _physics_process: IN_PLANE branch entered
[DIAG] _physics_process: plane position updated to (797.5676, 1853.8, 62.33675)
[DIAG] _physics_process: checking camera follow
[DIAG] _physics_process: plane and camera valid, updating camera
[DIAG] _physics_process: camera moved from (797.751, 1905.516, -107.2401) to (797.5676, 1905.516, -104.8471)
[DIAG] _physics_process: IN_PLANE returning
[AUDIT] poll_forensic_hud: ENTER
[DIAG] _physics_process: ENTER, state=0
[DIAG] _physics_process: IN_PLANE branch entered
[DIAG] _physics_process: plane position updated to (797.377, 1853.8, 64.72916)
[DIAG] _physics_process: checking camera follow
[DIAG] _physics_process: plane and camera valid, updating camera
[DIAG] _physics_process: camera moved from (797.5676, 1905.516, -104.8471) to (797.377, 1905.516, -102.4547)
[DIAG] _physics_process: IN_PLANE returning
[AUDIT] poll_forensic_hud: ENTER
[DIAG] _physics_process: ENTER, state=0
[DIAG] _physics_process: IN_PLANE branch entered
[DIAG] _physics_process: plane position updated to (797.1793, 1853.8, 67.121)
[DIAG] _physics_process: checking camera follow
[DIAG] _physics_process: plane and camera valid, updating camera
[DIAG] _physics_process: camera moved from (797.377, 1905.516, -102.4547) to (797.1793, 1905.516, -100.0629)
[DIAG] _physics_process: IN_PLANE returning
[DIAG] _poll_controls: ENTER, state=0
[VERBATIM] POLL: _poll_controls() entered, game_state=0
[DIAG] _poll_controls: EXIT (IN_PLANE branch)
/builddir/build/BUILD/mbedtls-3.6.6-build/mbedtls-3.6.6/library/ssl_tls13_client.c:1950: 0x3673e7c8: Switch to handshake keys for inbound traffic
/builddir/build/BUILD/mbedtls-3.6.6-build/mbedtls-3.6.6/library/ssl_tls13_generic.c:0403: 0x3673e7c8: mbedtls_ssl_tls13_process_certificate_verify() returned 0 (-0x0000)
/builddir/build/BUILD/mbedtls-3.6.6-build/mbedtls-3.6.6/library/ssl_tls13_client.c:2642: 0x3673e7c8: Switch to handshake traffic keys for outbound traffic
/builddir/build/BUILD/mbedtls-3.6.6-build/mbedtls-3.6.6/library/ssl_tls13_generic.c:1235: 0x3673e7c8: Switch to application keys for inbound traffic
/builddir/build/BUILD/mbedtls-3.6.6-build/mbedtls-3.6.6/library/ssl_tls13_generic.c:1238: 0x3673e7c8: Switch to application keys for outbound traffic
[AUDIT] poll_forensic_hud: ENTER
[DIAG] _physics_process: ENTER, state=0
[DIAG] _physics_process: IN_PLANE branch entered
[DIAG] _physics_process: plane position updated to (796.9743, 1853.8, 69.51223)
[DIAG] _physics_process: checking camera follow
[DIAG] _physics_process: plane and camera valid, updating camera
[DIAG] _physics_process: camera moved from (797.1793, 1905.516, -100.0629) to (796.9743, 1905.516, -97.67165)
[DIAG] _physics_process: IN_PLANE returning
[AUDIT] poll_forensic_hud: ENTER
[DIAG] _physics_process: ENTER, state=0
[DIAG] _physics_process: IN_PLANE branch entered
[DIAG] _physics_process: plane position updated to (796.7622, 1853.8, 71.90284)
[DIAG] _physics_process: checking camera follow
[DIAG] _physics_process: plane and camera valid, updating camera
[DIAG] _physics_process: camera moved from (796.9743, 1905.516, -97.67165) to (796.7622, 1905.516, -95.28104)
[DIAG] _physics_process: IN_PLANE returning
[AUDIT] poll_forensic_hud: ENTER
[DIAG] _physics_process: ENTER, state=0
[DIAG] _physics_process: IN_PLANE branch entered
[DIAG] _physics_process: plane position updated to (796.5429, 1853.8, 74.2928)
[DIAG] _physics_process: checking camera follow
[DIAG] _physics_process: plane and camera valid, updating camera
[DIAG] _physics_process: camera moved from (796.7622, 1905.516, -95.28104) to (796.5429, 1905.516, -92.89108)
[DIAG] _physics_process: IN_PLANE returning
[AUDIT] poll_forensic_hud: ENTER
[DIAG] _physics_process: ENTER, state=0
[DIAG] _physics_process: IN_PLANE branch entered
[DIAG] _physics_process: plane position updated to (796.3164, 1853.8, 76.68209)
[DIAG] _physics_process: checking camera follow
[DIAG] _physics_process: plane and camera valid, updating camera
[DIAG] _physics_process: camera moved from (796.5429, 1905.516, -92.89108) to (796.3164, 1905.516, -90.50179)
[DIAG] _physics_process: IN_PLANE returning
[DIAG] _poll_controls: ENTER, state=0
[VERBATIM] POLL: _poll_controls() entered, game_state=0
[DIAG] _poll_controls: EXIT (IN_PLANE branch)
[AUDIT] poll_forensic_hud: ENTER
[DIAG] _physics_process: ENTER, state=0
[DIAG] _physics_process: IN_PLANE branch entered
[DIAG] _physics_process: plane position updated to (796.0828, 1853.8, 79.07069)
[DIAG] _physics_process: checking camera follow
[DIAG] _physics_process: plane and camera valid, updating camera
[DIAG] _physics_process: camera moved from (796.3164, 1905.516, -90.50179) to (796.0828, 1905.516, -88.11319)
[DIAG] _physics_process: IN_PLANE returning
[AUDIT] poll_forensic_hud: ENTER
[DIAG] _physics_process: ENTER, state=0
[DIAG] _physics_process: IN_PLANE branch entered
[DIAG] _physics_process: plane position updated to (795.842, 1853.8, 81.45858)
[DIAG] _physics_process: checking camera follow
[DIAG] _physics_process: plane and camera valid, updating camera
[DIAG] _physics_process: camera moved from (796.0828, 1905.516, -88.11319) to (795.842, 1905.516, -85.7253)
[DIAG] _physics_process: IN_PLANE returning
[AUDIT] poll_forensic_hud: ENTER
[DIAG] _physics_process: ENTER, state=0
[DIAG] _physics_process: IN_PLANE branch entered
[DIAG] _physics_process: plane position updated to (795.5941, 1853.8, 83.84573)
[DIAG] _physics_process: checking camera follow
[DIAG] _physics_process: plane and camera valid, updating camera
[DIAG] _physics_process: camera moved from (795.842, 1905.516, -85.7253) to (795.5941, 1905.516, -83.33815)
[DIAG] _physics_process: IN_PLANE returning
[DIAG] _poll_controls: ENTER, state=0
[VERBATIM] POLL: _poll_controls() entered, game_state=0
[DIAG] _poll_controls: EXIT (IN_PLANE branch)
[AUDIT] poll_forensic_hud: ENTER
[DIAG] _physics_process: ENTER, state=0
[DIAG] _physics_process: IN_PLANE branch entered
[DIAG] _physics_process: plane position updated to (795.3389, 1853.8, 86.23214)
[DIAG] _physics_process: checking camera follow
[DIAG] _physics_process: plane and camera valid, updating camera
[DIAG] _physics_process: camera moved from (795.5941, 1905.516, -83.33815) to (795.3389, 1905.516, -80.95174)
[DIAG] _physics_process: IN_PLANE returning
[AUDIT] poll_forensic_hud: ENTER
[DIAG] _physics_process: ENTER, state=0
[DIAG] _physics_process: IN_PLANE branch entered
[DIAG] _physics_process: plane position updated to (795.0767, 1853.8, 88.61776)
[DIAG] _physics_process: checking camera follow
[DIAG] _physics_process: plane and camera valid, updating camera
[DIAG] _physics_process: camera moved from (795.3389, 1905.516, -80.95174) to (795.0767, 1905.516, -78.56612)
[DIAG] _physics_process: IN_PLANE returning
[DIAG] _poll_controls: ENTER, state=0
[VERBATIM] POLL: _poll_controls() entered, game_state=0
[DIAG] _poll_controls: EXIT (IN_PLANE branch)
[AUDIT] poll_forensic_hud: ENTER
[DIAG] _physics_process: ENTER, state=0
[DIAG] _physics_process: IN_PLANE branch entered
[DIAG] _physics_process: plane position updated to (794.8073, 1853.8, 91.00259)
[DIAG] _physics_process: checking camera follow
[DIAG] _physics_process: plane and camera valid, updating camera
[DIAG] _physics_process: camera moved from (795.0767, 1905.516, -78.56612) to (794.8073, 1905.516, -76.1813)
[DIAG] _physics_process: IN_PLANE returning
[AUDIT] poll_forensic_hud: ENTER
[DIAG] _physics_process: ENTER, state=0
[DIAG] _physics_process: IN_PLANE branch entered
[DIAG] _physics_process: plane position updated to (794.5306, 1853.8, 93.3866)
[DIAG] _physics_process: checking camera follow
[DIAG] _physics_process: plane and camera valid, updating camera
[DIAG] _physics_process: camera moved from (794.8073, 1905.516, -76.1813) to (794.5306, 1905.516, -73.79729)
[DIAG] _physics_process: IN_PLANE returning
[DIAG] _poll_controls: ENTER, state=0
[VERBATIM] POLL: _poll_controls() entered, game_state=0
[DIAG] _poll_controls: EXIT (IN_PLANE branch)
[AUDIT] poll_forensic_hud: ENTER
[DIAG] _physics_process: ENTER, state=0
[DIAG] _physics_process: IN_PLANE branch entered
[DIAG] _physics_process: plane position updated to (794.2469, 1853.8, 95.76977)
[DIAG] _physics_process: checking camera follow
[DIAG] _physics_process: plane and camera valid, updating camera
[DIAG] _physics_process: camera moved from (794.5306, 1905.516, -73.79729) to (794.2469, 1905.516, -71.41412)
[DIAG] _physics_process: IN_PLANE returning
[AUDIT] poll_forensic_hud: ENTER
[DIAG] _physics_process: ENTER, state=0
[DIAG] _physics_process: IN_PLANE branch entered
[DIAG] _physics_process: plane position updated to (793.9561, 1853.8, 98.15207)
[DIAG] _physics_process: checking camera follow
[DIAG] _physics_process: plane and camera valid, updating camera
[DIAG] _physics_process: camera moved from (794.2469, 1905.516, -71.41412) to (793.9561, 1905.516, -69.03181)
[DIAG] _physics_process: IN_PLANE returning
[DIAG] _poll_controls: ENTER, state=0
[VERBATIM] POLL: _poll_controls() entered, game_state=0
[DIAG] _poll_controls: EXIT (IN_PLANE branch)
[AUDIT] poll_forensic_hud: ENTER
[DIAG] _physics_process: ENTER, state=0
[DIAG] _physics_process: IN_PLANE branch entered
[DIAG] _physics_process: plane position updated to (793.658, 1853.8, 100.5335)
[DIAG] _physics_process: checking camera follow
[DIAG] _physics_process: plane and camera valid, updating camera
[DIAG] _physics_process: camera moved from (793.9561, 1905.516, -69.03181) to (793.658, 1905.516, -66.65039)
[DIAG] _physics_process: IN_PLANE returning
[AUDIT] poll_forensic_hud: ENTER
[DIAG] _physics_process: ENTER, state=0
[DIAG] _physics_process: IN_PLANE branch entered
[DIAG] _physics_process: plane position updated to (793.3528, 1853.8, 102.914)
[DIAG] _physics_process: checking camera follow
[DIAG] _physics_process: plane and camera valid, updating camera
[DIAG] _physics_process: camera moved from (793.658, 1905.516, -66.65039) to (793.3528, 1905.516, -64.26987)
[DIAG] _physics_process: IN_PLANE returning
[AUDIT] poll_forensic_hud: ENTER
[DIAG] _physics_process: ENTER, state=0
[DIAG] _physics_process: IN_PLANE branch entered
[DIAG] _physics_process: plane position updated to (793.0405, 1853.8, 105.2936)
[DIAG] _physics_process: checking camera follow
[DIAG] _physics_process: plane and camera valid, updating camera
[DIAG] _physics_process: camera moved from (793.3528, 1905.516, -64.26987) to (793.0405, 1905.516, -61.89028)
[DIAG] _physics_process: IN_PLANE returning
[DIAG] _poll_controls: ENTER, state=0
[VERBATIM] POLL: _poll_controls() entered, game_state=0
[DIAG] _poll_controls: EXIT (IN_PLANE branch)
[AUDIT] poll_forensic_hud: ENTER
[DIAG] _physics_process: ENTER, state=0
[DIAG] _physics_process: IN_PLANE branch entered
[DIAG] _physics_process: plane position updated to (792.7211, 1853.8, 107.6722)
[DIAG] _physics_process: checking camera follow
[DIAG] _physics_process: plane and camera valid, updating camera
[DIAG] _physics_process: camera moved from (793.0405, 1905.516, -61.89028) to (792.7211, 1905.516, -59.51163)
[DIAG] _physics_process: IN_PLANE returning
[AUDIT] poll_forensic_hud: ENTER
[DIAG] _physics_process: ENTER, state=0
[DIAG] _physics_process: IN_PLANE branch entered
[DIAG] _physics_process: plane position updated to (792.3945, 1853.8, 110.0499)
[DIAG] _physics_process: checking camera follow
[DIAG] _physics_process: plane and camera valid, updating camera
[DIAG] _physics_process: camera moved from (792.7211, 1905.516, -59.51163) to (792.3945, 1905.516, -57.13396)
[DIAG] _physics_process: IN_PLANE returning
[DIAG] _poll_controls: ENTER, state=0
[VERBATIM] POLL: _poll_controls() entered, game_state=0
[DIAG] _poll_controls: EXIT (IN_PLANE branch)
/builddir/build/BUILD/mbedtls-3.6.6-build/mbedtls-3.6.6/library/ssl_tls13_generic.c:1552: 0x3679a978: Perform PSA-based ECDH/FFDH computation.
[AUDIT] poll_forensic_hud: ENTER
[DIAG] _physics_process: ENTER, state=0
[DIAG] _physics_process: IN_PLANE branch entered
[DIAG] _physics_process: plane position updated to (792.0608, 1853.8, 112.4266)
[DIAG] _physics_process: checking camera follow
[DIAG] _physics_process: plane and camera valid, updating camera
[DIAG] _physics_process: camera moved from (792.3945, 1905.516, -57.13396) to (792.0608, 1905.516, -54.75728)
[DIAG] _physics_process: IN_PLANE returning
[AUDIT] poll_forensic_hud: ENTER
[DIAG] _physics_process: ENTER, state=0
[DIAG] _physics_process: IN_PLANE branch entered
[DIAG] _physics_process: plane position updated to (791.7199, 1853.8, 114.8023)
[DIAG] _physics_process: checking camera follow
[DIAG] _physics_process: plane and camera valid, updating camera
[DIAG] _physics_process: camera moved from (792.0608, 1905.516, -54.75728) to (791.7199, 1905.516, -52.3816)
[DIAG] _physics_process: IN_PLANE returning
[DIAG] _poll_controls: ENTER, state=0
[VERBATIM] POLL: _poll_controls() entered, game_state=0
[DIAG] _poll_controls: EXIT (IN_PLANE branch)
/builddir/build/BUILD/mbedtls-3.6.6-build/mbedtls-3.6.6/library/ssl_tls13_client.c:1950: 0x3679a978: Switch to handshake keys for inbound traffic
/builddir/build/BUILD/mbedtls-3.6.6-build/mbedtls-3.6.6/library/ssl_tls13_generic.c:0403: 0x3679a978: mbedtls_ssl_tls13_process_certificate_verify() returned 0 (-0x0000)
/builddir/build/BUILD/mbedtls-3.6.6-build/mbedtls-3.6.6/library/ssl_tls13_client.c:2642: 0x3679a978: Switch to handshake traffic keys for outbound traffic
/builddir/build/BUILD/mbedtls-3.6.6-build/mbedtls-3.6.6/library/ssl_tls13_generic.c:1235: 0x3679a978: Switch to application keys for inbound traffic
/builddir/build/BUILD/mbedtls-3.6.6-build/mbedtls-3.6.6/library/ssl_tls13_generic.c:1238: 0x3679a978: Switch to application keys for outbound traffic
[AUDIT] poll_forensic_hud: ENTER
[DIAG] _physics_process: ENTER, state=0
[DIAG] _physics_process: IN_PLANE branch entered
[DIAG] _physics_process: plane position updated to (791.3719, 1853.8, 117.1769)
[DIAG] _physics_process: checking camera follow
[DIAG] _physics_process: plane and camera valid, updating camera
[DIAG] _physics_process: camera moved from (791.7199, 1905.516, -52.3816) to (791.3719, 1905.516, -50.00697)
[DIAG] _physics_process: IN_PLANE returning
[AUDIT] poll_forensic_hud: ENTER
[DIAG] _physics_process: ENTER, state=0
[DIAG] _physics_process: IN_PLANE branch entered
[DIAG] _physics_process: plane position updated to (791.0168, 1853.8, 119.5505)
[DIAG] _physics_process: checking camera follow
[DIAG] _physics_process: plane and camera valid, updating camera
[DIAG] _physics_process: camera moved from (791.3719, 1905.516, -50.00697) to (791.0168, 1905.516, -47.63338)
[DIAG] _physics_process: IN_PLANE returning
[DIAG] _poll_controls: ENTER, state=0
[VERBATIM] POLL: _poll_controls() entered, game_state=0
[DIAG] _poll_controls: EXIT (IN_PLANE branch)
[AUDIT] poll_forensic_hud: ENTER
[DIAG] _physics_process: ENTER, state=0
[DIAG] _physics_process: IN_PLANE branch entered
[DIAG] _physics_process: plane position updated to (790.6547, 1853.8, 121.923)
[DIAG] _physics_process: checking camera follow
[DIAG] _physics_process: plane and camera valid, updating camera
[DIAG] _physics_process: camera moved from (791.0168, 1905.516, -47.63338) to (790.6547, 1905.516, -45.26087)
[DIAG] _physics_process: IN_PLANE returning
[AUDIT] poll_forensic_hud: ENTER
[DIAG] _physics_process: ENTER, state=0
[DIAG] _physics_process: IN_PLANE branch entered
[DIAG] _physics_process: plane position updated to (790.2853, 1853.8, 124.2944)
[DIAG] _physics_process: checking camera follow
[DIAG] _physics_process: plane and camera valid, updating camera
[DIAG] _physics_process: camera moved from (790.6547, 1905.516, -45.26087) to (790.2853, 1905.516, -42.88946)
[DIAG] _physics_process: IN_PLANE returning
[DIAG] _poll_controls: ENTER, state=0
[VERBATIM] POLL: _poll_controls() entered, game_state=0
[DIAG] _poll_controls: EXIT (IN_PLANE branch)
[AUDIT] poll_forensic_hud: ENTER
[DIAG] _physics_process: ENTER, state=0
[DIAG] _physics_process: IN_PLANE branch entered
[DIAG] _physics_process: plane position updated to (789.9089, 1853.8, 126.6647)
[DIAG] _physics_process: checking camera follow
[DIAG] _physics_process: plane and camera valid, updating camera
[DIAG] _physics_process: camera moved from (790.2853, 1905.516, -42.88946) to (789.9089, 1905.516, -40.51917)
[DIAG] _physics_process: IN_PLANE returning
[AUDIT] poll_forensic_hud: ENTER
[DIAG] _physics_process: ENTER, state=0
[DIAG] _physics_process: IN_PLANE branch entered
[DIAG] _physics_process: plane position updated to (789.5253, 1853.8, 129.0339)
[DIAG] _physics_process: checking camera follow
[DIAG] _physics_process: plane and camera valid, updating camera
[DIAG] _physics_process: camera moved from (789.9089, 1905.516, -40.51917) to (789.5253, 1905.516, -38.15001)
[DIAG] _physics_process: IN_PLANE returning
[DIAG] _poll_controls: ENTER, state=0
[VERBATIM] POLL: _poll_controls() entered, game_state=0
[DIAG] _poll_controls: EXIT (IN_PLANE branch)
[AUDIT] poll_forensic_hud: ENTER
[DIAG] _physics_process: ENTER, state=0
[DIAG] _physics_process: IN_PLANE branch entered
[DIAG] _physics_process: plane position updated to (789.1347, 1853.8, 131.4019)
[DIAG] _physics_process: checking camera follow
[DIAG] _physics_process: plane and camera valid, updating camera
[DIAG] _physics_process: camera moved from (789.5253, 1905.516, -38.15001) to (789.1347, 1905.516, -35.78201)
[DIAG] _physics_process: IN_PLANE returning
[AUDIT] poll_forensic_hud: ENTER
[DIAG] _physics_process: ENTER, state=0
[DIAG] _physics_process: IN_PLANE branch entered
[DIAG] _physics_process: plane position updated to (788.7369, 1853.8, 133.7687)
[DIAG] _physics_process: checking camera follow
[DIAG] _physics_process: plane and camera valid, updating camera
[DIAG] _physics_process: camera moved from (789.1347, 1905.516, -35.78201) to (788.7369, 1905.516, -33.41521)
[DIAG] _physics_process: IN_PLANE returning
[AUDIT] poll_forensic_hud: ENTER
[DIAG] _physics_process: ENTER, state=0
[DIAG] _physics_process: IN_PLANE branch entered
[DIAG] _physics_process: plane position updated to (788.3321, 1853.8, 136.1343)
[DIAG] _physics_process: checking camera follow
[DIAG] _physics_process: plane and camera valid, updating camera
[DIAG] _physics_process: camera moved from (788.7369, 1905.516, -33.41521) to (788.3321, 1905.516, -31.04961)
[DIAG] _physics_process: IN_PLANE returning
[DIAG] _poll_controls: ENTER, state=0
[VERBATIM] POLL: _poll_controls() entered, game_state=0
[DIAG] _poll_controls: EXIT (IN_PLANE branch)
[DEBUG] _input (build_terrain) called, event=InputEventMouseMotion: button_mask=0, position=((363.0, 15.0)), relative=((362.0, -469.0)), velocity=((-617.785, 621.6623)), pressure=0.00, tilt=((0.0, 0.0)), pen_inverted=(false)
[AUDIT] poll_forensic_hud: ENTER
[DIAG] _physics_process: ENTER, state=0
[DIAG] _physics_process: IN_PLANE branch entered
[DIAG] _physics_process: plane position updated to (787.9201, 1853.8, 138.4987)
[DIAG] _physics_process: checking camera follow
[DIAG] _physics_process: plane and camera valid, updating camera
[DIAG] _physics_process: camera moved from (788.3321, 1905.516, -31.04961) to (787.9201, 1905.516, -28.68523)
[DIAG] _physics_process: IN_PLANE returning
[AUDIT] poll_forensic_hud: ENTER
[DIAG] _physics_process: ENTER, state=0
[DIAG] _physics_process: IN_PLANE branch entered
[DIAG] _physics_process: plane position updated to (787.5011, 1853.8, 140.8618)
[DIAG] _physics_process: checking camera follow
[DIAG] _physics_process: plane and camera valid, updating camera
[DIAG] _physics_process: camera moved from (787.9201, 1905.516, -28.68523) to (787.5011, 1905.516, -26.3221)
[DIAG] _physics_process: IN_PLANE returning
[DIAG] _poll_controls: ENTER, state=0
[VERBATIM] POLL: _poll_controls() entered, game_state=0
[DIAG] _poll_controls: EXIT (IN_PLANE branch)
[VERBATIM] Real wind loaded: SSW 4.34488 kts
[DEBUG] _input (build_terrain) called, event=InputEventMouseMotion: button_mask=0, position=((363.0, 8.0)), relative=((0.0, -7.0)), velocity=((-617.785, 621.6623)), pressure=0.00, tilt=((0.0, 0.0)), pen_inverted=(false)
[AUDIT] poll_forensic_hud: ENTER
[DIAG] _physics_process: ENTER, state=0
[DIAG] _physics_process: IN_PLANE branch entered
[DIAG] _physics_process: plane position updated to (787.075, 1853.8, 143.2237)
[DIAG] _physics_process: checking camera follow
[DIAG] _physics_process: plane and camera valid, updating camera
[DIAG] _physics_process: camera moved from (787.5011, 1905.516, -26.3221) to (787.075, 1905.516, -23.96022)
[DIAG] _physics_process: IN_PLANE returning
[AUDIT] poll_forensic_hud: ENTER
[DIAG] _physics_process: ENTER, state=0
[DIAG] _physics_process: IN_PLANE branch entered
[DIAG] _physics_process: plane position updated to (786.6417, 1853.8, 145.5842)
[DIAG] _physics_process: checking camera follow
[DIAG] _physics_process: plane and camera valid, updating camera
[DIAG] _physics_process: camera moved from (787.075, 1905.516, -23.96022) to (786.6417, 1905.516, -21.59966)
[DIAG] _physics_process: IN_PLANE returning
[DIAG] _poll_controls: ENTER, state=0
[VERBATIM] POLL: _poll_controls() entered, game_state=0
[DIAG] _poll_controls: EXIT (IN_PLANE branch)
[VERBATIM] Wind updated: 12.5 kts @ 240.0°
[DEBUG] _input (build_terrain) called, event=InputEventMouseMotion: button_mask=0, position=((363.0, 6.0)), relative=((0.0, -2.0)), velocity=((2337.007, -3072.97)), pressure=0.00, tilt=((0.0, 0.0)), pen_inverted=(false)
[AUDIT] poll_forensic_hud: ENTER
[DIAG] _physics_process: ENTER, state=0
[DIAG] _physics_process: IN_PLANE branch entered
[DIAG] _physics_process: plane position updated to (786.2015, 1853.8, 147.9435)
[DIAG] _physics_process: checking camera follow
[DIAG] _physics_process: plane and camera valid, updating camera
[DIAG] _physics_process: camera moved from (786.6417, 1905.516, -21.59966) to (786.2015, 1905.516, -19.24039)
[DIAG] _physics_process: IN_PLANE returning
[AUDIT] poll_forensic_hud: ENTER
[DIAG] _physics_process: ENTER, state=0
[DIAG] _physics_process: IN_PLANE branch entered
[DIAG] _physics_process: plane position updated to (785.7541, 1853.8, 150.3014)
[DIAG] _physics_process: checking camera follow
[DIAG] _physics_process: plane and camera valid, updating camera
[DIAG] _physics_process: camera moved from (786.2015, 1905.516, -19.24039) to (785.7541, 1905.516, -16.88245)
[DIAG] _physics_process: IN_PLANE returning
[AUDIT] poll_forensic_hud: ENTER
[DIAG] _physics_process: ENTER, state=0
[DIAG] _physics_process: IN_PLANE branch entered
[DIAG] _physics_process: plane position updated to (785.2996, 1853.8, 152.658)
[DIAG] _physics_process: checking camera follow
[DIAG] _physics_process: plane and camera valid, updating camera
[DIAG] _physics_process: camera moved from (785.7541, 1905.516, -16.88245) to (785.2996, 1905.516, -14.52586)
[DIAG] _physics_process: IN_PLANE returning
[AUDIT] poll_forensic_hud: ENTER
[DIAG] _physics_process: ENTER, state=0
[DIAG] _physics_process: IN_PLANE branch entered
[DIAG] _physics_process: plane position updated to (784.8381, 1853.8, 155.0132)
[DIAG] _physics_process: checking camera follow
[DIAG] _physics_process: plane and camera valid, updating camera
[DIAG] _physics_process: camera moved from (785.2996, 1905.516, -14.52586) to (784.8381, 1905.516, -12.17065)
[DIAG] _physics_process: IN_PLANE returning
[AUDIT] poll_forensic_hud: ENTER
[DIAG] _physics_process: ENTER, state=0
[DIAG] _physics_process: IN_PLANE branch entered
[DIAG] _physics_process: plane position updated to (784.3696, 1853.8, 157.367)
[DIAG] _physics_process: checking camera follow
[DIAG] _physics_process: plane and camera valid, updating camera
[DIAG] _physics_process: camera moved from (784.8381, 1905.516, -12.17065) to (784.3696, 1905.516, -9.816849)
[DIAG] _physics_process: IN_PLANE returning
[AUDIT] poll_forensic_hud: ENTER
[DIAG] _physics_process: ENTER, state=0
[DIAG] _physics_process: IN_PLANE branch entered
[DIAG] _physics_process: plane position updated to (783.8939, 1853.8, 159.7194)
[DIAG] _physics_process: checking camera follow
[DIAG] _physics_process: plane and camera valid, updating camera
[DIAG] _physics_process: camera moved from (784.3696, 1905.516, -9.816849) to (783.8939, 1905.516, -7.464447)
[DIAG] _physics_process: IN_PLANE returning
[DIAG] _poll_controls: ENTER, state=0
[VERBATIM] POLL: _poll_controls() entered, game_state=0
[DIAG] _poll_controls: EXIT (IN_PLANE branch)
[AUDIT] poll_forensic_hud: ENTER
[DIAG] _physics_process: ENTER, state=0
[DIAG] _physics_process: IN_PLANE branch entered
[DIAG] _physics_process: plane position updated to (783.4113, 1853.8, 162.0704)
[DIAG] _physics_process: checking camera follow
[DIAG] _physics_process: plane and camera valid, updating camera
[DIAG] _physics_process: camera moved from (783.8939, 1905.516, -7.464447) to (783.4113, 1905.516, -5.11348)
[DIAG] _physics_process: IN_PLANE returning
[AUDIT] poll_forensic_hud: ENTER
[DIAG] _physics_process: ENTER, state=0
[DIAG] _physics_process: IN_PLANE branch entered
[DIAG] _physics_process: plane position updated to (782.9215, 1853.8, 164.4199)
[DIAG] _physics_process: checking camera follow
[DIAG] _physics_process: plane and camera valid, updating camera
[DIAG] _physics_process: camera moved from (783.4113, 1905.516, -5.11348) to (782.9215, 1905.516, -2.763992)
[DIAG] _physics_process: IN_PLANE returning
[AUDIT] poll_forensic_hud: ENTER
[DIAG] _physics_process: ENTER, state=0
[DIAG] _physics_process: IN_PLANE branch entered
[DIAG] _physics_process: plane position updated to (782.4247, 1853.8, 166.7679)
[DIAG] _physics_process: checking camera follow
[DIAG] _physics_process: plane and camera valid, updating camera
[DIAG] _physics_process: camera moved from (782.9215, 1905.516, -2.763992) to (782.4247, 1905.516, -0.41597)
[DIAG] _physics_process: IN_PLANE returning
[DIAG] _poll_controls: ENTER, state=0
[VERBATIM] POLL: _poll_controls() entered, game_state=0
[DIAG] _poll_controls: EXIT (IN_PLANE branch)
[AUDIT] poll_forensic_hud: ENTER
[DIAG] _physics_process: ENTER, state=0
[DIAG] _physics_process: IN_PLANE branch entered
[DIAG] _physics_process: plane position updated to (781.9209, 1853.8, 169.1144)
[DIAG] _physics_process: checking camera follow
[DIAG] _physics_process: plane and camera valid, updating camera
[DIAG] _physics_process: camera moved from (782.4247, 1905.516, -0.41597) to (781.9209, 1905.516, 1.930557)
[DIAG] _physics_process: IN_PLANE returning
[AUDIT] poll_forensic_hud: ENTER
[DIAG] _physics_process: ENTER, state=0
[DIAG] _physics_process: IN_PLANE branch entered
[DIAG] _physics_process: plane position updated to (781.41, 1853.8, 171.4594)
[DIAG] _physics_process: checking camera follow
[DIAG] _physics_process: plane and camera valid, updating camera
[DIAG] _physics_process: camera moved from (781.9209, 1905.516, 1.930557) to (781.41, 1905.516, 4.275558)
[DIAG] _physics_process: IN_PLANE returning
[DIAG] _poll_controls: ENTER, state=0
[VERBATIM] POLL: _poll_controls() entered, game_state=0
[DIAG] _poll_controls: EXIT (IN_PLANE branch)
[DEBUG] _input (build_terrain) called, event=InputEventMouseMotion: button_mask=0, position=((363.0, 1.0)), relative=((0.0, -5.0)), velocity=((0.0, -19.21765)), pressure=0.00, tilt=((0.0, 0.0)), pen_inverted=(false)
[AUDIT] poll_forensic_hud: ENTER
[DIAG] _physics_process: ENTER, state=0
[DIAG] _physics_process: IN_PLANE branch entered
[DIAG] _physics_process: plane position updated to (780.8922, 1853.8, 173.8029)
[DIAG] _physics_process: checking camera follow
[DIAG] _physics_process: plane and camera valid, updating camera
[DIAG] _physics_process: camera moved from (781.41, 1905.516, 4.275558) to (780.8922, 1905.516, 6.619003)
[DIAG] _physics_process: IN_PLANE returning
[AUDIT] poll_forensic_hud: ENTER
[DIAG] _physics_process: ENTER, state=0
[DIAG] _physics_process: IN_PLANE branch entered
[DIAG] _physics_process: plane position updated to (780.3672, 1853.8, 176.1448)
[DIAG] _physics_process: checking camera follow
[DIAG] _physics_process: plane and camera valid, updating camera
[DIAG] _physics_process: camera moved from (780.8922, 1905.516, 6.619003) to (780.3672, 1905.516, 8.960907)
[DIAG] _physics_process: IN_PLANE returning
[DIAG] _poll_controls: ENTER, state=0
[VERBATIM] POLL: _poll_controls() entered, game_state=0
[DIAG] _poll_controls: EXIT (IN_PLANE branch)
[DEBUG] _input (build_terrain) called, event=InputEventMouseMotion: button_mask=0, position=((363.0, 0.0)), relative=((0.0, -1.0)), velocity=((0.0, -19.21765)), pressure=0.00, tilt=((0.0, 0.0)), pen_inverted=(false)
[AUDIT] poll_forensic_hud: ENTER
[DIAG] _physics_process: ENTER, state=0
[DIAG] _physics_process: IN_PLANE branch entered
[DIAG] _physics_process: plane position updated to (779.8353, 1853.8, 178.4851)
[DIAG] _physics_process: checking camera follow
[DIAG] _physics_process: plane and camera valid, updating camera
[DIAG] _physics_process: camera moved from (780.3672, 1905.516, 8.960907) to (779.8353, 1905.516, 11.30121)
[DIAG] _physics_process: IN_PLANE returning
[AUDIT] poll_forensic_hud: ENTER
[DIAG] _physics_process: ENTER, state=0
[DIAG] _physics_process: IN_PLANE branch entered
[DIAG] _physics_process: plane position updated to (779.2963, 1853.8, 180.8238)
[DIAG] _physics_process: checking camera follow
[DIAG] _physics_process: plane and camera valid, updating camera
[DIAG] _physics_process: camera moved from (779.8353, 1905.516, 11.30121) to (779.2963, 1905.516, 13.63991)
[DIAG] _physics_process: IN_PLANE returning
[DIAG] _poll_controls: ENTER, state=0
[VERBATIM] POLL: _poll_controls() entered, game_state=0
[DIAG] _poll_controls: EXIT (IN_PLANE branch)
[AUDIT] poll_forensic_hud: ENTER
[DIAG] _physics_process: ENTER, state=0
[DIAG] _physics_process: IN_PLANE branch entered
[DIAG] _physics_process: plane position updated to (778.7504, 1853.8, 183.1609)
[DIAG] _physics_process: checking camera follow
[DIAG] _physics_process: plane and camera valid, updating camera
[DIAG] _physics_process: camera moved from (779.2963, 1905.516, 13.63991) to (778.7504, 1905.516, 15.97697)
[DIAG] _physics_process: IN_PLANE returning
[AUDIT] poll_forensic_hud: ENTER
[DIAG] _physics_process: ENTER, state=0
[DIAG] _physics_process: IN_PLANE branch entered
[DIAG] _physics_process: plane position updated to (778.1974, 1853.8, 185.4963)
[DIAG] _physics_process: checking camera follow
[DIAG] _physics_process: plane and camera valid, updating camera
[DIAG] _physics_process: camera moved from (778.7504, 1905.516, 15.97697) to (778.1974, 1905.516, 18.31239)
[DIAG] _physics_process: IN_PLANE returning
[DIAG] _poll_controls: ENTER, state=0
[VERBATIM] POLL: _poll_controls() entered, game_state=0
[DIAG] _poll_controls: EXIT (IN_PLANE branch)
[AUDIT] poll_forensic_hud: ENTER
[DIAG] _physics_process: ENTER, state=0
[DIAG] _physics_process: IN_PLANE branch entered
[DIAG] _physics_process: plane position updated to (777.6374, 1853.8, 187.83)
[DIAG] _physics_process: checking camera follow
[DIAG] _physics_process: plane and camera valid, updating camera
[DIAG] _physics_process: camera moved from (778.1974, 1905.516, 18.31239) to (777.6374, 1905.516, 20.64615)
[DIAG] _physics_process: IN_PLANE returning
[AUDIT] poll_forensic_hud: ENTER
[DIAG] _physics_process: ENTER, state=0
[DIAG] _physics_process: IN_PLANE branch entered
[DIAG] _physics_process: plane position updated to (777.0704, 1853.8, 190.1621)
[DIAG] _physics_process: checking camera follow
[DIAG] _physics_process: plane and camera valid, updating camera
[DIAG] _physics_process: camera moved from (777.6374, 1905.516, 20.64615) to (777.0704, 1905.516, 22.97821)
[DIAG] _physics_process: IN_PLANE returning
[AUDIT] poll_forensic_hud: ENTER
[DIAG] _physics_process: ENTER, state=0
[DIAG] _physics_process: IN_PLANE branch entered
[DIAG] _physics_process: plane position updated to (776.4964, 1853.8, 192.4924)
[DIAG] _physics_process: checking camera follow
[DIAG] _physics_process: plane and camera valid, updating camera
[DIAG] _physics_process: camera moved from (777.0704, 1905.516, 22.97821) to (776.4964, 1905.516, 25.30856)
[DIAG] _physics_process: IN_PLANE returning
[DIAG] _poll_controls: ENTER, state=0
[VERBATIM] POLL: _poll_controls() entered, game_state=0
[DIAG] _poll_controls: EXIT (IN_PLANE branch)
[AUDIT] poll_forensic_hud: ENTER
[DIAG] _physics_process: ENTER, state=0
[DIAG] _physics_process: IN_PLANE branch entered
[DIAG] _physics_process: plane position updated to (775.9154, 1853.8, 194.8211)
[DIAG] _physics_process: checking camera follow
[DIAG] _physics_process: plane and camera valid, updating camera
[DIAG] _physics_process: camera moved from (776.4964, 1905.516, 25.30856) to (775.9154, 1905.516, 27.63719)
[DIAG] _physics_process: IN_PLANE returning
[AUDIT] poll_forensic_hud: ENTER
[DIAG] _physics_process: ENTER, state=0
[DIAG] _physics_process: IN_PLANE branch entered
[DIAG] _physics_process: plane position updated to (775.3275, 1853.8, 197.1479)
[DIAG] _physics_process: checking camera follow
[DIAG] _physics_process: plane and camera valid, updating camera
[DIAG] _physics_process: camera moved from (775.9154, 1905.516, 27.63719) to (775.3275, 1905.516, 29.96405)
[DIAG] _physics_process: IN_PLANE returning
[DIAG] _poll_controls: ENTER, state=0
[VERBATIM] POLL: _poll_controls() entered, game_state=0
[DIAG] _poll_controls: EXIT (IN_PLANE branch)
[AUDIT] poll_forensic_hud: ENTER
[DIAG] _physics_process: ENTER, state=0
[DIAG] _physics_process: IN_PLANE branch entered
[DIAG] _physics_process: plane position updated to (774.7325, 1853.8, 199.473)
[DIAG] _physics_process: checking camera follow
[DIAG] _physics_process: plane and camera valid, updating camera
[DIAG] _physics_process: camera moved from (775.3275, 1905.516, 29.96405) to (774.7325, 1905.516, 32.28915)
[DIAG] _physics_process: IN_PLANE returning
[AUDIT] poll_forensic_hud: ENTER
[DIAG] _physics_process: ENTER, state=0
[DIAG] _physics_process: IN_PLANE branch entered
[DIAG] _physics_process: plane position updated to (774.1306, 1853.8, 201.7963)
[DIAG] _physics_process: checking camera follow
[DIAG] _physics_process: plane and camera valid, updating camera
[DIAG] _physics_process: camera moved from (774.7325, 1905.516, 32.28915) to (774.1306, 1905.516, 34.61244)
[DIAG] _physics_process: IN_PLANE returning
[DIAG] _poll_controls: ENTER, state=0
[VERBATIM] POLL: _poll_controls() entered, game_state=0
[DIAG] _poll_controls: EXIT (IN_PLANE branch)
[AUDIT] poll_forensic_hud: ENTER
[DIAG] _physics_process: ENTER, state=0
[DIAG] _physics_process: IN_PLANE branch entered
[DIAG] _physics_process: plane position updated to (773.5218, 1853.8, 204.1178)
[DIAG] _physics_process: checking camera follow
[DIAG] _physics_process: plane and camera valid, updating camera
[DIAG] _physics_process: camera moved from (774.1306, 1905.516, 34.61244) to (773.5218, 1905.516, 36.93393)
[DIAG] _physics_process: IN_PLANE returning
[AUDIT] poll_forensic_hud: ENTER
[DIAG] _physics_process: ENTER, state=0
[DIAG] _physics_process: IN_PLANE branch entered
[DIAG] _physics_process: plane position updated to (772.9059, 1853.8, 206.4375)
[DIAG] _physics_process: checking camera follow
[DIAG] _physics_process: plane and camera valid, updating camera
[DIAG] _physics_process: camera moved from (773.5218, 1905.516, 36.93393) to (772.9059, 1905.516, 39.25357)
[DIAG] _physics_process: IN_PLANE returning
[DIAG] _poll_controls: ENTER, state=0
[VERBATIM] POLL: _poll_controls() entered, game_state=0
[DIAG] _poll_controls: EXIT (IN_PLANE branch)
[AUDIT] poll_forensic_hud: ENTER
[DIAG] _physics_process: ENTER, state=0
[DIAG] _physics_process: IN_PLANE branch entered
[DIAG] _physics_process: plane position updated to (772.2831, 1853.8, 208.7552)
[DIAG] _physics_process: checking camera follow
[DIAG] _physics_process: plane and camera valid, updating camera
[DIAG] _physics_process: camera moved from (772.9059, 1905.516, 39.25357) to (772.2831, 1905.516, 41.57135)
[DIAG] _physics_process: IN_PLANE returning
[AUDIT] poll_forensic_hud: ENTER
[DIAG] _physics_process: ENTER, state=0
[DIAG] _physics_process: IN_PLANE branch entered
[DIAG] _physics_process: plane position updated to (771.6534, 1853.8, 211.0711)
[DIAG] _physics_process: checking camera follow
[DIAG] _physics_process: plane and camera valid, updating camera
[DIAG] _physics_process: camera moved from (772.2831, 1905.516, 41.57135) to (771.6534, 1905.516, 43.88725)
[DIAG] _physics_process: IN_PLANE returning
[AUDIT] poll_forensic_hud: ENTER
[DIAG] _physics_process: ENTER, state=0
[DIAG] _physics_process: IN_PLANE branch entered
[DIAG] _physics_process: plane position updated to (771.0167, 1853.8, 213.3851)
[DIAG] _physics_process: checking camera follow
[DIAG] _physics_process: plane and camera valid, updating camera
[DIAG] _physics_process: camera moved from (771.6534, 1905.516, 43.88725) to (771.0167, 1905.516, 46.20126)
[DIAG] _physics_process: IN_PLANE returning
[DIAG] _poll_controls: ENTER, state=0
[VERBATIM] POLL: _poll_controls() entered, game_state=0
[DIAG] _poll_controls: EXIT (IN_PLANE branch)
[AUDIT] poll_forensic_hud: ENTER
[DIAG] _physics_process: ENTER, state=0
[DIAG] _physics_process: IN_PLANE branch entered
[DIAG] _physics_process: plane position updated to (770.3731, 1853.8, 215.6972)
[DIAG] _physics_process: checking camera follow
[DIAG] _physics_process: plane and camera valid, updating camera
[DIAG] _physics_process: camera moved from (771.0167, 1905.516, 46.20126) to (770.3731, 1905.516, 48.51335)
[DIAG] _physics_process: IN_PLANE returning
[AUDIT] poll_forensic_hud: ENTER
[DIAG] _physics_process: ENTER, state=0
[DIAG] _physics_process: IN_PLANE branch entered
[DIAG] _physics_process: plane position updated to (769.7225, 1853.8, 218.0074)
[DIAG] _physics_process: checking camera follow
[DIAG] _physics_process: plane and camera valid, updating camera
[DIAG] _physics_process: camera moved from (770.3731, 1905.516, 48.51335) to (769.7225, 1905.516, 50.8235)
[DIAG] _physics_process: IN_PLANE returning
[DIAG] _poll_controls: ENTER, state=0
[VERBATIM] POLL: _poll_controls() entered, game_state=0
[DIAG] _poll_controls: EXIT (IN_PLANE branch)
[AUDIT] poll_forensic_hud: ENTER
[DIAG] _physics_process: ENTER, state=0
[DIAG] _physics_process: IN_PLANE branch entered
[DIAG] _physics_process: plane position updated to (769.0651, 1853.8, 220.3156)
[DIAG] _physics_process: checking camera follow
[DIAG] _physics_process: plane and camera valid, updating camera
[DIAG] _physics_process: camera moved from (769.7225, 1905.516, 50.8235) to (769.0651, 1905.516, 53.13168)
[DIAG] _physics_process: IN_PLANE returning
[AUDIT] poll_forensic_hud: ENTER
[DIAG] _physics_process: ENTER, state=0
[DIAG] _physics_process: IN_PLANE branch entered
[DIAG] _physics_process: plane position updated to (768.4006, 1853.8, 222.6218)
[DIAG] _physics_process: checking camera follow
[DIAG] _physics_process: plane and camera valid, updating camera
[DIAG] _physics_process: camera moved from (769.0651, 1905.516, 53.13168) to (768.4006, 1905.516, 55.43788)
[DIAG] _physics_process: IN_PLANE returning
[DIAG] _poll_controls: ENTER, state=0
[VERBATIM] POLL: _poll_controls() entered, game_state=0
[DIAG] _poll_controls: EXIT (IN_PLANE branch)
[AUDIT] poll_forensic_hud: ENTER
[DIAG] _physics_process: ENTER, state=0
[DIAG] _physics_process: IN_PLANE branch entered
[DIAG] _physics_process: plane position updated to (767.7293, 1853.8, 224.926)
[DIAG] _physics_process: checking camera follow
[DIAG] _physics_process: plane and camera valid, updating camera
[DIAG] _physics_process: camera moved from (768.4006, 1905.516, 55.43788) to (767.7293, 1905.516, 57.74208)
[DIAG] _physics_process: IN_PLANE returning
[AUDIT] poll_forensic_hud: ENTER
[DIAG] _physics_process: ENTER, state=0
[DIAG] _physics_process: IN_PLANE branch entered
[DIAG] _physics_process: plane position updated to (767.0511, 1853.8, 227.2281)
[DIAG] _physics_process: checking camera follow
[DIAG] _physics_process: plane and camera valid, updating camera
[DIAG] _physics_process: camera moved from (767.7293, 1905.516, 57.74208) to (767.0511, 1905.516, 60.04425)
[DIAG] _physics_process: IN_PLANE returning
[DIAG] _poll_controls: ENTER, state=0
[VERBATIM] POLL: _poll_controls() entered, game_state=0
[DIAG] _poll_controls: EXIT (IN_PLANE branch)
[AUDIT] poll_forensic_hud: ENTER
[DIAG] _physics_process: ENTER, state=0
[DIAG] _physics_process: IN_PLANE branch entered
[DIAG] _physics_process: plane position updated to (766.366, 1853.8, 229.5283)
[DIAG] _physics_process: checking camera follow
[DIAG] _physics_process: plane and camera valid, updating camera
[DIAG] _physics_process: camera moved from (767.0511, 1905.516, 60.04425) to (766.366, 1905.516, 62.34438)
[DIAG] _physics_process: IN_PLANE returning
[AUDIT] poll_forensic_hud: ENTER
[DIAG] _physics_process: ENTER, state=0
[DIAG] _physics_process: IN_PLANE branch entered
[DIAG] _physics_process: plane position updated to (765.674, 1853.8, 231.8263)
[DIAG] _physics_process: checking camera follow
[DIAG] _physics_process: plane and camera valid, updating camera
[DIAG] _physics_process: camera moved from (766.366, 1905.516, 62.34438) to (765.674, 1905.516, 64.64244)
[DIAG] _physics_process: IN_PLANE returning
[DIAG] _poll_controls: ENTER, state=0
[VERBATIM] POLL: _poll_controls() entered, game_state=0
[DIAG] _poll_controls: EXIT (IN_PLANE branch)
[AUDIT] poll_forensic_hud: ENTER
[DIAG] _physics_process: ENTER, state=0
[DIAG] _physics_process: IN_PLANE branch entered
[DIAG] _physics_process: plane position updated to (764.975, 1853.8, 234.1223)
[DIAG] _physics_process: checking camera follow
[DIAG] _physics_process: plane and camera valid, updating camera
[DIAG] _physics_process: camera moved from (765.674, 1905.516, 64.64244) to (764.975, 1905.516, 66.93842)
[DIAG] _physics_process: IN_PLANE returning
[AUDIT] poll_forensic_hud: ENTER
[DIAG] _physics_process: ENTER, state=0
[DIAG] _physics_process: IN_PLANE branch entered
[DIAG] _physics_process: plane position updated to (764.2692, 1853.8, 236.4162)
[DIAG] _physics_process: checking camera follow
[DIAG] _physics_process: plane and camera valid, updating camera
[DIAG] _physics_process: camera moved from (764.975, 1905.516, 66.93842) to (764.2692, 1905.516, 69.23228)
[DIAG] _physics_process: IN_PLANE returning
[DIAG] _poll_controls: ENTER, state=0
[VERBATIM] POLL: _poll_controls() entered, game_state=0
[DIAG] _poll_controls: EXIT (IN_PLANE branch)
[AUDIT] poll_forensic_hud: ENTER
[DIAG] _physics_process: ENTER, state=0
[DIAG] _physics_process: IN_PLANE branch entered
[DIAG] _physics_process: plane position updated to (763.5565, 1853.8, 238.7079)
[DIAG] _physics_process: checking camera follow
[DIAG] _physics_process: plane and camera valid, updating camera
[DIAG] _physics_process: camera moved from (764.2692, 1905.516, 69.23228) to (763.5565, 1905.516, 71.52402)
[DIAG] _physics_process: IN_PLANE returning
[AUDIT] poll_forensic_hud: ENTER
[DIAG] _physics_process: ENTER, state=0
[DIAG] _physics_process: IN_PLANE branch entered
[DIAG] _physics_process: plane position updated to (762.837, 1853.8, 240.9975)
[DIAG] _physics_process: checking camera follow
[DIAG] _physics_process: plane and camera valid, updating camera
[DIAG] _physics_process: camera moved from (763.5565, 1905.516, 71.52402) to (762.837, 1905.516, 73.81361)
[DIAG] _physics_process: IN_PLANE returning
[AUDIT] poll_forensic_hud: ENTER
[DIAG] _physics_process: ENTER, state=0
[DIAG] _physics_process: IN_PLANE branch entered
[DIAG] _physics_process: plane position updated to (762.1105, 1853.8, 243.2849)
[DIAG] _physics_process: checking camera follow
[DIAG] _physics_process: plane and camera valid, updating camera
[DIAG] _physics_process: camera moved from (762.837, 1905.516, 73.81361) to (762.1105, 1905.516, 76.10104)
[DIAG] _physics_process: IN_PLANE returning
[DIAG] _poll_controls: ENTER, state=0
[VERBATIM] POLL: _poll_controls() entered, game_state=0
[DIAG] _poll_controls: EXIT (IN_PLANE branch)
[AUDIT] poll_forensic_hud: ENTER
[DIAG] _physics_process: ENTER, state=0
[DIAG] _physics_process: IN_PLANE branch entered
[DIAG] _physics_process: plane position updated to (761.3773, 1853.8, 245.5702)
[DIAG] _physics_process: checking camera follow
[DIAG] _physics_process: plane and camera valid, updating camera
[DIAG] _physics_process: camera moved from (762.1105, 1905.516, 76.10104) to (761.3773, 1905.516, 78.38628)
[DIAG] _physics_process: IN_PLANE returning
[AUDIT] poll_forensic_hud: ENTER
[DIAG] _physics_process: ENTER, state=0
[DIAG] _physics_process: IN_PLANE branch entered
[DIAG] _physics_process: plane position updated to (760.6371, 1853.8, 247.8532)
[DIAG] _physics_process: checking camera follow
[DIAG] _physics_process: plane and camera valid, updating camera
[DIAG] _physics_process: camera moved from (761.3773, 1905.516, 78.38628) to (760.6371, 1905.516, 80.6693)
[DIAG] _physics_process: IN_PLANE returning
[DIAG] _poll_controls: ENTER, state=0
[VERBATIM] POLL: _poll_controls() entered, game_state=0
[DIAG] _poll_controls: EXIT (IN_PLANE branch)
[AUDIT] poll_forensic_hud: ENTER
[DIAG] _physics_process: ENTER, state=0
[DIAG] _physics_process: IN_PLANE branch entered
[DIAG] _physics_process: plane position updated to (759.8901, 1853.8, 250.134)
[DIAG] _physics_process: checking camera follow
[DIAG] _physics_process: plane and camera valid, updating camera
[DIAG] _physics_process: camera moved from (760.6371, 1905.516, 80.6693) to (759.8901, 1905.516, 82.95009)
[DIAG] _physics_process: IN_PLANE returning
[AUDIT] poll_forensic_hud: ENTER
[DIAG] _physics_process: ENTER, state=0
[DIAG] _physics_process: IN_PLANE branch entered
[DIAG] _physics_process: plane position updated to (759.1363, 1853.8, 252.4125)
[DIAG] _physics_process: checking camera follow
[DIAG] _physics_process: plane and camera valid, updating camera
[DIAG] _physics_process: camera moved from (759.8901, 1905.516, 82.95009) to (759.1363, 1905.516, 85.22862)
[DIAG] _physics_process: IN_PLANE returning
[DIAG] _poll_controls: ENTER, state=0
[VERBATIM] POLL: _poll_controls() entered, game_state=0
[DIAG] _poll_controls: EXIT (IN_PLANE branch)
[AUDIT] poll_forensic_hud: ENTER
[DIAG] _physics_process: ENTER, state=0
[DIAG] _physics_process: IN_PLANE branch entered
[DIAG] _physics_process: plane position updated to (758.3757, 1853.8, 254.6888)
[DIAG] _physics_process: checking camera follow
[DIAG] _physics_process: plane and camera valid, updating camera
[DIAG] _physics_process: camera moved from (759.1363, 1905.516, 85.22862) to (758.3757, 1905.516, 87.5049)
[DIAG] _physics_process: IN_PLANE returning
[AUDIT] poll_forensic_hud: ENTER
[DIAG] _physics_process: ENTER, state=0
[DIAG] _physics_process: IN_PLANE branch entered
[DIAG] _physics_process: plane position updated to (757.6082, 1853.8, 256.9628)
[DIAG] _physics_process: checking camera follow
[DIAG] _physics_process: plane and camera valid, updating camera
[DIAG] _physics_process: camera moved from (758.3757, 1905.516, 87.5049) to (757.6082, 1905.516, 89.77888)
[DIAG] _physics_process: IN_PLANE returning
[DIAG] _poll_controls: ENTER, state=0
[VERBATIM] POLL: _poll_controls() entered, game_state=0
[DIAG] _poll_controls: EXIT (IN_PLANE branch)
[AUDIT] poll_forensic_hud: ENTER
[DIAG] _physics_process: ENTER, state=0
[DIAG] _physics_process: IN_PLANE branch entered
[DIAG] _physics_process: plane position updated to (756.8339, 1853.8, 259.2344)
[DIAG] _physics_process: checking camera follow
[DIAG] _physics_process: plane and camera valid, updating camera
[DIAG] _physics_process: camera moved from (757.6082, 1905.516, 89.77888) to (756.8339, 1905.516, 92.05055)
[DIAG] _physics_process: IN_PLANE returning
[AUDIT] poll_forensic_hud: ENTER
[DIAG] _physics_process: ENTER, state=0
[DIAG] _physics_process: IN_PLANE branch entered
[DIAG] _physics_process: plane position updated to (756.0528, 1853.8, 261.5038)
[DIAG] _physics_process: checking camera follow
[DIAG] _physics_process: plane and camera valid, updating camera
[DIAG] _physics_process: camera moved from (756.8339, 1905.516, 92.05055) to (756.0528, 1905.516, 94.31987)
[DIAG] _physics_process: IN_PLANE returning
[DIAG] _poll_controls: ENTER, state=0
[VERBATIM] POLL: _poll_controls() entered, game_state=0
[DIAG] _poll_controls: EXIT (IN_PLANE branch)
[DEBUG] _input (build_terrain) called, event=InputEventMouseMotion: button_mask=0, position=((383.0, 12.0)), relative=((20.0, 12.0)), velocity=((0.0, -9.215458)), pressure=0.00, tilt=((0.0, 0.0)), pen_inverted=(false)
[AUDIT] poll_forensic_hud: ENTER
[DIAG] _physics_process: ENTER, state=0
[DIAG] _physics_process: IN_PLANE branch entered
[DIAG] _physics_process: plane position updated to (755.2648, 1853.8, 263.7707)
[DIAG] _physics_process: checking camera follow
[DIAG] _physics_process: plane and camera valid, updating camera
[DIAG] _physics_process: camera moved from (756.0528, 1905.516, 94.31987) to (755.2648, 1905.516, 96.58684)
[DIAG] _physics_process: IN_PLANE returning
[AUDIT] poll_forensic_hud: ENTER
[DIAG] _physics_process: ENTER, state=0
[DIAG] _physics_process: IN_PLANE branch entered
[DIAG] _physics_process: plane position updated to (754.4702, 1853.8, 266.0353)
[DIAG] _physics_process: checking camera follow
[DIAG] _physics_process: plane and camera valid, updating camera
[DIAG] _physics_process: camera moved from (755.2648, 1905.516, 96.58684) to (754.4702, 1905.516, 98.85146)
[DIAG] _physics_process: IN_PLANE returning
[DIAG] _poll_controls: ENTER, state=0
[VERBATIM] POLL: _poll_controls() entered, game_state=0
[DIAG] _poll_controls: EXIT (IN_PLANE branch)
[DEBUG] _input (build_terrain) called, event=InputEventMouseMotion: button_mask=0, position=((398.0, 76.0)), relative=((15.0, 64.0)), velocity=((0.0, -9.215458)), pressure=0.00, tilt=((0.0, 0.0)), pen_inverted=(false)
[AUDIT] poll_forensic_hud: ENTER
[DIAG] _physics_process: ENTER, state=0
[DIAG] _physics_process: IN_PLANE branch entered
[DIAG] _physics_process: plane position updated to (753.6686, 1853.8, 268.2975)
[DIAG] _physics_process: checking camera follow
[DIAG] _physics_process: plane and camera valid, updating camera
[DIAG] _physics_process: camera moved from (754.4702, 1905.516, 98.85146) to (753.6686, 1905.516, 101.1137)
[DIAG] _physics_process: IN_PLANE returning
[AUDIT] poll_forensic_hud: ENTER
[DIAG] _physics_process: ENTER, state=0
[DIAG] _physics_process: IN_PLANE branch entered
[DIAG] _physics_process: plane position updated to (752.8604, 1853.8, 270.5573)
[DIAG] _physics_process: checking camera follow
[DIAG] _physics_process: plane and camera valid, updating camera
[DIAG] _physics_process: camera moved from (753.6686, 1905.516, 101.1137) to (752.8604, 1905.516, 103.3735)
[DIAG] _physics_process: IN_PLANE returning
[DIAG] _poll_controls: ENTER, state=0
[VERBATIM] POLL: _poll_controls() entered, game_state=0
[DIAG] _poll_controls: EXIT (IN_PLANE branch)
[DEBUG] _input (build_terrain) called, event=InputEventMouseMotion: button_mask=0, position=((407.0, 144.0)), relative=((9.0, 68.0)), velocity=((0.0, -9.215458)), pressure=0.00, tilt=((0.0, 0.0)), pen_inverted=(false)
[AUDIT] poll_forensic_hud: ENTER
[DIAG] _physics_process: ENTER, state=0
[DIAG] _physics_process: IN_PLANE branch entered
[DIAG] _physics_process: plane position updated to (752.0453, 1853.8, 272.8147)
[DIAG] _physics_process: checking camera follow
[DIAG] _physics_process: plane and camera valid, updating camera
[DIAG] _physics_process: camera moved from (752.8604, 1905.516, 103.3735) to (752.0453, 1905.516, 105.6308)
[DIAG] _physics_process: IN_PLANE returning
[AUDIT] poll_forensic_hud: ENTER
[DIAG] _physics_process: ENTER, state=0
[DIAG] _physics_process: IN_PLANE branch entered
[DIAG] _physics_process: plane position updated to (751.2234, 1853.8, 275.0696)
[DIAG] _physics_process: checking camera follow
[DIAG] _physics_process: plane and camera valid, updating camera
[DIAG] _physics_process: camera moved from (752.0453, 1905.516, 105.6308) to (751.2234, 1905.516, 107.8857)
[DIAG] _physics_process: IN_PLANE returning
[AUDIT] poll_forensic_hud: ENTER
[DIAG] _physics_process: ENTER, state=0
[DIAG] _physics_process: IN_PLANE branch entered
[DIAG] _physics_process: plane position updated to (750.3949, 1853.8, 277.322)
[DIAG] _physics_process: checking camera follow
[DIAG] _physics_process: plane and camera valid, updating camera
[DIAG] _physics_process: camera moved from (751.2234, 1905.516, 107.8857) to (750.3949, 1905.516, 110.1381)
[DIAG] _physics_process: IN_PLANE returning
[DIAG] _poll_controls: ENTER, state=0
[VERBATIM] POLL: _poll_controls() entered, game_state=0
[DIAG] _poll_controls: EXIT (IN_PLANE branch)
[DEBUG] _input (build_terrain) called, event=InputEventMouseMotion: button_mask=0, position=((411.0, 236.0)), relative=((4.0, 92.0)), velocity=((420.144, 1375.017)), pressure=0.00, tilt=((0.0, 0.0)), pen_inverted=(false)
[AUDIT] poll_forensic_hud: ENTER
[DIAG] _physics_process: ENTER, state=0
[DIAG] _physics_process: IN_PLANE branch entered
[DIAG] _physics_process: plane position updated to (749.5596, 1853.8, 279.572)
[DIAG] _physics_process: checking camera follow
[DIAG] _physics_process: plane and camera valid, updating camera
[DIAG] _physics_process: camera moved from (750.3949, 1905.516, 110.1381) to (749.5596, 1905.516, 112.3881)
[DIAG] _physics_process: IN_PLANE returning
[AUDIT] poll_forensic_hud: ENTER
[DIAG] _physics_process: ENTER, state=0
[DIAG] _physics_process: IN_PLANE branch entered
[DIAG] _physics_process: plane position updated to (748.7175, 1853.8, 281.8194)
[DIAG] _physics_process: checking camera follow
[DIAG] _physics_process: plane and camera valid, updating camera
[DIAG] _physics_process: camera moved from (749.5596, 1905.516, 112.3881) to (748.7175, 1905.516, 114.6355)
[DIAG] _physics_process: IN_PLANE returning
[DIAG] _poll_controls: ENTER, state=0
[VERBATIM] POLL: _poll_controls() entered, game_state=0
[DIAG] _poll_controls: EXIT (IN_PLANE branch)
[VERBATIM] Wind updated: 12.5 kts @ 240.0°
[AUTO-START] Deployed via timer.
[DEBUG] _input (build_terrain) called, event=InputEventMouseMotion: button_mask=0, position=((411.0, 347.0)), relative=((0.0, 111.0)), velocity=((420.144, 1375.017)), pressure=0.00, tilt=((0.0, 0.0)), pen_inverted=(false)
[AUDIT] poll_forensic_hud: ENTER
[PIPLIVE] eye=(100.0, 1830.5, -100.0) state=0 deployed=false framing=aircraft/sky
[DIAG] _physics_process: ENTER, state=0
[DIAG] _physics_process: IN_PLANE branch entered
[DIAG] _physics_process: plane position updated to (747.8687, 1853.8, 284.0643)
[DIAG] _physics_process: checking camera follow
[DIAG] _physics_process: plane and camera valid, updating camera
[DIAG] _physics_process: camera moved from (748.7175, 1905.516, 114.6355) to (747.8687, 1905.516, 116.8804)
[DIAG] _physics_process: IN_PLANE returning
[AUDIT] poll_forensic_hud: ENTER
[DIAG] _physics_process: ENTER, state=0
[DIAG] _physics_process: IN_PLANE branch entered
[DIAG] _physics_process: plane position updated to (747.0131, 1853.8, 286.3066)
[DIAG] _physics_process: checking camera follow
[DIAG] _physics_process: plane and camera valid, updating camera
[DIAG] _physics_process: camera moved from (747.8687, 1905.516, 116.8804) to (747.0131, 1905.516, 119.1227)
[DIAG] _physics_process: IN_PLANE returning
[DIAG] _poll_controls: ENTER, state=0
[VERBATIM] POLL: _poll_controls() entered, game_state=0
[DIAG] _poll_controls: EXIT (IN_PLANE branch)
[DEBUG] _input (build_terrain) called, event=InputEventMouseMotion: button_mask=0, position=((418.0, 391.0)), relative=((7.0, 44.0)), velocity=((420.144, 1375.017)), pressure=0.00, tilt=((0.0, 0.0)), pen_inverted=(false)
[AUDIT] poll_forensic_hud: ENTER
[DIAG] _physics_process: ENTER, state=0
[DIAG] _physics_process: IN_PLANE branch entered
[DIAG] _physics_process: plane position updated to (746.1508, 1853.8, 288.5463)
[DIAG] _physics_process: checking camera follow
[DIAG] _physics_process: plane and camera valid, updating camera
[DIAG] _physics_process: camera moved from (747.0131, 1905.516, 119.1227) to (746.1508, 1905.516, 121.3624)
[DIAG] _physics_process: IN_PLANE returning
[AUDIT] poll_forensic_hud: ENTER
[DIAG] _physics_process: ENTER, state=0
[DIAG] _physics_process: IN_PLANE branch entered
[DIAG] _physics_process: plane position updated to (745.2818, 1853.8, 290.7835)
[DIAG] _physics_process: checking camera follow
[DIAG] _physics_process: plane and camera valid, updating camera
[DIAG] _physics_process: camera moved from (746.1508, 1905.516, 121.3624) to (745.2818, 1905.516, 123.5996)
[DIAG] _physics_process: IN_PLANE returning
[DIAG] _poll_controls: ENTER, state=0
[VERBATIM] POLL: _poll_controls() entered, game_state=0
[DIAG] _poll_controls: EXIT (IN_PLANE branch)
[DEBUG] _input (build_terrain) called, event=InputEventMouseMotion: button_mask=0, position=((419.0, 399.0)), relative=((1.0, 8.0)), velocity=((102.8162, 2308.692)), pressure=0.00, tilt=((0.0, 0.0)), pen_inverted=(false)
[AUDIT] poll_forensic_hud: ENTER
[DIAG] _physics_process: ENTER, state=0
[DIAG] _physics_process: IN_PLANE branch entered
[DIAG] _physics_process: plane position updated to (744.4061, 1853.8, 293.018)
[DIAG] _physics_process: checking camera follow
[DIAG] _physics_process: plane and camera valid, updating camera
[DIAG] _physics_process: camera moved from (745.2818, 1905.516, 123.5996) to (744.4061, 1905.516, 125.8342)
[DIAG] _physics_process: IN_PLANE returning
[AUDIT] poll_forensic_hud: ENTER
[DIAG] _physics_process: ENTER, state=0
[DIAG] _physics_process: IN_PLANE branch entered
[DIAG] _physics_process: plane position updated to (743.5237, 1853.8, 295.2499)
[DIAG] _physics_process: checking camera follow
[DIAG] _physics_process: plane and camera valid, updating camera
[DIAG] _physics_process: camera moved from (744.4061, 1905.516, 125.8342) to (743.5237, 1905.516, 128.066)
[DIAG] _physics_process: IN_PLANE returning
[DIAG] _poll_controls: ENTER, state=0
[VERBATIM] POLL: _poll_controls() entered, game_state=0
[DIAG] _poll_controls: EXIT (IN_PLANE branch)
[AUDIT] poll_forensic_hud: ENTER
[DIAG] _physics_process: ENTER, state=0
[DIAG] _physics_process: IN_PLANE branch entered
[DIAG] _physics_process: plane position updated to (742.6346, 1853.8, 297.4792)
[DIAG] _physics_process: checking camera follow
[DIAG] _physics_process: plane and camera valid, updating camera
[DIAG] _physics_process: camera moved from (743.5237, 1905.516, 128.066) to (742.6346, 1905.516, 130.2953)
[DIAG] _physics_process: IN_PLANE returning
[AUDIT] poll_forensic_hud: ENTER
[DIAG] _physics_process: ENTER, state=0
[DIAG] _physics_process: IN_PLANE branch entered
[DIAG] _physics_process: plane position updated to (741.7388, 1853.8, 299.7057)
[DIAG] _physics_process: checking camera follow
[DIAG] _physics_process: plane and camera valid, updating camera
[DIAG] _physics_process: camera moved from (742.6346, 1905.516, 130.2953) to (741.7388, 1905.516, 132.5218)
[DIAG] _physics_process: IN_PLANE returning
[DIAG] _poll_controls: ENTER, state=0
[VERBATIM] POLL: _poll_controls() entered, game_state=0
[DIAG] _poll_controls: EXIT (IN_PLANE branch)
[AUDIT] poll_forensic_hud: ENTER
[DIAG] _physics_process: ENTER, state=0
[DIAG] _physics_process: IN_PLANE branch entered
[DIAG] _physics_process: plane position updated to (740.8364, 1853.8, 301.9296)
[DIAG] _physics_process: checking camera follow
[DIAG] _physics_process: plane and camera valid, updating camera
[DIAG] _physics_process: camera moved from (741.7388, 1905.516, 132.5218) to (740.8364, 1905.516, 134.7457)
[DIAG] _physics_process: IN_PLANE returning
[AUDIT] poll_forensic_hud: ENTER
[DIAG] _physics_process: ENTER, state=0
[DIAG] _physics_process: IN_PLANE branch entered
[DIAG] _physics_process: plane position updated to (739.9272, 1853.8, 304.1507)
[DIAG] _physics_process: checking camera follow
[DIAG] _physics_process: plane and camera valid, updating camera
[DIAG] _physics_process: camera moved from (740.8364, 1905.516, 134.7457) to (739.9272, 1905.516, 136.9668)
[DIAG] _physics_process: IN_PLANE returning
[DIAG] _poll_controls: ENTER, state=0
[VERBATIM] POLL: _poll_controls() entered, game_state=0
[DIAG] _poll_controls: EXIT (IN_PLANE branch)
[AUDIT] poll_forensic_hud: ENTER
[DIAG] _physics_process: ENTER, state=0
[DIAG] _physics_process: IN_PLANE branch entered
[DIAG] _physics_process: plane position updated to (739.0115, 1853.8, 306.3691)
[DIAG] _physics_process: checking camera follow
[DIAG] _physics_process: plane and camera valid, updating camera
[DIAG] _physics_process: camera moved from (739.9272, 1905.516, 136.9668) to (739.0115, 1905.516, 139.1853)
[DIAG] _physics_process: IN_PLANE returning
[AUDIT] poll_forensic_hud: ENTER
[DIAG] _physics_process: ENTER, state=0
[DIAG] _physics_process: IN_PLANE branch entered
[DIAG] _physics_process: plane position updated to (738.0891, 1853.8, 308.5848)
[DIAG] _physics_process: checking camera follow
[DIAG] _physics_process: plane and camera valid, updating camera
[DIAG] _physics_process: camera moved from (739.0115, 1905.516, 139.1853) to (738.0891, 1905.516, 141.4009)
[DIAG] _physics_process: IN_PLANE returning
[DIAG] _poll_controls: ENTER, state=0
[VERBATIM] POLL: _poll_controls() entered, game_state=0
[DIAG] _poll_controls: EXIT (IN_PLANE branch)
[DEBUG] _input (build_terrain) called, event=InputEventMouseMotion: button_mask=0, position=((427.0, 390.0)), relative=((8.0, -9.0)), velocity=((7.134551, 57.07641)), pressure=0.00, tilt=((0.0, 0.0)), pen_inverted=(false)
[AUDIT] poll_forensic_hud: ENTER
[DIAG] _physics_process: ENTER, state=0
[DIAG] _physics_process: IN_PLANE branch entered
[DIAG] _physics_process: plane position updated to (737.16, 1853.8, 310.7977)
[DIAG] _physics_process: checking camera follow
[DIAG] _physics_process: plane and camera valid, updating camera
[DIAG] _physics_process: camera moved from (738.0891, 1905.516, 141.4009) to (737.16, 1905.516, 143.6138)
[DIAG] _physics_process: IN_PLANE returning
[AUDIT] poll_forensic_hud: ENTER
[DIAG] _physics_process: ENTER, state=0
[DIAG] _physics_process: IN_PLANE branch entered
[DIAG] _physics_process: plane position updated to (736.2242, 1853.8, 313.0078)
[DIAG] _physics_process: checking camera follow
[DIAG] _physics_process: plane and camera valid, updating camera
[DIAG] _physics_process: camera moved from (737.16, 1905.516, 143.6138) to (736.2242, 1905.516, 145.8239)
[DIAG] _physics_process: IN_PLANE returning
[DIAG] _poll_controls: ENTER, state=0
[VERBATIM] POLL: _poll_controls() entered, game_state=0
[DIAG] _poll_controls: EXIT (IN_PLANE branch)
[DEBUG] _input (build_terrain) called, event=InputEventMouseMotion: button_mask=0, position=((441.0, 370.0)), relative=((14.0, -20.0)), velocity=((7.134551, 57.07641)), pressure=0.00, tilt=((0.0, 0.0)), pen_inverted=(false)
[AUDIT] poll_forensic_hud: ENTER
[DIAG] _physics_process: ENTER, state=0
[DIAG] _physics_process: IN_PLANE branch entered
[DIAG] _physics_process: plane position updated to (735.2819, 1853.8, 315.215)
[DIAG] _physics_process: checking camera follow
[DIAG] _physics_process: plane and camera valid, updating camera
[DIAG] _physics_process: camera moved from (736.2242, 1905.516, 145.8239) to (735.2819, 1905.516, 148.0311)
[DIAG] _physics_process: IN_PLANE returning
[AUDIT] poll_forensic_hud: ENTER
[DIAG] _physics_process: ENTER, state=0
[DIAG] _physics_process: IN_PLANE branch entered
[DIAG] _physics_process: plane position updated to (734.3329, 1853.8, 317.4194)
[DIAG] _physics_process: checking camera follow
[DIAG] _physics_process: plane and camera valid, updating camera
[DIAG] _physics_process: camera moved from (735.2819, 1905.516, 148.0311) to (734.3329, 1905.516, 150.2355)
[DIAG] _physics_process: IN_PLANE returning
[DIAG] _poll_controls: ENTER, state=0
[VERBATIM] POLL: _poll_controls() entered, game_state=0
[DIAG] _poll_controls: EXIT (IN_PLANE branch)
[DEBUG] _input (build_terrain) called, event=InputEventMouseMotion: button_mask=0, position=((462.0, 343.0)), relative=((21.0, -27.0)), velocity=((7.134551, 57.07641)), pressure=0.00, tilt=((0.0, 0.0)), pen_inverted=(false)
[AUDIT] poll_forensic_hud: ENTER
[DIAG] _physics_process: ENTER, state=0
[DIAG] _physics_process: IN_PLANE branch entered
[DIAG] _physics_process: plane position updated to (733.3774, 1853.8, 319.621)
[DIAG] _physics_process: checking camera follow
[DIAG] _physics_process: plane and camera valid, updating camera
[DIAG] _physics_process: camera moved from (734.3329, 1905.516, 150.2355) to (733.3774, 1905.516, 152.4371)
[DIAG] _physics_process: IN_PLANE returning
[AUDIT] poll_forensic_hud: ENTER
[DIAG] _physics_process: ENTER, state=0
[DIAG] _physics_process: IN_PLANE branch entered
[DIAG] _physics_process: plane position updated to (732.4152, 1853.8, 321.8197)
[DIAG] _physics_process: checking camera follow
[DIAG] _physics_process: plane and camera valid, updating camera
[DIAG] _physics_process: camera moved from (733.3774, 1905.516, 152.4371) to (732.4152, 1905.516, 154.6358)
[DIAG] _physics_process: IN_PLANE returning
[AUDIT] poll_forensic_hud: ENTER
[DIAG] _physics_process: ENTER, state=0
[DIAG] _physics_process: IN_PLANE branch entered
[DIAG] _physics_process: plane position updated to (731.4465, 1853.8, 324.0155)
[DIAG] _physics_process: checking camera follow
[DIAG] _physics_process: plane and camera valid, updating camera
[DIAG] _physics_process: camera moved from (732.4152, 1905.516, 154.6358) to (731.4465, 1905.516, 156.8316)
[DIAG] _physics_process: IN_PLANE returning
[DIAG] _poll_controls: ENTER, state=0
[VERBATIM] POLL: _poll_controls() entered, game_state=0
[DIAG] _poll_controls: EXIT (IN_PLANE branch)
[DEBUG] _input (build_terrain) called, event=InputEventMouseMotion: button_mask=0, position=((471.0, 335.0)), relative=((9.0, -8.0)), velocity=((411.499, -535.9056)), pressure=0.00, tilt=((0.0, 0.0)), pen_inverted=(false)
[AUDIT] poll_forensic_hud: ENTER
[DIAG] _physics_process: ENTER, state=0
[DIAG] _physics_process: IN_PLANE branch entered
[DIAG] _physics_process: plane position updated to (730.4711, 1853.8, 326.2084)
[DIAG] _physics_process: checking camera follow
[DIAG] _physics_process: plane and camera valid, updating camera
[DIAG] _physics_process: camera moved from (731.4465, 1905.516, 156.8316) to (730.4711, 1905.516, 159.0245)
[DIAG] _physics_process: IN_PLANE returning
[AUDIT] poll_forensic_hud: ENTER
[DIAG] _physics_process: ENTER, state=0
[DIAG] _physics_process: IN_PLANE branch entered
[DIAG] _physics_process: plane position updated to (729.4893, 1853.8, 328.3983)
[DIAG] _physics_process: checking camera follow
[DIAG] _physics_process: plane and camera valid, updating camera
[DIAG] _physics_process: camera moved from (730.4711, 1905.516, 159.0245) to (729.4893, 1905.516, 161.2144)
[DIAG] _physics_process: IN_PLANE returning
[DIAG] _poll_controls: ENTER, state=0
[VERBATIM] POLL: _poll_controls() entered, game_state=0
[DIAG] _poll_controls: EXIT (IN_PLANE branch)
[DEBUG] _input (build_terrain) called, event=InputEventMouseMotion: button_mask=0, position=((479.0, 327.0)), relative=((8.0, -8.0)), velocity=((411.499, -535.9056)), pressure=0.00, tilt=((0.0, 0.0)), pen_inverted=(false)
[AUDIT] poll_forensic_hud: ENTER
[DIAG] _physics_process: ENTER, state=0
[DIAG] _physics_process: IN_PLANE branch entered
[DIAG] _physics_process: plane position updated to (728.5008, 1853.8, 330.5853)
[DIAG] _physics_process: checking camera follow
[DIAG] _physics_process: plane and camera valid, updating camera
[DIAG] _physics_process: camera moved from (729.4893, 1905.516, 161.2144) to (728.5008, 1905.516, 163.4014)
[DIAG] _physics_process: IN_PLANE returning
[AUDIT] poll_forensic_hud: ENTER
[DIAG] _physics_process: ENTER, state=0
[DIAG] _physics_process: IN_PLANE branch entered
[DIAG] _physics_process: plane position updated to (727.5057, 1853.8, 332.7693)
[DIAG] _physics_process: checking camera follow
[DIAG] _physics_process: plane and camera valid, updating camera
[DIAG] _physics_process: camera moved from (728.5008, 1905.516, 163.4014) to (727.5057, 1905.516, 165.5854)
[DIAG] _physics_process: IN_PLANE returning
[DIAG] _poll_controls: ENTER, state=0
[VERBATIM] POLL: _poll_controls() entered, game_state=0
[DIAG] _poll_controls: EXIT (IN_PLANE branch)
[DEBUG] _input (build_terrain) called, event=InputEventMouseMotion: button_mask=0, position=((482.0, 324.0)), relative=((3.0, -3.0)), velocity=((411.499, -535.9056)), pressure=0.00, tilt=((0.0, 0.0)), pen_inverted=(false)
[AUDIT] poll_forensic_hud: ENTER
[DIAG] _physics_process: ENTER, state=0
[DIAG] _physics_process: IN_PLANE branch entered
[DIAG] _physics_process: plane position updated to (726.5042, 1853.8, 334.9503)
[DIAG] _physics_process: checking camera follow
[DIAG] _physics_process: plane and camera valid, updating camera
[DIAG] _physics_process: camera moved from (727.5057, 1905.516, 165.5854) to (726.5042, 1905.516, 167.7664)
[DIAG] _physics_process: IN_PLANE returning
[AUDIT] poll_forensic_hud: ENTER
[DIAG] _physics_process: ENTER, state=0
[DIAG] _physics_process: IN_PLANE branch entered
[DIAG] _physics_process: plane position updated to (725.496, 1853.8, 337.1283)
[DIAG] _physics_process: checking camera follow
[DIAG] _physics_process: plane and camera valid, updating camera
[DIAG] _physics_process: camera moved from (726.5042, 1905.516, 167.7664) to (725.496, 1905.516, 169.9444)
[DIAG] _physics_process: IN_PLANE returning
[DIAG] _poll_controls: ENTER, state=0
[VERBATIM] POLL: _poll_controls() entered, game_state=0
[DIAG] _poll_controls: EXIT (IN_PLANE branch)
[DEBUG] _input (build_terrain) called, event=InputEventMouseMotion: button_mask=0, position=((483.0, 323.0)), relative=((1.0, -1.0)), velocity=((184.4457, -175.2234)), pressure=0.00, tilt=((0.0, 0.0)), pen_inverted=(false)
[AUDIT] poll_forensic_hud: ENTER
[DIAG] _physics_process: ENTER, state=0
[DIAG] _physics_process: IN_PLANE branch entered
[DIAG] _physics_process: plane position updated to (724.4814, 1853.8, 339.3033)
[DIAG] _physics_process: checking camera follow
[DIAG] _physics_process: plane and camera valid, updating camera
[DIAG] _physics_process: camera moved from (725.496, 1905.516, 169.9444) to (724.4814, 1905.516, 172.1194)
[DIAG] _physics_process: IN_PLANE returning
[AUDIT] poll_forensic_hud: ENTER
[DIAG] _physics_process: ENTER, state=0
[DIAG] _physics_process: IN_PLANE branch entered
[DIAG] _physics_process: plane position updated to (723.4602, 1853.8, 341.4752)
[DIAG] _physics_process: checking camera follow
[DIAG] _physics_process: plane and camera valid, updating camera
[DIAG] _physics_process: camera moved from (724.4814, 1905.516, 172.1194) to (723.4602, 1905.516, 174.2913)
[DIAG] _physics_process: IN_PLANE returning
[DIAG] _poll_controls: ENTER, state=0
[VERBATIM] POLL: _poll_controls() entered, game_state=0
[DIAG] _poll_controls: EXIT (IN_PLANE branch)
[AUDIT] poll_forensic_hud: ENTER
[DIAG] _physics_process: ENTER, state=0
[DIAG] _physics_process: IN_PLANE branch entered
[DIAG] _physics_process: plane position updated to (722.4326, 1853.8, 343.644)
[DIAG] _physics_process: checking camera follow
[DIAG] _physics_process: plane and camera valid, updating camera
[DIAG] _physics_process: camera moved from (723.4602, 1905.516, 174.2913) to (722.4326, 1905.516, 176.4602)
[DIAG] _physics_process: IN_PLANE returning
[AUDIT] poll_forensic_hud: ENTER
[DIAG] _physics_process: ENTER, state=0
[DIAG] _physics_process: IN_PLANE branch entered
[DIAG] _physics_process: plane position updated to (721.3984, 1853.8, 345.8098)
[DIAG] _physics_process: checking camera follow
[DIAG] _physics_process: plane and camera valid, updating camera
[DIAG] _physics_process: camera moved from (722.4326, 1905.516, 176.4602) to (721.3984, 1905.516, 178.6259)
[DIAG] _physics_process: IN_PLANE returning
[DIAG] _poll_controls: ENTER, state=0
[VERBATIM] POLL: _poll_controls() entered, game_state=0
[DIAG] _poll_controls: EXIT (IN_PLANE branch)
[AUDIT] poll_forensic_hud: ENTER
[DIAG] _physics_process: ENTER, state=0
[DIAG] _physics_process: IN_PLANE branch entered
[DIAG] _physics_process: plane position updated to (720.3577, 1853.8, 347.9724)
[DIAG] _physics_process: checking camera follow
[DIAG] _physics_process: plane and camera valid, updating camera
[DIAG] _physics_process: camera moved from (721.3984, 1905.516, 178.6259) to (720.3577, 1905.516, 180.7885)
[DIAG] _physics_process: IN_PLANE returning
[AUDIT] poll_forensic_hud: ENTER
[DIAG] _physics_process: ENTER, state=0
[DIAG] _physics_process: IN_PLANE branch entered
[DIAG] _physics_process: plane position updated to (719.3105, 1853.8, 350.1319)
[DIAG] _physics_process: checking camera follow
[DIAG] _physics_process: plane and camera valid, updating camera
[DIAG] _physics_process: camera moved from (720.3577, 1905.516, 180.7885) to (719.3105, 1905.516, 182.948)
[DIAG] _physics_process: IN_PLANE returning
[DIAG] _poll_controls: ENTER, state=0
[VERBATIM] POLL: _poll_controls() entered, game_state=0
[DIAG] _poll_controls: EXIT (IN_PLANE branch)
[AUDIT] poll_forensic_hud: ENTER
[DIAG] _physics_process: ENTER, state=0
[DIAG] _physics_process: IN_PLANE branch entered
[DIAG] _physics_process: plane position updated to (718.2569, 1853.8, 352.2883)
[DIAG] _physics_process: checking camera follow
[DIAG] _physics_process: plane and camera valid, updating camera
[DIAG] _physics_process: camera moved from (719.3105, 1905.516, 182.948) to (718.2569, 1905.516, 185.1044)
[DIAG] _physics_process: IN_PLANE returning
[AUDIT] poll_forensic_hud: ENTER
[DIAG] _physics_process: ENTER, state=0
[DIAG] _physics_process: IN_PLANE branch entered
[DIAG] _physics_process: plane position updated to (717.1968, 1853.8, 354.4415)
[DIAG] _physics_process: checking camera follow
[DIAG] _physics_process: plane and camera valid, updating camera
[DIAG] _physics_process: camera moved from (718.2569, 1905.516, 185.1044) to (717.1968, 1905.516, 187.2576)
[DIAG] _physics_process: IN_PLANE returning
[DIAG] _poll_controls: ENTER, state=0
[VERBATIM] POLL: _poll_controls() entered, game_state=0
[DIAG] _poll_controls: EXIT (IN_PLANE branch)
[AUDIT] poll_forensic_hud: ENTER
[DIAG] _physics_process: ENTER, state=0
[DIAG] _physics_process: IN_PLANE branch entered
[DIAG] _physics_process: plane position updated to (716.1302, 1853.8, 356.5915)
[DIAG] _physics_process: checking camera follow
[DIAG] _physics_process: plane and camera valid, updating camera
[DIAG] _physics_process: camera moved from (717.1968, 1905.516, 187.2576) to (716.1302, 1905.516, 189.4076)
[DIAG] _physics_process: IN_PLANE returning
[AUDIT] poll_forensic_hud: ENTER
[DIAG] _physics_process: ENTER, state=0
[DIAG] _physics_process: IN_PLANE branch entered
[DIAG] _physics_process: plane position updated to (715.0573, 1853.8, 358.7383)
[DIAG] _physics_process: checking camera follow
[DIAG] _physics_process: plane and camera valid, updating camera
[DIAG] _physics_process: camera moved from (716.1302, 1905.516, 189.4076) to (715.0573, 1905.516, 191.5544)
[DIAG] _physics_process: IN_PLANE returning
[DIAG] _poll_controls: ENTER, state=0
[VERBATIM] POLL: _poll_controls() entered, game_state=0
[DIAG] _poll_controls: EXIT (IN_PLANE branch)
[DEBUG] _input (build_terrain) called, event=InputEventMouseMotion: button_mask=0, position=((483.0, 338.0)), relative=((0.0, 15.0)), velocity=((5.752416, -5.752416)), pressure=0.00, tilt=((0.0, 0.0)), pen_inverted=(false)
[AUDIT] poll_forensic_hud: ENTER
[DIAG] _physics_process: ENTER, state=0
[DIAG] _physics_process: IN_PLANE branch entered
[DIAG] _physics_process: plane position updated to (713.9778, 1853.8, 360.8818)
[DIAG] _physics_process: checking camera follow
[DIAG] _physics_process: plane and camera valid, updating camera
[DIAG] _physics_process: camera moved from (715.0573, 1905.516, 191.5544) to (713.9778, 1905.516, 193.6979)
[DIAG] _physics_process: IN_PLANE returning
[AUDIT] poll_forensic_hud: ENTER
[DIAG] _physics_process: ENTER, state=0
[DIAG] _physics_process: IN_PLANE branch entered
[DIAG] _physics_process: plane position updated to (712.892, 1853.8, 363.0221)
[DIAG] _physics_process: checking camera follow
[DIAG] _physics_process: plane and camera valid, updating camera
[DIAG] _physics_process: camera moved from (713.9778, 1905.516, 193.6979) to (712.892, 1905.516, 195.8382)
[DIAG] _physics_process: IN_PLANE returning
[DIAG] _poll_controls: ENTER, state=0
[VERBATIM] POLL: _poll_controls() entered, game_state=0
[DIAG] _poll_controls: EXIT (IN_PLANE branch)
[DEBUG] _input (build_terrain) called, event=InputEventMouseMotion: button_mask=0, position=((480.0, 351.0)), relative=((-3.0, 13.0)), velocity=((5.752416, -5.752416)), pressure=0.00, tilt=((0.0, 0.0)), pen_inverted=(false)
[AUDIT] poll_forensic_hud: ENTER
[DIAG] _physics_process: ENTER, state=0
[DIAG] _physics_process: IN_PLANE branch entered
[DIAG] _physics_process: plane position updated to (711.7997, 1853.8, 365.1591)
[DIAG] _physics_process: checking camera follow
[DIAG] _physics_process: plane and camera valid, updating camera
[DIAG] _physics_process: camera moved from (712.892, 1905.516, 195.8382) to (711.7997, 1905.516, 197.9753)
[DIAG] _physics_process: IN_PLANE returning
[AUDIT] poll_forensic_hud: ENTER
[DIAG] _physics_process: ENTER, state=0
[DIAG] _physics_process: IN_PLANE branch entered
[DIAG] _physics_process: plane position updated to (710.701, 1853.8, 367.2929)
[DIAG] _physics_process: checking camera follow
[DIAG] _physics_process: plane and camera valid, updating camera
[DIAG] _physics_process: camera moved from (711.7997, 1905.516, 197.9753) to (710.701, 1905.516, 200.109)
[DIAG] _physics_process: IN_PLANE returning
[AUDIT] poll_forensic_hud: ENTER
[DIAG] _physics_process: ENTER, state=0
[DIAG] _physics_process: IN_PLANE branch entered
[DIAG] _physics_process: plane position updated to (709.5959, 1853.8, 369.4233)
[DIAG] _physics_process: checking camera follow
[DIAG] _physics_process: plane and camera valid, updating camera
[DIAG] _physics_process: camera moved from (710.701, 1905.516, 200.109) to (709.5959, 1905.516, 202.2395)
[DIAG] _physics_process: IN_PLANE returning
[DIAG] _poll_controls: ENTER, state=0
[VERBATIM] POLL: _poll_controls() entered, game_state=0
[DIAG] _poll_controls: EXIT (IN_PLANE branch)
[DEBUG] _input (build_terrain) called, event=InputEventMouseMotion: button_mask=0, position=((479.0, 352.0)), relative=((-1.0, 1.0)), velocity=((5.752416, -5.752416)), pressure=0.00, tilt=((0.0, 0.0)), pen_inverted=(false)
[AUDIT] poll_forensic_hud: ENTER
[DIAG] _physics_process: ENTER, state=0
[DIAG] _physics_process: IN_PLANE branch entered
[DIAG] _physics_process: plane position updated to (708.4845, 1853.8, 371.5505)
[DIAG] _physics_process: checking camera follow
[DIAG] _physics_process: plane and camera valid, updating camera
[DIAG] _physics_process: camera moved from (709.5959, 1905.516, 202.2395) to (708.4845, 1905.516, 204.3666)
[DIAG] _physics_process: IN_PLANE returning
[AUDIT] poll_forensic_hud: ENTER
[DIAG] _physics_process: ENTER, state=0
[DIAG] _physics_process: IN_PLANE branch entered
[DIAG] _physics_process: plane position updated to (707.3666, 1853.8, 373.6743)
[DIAG] _physics_process: checking camera follow
[DIAG] _physics_process: plane and camera valid, updating camera
[DIAG] _physics_process: camera moved from (708.4845, 1905.516, 204.3666) to (707.3666, 1905.516, 206.4904)
[DIAG] _physics_process: IN_PLANE returning
[DIAG] _poll_controls: ENTER, state=0
[VERBATIM] POLL: _poll_controls() entered, game_state=0
[DIAG] _poll_controls: EXIT (IN_PLANE branch)
[AUDIT] poll_forensic_hud: ENTER
[DIAG] _physics_process: ENTER, state=0
[DIAG] _physics_process: IN_PLANE branch entered
[DIAG] _physics_process: plane position updated to (706.2424, 1853.8, 375.7946)
[DIAG] _physics_process: checking camera follow
[DIAG] _physics_process: plane and camera valid, updating camera
[DIAG] _physics_process: camera moved from (707.3666, 1905.516, 206.4904) to (706.2424, 1905.516, 208.6108)
[DIAG] _physics_process: IN_PLANE returning
[AUDIT] poll_forensic_hud: ENTER
[DIAG] _physics_process: ENTER, state=0
[DIAG] _physics_process: IN_PLANE branch entered
[DIAG] _physics_process: plane position updated to (705.1119, 1853.8, 377.9117)
[DIAG] _physics_process: checking camera follow
[DIAG] _physics_process: plane and camera valid, updating camera
[DIAG] _physics_process: camera moved from (706.2424, 1905.516, 208.6108) to (705.1119, 1905.516, 210.7278)
[DIAG] _physics_process: IN_PLANE returning
[DIAG] _poll_controls: ENTER, state=0
[VERBATIM] POLL: _poll_controls() entered, game_state=0
[DIAG] _poll_controls: EXIT (IN_PLANE branch)
[DEBUG] _input (build_terrain) called, event=InputEventMouseButton: button_index=2, mods=none, pressed=true, canceled=false, position=((479.0, 352.0)), button_mask=2, double_click=false
[AUDIT] poll_forensic_hud: ENTER
[DIAG] _physics_process: ENTER, state=0
[DIAG] _physics_process: IN_PLANE branch entered
[DIAG] _physics_process: plane position updated to (703.975, 1853.8, 380.0253)
[DIAG] _physics_process: checking camera follow
[DIAG] _physics_process: plane and camera valid, updating camera
[DIAG] _physics_process: camera moved from (705.1119, 1905.516, 210.7278) to (703.975, 1905.516, 212.8414)
[DIAG] _physics_process: IN_PLANE returning
[AUDIT] poll_forensic_hud: ENTER
[DIAG] _physics_process: ENTER, state=0
[DIAG] _physics_process: IN_PLANE branch entered
[DIAG] _physics_process: plane position updated to (702.8317, 1853.8, 382.1355)
[DIAG] _physics_process: checking camera follow
[DIAG] _physics_process: plane and camera valid, updating camera
[DIAG] _physics_process: camera moved from (703.975, 1905.516, 212.8414) to (702.8317, 1905.516, 214.9516)
[DIAG] _physics_process: IN_PLANE returning
[DIAG] _poll_controls: ENTER, state=0
[VERBATIM] POLL: _poll_controls() entered, game_state=0
[DIAG] _poll_controls: EXIT (IN_PLANE branch)
[DEBUG] _input (build_terrain) called, event=InputEventMouseMotion: button_mask=2 (Right Mouse Button), position=((478.0, 351.0)), relative=((-1.0, -1.0)), velocity=((-22.17738, 160.786)), pressure=0.00, tilt=((0.0, 0.0)), pen_inverted=(false)
[DEBUG] Camera updated: pos=(703.6663, 1801.249, 549.0566) target=(702.8317, 1853.8, 382.1355)
ERROR:  --> SQL error: database is locked
   at: execute_statement (src/gdsqlite.cpp:353)

[DIAG] Engine error in src/gdsqlite.cpp at line 353 (source not found locally)
   GDScript backtrace (most recent call first):
       [0] _query (res://scripts/SqliteDb.gd:220)

[DIAG] Error in godot_project/scripts/SqliteDb.gd at line 220:
      [STALL SOURCE] godot_project/scripts/SqliteDb.gd lines 217-223 (offending line 220):
          217: 	if not _db_ok or not _db:
          218: 		print("[VERBATIM] DB NOT AVAILABLE – skipping: ", sql.left(60))
          219: 		return []
      >>  220: 	if not _db.query_with_bindings(sql, args):
          221: 		print("[VERBATIM] DB QUERY FAIL: " + sql.left(80))
          222: 		return []
          223: 	return _db.query_result
       [1] _save_camera_settings (res://scripts/build_terrain.gd:2709)

[DIAG] Error in godot_project/scripts/build_terrain.gd at line 2709:
      [STALL SOURCE] godot_project/scripts/build_terrain.gd lines 2706-2712 (offending line 2709):
         2706: 	var key = (
         2707: 		"camera_distance_plane" if _game_state == GameState.IN_PLANE else "camera_distance_freefall"
         2708: 	)
      >> 2709: 	db._query(
         2710: 		(
         2711: 			"INSERT OR REPLACE INTO user_preferences (key, value) VALUES ('"
         2712: 			+ key
       [2] _update_camera_position (res://scripts/build_terrain.gd:2754)

[DIAG] Error in godot_project/scripts/build_terrain.gd at line 2754:
      [STALL SOURCE] godot_project/scripts/build_terrain.gd lines 2751-2757 (offending line 2754):
         2751: 	_camera.global_position = target + rot * offset
         2752: 	_camera.look_at(target, Vector3.UP)
         2753: 	print("[DEBUG] Camera updated: pos=", _camera.global_position, " target=", target)
      >> 2754: 	_save_camera_settings()
         2755: 
         2756: 
         2757: # Added to fix deferred call and log warning via ErrorLogger
       [3] _input (res://scripts/build_terrain.gd:1889)

[DIAG] Error in godot_project/scripts/build_terrain.gd at line 1889:
      [STALL SOURCE] godot_project/scripts/build_terrain.gd lines 1886-1892 (offending line 1889):
         1886: 		# _character.rotation.y = _cam_azimuth  # removed to match plane behaviour
         1887: 		# Clamp elevation to avoid flipping
         1888: 		_cam_elevation = clamp(_cam_elevation, -1.3, 1.3)
      >> 1889: 		_update_camera_position()
         1890: 		# Immediately update camera position if we have a target
         1891: 		var target: Vector3
         1892: 		if camera_target == "plane" and is_instance_valid(_plane_node):
[VERBATIM] DB QUERY FAIL: INSERT OR REPLACE INTO user_preferences (key, value) VALUES ('camera_distance_pl
[CAMERA] Saved camera distance to DB (camera_distance_plane): 175.0
[VERBATIM] cam_orbit az=0.28647889756541 el=17.4752127514901
[AUDIT] poll_forensic_hud: ENTER
[DIAG] _physics_process: ENTER, state=0
[DIAG] _physics_process: IN_PLANE branch entered
[DIAG] _physics_process: plane position updated to (701.6821, 1853.8, 384.2423)
[DIAG] _physics_process: checking camera follow
[DIAG] _physics_process: plane and camera valid, updating camera
[DIAG] _physics_process: camera moved from (701.9567, 1906.351, 215.2144) to (700.8071, 1906.351, 217.3212)
[DIAG] _physics_process: IN_PLANE returning
[AUDIT] poll_forensic_hud: ENTER
[DIAG] _physics_process: ENTER, state=0
[DIAG] _physics_process: IN_PLANE branch entered
[DIAG] _physics_process: plane position updated to (700.5262, 1853.8, 386.3456)
[DIAG] _physics_process: checking camera follow
[DIAG] _physics_process: plane and camera valid, updating camera
[DIAG] _physics_process: camera moved from (700.8071, 1906.351, 217.3212) to (699.6512, 1906.351, 219.4245)
[DIAG] _physics_process: IN_PLANE returning
[AUDIT] poll_forensic_hud: ENTER
[DIAG] _physics_process: ENTER, state=0
[DIAG] _physics_process: IN_PLANE branch entered
[DIAG] _physics_process: plane position updated to (699.3641, 1853.8, 388.4455)
[DIAG] _physics_process: checking camera follow
[DIAG] _physics_process: plane and camera valid, updating camera
[DIAG] _physics_process: camera moved from (699.6512, 1906.351, 219.4245) to (698.4891, 1906.351, 221.5244)
[DIAG] _physics_process: IN_PLANE returning
[AUDIT] poll_forensic_hud: ENTER
[DIAG] _physics_process: ENTER, state=0
[DIAG] _physics_process: IN_PLANE branch entered
[DIAG] _physics_process: plane position updated to (698.1956, 1853.8, 390.5418)
[DIAG] _physics_process: checking camera follow
[DIAG] _physics_process: plane and camera valid, updating camera
[DIAG] _physics_process: camera moved from (698.4891, 1906.351, 221.5244) to (697.3206, 1906.351, 223.6207)
[DIAG] _physics_process: IN_PLANE returning
[AUDIT] poll_forensic_hud: ENTER
[DIAG] _physics_process: ENTER, state=0
[DIAG] _physics_process: IN_PLANE branch entered
[DIAG] _physics_process: plane position updated to (697.0208, 1853.8, 392.6346)
[DIAG] _physics_process: checking camera follow
[DIAG] _physics_process: plane and camera valid, updating camera
[DIAG] _physics_process: camera moved from (697.3206, 1906.351, 223.6207) to (696.1458, 1906.351, 225.7135)
[DIAG] _physics_process: IN_PLANE returning
[AUDIT] poll_forensic_hud: ENTER
[DIAG] _physics_process: ENTER, state=0
[DIAG] _physics_process: IN_PLANE branch entered
[DIAG] _physics_process: plane position updated to (695.8398, 1853.8, 394.7239)
[DIAG] _physics_process: checking camera follow
[DIAG] _physics_process: plane and camera valid, updating camera
[DIAG] _physics_process: camera moved from (696.1458, 1906.351, 225.7135) to (694.9648, 1906.351, 227.8028)
[DIAG] _physics_process: IN_PLANE returning
[AUDIT] poll_forensic_hud: ENTER
[DIAG] _physics_process: ENTER, state=0
[DIAG] _physics_process: IN_PLANE branch entered
[DIAG] _physics_process: plane position updated to (694.6525, 1853.8, 396.8097)
[DIAG] _physics_process: checking camera follow
[DIAG] _physics_process: plane and camera valid, updating camera
[DIAG] _physics_process: camera moved from (694.9648, 1906.351, 227.8028) to (693.7775, 1906.351, 229.8885)
[DIAG] _physics_process: IN_PLANE returning
[AUDIT] poll_forensic_hud: ENTER
[DIAG] _physics_process: ENTER, state=0
[DIAG] _physics_process: IN_PLANE branch entered
[DIAG] _physics_process: plane position updated to (693.4589, 1853.8, 398.8918)
[DIAG] _physics_process: checking camera follow
[DIAG] _physics_process: plane and camera valid, updating camera
[DIAG] _physics_process: camera moved from (693.7775, 1906.351, 229.8885) to (692.5839, 1906.351, 231.9707)
[DIAG] _physics_process: IN_PLANE returning
[DIAG] _poll_controls: ENTER, state=0
[VERBATIM] POLL: _poll_controls() entered, game_state=0
[DIAG] _poll_controls: EXIT (IN_PLANE branch)
[DEBUG] _input (build_terrain) called, event=InputEventMouseMotion: button_mask=2 (Right Mouse Button), position=((441.0, 77.0)), relative=((-37.0, -274.0)), velocity=((0.0, 0.0)), pressure=0.00, tilt=((0.0, 0.0)), pen_inverted=(false)
[DEBUG] Camera updated: pos=(702.2999, 1685.177, 444.8617) target=(693.4589, 1853.8, 398.8918)
[VERBATIM] PerformanceMonitor: PID tuning triggered
ERROR:  --> SQL error: database is locked
   at: execute_statement (src/gdsqlite.cpp:353)

[DIAG] Engine error in src/gdsqlite.cpp at line 353 (source not found locally)
   GDScript backtrace (most recent call first):
       [0] _query (res://scripts/SqliteDb.gd:220)

[DIAG] Error in godot_project/scripts/SqliteDb.gd at line 220:
      [STALL SOURCE] godot_project/scripts/SqliteDb.gd lines 217-223 (offending line 220):
          217: 	if not _db_ok or not _db:
          218: 		print("[VERBATIM] DB NOT AVAILABLE – skipping: ", sql.left(60))
          219: 		return []
      >>  220: 	if not _db.query_with_bindings(sql, args):
          221: 		print("[VERBATIM] DB QUERY FAIL: " + sql.left(80))
          222: 		return []
          223: 	return _db.query_result
       [1] _save_camera_settings (res://scripts/build_terrain.gd:2709)

[DIAG] Error in godot_project/scripts/build_terrain.gd at line 2709:
      [STALL SOURCE] godot_project/scripts/build_terrain.gd lines 2706-2712 (offending line 2709):
         2706: 	var key = (
         2707: 		"camera_distance_plane" if _game_state == GameState.IN_PLANE else "camera_distance_freefall"
         2708: 	)
      >> 2709: 	db._query(
         2710: 		(
         2711: 			"INSERT OR REPLACE INTO user_preferences (key, value) VALUES ('"
         2712: 			+ key
       [2] _update_camera_position (res://scripts/build_terrain.gd:2754)

[DIAG] Error in godot_project/scripts/build_terrain.gd at line 2754:
      [STALL SOURCE] godot_project/scripts/build_terrain.gd lines 2751-2757 (offending line 2754):
         2751: 	_camera.global_position = target + rot * offset
         2752: 	_camera.look_at(target, Vector3.UP)
         2753: 	print("[DEBUG] Camera updated: pos=", _camera.global_position, " target=", target)
      >> 2754: 	_save_camera_settings()
         2755: 
         2756: 
         2757: # Added to fix deferred call and log warning via ErrorLogger
       [3] _input (res://scripts/build_terrain.gd:1889)

[DIAG] Error in godot_project/scripts/build_terrain.gd at line 1889:
      [STALL SOURCE] godot_project/scripts/build_terrain.gd lines 1886-1892 (offending line 1889):
         1886: 		# _character.rotation.y = _cam_azimuth  # removed to match plane behaviour
         1887: 		# Clamp elevation to avoid flipping
         1888: 		_cam_elevation = clamp(_cam_elevation, -1.3, 1.3)
      >> 1889: 		_update_camera_position()
         1890: 		# Immediately update camera position if we have a target
         1891: 		var target: Vector3
         1892: 		if camera_target == "plane" and is_instance_valid(_plane_node):
[VERBATIM] DB QUERY FAIL: INSERT OR REPLACE INTO user_preferences (key, value) VALUES ('camera_distance_pl
[CAMERA] Saved camera distance to DB (camera_distance_plane): 175.0
[VERBATIM] cam_orbit az=10.8861981074856 el=74.484513367007
[DEBUG] _input (build_terrain) called, event=InputEventMouseButton: button_index=2, mods=none, pressed=false, canceled=false, position=((441.0, 77.0)), button_mask=0, double_click=false
[DEBUG] _input (build_terrain) called, event=InputEventMouseMotion: button_mask=0, position=((525.0, 332.0)), relative=((84.0, 255.0)), velocity=((0.0, 0.0)), pressure=0.00, tilt=((0.0, 0.0)), pen_inverted=(false)
[AUDIT] poll_forensic_hud: ENTER
[DIAG] _physics_process: ENTER, state=0
[DIAG] _physics_process: IN_PLANE branch entered
[DIAG] _physics_process: plane position updated to (692.2592, 1853.8, 400.9704)
[DIAG] _physics_process: checking camera follow
[DIAG] _physics_process: plane and camera valid, updating camera
[DIAG] _physics_process: camera moved from (660.4086, 2019.388, 352.9219) to (659.2089, 2019.388, 355.0005)
[DIAG] _physics_process: IN_PLANE returning
[AUDIT] poll_forensic_hud: ENTER
[DIAG] _physics_process: ENTER, state=0
[DIAG] _physics_process: IN_PLANE branch entered
[DIAG] _physics_process: plane position updated to (691.0531, 1853.8, 403.0454)
[DIAG] _physics_process: checking camera follow
[DIAG] _physics_process: plane and camera valid, updating camera
[DIAG] _physics_process: camera moved from (659.2089, 2019.388, 355.0005) to (658.0028, 2019.388, 357.0755)
[DIAG] _physics_process: IN_PLANE returning
[AUDIT] poll_forensic_hud: ENTER
[DIAG] _physics_process: ENTER, state=0
[DIAG] _physics_process: IN_PLANE branch entered
[DIAG] _physics_process: plane position updated to (689.8409, 1853.8, 405.1167)
[DIAG] _physics_process: checking camera follow
[DIAG] _physics_process: plane and camera valid, updating camera
[DIAG] _physics_process: camera moved from (658.0028, 2019.388, 357.0755) to (656.7906, 2019.388, 359.1469)
[DIAG] _physics_process: IN_PLANE returning
[AUDIT] poll_forensic_hud: ENTER
[DIAG] _physics_process: ENTER, state=0
[DIAG] _physics_process: IN_PLANE branch entered
[DIAG] _physics_process: plane position updated to (688.6224, 1853.8, 407.1844)
[DIAG] _physics_process: checking camera follow
[DIAG] _physics_process: plane and camera valid, updating camera
[DIAG] _physics_process: camera moved from (656.7906, 2019.388, 359.1469) to (655.5721, 2019.388, 361.2145)
[DIAG] _physics_process: IN_PLANE returning
[AUDIT] poll_forensic_hud: ENTER
[DIAG] _physics_process: ENTER, state=0
[DIAG] _physics_process: IN_PLANE branch entered
[DIAG] _physics_process: plane position updated to (687.3978, 1853.8, 409.2484)
[DIAG] _physics_process: checking camera follow
[DIAG] _physics_process: plane and camera valid, updating camera
[DIAG] _physics_process: camera moved from (655.5721, 2019.388, 361.2145) to (654.3475, 2019.388, 363.2786)
[DIAG] _physics_process: IN_PLANE returning
[AUDIT] poll_forensic_hud: ENTER
[DIAG] _physics_process: ENTER, state=0
[DIAG] _physics_process: IN_PLANE branch entered
[DIAG] _physics_process: plane position updated to (686.1669, 1853.8, 411.3088)
[DIAG] _physics_process: checking camera follow
[DIAG] _physics_process: plane and camera valid, updating camera
[DIAG] _physics_process: camera moved from (654.3475, 2019.388, 363.2786) to (653.1166, 2019.388, 365.3389)
[DIAG] _physics_process: IN_PLANE returning
[AUDIT] poll_forensic_hud: ENTER
[DIAG] _physics_process: ENTER, state=0
[DIAG] _physics_process: IN_PLANE branch entered
[DIAG] _physics_process: plane position updated to (684.9299, 1853.8, 413.3654)
[DIAG] _physics_process: checking camera follow
[DIAG] _physics_process: plane and camera valid, updating camera
[DIAG] _physics_process: camera moved from (653.1166, 2019.388, 365.3389) to (651.8796, 2019.388, 367.3956)
[DIAG] _physics_process: IN_PLANE returning
[AUDIT] poll_forensic_hud: ENTER
[DIAG] _physics_process: ENTER, state=0
[DIAG] _physics_process: IN_PLANE branch entered
[DIAG] _physics_process: plane position updated to (683.6868, 1853.8, 415.4184)
[DIAG] _physics_process: checking camera follow
[DIAG] _physics_process: plane and camera valid, updating camera
[DIAG] _physics_process: camera moved from (651.8796, 2019.388, 367.3956) to (650.6365, 2019.388, 369.4485)
[DIAG] _physics_process: IN_PLANE returning
[DIAG] _poll_controls: ENTER, state=0
[VERBATIM] POLL: _poll_controls() entered, game_state=0
[DIAG] _poll_controls: EXIT (IN_PLANE branch)
[VERBATIM] Wind updated: 12.5 kts @ 240.0°
[DEBUG] _input (build_terrain) called, event=InputEventMouseMotion: button_mask=0, position=((512.0, 300.0)), relative=((-13.0, -32.0)), velocity=((0.0, 0.0)), pressure=0.00, tilt=((0.0, 0.0)), pen_inverted=(false)
[AUDIT] poll_forensic_hud: ENTER
[DIAG] _physics_process: ENTER, state=0
[DIAG] _physics_process: IN_PLANE branch entered
[DIAG] _physics_process: plane position updated to (682.4374, 1853.8, 417.4676)
[DIAG] _physics_process: checking camera follow
[DIAG] _physics_process: plane and camera valid, updating camera
[DIAG] _physics_process: camera moved from (650.6365, 2019.388, 369.4485) to (649.3871, 2019.388, 371.4977)
[DIAG] _physics_process: IN_PLANE returning
[AUDIT] poll_forensic_hud: ENTER
[DIAG] _physics_process: ENTER, state=0
[DIAG] _physics_process: IN_PLANE branch entered
[DIAG] _physics_process: plane position updated to (681.1819, 1853.8, 419.513)
[DIAG] _physics_process: checking camera follow
[DIAG] _physics_process: plane and camera valid, updating camera
[DIAG] _physics_process: camera moved from (649.3871, 2019.388, 371.4977) to (648.1317, 2019.388, 373.5431)
[DIAG] _physics_process: IN_PLANE returning
[DIAG] _poll_controls: ENTER, state=0
[VERBATIM] POLL: _poll_controls() entered, game_state=0
[DIAG] _poll_controls: EXIT (IN_PLANE branch)
[DEBUG] _input (build_terrain) called, event=InputEventMouseMotion: button_mask=0, position=((528.0, 252.0)), relative=((16.0, -48.0)), velocity=((0.0, 0.0)), pressure=0.00, tilt=((0.0, 0.0)), pen_inverted=(false)
[AUDIT] poll_forensic_hud: ENTER
[DIAG] _physics_process: ENTER, state=0
[DIAG] _physics_process: IN_PLANE branch entered
[DIAG] _physics_process: plane position updated to (679.9203, 1853.8, 421.5546)
[DIAG] _physics_process: checking camera follow
[DIAG] _physics_process: plane and camera valid, updating camera
[DIAG] _physics_process: camera moved from (648.1317, 2019.388, 373.5431) to (646.8701, 2019.388, 375.5847)
[DIAG] _physics_process: IN_PLANE returning
[AUDIT] poll_forensic_hud: ENTER
[DIAG] _physics_process: ENTER, state=0
[DIAG] _physics_process: IN_PLANE branch entered
[DIAG] _physics_process: plane position updated to (678.6526, 1853.8, 423.5925)
[DIAG] _physics_process: checking camera follow
[DIAG] _physics_process: plane and camera valid, updating camera
[DIAG] _physics_process: camera moved from (646.8701, 2019.388, 375.5847) to (645.6024, 2019.388, 377.6226)
[DIAG] _physics_process: IN_PLANE returning
[AUDIT] poll_forensic_hud: ENTER
[DIAG] _physics_process: ENTER, state=0
[DIAG] _physics_process: IN_PLANE branch entered
[DIAG] _physics_process: plane position updated to (677.3788, 1853.8, 425.6266)
[DIAG] _physics_process: checking camera follow
[DIAG] _physics_process: plane and camera valid, updating camera
[DIAG] _physics_process: camera moved from (645.6024, 2019.388, 377.6226) to (644.3285, 2019.388, 379.6567)
[DIAG] _physics_process: IN_PLANE returning
[DIAG] _poll_controls: ENTER, state=0
[VERBATIM] POLL: _poll_controls() entered, game_state=0
[DIAG] _poll_controls: EXIT (IN_PLANE branch)
[DEBUG] _input (build_terrain) called, event=InputEventMouseMotion: button_mask=0, position=((534.0, 207.0)), relative=((6.0, -45.0)), velocity=((843.6772, 1697.052)), pressure=0.00, tilt=((0.0, 0.0)), pen_inverted=(false)
[AUDIT] poll_forensic_hud: ENTER
[DIAG] _physics_process: ENTER, state=0
[DIAG] _physics_process: IN_PLANE branch entered
[DIAG] _physics_process: plane position updated to (676.0989, 1853.8, 427.6568)
[DIAG] _physics_process: checking camera follow
[DIAG] _physics_process: plane and camera valid, updating camera
[DIAG] _physics_process: camera moved from (644.3285, 2019.388, 379.6567) to (643.0486, 2019.388, 381.6869)
[DIAG] _physics_process: IN_PLANE returning
[AUDIT] poll_forensic_hud: ENTER
[DIAG] _physics_process: ENTER, state=0
[DIAG] _physics_process: IN_PLANE branch entered
[DIAG] _physics_process: plane position updated to (674.8129, 1853.8, 429.6831)
[DIAG] _physics_process: checking camera follow
[DIAG] _physics_process: plane and camera valid, updating camera
[DIAG] _physics_process: camera moved from (643.0486, 2019.388, 381.6869) to (641.7626, 2019.388, 383.7133)
[DIAG] _physics_process: IN_PLANE returning
[DIAG] _poll_controls: ENTER, state=0
[VERBATIM] POLL: _poll_controls() entered, game_state=0
[DIAG] _poll_controls: EXIT (IN_PLANE branch)
[DEBUG] _input (build_terrain) called, event=InputEventMouseMotion: button_mask=0, position=((538.0, 193.0)), relative=((4.0, -14.0)), velocity=((843.6772, 1697.052)), pressure=0.00, tilt=((0.0, 0.0)), pen_inverted=(false)
[AUDIT] poll_forensic_hud: ENTER
[DIAG] _physics_process: ENTER, state=0
[DIAG] _physics_process: IN_PLANE branch entered
[DIAG] _physics_process: plane position updated to (673.5208, 1853.8, 431.7056)
[DIAG] _physics_process: checking camera follow
[DIAG] _physics_process: plane and camera valid, updating camera
[DIAG] _physics_process: camera moved from (641.7626, 2019.388, 383.7133) to (640.4705, 2019.388, 385.7357)
[DIAG] _physics_process: IN_PLANE returning
[AUDIT] poll_forensic_hud: ENTER
[DIAG] _physics_process: ENTER, state=0
[DIAG] _physics_process: IN_PLANE branch entered
[DIAG] _physics_process: plane position updated to (672.2227, 1853.8, 433.7242)
[DIAG] _physics_process: checking camera follow
[DIAG] _physics_process: plane and camera valid, updating camera
[DIAG] _physics_process: camera moved from (640.4705, 2019.388, 385.7357) to (639.1724, 2019.388, 387.7544)
[DIAG] _physics_process: IN_PLANE returning
[AUDIT] poll_forensic_hud: ENTER
[DIAG] _physics_process: ENTER, state=0
[DIAG] _physics_process: IN_PLANE branch entered
[DIAG] _physics_process: plane position updated to (670.9185, 1853.8, 435.739)
[DIAG] _physics_process: checking camera follow
[DIAG] _physics_process: plane and camera valid, updating camera
[DIAG] _physics_process: camera moved from (639.1724, 2019.388, 387.7544) to (637.8682, 2019.388, 389.7691)
[DIAG] _physics_process: IN_PLANE returning
[DIAG] _poll_controls: ENTER, state=0
[VERBATIM] POLL: _poll_controls() entered, game_state=0
[DIAG] _poll_controls: EXIT (IN_PLANE branch)
[DEBUG] _input (build_terrain) called, event=InputEventMouseMotion: button_mask=0, position=((540.0, 177.0)), relative=((2.0, -16.0)), velocity=((843.6772, 1697.052)), pressure=0.00, tilt=((0.0, 0.0)), pen_inverted=(false)
[AUDIT] poll_forensic_hud: ENTER
[DIAG] _physics_process: ENTER, state=0
[DIAG] _physics_process: IN_PLANE branch entered
[DIAG] _physics_process: plane position updated to (669.6082, 1853.8, 437.7498)
[DIAG] _physics_process: checking camera follow
[DIAG] _physics_process: plane and camera valid, updating camera
[DIAG] _physics_process: camera moved from (637.8682, 2019.388, 389.7691) to (636.5579, 2019.388, 391.7799)
[DIAG] _physics_process: IN_PLANE returning
[AUDIT] poll_forensic_hud: ENTER
[DIAG] _physics_process: ENTER, state=0
[DIAG] _physics_process: IN_PLANE branch entered
[DIAG] _physics_process: plane position updated to (668.2919, 1853.8, 439.7566)
[DIAG] _physics_process: checking camera follow
[DIAG] _physics_process: plane and camera valid, updating camera
[DIAG] _physics_process: camera moved from (636.5579, 2019.388, 391.7799) to (635.2416, 2019.388, 393.7867)
[DIAG] _physics_process: IN_PLANE returning
[DIAG] _poll_controls: ENTER, state=0
[VERBATIM] POLL: _poll_controls() entered, game_state=0
[DIAG] _poll_controls: EXIT (IN_PLANE branch)
[DEBUG] _input (build_terrain) called, event=InputEventMouseMotion: button_mask=0, position=((540.0, 176.0)), relative=((0.0, -1.0)), velocity=((113.2033, -707.5204)), pressure=0.00, tilt=((0.0, 0.0)), pen_inverted=(false)
[AUDIT] poll_forensic_hud: ENTER
[DIAG] _physics_process: ENTER, state=0
[DIAG] _physics_process: IN_PLANE branch entered
[DIAG] _physics_process: plane position updated to (666.9697, 1853.8, 441.7595)
[DIAG] _physics_process: checking camera follow
[DIAG] _physics_process: plane and camera valid, updating camera
[DIAG] _physics_process: camera moved from (635.2416, 2019.388, 393.7867) to (633.9194, 2019.388, 395.7896)
[DIAG] _physics_process: IN_PLANE returning
[AUDIT] poll_forensic_hud: ENTER
[DIAG] _physics_process: ENTER, state=0
[DIAG] _physics_process: IN_PLANE branch entered
[DIAG] _physics_process: plane position updated to (665.6414, 1853.8, 443.7584)
[DIAG] _physics_process: checking camera follow
[DIAG] _physics_process: plane and camera valid, updating camera
[DIAG] _physics_process: camera moved from (633.9194, 2019.388, 395.7896) to (632.5911, 2019.388, 397.7885)
[DIAG] _physics_process: IN_PLANE returning
[DIAG] _poll_controls: ENTER, state=0
[VERBATIM] POLL: _poll_controls() entered, game_state=0
[DIAG] _poll_controls: EXIT (IN_PLANE branch)
[AUDIT] poll_forensic_hud: ENTER
[DIAG] _physics_process: ENTER, state=0
[DIAG] _physics_process: IN_PLANE branch entered
[DIAG] _physics_process: plane position updated to (664.3071, 1853.8, 445.7534)
[DIAG] _physics_process: checking camera follow
[DIAG] _physics_process: plane and camera valid, updating camera
[DIAG] _physics_process: camera moved from (632.5911, 2019.388, 397.7885) to (631.2568, 2019.388, 399.7835)
[DIAG] _physics_process: IN_PLANE returning
[AUDIT] poll_forensic_hud: ENTER
[DIAG] _physics_process: ENTER, state=0
[DIAG] _physics_process: IN_PLANE branch entered
[DIAG] _physics_process: plane position updated to (662.9669, 1853.8, 447.7443)
[DIAG] _physics_process: checking camera follow
[DIAG] _physics_process: plane and camera valid, updating camera
[DIAG] _physics_process: camera moved from (631.2568, 2019.388, 399.7835) to (629.9166, 2019.388, 401.7744)
[DIAG] _physics_process: IN_PLANE returning
[DIAG] _poll_controls: ENTER, state=0
[VERBATIM] POLL: _poll_controls() entered, game_state=0
[DIAG] _poll_controls: EXIT (IN_PLANE branch)
[AUDIT] poll_forensic_hud: ENTER
[DIAG] _physics_process: ENTER, state=0
[DIAG] _physics_process: IN_PLANE branch entered
[DIAG] _physics_process: plane position updated to (661.6207, 1853.8, 449.7311)
[DIAG] _physics_process: checking camera follow
[DIAG] _physics_process: plane and camera valid, updating camera
[DIAG] _physics_process: camera moved from (629.9166, 2019.388, 401.7744) to (628.5704, 2019.388, 403.7613)
[DIAG] _physics_process: IN_PLANE returning
[AUDIT] poll_forensic_hud: ENTER
[DIAG] _physics_process: ENTER, state=0
[DIAG] _physics_process: IN_PLANE branch entered
[DIAG] _physics_process: plane position updated to (660.2685, 1853.8, 451.714)
[DIAG] _physics_process: checking camera follow
[DIAG] _physics_process: plane and camera valid, updating camera
[DIAG] _physics_process: camera moved from (628.5704, 2019.388, 403.7613) to (627.2182, 2019.388, 405.7441)
[DIAG] _physics_process: IN_PLANE returning
[DIAG] _poll_controls: ENTER, state=0
[VERBATIM] POLL: _poll_controls() entered, game_state=0
[DIAG] _poll_controls: EXIT (IN_PLANE branch)
[DEBUG] _input (build_terrain) called, event=InputEventMouseMotion: button_mask=0, position=((540.0, 179.0)), relative=((0.0, 3.0)), velocity=((0.0, -9.488386)), pressure=0.00, tilt=((0.0, 0.0)), pen_inverted=(false)
[AUDIT] poll_forensic_hud: ENTER
[DIAG] _physics_process: ENTER, state=0
[DIAG] _physics_process: IN_PLANE branch entered
[DIAG] _physics_process: plane position updated to (658.9104, 1853.8, 453.6927)
[DIAG] _physics_process: checking camera follow
[DIAG] _physics_process: plane and camera valid, updating camera
[DIAG] _physics_process: camera moved from (627.2182, 2019.388, 405.7441) to (625.8601, 2019.388, 407.7229)
[DIAG] _physics_process: IN_PLANE returning
[AUDIT] poll_forensic_hud: ENTER
[DIAG] _physics_process: ENTER, state=0
[DIAG] _physics_process: IN_PLANE branch entered
[DIAG] _physics_process: plane position updated to (657.5463, 1853.8, 455.6674)
[DIAG] _physics_process: checking camera follow
[DIAG] _physics_process: plane and camera valid, updating camera
[DIAG] _physics_process: camera moved from (625.8601, 2019.388, 407.7229) to (624.496, 2019.388, 409.6976)
[DIAG] _physics_process: IN_PLANE returning
[DIAG] _poll_controls: ENTER, state=0
[VERBATIM] POLL: _poll_controls() entered, game_state=0
[DIAG] _poll_controls: EXIT (IN_PLANE branch)
[DEBUG] _input (build_terrain) called, event=InputEventMouseMotion: button_mask=0, position=((539.0, 183.0)), relative=((-1.0, 4.0)), velocity=((0.0, -9.488386)), pressure=0.00, tilt=((0.0, 0.0)), pen_inverted=(false)
[AUDIT] poll_forensic_hud: ENTER
[DIAG] _physics_process: ENTER, state=0
[DIAG] _physics_process: IN_PLANE branch entered
[DIAG] _physics_process: plane position updated to (656.1764, 1853.8, 457.638)
[DIAG] _physics_process: checking camera follow
[DIAG] _physics_process: plane and camera valid, updating camera
[DIAG] _physics_process: camera moved from (624.496, 2019.388, 409.6976) to (623.1261, 2019.388, 411.6682)
[DIAG] _physics_process: IN_PLANE returning
[AUDIT] poll_forensic_hud: ENTER
[DIAG] _physics_process: ENTER, state=0
[DIAG] _physics_process: IN_PLANE branch entered
[DIAG] _physics_process: plane position updated to (654.8005, 1853.8, 459.6045)
[DIAG] _physics_process: checking camera follow
[DIAG] _physics_process: plane and camera valid, updating camera
[DIAG] _physics_process: camera moved from (623.1261, 2019.388, 411.6682) to (621.7502, 2019.388, 413.6346)
[DIAG] _physics_process: IN_PLANE returning
[DIAG] _poll_controls: ENTER, state=0
[VERBATIM] POLL: _poll_controls() entered, game_state=0
[DIAG] _poll_controls: EXIT (IN_PLANE branch)
[DEBUG] _input (build_terrain) called, event=InputEventMouseMotion: button_mask=0, position=((537.0, 185.0)), relative=((-2.0, 2.0)), velocity=((0.0, -9.488386)), pressure=0.00, tilt=((0.0, 0.0)), pen_inverted=(false)
[AUDIT] poll_forensic_hud: ENTER
[DIAG] _physics_process: ENTER, state=0
[DIAG] _physics_process: IN_PLANE branch entered
[DIAG] _physics_process: plane position updated to (653.4188, 1853.8, 461.5668)
[DIAG] _physics_process: checking camera follow
[DIAG] _physics_process: plane and camera valid, updating camera
[DIAG] _physics_process: camera moved from (621.7502, 2019.388, 413.6346) to (620.3685, 2019.388, 415.5969)
[DIAG] _physics_process: IN_PLANE returning
[AUDIT] poll_forensic_hud: ENTER
[DIAG] _physics_process: ENTER, state=0
[DIAG] _physics_process: IN_PLANE branch entered
[DIAG] _physics_process: plane position updated to (652.0311, 1853.8, 463.525)
[DIAG] _physics_process: checking camera follow
[DIAG] _physics_process: plane and camera valid, updating camera
[DIAG] _physics_process: camera moved from (620.3685, 2019.388, 415.5969) to (618.9808, 2019.388, 417.5551)
[DIAG] _physics_process: IN_PLANE returning
[DIAG] _poll_controls: ENTER, state=0
[VERBATIM] POLL: _poll_controls() entered, game_state=0
[DIAG] _poll_controls: EXIT (IN_PLANE branch)
[DEBUG] _input (build_terrain) called, event=InputEventMouseMotion: button_mask=0, position=((536.0, 187.0)), relative=((-1.0, 2.0)), velocity=((-28.66972, 86.00917)), pressure=0.00, tilt=((0.0, 0.0)), pen_inverted=(false)
[AUDIT] poll_forensic_hud: ENTER
[DIAG] _physics_process: ENTER, state=0
[DIAG] _physics_process: IN_PLANE branch entered
[DIAG] _physics_process: plane position updated to (650.6376, 1853.8, 465.479)
[DIAG] _physics_process: checking camera follow
[DIAG] _physics_process: plane and camera valid, updating camera
[DIAG] _physics_process: camera moved from (618.9808, 2019.388, 417.5551) to (617.5873, 2019.388, 419.5091)
[DIAG] _physics_process: IN_PLANE returning
[AUDIT] poll_forensic_hud: ENTER
[DIAG] _physics_process: ENTER, state=0
[DIAG] _physics_process: IN_PLANE branch entered
[DIAG] _physics_process: plane position updated to (649.2382, 1853.8, 467.4288)
[DIAG] _physics_process: checking camera follow
[DIAG] _physics_process: plane and camera valid, updating camera
[DIAG] _physics_process: camera moved from (617.5873, 2019.388, 419.5091) to (616.1879, 2019.388, 421.4589)
[DIAG] _physics_process: IN_PLANE returning
[DIAG] _poll_controls: ENTER, state=0
[VERBATIM] POLL: _poll_controls() entered, game_state=0
[DIAG] _poll_controls: EXIT (IN_PLANE branch)
[DEBUG] _input (build_terrain) called, event=InputEventMouseMotion: button_mask=0, position=((534.0, 198.0)), relative=((-2.0, 11.0)), velocity=((-28.66972, 86.00917)), pressure=0.00, tilt=((0.0, 0.0)), pen_inverted=(false)
[AUDIT] poll_forensic_hud: ENTER
[DIAG] _physics_process: ENTER, state=0
[DIAG] _physics_process: IN_PLANE branch entered
[DIAG] _physics_process: plane position updated to (647.8331, 1853.8, 469.3744)
[DIAG] _physics_process: checking camera follow
[DIAG] _physics_process: plane and camera valid, updating camera
[DIAG] _physics_process: camera moved from (616.1879, 2019.388, 421.4589) to (614.7828, 2019.388, 423.4045)
[DIAG] _physics_process: IN_PLANE returning
[AUDIT] poll_forensic_hud: ENTER
[DIAG] _physics_process: ENTER, state=0
[DIAG] _physics_process: IN_PLANE branch entered
[DIAG] _physics_process: plane position updated to (646.422, 1853.8, 471.3158)
[DIAG] _physics_process: checking camera follow
[DIAG] _physics_process: plane and camera valid, updating camera
[DIAG] _physics_process: camera moved from (614.7828, 2019.388, 423.4045) to (613.3717, 2019.388, 425.3459)
[DIAG] _physics_process: IN_PLANE returning
[DIAG] _poll_controls: ENTER, state=0
[VERBATIM] POLL: _poll_controls() entered, game_state=0
[DIAG] _poll_controls: EXIT (IN_PLANE branch)
[DEBUG] _input (build_terrain) called, event=InputEventMouseMotion: button_mask=0, position=((532.0, 213.0)), relative=((-2.0, 15.0)), velocity=((-28.66972, 86.00917)), pressure=0.00, tilt=((0.0, 0.0)), pen_inverted=(false)
[AUDIT] poll_forensic_hud: ENTER
[DIAG] _physics_process: ENTER, state=0
[DIAG] _physics_process: IN_PLANE branch entered
[DIAG] _physics_process: plane position updated to (645.0051, 1853.8, 473.253)
[DIAG] _physics_process: checking camera follow
[DIAG] _physics_process: plane and camera valid, updating camera
[DIAG] _physics_process: camera moved from (613.3717, 2019.388, 425.3459) to (611.9548, 2019.388, 427.2831)
[DIAG] _physics_process: IN_PLANE returning
[AUDIT] poll_forensic_hud: ENTER
[DIAG] _physics_process: ENTER, state=0
[DIAG] _physics_process: IN_PLANE branch entered
[DIAG] _physics_process: plane position updated to (643.5825, 1853.8, 475.1858)
[DIAG] _physics_process: checking camera follow
[DIAG] _physics_process: plane and camera valid, updating camera
[DIAG] _physics_process: camera moved from (611.9548, 2019.388, 427.2831) to (610.5322, 2019.388, 429.2159)
[DIAG] _physics_process: IN_PLANE returning
[AUDIT] poll_forensic_hud: ENTER
[DIAG] _physics_process: ENTER, state=0
[DIAG] _physics_process: IN_PLANE branch entered
[DIAG] _physics_process: plane position updated to (642.1541, 1853.8, 477.1144)
[DIAG] _physics_process: checking camera follow
[DIAG] _physics_process: plane and camera valid, updating camera
[DIAG] _physics_process: camera moved from (610.5322, 2019.388, 429.2159) to (609.1038, 2019.388, 431.1446)
[DIAG] _physics_process: IN_PLANE returning
[DIAG] _poll_controls: ENTER, state=0
[VERBATIM] POLL: _poll_controls() entered, game_state=0
[DIAG] _poll_controls: EXIT (IN_PLANE branch)
[DEBUG] _input (build_terrain) called, event=InputEventMouseMotion: button_mask=0, position=((530.0, 229.0)), relative=((-2.0, 16.0)), velocity=((-47.77055, 267.515)), pressure=0.00, tilt=((0.0, 0.0)), pen_inverted=(false)
[AUDIT] poll_forensic_hud: ENTER
[DIAG] _physics_process: ENTER, state=0
[DIAG] _physics_process: IN_PLANE branch entered
[DIAG] _physics_process: plane position updated to (640.7198, 1853.8, 479.0388)
[DIAG] _physics_process: checking camera follow
[DIAG] _physics_process: plane and camera valid, updating camera
[DIAG] _physics_process: camera moved from (609.1038, 2019.388, 431.1446) to (607.6695, 2019.388, 433.0689)
[DIAG] _physics_process: IN_PLANE returning
[AUDIT] poll_forensic_hud: ENTER
[DIAG] _physics_process: ENTER, state=0
[DIAG] _physics_process: IN_PLANE branch entered
[DIAG] _physics_process: plane position updated to (639.2798, 1853.8, 480.9587)
[DIAG] _physics_process: checking camera follow
[DIAG] _physics_process: plane and camera valid, updating camera
[DIAG] _physics_process: camera moved from (607.6695, 2019.388, 433.0689) to (606.2295, 2019.388, 434.9889)
[DIAG] _physics_process: IN_PLANE returning
[DIAG] _poll_controls: ENTER, state=0
[VERBATIM] POLL: _poll_controls() entered, game_state=0
[DIAG] _poll_controls: EXIT (IN_PLANE branch)
[DEBUG] _input (build_terrain) called, event=InputEventMouseMotion: button_mask=0, position=((530.0, 244.0)), relative=((0.0, 15.0)), velocity=((-47.77055, 267.515)), pressure=0.00, tilt=((0.0, 0.0)), pen_inverted=(false)
[AUDIT] poll_forensic_hud: ENTER
[DIAG] _physics_process: ENTER, state=0
[DIAG] _physics_process: IN_PLANE branch entered
[DIAG] _physics_process: plane position updated to (637.834, 1853.8, 482.8744)
[DIAG] _physics_process: checking camera follow
[DIAG] _physics_process: plane and camera valid, updating camera
[DIAG] _physics_process: camera moved from (606.2295, 2019.388, 434.9889) to (604.7838, 2019.388, 436.9045)
[DIAG] _physics_process: IN_PLANE returning
[AUDIT] poll_forensic_hud: ENTER
[DIAG] _physics_process: ENTER, state=0
[DIAG] _physics_process: IN_PLANE branch entered
[DIAG] _physics_process: plane position updated to (636.3826, 1853.8, 484.7857)
[DIAG] _physics_process: checking camera follow
[DIAG] _physics_process: plane and camera valid, updating camera
[DIAG] _physics_process: camera moved from (604.7838, 2019.388, 436.9045) to (603.3323, 2019.388, 438.8159)
[DIAG] _physics_process: IN_PLANE returning
[DIAG] _poll_controls: ENTER, state=0
[VERBATIM] POLL: _poll_controls() entered, game_state=0
[DIAG] _poll_controls: EXIT (IN_PLANE branch)
[DEBUG] _input (build_terrain) called, event=InputEventMouseMotion: button_mask=0, position=((530.0, 252.0)), relative=((0.0, 8.0)), velocity=((-47.77055, 267.515)), pressure=0.00, tilt=((0.0, 0.0)), pen_inverted=(false)
[AUDIT] poll_forensic_hud: ENTER
[DIAG] _physics_process: ENTER, state=0
[DIAG] _physics_process: IN_PLANE branch entered
[DIAG] _physics_process: plane position updated to (634.9254, 1853.8, 486.6927)
[DIAG] _physics_process: checking camera follow
[DIAG] _physics_process: plane and camera valid, updating camera
[DIAG] _physics_process: camera moved from (603.3323, 2019.388, 438.8159) to (601.8751, 2019.388, 440.7228)
[DIAG] _physics_process: IN_PLANE returning
[AUDIT] poll_forensic_hud: ENTER
[DIAG] _physics_process: ENTER, state=0
[DIAG] _physics_process: IN_PLANE branch entered
[DIAG] _physics_process: plane position updated to (633.4624, 1853.8, 488.5953)
[DIAG] _physics_process: checking camera follow
[DIAG] _physics_process: plane and camera valid, updating camera
[DIAG] _physics_process: camera moved from (601.8751, 2019.388, 440.7228) to (600.4121, 2019.388, 442.6254)
[DIAG] _physics_process: IN_PLANE returning
[DIAG] _poll_controls: ENTER, state=0
[VERBATIM] POLL: _poll_controls() entered, game_state=0
[DIAG] _poll_controls: EXIT (IN_PLANE branch)
[AUDIT] poll_forensic_hud: ENTER
[DIAG] _physics_process: ENTER, state=0
[DIAG] _physics_process: IN_PLANE branch entered
[DIAG] _physics_process: plane position updated to (631.9938, 1853.8, 490.4935)
[DIAG] _physics_process: checking camera follow
[DIAG] _physics_process: plane and camera valid, updating camera
[DIAG] _physics_process: camera moved from (600.4121, 2019.388, 442.6254) to (598.9435, 2019.388, 444.5236)
[DIAG] _physics_process: IN_PLANE returning
[AUDIT] poll_forensic_hud: ENTER
[DIAG] _physics_process: ENTER, state=0
[DIAG] _physics_process: IN_PLANE branch entered
[DIAG] _physics_process: plane position updated to (630.5195, 1853.8, 492.3873)
[DIAG] _physics_process: checking camera follow
[DIAG] _physics_process: plane and camera valid, updating camera
[DIAG] _physics_process: camera moved from (598.9435, 2019.388, 444.5236) to (597.4692, 2019.388, 446.4174)
[DIAG] _physics_process: IN_PLANE returning
[DIAG] _poll_controls: ENTER, state=0
[VERBATIM] POLL: _poll_controls() entered, game_state=0
[DIAG] _poll_controls: EXIT (IN_PLANE branch)
[AUDIT] poll_forensic_hud: ENTER
[DIAG] _physics_process: ENTER, state=0
[DIAG] _physics_process: IN_PLANE branch entered
[DIAG] _physics_process: plane position updated to (629.0395, 1853.8, 494.2766)
[DIAG] _physics_process: checking camera follow
[DIAG] _physics_process: plane and camera valid, updating camera
[DIAG] _physics_process: camera moved from (597.4692, 2019.388, 446.4174) to (595.9892, 2019.388, 448.3067)
[DIAG] _physics_process: IN_PLANE returning
[AUDIT] poll_forensic_hud: ENTER
[DIAG] _physics_process: ENTER, state=0
[DIAG] _physics_process: IN_PLANE branch entered
[DIAG] _physics_process: plane position updated to (627.5538, 1853.8, 496.1615)
[DIAG] _physics_process: checking camera follow
[DIAG] _physics_process: plane and camera valid, updating camera
[DIAG] _physics_process: camera moved from (595.9892, 2019.388, 448.3067) to (594.5035, 2019.388, 450.1916)
[DIAG] _physics_process: IN_PLANE returning
[DIAG] _poll_controls: ENTER, state=0
[VERBATIM] POLL: _poll_controls() entered, game_state=0
[DIAG] _poll_controls: EXIT (IN_PLANE branch)
[AUDIT] poll_forensic_hud: ENTER
[DIAG] _physics_process: ENTER, state=0
[DIAG] _physics_process: IN_PLANE branch entered
[DIAG] _physics_process: plane position updated to (626.0625, 1853.8, 498.0419)
[DIAG] _physics_process: checking camera follow
[DIAG] _physics_process: plane and camera valid, updating camera
[DIAG] _physics_process: camera moved from (594.5035, 2019.388, 450.1916) to (593.0122, 2019.388, 452.072)
[DIAG] _physics_process: IN_PLANE returning
[AUDIT] poll_forensic_hud: ENTER
[DIAG] _physics_process: ENTER, state=0
[DIAG] _physics_process: IN_PLANE branch entered
[DIAG] _physics_process: plane position updated to (624.5656, 1853.8, 499.9178)
[DIAG] _physics_process: checking camera follow
[DIAG] _physics_process: plane and camera valid, updating camera
[DIAG] _physics_process: camera moved from (593.0122, 2019.388, 452.072) to (591.5153, 2019.388, 453.948)
[DIAG] _physics_process: IN_PLANE returning
[DIAG] _poll_controls: ENTER, state=0
[VERBATIM] POLL: _poll_controls() entered, game_state=0
[DIAG] _poll_controls: EXIT (IN_PLANE branch)
[DEBUG] _input (build_terrain) called, event=InputEventMouseMotion: button_mask=0, position=((527.0, 256.0)), relative=((-3.0, 4.0)), velocity=((-9.483212, 184.9226)), pressure=0.00, tilt=((0.0, 0.0)), pen_inverted=(false)
[AUDIT] poll_forensic_hud: ENTER
[DIAG] _physics_process: ENTER, state=0
[DIAG] _physics_process: IN_PLANE branch entered
[DIAG] _physics_process: plane position updated to (623.063, 1853.8, 501.7893)
[DIAG] _physics_process: checking camera follow
[DIAG] _physics_process: plane and camera valid, updating camera
[DIAG] _physics_process: camera moved from (591.5153, 2019.388, 453.948) to (590.0127, 2019.388, 455.8194)
[DIAG] _physics_process: IN_PLANE returning
[AUDIT] poll_forensic_hud: ENTER
[DIAG] _physics_process: ENTER, state=0
[DIAG] _physics_process: IN_PLANE branch entered
[DIAG] _physics_process: plane position updated to (621.5548, 1853.8, 503.6562)
[DIAG] _physics_process: checking camera follow
[DIAG] _physics_process: plane and camera valid, updating camera
[DIAG] _physics_process: camera moved from (590.0127, 2019.388, 455.8194) to (588.5045, 2019.388, 457.6863)
[DIAG] _physics_process: IN_PLANE returning
[DIAG] _poll_controls: ENTER, state=0
[VERBATIM] POLL: _poll_controls() entered, game_state=0
[DIAG] _poll_controls: EXIT (IN_PLANE branch)
[DEBUG] _input (build_terrain) called, event=InputEventMouseMotion: button_mask=0, position=((525.0, 260.0)), relative=((-2.0, 4.0)), velocity=((-9.483212, 184.9226)), pressure=0.00, tilt=((0.0, 0.0)), pen_inverted=(false)
[AUDIT] poll_forensic_hud: ENTER
[DIAG] _physics_process: ENTER, state=0
[DIAG] _physics_process: IN_PLANE branch entered
[DIAG] _physics_process: plane position updated to (620.0411, 1853.8, 505.5186)
[DIAG] _physics_process: checking camera follow
[DIAG] _physics_process: plane and camera valid, updating camera
[DIAG] _physics_process: camera moved from (588.5045, 2019.388, 457.6863) to (586.9908, 2019.388, 459.5487)
[DIAG] _physics_process: IN_PLANE returning
[AUDIT] poll_forensic_hud: ENTER
[DIAG] _physics_process: ENTER, state=0
[DIAG] _physics_process: IN_PLANE branch entered
[DIAG] _physics_process: plane position updated to (618.5217, 1853.8, 507.3765)
[DIAG] _physics_process: checking camera follow
[DIAG] _physics_process: plane and camera valid, updating camera
[DIAG] _physics_process: camera moved from (586.9908, 2019.388, 459.5487) to (585.4714, 2019.388, 461.4066)
[DIAG] _physics_process: IN_PLANE returning
[DIAG] _poll_controls: ENTER, state=0
[VERBATIM] POLL: _poll_controls() entered, game_state=0
[DIAG] _poll_controls: EXIT (IN_PLANE branch)
[AUDIT] poll_forensic_hud: ENTER
[DIAG] _physics_process: ENTER, state=0
[DIAG] _physics_process: IN_PLANE branch entered
[DIAG] _physics_process: plane position updated to (616.9968, 1853.8, 509.2297)
[DIAG] _physics_process: checking camera follow
[DIAG] _physics_process: plane and camera valid, updating camera
[DIAG] _physics_process: camera moved from (585.4714, 2019.388, 461.4066) to (583.9465, 2019.388, 463.2599)
[DIAG] _physics_process: IN_PLANE returning
[AUDIT] poll_forensic_hud: ENTER
[DIAG] _physics_process: ENTER, state=0
[DIAG] _physics_process: IN_PLANE branch entered
[DIAG] _physics_process: plane position updated to (615.4664, 1853.8, 511.0784)
[DIAG] _physics_process: checking camera follow
[DIAG] _physics_process: plane and camera valid, updating camera
[DIAG] _physics_process: camera moved from (583.9465, 2019.388, 463.2599) to (582.4161, 2019.388, 465.1086)
[DIAG] _physics_process: IN_PLANE returning
[DIAG] _poll_controls: ENTER, state=0
[VERBATIM] POLL: _poll_controls() entered, game_state=0
[DIAG] _poll_controls: EXIT (IN_PLANE branch)
[AUDIT] poll_forensic_hud: ENTER
[DIAG] _physics_process: ENTER, state=0
[DIAG] _physics_process: IN_PLANE branch entered
[DIAG] _physics_process: plane position updated to (613.9304, 1853.8, 512.9225)
[DIAG] _physics_process: checking camera follow
[DIAG] _physics_process: plane and camera valid, updating camera
[DIAG] _physics_process: camera moved from (582.4161, 2019.388, 465.1086) to (580.8801, 2019.388, 466.9527)
[DIAG] _physics_process: IN_PLANE returning
[AUDIT] poll_forensic_hud: ENTER
[DIAG] _physics_process: ENTER, state=0
[DIAG] _physics_process: IN_PLANE branch entered
[DIAG] _physics_process: plane position updated to (612.3888, 1853.8, 514.762)
[DIAG] _physics_process: checking camera follow
[DIAG] _physics_process: plane and camera valid, updating camera
[DIAG] _physics_process: camera moved from (580.8801, 2019.388, 466.9527) to (579.3385, 2019.388, 468.7921)
[DIAG] _physics_process: IN_PLANE returning
[DIAG] _poll_controls: ENTER, state=0
[VERBATIM] POLL: _poll_controls() entered, game_state=0
[DIAG] _poll_controls: EXIT (IN_PLANE branch)
[AUDIT] poll_forensic_hud: ENTER
[DIAG] _physics_process: ENTER, state=0
[DIAG] _physics_process: IN_PLANE branch entered
[DIAG] _physics_process: plane position updated to (610.8418, 1853.8, 516.5969)
[DIAG] _physics_process: checking camera follow
[DIAG] _physics_process: plane and camera valid, updating camera
[DIAG] _physics_process: camera moved from (579.3385, 2019.388, 468.7921) to (577.7915, 2019.388, 470.627)
[DIAG] _physics_process: IN_PLANE returning
[AUDIT] poll_forensic_hud: ENTER
[DIAG] _physics_process: ENTER, state=0
[DIAG] _physics_process: IN_PLANE branch entered
[DIAG] _physics_process: plane position updated to (609.2892, 1853.8, 518.4271)
[DIAG] _physics_process: checking camera follow
[DIAG] _physics_process: plane and camera valid, updating camera
[DIAG] _physics_process: camera moved from (577.7915, 2019.388, 470.627) to (576.239, 2019.388, 472.4572)
[DIAG] _physics_process: IN_PLANE returning
[AUDIT] poll_forensic_hud: ENTER
[DIAG] _physics_process: ENTER, state=0
[DIAG] _physics_process: IN_PLANE branch entered
[DIAG] _physics_process: plane position updated to (607.7312, 1853.8, 520.2526)
[DIAG] _physics_process: checking camera follow
[DIAG] _physics_process: plane and camera valid, updating camera
[DIAG] _physics_process: camera moved from (576.239, 2019.388, 472.4572) to (574.6809, 2019.388, 474.2827)
[DIAG] _physics_process: IN_PLANE returning
[DIAG] _poll_controls: ENTER, state=0
[VERBATIM] POLL: _poll_controls() entered, game_state=0
[DIAG] _poll_controls: EXIT (IN_PLANE branch)
[DEBUG] _input (build_terrain) called, event=InputEventMouseMotion: button_mask=0, position=((524.0, 261.0)), relative=((-1.0, 1.0)), velocity=((-28.52123, 45.63397)), pressure=0.00, tilt=((0.0, 0.0)), pen_inverted=(false)
[AUDIT] poll_forensic_hud: ENTER
[DIAG] _physics_process: ENTER, state=0
[DIAG] _physics_process: IN_PLANE branch entered
[DIAG] _physics_process: plane position updated to (606.1677, 1853.8, 522.0734)
[DIAG] _physics_process: checking camera follow
[DIAG] _physics_process: plane and camera valid, updating camera
[DIAG] _physics_process: camera moved from (574.6809, 2019.388, 474.2827) to (573.1174, 2019.388, 476.1035)
[DIAG] _physics_process: IN_PLANE returning
[AUDIT] poll_forensic_hud: ENTER
[DIAG] _physics_process: ENTER, state=0
[DIAG] _physics_process: IN_PLANE branch entered
[DIAG] _physics_process: plane position updated to (604.5988, 1853.8, 523.8896)
[DIAG] _physics_process: checking camera follow
[DIAG] _physics_process: plane and camera valid, updating camera
[DIAG] _physics_process: camera moved from (573.1174, 2019.388, 476.1035) to (571.5485, 2019.388, 477.9197)
[DIAG] _physics_process: IN_PLANE returning
[DIAG] _poll_controls: ENTER, state=0
[VERBATIM] POLL: _poll_controls() entered, game_state=0
[DIAG] _poll_controls: EXIT (IN_PLANE branch)
[DEBUG] _input (build_terrain) called, event=InputEventMouseMotion: button_mask=0, position=((516.0, 243.0)), relative=((-8.0, -18.0)), velocity=((-28.52123, 45.63397)), pressure=0.00, tilt=((0.0, 0.0)), pen_inverted=(false)
[AUDIT] poll_forensic_hud: ENTER
[DIAG] _physics_process: ENTER, state=0
[DIAG] _physics_process: IN_PLANE branch entered
[DIAG] _physics_process: plane position updated to (603.0244, 1853.8, 525.701)
[DIAG] _physics_process: checking camera follow
[DIAG] _physics_process: plane and camera valid, updating camera
[DIAG] _physics_process: camera moved from (571.5485, 2019.388, 477.9197) to (569.9741, 2019.388, 479.7312)
[DIAG] _physics_process: IN_PLANE returning
[AUDIT] poll_forensic_hud: ENTER
[DIAG] _physics_process: ENTER, state=0
[DIAG] _physics_process: IN_PLANE branch entered
[DIAG] _physics_process: plane position updated to (601.4446, 1853.8, 527.5078)
[DIAG] _physics_process: checking camera follow
[DIAG] _physics_process: plane and camera valid, updating camera
[DIAG] _physics_process: camera moved from (569.9741, 2019.388, 479.7312) to (568.3943, 2019.388, 481.5379)
[DIAG] _physics_process: IN_PLANE returning
[DIAG] _poll_controls: ENTER, state=0
[VERBATIM] POLL: _poll_controls() entered, game_state=0
[DIAG] _poll_controls: EXIT (IN_PLANE branch)
[VERBATIM] Wind updated: 12.5 kts @ 240.0°
[DEBUG] _input (build_terrain) called, event=InputEventMouseMotion: button_mask=0, position=((503.0, 214.0)), relative=((-13.0, -29.0)), velocity=((-28.52123, 45.63397)), pressure=0.00, tilt=((0.0, 0.0)), pen_inverted=(false)
[AUDIT] poll_forensic_hud: ENTER
[DIAG] _physics_process: ENTER, state=0
[DIAG] _physics_process: IN_PLANE branch entered
[DIAG] _physics_process: plane position updated to (599.8594, 1853.8, 529.3097)
[DIAG] _physics_process: checking camera follow
[DIAG] _physics_process: plane and camera valid, updating camera
[DIAG] _physics_process: camera moved from (568.3943, 2019.388, 481.5379) to (566.8091, 2019.388, 483.3398)
[DIAG] _physics_process: IN_PLANE returning
[AUDIT] poll_forensic_hud: ENTER
[PIPLIVE] eye=(100.0, 1830.5, -100.0) state=0 deployed=false framing=aircraft/sky
[DIAG] _physics_process: ENTER, state=0
[DIAG] _physics_process: IN_PLANE branch entered
[DIAG] _physics_process: plane position updated to (598.2687, 1853.8, 531.1069)
[DIAG] _physics_process: checking camera follow
[DIAG] _physics_process: plane and camera valid, updating camera
[DIAG] _physics_process: camera moved from (566.8091, 2019.388, 483.3398) to (565.2184, 2019.388, 485.137)
[DIAG] _physics_process: IN_PLANE returning
[DIAG] _poll_controls: ENTER, state=0
[VERBATIM] POLL: _poll_controls() entered, game_state=0
[DIAG] _poll_controls: EXIT (IN_PLANE branch)
[DEBUG] _input (build_terrain) called, event=InputEventMouseMotion: button_mask=0, position=((502.0, 211.0)), relative=((-1.0, -3.0)), velocity=((-205.0594, -428.7606)), pressure=0.00, tilt=((0.0, 0.0)), pen_inverted=(false)
[AUDIT] poll_forensic_hud: ENTER
[DIAG] _physics_process: ENTER, state=0
[DIAG] _physics_process: IN_PLANE branch entered
[DIAG] _physics_process: plane position updated to (596.6727, 1853.8, 532.8993)
[DIAG] _physics_process: checking camera follow
[DIAG] _physics_process: plane and camera valid, updating camera
[DIAG] _physics_process: camera moved from (565.2184, 2019.388, 485.137) to (563.6224, 2019.388, 486.9294)
[DIAG] _physics_process: IN_PLANE returning
[AUDIT] poll_forensic_hud: ENTER
[DIAG] _physics_process: ENTER, state=0
[DIAG] _physics_process: IN_PLANE branch entered
[DIAG] _physics_process: plane position updated to (595.0714, 1853.8, 534.6869)
[DIAG] _physics_process: checking camera follow
[DIAG] _physics_process: plane and camera valid, updating camera
[DIAG] _physics_process: camera moved from (563.6224, 2019.388, 486.9294) to (562.0211, 2019.388, 488.717)
[DIAG] _physics_process: IN_PLANE returning
[DIAG] _poll_controls: ENTER, state=0
[VERBATIM] POLL: _poll_controls() entered, game_state=0
[DIAG] _poll_controls: EXIT (IN_PLANE branch)
[AUDIT] poll_forensic_hud: ENTER
[DIAG] _physics_process: ENTER, state=0
[DIAG] _physics_process: IN_PLANE branch entered
[DIAG] _physics_process: plane position updated to (593.4646, 1853.8, 536.4697)
[DIAG] _physics_process: checking camera follow
[DIAG] _physics_process: plane and camera valid, updating camera
[DIAG] _physics_process: camera moved from (562.0211, 2019.388, 488.717) to (560.4143, 2019.388, 490.4998)
[DIAG] _physics_process: IN_PLANE returning
[AUDIT] poll_forensic_hud: ENTER
[DIAG] _physics_process: ENTER, state=0
[DIAG] _physics_process: IN_PLANE branch entered
[DIAG] _physics_process: plane position updated to (591.8525, 1853.8, 538.2477)
[DIAG] _physics_process: checking camera follow
[DIAG] _physics_process: plane and camera valid, updating camera
[DIAG] _physics_process: camera moved from (560.4143, 2019.388, 490.4998) to (558.8022, 2019.388, 492.2778)
[DIAG] _physics_process: IN_PLANE returning
[DIAG] _poll_controls: ENTER, state=0
[VERBATIM] POLL: _poll_controls() entered, game_state=0
[DIAG] _poll_controls: EXIT (IN_PLANE branch)
[AUDIT] poll_forensic_hud: ENTER
[DIAG] _physics_process: ENTER, state=0
[DIAG] _physics_process: IN_PLANE branch entered
[DIAG] _physics_process: plane position updated to (590.2351, 1853.8, 540.0208)
[DIAG] _physics_process: checking camera follow
[DIAG] _physics_process: plane and camera valid, updating camera
[DIAG] _physics_process: camera moved from (558.8022, 2019.388, 492.2778) to (557.1848, 2019.388, 494.0509)
[DIAG] _physics_process: IN_PLANE returning
[AUDIT] poll_forensic_hud: ENTER
[DIAG] _physics_process: ENTER, state=0
[DIAG] _physics_process: IN_PLANE branch entered
[DIAG] _physics_process: plane position updated to (588.6124, 1853.8, 541.7891)
[DIAG] _physics_process: checking camera follow
[DIAG] _physics_process: plane and camera valid, updating camera
[DIAG] _physics_process: camera moved from (557.1848, 2019.388, 494.0509) to (555.5621, 2019.388, 495.8192)
[DIAG] _physics_process: IN_PLANE returning
[DIAG] _poll_controls: ENTER, state=0
[VERBATIM] POLL: _poll_controls() entered, game_state=0
[DIAG] _poll_controls: EXIT (IN_PLANE branch)
[AUDIT] poll_forensic_hud: ENTER
[DIAG] _physics_process: ENTER, state=0
[DIAG] _physics_process: IN_PLANE branch entered
[DIAG] _physics_process: plane position updated to (586.9844, 1853.8, 543.5525)
[DIAG] _physics_process: checking camera follow
[DIAG] _physics_process: plane and camera valid, updating camera
[DIAG] _physics_process: camera moved from (555.5621, 2019.388, 495.8192) to (553.9341, 2019.388, 497.5826)
[DIAG] _physics_process: IN_PLANE returning
[AUDIT] poll_forensic_hud: ENTER
[DIAG] _physics_process: ENTER, state=0
[DIAG] _physics_process: IN_PLANE branch entered
[DIAG] _physics_process: plane position updated to (585.3511, 1853.8, 545.311)
[DIAG] _physics_process: checking camera follow
[DIAG] _physics_process: plane and camera valid, updating camera
[DIAG] _physics_process: camera moved from (553.9341, 2019.388, 497.5826) to (552.3008, 2019.388, 499.3412)
[DIAG] _physics_process: IN_PLANE returning
[DIAG] _poll_controls: ENTER, state=0
[VERBATIM] POLL: _poll_controls() entered, game_state=0
[DIAG] _poll_controls: EXIT (IN_PLANE branch)
[DEBUG] _input (build_terrain) called, event=InputEventMouseMotion: button_mask=0, position=((499.0, 217.0)), relative=((-3.0, 6.0)), velocity=((-7.227522, -21.68257)), pressure=0.00, tilt=((0.0, 0.0)), pen_inverted=(false)
[AUDIT] poll_forensic_hud: ENTER
[DIAG] _physics_process: ENTER, state=0
[DIAG] _physics_process: IN_PLANE branch entered
[DIAG] _physics_process: plane position updated to (583.7125, 1853.8, 547.0646)
[DIAG] _physics_process: checking camera follow
[DIAG] _physics_process: plane and camera valid, updating camera
[DIAG] _physics_process: camera moved from (552.3008, 2019.388, 499.3412) to (550.6622, 2019.388, 501.0947)
[DIAG] _physics_process: IN_PLANE returning
[AUDIT] poll_forensic_hud: ENTER
[DIAG] _physics_process: ENTER, state=0
[DIAG] _physics_process: IN_PLANE branch entered
[DIAG] _physics_process: plane position updated to (582.0687, 1853.8, 548.8133)
[DIAG] _physics_process: checking camera follow
[DIAG] _physics_process: plane and camera valid, updating camera
[DIAG] _physics_process: camera moved from (550.6622, 2019.388, 501.0947) to (549.0184, 2019.388, 502.8434)
[DIAG] _physics_process: IN_PLANE returning
[DIAG] _poll_controls: ENTER, state=0
[VERBATIM] POLL: _poll_controls() entered, game_state=0
[DIAG] _poll_controls: EXIT (IN_PLANE branch)
[DEBUG] _input (build_terrain) called, event=InputEventMouseMotion: button_mask=0, position=((498.0, 221.0)), relative=((-1.0, 4.0)), velocity=((-7.227522, -21.68257)), pressure=0.00, tilt=((0.0, 0.0)), pen_inverted=(false)
[AUDIT] poll_forensic_hud: ENTER
[DIAG] _physics_process: ENTER, state=0
[DIAG] _physics_process: IN_PLANE branch entered
[DIAG] _physics_process: plane position updated to (580.4197, 1853.8, 550.557)
[DIAG] _physics_process: checking camera follow
[DIAG] _physics_process: plane and camera valid, updating camera
[DIAG] _physics_process: camera moved from (549.0184, 2019.388, 502.8434) to (547.3694, 2019.388, 504.5871)
[DIAG] _physics_process: IN_PLANE returning
[AUDIT] poll_forensic_hud: ENTER
[DIAG] _physics_process: ENTER, state=0
[DIAG] _physics_process: IN_PLANE branch entered
[DIAG] _physics_process: plane position updated to (578.7654, 1853.8, 552.2958)
[DIAG] _physics_process: checking camera follow
[DIAG] _physics_process: plane and camera valid, updating camera
[DIAG] _physics_process: camera moved from (547.3694, 2019.388, 504.5871) to (545.7151, 2019.388, 506.3259)
[DIAG] _physics_process: IN_PLANE returning
[DIAG] _poll_controls: ENTER, state=0
[VERBATIM] POLL: _poll_controls() entered, game_state=0
[DIAG] _poll_controls: EXIT (IN_PLANE branch)
[AUDIT] poll_forensic_hud: ENTER
[DIAG] _physics_process: ENTER, state=0
[DIAG] _physics_process: IN_PLANE branch entered
[DIAG] _physics_process: plane position updated to (577.1059, 1853.8, 554.0296)
[DIAG] _physics_process: checking camera follow
[DIAG] _physics_process: plane and camera valid, updating camera
[DIAG] _physics_process: camera moved from (545.7151, 2019.388, 506.3259) to (544.0556, 2019.388, 508.0597)
[DIAG] _physics_process: IN_PLANE returning
[AUDIT] poll_forensic_hud: ENTER
[DIAG] _physics_process: ENTER, state=0
[DIAG] _physics_process: IN_PLANE branch entered
[DIAG] _physics_process: plane position updated to (575.4412, 1853.8, 555.7584)
[DIAG] _physics_process: checking camera follow
[DIAG] _physics_process: plane and camera valid, updating camera
[DIAG] _physics_process: camera moved from (544.0556, 2019.388, 508.0597) to (542.3909, 2019.388, 509.7885)
[DIAG] _physics_process: IN_PLANE returning
[DIAG] _poll_controls: ENTER, state=0
[VERBATIM] POLL: _poll_controls() entered, game_state=0
[DIAG] _poll_controls: EXIT (IN_PLANE branch)
[DEBUG] _input (build_terrain) called, event=InputEventMouseMotion: button_mask=0, position=((482.0, 217.0)), relative=((-16.0, -4.0)), velocity=((-36.56006, 91.40015)), pressure=0.00, tilt=((0.0, 0.0)), pen_inverted=(false)
[AUDIT] poll_forensic_hud: ENTER
[DIAG] _physics_process: ENTER, state=0
[DIAG] _physics_process: IN_PLANE branch entered
[DIAG] _physics_process: plane position updated to (573.7714, 1853.8, 557.4822)
[DIAG] _physics_process: checking camera follow
[DIAG] _physics_process: plane and camera valid, updating camera
[DIAG] _physics_process: camera moved from (542.3909, 2019.388, 509.7885) to (540.7211, 2019.388, 511.5124)
[DIAG] _physics_process: IN_PLANE returning
[AUDIT] poll_forensic_hud: ENTER
[DIAG] _physics_process: ENTER, state=0
[DIAG] _physics_process: IN_PLANE branch entered
[DIAG] _physics_process: plane position updated to (572.0963, 1853.8, 559.201)
[DIAG] _physics_process: checking camera follow
[DIAG] _physics_process: plane and camera valid, updating camera
[DIAG] _physics_process: camera moved from (540.7211, 2019.388, 511.5124) to (539.046, 2019.388, 513.2312)
[DIAG] _physics_process: IN_PLANE returning
[AUDIT] poll_forensic_hud: ENTER
[DIAG] _physics_process: ENTER, state=0
[DIAG] _physics_process: IN_PLANE branch entered
[DIAG] _physics_process: plane position updated to (570.4161, 1853.8, 560.9148)
[DIAG] _physics_process: checking camera follow
[DIAG] _physics_process: plane and camera valid, updating camera
[DIAG] _physics_process: camera moved from (539.046, 2019.388, 513.2312) to (537.3658, 2019.388, 514.9449)
[DIAG] _physics_process: IN_PLANE returning
[DIAG] _poll_controls: ENTER, state=0
[VERBATIM] POLL: _poll_controls() entered, game_state=0
[DIAG] _poll_controls: EXIT (IN_PLANE branch)
[DEBUG] _input (build_terrain) called, event=InputEventMouseMotion: button_mask=0, position=((457.0, 212.0)), relative=((-25.0, -5.0)), velocity=((-36.56006, 91.40015)), pressure=0.00, tilt=((0.0, 0.0)), pen_inverted=(false)
[AUDIT] poll_forensic_hud: ENTER
[DIAG] _physics_process: ENTER, state=0
[DIAG] _physics_process: IN_PLANE branch entered
[DIAG] _physics_process: plane position updated to (568.7308, 1853.8, 562.6235)
[DIAG] _physics_process: checking camera follow
[DIAG] _physics_process: plane and camera valid, updating camera
[DIAG] _physics_process: camera moved from (537.3658, 2019.388, 514.9449) to (535.6805, 2019.388, 516.6537)
[DIAG] _physics_process: IN_PLANE returning
[AUDIT] poll_forensic_hud: ENTER
[DIAG] _physics_process: ENTER, state=0
[DIAG] _physics_process: IN_PLANE branch entered
[DIAG] _physics_process: plane position updated to (567.0404, 1853.8, 564.3272)
[DIAG] _physics_process: checking camera follow
[DIAG] _physics_process: plane and camera valid, updating camera
[DIAG] _physics_process: camera moved from (535.6805, 2019.388, 516.6537) to (533.9901, 2019.388, 518.3573)
[DIAG] _physics_process: IN_PLANE returning
[DIAG] _poll_controls: ENTER, state=0
[VERBATIM] POLL: _poll_controls() entered, game_state=0
[DIAG] _poll_controls: EXIT (IN_PLANE branch)
[DEBUG] _input (build_terrain) called, event=InputEventMouseMotion: button_mask=0, position=((406.0, 198.0)), relative=((-51.0, -14.0)), velocity=((-36.56006, 91.40015)), pressure=0.00, tilt=((0.0, 0.0)), pen_inverted=(false)
[AUDIT] poll_forensic_hud: ENTER
[DIAG] _physics_process: ENTER, state=0
[DIAG] _physics_process: IN_PLANE branch entered
[DIAG] _physics_process: plane position updated to (565.3448, 1853.8, 566.0258)
[DIAG] _physics_process: checking camera follow
[DIAG] _physics_process: plane and camera valid, updating camera
[DIAG] _physics_process: camera moved from (533.9901, 2019.388, 518.3573) to (532.2946, 2019.388, 520.0559)
[DIAG] _physics_process: IN_PLANE returning
[AUDIT] poll_forensic_hud: ENTER
[DIAG] _physics_process: ENTER, state=0
[DIAG] _physics_process: IN_PLANE branch entered
[DIAG] _physics_process: plane position updated to (563.6442, 1853.8, 567.7192)
[DIAG] _physics_process: checking camera follow
[DIAG] _physics_process: plane and camera valid, updating camera
[DIAG] _physics_process: camera moved from (532.2946, 2019.388, 520.0559) to (530.5939, 2019.388, 521.7494)
[DIAG] _physics_process: IN_PLANE returning
[DIAG] _poll_controls: ENTER, state=0
[VERBATIM] POLL: _poll_controls() entered, game_state=0
[DIAG] _poll_controls: EXIT (IN_PLANE branch)
[DEBUG] _input (build_terrain) called, event=InputEventMouseMotion: button_mask=0, position=((358.0, 189.0)), relative=((-48.0, -9.0)), velocity=((-894.3326, -223.5832)), pressure=0.00, tilt=((0.0, 0.0)), pen_inverted=(false)
[AUDIT] poll_forensic_hud: ENTER
[DIAG] _physics_process: ENTER, state=0
[DIAG] _physics_process: IN_PLANE branch entered
[DIAG] _physics_process: plane position updated to (561.9385, 1853.8, 569.4077)
[DIAG] _physics_process: checking camera follow
[DIAG] _physics_process: plane and camera valid, updating camera
[DIAG] _physics_process: camera moved from (530.5939, 2019.388, 521.7494) to (528.8882, 2019.388, 523.4377)
[DIAG] _physics_process: IN_PLANE returning
[AUDIT] poll_forensic_hud: ENTER
[DIAG] _physics_process: ENTER, state=0
[DIAG] _physics_process: IN_PLANE branch entered
[DIAG] _physics_process: plane position updated to (560.2278, 1853.8, 571.0909)
[DIAG] _physics_process: checking camera follow
[DIAG] _physics_process: plane and camera valid, updating camera
[DIAG] _physics_process: camera moved from (528.8882, 2019.388, 523.4377) to (527.1775, 2019.388, 525.121)
[DIAG] _physics_process: IN_PLANE returning
[DIAG] _poll_controls: ENTER, state=0
[VERBATIM] POLL: _poll_controls() entered, game_state=0
[DIAG] _poll_controls: EXIT (IN_PLANE branch)
[DEBUG] _input (build_terrain) called, event=InputEventMouseMotion: button_mask=0, position=((319.0, 175.0)), relative=((-39.0, -14.0)), velocity=((-894.3326, -223.5832)), pressure=0.00, tilt=((0.0, 0.0)), pen_inverted=(false)
[AUDIT] poll_forensic_hud: ENTER
[DIAG] _physics_process: ENTER, state=0
[DIAG] _physics_process: IN_PLANE branch entered
[DIAG] _physics_process: plane position updated to (558.512, 1853.8, 572.769)
[DIAG] _physics_process: checking camera follow
[DIAG] _physics_process: plane and camera valid, updating camera
[DIAG] _physics_process: camera moved from (527.1775, 2019.388, 525.121) to (525.4617, 2019.388, 526.7991)
[DIAG] _physics_process: IN_PLANE returning
[AUDIT] poll_forensic_hud: ENTER
[DIAG] _physics_process: ENTER, state=0
[DIAG] _physics_process: IN_PLANE branch entered
[DIAG] _physics_process: plane position updated to (556.7912, 1853.8, 574.442)
[DIAG] _physics_process: checking camera follow
[DIAG] _physics_process: plane and camera valid, updating camera
[DIAG] _physics_process: camera moved from (525.4617, 2019.388, 526.7991) to (523.7409, 2019.388, 528.472)
[DIAG] _physics_process: IN_PLANE returning
[DIAG] _poll_controls: ENTER, state=0
[VERBATIM] POLL: _poll_controls() entered, game_state=0
[DIAG] _poll_controls: EXIT (IN_PLANE branch)
[DEBUG] _input (build_terrain) called, event=InputEventMouseMotion: button_mask=0, position=((290.0, 166.0)), relative=((-29.0, -9.0)), velocity=((-894.3326, -223.5832)), pressure=0.00, tilt=((0.0, 0.0)), pen_inverted=(false)
[AUDIT] poll_forensic_hud: ENTER
[DIAG] _physics_process: ENTER, state=0
[DIAG] _physics_process: IN_PLANE branch entered
[DIAG] _physics_process: plane position updated to (555.0654, 1853.8, 576.1097)
[DIAG] _physics_process: checking camera follow
[DIAG] _physics_process: plane and camera valid, updating camera
[DIAG] _physics_process: camera moved from (523.7409, 2019.388, 528.472) to (522.0151, 2019.388, 530.1399)
[DIAG] _physics_process: IN_PLANE returning
[AUDIT] poll_forensic_hud: ENTER
[DIAG] _physics_process: ENTER, state=0
[DIAG] _physics_process: IN_PLANE branch entered
[DIAG] _physics_process: plane position updated to (553.3345, 1853.8, 577.7723)
[DIAG] _physics_process: checking camera follow
[DIAG] _physics_process: plane and camera valid, updating camera
[DIAG] _physics_process: camera moved from (522.0151, 2019.388, 530.1399) to (520.2842, 2019.388, 531.8025)
[DIAG] _physics_process: IN_PLANE returning
[DIAG] _poll_controls: ENTER, state=0
[VERBATIM] POLL: _poll_controls() entered, game_state=0
[DIAG] _poll_controls: EXIT (IN_PLANE branch)
[DEBUG] _input (build_terrain) called, event=InputEventMouseMotion: button_mask=0, position=((277.0, 162.0)), relative=((-13.0, -4.0)), velocity=((-1100.872, -303.6889)), pressure=0.00, tilt=((0.0, 0.0)), pen_inverted=(false)
[AUDIT] poll_forensic_hud: ENTER
[DIAG] _physics_process: ENTER, state=0
[DIAG] _physics_process: IN_PLANE branch entered
[DIAG] _physics_process: plane position updated to (551.5988, 1853.8, 579.4297)
[DIAG] _physics_process: checking camera follow
[DIAG] _physics_process: plane and camera valid, updating camera
[DIAG] _physics_process: camera moved from (520.2842, 2019.388, 531.8025) to (518.5485, 2019.388, 533.4598)
[DIAG] _physics_process: IN_PLANE returning
[AUDIT] poll_forensic_hud: ENTER
[DIAG] _physics_process: ENTER, state=0
[DIAG] _physics_process: IN_PLANE branch entered
[DIAG] _physics_process: plane position updated to (549.858, 1853.8, 581.0819)
[DIAG] _physics_process: checking camera follow
[DIAG] _physics_process: plane and camera valid, updating camera
[DIAG] _physics_process: camera moved from (518.5485, 2019.388, 533.4598) to (516.8077, 2019.388, 535.1121)
[DIAG] _physics_process: IN_PLANE returning
[DIAG] _poll_controls: ENTER, state=0
[VERBATIM] POLL: _poll_controls() entered, game_state=0
[DIAG] _poll_controls: EXIT (IN_PLANE branch)
[DEBUG] _input (build_terrain) called, event=InputEventMouseMotion: button_mask=0, position=((267.0, 158.0)), relative=((-10.0, -4.0)), velocity=((-1100.872, -303.6889)), pressure=0.00, tilt=((0.0, 0.0)), pen_inverted=(false)
[AUDIT] poll_forensic_hud: ENTER
[DIAG] _physics_process: ENTER, state=0
[DIAG] _physics_process: IN_PLANE branch entered
[DIAG] _physics_process: plane position updated to (548.1122, 1853.8, 582.7289)
[DIAG] _physics_process: checking camera follow
[DIAG] _physics_process: plane and camera valid, updating camera
[DIAG] _physics_process: camera moved from (516.8077, 2019.388, 535.1121) to (515.062, 2019.388, 536.759)
[DIAG] _physics_process: IN_PLANE returning
[AUDIT] poll_forensic_hud: ENTER
[DIAG] _physics_process: ENTER, state=0
[DIAG] _physics_process: IN_PLANE branch entered
[DIAG] _physics_process: plane position updated to (546.3616, 1853.8, 584.3706)
[DIAG] _physics_process: checking camera follow
[DIAG] _physics_process: plane and camera valid, updating camera
[DIAG] _physics_process: camera moved from (515.062, 2019.388, 536.759) to (513.3113, 2019.388, 538.4008)
[DIAG] _physics_process: IN_PLANE returning
[DIAG] _poll_controls: ENTER, state=0
[VERBATIM] POLL: _poll_controls() entered, game_state=0
[DIAG] _poll_controls: EXIT (IN_PLANE branch)
[DEBUG] _input (build_terrain) called, event=InputEventMouseMotion: button_mask=0, position=((255.0, 156.0)), relative=((-12.0, -2.0)), velocity=((-1100.872, -303.6889)), pressure=0.00, tilt=((0.0, 0.0)), pen_inverted=(false)
[AUDIT] poll_forensic_hud: ENTER
[DIAG] _physics_process: ENTER, state=0
[DIAG] _physics_process: IN_PLANE branch entered
[DIAG] _physics_process: plane position updated to (544.606, 1853.8, 586.007)
[DIAG] _physics_process: checking camera follow
[DIAG] _physics_process: plane and camera valid, updating camera
[DIAG] _physics_process: camera moved from (513.3113, 2019.388, 538.4008) to (511.5557, 2019.388, 540.0371)
[DIAG] _physics_process: IN_PLANE returning
[AUDIT] poll_forensic_hud: ENTER
[DIAG] _physics_process: ENTER, state=0
[DIAG] _physics_process: IN_PLANE branch entered
[DIAG] _physics_process: plane position updated to (542.8456, 1853.8, 587.6382)
[DIAG] _physics_process: checking camera follow
[DIAG] _physics_process: plane and camera valid, updating camera
[DIAG] _physics_process: camera moved from (511.5557, 2019.388, 540.0371) to (509.7953, 2019.388, 541.6683)
[DIAG] _physics_process: IN_PLANE returning
[DIAG] _poll_controls: ENTER, state=0
[VERBATIM] POLL: _poll_controls() entered, game_state=0
[DIAG] _poll_controls: EXIT (IN_PLANE branch)
[DEBUG] _input (build_terrain) called, event=InputEventMouseMotion: button_mask=0, position=((247.0, 156.0)), relative=((-8.0, 0.0)), velocity=((-329.778, -94.2223)), pressure=0.00, tilt=((0.0, 0.0)), pen_inverted=(false)
[AUDIT] poll_forensic_hud: ENTER
[DIAG] _physics_process: ENTER, state=0
[DIAG] _physics_process: IN_PLANE branch entered
[DIAG] _physics_process: plane position updated to (541.0802, 1853.8, 589.2641)
[DIAG] _physics_process: checking camera follow
[DIAG] _physics_process: plane and camera valid, updating camera
[DIAG] _physics_process: camera moved from (509.7953, 2019.388, 541.6683) to (508.0299, 2019.388, 543.2942)
[DIAG] _physics_process: IN_PLANE returning
[AUDIT] poll_forensic_hud: ENTER
[DIAG] _physics_process: ENTER, state=0
[DIAG] _physics_process: IN_PLANE branch entered
[DIAG] _physics_process: plane position updated to (539.31, 1853.8, 590.8847)
[DIAG] _physics_process: checking camera follow
[DIAG] _physics_process: plane and camera valid, updating camera
[DIAG] _physics_process: camera moved from (508.0299, 2019.388, 543.2942) to (506.2597, 2019.388, 544.9148)
[DIAG] _physics_process: IN_PLANE returning
[DIAG] _poll_controls: ENTER, state=0
[VERBATIM] POLL: _poll_controls() entered, game_state=0
[DIAG] _poll_controls: EXIT (IN_PLANE branch)
[DEBUG] _input (build_terrain) called, event=InputEventMouseMotion: button_mask=0, position=((237.0, 160.0)), relative=((-10.0, 4.0)), velocity=((-329.778, -94.2223)), pressure=0.00, tilt=((0.0, 0.0)), pen_inverted=(false)
[AUDIT] poll_forensic_hud: ENTER
[DIAG] _physics_process: ENTER, state=0
[DIAG] _physics_process: IN_PLANE branch entered
[DIAG] _physics_process: plane position updated to (537.5349, 1853.8, 592.5)
[DIAG] _physics_process: checking camera follow
[DIAG] _physics_process: plane and camera valid, updating camera
[DIAG] _physics_process: camera moved from (506.2597, 2019.388, 544.9148) to (504.4846, 2019.388, 546.5302)
[DIAG] _physics_process: IN_PLANE returning
[AUDIT] poll_forensic_hud: ENTER
[DIAG] _physics_process: ENTER, state=0
[DIAG] _physics_process: IN_PLANE branch entered
[DIAG] _physics_process: plane position updated to (535.755, 1853.8, 594.1099)
[DIAG] _physics_process: checking camera follow
[DIAG] _physics_process: plane and camera valid, updating camera
[DIAG] _physics_process: camera moved from (504.4846, 2019.388, 546.5302) to (502.7047, 2019.388, 548.14)
[DIAG] _physics_process: IN_PLANE returning
[AUDIT] poll_forensic_hud: ENTER
[DIAG] _physics_process: ENTER, state=0
[DIAG] _physics_process: IN_PLANE branch entered
[DIAG] _physics_process: plane position updated to (533.9703, 1853.8, 595.7145)
[DIAG] _physics_process: checking camera follow
[DIAG] _physics_process: plane and camera valid, updating camera
[DIAG] _physics_process: camera moved from (502.7047, 2019.388, 548.14) to (500.92, 2019.388, 549.7446)
[DIAG] _physics_process: IN_PLANE returning
[DIAG] _poll_controls: ENTER, state=0
[VERBATIM] POLL: _poll_controls() entered, game_state=0
[DIAG] _poll_controls: EXIT (IN_PLANE branch)
[DEBUG] _input (build_terrain) called, event=InputEventMouseMotion: button_mask=0, position=((230.0, 164.0)), relative=((-7.0, 4.0)), velocity=((-329.778, -94.2223)), pressure=0.00, tilt=((0.0, 0.0)), pen_inverted=(false)
[AUDIT] poll_forensic_hud: ENTER
[DIAG] _physics_process: ENTER, state=0
[DIAG] _physics_process: IN_PLANE branch entered
[DIAG] _physics_process: plane position updated to (532.1807, 1853.8, 597.3137)
[DIAG] _physics_process: checking camera follow
[DIAG] _physics_process: plane and camera valid, updating camera
[DIAG] _physics_process: camera moved from (500.92, 2019.388, 549.7446) to (499.1304, 2019.388, 551.3439)
[DIAG] _physics_process: IN_PLANE returning
[AUDIT] poll_forensic_hud: ENTER
[DIAG] _physics_process: ENTER, state=0
[DIAG] _physics_process: IN_PLANE branch entered
[DIAG] _physics_process: plane position updated to (530.3864, 1853.8, 598.9076)
[DIAG] _physics_process: checking camera follow
[DIAG] _physics_process: plane and camera valid, updating camera
[DIAG] _physics_process: camera moved from (499.1304, 2019.388, 551.3439) to (497.3361, 2019.388, 552.9377)
[DIAG] _physics_process: IN_PLANE returning
[DIAG] _poll_controls: ENTER, state=0
[VERBATIM] POLL: _poll_controls() entered, game_state=0
[DIAG] _poll_controls: EXIT (IN_PLANE branch)
[DEBUG] _input (build_terrain) called, event=InputEventMouseMotion: button_mask=0, position=((224.0, 166.0)), relative=((-6.0, 2.0)), velocity=((-243.444, 77.90209)), pressure=0.00, tilt=((0.0, 0.0)), pen_inverted=(false)
[AUDIT] poll_forensic_hud: ENTER
[DIAG] _physics_process: ENTER, state=0
[DIAG] _physics_process: IN_PLANE branch entered
[DIAG] _physics_process: plane position updated to (528.5873, 1853.8, 600.496)
[DIAG] _physics_process: checking camera follow
[DIAG] _physics_process: plane and camera valid, updating camera
[DIAG] _physics_process: camera moved from (497.3361, 2019.388, 552.9377) to (495.537, 2019.388, 554.5261)
[DIAG] _physics_process: IN_PLANE returning
[AUDIT] poll_forensic_hud: ENTER
[DIAG] _physics_process: ENTER, state=0
[DIAG] _physics_process: IN_PLANE branch entered
[DIAG] _physics_process: plane position updated to (526.7834, 1853.8, 602.0791)
[DIAG] _physics_process: checking camera follow
[DIAG] _physics_process: plane and camera valid, updating camera
[DIAG] _physics_process: camera moved from (495.537, 2019.388, 554.5261) to (493.7331, 2019.388, 556.1093)
[DIAG] _physics_process: IN_PLANE returning
[DIAG] _poll_controls: ENTER, state=0
[VERBATIM] POLL: _poll_controls() entered, game_state=0
[DIAG] _poll_controls: EXIT (IN_PLANE branch)
[DEBUG] _input (build_terrain) called, event=InputEventMouseMotion: button_mask=0, position=((222.0, 166.0)), relative=((-2.0, 0.0)), velocity=((-243.444, 77.90209)), pressure=0.00, tilt=((0.0, 0.0)), pen_inverted=(false)
[AUDIT] poll_forensic_hud: ENTER
[DIAG] _physics_process: ENTER, state=0
[DIAG] _physics_process: IN_PLANE branch entered
[DIAG] _physics_process: plane position updated to (524.9748, 1853.8, 603.6567)
[DIAG] _physics_process: checking camera follow
[DIAG] _physics_process: plane and camera valid, updating camera
[DIAG] _physics_process: camera moved from (493.7331, 2019.388, 556.1093) to (491.9245, 2019.388, 557.6869)
[DIAG] _physics_process: IN_PLANE returning
[AUDIT] poll_forensic_hud: ENTER
[DIAG] _physics_process: ENTER, state=0
[DIAG] _physics_process: IN_PLANE branch entered
[DIAG] _physics_process: plane position updated to (523.1615, 1853.8, 605.2289)
[DIAG] _physics_process: checking camera follow
[DIAG] _physics_process: plane and camera valid, updating camera
[DIAG] _physics_process: camera moved from (491.9245, 2019.388, 557.6869) to (490.1112, 2019.388, 559.259)
[DIAG] _physics_process: IN_PLANE returning
[DIAG] _poll_controls: ENTER, state=0
[VERBATIM] POLL: _poll_controls() entered, game_state=0
[DIAG] _poll_controls: EXIT (IN_PLANE branch)
[AUDIT] poll_forensic_hud: ENTER
[DIAG] _physics_process: ENTER, state=0
[DIAG] _physics_process: IN_PLANE branch entered
[DIAG] _physics_process: plane position updated to (521.3434, 1853.8, 606.7957)
[DIAG] _physics_process: checking camera follow
[DIAG] _physics_process: plane and camera valid, updating camera
[DIAG] _physics_process: camera moved from (490.1112, 2019.388, 559.259) to (488.2932, 2019.388, 560.8258)
[DIAG] _physics_process: IN_PLANE returning
[AUDIT] poll_forensic_hud: ENTER
[DIAG] _physics_process: ENTER, state=0
[DIAG] _physics_process: IN_PLANE branch entered
[DIAG] _physics_process: plane position updated to (519.5207, 1853.8, 608.357)
[DIAG] _physics_process: checking camera follow
[DIAG] _physics_process: plane and camera valid, updating camera
[DIAG] _physics_process: camera moved from (488.2932, 2019.388, 560.8258) to (486.4704, 2019.388, 562.3871)
[DIAG] _physics_process: IN_PLANE returning
[DIAG] _poll_controls: ENTER, state=0
[VERBATIM] POLL: _poll_controls() entered, game_state=0
[DIAG] _poll_controls: EXIT (IN_PLANE branch)
[DEBUG] _input (build_terrain) called, event=InputEventMouseMotion: button_mask=0, position=((220.0, 166.0)), relative=((-2.0, 0.0)), velocity=((-75.70453, 18.92613)), pressure=0.00, tilt=((0.0, 0.0)), pen_inverted=(false)
[AUDIT] poll_forensic_hud: ENTER
[DIAG] _physics_process: ENTER, state=0
[DIAG] _physics_process: IN_PLANE branch entered
[DIAG] _physics_process: plane position updated to (517.6933, 1853.8, 609.9128)
[DIAG] _physics_process: checking camera follow
[DIAG] _physics_process: plane and camera valid, updating camera
[DIAG] _physics_process: camera moved from (486.4704, 2019.388, 562.3871) to (484.643, 2019.388, 563.943)
[DIAG] _physics_process: IN_PLANE returning
[AUDIT] poll_forensic_hud: ENTER
[DIAG] _physics_process: ENTER, state=0
[DIAG] _physics_process: IN_PLANE branch entered
[DIAG] _physics_process: plane position updated to (515.8613, 1853.8, 611.4631)
[DIAG] _physics_process: checking camera follow
[DIAG] _physics_process: plane and camera valid, updating camera
[DIAG] _physics_process: camera moved from (484.643, 2019.388, 563.943) to (482.811, 2019.388, 565.4933)
[DIAG] _physics_process: IN_PLANE returning
[DIAG] _poll_controls: ENTER, state=0
[VERBATIM] POLL: _poll_controls() entered, game_state=0
[DIAG] _poll_controls: EXIT (IN_PLANE branch)
[DEBUG] _input (build_terrain) called, event=InputEventMouseMotion: button_mask=0, position=((216.0, 166.0)), relative=((-4.0, 0.0)), velocity=((-75.70453, 18.92613)), pressure=0.00, tilt=((0.0, 0.0)), pen_inverted=(false)
[AUDIT] poll_forensic_hud: ENTER
[DIAG] _physics_process: ENTER, state=0
[DIAG] _physics_process: IN_PLANE branch entered
[DIAG] _physics_process: plane position updated to (514.0245, 1853.8, 613.008)
[DIAG] _physics_process: checking camera follow
[DIAG] _physics_process: plane and camera valid, updating camera
[DIAG] _physics_process: camera moved from (482.811, 2019.388, 565.4933) to (480.9742, 2019.388, 567.0381)
[DIAG] _physics_process: IN_PLANE returning
[AUDIT] poll_forensic_hud: ENTER
[DIAG] _physics_process: ENTER, state=0
[DIAG] _physics_process: IN_PLANE branch entered
[DIAG] _physics_process: plane position updated to (512.1832, 1853.8, 614.5473)
[DIAG] _physics_process: checking camera follow
[DIAG] _physics_process: plane and camera valid, updating camera
[DIAG] _physics_process: camera moved from (480.9742, 2019.388, 567.0381) to (479.1329, 2019.388, 568.5774)
[DIAG] _physics_process: IN_PLANE returning
[DIAG] _poll_controls: ENTER, state=0
[VERBATIM] POLL: _poll_controls() entered, game_state=0
[DIAG] _poll_controls: EXIT (IN_PLANE branch)
[DEBUG] _input (build_terrain) called, event=InputEventMouseMotion: button_mask=0, position=((213.0, 168.0)), relative=((-3.0, 2.0)), velocity=((-75.70453, 18.92613)), pressure=0.00, tilt=((0.0, 0.0)), pen_inverted=(false)
[AUDIT] poll_forensic_hud: ENTER
[DIAG] _physics_process: ENTER, state=0
[DIAG] _physics_process: IN_PLANE branch entered
[DIAG] _physics_process: plane position updated to (510.3372, 1853.8, 616.0811)
[DIAG] _physics_process: checking camera follow
[DIAG] _physics_process: plane and camera valid, updating camera
[DIAG] _physics_process: camera moved from (479.1329, 2019.388, 568.5774) to (477.2869, 2019.388, 570.1112)
[DIAG] _physics_process: IN_PLANE returning
[AUDIT] poll_forensic_hud: ENTER
[DIAG] _physics_process: ENTER, state=0
[DIAG] _physics_process: IN_PLANE branch entered
[DIAG] _physics_process: plane position updated to (508.4867, 1853.8, 617.6093)
[DIAG] _physics_process: checking camera follow
[DIAG] _physics_process: plane and camera valid, updating camera
[DIAG] _physics_process: camera moved from (477.2869, 2019.388, 570.1112) to (475.4364, 2019.388, 571.6394)
[DIAG] _physics_process: IN_PLANE returning
[DIAG] _poll_controls: ENTER, state=0
[VERBATIM] POLL: _poll_controls() entered, game_state=0
[DIAG] _poll_controls: EXIT (IN_PLANE branch)
[DEBUG] _input (build_terrain) called, event=InputEventMouseMotion: button_mask=0, position=((211.0, 167.0)), relative=((-2.0, -1.0)), velocity=((-84.49672, 18.77705)), pressure=0.00, tilt=((0.0, 0.0)), pen_inverted=(false)
[AUDIT] poll_forensic_hud: ENTER
[DIAG] _physics_process: ENTER, state=0
[DIAG] _physics_process: IN_PLANE branch entered
[DIAG] _physics_process: plane position updated to (506.6316, 1853.8, 619.132)
[DIAG] _physics_process: checking camera follow
[DIAG] _physics_process: plane and camera valid, updating camera
[DIAG] _physics_process: camera moved from (475.4364, 2019.388, 571.6394) to (473.5813, 2019.388, 573.1621)
[DIAG] _physics_process: IN_PLANE returning
[AUDIT] poll_forensic_hud: ENTER
[DIAG] _physics_process: ENTER, state=0
[DIAG] _physics_process: IN_PLANE branch entered
[DIAG] _physics_process: plane position updated to (504.7719, 1853.8, 620.6491)
[DIAG] _physics_process: checking camera follow
[DIAG] _physics_process: plane and camera valid, updating camera
[DIAG] _physics_process: camera moved from (473.5813, 2019.388, 573.1621) to (471.7216, 2019.388, 574.6792)
[DIAG] _physics_process: IN_PLANE returning
[DIAG] _poll_controls: ENTER, state=0
[VERBATIM] POLL: _poll_controls() entered, game_state=0
[DIAG] _poll_controls: EXIT (IN_PLANE branch)
[DEBUG] _input (build_terrain) called, event=InputEventMouseMotion: button_mask=0, position=((210.0, 167.0)), relative=((-1.0, 0.0)), velocity=((-84.49672, 18.77705)), pressure=0.00, tilt=((0.0, 0.0)), pen_inverted=(false)
[AUDIT] poll_forensic_hud: ENTER
[DIAG] _physics_process: ENTER, state=0
[DIAG] _physics_process: IN_PLANE branch entered
[DIAG] _physics_process: plane position updated to (502.9077, 1853.8, 622.1606)
[DIAG] _physics_process: checking camera follow
[DIAG] _physics_process: plane and camera valid, updating camera
[DIAG] _physics_process: camera moved from (471.7216, 2019.388, 574.6792) to (469.8574, 2019.388, 576.1908)
[DIAG] _physics_process: IN_PLANE returning
[AUDIT] poll_forensic_hud: ENTER
[DIAG] _physics_process: ENTER, state=0
[DIAG] _physics_process: IN_PLANE branch entered
[DIAG] _physics_process: plane position updated to (501.039, 1853.8, 623.6666)
[DIAG] _physics_process: checking camera follow
[DIAG] _physics_process: plane and camera valid, updating camera
[DIAG] _physics_process: camera moved from (469.8574, 2019.388, 576.1908) to (467.9886, 2019.388, 577.6967)
[DIAG] _physics_process: IN_PLANE returning
[DIAG] _poll_controls: ENTER, state=0
[VERBATIM] POLL: _poll_controls() entered, game_state=0
[DIAG] _poll_controls: EXIT (IN_PLANE branch)
[DEBUG] _input (build_terrain) called, event=InputEventMouseButton: button_index=1, mods=none, pressed=true, canceled=false, position=((210.0, 167.0)), button_mask=1, double_click=false
[PIP] drag start offset=(200.0, 157.0)
[AUDIT] poll_forensic_hud: ENTER
[AUDIT] _panel_rect: ENTER
[DIAG] _physics_process: ENTER, state=0
[DIAG] _physics_process: IN_PLANE branch entered
[DIAG] _physics_process: plane position updated to (499.1657, 1853.8, 625.1669)
[DIAG] _physics_process: checking camera follow
[DIAG] _physics_process: plane and camera valid, updating camera
[DIAG] _physics_process: camera moved from (467.9886, 2019.388, 577.6967) to (466.1154, 2019.388, 579.197)
[DIAG] _physics_process: IN_PLANE returning
[AUDIT] poll_forensic_hud: ENTER
[AUDIT] _panel_rect: ENTER
[DIAG] _physics_process: ENTER, state=0
[DIAG] _physics_process: IN_PLANE branch entered
[DIAG] _physics_process: plane position updated to (497.288, 1853.8, 626.6615)
[DIAG] _physics_process: checking camera follow
[DIAG] _physics_process: plane and camera valid, updating camera
[DIAG] _physics_process: camera moved from (466.1154, 2019.388, 579.197) to (464.2377, 2019.388, 580.6917)
[DIAG] _physics_process: IN_PLANE returning
[AUDIT] poll_forensic_hud: ENTER
[AUDIT] _panel_rect: ENTER
[DIAG] _physics_process: ENTER, state=0
[DIAG] _physics_process: IN_PLANE branch entered
[DIAG] _physics_process: plane position updated to (495.4058, 1853.8, 628.1506)
[DIAG] _physics_process: checking camera follow
[DIAG] _physics_process: plane and camera valid, updating camera
[DIAG] _physics_process: camera moved from (464.2377, 2019.388, 580.6917) to (462.3555, 2019.388, 582.1807)
[DIAG] _physics_process: IN_PLANE returning
[DIAG] _poll_controls: ENTER, state=0
[VERBATIM] POLL: _poll_controls() entered, game_state=0
[DIAG] _poll_controls: EXIT (IN_PLANE branch)
[VERBATIM] Wind updated: 12.5 kts @ 240.0°
[AUDIT] poll_forensic_hud: ENTER
[AUDIT] _panel_rect: ENTER
[DIAG] _physics_process: ENTER, state=0
[DIAG] _physics_process: IN_PLANE branch entered
[DIAG] _physics_process: plane position updated to (493.5191, 1853.8, 629.634)
[DIAG] _physics_process: checking camera follow
[DIAG] _physics_process: plane and camera valid, updating camera
[DIAG] _physics_process: camera moved from (462.3555, 2019.388, 582.1807) to (460.4688, 2019.388, 583.6641)
[DIAG] _physics_process: IN_PLANE returning
[AUDIT] poll_forensic_hud: ENTER
[AUDIT] _panel_rect: ENTER
[DIAG] _physics_process: ENTER, state=0
[DIAG] _physics_process: IN_PLANE branch entered
[DIAG] _physics_process: plane position updated to (491.628, 1853.8, 631.1117)
[DIAG] _physics_process: checking camera follow
[DIAG] _physics_process: plane and camera valid, updating camera
[DIAG] _physics_process: camera moved from (460.4688, 2019.388, 583.6641) to (458.5776, 2019.388, 585.1418)
[DIAG] _physics_process: IN_PLANE returning
[DIAG] _poll_controls: ENTER, state=0
[VERBATIM] POLL: _poll_controls() entered, game_state=0
[DIAG] _poll_controls: EXIT (IN_PLANE branch)
[DEBUG] _input (build_terrain) called, event=InputEventMouseMotion: button_mask=1 (Left Mouse Button), position=((209.0, 169.0)), relative=((-1.0, 2.0)), velocity=((-20.75593, -6.918643)), pressure=1.00, tilt=((0.0, 0.0)), pen_inverted=(false)
[AUDIT] poll_forensic_hud: ENTER
[AUDIT] _panel_rect: ENTER
[DIAG] _physics_process: ENTER, state=0
[DIAG] _physics_process: IN_PLANE branch entered
[DIAG] _physics_process: plane position updated to (489.7324, 1853.8, 632.5837)
[DIAG] _physics_process: checking camera follow
[DIAG] _physics_process: plane and camera valid, updating camera
[DIAG] _physics_process: camera moved from (458.5776, 2019.388, 585.1418) to (456.6821, 2019.388, 586.6139)
[DIAG] _physics_process: IN_PLANE returning
[AUDIT] poll_forensic_hud: ENTER
[AUDIT] _panel_rect: ENTER
[DIAG] _physics_process: ENTER, state=0
[DIAG] _physics_process: IN_PLANE branch entered
[DIAG] _physics_process: plane position updated to (487.8325, 1853.8, 634.05)
[DIAG] _physics_process: checking camera follow
[DIAG] _physics_process: plane and camera valid, updating camera
[DIAG] _physics_process: camera moved from (456.6821, 2019.388, 586.6139) to (454.7822, 2019.388, 588.0802)
[DIAG] _physics_process: IN_PLANE returning
[DIAG] _poll_controls: ENTER, state=0
[VERBATIM] POLL: _poll_controls() entered, game_state=0
[DIAG] _poll_controls: EXIT (IN_PLANE branch)
[DEBUG] _input (build_terrain) called, event=InputEventMouseMotion: button_mask=1 (Left Mouse Button), position=((213.0, 196.0)), relative=((4.0, 27.0)), velocity=((-20.75593, -6.918643)), pressure=1.00, tilt=((0.0, 0.0)), pen_inverted=(false)
[AUDIT] poll_forensic_hud: ENTER
[AUDIT] _panel_rect: ENTER
[DIAG] _physics_process: ENTER, state=0
[DIAG] _physics_process: IN_PLANE branch entered
[DIAG] _physics_process: plane position updated to (485.9281, 1853.8, 635.5107)
[DIAG] _physics_process: checking camera follow
[DIAG] _physics_process: plane and camera valid, updating camera
[DIAG] _physics_process: camera moved from (454.7822, 2019.388, 588.0802) to (452.8778, 2019.388, 589.5408)
[DIAG] _physics_process: IN_PLANE returning
[AUDIT] poll_forensic_hud: ENTER
[AUDIT] _panel_rect: ENTER
[DIAG] _physics_process: ENTER, state=0
[DIAG] _physics_process: IN_PLANE branch entered
[DIAG] _physics_process: plane position updated to (484.0194, 1853.8, 636.9656)
[DIAG] _physics_process: checking camera follow
[DIAG] _physics_process: plane and camera valid, updating camera
[DIAG] _physics_process: camera moved from (452.8778, 2019.388, 589.5408) to (450.9691, 2019.388, 590.9957)
[DIAG] _physics_process: IN_PLANE returning
[DIAG] _poll_controls: ENTER, state=0
[VERBATIM] POLL: _poll_controls() entered, game_state=0
[DIAG] _poll_controls: EXIT (IN_PLANE branch)
[DEBUG] _input (build_terrain) called, event=InputEventMouseMotion: button_mask=1 (Left Mouse Button), position=((225.0, 253.0)), relative=((12.0, 57.0)), velocity=((-20.75593, -6.918643)), pressure=1.00, tilt=((0.0, 0.0)), pen_inverted=(false)
[AUDIT] poll_forensic_hud: ENTER
[AUDIT] _panel_rect: ENTER
[DIAG] _physics_process: ENTER, state=0
[DIAG] _physics_process: IN_PLANE branch entered
[DIAG] _physics_process: plane position updated to (482.1063, 1853.8, 638.4148)
[DIAG] _physics_process: checking camera follow
[DIAG] _physics_process: plane and camera valid, updating camera
[DIAG] _physics_process: camera moved from (450.9691, 2019.388, 590.9957) to (449.056, 2019.388, 592.4449)
[DIAG] _physics_process: IN_PLANE returning
[AUDIT] poll_forensic_hud: ENTER
[AUDIT] _panel_rect: ENTER
[DIAG] _physics_process: ENTER, state=0
[DIAG] _physics_process: IN_PLANE branch entered
[DIAG] _physics_process: plane position updated to (480.1889, 1853.8, 639.8583)
[DIAG] _physics_process: checking camera follow
[DIAG] _physics_process: plane and camera valid, updating camera
[DIAG] _physics_process: camera moved from (449.056, 2019.388, 592.4449) to (447.1386, 2019.388, 593.8884)
[DIAG] _physics_process: IN_PLANE returning
[DIAG] _poll_controls: ENTER, state=0
[VERBATIM] POLL: _poll_controls() entered, game_state=0
[DIAG] _poll_controls: EXIT (IN_PLANE branch)
[DEBUG] _input (build_terrain) called, event=InputEventMouseMotion: button_mask=1 (Left Mouse Button), position=((244.0, 317.0)), relative=((19.0, 64.0)), velocity=((145.8392, 836.1448)), pressure=1.00, tilt=((0.0, 0.0)), pen_inverted=(false)
[AUDIT] poll_forensic_hud: ENTER
[AUDIT] _panel_rect: ENTER
[DIAG] _physics_process: ENTER, state=0
[DIAG] _physics_process: IN_PLANE branch entered
[DIAG] _physics_process: plane position updated to (478.2672, 1853.8, 641.296)
[DIAG] _physics_process: checking camera follow
[DIAG] _physics_process: plane and camera valid, updating camera
[DIAG] _physics_process: camera moved from (447.1386, 2019.388, 593.8884) to (445.2169, 2019.388, 595.326)
[DIAG] _physics_process: IN_PLANE returning
[AUDIT] poll_forensic_hud: ENTER
[AUDIT] _panel_rect: ENTER
[DIAG] _physics_process: ENTER, state=0
[DIAG] _physics_process: IN_PLANE branch entered
[DIAG] _physics_process: plane position updated to (476.3412, 1853.8, 642.7278)
[DIAG] _physics_process: checking camera follow
[DIAG] _physics_process: plane and camera valid, updating camera
[DIAG] _physics_process: camera moved from (445.2169, 2019.388, 595.326) to (443.2908, 2019.388, 596.7579)
[DIAG] _physics_process: IN_PLANE returning
[DIAG] _poll_controls: ENTER, state=0
[VERBATIM] POLL: _poll_controls() entered, game_state=0
[DIAG] _poll_controls: EXIT (IN_PLANE branch)
[DEBUG] _input (build_terrain) called, event=InputEventMouseMotion: button_mask=1 (Left Mouse Button), position=((250.0, 364.0)), relative=((6.0, 47.0)), velocity=((145.8392, 836.1448)), pressure=1.00, tilt=((0.0, 0.0)), pen_inverted=(false)
[AUDIT] poll_forensic_hud: ENTER
[AUDIT] _panel_rect: ENTER
[DIAG] _physics_process: ENTER, state=0
[DIAG] _physics_process: IN_PLANE branch entered
[DIAG] _physics_process: plane position updated to (474.4108, 1853.8, 644.154)
[DIAG] _physics_process: checking camera follow
[DIAG] _physics_process: plane and camera valid, updating camera
[DIAG] _physics_process: camera moved from (443.2908, 2019.388, 596.7579) to (441.3605, 2019.388, 598.1841)
[DIAG] _physics_process: IN_PLANE returning
[AUDIT] poll_forensic_hud: ENTER
[AUDIT] _panel_rect: ENTER
[DIAG] _physics_process: ENTER, state=0
[DIAG] _physics_process: IN_PLANE branch entered
[DIAG] _physics_process: plane position updated to (472.4762, 1853.8, 645.5743)
[DIAG] _physics_process: checking camera follow
[DIAG] _physics_process: plane and camera valid, updating camera
[DIAG] _physics_process: camera moved from (441.3605, 2019.388, 598.1841) to (439.4259, 2019.388, 599.6045)
[DIAG] _physics_process: IN_PLANE returning
[DIAG] _poll_controls: ENTER, state=0
[VERBATIM] POLL: _poll_controls() entered, game_state=0
[DIAG] _poll_controls: EXIT (IN_PLANE branch)
[DEBUG] _input (build_terrain) called, event=InputEventMouseMotion: button_mask=1 (Left Mouse Button), position=((263.0, 419.0)), relative=((13.0, 55.0)), velocity=((145.8392, 836.1448)), pressure=1.00, tilt=((0.0, 0.0)), pen_inverted=(false)
[AUDIT] poll_forensic_hud: ENTER
[AUDIT] _panel_rect: ENTER
[DIAG] _physics_process: ENTER, state=0
[DIAG] _physics_process: IN_PLANE branch entered
[DIAG] _physics_process: plane position updated to (470.5374, 1853.8, 646.9888)
[DIAG] _physics_process: checking camera follow
[DIAG] _physics_process: plane and camera valid, updating camera
[DIAG] _physics_process: camera moved from (439.4259, 2019.388, 599.6045) to (437.4871, 2019.388, 601.0189)
[DIAG] _physics_process: IN_PLANE returning
[AUDIT] poll_forensic_hud: ENTER
[AUDIT] _panel_rect: ENTER
[DIAG] _physics_process: ENTER, state=0
[DIAG] _physics_process: IN_PLANE branch entered
[DIAG] _physics_process: plane position updated to (468.5943, 1853.8, 648.3975)
[DIAG] _physics_process: checking camera follow
[DIAG] _physics_process: plane and camera valid, updating camera
[DIAG] _physics_process: camera moved from (437.4871, 2019.388, 601.0189) to (435.544, 2019.388, 602.4276)
[DIAG] _physics_process: IN_PLANE returning
[DIAG] _poll_controls: ENTER, state=0
[VERBATIM] POLL: _poll_controls() entered, game_state=0
[DIAG] _poll_controls: EXIT (IN_PLANE branch)
[DEBUG] _input (build_terrain) called, event=InputEventMouseMotion: button_mask=1 (Left Mouse Button), position=((269.0, 448.0)), relative=((6.0, 29.0)), velocity=((353.8142, 1545.609)), pressure=1.00, tilt=((0.0, 0.0)), pen_inverted=(false)
[AUDIT] poll_forensic_hud: ENTER
[AUDIT] _panel_rect: ENTER
[DIAG] _physics_process: ENTER, state=0
[DIAG] _physics_process: IN_PLANE branch entered
[DIAG] _physics_process: plane position updated to (466.647, 1853.8, 649.8004)
[DIAG] _physics_process: checking camera follow
[DIAG] _physics_process: plane and camera valid, updating camera
[DIAG] _physics_process: camera moved from (435.544, 2019.388, 602.4276) to (433.5967, 2019.388, 603.8306)
[DIAG] _physics_process: IN_PLANE returning
[AUDIT] poll_forensic_hud: ENTER
[AUDIT] _panel_rect: ENTER
[DIAG] _physics_process: ENTER, state=0
[DIAG] _physics_process: IN_PLANE branch entered
[DIAG] _physics_process: plane position updated to (464.6955, 1853.8, 651.1974)
[DIAG] _physics_process: checking camera follow
[DIAG] _physics_process: plane and camera valid, updating camera
[DIAG] _physics_process: camera moved from (433.5967, 2019.388, 603.8306) to (431.6452, 2019.388, 605.2275)
[DIAG] _physics_process: IN_PLANE returning
[DIAG] _poll_controls: ENTER, state=0
[VERBATIM] POLL: _poll_controls() entered, game_state=0
[DIAG] _poll_controls: EXIT (IN_PLANE branch)
[DEBUG] _input (build_terrain) called, event=InputEventMouseMotion: button_mask=1 (Left Mouse Button), position=((270.0, 452.0)), relative=((1.0, 4.0)), velocity=((353.8142, 1545.609)), pressure=1.00, tilt=((0.0, 0.0)), pen_inverted=(false)
[AUDIT] poll_forensic_hud: ENTER
[AUDIT] _panel_rect: ENTER
[DIAG] _physics_process: ENTER, state=0
[DIAG] _physics_process: IN_PLANE branch entered
[DIAG] _physics_process: plane position updated to (462.7398, 1853.8, 652.5886)
[DIAG] _physics_process: checking camera follow
[DIAG] _physics_process: plane and camera valid, updating camera
[DIAG] _physics_process: camera moved from (431.6452, 2019.388, 605.2275) to (429.6895, 2019.388, 606.6187)
[DIAG] _physics_process: IN_PLANE returning
[AUDIT] poll_forensic_hud: ENTER
[AUDIT] _panel_rect: ENTER
[DIAG] _physics_process: ENTER, state=0
[DIAG] _physics_process: IN_PLANE branch entered
[DIAG] _physics_process: plane position updated to (460.78, 1853.8, 653.9739)
[DIAG] _physics_process: checking camera follow
[DIAG] _physics_process: plane and camera valid, updating camera
[DIAG] _physics_process: camera moved from (429.6895, 2019.388, 606.6187) to (427.7297, 2019.388, 608.004)
[DIAG] _physics_process: IN_PLANE returning
[DIAG] _poll_controls: ENTER, state=0
[VERBATIM] POLL: _poll_controls() entered, game_state=0
[DIAG] _poll_controls: EXIT (IN_PLANE branch)
[DEBUG] _input (build_terrain) called, event=InputEventMouseMotion: button_mask=1 (Left Mouse Button), position=((272.0, 463.0)), relative=((2.0, 11.0)), velocity=((353.8142, 1545.609)), pressure=1.00, tilt=((0.0, 0.0)), pen_inverted=(false)
[AUDIT] poll_forensic_hud: ENTER
[AUDIT] _panel_rect: ENTER
[DIAG] _physics_process: ENTER, state=0
[DIAG] _physics_process: IN_PLANE branch entered
[DIAG] _physics_process: plane position updated to (458.816, 1853.8, 655.3533)
[DIAG] _physics_process: checking camera follow
[DIAG] _physics_process: plane and camera valid, updating camera
[DIAG] _physics_process: camera moved from (427.7297, 2019.388, 608.004) to (425.7657, 2019.388, 609.3834)
[DIAG] _physics_process: IN_PLANE returning
[AUDIT] poll_forensic_hud: ENTER
[AUDIT] _panel_rect: ENTER
[DIAG] _physics_process: ENTER, state=0
[DIAG] _physics_process: IN_PLANE branch entered
[DIAG] _physics_process: plane position updated to (456.8479, 1853.8, 656.7267)
[DIAG] _physics_process: checking camera follow
[DIAG] _physics_process: plane and camera valid, updating camera
[DIAG] _physics_process: camera moved from (425.7657, 2019.388, 609.3834) to (423.7975, 2019.388, 610.7568)
[DIAG] _physics_process: IN_PLANE returning
[AUDIT] poll_forensic_hud: ENTER
[AUDIT] _panel_rect: ENTER
[DIAG] _physics_process: ENTER, state=0
[DIAG] _physics_process: IN_PLANE branch entered
[DIAG] _physics_process: plane position updated to (454.8756, 1853.8, 658.0944)
[DIAG] _physics_process: checking camera follow
[DIAG] _physics_process: plane and camera valid, updating camera
[DIAG] _physics_process: camera moved from (423.7975, 2019.388, 610.7568) to (421.8253, 2019.388, 612.1245)
[DIAG] _physics_process: IN_PLANE returning
[DIAG] _poll_controls: ENTER, state=0
[VERBATIM] POLL: _poll_controls() entered, game_state=0
[DIAG] _poll_controls: EXIT (IN_PLANE branch)
[DEBUG] _input (build_terrain) called, event=InputEventMouseMotion: button_mask=1 (Left Mouse Button), position=((274.0, 471.0)), relative=((2.0, 8.0)), velocity=((83.33873, 407.4338)), pressure=1.00, tilt=((0.0, 0.0)), pen_inverted=(false)
[AUDIT] poll_forensic_hud: ENTER
[AUDIT] _panel_rect: ENTER
[DIAG] _physics_process: ENTER, state=0
[DIAG] _physics_process: IN_PLANE branch entered
[DIAG] _physics_process: plane position updated to (452.8993, 1853.8, 659.456)
[DIAG] _physics_process: checking camera follow
[DIAG] _physics_process: plane and camera valid, updating camera
[DIAG] _physics_process: camera moved from (421.8253, 2019.388, 612.1245) to (419.849, 2019.388, 613.4861)
[DIAG] _physics_process: IN_PLANE returning
[AUDIT] poll_forensic_hud: ENTER
[AUDIT] _panel_rect: ENTER
[DIAG] _physics_process: ENTER, state=0
[DIAG] _physics_process: IN_PLANE branch entered
[DIAG] _physics_process: plane position updated to (450.9189, 1853.8, 660.8117)
[DIAG] _physics_process: checking camera follow
[DIAG] _physics_process: plane and camera valid, updating camera
[DIAG] _physics_process: camera moved from (419.849, 2019.388, 613.4861) to (417.8686, 2019.388, 614.8418)
[DIAG] _physics_process: IN_PLANE returning
[DIAG] _poll_controls: ENTER, state=0
[VERBATIM] POLL: _poll_controls() entered, game_state=0
[DIAG] _poll_controls: EXIT (IN_PLANE branch)
[DEBUG] _input (build_terrain) called, event=InputEventMouseMotion: button_mask=1 (Left Mouse Button), position=((280.0, 480.0)), relative=((6.0, 9.0)), velocity=((83.33873, 407.4338)), pressure=1.00, tilt=((0.0, 0.0)), pen_inverted=(false)
[AUDIT] poll_forensic_hud: ENTER
[AUDIT] _panel_rect: ENTER
[DIAG] _physics_process: ENTER, state=0
[DIAG] _physics_process: IN_PLANE branch entered
[DIAG] _physics_process: plane position updated to (448.9344, 1853.8, 662.1615)
[DIAG] _physics_process: checking camera follow
[DIAG] _physics_process: plane and camera valid, updating camera
[DIAG] _physics_process: camera moved from (417.8686, 2019.388, 614.8418) to (415.8842, 2019.388, 616.1917)
[DIAG] _physics_process: IN_PLANE returning
[AUDIT] poll_forensic_hud: ENTER
[AUDIT] _panel_rect: ENTER
[DIAG] _physics_process: ENTER, state=0
[DIAG] _physics_process: IN_PLANE branch entered
[DIAG] _physics_process: plane position updated to (446.946, 1853.8, 663.5053)
[DIAG] _physics_process: checking camera follow
[DIAG] _physics_process: plane and camera valid, updating camera
[DIAG] _physics_process: camera moved from (415.8842, 2019.388, 616.1917) to (413.8956, 2019.388, 617.5354)
[DIAG] _physics_process: IN_PLANE returning
[DIAG] _poll_controls: ENTER, state=0
[VERBATIM] POLL: _poll_controls() entered, game_state=0
[DIAG] _poll_controls: EXIT (IN_PLANE branch)
[DEBUG] _input (build_terrain) called, event=InputEventMouseMotion: button_mask=1 (Left Mouse Button), position=((285.0, 487.0)), relative=((5.0, 7.0)), velocity=((83.33873, 407.4338)), pressure=1.00, tilt=((0.0, 0.0)), pen_inverted=(false)
[AUDIT] poll_forensic_hud: ENTER
[AUDIT] _panel_rect: ENTER
[DIAG] _physics_process: ENTER, state=0
[DIAG] _physics_process: IN_PLANE branch entered
[DIAG] _physics_process: plane position updated to (444.9534, 1853.8, 664.8432)
[DIAG] _physics_process: checking camera follow
[DIAG] _physics_process: plane and camera valid, updating camera
[DIAG] _physics_process: camera moved from (413.8956, 2019.388, 617.5354) to (411.9031, 2019.388, 618.8733)
[DIAG] _physics_process: IN_PLANE returning
[AUDIT] poll_forensic_hud: ENTER
[AUDIT] _panel_rect: ENTER
[DIAG] _physics_process: ENTER, state=0
[DIAG] _physics_process: IN_PLANE branch entered
[DIAG] _physics_process: plane position updated to (442.9569, 1853.8, 666.175)
[DIAG] _physics_process: checking camera follow
[DIAG] _physics_process: plane and camera valid, updating camera
[DIAG] _physics_process: camera moved from (411.9031, 2019.388, 618.8733) to (409.9066, 2019.388, 620.2052)
[DIAG] _physics_process: IN_PLANE returning
[DIAG] _poll_controls: ENTER, state=0
[VERBATIM] POLL: _poll_controls() entered, game_state=0
[DIAG] _poll_controls: EXIT (IN_PLANE branch)
[DEBUG] _input (build_terrain) called, event=InputEventMouseMotion: button_mask=1 (Left Mouse Button), position=((300.0, 508.0)), relative=((15.0, 21.0)), velocity=((125.1805, 231.1025)), pressure=1.00, tilt=((0.0, 0.0)), pen_inverted=(false)
[AUDIT] poll_forensic_hud: ENTER
[AUDIT] _panel_rect: ENTER
[DIAG] _physics_process: ENTER, state=0
[DIAG] _physics_process: IN_PLANE branch entered
[DIAG] _physics_process: plane position updated to (440.9564, 1853.8, 667.5009)
[DIAG] _physics_process: checking camera follow
[DIAG] _physics_process: plane and camera valid, updating camera
[DIAG] _physics_process: camera moved from (409.9066, 2019.388, 620.2052) to (407.9061, 2019.388, 621.531)
[DIAG] _physics_process: IN_PLANE returning
[AUDIT] poll_forensic_hud: ENTER
[AUDIT] _panel_rect: ENTER
[DIAG] _physics_process: ENTER, state=0
[DIAG] _physics_process: IN_PLANE branch entered
[DIAG] _physics_process: plane position updated to (438.9519, 1853.8, 668.8208)
[DIAG] _physics_process: checking camera follow
[DIAG] _physics_process: plane and camera valid, updating camera
[DIAG] _physics_process: camera moved from (407.9061, 2019.388, 621.531) to (405.9016, 2019.388, 622.851)
[DIAG] _physics_process: IN_PLANE returning
[DIAG] _poll_controls: ENTER, state=0
[VERBATIM] POLL: _poll_controls() entered, game_state=0
[DIAG] _poll_controls: EXIT (IN_PLANE branch)
[DEBUG] _input (build_terrain) called, event=InputEventMouseMotion: button_mask=1 (Left Mouse Button), position=((306.0, 517.0)), relative=((6.0, 9.0)), velocity=((125.1805, 231.1025)), pressure=1.00, tilt=((0.0, 0.0)), pen_inverted=(false)
[AUDIT] poll_forensic_hud: ENTER
[AUDIT] _panel_rect: ENTER
[DIAG] _physics_process: ENTER, state=0
[DIAG] _physics_process: IN_PLANE branch entered
[DIAG] _physics_process: plane position updated to (436.9435, 1853.8, 670.1346)
[DIAG] _physics_process: checking camera follow
[DIAG] _physics_process: plane and camera valid, updating camera
[DIAG] _physics_process: camera moved from (405.9016, 2019.388, 622.851) to (403.8931, 2019.388, 624.1648)
[DIAG] _physics_process: IN_PLANE returning
[AUDIT] poll_forensic_hud: ENTER
[AUDIT] _panel_rect: ENTER
[DIAG] _physics_process: ENTER, state=0
[DIAG] _physics_process: IN_PLANE branch entered
[DIAG] _physics_process: plane position updated to (434.9311, 1853.8, 671.4424)
[DIAG] _physics_process: checking camera follow
[DIAG] _physics_process: plane and camera valid, updating camera
[DIAG] _physics_process: camera moved from (403.8931, 2019.388, 624.1648) to (401.8808, 2019.388, 625.4725)
[DIAG] _physics_process: IN_PLANE returning
[DIAG] _poll_controls: ENTER, state=0
[VERBATIM] POLL: _poll_controls() entered, game_state=0
[DIAG] _poll_controls: EXIT (IN_PLANE branch)
[DEBUG] _input (build_terrain) called, event=InputEventMouseMotion: button_mask=1 (Left Mouse Button), position=((312.0, 525.0)), relative=((6.0, 8.0)), velocity=((125.1805, 231.1025)), pressure=1.00, tilt=((0.0, 0.0)), pen_inverted=(false)
[AUDIT] poll_forensic_hud: ENTER
[AUDIT] _panel_rect: ENTER
[DIAG] _physics_process: ENTER, state=0
[DIAG] _physics_process: IN_PLANE branch entered
[DIAG] _physics_process: plane position updated to (432.9148, 1853.8, 672.7442)
[DIAG] _physics_process: checking camera follow
[DIAG] _physics_process: plane and camera valid, updating camera
[DIAG] _physics_process: camera moved from (401.8808, 2019.388, 625.4725) to (399.8645, 2019.388, 626.7743)
[DIAG] _physics_process: IN_PLANE returning
[AUDIT] poll_forensic_hud: ENTER
[AUDIT] _panel_rect: ENTER
[DIAG] _physics_process: ENTER, state=0
[DIAG] _physics_process: IN_PLANE branch entered
[DIAG] _physics_process: plane position updated to (430.8946, 1853.8, 674.0399)
[DIAG] _physics_process: checking camera follow
[DIAG] _physics_process: plane and camera valid, updating camera
[DIAG] _physics_process: camera moved from (399.8645, 2019.388, 626.7743) to (397.8443, 2019.388, 628.0701)
[DIAG] _physics_process: IN_PLANE returning
[DIAG] _poll_controls: ENTER, state=0
[VERBATIM] POLL: _poll_controls() entered, game_state=0
[DIAG] _poll_controls: EXIT (IN_PLANE branch)
[DEBUG] _input (build_terrain) called, event=InputEventMouseMotion: button_mask=1 (Left Mouse Button), position=((313.0, 527.0)), relative=((1.0, 2.0)), velocity=((254.8324, 358.653)), pressure=1.00, tilt=((0.0, 0.0)), pen_inverted=(false)
[AUDIT] poll_forensic_hud: ENTER
[AUDIT] _panel_rect: ENTER
[DIAG] _physics_process: ENTER, state=0
[DIAG] _physics_process: IN_PLANE branch entered
[DIAG] _physics_process: plane position updated to (428.8706, 1853.8, 675.3296)
[DIAG] _physics_process: checking camera follow
[DIAG] _physics_process: plane and camera valid, updating camera
[DIAG] _physics_process: camera moved from (397.8443, 2019.388, 628.0701) to (395.8203, 2019.388, 629.3597)
[DIAG] _physics_process: IN_PLANE returning
[AUDIT] poll_forensic_hud: ENTER
[AUDIT] _panel_rect: ENTER
[DIAG] _physics_process: ENTER, state=0
[DIAG] _physics_process: IN_PLANE branch entered
[DIAG] _physics_process: plane position updated to (426.8427, 1853.8, 676.6132)
[DIAG] _physics_process: checking camera follow
[DIAG] _physics_process: plane and camera valid, updating camera
[DIAG] _physics_process: camera moved from (395.8203, 2019.388, 629.3597) to (393.7924, 2019.388, 630.6433)
[DIAG] _physics_process: IN_PLANE returning
[DIAG] _poll_controls: ENTER, state=0
[VERBATIM] POLL: _poll_controls() entered, game_state=0
[DIAG] _poll_controls: EXIT (IN_PLANE branch)
[AUDIT] poll_forensic_hud: ENTER
[AUDIT] _panel_rect: ENTER
[DIAG] _physics_process: ENTER, state=0
[DIAG] _physics_process: IN_PLANE branch entered
[DIAG] _physics_process: plane position updated to (424.8109, 1853.8, 677.8906)
[DIAG] _physics_process: checking camera follow
[DIAG] _physics_process: plane and camera valid, updating camera
[DIAG] _physics_process: camera moved from (393.7924, 2019.388, 630.6433) to (391.7606, 2019.388, 631.9208)
[DIAG] _physics_process: IN_PLANE returning
[AUDIT] poll_forensic_hud: ENTER
[AUDIT] _panel_rect: ENTER
[DIAG] _physics_process: ENTER, state=0
[DIAG] _physics_process: IN_PLANE branch entered
[DIAG] _physics_process: plane position updated to (422.7753, 1853.8, 679.162)
[DIAG] _physics_process: checking camera follow
[DIAG] _physics_process: plane and camera valid, updating camera
[DIAG] _physics_process: camera moved from (391.7606, 2019.388, 631.9208) to (389.725, 2019.388, 633.1921)
[DIAG] _physics_process: IN_PLANE returning
[DIAG] _poll_controls: ENTER, state=0
[VERBATIM] POLL: _poll_controls() entered, game_state=0
[DIAG] _poll_controls: EXIT (IN_PLANE branch)
[AUDIT] poll_forensic_hud: ENTER
[AUDIT] _panel_rect: ENTER
[DIAG] _physics_process: ENTER, state=0
[DIAG] _physics_process: IN_PLANE branch entered
[DIAG] _physics_process: plane position updated to (420.7359, 1853.8, 680.4272)
[DIAG] _physics_process: checking camera follow
[DIAG] _physics_process: plane and camera valid, updating camera
[DIAG] _physics_process: camera moved from (389.725, 2019.388, 633.1921) to (387.6856, 2019.388, 634.4574)
[DIAG] _physics_process: IN_PLANE returning
[AUDIT] poll_forensic_hud: ENTER
[AUDIT] _panel_rect: ENTER
[DIAG] _physics_process: ENTER, state=0
[DIAG] _physics_process: IN_PLANE branch entered
[DIAG] _physics_process: plane position updated to (418.6927, 1853.8, 681.6864)
[DIAG] _physics_process: checking camera follow
[DIAG] _physics_process: plane and camera valid, updating camera
[DIAG] _physics_process: camera moved from (387.6856, 2019.388, 634.4574) to (385.6425, 2019.388, 635.7166)
[DIAG] _physics_process: IN_PLANE returning
[AUDIT] poll_forensic_hud: ENTER
[AUDIT] _panel_rect: ENTER
[DIAG] _physics_process: ENTER, state=0
[DIAG] _physics_process: IN_PLANE branch entered
[DIAG] _physics_process: plane position updated to (416.6458, 1853.8, 682.9395)
[DIAG] _physics_process: checking camera follow
[DIAG] _physics_process: plane and camera valid, updating camera
[DIAG] _physics_process: camera moved from (385.6425, 2019.388, 635.7166) to (383.5955, 2019.388, 636.9696)
[DIAG] _physics_process: IN_PLANE returning
[DIAG] _poll_controls: ENTER, state=0
[VERBATIM] POLL: _poll_controls() entered, game_state=0
[DIAG] _poll_controls: EXIT (IN_PLANE branch)
[AUDIT] poll_forensic_hud: ENTER
[AUDIT] _panel_rect: ENTER
[DIAG] _physics_process: ENTER, state=0
[DIAG] _physics_process: IN_PLANE branch entered
[DIAG] _physics_process: plane position updated to (414.5951, 1853.8, 684.1863)
[DIAG] _physics_process: checking camera follow
[DIAG] _physics_process: plane and camera valid, updating camera
[DIAG] _physics_process: camera moved from (383.5955, 2019.388, 636.9696) to (381.5448, 2019.388, 638.2164)
[DIAG] _physics_process: IN_PLANE returning
[AUDIT] poll_forensic_hud: ENTER
[AUDIT] _panel_rect: ENTER
[DIAG] _physics_process: ENTER, state=0
[DIAG] _physics_process: IN_PLANE branch entered
[DIAG] _physics_process: plane position updated to (412.5407, 1853.8, 685.427)
[DIAG] _physics_process: checking camera follow
[DIAG] _physics_process: plane and camera valid, updating camera
[DIAG] _physics_process: camera moved from (381.5448, 2019.388, 638.2164) to (379.4904, 2019.388, 639.4572)
[DIAG] _physics_process: IN_PLANE returning
[DIAG] _poll_controls: ENTER, state=0
[VERBATIM] POLL: _poll_controls() entered, game_state=0
[DIAG] _poll_controls: EXIT (IN_PLANE branch)
[AUDIT] poll_forensic_hud: ENTER
[AUDIT] _panel_rect: ENTER
[DIAG] _physics_process: ENTER, state=0
[DIAG] _physics_process: IN_PLANE branch entered
[DIAG] _physics_process: plane position updated to (410.4826, 1853.8, 686.6615)
[DIAG] _physics_process: checking camera follow
[DIAG] _physics_process: plane and camera valid, updating camera
[DIAG] _physics_process: camera moved from (379.4904, 2019.388, 639.4572) to (377.4323, 2019.388, 640.6917)
[DIAG] _physics_process: IN_PLANE returning
[AUDIT] poll_forensic_hud: ENTER
[AUDIT] _panel_rect: ENTER
[DIAG] _physics_process: ENTER, state=0
[DIAG] _physics_process: IN_PLANE branch entered
[DIAG] _physics_process: plane position updated to (408.4207, 1853.8, 687.8899)
[DIAG] _physics_process: checking camera follow
[DIAG] _physics_process: plane and camera valid, updating camera
[DIAG] _physics_process: camera moved from (377.4323, 2019.388, 640.6917) to (375.3704, 2019.388, 641.92)
[DIAG] _physics_process: IN_PLANE returning
[AUDIT] poll_forensic_hud: ENTER
[AUDIT] _panel_rect: ENTER
[DIAG] _physics_process: ENTER, state=0
[DIAG] _physics_process: IN_PLANE branch entered
[DIAG] _physics_process: plane position updated to (406.3553, 1853.8, 689.1121)
[DIAG] _physics_process: checking camera follow
[DIAG] _physics_process: plane and camera valid, updating camera
[DIAG] _physics_process: camera moved from (375.3704, 2019.388, 641.92) to (373.3049, 2019.388, 643.1422)
[DIAG] _physics_process: IN_PLANE returning
[DIAG] _poll_controls: ENTER, state=0
[VERBATIM] POLL: _poll_controls() entered, game_state=0
[DIAG] _poll_controls: EXIT (IN_PLANE branch)
[AUDIT] poll_forensic_hud: ENTER
[AUDIT] _panel_rect: ENTER
[DIAG] _physics_process: ENTER, state=0
[DIAG] _physics_process: IN_PLANE branch entered
[DIAG] _physics_process: plane position updated to (404.2861, 1853.8, 690.328)
[DIAG] _physics_process: checking camera follow
[DIAG] _physics_process: plane and camera valid, updating camera
[DIAG] _physics_process: camera moved from (373.3049, 2019.388, 643.1422) to (371.2358, 2019.388, 644.3582)
[DIAG] _physics_process: IN_PLANE returning
[AUDIT] poll_forensic_hud: ENTER
[AUDIT] _panel_rect: ENTER
[DIAG] _physics_process: ENTER, state=0
[DIAG] _physics_process: IN_PLANE branch entered
[DIAG] _physics_process: plane position updated to (402.2133, 1853.8, 691.5378)
[DIAG] _physics_process: checking camera follow
[DIAG] _physics_process: plane and camera valid, updating camera
[DIAG] _physics_process: camera moved from (371.2358, 2019.388, 644.3582) to (369.163, 2019.388, 645.5679)
[DIAG] _physics_process: IN_PLANE returning
[DIAG] _poll_controls: ENTER, state=0
[VERBATIM] POLL: _poll_controls() entered, game_state=0
[DIAG] _poll_controls: EXIT (IN_PLANE branch)
[AUDIT] poll_forensic_hud: ENTER
[AUDIT] _panel_rect: ENTER
[DIAG] _physics_process: ENTER, state=0
[DIAG] _physics_process: IN_PLANE branch entered
[DIAG] _physics_process: plane position updated to (400.1369, 1853.8, 692.7413)
[DIAG] _physics_process: checking camera follow
[DIAG] _physics_process: plane and camera valid, updating camera
[DIAG] _physics_process: camera moved from (369.163, 2019.388, 645.5679) to (367.0865, 2019.388, 646.7714)
[DIAG] _physics_process: IN_PLANE returning
[AUDIT] poll_forensic_hud: ENTER
[AUDIT] _panel_rect: ENTER
[DIAG] _physics_process: ENTER, state=0
[DIAG] _physics_process: IN_PLANE branch entered
[DIAG] _physics_process: plane position updated to (398.0568, 1853.8, 693.9386)
[DIAG] _physics_process: checking camera follow
[DIAG] _physics_process: plane and camera valid, updating camera
[DIAG] _physics_process: camera moved from (367.0865, 2019.388, 646.7714) to (365.0065, 2019.388, 647.9688)
[DIAG] _physics_process: IN_PLANE returning
[DIAG] _poll_controls: ENTER, state=0
[VERBATIM] POLL: _poll_controls() entered, game_state=0
[DIAG] _poll_controls: EXIT (IN_PLANE branch)
[AUDIT] poll_forensic_hud: ENTER
[AUDIT] _panel_rect: ENTER
[DIAG] _physics_process: ENTER, state=0
[DIAG] _physics_process: IN_PLANE branch entered
[DIAG] _physics_process: plane position updated to (395.9732, 1853.8, 695.1296)
[DIAG] _physics_process: checking camera follow
[DIAG] _physics_process: plane and camera valid, updating camera
[DIAG] _physics_process: camera moved from (365.0065, 2019.388, 647.9688) to (362.9229, 2019.388, 649.1598)
[DIAG] _physics_process: IN_PLANE returning
[AUDIT] poll_forensic_hud: ENTER
[AUDIT] _panel_rect: ENTER
[DIAG] _physics_process: ENTER, state=0
[DIAG] _physics_process: IN_PLANE branch entered
[DIAG] _physics_process: plane position updated to (393.8861, 1853.8, 696.3144)
[DIAG] _physics_process: checking camera follow
[DIAG] _physics_process: plane and camera valid, updating camera
[DIAG] _physics_process: camera moved from (362.9229, 2019.388, 649.1598) to (360.8358, 2019.388, 650.3445)
[DIAG] _physics_process: IN_PLANE returning
[DIAG] _poll_controls: ENTER, state=0
[VERBATIM] POLL: _poll_controls() entered, game_state=0
[DIAG] _poll_controls: EXIT (IN_PLANE branch)
[AUDIT] poll_forensic_hud: ENTER
[AUDIT] _panel_rect: ENTER
[DIAG] _physics_process: ENTER, state=0
[DIAG] _physics_process: IN_PLANE branch entered
[DIAG] _physics_process: plane position updated to (391.7953, 1853.8, 697.4929)
[DIAG] _physics_process: checking camera follow
[DIAG] _physics_process: plane and camera valid, updating camera
[DIAG] _physics_process: camera moved from (360.8358, 2019.388, 650.3445) to (358.7451, 2019.388, 651.5231)
[DIAG] _physics_process: IN_PLANE returning
[AUDIT] poll_forensic_hud: ENTER
[AUDIT] _panel_rect: ENTER
[DIAG] _physics_process: ENTER, state=0
[DIAG] _physics_process: IN_PLANE branch entered
[DIAG] _physics_process: plane position updated to (389.7011, 1853.8, 698.6652)
[DIAG] _physics_process: checking camera follow
[DIAG] _physics_process: plane and camera valid, updating camera
[DIAG] _physics_process: camera moved from (358.7451, 2019.388, 651.5231) to (356.6508, 2019.388, 652.6953)
[DIAG] _physics_process: IN_PLANE returning
[DIAG] _poll_controls: ENTER, state=0
[VERBATIM] POLL: _poll_controls() entered, game_state=0
[DIAG] _poll_controls: EXIT (IN_PLANE branch)
[AUDIT] poll_forensic_hud: ENTER
[AUDIT] _panel_rect: ENTER
[DIAG] _physics_process: ENTER, state=0
[DIAG] _physics_process: IN_PLANE branch entered
[DIAG] _physics_process: plane position updated to (387.6034, 1853.8, 699.8311)
[DIAG] _physics_process: checking camera follow
[DIAG] _physics_process: plane and camera valid, updating camera
[DIAG] _physics_process: camera moved from (356.6508, 2019.388, 652.6953) to (354.553, 2019.388, 653.8612)
[DIAG] _physics_process: IN_PLANE returning
[AUDIT] poll_forensic_hud: ENTER
[AUDIT] _panel_rect: ENTER
[DIAG] _physics_process: ENTER, state=0
[DIAG] _physics_process: IN_PLANE branch entered
[DIAG] _physics_process: plane position updated to (385.5021, 1853.8, 700.9908)
[DIAG] _physics_process: checking camera follow
[DIAG] _physics_process: plane and camera valid, updating camera
[DIAG] _physics_process: camera moved from (354.553, 2019.388, 653.8612) to (352.4518, 2019.388, 655.0209)
[DIAG] _physics_process: IN_PLANE returning
[DIAG] _poll_controls: ENTER, state=0
[VERBATIM] POLL: _poll_controls() entered, game_state=0
[DIAG] _poll_controls: EXIT (IN_PLANE branch)
[AUDIT] poll_forensic_hud: ENTER
[AUDIT] _panel_rect: ENTER
[DIAG] _physics_process: ENTER, state=0
[DIAG] _physics_process: IN_PLANE branch entered
[DIAG] _physics_process: plane position updated to (383.3974, 1853.8, 702.1442)
[DIAG] _physics_process: checking camera follow
[DIAG] _physics_process: plane and camera valid, updating camera
[DIAG] _physics_process: camera moved from (352.4518, 2019.388, 655.0209) to (350.3471, 2019.388, 656.1743)
[DIAG] _physics_process: IN_PLANE returning
[AUDIT] poll_forensic_hud: ENTER
[AUDIT] _panel_rect: ENTER
[DIAG] _physics_process: ENTER, state=0
[DIAG] _physics_process: IN_PLANE branch entered
[DIAG] _physics_process: plane position updated to (381.2893, 1853.8, 703.2912)
[DIAG] _physics_process: checking camera follow
[DIAG] _physics_process: plane and camera valid, updating camera
[DIAG] _physics_process: camera moved from (350.3471, 2019.388, 656.1743) to (348.239, 2019.388, 657.3213)
[DIAG] _physics_process: IN_PLANE returning
[DIAG] _poll_controls: ENTER, state=0
[VERBATIM] POLL: _poll_controls() entered, game_state=0
[DIAG] _poll_controls: EXIT (IN_PLANE branch)
[AUDIT] poll_forensic_hud: ENTER
[AUDIT] _panel_rect: ENTER
[DIAG] _physics_process: ENTER, state=0
[DIAG] _physics_process: IN_PLANE branch entered
[DIAG] _physics_process: plane position updated to (379.1777, 1853.8, 704.4319)
[DIAG] _physics_process: checking camera follow
[DIAG] _physics_process: plane and camera valid, updating camera
[DIAG] _physics_process: camera moved from (348.239, 2019.388, 657.3213) to (346.1274, 2019.388, 658.462)
[DIAG] _physics_process: IN_PLANE returning
[AUDIT] poll_forensic_hud: ENTER
[AUDIT] _panel_rect: ENTER
[DIAG] _physics_process: ENTER, state=0
[DIAG] _physics_process: IN_PLANE branch entered
[DIAG] _physics_process: plane position updated to (377.0627, 1853.8, 705.5662)
[DIAG] _physics_process: checking camera follow
[DIAG] _physics_process: plane and camera valid, updating camera
[DIAG] _physics_process: camera moved from (346.1274, 2019.388, 658.462) to (344.0124, 2019.388, 659.5963)
[DIAG] _physics_process: IN_PLANE returning
[DIAG] _poll_controls: ENTER, state=0
[VERBATIM] POLL: _poll_controls() entered, game_state=0
[DIAG] _poll_controls: EXIT (IN_PLANE branch)
[VERBATIM] Wind updated: 12.5 kts @ 240.0°
[AUDIT] poll_forensic_hud: ENTER
[AUDIT] _panel_rect: ENTER
[DIAG] _physics_process: ENTER, state=0
[DIAG] _physics_process: IN_PLANE branch entered
[DIAG] _physics_process: plane position updated to (374.9443, 1853.8, 706.6943)
[DIAG] _physics_process: checking camera follow
[DIAG] _physics_process: plane and camera valid, updating camera
[DIAG] _physics_process: camera moved from (344.0124, 2019.388, 659.5963) to (341.894, 2019.388, 660.7244)
[DIAG] _physics_process: IN_PLANE returning
[AUDIT] poll_forensic_hud: ENTER
[AUDIT] _panel_rect: ENTER
[DIAG] _physics_process: ENTER, state=0
[DIAG] _physics_process: IN_PLANE branch entered
[DIAG] _physics_process: plane position updated to (372.8225, 1853.8, 707.8159)
[DIAG] _physics_process: checking camera follow
[DIAG] _physics_process: plane and camera valid, updating camera
[DIAG] _physics_process: camera moved from (341.894, 2019.388, 660.7244) to (339.7722, 2019.388, 661.8461)
[DIAG] _physics_process: IN_PLANE returning
[DIAG] _poll_controls: ENTER, state=0
[VERBATIM] POLL: _poll_controls() entered, game_state=0
[DIAG] _poll_controls: EXIT (IN_PLANE branch)
[AUDIT] poll_forensic_hud: ENTER
[AUDIT] _panel_rect: ENTER
[PIPLIVE] eye=(100.0, 1830.5, -100.0) state=0 deployed=false framing=aircraft/sky
[DIAG] _physics_process: ENTER, state=0
[DIAG] _physics_process: IN_PLANE branch entered
[DIAG] _physics_process: plane position updated to (370.6974, 1853.8, 708.9312)
[DIAG] _physics_process: checking camera follow
[DIAG] _physics_process: plane and camera valid, updating camera
[DIAG] _physics_process: camera moved from (339.7722, 2019.388, 661.8461) to (337.6471, 2019.388, 662.9613)
[DIAG] _physics_process: IN_PLANE returning
[AUDIT] poll_forensic_hud: ENTER
[AUDIT] _panel_rect: ENTER
[DIAG] _physics_process: ENTER, state=0
[DIAG] _physics_process: IN_PLANE branch entered
[DIAG] _physics_process: plane position updated to (368.5689, 1853.8, 710.0401)
[DIAG] _physics_process: checking camera follow
[DIAG] _physics_process: plane and camera valid, updating camera
[DIAG] _physics_process: camera moved from (337.6471, 2019.388, 662.9613) to (335.5186, 2019.388, 664.0702)
[DIAG] _physics_process: IN_PLANE returning
[DIAG] _poll_controls: ENTER, state=0
[VERBATIM] POLL: _poll_controls() entered, game_state=0
[DIAG] _poll_controls: EXIT (IN_PLANE branch)
[DEBUG] _input (build_terrain) called, event=InputEventMouseButton: button_index=1, mods=none, pressed=false, canceled=false, position=((313.0, 527.0)), button_mask=0, double_click=false
[PIP] drag end position=(113.0, 370.0)
[VERBATIM] PiP position saved: (113.0, 370.0)
[PIP] position saved: (113.0, 370.0)
[AUDIT] poll_forensic_hud: ENTER
[DIAG] _physics_process: ENTER, state=0
[DIAG] _physics_process: IN_PLANE branch entered
[DIAG] _physics_process: plane position updated to (366.4372, 1853.8, 711.1426)
[DIAG] _physics_process: checking camera follow
[DIAG] _physics_process: plane and camera valid, updating camera
[DIAG] _physics_process: camera moved from (335.5186, 2019.388, 664.0702) to (333.3868, 2019.388, 665.1727)
[DIAG] _physics_process: IN_PLANE returning
[AUDIT] poll_forensic_hud: ENTER
[DIAG] _physics_process: ENTER, state=0
[DIAG] _physics_process: IN_PLANE branch entered
[DIAG] _physics_process: plane position updated to (364.3021, 1853.8, 712.2387)
[DIAG] _physics_process: checking camera follow
[DIAG] _physics_process: plane and camera valid, updating camera
[DIAG] _physics_process: camera moved from (333.3868, 2019.388, 665.1727) to (331.2518, 2019.388, 666.2688)
[DIAG] _physics_process: IN_PLANE returning
[AUDIT] poll_forensic_hud: ENTER
[DIAG] _physics_process: ENTER, state=0
[DIAG] _physics_process: IN_PLANE branch entered
[DIAG] _physics_process: plane position updated to (362.1638, 1853.8, 713.3284)
[DIAG] _physics_process: checking camera follow
[DIAG] _physics_process: plane and camera valid, updating camera
[DIAG] _physics_process: camera moved from (331.2518, 2019.388, 666.2688) to (329.1135, 2019.388, 667.3585)
[DIAG] _physics_process: IN_PLANE returning
[DIAG] _poll_controls: ENTER, state=0
[VERBATIM] POLL: _poll_controls() entered, game_state=0
[DIAG] _poll_controls: EXIT (IN_PLANE branch)
[AUDIT] poll_forensic_hud: ENTER
[DIAG] _physics_process: ENTER, state=0
[DIAG] _physics_process: IN_PLANE branch entered
[DIAG] _physics_process: plane position updated to (360.0221, 1853.8, 714.4117)
[DIAG] _physics_process: checking camera follow
[DIAG] _physics_process: plane and camera valid, updating camera
[DIAG] _physics_process: camera moved from (329.1135, 2019.388, 667.3585) to (326.9718, 2019.388, 668.4418)
[DIAG] _physics_process: IN_PLANE returning
[AUDIT] poll_forensic_hud: ENTER
[DIAG] _physics_process: ENTER, state=0
[DIAG] _physics_process: IN_PLANE branch entered
[DIAG] _physics_process: plane position updated to (357.8773, 1853.8, 715.4885)
[DIAG] _physics_process: checking camera follow
[DIAG] _physics_process: plane and camera valid, updating camera
[DIAG] _physics_process: camera moved from (326.9718, 2019.388, 668.4418) to (324.827, 2019.388, 669.5187)
[DIAG] _physics_process: IN_PLANE returning
[DIAG] _poll_controls: ENTER, state=0
[VERBATIM] POLL: _poll_controls() entered, game_state=0
[DIAG] _poll_controls: EXIT (IN_PLANE branch)
[AUDIT] poll_forensic_hud: ENTER
[DIAG] _physics_process: ENTER, state=0
[DIAG] _physics_process: IN_PLANE branch entered
[DIAG] _physics_process: plane position updated to (355.7292, 1853.8, 716.559)
[DIAG] _physics_process: checking camera follow
[DIAG] _physics_process: plane and camera valid, updating camera
[DIAG] _physics_process: camera moved from (324.827, 2019.388, 669.5187) to (322.6789, 2019.388, 670.5891)
[DIAG] _physics_process: IN_PLANE returning
[AUDIT] poll_forensic_hud: ENTER
[DIAG] _physics_process: ENTER, state=0
[DIAG] _physics_process: IN_PLANE branch entered
[DIAG] _physics_process: plane position updated to (353.5779, 1853.8, 717.6229)
[DIAG] _physics_process: checking camera follow
[DIAG] _physics_process: plane and camera valid, updating camera
[DIAG] _physics_process: camera moved from (322.6789, 2019.388, 670.5891) to (320.5276, 2019.388, 671.6531)
[DIAG] _physics_process: IN_PLANE returning
[DIAG] _poll_controls: ENTER, state=0
[VERBATIM] POLL: _poll_controls() entered, game_state=0
[DIAG] _poll_controls: EXIT (IN_PLANE branch)
[DEBUG] _input (build_terrain) called, event=InputEventMouseMotion: button_mask=0, position=((313.0, 526.0)), relative=((0.0, -1.0)), velocity=((1.671017, 3.342034)), pressure=0.00, tilt=((0.0, 0.0)), pen_inverted=(false)
[AUDIT] poll_forensic_hud: ENTER
[DIAG] _physics_process: ENTER, state=0
[DIAG] _physics_process: IN_PLANE branch entered
[DIAG] _physics_process: plane position updated to (351.4235, 1853.8, 718.6804)
[DIAG] _physics_process: checking camera follow
[DIAG] _physics_process: plane and camera valid, updating camera
[DIAG] _physics_process: camera moved from (320.5276, 2019.388, 671.6531) to (318.3732, 2019.388, 672.7106)
[DIAG] _physics_process: IN_PLANE returning
[AUDIT] poll_forensic_hud: ENTER
[DIAG] _physics_process: ENTER, state=0
[DIAG] _physics_process: IN_PLANE branch entered
[DIAG] _physics_process: plane position updated to (349.2659, 1853.8, 719.7314)
[DIAG] _physics_process: checking camera follow
[DIAG] _physics_process: plane and camera valid, updating camera
[DIAG] _physics_process: camera moved from (318.3732, 2019.388, 672.7106) to (316.2156, 2019.388, 673.7616)
[DIAG] _physics_process: IN_PLANE returning
[DIAG] _poll_controls: ENTER, state=0
[VERBATIM] POLL: _poll_controls() entered, game_state=0
[DIAG] _poll_controls: EXIT (IN_PLANE branch)
[AUDIT] poll_forensic_hud: ENTER
[DIAG] _physics_process: ENTER, state=0
[DIAG] _physics_process: IN_PLANE branch entered
[DIAG] _physics_process: plane position updated to (347.1051, 1853.8, 720.776)
[DIAG] _physics_process: checking camera follow
[DIAG] _physics_process: plane and camera valid, updating camera
[DIAG] _physics_process: camera moved from (316.2156, 2019.388, 673.7616) to (314.0548, 2019.388, 674.8062)
[DIAG] _physics_process: IN_PLANE returning
[AUDIT] poll_forensic_hud: ENTER
[DIAG] _physics_process: ENTER, state=0
[DIAG] _physics_process: IN_PLANE branch entered
[DIAG] _physics_process: plane position updated to (344.9412, 1853.8, 721.8141)
[DIAG] _physics_process: checking camera follow
[DIAG] _physics_process: plane and camera valid, updating camera
[DIAG] _physics_process: camera moved from (314.0548, 2019.388, 674.8062) to (311.8909, 2019.388, 675.8442)
[DIAG] _physics_process: IN_PLANE returning
[DIAG] _poll_controls: ENTER, state=0
[VERBATIM] POLL: _poll_controls() entered, game_state=0
[DIAG] _poll_controls: EXIT (IN_PLANE branch)
[AUDIT] poll_forensic_hud: ENTER
[DIAG] _physics_process: ENTER, state=0
[DIAG] _physics_process: IN_PLANE branch entered
[DIAG] _physics_process: plane position updated to (342.7742, 1853.8, 722.8456)
[DIAG] _physics_process: checking camera follow
[DIAG] _physics_process: plane and camera valid, updating camera
[DIAG] _physics_process: camera moved from (311.8909, 2019.388, 675.8442) to (309.7239, 2019.388, 676.8757)
[DIAG] _physics_process: IN_PLANE returning
[AUDIT] poll_forensic_hud: ENTER
[DIAG] _physics_process: ENTER, state=0
[DIAG] _physics_process: IN_PLANE branch entered
[DIAG] _physics_process: plane position updated to (340.6042, 1853.8, 723.8707)
[DIAG] _physics_process: checking camera follow
[DIAG] _physics_process: plane and camera valid, updating camera
[DIAG] _physics_process: camera moved from (309.7239, 2019.388, 676.8757) to (307.5538, 2019.388, 677.9009)
[DIAG] _physics_process: IN_PLANE returning
[DIAG] _poll_controls: ENTER, state=0
[VERBATIM] POLL: _poll_controls() entered, game_state=0
[DIAG] _poll_controls: EXIT (IN_PLANE branch)
[DEBUG] _input (build_terrain) called, event=InputEventMouseMotion: button_mask=0, position=((313.0, 525.0)), relative=((0.0, -1.0)), velocity=((0.0, -9.64655)), pressure=0.00, tilt=((0.0, 0.0)), pen_inverted=(false)
[AUDIT] poll_forensic_hud: ENTER
[DIAG] _physics_process: ENTER, state=0
[DIAG] _physics_process: IN_PLANE branch entered
[DIAG] _physics_process: plane position updated to (338.431, 1853.8, 724.8893)
[DIAG] _physics_process: checking camera follow
[DIAG] _physics_process: plane and camera valid, updating camera
[DIAG] _physics_process: camera moved from (307.5538, 2019.388, 677.9009) to (305.3807, 2019.388, 678.9194)
[DIAG] _physics_process: IN_PLANE returning
[AUDIT] poll_forensic_hud: ENTER
[DIAG] _physics_process: ENTER, state=0
[DIAG] _physics_process: IN_PLANE branch entered
[DIAG] _physics_process: plane position updated to (336.2548, 1853.8, 725.9013)
[DIAG] _physics_process: checking camera follow
[DIAG] _physics_process: plane and camera valid, updating camera
[DIAG] _physics_process: camera moved from (305.3807, 2019.388, 678.9194) to (303.2045, 2019.388, 679.9314)
[DIAG] _physics_process: IN_PLANE returning
[DIAG] _poll_controls: ENTER, state=0
[VERBATIM] POLL: _poll_controls() entered, game_state=0
[DIAG] _poll_controls: EXIT (IN_PLANE branch)
[DEBUG] _input (build_terrain) called, event=InputEventMouseMotion: button_mask=0, position=((313.0, 525.0)), relative=((0.0, 0.0)), velocity=((0.0, -9.64655)), pressure=0.00, tilt=((0.0, 0.0)), pen_inverted=(false)
[AUDIT] poll_forensic_hud: ENTER
[DIAG] _physics_process: ENTER, state=0
[DIAG] _physics_process: IN_PLANE branch entered
[DIAG] _physics_process: plane position updated to (334.0756, 1853.8, 726.9068)
[DIAG] _physics_process: checking camera follow
[DIAG] _physics_process: plane and camera valid, updating camera
[DIAG] _physics_process: camera moved from (303.2045, 2019.388, 679.9314) to (301.0253, 2019.388, 680.9369)
[DIAG] _physics_process: IN_PLANE returning
[AUDIT] poll_forensic_hud: ENTER
[DIAG] _physics_process: ENTER, state=0
[DIAG] _physics_process: IN_PLANE branch entered
[DIAG] _physics_process: plane position updated to (331.8934, 1853.8, 727.9058)
[DIAG] _physics_process: checking camera follow
[DIAG] _physics_process: plane and camera valid, updating camera
[DIAG] _physics_process: camera moved from (301.0253, 2019.388, 680.9369) to (298.8431, 2019.388, 681.9359)
[DIAG] _physics_process: IN_PLANE returning
[DIAG] _poll_controls: ENTER, state=0
[VERBATIM] POLL: _poll_controls() entered, game_state=0
[DIAG] _poll_controls: EXIT (IN_PLANE branch)
[AUDIT] poll_forensic_hud: ENTER
[DIAG] _physics_process: ENTER, state=0
[DIAG] _physics_process: IN_PLANE branch entered
[DIAG] _physics_process: plane position updated to (329.7082, 1853.8, 728.8981)
[DIAG] _physics_process: checking camera follow
[DIAG] _physics_process: plane and camera valid, updating camera
[DIAG] _physics_process: camera moved from (298.8431, 2019.388, 681.9359) to (296.6578, 2019.388, 682.9282)
[DIAG] _physics_process: IN_PLANE returning
[AUDIT] poll_forensic_hud: ENTER
[DIAG] _physics_process: ENTER, state=0
[DIAG] _physics_process: IN_PLANE branch entered
[DIAG] _physics_process: plane position updated to (327.52, 1853.8, 729.884)
[DIAG] _physics_process: checking camera follow
[DIAG] _physics_process: plane and camera valid, updating camera
[DIAG] _physics_process: camera moved from (296.6578, 2019.388, 682.9282) to (294.4697, 2019.388, 683.9141)
[DIAG] _physics_process: IN_PLANE returning
[DIAG] _poll_controls: ENTER, state=0
[VERBATIM] POLL: _poll_controls() entered, game_state=0
[DIAG] _poll_controls: EXIT (IN_PLANE branch)
[AUDIT] poll_forensic_hud: ENTER
[DIAG] _physics_process: ENTER, state=0
[DIAG] _physics_process: IN_PLANE branch entered
[DIAG] _physics_process: plane position updated to (325.3289, 1853.8, 730.8633)
[DIAG] _physics_process: checking camera follow
[DIAG] _physics_process: plane and camera valid, updating camera
[DIAG] _physics_process: camera moved from (294.4697, 2019.388, 683.9141) to (292.2786, 2019.388, 684.8934)
[DIAG] _physics_process: IN_PLANE returning
[AUDIT] poll_forensic_hud: ENTER
[DIAG] _physics_process: ENTER, state=0
[DIAG] _physics_process: IN_PLANE branch entered
[DIAG] _physics_process: plane position updated to (323.1348, 1853.8, 731.8359)
[DIAG] _physics_process: checking camera follow
[DIAG] _physics_process: plane and camera valid, updating camera
[DIAG] _physics_process: camera moved from (292.2786, 2019.388, 684.8934) to (290.0845, 2019.388, 685.8661)
[DIAG] _physics_process: IN_PLANE returning
[DIAG] _poll_controls: ENTER, state=0
[VERBATIM] POLL: _poll_controls() entered, game_state=0
[DIAG] _poll_controls: EXIT (IN_PLANE branch)
[AUDIT] poll_forensic_hud: ENTER
[DIAG] _physics_process: ENTER, state=0
[DIAG] _physics_process: IN_PLANE branch entered
[DIAG] _physics_process: plane position updated to (320.9379, 1853.8, 732.8021)
[DIAG] _physics_process: checking camera follow
[DIAG] _physics_process: plane and camera valid, updating camera
[DIAG] _physics_process: camera moved from (290.0845, 2019.388, 685.8661) to (287.8876, 2019.388, 686.8322)
[DIAG] _physics_process: IN_PLANE returning
[AUDIT] poll_forensic_hud: ENTER
[DIAG] _physics_process: ENTER, state=0
[DIAG] _physics_process: IN_PLANE branch entered
[DIAG] _physics_process: plane position updated to (318.738, 1853.8, 733.7616)
[DIAG] _physics_process: checking camera follow
[DIAG] _physics_process: plane and camera valid, updating camera
[DIAG] _physics_process: camera moved from (287.8876, 2019.388, 686.8322) to (285.6877, 2019.388, 687.7917)
[DIAG] _physics_process: IN_PLANE returning
[DIAG] _poll_controls: ENTER, state=0
[VERBATIM] POLL: _poll_controls() entered, game_state=0
[DIAG] _poll_controls: EXIT (IN_PLANE branch)
[AUDIT] poll_forensic_hud: ENTER
[DIAG] _physics_process: ENTER, state=0
[DIAG] _physics_process: IN_PLANE branch entered
[DIAG] _physics_process: plane position updated to (316.5353, 1853.8, 734.7145)
[DIAG] _physics_process: checking camera follow
[DIAG] _physics_process: plane and camera valid, updating camera
[DIAG] _physics_process: camera moved from (285.6877, 2019.388, 687.7917) to (283.485, 2019.388, 688.7446)
[DIAG] _physics_process: IN_PLANE returning
[AUDIT] poll_forensic_hud: ENTER
[DIAG] _physics_process: ENTER, state=0
[DIAG] _physics_process: IN_PLANE branch entered
[DIAG] _physics_process: plane position updated to (314.3297, 1853.8, 735.6608)
[DIAG] _physics_process: checking camera follow
[DIAG] _physics_process: plane and camera valid, updating camera
[DIAG] _physics_process: camera moved from (283.485, 2019.388, 688.7446) to (281.2794, 2019.388, 689.6909)
[DIAG] _physics_process: IN_PLANE returning
[AUDIT] poll_forensic_hud: ENTER
[DIAG] _physics_process: ENTER, state=0
[DIAG] _physics_process: IN_PLANE branch entered
[DIAG] _physics_process: plane position updated to (312.1213, 1853.8, 736.6005)
[DIAG] _physics_process: checking camera follow
[DIAG] _physics_process: plane and camera valid, updating camera
[DIAG] _physics_process: camera moved from (281.2794, 2019.388, 689.6909) to (279.071, 2019.388, 690.6306)
[DIAG] _physics_process: IN_PLANE returning
[DIAG] _poll_controls: ENTER, state=0
[VERBATIM] POLL: _poll_controls() entered, game_state=0
[DIAG] _poll_controls: EXIT (IN_PLANE branch)
[AUDIT] poll_forensic_hud: ENTER
[DIAG] _physics_process: ENTER, state=0
[DIAG] _physics_process: IN_PLANE branch entered
[DIAG] _physics_process: plane position updated to (309.9102, 1853.8, 737.5335)
[DIAG] _physics_process: checking camera follow
[DIAG] _physics_process: plane and camera valid, updating camera
[DIAG] _physics_process: camera moved from (279.071, 2019.388, 690.6306) to (276.8599, 2019.388, 691.5636)
[DIAG] _physics_process: IN_PLANE returning
[AUDIT] poll_forensic_hud: ENTER
[DIAG] _physics_process: ENTER, state=0
[DIAG] _physics_process: IN_PLANE branch entered
[DIAG] _physics_process: plane position updated to (307.6962, 1853.8, 738.46)
[DIAG] _physics_process: checking camera follow
[DIAG] _physics_process: plane and camera valid, updating camera
[DIAG] _physics_process: camera moved from (276.8599, 2019.388, 691.5636) to (274.6459, 2019.388, 692.4901)
[DIAG] _physics_process: IN_PLANE returning
[DIAG] _poll_controls: ENTER, state=0
[VERBATIM] POLL: _poll_controls() entered, game_state=0
[DIAG] _poll_controls: EXIT (IN_PLANE branch)
[AUDIT] poll_forensic_hud: ENTER
[DIAG] _physics_process: ENTER, state=0
[DIAG] _physics_process: IN_PLANE branch entered
[DIAG] _physics_process: plane position updated to (305.4794, 1853.8, 739.3797)
[DIAG] _physics_process: checking camera follow
[DIAG] _physics_process: plane and camera valid, updating camera
[DIAG] _physics_process: camera moved from (274.6459, 2019.388, 692.4901) to (272.4291, 2019.388, 693.4098)
[DIAG] _physics_process: IN_PLANE returning
[AUDIT] poll_forensic_hud: ENTER
[DIAG] _physics_process: ENTER, state=0
[DIAG] _physics_process: IN_PLANE branch entered
[DIAG] _physics_process: plane position updated to (303.2599, 1853.8, 740.2928)
[DIAG] _physics_process: checking camera follow
[DIAG] _physics_process: plane and camera valid, updating camera
[DIAG] _physics_process: camera moved from (272.4291, 2019.388, 693.4098) to (270.2096, 2019.388, 694.3229)
[DIAG] _physics_process: IN_PLANE returning
[DIAG] _poll_controls: ENTER, state=0
[VERBATIM] POLL: _poll_controls() entered, game_state=0
[DIAG] _poll_controls: EXIT (IN_PLANE branch)
[AUDIT] poll_forensic_hud: ENTER
[DIAG] _physics_process: ENTER, state=0
[DIAG] _physics_process: IN_PLANE branch entered
[DIAG] _physics_process: plane position updated to (301.0376, 1853.8, 741.1993)
[DIAG] _physics_process: checking camera follow
[DIAG] _physics_process: plane and camera valid, updating camera
[DIAG] _physics_process: camera moved from (270.2096, 2019.388, 694.3229) to (267.9873, 2019.388, 695.2294)
[DIAG] _physics_process: IN_PLANE returning
[AUDIT] poll_forensic_hud: ENTER
[DIAG] _physics_process: ENTER, state=0
[DIAG] _physics_process: IN_PLANE branch entered
[DIAG] _physics_process: plane position updated to (298.8127, 1853.8, 742.0991)
[DIAG] _physics_process: checking camera follow
[DIAG] _physics_process: plane and camera valid, updating camera
[DIAG] _physics_process: camera moved from (267.9873, 2019.388, 695.2294) to (265.7624, 2019.388, 696.1292)
[DIAG] _physics_process: IN_PLANE returning
[DIAG] _poll_controls: ENTER, state=0
[VERBATIM] POLL: _poll_controls() entered, game_state=0
[DIAG] _poll_controls: EXIT (IN_PLANE branch)
[AUDIT] poll_forensic_hud: ENTER
[DIAG] _physics_process: ENTER, state=0
[DIAG] _physics_process: IN_PLANE branch entered
[DIAG] _physics_process: plane position updated to (296.5851, 1853.8, 742.9921)
[DIAG] _physics_process: checking camera follow
[DIAG] _physics_process: plane and camera valid, updating camera
[DIAG] _physics_process: camera moved from (265.7624, 2019.388, 696.1292) to (263.5347, 2019.388, 697.0222)
[DIAG] _physics_process: IN_PLANE returning
[AUDIT] poll_forensic_hud: ENTER
[DIAG] _physics_process: ENTER, state=0
[DIAG] _physics_process: IN_PLANE branch entered
[DIAG] _physics_process: plane position updated to (294.3547, 1853.8, 743.8785)
[DIAG] _physics_process: checking camera follow
[DIAG] _physics_process: plane and camera valid, updating camera
[DIAG] _physics_process: camera moved from (263.5347, 2019.388, 697.0222) to (261.3044, 2019.388, 697.9087)
[DIAG] _physics_process: IN_PLANE returning
[DIAG] _poll_controls: ENTER, state=0
[VERBATIM] POLL: _poll_controls() entered, game_state=0
[DIAG] _poll_controls: EXIT (IN_PLANE branch)
[AUDIT] poll_forensic_hud: ENTER
[DIAG] _physics_process: ENTER, state=0
[DIAG] _physics_process: IN_PLANE branch entered
[DIAG] _physics_process: plane position updated to (292.1218, 1853.8, 744.7582)
[DIAG] _physics_process: checking camera follow
[DIAG] _physics_process: plane and camera valid, updating camera
[DIAG] _physics_process: camera moved from (261.3044, 2019.388, 697.9087) to (259.0715, 2019.388, 698.7883)
[DIAG] _physics_process: IN_PLANE returning
[AUDIT] poll_forensic_hud: ENTER
[DIAG] _physics_process: ENTER, state=0
[DIAG] _physics_process: IN_PLANE branch entered
[DIAG] _physics_process: plane position updated to (289.8862, 1853.8, 745.6313)
[DIAG] _physics_process: checking camera follow
[DIAG] _physics_process: plane and camera valid, updating camera
[DIAG] _physics_process: camera moved from (259.0715, 2019.388, 698.7883) to (256.8359, 2019.388, 699.6614)
[DIAG] _physics_process: IN_PLANE returning
[DIAG] _poll_controls: ENTER, state=0
[VERBATIM] POLL: _poll_controls() entered, game_state=0
[DIAG] _poll_controls: EXIT (IN_PLANE branch)
[AUDIT] poll_forensic_hud: ENTER
[DIAG] _physics_process: ENTER, state=0
[DIAG] _physics_process: IN_PLANE branch entered
[DIAG] _physics_process: plane position updated to (287.648, 1853.8, 746.4976)
[DIAG] _physics_process: checking camera follow
[DIAG] _physics_process: plane and camera valid, updating camera
[DIAG] _physics_process: camera moved from (256.8359, 2019.388, 699.6614) to (254.5977, 2019.388, 700.5277)
[DIAG] _physics_process: IN_PLANE returning
[AUDIT] poll_forensic_hud: ENTER
[DIAG] _physics_process: ENTER, state=0
[DIAG] _physics_process: IN_PLANE branch entered
[DIAG] _physics_process: plane position updated to (285.4072, 1853.8, 747.3572)
[DIAG] _physics_process: checking camera follow
[DIAG] _physics_process: plane and camera valid, updating camera
[DIAG] _physics_process: camera moved from (254.5977, 2019.388, 700.5277) to (252.3569, 2019.388, 701.3873)
[DIAG] _physics_process: IN_PLANE returning
[DIAG] _poll_controls: ENTER, state=0
[VERBATIM] POLL: _poll_controls() entered, game_state=0
[DIAG] _poll_controls: EXIT (IN_PLANE branch)
[DEBUG] _input (build_terrain) called, event=InputEventKey: keycode=32 (Space), mods=none, physical=false, location=unspecified, pressed=true, echo=false
[VERBATIM] INPUT: action=deploy (SPACE)
ERROR:  --> SQL error: database is locked
   at: execute_statement (src/gdsqlite.cpp:353)

[DIAG] Engine error in src/gdsqlite.cpp at line 353 (source not found locally)
   GDScript backtrace (most recent call first):
       [0] _query (res://scripts/SqliteDb.gd:220)

[DIAG] Error in godot_project/scripts/SqliteDb.gd at line 220:
      [STALL SOURCE] godot_project/scripts/SqliteDb.gd lines 217-223 (offending line 220):
          217: 	if not _db_ok or not _db:
          218: 		print("[VERBATIM] DB NOT AVAILABLE – skipping: ", sql.left(60))
          219: 		return []
      >>  220: 	if not _db.query_with_bindings(sql, args):
          221: 		print("[VERBATIM] DB QUERY FAIL: " + sql.left(80))
          222: 		return []
          223: 	return _db.query_result
       [1] _save_camera_settings (res://scripts/build_terrain.gd:2709)

[DIAG] Error in godot_project/scripts/build_terrain.gd at line 2709:
      [STALL SOURCE] godot_project/scripts/build_terrain.gd lines 2706-2712 (offending line 2709):
         2706: 	var key = (
         2707: 		"camera_distance_plane" if _game_state == GameState.IN_PLANE else "camera_distance_freefall"
         2708: 	)
      >> 2709: 	db._query(
         2710: 		(
         2711: 			"INSERT OR REPLACE INTO user_preferences (key, value) VALUES ('"
         2712: 			+ key
       [2] _unhandled_input (res://scripts/build_terrain.gd:1859)

[DIAG] Error in godot_project/scripts/build_terrain.gd at line 1859:
      [STALL SOURCE] godot_project/scripts/build_terrain.gd lines 1856-1862 (offending line 1859):
         1856: 	):
         1857: 		get_tree().paused = false
         1858: 		_initial_paused = false
      >> 1859: 		_save_camera_settings()
         1860: 		print("[INIT] Game started")
         1861: 		return
         1862: 	if event.is_action_pressed("pause"):
[VERBATIM] DB QUERY FAIL: INSERT OR REPLACE INTO user_preferences (key, value) VALUES ('camera_distance_pl
[CAMERA] Saved camera distance to DB (camera_distance_plane): 175.0
[INIT] Game started
[INPUT] unhandled_input triggered
2026-08-04T17:12:10 [INFO] InputManager: key=Space code=32
2026-08-04T17:12:10 [INFO] InputManager: action 'deploy' pressed
[AUDIT] poll_forensic_hud: ENTER
[CTRL] pressed=deploy  key=Space  state=0  deployed=false  alt_m=1828.8
[DIAG] _physics_process: ENTER, state=0
[DIAG] _physics_process: IN_PLANE branch entered
[DIAG] _physics_process: plane position updated to (283.1639, 1853.8, 748.21)
[DIAG] _physics_process: checking camera follow
[DIAG] _physics_process: plane and camera valid, updating camera
[DIAG] _physics_process: camera moved from (252.3569, 2019.388, 701.3873) to (250.1136, 2019.388, 702.2401)
[DIAG] _physics_process: IN_PLANE returning
[AUDIT] poll_forensic_hud: ENTER
[DIAG] _physics_process: ENTER, state=0
[DIAG] _physics_process: IN_PLANE branch entered
[DIAG] _physics_process: plane position updated to (280.918, 1853.8, 749.0562)
[DIAG] _physics_process: checking camera follow
[DIAG] _physics_process: plane and camera valid, updating camera
[DIAG] _physics_process: camera moved from (250.1136, 2019.388, 702.2401) to (247.8677, 2019.388, 703.0863)
[DIAG] _physics_process: IN_PLANE returning
[AUDIT] poll_forensic_hud: ENTER
[DIAG] _physics_process: ENTER, state=0
[DIAG] _physics_process: IN_PLANE branch entered
[DIAG] _physics_process: plane position updated to (278.6696, 1853.8, 749.8955)
[DIAG] _physics_process: checking camera follow
[DIAG] _physics_process: plane and camera valid, updating camera
[DIAG] _physics_process: camera moved from (247.8677, 2019.388, 703.0863) to (245.6192, 2019.388, 703.9257)
[DIAG] _physics_process: IN_PLANE returning
[AUDIT] poll_forensic_hud: ENTER
[DIAG] _physics_process: ENTER, state=0
[DIAG] _physics_process: IN_PLANE branch entered
[DIAG] _physics_process: plane position updated to (276.4186, 1853.8, 750.7281)
[DIAG] _physics_process: checking camera follow
[DIAG] _physics_process: plane and camera valid, updating camera
[DIAG] _physics_process: camera moved from (245.6192, 2019.388, 703.9257) to (243.3683, 2019.388, 704.7583)
[DIAG] _physics_process: IN_PLANE returning
[AUDIT] poll_forensic_hud: ENTER
[DIAG] _physics_process: ENTER, state=0
[DIAG] _physics_process: IN_PLANE branch entered
[DIAG] _physics_process: plane position updated to (274.1652, 1853.8, 751.554)
[DIAG] _physics_process: checking camera follow
[DIAG] _physics_process: plane and camera valid, updating camera
[DIAG] _physics_process: camera moved from (243.3683, 2019.388, 704.7583) to (241.1149, 2019.388, 705.5841)
[DIAG] _physics_process: IN_PLANE returning
[AUDIT] poll_forensic_hud: ENTER
[DIAG] _physics_process: ENTER, state=0
[DIAG] _physics_process: IN_PLANE branch entered
[DIAG] _physics_process: plane position updated to (271.9093, 1853.8, 752.3731)
[DIAG] _physics_process: checking camera follow
[DIAG] _physics_process: plane and camera valid, updating camera
[DIAG] _physics_process: camera moved from (241.1149, 2019.388, 705.5841) to (238.859, 2019.388, 706.4032)
[DIAG] _physics_process: IN_PLANE returning
[AUDIT] poll_forensic_hud: ENTER
[DIAG] _physics_process: ENTER, state=0
[DIAG] _physics_process: IN_PLANE branch entered
[DIAG] _physics_process: plane position updated to (269.6509, 1853.8, 753.1855)
[DIAG] _physics_process: checking camera follow
[DIAG] _physics_process: plane and camera valid, updating camera
[DIAG] _physics_process: camera moved from (238.859, 2019.388, 706.4032) to (236.6006, 2019.388, 707.2156)
[DIAG] _physics_process: IN_PLANE returning
[AUDIT] poll_forensic_hud: ENTER
[DIAG] _physics_process: ENTER, state=0
[DIAG] _physics_process: IN_PLANE branch entered
[DIAG] _physics_process: plane position updated to (267.3902, 1853.8, 753.991)
[DIAG] _physics_process: checking camera follow
[DIAG] _physics_process: plane and camera valid, updating camera
[DIAG] _physics_process: camera moved from (236.6006, 2019.388, 707.2156) to (234.3399, 2019.388, 708.0211)
[DIAG] _physics_process: IN_PLANE returning
[DIAG] _poll_controls: ENTER, state=0
[VERBATIM] POLL: _poll_controls() entered, game_state=0
[DIAG] _poll_controls: exit aircraft triggered
[VERBATIM] EXIT AIRCRAFT - transitioning FREEFALL
[CAMERA] Switched to character after exit
[DIAG] _poll_controls: EXIT (IN_PLANE branch)
[DEBUG] _input (build_terrain) called, event=InputEventMouseMotion: button_mask=0, position=((313.0, 524.0)), relative=((0.0, -1.0)), velocity=((0.0, 0.0)), pressure=0.00, tilt=((0.0, 0.0)), pen_inverted=(false)
[AUDIT] _input: ENTER
[AUDIT] _gui_input: ENTER
[DEBUG] _input (build_terrain) called, event=InputEventKey: keycode=32 (Space), mods=none, physical=false, location=unspecified, pressed=false, echo=false
[AUDIT] _input: ENTER
2026-08-04T17:12:11 [INFO] InputManager ready
2026-08-04T17:12:11 [INFO] InputMap.has_action('restart') = true
[INPUT] unhandled_input triggered
[DEBUG] _input (build_terrain) called, event=InputEventMouseMotion: button_mask=0, position=((1064.0, 3.0)), relative=((751.0, -521.0)), velocity=((0.0, 0.0)), pressure=0.00, tilt=((0.0, 0.0)), pen_inverted=(false)
[AUDIT] _input: ENTER
[AUDIT] _gui_input: ENTER
[AUDIT] poll_forensic_hud: ENTER
[DIAG] _physics_process: ENTER, state=1
[DIAG] _physics_process: camera target set to character (state: 1)
[WIND] speed 6.09881733720096 kts  dir 0°  gust 0.0  vec_ms (0.0, 0.0, 3.1375)
[AUDIT] poll_forensic_hud: ENTER
[DIAG] _physics_process: ENTER, state=1
[DIAG] _physics_process: camera target set to character (state: 1)
[AUDIT] poll_forensic_hud: ENTER
[DIAG] _physics_process: ENTER, state=1
[DIAG] _physics_process: camera target set to character (state: 1)
[AUDIT] poll_forensic_hud: ENTER
[DIAG] _physics_process: ENTER, state=1
[DIAG] _physics_process: camera target set to character (state: 1)
[AUDIT] poll_forensic_hud: ENTER
[DIAG] _physics_process: ENTER, state=1
[DIAG] _physics_process: camera target set to character (state: 1)
[AUDIT] poll_forensic_hud: ENTER
[DIAG] _physics_process: ENTER, state=1
[DIAG] _physics_process: camera target set to character (state: 1)
[AUDIT] poll_forensic_hud: ENTER
[DIAG] _physics_process: ENTER, state=1
[DIAG] _physics_process: camera target set to character (state: 1)
[AUDIT] poll_forensic_hud: ENTER
[DIAG] _physics_process: ENTER, state=1
[DIAG] _physics_process: camera target set to character (state: 1)
[DIAG] _poll_controls: ENTER, state=1
[VERBATIM] POLL: _poll_controls() entered, game_state=1
[VERBATIM] POLL: checking deploy state=1 canopy=false
[AUDIT] poll_forensic_hud: ENTER
[DIAG] _physics_process: ENTER, state=1
[DIAG] _physics_process: camera target set to character (state: 1)
[AUDIT] poll_forensic_hud: ENTER
[DIAG] _physics_process: ENTER, state=1
[DIAG] _physics_process: camera target set to character (state: 1)
[AUDIT] poll_forensic_hud: ENTER
[DIAG] _physics_process: ENTER, state=1
[DIAG] _physics_process: camera target set to character (state: 1)
[DIAG] _poll_controls: ENTER, state=1
[VERBATIM] POLL: _poll_controls() entered, game_state=1
[VERBATIM] POLL: checking deploy state=1 canopy=false
[VERBATIM] Wind updated: 12.5 kts @ 240.0°
[AUDIT] poll_forensic_hud: ENTER
[DIAG] _physics_process: ENTER, state=1
[DIAG] _physics_process: camera target set to character (state: 1)
[AUDIT] poll_forensic_hud: ENTER
[DIAG] _physics_process: ENTER, state=1
[DIAG] _physics_process: camera target set to character (state: 1)
[AUDIT] poll_forensic_hud: ENTER
[DIAG] _physics_process: ENTER, state=1
[DIAG] _physics_process: camera target set to character (state: 1)
[DIAG] _poll_controls: ENTER, state=1
[VERBATIM] POLL: _poll_controls() entered, game_state=1
[VERBATIM] POLL: checking deploy state=1 canopy=false
[AUDIT] poll_forensic_hud: ENTER
[DIAG] _physics_process: ENTER, state=1
[DIAG] _physics_process: camera target set to character (state: 1)
[DIAG] _poll_controls: ENTER, state=1
[VERBATIM] POLL: _poll_controls() entered, game_state=1
[VERBATIM] POLL: checking deploy state=1 canopy=false
[AUDIT] _on_stats_completed: ENTER
[AUDIT] _on_leader_completed: ENTER
[AUDIT] _mklabel: ENTER
[AUDIT] _on_cite_completed: ENTER
[AUDIT] _add_citation_card: ENTER
[AUDIT] _mkbutton: ENTER
[AUDIT] _mklabel: ENTER
[AUDIT] _mklabel: ENTER
[AUDIT] _mklabel: ENTER
[AUDIT] _add_citation_card: ENTER
[AUDIT] _mkbutton: ENTER
[AUDIT] _mklabel: ENTER
[AUDIT] _mklabel: ENTER
[AUDIT] _mklabel: ENTER
[AUDIT] _add_citation_card: ENTER
[AUDIT] _mkbutton: ENTER
[AUDIT] _mklabel: ENTER
[AUDIT] _mklabel: ENTER
[AUDIT] _mklabel: ENTER
[AUDIT] _add_citation_card: ENTER
[AUDIT] _mkbutton: ENTER
[AUDIT] _mklabel: ENTER
[AUDIT] _mklabel: ENTER
[AUDIT] _mklabel: ENTER
[AUDIT] _on_ctrl_health_completed: ENTER
[AUDIT] poll_forensic_hud: ENTER
[DIAG] _physics_process: ENTER, state=1
[DIAG] _physics_process: camera target set to character (state: 1)
[AUDIT] poll_forensic_hud: ENTER
[DIAG] _physics_process: ENTER, state=1
[DIAG] _physics_process: camera target set to character (state: 1)
[AUDIT] poll_forensic_hud: ENTER
[DIAG] _physics_process: ENTER, state=1
[DIAG] _physics_process: camera target set to character (state: 1)
[DIAG] _poll_controls: ENTER, state=1
[VERBATIM] POLL: _poll_controls() entered, game_state=1
[VERBATIM] POLL: checking deploy state=1 canopy=false
[AUDIT] poll_forensic_hud: ENTER
[DIAG] _physics_process: ENTER, state=1
[DIAG] _physics_process: camera target set to character (state: 1)
[AUDIT] poll_forensic_hud: ENTER
[DIAG] _physics_process: ENTER, state=1
[DIAG] _physics_process: camera target set to character (state: 1)
[DIAG] _poll_controls: ENTER, state=1
[VERBATIM] POLL: _poll_controls() entered, game_state=1
[VERBATIM] POLL: checking deploy state=1 canopy=false
[AUDIT] poll_forensic_hud: ENTER
[DIAG] _physics_process: ENTER, state=1
[DIAG] _physics_process: camera target set to character (state: 1)
[AUDIT] poll_forensic_hud: ENTER
[DIAG] _physics_process: ENTER, state=1
[DIAG] _physics_process: camera target set to character (state: 1)
[FPANEL] Adopted existing pip container
[DIAG] _poll_controls: ENTER, state=1
[VERBATIM] POLL: _poll_controls() entered, game_state=1
[VERBATIM] POLL: checking deploy state=1 canopy=false
[AUDIT] poll_forensic_hud: ENTER
[DIAG] _physics_process: ENTER, state=1
[DIAG] _physics_process: camera target set to character (state: 1)
[AUDIT] poll_forensic_hud: ENTER
[DIAG] _physics_process: ENTER, state=1
[DIAG] _physics_process: camera target set to character (state: 1)
[DIAG] _poll_controls: ENTER, state=1
[VERBATIM] POLL: _poll_controls() entered, game_state=1
[VERBATIM] POLL: checking deploy state=1 canopy=false
[AUDIT] poll_forensic_hud: ENTER
[DIAG] _physics_process: ENTER, state=1
[DIAG] _physics_process: camera target set to character (state: 1)
[AUDIT] poll_forensic_hud: ENTER
[DIAG] _physics_process: ENTER, state=1
[DIAG] _physics_process: camera target set to character (state: 1)
[DIAG] _poll_controls: ENTER, state=1
[VERBATIM] POLL: _poll_controls() entered, game_state=1
[VERBATIM] POLL: checking deploy state=1 canopy=false
[AUDIT] _on_integ_completed: ENTER
[AUDIT] poll_forensic_hud: ENTER
[DIAG] _physics_process: ENTER, state=1
[DIAG] _physics_process: camera target set to character (state: 1)
[AUDIT] poll_forensic_hud: ENTER
[DIAG] _physics_process: ENTER, state=1
[DIAG] _physics_process: camera target set to character (state: 1)
[DIAG] _poll_controls: ENTER, state=1
[VERBATIM] POLL: _poll_controls() entered, game_state=1
[VERBATIM] POLL: checking deploy state=1 canopy=false
[AUDIT] poll_forensic_hud: ENTER
[DIAG] _physics_process: ENTER, state=1
[DIAG] _physics_process: camera target set to character (state: 1)
[AUDIT] poll_forensic_hud: ENTER
[DIAG] _physics_process: ENTER, state=1
[DIAG] _physics_process: camera target set to character (state: 1)
[DIAG] _poll_controls: ENTER, state=1
[VERBATIM] POLL: _poll_controls() entered, game_state=1
[VERBATIM] POLL: checking deploy state=1 canopy=false
[AUDIT] poll_forensic_hud: ENTER
[DIAG] _physics_process: ENTER, state=1
[DIAG] _physics_process: camera target set to character (state: 1)
[AUDIT] poll_forensic_hud: ENTER
[DIAG] _physics_process: ENTER, state=1
[DIAG] _physics_process: camera target set to character (state: 1)
[DIAG] _poll_controls: ENTER, state=1
[VERBATIM] POLL: _poll_controls() entered, game_state=1
[VERBATIM] POLL: checking deploy state=1 canopy=false
[AUDIT] poll_forensic_hud: ENTER
[DIAG] _physics_process: ENTER, state=1
[DIAG] _physics_process: camera target set to character (state: 1)
[AUDIT] poll_forensic_hud: ENTER
[DIAG] _physics_process: ENTER, state=1
[DIAG] _physics_process: camera target set to character (state: 1)
[DIAG] _poll_controls: ENTER, state=1
[VERBATIM] POLL: _poll_controls() entered, game_state=1
[VERBATIM] POLL: checking deploy state=1 canopy=false
[AUDIT] poll_forensic_hud: ENTER
[DIAG] _physics_process: ENTER, state=1
[DIAG] _physics_process: camera target set to character (state: 1)
[AUDIT] poll_forensic_hud: ENTER
[DIAG] _physics_process: ENTER, state=1
[DIAG] _physics_process: camera target set to character (state: 1)
[DIAG] _poll_controls: ENTER, state=1
[VERBATIM] POLL: _poll_controls() entered, game_state=1
[VERBATIM] POLL: checking deploy state=1 canopy=false
[AUDIT] poll_forensic_hud: ENTER
[DIAG] _physics_process: ENTER, state=1
[DIAG] _physics_process: camera target set to character (state: 1)
[AUDIT] poll_forensic_hud: ENTER
[DIAG] _physics_process: ENTER, state=1
[DIAG] _physics_process: camera target set to character (state: 1)
[DIAG] _poll_controls: ENTER, state=1
[VERBATIM] POLL: _poll_controls() entered, game_state=1
[VERBATIM] POLL: checking deploy state=1 canopy=false
[AUDIT] poll_forensic_hud: ENTER
[DIAG] _physics_process: ENTER, state=1
[DIAG] _physics_process: camera target set to character (state: 1)
[AUDIT] poll_forensic_hud: ENTER
[DIAG] _physics_process: ENTER, state=1
[DIAG] _physics_process: camera target set to character (state: 1)
[DIAG] _poll_controls: ENTER, state=1
[VERBATIM] POLL: _poll_controls() entered, game_state=1
[VERBATIM] POLL: checking deploy state=1 canopy=false
[AUDIT] poll_forensic_hud: ENTER
[DIAG] _physics_process: ENTER, state=1
[DIAG] _physics_process: camera target set to character (state: 1)
[AUDIT] poll_forensic_hud: ENTER
[DIAG] _physics_process: ENTER, state=1
[DIAG] _physics_process: camera target set to character (state: 1)
[DIAG] _poll_controls: ENTER, state=1
[VERBATIM] POLL: _poll_controls() entered, game_state=1
[VERBATIM] POLL: checking deploy state=1 canopy=false
[AUDIT] poll_forensic_hud: ENTER
[DIAG] _physics_process: ENTER, state=1
[DIAG] _physics_process: camera target set to character (state: 1)
[AUDIT] poll_forensic_hud: ENTER
[DIAG] _physics_process: ENTER, state=1
[DIAG] _physics_process: camera target set to character (state: 1)
[DIAG] _poll_controls: ENTER, state=1
[VERBATIM] POLL: _poll_controls() entered, game_state=1
[VERBATIM] POLL: checking deploy state=1 canopy=false
[AUDIT] poll_forensic_hud: ENTER
[DIAG] _physics_process: ENTER, state=1
[DIAG] _physics_process: camera target set to character (state: 1)
[AUDIT] poll_forensic_hud: ENTER
[DIAG] _physics_process: ENTER, state=1
[DIAG] _physics_process: camera target set to character (state: 1)
[DIAG] _poll_controls: ENTER, state=1
[VERBATIM] POLL: _poll_controls() entered, game_state=1
[VERBATIM] POLL: checking deploy state=1 canopy=false
[AUDIT] poll_forensic_hud: ENTER
[DIAG] _physics_process: ENTER, state=1
[DIAG] _physics_process: camera target set to character (state: 1)
[AUDIT] poll_forensic_hud: ENTER
[DIAG] _physics_process: ENTER, state=1
[DIAG] _physics_process: camera target set to character (state: 1)
[DIAG] _poll_controls: ENTER, state=1
[VERBATIM] POLL: _poll_controls() entered, game_state=1
[VERBATIM] POLL: checking deploy state=1 canopy=false
[AUDIT] poll_forensic_hud: ENTER
[DIAG] _physics_process: ENTER, state=1
[DIAG] _physics_process: camera target set to character (state: 1)
[AUDIT] poll_forensic_hud: ENTER
[DIAG] _physics_process: ENTER, state=1
[DIAG] _physics_process: camera target set to character (state: 1)
[DIAG] _poll_controls: ENTER, state=1
[VERBATIM] POLL: _poll_controls() entered, game_state=1
[VERBATIM] POLL: checking deploy state=1 canopy=false
[AUDIT] poll_forensic_hud: ENTER
[DIAG] _physics_process: ENTER, state=1
[DIAG] _physics_process: camera target set to character (state: 1)
[AUDIT] poll_forensic_hud: ENTER
[DIAG] _physics_process: ENTER, state=1
[DIAG] _physics_process: camera target set to character (state: 1)
[DIAG] _poll_controls: ENTER, state=1
[VERBATIM] POLL: _poll_controls() entered, game_state=1
[VERBATIM] POLL: checking deploy state=1 canopy=false
[AUDIT] poll_forensic_hud: ENTER
[DIAG] _physics_process: ENTER, state=1
[DIAG] _physics_process: camera target set to character (state: 1)
[AUDIT] poll_forensic_hud: ENTER
[DIAG] _physics_process: ENTER, state=1
[DIAG] _physics_process: camera target set to character (state: 1)
[DIAG] _poll_controls: ENTER, state=1
[VERBATIM] POLL: _poll_controls() entered, game_state=1
[VERBATIM] POLL: checking deploy state=1 canopy=false
[AUDIT] poll_forensic_hud: ENTER
[DIAG] _physics_process: ENTER, state=1
[DIAG] _physics_process: camera target set to character (state: 1)
[AUDIT] poll_forensic_hud: ENTER
[DIAG] _physics_process: ENTER, state=1
[DIAG] _physics_process: camera target set to character (state: 1)
[DIAG] _poll_controls: ENTER, state=1
[VERBATIM] POLL: _poll_controls() entered, game_state=1
[VERBATIM] POLL: checking deploy state=1 canopy=false
[AUDIT] poll_forensic_hud: ENTER
[DIAG] _physics_process: ENTER, state=1
[DIAG] _physics_process: camera target set to character (state: 1)
[AUDIT] poll_forensic_hud: ENTER
[DIAG] _physics_process: ENTER, state=1
[DIAG] _physics_process: camera target set to character (state: 1)
[DIAG] _poll_controls: ENTER, state=1
[VERBATIM] POLL: _poll_controls() entered, game_state=1
[VERBATIM] POLL: checking deploy state=1 canopy=false
[AUDIT] poll_forensic_hud: ENTER
[DIAG] _physics_process: ENTER, state=1
[DIAG] _physics_process: camera target set to character (state: 1)
[AUDIT] poll_forensic_hud: ENTER
[DIAG] _physics_process: ENTER, state=1
[DIAG] _physics_process: camera target set to character (state: 1)
[DIAG] _poll_controls: ENTER, state=1
[VERBATIM] POLL: _poll_controls() entered, game_state=1
[VERBATIM] POLL: checking deploy state=1 canopy=false
[AUDIT] poll_forensic_hud: ENTER
[DIAG] _physics_process: ENTER, state=1
[DIAG] _physics_process: camera target set to character (state: 1)
[AUDIT] poll_forensic_hud: ENTER
[DIAG] _physics_process: ENTER, state=1
[DIAG] _physics_process: camera target set to character (state: 1)
[DIAG] _poll_controls: ENTER, state=1
[VERBATIM] POLL: _poll_controls() entered, game_state=1
[VERBATIM] POLL: checking deploy state=1 canopy=false
[AUDIT] poll_forensic_hud: ENTER
[DIAG] _physics_process: ENTER, state=1
[DIAG] _physics_process: camera target set to character (state: 1)
[AUDIT] poll_forensic_hud: ENTER
[DIAG] _physics_process: ENTER, state=1
[DIAG] _physics_process: camera target set to character (state: 1)
[DIAG] _poll_controls: ENTER, state=1
[VERBATIM] POLL: _poll_controls() entered, game_state=1
[VERBATIM] POLL: checking deploy state=1 canopy=false
[AUDIT] poll_forensic_hud: ENTER
[DIAG] _physics_process: ENTER, state=1
[DIAG] _physics_process: camera target set to character (state: 1)
[AUDIT] poll_forensic_hud: ENTER
[DIAG] _physics_process: ENTER, state=1
[DIAG] _physics_process: camera target set to character (state: 1)
[DIAG] _poll_controls: ENTER, state=1
[VERBATIM] POLL: _poll_controls() entered, game_state=1
[VERBATIM] POLL: checking deploy state=1 canopy=false
[DEBUG] _input (build_terrain) called, event=InputEventMouseMotion: button_mask=0, position=((1038.0, 3.0)), relative=((-26.0, 0.0)), velocity=((704.3984, -489.6085)), pressure=0.00, tilt=((0.0, 0.0)), pen_inverted=(false)
[AUDIT] _input: ENTER
[AUDIT] _gui_input: ENTER
[AUDIT] poll_forensic_hud: ENTER
[DIAG] _physics_process: ENTER, state=1
[DIAG] _physics_process: camera target set to character (state: 1)
[AUDIT] poll_forensic_hud: ENTER
[DIAG] _physics_process: ENTER, state=1
[DIAG] _physics_process: camera target set to character (state: 1)
[AUDIT] poll_forensic_hud: ENTER
[DIAG] _physics_process: ENTER, state=1
[DIAG] _physics_process: camera target set to character (state: 1)
[AUDIT] poll_forensic_hud: ENTER
[DIAG] _physics_process: ENTER, state=1
[DIAG] _physics_process: camera target set to character (state: 1)
[AUDIT] poll_forensic_hud: ENTER
[DIAG] _physics_process: ENTER, state=1
[DIAG] _physics_process: camera target set to character (state: 1)
[DIAG] _poll_controls: ENTER, state=1
[VERBATIM] POLL: _poll_controls() entered, game_state=1
[VERBATIM] POLL: checking deploy state=1 canopy=false
[VERBATIM] Wind updated: 12.5 kts @ 240.0°
[DEBUG] _input (build_terrain) called, event=InputEventMouseMotion: button_mask=0, position=((1029.0, 4.0)), relative=((-9.0, 1.0)), velocity=((704.3984, -489.6085)), pressure=0.00, tilt=((0.0, 0.0)), pen_inverted=(false)
[AUDIT] _input: ENTER
[AUDIT] _gui_input: ENTER
[AUDIT] poll_forensic_hud: ENTER
[DIAG] _physics_process: ENTER, state=1
[DIAG] _physics_process: camera target set to character (state: 1)
[AUDIT] poll_forensic_hud: ENTER
[DIAG] _physics_process: ENTER, state=1
[DIAG] _physics_process: camera target set to character (state: 1)
[DIAG] _poll_controls: ENTER, state=1
[VERBATIM] POLL: _poll_controls() entered, game_state=1
[VERBATIM] POLL: checking deploy state=1 canopy=false
[DEBUG] _input (build_terrain) called, event=InputEventMouseMotion: button_mask=0, position=((1025.0, 6.0)), relative=((-4.0, 2.0)), velocity=((704.3984, -489.6085)), pressure=0.00, tilt=((0.0, 0.0)), pen_inverted=(false)
[AUDIT] _input: ENTER
[AUDIT] _gui_input: ENTER
[AUDIT] poll_forensic_hud: ENTER
[PIPLIVE] eye=(265.9768, 1755.982, 750.9621) state=1 deployed=false framing=aircraft/sky
[DIAG] _physics_process: ENTER, state=1
[DIAG] _physics_process: camera target set to character (state: 1)
[DIAG] _poll_controls: ENTER, state=1
[VERBATIM] POLL: _poll_controls() entered, game_state=1
[VERBATIM] POLL: checking deploy state=1 canopy=false
[AUDIT] poll_forensic_hud: ENTER
[DIAG] _physics_process: ENTER, state=1
[DIAG] _physics_process: camera target set to character (state: 1)
[AUDIT] poll_forensic_hud: ENTER
[DIAG] _physics_process: ENTER, state=1
[DIAG] _physics_process: camera target set to character (state: 1)
[DIAG] _poll_controls: ENTER, state=1
[VERBATIM] POLL: _poll_controls() entered, game_state=1
[VERBATIM] POLL: checking deploy state=1 canopy=false
[DEBUG] _input (build_terrain) called, event=InputEventMouseMotion: button_mask=0, position=((1023.0, 7.0)), relative=((-2.0, 1.0)), velocity=((-373.0487, 28.69605)), pressure=0.00, tilt=((0.0, 0.0)), pen_inverted=(false)
[AUDIT] _input: ENTER
[AUDIT] _gui_input: ENTER
[AUDIT] poll_forensic_hud: ENTER
[DIAG] _physics_process: ENTER, state=1
[DIAG] _physics_process: camera target set to character (state: 1)
[AUDIT] poll_forensic_hud: ENTER
[DIAG] _physics_process: ENTER, state=1
[DIAG] _physics_process: camera target set to character (state: 1)
[DIAG] _poll_controls: ENTER, state=1
[VERBATIM] POLL: _poll_controls() entered, game_state=1
[VERBATIM] POLL: checking deploy state=1 canopy=false
[DEBUG] _input (build_terrain) called, event=InputEventMouseMotion: button_mask=0, position=((1020.0, 8.0)), relative=((-3.0, 1.0)), velocity=((-373.0487, 28.69605)), pressure=0.00, tilt=((0.0, 0.0)), pen_inverted=(false)
[AUDIT] _input: ENTER
[AUDIT] _gui_input: ENTER
[AUDIT] poll_forensic_hud: ENTER
[DIAG] _physics_process: ENTER, state=1
[DIAG] _physics_process: camera target set to character (state: 1)
[AUDIT] poll_forensic_hud: ENTER
[DIAG] _physics_process: ENTER, state=1
[DIAG] _physics_process: camera target set to character (state: 1)
[DIAG] _poll_controls: ENTER, state=1
[VERBATIM] POLL: _poll_controls() entered, game_state=1
[VERBATIM] POLL: checking deploy state=1 canopy=false
[AUDIT] poll_forensic_hud: ENTER
[DIAG] _physics_process: ENTER, state=1
[DIAG] _physics_process: camera target set to character (state: 1)
[AUDIT] poll_forensic_hud: ENTER
[DIAG] _physics_process: ENTER, state=1
[DIAG] _physics_process: camera target set to character (state: 1)
[DIAG] _poll_controls: ENTER, state=1
[VERBATIM] POLL: _poll_controls() entered, game_state=1
[VERBATIM] POLL: checking deploy state=1 canopy=false
[DEBUG] _input (build_terrain) called, event=InputEventMouseMotion: button_mask=0, position=((1017.0, 8.0)), relative=((-3.0, 0.0)), velocity=((-373.0487, 28.69605)), pressure=0.00, tilt=((0.0, 0.0)), pen_inverted=(false)
[AUDIT] _input: ENTER
[AUDIT] _gui_input: ENTER
[AUDIT] poll_forensic_hud: ENTER
[DIAG] _physics_process: ENTER, state=1
[DIAG] _physics_process: camera target set to character (state: 1)
[AUDIT] poll_forensic_hud: ENTER
[DIAG] _physics_process: ENTER, state=1
[DIAG] _physics_process: camera target set to character (state: 1)
[DIAG] _poll_controls: ENTER, state=1
[VERBATIM] POLL: _poll_controls() entered, game_state=1
[VERBATIM] POLL: checking deploy state=1 canopy=false
[DEBUG] _input (build_terrain) called, event=InputEventMouseMotion: button_mask=0, position=((1016.0, 8.0)), relative=((-1.0, 0.0)), velocity=((-60.96492, 15.24123)), pressure=0.00, tilt=((0.0, 0.0)), pen_inverted=(false)
[AUDIT] _input: ENTER
[AUDIT] _gui_input: ENTER
[AUDIT] poll_forensic_hud: ENTER
[DIAG] _physics_process: ENTER, state=1
[DIAG] _physics_process: camera target set to character (state: 1)
[AUDIT] poll_forensic_hud: ENTER
[DIAG] _physics_process: ENTER, state=1
[DIAG] _physics_process: camera target set to character (state: 1)
[DIAG] _poll_controls: ENTER, state=1
[VERBATIM] POLL: _poll_controls() entered, game_state=1
[VERBATIM] POLL: checking deploy state=1 canopy=false
[DEBUG] _input (build_terrain) called, event=InputEventMouseMotion: button_mask=0, position=((1015.0, 8.0)), relative=((-1.0, 0.0)), velocity=((-60.96492, 15.24123)), pressure=0.00, tilt=((0.0, 0.0)), pen_inverted=(false)
[AUDIT] _input: ENTER
[AUDIT] _gui_input: ENTER
[AUDIT] poll_forensic_hud: ENTER
[DIAG] _physics_process: ENTER, state=1
[DIAG] _physics_process: camera target set to character (state: 1)
[AUDIT] poll_forensic_hud: ENTER
[DIAG] _physics_process: ENTER, state=1
[DIAG] _physics_process: camera target set to character (state: 1)
[DIAG] _poll_controls: ENTER, state=1
[VERBATIM] POLL: _poll_controls() entered, game_state=1
[VERBATIM] POLL: checking deploy state=1 canopy=false
[AUDIT] poll_forensic_hud: ENTER
[DIAG] _physics_process: ENTER, state=1
[DIAG] _physics_process: camera target set to character (state: 1)
[AUDIT] poll_forensic_hud: ENTER
[DIAG] _physics_process: ENTER, state=1
[DIAG] _physics_process: camera target set to character (state: 1)
[DIAG] _poll_controls: ENTER, state=1
[VERBATIM] POLL: _poll_controls() entered, game_state=1
[VERBATIM] POLL: checking deploy state=1 canopy=false
[AUDIT] poll_forensic_hud: ENTER
[DIAG] _physics_process: ENTER, state=1
[DIAG] _physics_process: camera target set to character (state: 1)
[AUDIT] poll_forensic_hud: ENTER
[DIAG] _physics_process: ENTER, state=1
[DIAG] _physics_process: camera target set to character (state: 1)
[DIAG] _poll_controls: ENTER, state=1
[VERBATIM] POLL: _poll_controls() entered, game_state=1
[VERBATIM] POLL: checking deploy state=1 canopy=false
[AUDIT] poll_forensic_hud: ENTER
[DIAG] _physics_process: ENTER, state=1
[DIAG] _physics_process: camera target set to character (state: 1)
[AUDIT] poll_forensic_hud: ENTER
[DIAG] _physics_process: ENTER, state=1
[DIAG] _physics_process: camera target set to character (state: 1)
[DIAG] _poll_controls: ENTER, state=1
[VERBATIM] POLL: _poll_controls() entered, game_state=1
[VERBATIM] POLL: checking deploy state=1 canopy=false
[AUDIT] poll_forensic_hud: ENTER
[DIAG] _physics_process: ENTER, state=1
[DIAG] _physics_process: camera target set to character (state: 1)
[AUDIT] poll_forensic_hud: ENTER
[DIAG] _physics_process: ENTER, state=1
[DIAG] _physics_process: camera target set to character (state: 1)
[DIAG] _poll_controls: ENTER, state=1
[VERBATIM] POLL: _poll_controls() entered, game_state=1
[VERBATIM] POLL: checking deploy state=1 canopy=false
[AUDIT] poll_forensic_hud: ENTER
[DIAG] _physics_process: ENTER, state=1
[DIAG] _physics_process: camera target set to character (state: 1)
[DIAG] _poll_controls: ENTER, state=1
[VERBATIM] POLL: _poll_controls() entered, game_state=1
[VERBATIM] POLL: checking deploy state=1 canopy=false
[AUDIT] poll_forensic_hud: ENTER
[DIAG] _physics_process: ENTER, state=1
[DIAG] _physics_process: camera target set to character (state: 1)
[AUDIT] poll_forensic_hud: ENTER
[DIAG] _physics_process: ENTER, state=1
[DIAG] _physics_process: camera target set to character (state: 1)
[DIAG] _poll_controls: ENTER, state=1
[VERBATIM] POLL: _poll_controls() entered, game_state=1
[VERBATIM] POLL: checking deploy state=1 canopy=false
[AUDIT] poll_forensic_hud: ENTER
[DIAG] _physics_process: ENTER, state=1
[DIAG] _physics_process: camera target set to character (state: 1)
[AUDIT] poll_forensic_hud: ENTER
[DIAG] _physics_process: ENTER, state=1
[DIAG] _physics_process: camera target set to character (state: 1)
[DIAG] _poll_controls: ENTER, state=1
[VERBATIM] POLL: _poll_controls() entered, game_state=1
[VERBATIM] POLL: checking deploy state=1 canopy=false
[AUDIT] poll_forensic_hud: ENTER
[DIAG] _physics_process: ENTER, state=1
[DIAG] _physics_process: camera target set to character (state: 1)
[AUDIT] poll_forensic_hud: ENTER
[DIAG] _physics_process: ENTER, state=1
[DIAG] _physics_process: camera target set to character (state: 1)
[DIAG] _poll_controls: ENTER, state=1
[VERBATIM] POLL: _poll_controls() entered, game_state=1
[VERBATIM] POLL: checking deploy state=1 canopy=false
[AUDIT] poll_forensic_hud: ENTER
[DIAG] _physics_process: ENTER, state=1
[DIAG] _physics_process: camera target set to character (state: 1)
[AUDIT] poll_forensic_hud: ENTER
[DIAG] _physics_process: ENTER, state=1
[DIAG] _physics_process: camera target set to character (state: 1)
[DIAG] _poll_controls: ENTER, state=1
[VERBATIM] POLL: _poll_controls() entered, game_state=1
[VERBATIM] POLL: checking deploy state=1 canopy=false
[AUDIT] poll_forensic_hud: ENTER
[DIAG] _physics_process: ENTER, state=1
[DIAG] _physics_process: camera target set to character (state: 1)
[AUDIT] poll_forensic_hud: ENTER
[DIAG] _physics_process: ENTER, state=1
[DIAG] _physics_process: camera target set to character (state: 1)
[DIAG] _poll_controls: ENTER, state=1
[VERBATIM] POLL: _poll_controls() entered, game_state=1
[VERBATIM] POLL: checking deploy state=1 canopy=false
[AUDIT] poll_forensic_hud: ENTER
[DIAG] _physics_process: ENTER, state=1
[DIAG] _physics_process: camera target set to character (state: 1)
[AUDIT] poll_forensic_hud: ENTER
[DIAG] _physics_process: ENTER, state=1
[DIAG] _physics_process: camera target set to character (state: 1)
[DIAG] _poll_controls: ENTER, state=1
[VERBATIM] POLL: _poll_controls() entered, game_state=1
[VERBATIM] POLL: checking deploy state=1 canopy=false
[AUDIT] poll_forensic_hud: ENTER
[DIAG] _physics_process: ENTER, state=1
[DIAG] _physics_process: camera target set to character (state: 1)
[AUDIT] poll_forensic_hud: ENTER
[DIAG] _physics_process: ENTER, state=1
[DIAG] _physics_process: camera target set to character (state: 1)
[DIAG] _poll_controls: ENTER, state=1
[VERBATIM] POLL: _poll_controls() entered, game_state=1
[VERBATIM] POLL: checking deploy state=1 canopy=false
[DEBUG] _input (build_terrain) called, event=InputEventKey: keycode=32 (Space), mods=none, physical=false, location=unspecified, pressed=true, echo=false
[VERBATIM] INPUT: action=deploy (SPACE)
[AUDIT] _input: ENTER
2026-08-04T17:12:13 [INFO] InputManager ready
2026-08-04T17:12:13 [INFO] InputMap.has_action('restart') = true
[INPUT] unhandled_input triggered
2026-08-04T17:12:13 [INFO] InputManager: key=Space code=32
2026-08-04T17:12:13 [INFO] InputManager: action 'deploy' pressed
[AUDIT] poll_forensic_hud: ENTER
[CTRL] pressed=deploy  key=Space  state=1  deployed=false  alt_m=1695.8
[DIAG] _physics_process: ENTER, state=1
[DIAG] _physics_process: camera target set to character (state: 1)
[AUDIT] poll_forensic_hud: ENTER
[DIAG] _physics_process: ENTER, state=1
[DIAG] _physics_process: camera target set to character (state: 1)
[AUDIT] _poll_fast: ENTER
[DIAG] _poll_controls: ENTER, state=1
[VERBATIM] POLL: _poll_controls() entered, game_state=1
[VERBATIM] POLL: checking deploy state=1 canopy=false
[VERBATIM] POLL: deploy pressed - calling _deploy_canopy
[VERBATIM] ENTER _deploy_canopy gate=none
[VERBATIM] Parachute deployment started — state=OPENING_ANIM
[VERBATIM] EXIT _deploy_canopy ok=true
[STEER_TELEM] canopy=true has_pc=false turn=0.0 state=2
[STEER_TELEM] /root/Main children: WorldEnvironment DirectionalLight3D AnimationPlayer HUD @MeshInstance3D@47 @MeshInstance3D@48 @MeshInstance3D@49 @MeshInstance3D@50 @Node3D@51 FlyingPlane @Camera3D@55 @MeshInstance3D@56 @MeshInstance3D@57 @MeshInstance3D@58 @MeshInstance3D@59 @MeshInstance3D@60 @MeshInstance3D@61 @MeshInstance3D@62 @MeshInstance3D@63 @MeshInstance3D@64 @MeshInstance3D@65 @MeshInstance3D@66 @MeshInstance3D@67 @MeshInstance3D@68 @MeshInstance3D@69 @MeshInstance3D@70 @MeshInstance3D@71 @MeshInstance3D@72 @MeshInstance3D@73 @MeshInstance3D@74 @MeshInstance3D@75 @MeshInstance3D@76 @MeshInstance3D@77 @MeshInstance3D@78 @MeshInstance3D@79 @MeshInstance3D@80 @MeshInstance3D@81 @MeshInstance3D@82 @MeshInstance3D@83 @MeshInstance3D@84 @MeshInstance3D@85 @MeshInstance3D@86 @MeshInstance3D@87 @MeshInstance3D@88 @MeshInstance3D@89 @MeshInstance3D@90 @MeshInstance3D@91 @MeshInstance3D@92 @MeshInstance3D@93 @MeshInstance3D@94 @MeshInstance3D@95 @MeshInstance3D@96 @MeshInstance3D@97 @CanvasLayer@99 @HTTPRequest@113 PiPLayer @Timer@121 @HTTPRequest@123 
[VERBATIM] ENTER _deploy_canopy gate=none
[VERBATIM] EXIT _deploy_canopy early=already_deployed_or_no_canopy
[AUDIT] poll_forensic_hud: ENTER
[CANOPYSYNC] main canopy visible -> true  state=2  deployed=true
[CANOPYSYNC] transition at state=2 deployed=true visible=true
[DIAG] _physics_process: ENTER, state=2
[DIAG] _physics_process: camera target set to character (state: 2)
[GLIDE_HDR] t,brake_L,brake_R,sym,diff,fwd_speed,turn_rate_deg_s,heading_deg,descent_m_s,glide_ratio,x,z,raw_descent
[TIMER] OpeningAnimTimer started (2.0s)
[VERBATIM] DIAGNOSIS turning block executed
[DIAG] _turn_input = 0.5
[AUDIT] poll_forensic_hud: ENTER
[DIAG] _physics_process: ENTER, state=2
[DIAG] _physics_process: camera target set to character (state: 2)
[VERBATIM] DIAGNOSIS turning block executed
[DIAG] _turn_input = 0.5
[DIAG] _poll_controls: ENTER, state=2
[VERBATIM] POLL: _poll_controls() entered, game_state=2
[VERBATIM] POLL: checking deploy state=2 canopy=true
[STEER_TELEM] canopy=true has_pc=false turn=0.0 state=2
[STEER_TELEM] /root/Main children: WorldEnvironment DirectionalLight3D AnimationPlayer HUD @MeshInstance3D@47 @MeshInstance3D@48 @MeshInstance3D@49 @MeshInstance3D@50 @Node3D@51 FlyingPlane @Camera3D@55 @MeshInstance3D@56 @MeshInstance3D@57 @MeshInstance3D@58 @MeshInstance3D@59 @MeshInstance3D@60 @MeshInstance3D@61 @MeshInstance3D@62 @MeshInstance3D@63 @MeshInstance3D@64 @MeshInstance3D@65 @MeshInstance3D@66 @MeshInstance3D@67 @MeshInstance3D@68 @MeshInstance3D@69 @MeshInstance3D@70 @MeshInstance3D@71 @MeshInstance3D@72 @MeshInstance3D@73 @MeshInstance3D@74 @MeshInstance3D@75 @MeshInstance3D@76 @MeshInstance3D@77 @MeshInstance3D@78 @MeshInstance3D@79 @MeshInstance3D@80 @MeshInstance3D@81 @MeshInstance3D@82 @MeshInstance3D@83 @MeshInstance3D@84 @MeshInstance3D@85 @MeshInstance3D@86 @MeshInstance3D@87 @MeshInstance3D@88 @MeshInstance3D@89 @MeshInstance3D@90 @MeshInstance3D@91 @MeshInstance3D@92 @MeshInstance3D@93 @MeshInstance3D@94 @MeshInstance3D@95 @MeshInstance3D@96 @MeshInstance3D@97 @CanvasLayer@99 @HTTPRequest@113 PiPLayer @Timer@121 @HTTPRequest@123 OpeningAnimTimer 
[VERBATIM] ENTER _deploy_canopy gate=none
[VERBATIM] EXIT _deploy_canopy early=already_deployed_or_no_canopy
[DEBUG] _input (build_terrain) called, event=InputEventKey: keycode=32 (Space), mods=none, physical=false, location=unspecified, pressed=false, echo=false
[AUDIT] _input: ENTER
2026-08-04T17:12:14 [INFO] InputManager ready
2026-08-04T17:12:14 [INFO] InputMap.has_action('restart') = true
[INPUT] unhandled_input triggered
[AUDIT] poll_forensic_hud: ENTER
[DIAG] _physics_process: ENTER, state=2
[DIAG] _physics_process: camera target set to character (state: 2)
[VERBATIM] DIAGNOSIS turning block executed
[DIAG] _turn_input = 0.5
[AUDIT] poll_forensic_hud: ENTER
[DIAG] _physics_process: ENTER, state=2
[DIAG] _physics_process: camera target set to character (state: 2)
[VERBATIM] DIAGNOSIS turning block executed
[DIAG] _turn_input = 0.5
[AUDIT] poll_forensic_hud: ENTER
[DIAG] _physics_process: ENTER, state=2
[DIAG] _physics_process: camera target set to character (state: 2)
[VERBATIM] DIAGNOSIS turning block executed
[DIAG] _turn_input = 0.5
[AUDIT] poll_forensic_hud: ENTER
[DIAG] _physics_process: ENTER, state=2
[DIAG] _physics_process: camera target set to character (state: 2)
[VERBATIM] DIAGNOSIS turning block executed
[DIAG] _turn_input = 0.5
[AUDIT] poll_forensic_hud: ENTER
[DIAG] _physics_process: ENTER, state=2
[DIAG] _physics_process: camera target set to character (state: 2)
[VERBATIM] DIAGNOSIS turning block executed
[DIAG] _turn_input = 0.5
[AUDIT] poll_forensic_hud: ENTER
[DIAG] _physics_process: ENTER, state=2
[DIAG] _physics_process: camera target set to character (state: 2)
[VERBATIM] DIAGNOSIS turning block executed
[DIAG] _turn_input = 0.5
[AUDIT] poll_forensic_hud: ENTER
[DIAG] _physics_process: ENTER, state=2
[DIAG] _physics_process: camera target set to character (state: 2)
[VERBATIM] DIAGNOSIS turning block executed
[DIAG] _turn_input = 0.5
[AUDIT] poll_forensic_hud: ENTER
[DIAG] _physics_process: ENTER, state=2
[DIAG] _physics_process: camera target set to character (state: 2)
[VERBATIM] DIAGNOSIS turning block executed
[DIAG] _turn_input = 0.5
[DIAG] _poll_controls: ENTER, state=2
[VERBATIM] POLL: _poll_controls() entered, game_state=2
[VERBATIM] POLL: checking deploy state=2 canopy=true
[STEER_TELEM] canopy=true has_pc=false turn=0.0 state=2
[STEER_TELEM] /root/Main children: WorldEnvironment DirectionalLight3D AnimationPlayer HUD @MeshInstance3D@47 @MeshInstance3D@48 @MeshInstance3D@49 @MeshInstance3D@50 @Node3D@51 FlyingPlane @Camera3D@55 @MeshInstance3D@56 @MeshInstance3D@57 @MeshInstance3D@58 @MeshInstance3D@59 @MeshInstance3D@60 @MeshInstance3D@61 @MeshInstance3D@62 @MeshInstance3D@63 @MeshInstance3D@64 @MeshInstance3D@65 @MeshInstance3D@66 @MeshInstance3D@67 @MeshInstance3D@68 @MeshInstance3D@69 @MeshInstance3D@70 @MeshInstance3D@71 @MeshInstance3D@72 @MeshInstance3D@73 @MeshInstance3D@74 @MeshInstance3D@75 @MeshInstance3D@76 @MeshInstance3D@77 @MeshInstance3D@78 @MeshInstance3D@79 @MeshInstance3D@80 @MeshInstance3D@81 @MeshInstance3D@82 @MeshInstance3D@83 @MeshInstance3D@84 @MeshInstance3D@85 @MeshInstance3D@86 @MeshInstance3D@87 @MeshInstance3D@88 @MeshInstance3D@89 @MeshInstance3D@90 @MeshInstance3D@91 @MeshInstance3D@92 @MeshInstance3D@93 @MeshInstance3D@94 @MeshInstance3D@95 @MeshInstance3D@96 @MeshInstance3D@97 @CanvasLayer@99 @HTTPRequest@113 PiPLayer @Timer@121 @HTTPRequest@123 OpeningAnimTimer 
[VERBATIM] ENTER _deploy_canopy gate=none
[VERBATIM] EXIT _deploy_canopy early=already_deployed_or_no_canopy
[AUDIT] poll_forensic_hud: ENTER
[DIAG] _physics_process: ENTER, state=2
[DIAG] _physics_process: camera target set to character (state: 2)
[VERBATIM] DIAGNOSIS turning block executed
[DIAG] _turn_input = 0.5
[AUDIT] poll_forensic_hud: ENTER
[DIAG] _physics_process: ENTER, state=2
[DIAG] _physics_process: camera target set to character (state: 2)
[VERBATIM] DIAGNOSIS turning block executed
[DIAG] _turn_input = 0.5
[AUDIT] poll_forensic_hud: ENTER
[DIAG] _physics_process: ENTER, state=2
[DIAG] _physics_process: camera target set to character (state: 2)
[VERBATIM] DIAGNOSIS turning block executed
[DIAG] _turn_input = 0.5
[DIAG] _poll_controls: ENTER, state=2
[VERBATIM] POLL: _poll_controls() entered, game_state=2
[VERBATIM] POLL: checking deploy state=2 canopy=true
[STEER_TELEM] canopy=true has_pc=false turn=0.0 state=2
[STEER_TELEM] /root/Main children: WorldEnvironment DirectionalLight3D AnimationPlayer HUD @MeshInstance3D@47 @MeshInstance3D@48 @MeshInstance3D@49 @MeshInstance3D@50 @Node3D@51 FlyingPlane @Camera3D@55 @MeshInstance3D@56 @MeshInstance3D@57 @MeshInstance3D@58 @MeshInstance3D@59 @MeshInstance3D@60 @MeshInstance3D@61 @MeshInstance3D@62 @MeshInstance3D@63 @MeshInstance3D@64 @MeshInstance3D@65 @MeshInstance3D@66 @MeshInstance3D@67 @MeshInstance3D@68 @MeshInstance3D@69 @MeshInstance3D@70 @MeshInstance3D@71 @MeshInstance3D@72 @MeshInstance3D@73 @MeshInstance3D@74 @MeshInstance3D@75 @MeshInstance3D@76 @MeshInstance3D@77 @MeshInstance3D@78 @MeshInstance3D@79 @MeshInstance3D@80 @MeshInstance3D@81 @MeshInstance3D@82 @MeshInstance3D@83 @MeshInstance3D@84 @MeshInstance3D@85 @MeshInstance3D@86 @MeshInstance3D@87 @MeshInstance3D@88 @MeshInstance3D@89 @MeshInstance3D@90 @MeshInstance3D@91 @MeshInstance3D@92 @MeshInstance3D@93 @MeshInstance3D@94 @MeshInstance3D@95 @MeshInstance3D@96 @MeshInstance3D@97 @CanvasLayer@99 @HTTPRequest@113 PiPLayer @Timer@121 @HTTPRequest@123 OpeningAnimTimer 
[VERBATIM] ENTER _deploy_canopy gate=none
[VERBATIM] EXIT _deploy_canopy early=already_deployed_or_no_canopy
[AUDIT] poll_forensic_hud: ENTER
[DIAG] _physics_process: ENTER, state=2
[DIAG] _physics_process: camera target set to character (state: 2)
[VERBATIM] DIAGNOSIS turning block executed
[DIAG] _turn_input = 0.5
[AUDIT] poll_forensic_hud: ENTER
[DIAG] _physics_process: ENTER, state=2
[DIAG] _physics_process: camera target set to character (state: 2)
[VERBATIM] DIAGNOSIS turning block executed
[DIAG] _turn_input = 0.5
[DIAG] _poll_controls: ENTER, state=2
[VERBATIM] POLL: _poll_controls() entered, game_state=2
[VERBATIM] POLL: checking deploy state=2 canopy=true
[STEER_TELEM] canopy=true has_pc=false turn=0.0 state=2
[STEER_TELEM] /root/Main children: WorldEnvironment DirectionalLight3D AnimationPlayer HUD @MeshInstance3D@47 @MeshInstance3D@48 @MeshInstance3D@49 @MeshInstance3D@50 @Node3D@51 FlyingPlane @Camera3D@55 @MeshInstance3D@56 @MeshInstance3D@57 @MeshInstance3D@58 @MeshInstance3D@59 @MeshInstance3D@60 @MeshInstance3D@61 @MeshInstance3D@62 @MeshInstance3D@63 @MeshInstance3D@64 @MeshInstance3D@65 @MeshInstance3D@66 @MeshInstance3D@67 @MeshInstance3D@68 @MeshInstance3D@69 @MeshInstance3D@70 @MeshInstance3D@71 @MeshInstance3D@72 @MeshInstance3D@73 @MeshInstance3D@74 @MeshInstance3D@75 @MeshInstance3D@76 @MeshInstance3D@77 @MeshInstance3D@78 @MeshInstance3D@79 @MeshInstance3D@80 @MeshInstance3D@81 @MeshInstance3D@82 @MeshInstance3D@83 @MeshInstance3D@84 @MeshInstance3D@85 @MeshInstance3D@86 @MeshInstance3D@87 @MeshInstance3D@88 @MeshInstance3D@89 @MeshInstance3D@90 @MeshInstance3D@91 @MeshInstance3D@92 @MeshInstance3D@93 @MeshInstance3D@94 @MeshInstance3D@95 @MeshInstance3D@96 @MeshInstance3D@97 @CanvasLayer@99 @HTTPRequest@113 PiPLayer @Timer@121 @HTTPRequest@123 OpeningAnimTimer 
[VERBATIM] ENTER _deploy_canopy gate=none
[VERBATIM] EXIT _deploy_canopy early=already_deployed_or_no_canopy
[AUDIT] poll_forensic_hud: ENTER
[DIAG] _physics_process: ENTER, state=2
[DIAG] _physics_process: camera target set to character (state: 2)
[VERBATIM] DIAGNOSIS turning block executed
[DIAG] _turn_input = 0.5
[AUDIT] poll_forensic_hud: ENTER
[DIAG] _physics_process: ENTER, state=2
[DIAG] _physics_process: camera target set to character (state: 2)
[VERBATIM] DIAGNOSIS turning block executed
[DIAG] _turn_input = 0.5
[AUDIT] poll_forensic_hud: ENTER
[DIAG] _physics_process: ENTER, state=2
[DIAG] _physics_process: camera target set to character (state: 2)
[VERBATIM] DIAGNOSIS turning block executed
[DIAG] _turn_input = 0.5
[DIAG] _poll_controls: ENTER, state=2
[VERBATIM] POLL: _poll_controls() entered, game_state=2
[VERBATIM] POLL: checking deploy state=2 canopy=true
[STEER_TELEM] canopy=true has_pc=false turn=0.0 state=2
[STEER_TELEM] /root/Main children: WorldEnvironment DirectionalLight3D AnimationPlayer HUD @MeshInstance3D@47 @MeshInstance3D@48 @MeshInstance3D@49 @MeshInstance3D@50 @Node3D@51 FlyingPlane @Camera3D@55 @MeshInstance3D@56 @MeshInstance3D@57 @MeshInstance3D@58 @MeshInstance3D@59 @MeshInstance3D@60 @MeshInstance3D@61 @MeshInstance3D@62 @MeshInstance3D@63 @MeshInstance3D@64 @MeshInstance3D@65 @MeshInstance3D@66 @MeshInstance3D@67 @MeshInstance3D@68 @MeshInstance3D@69 @MeshInstance3D@70 @MeshInstance3D@71 @MeshInstance3D@72 @MeshInstance3D@73 @MeshInstance3D@74 @MeshInstance3D@75 @MeshInstance3D@76 @MeshInstance3D@77 @MeshInstance3D@78 @MeshInstance3D@79 @MeshInstance3D@80 @MeshInstance3D@81 @MeshInstance3D@82 @MeshInstance3D@83 @MeshInstance3D@84 @MeshInstance3D@85 @MeshInstance3D@86 @MeshInstance3D@87 @MeshInstance3D@88 @MeshInstance3D@89 @MeshInstance3D@90 @MeshInstance3D@91 @MeshInstance3D@92 @MeshInstance3D@93 @MeshInstance3D@94 @MeshInstance3D@95 @MeshInstance3D@96 @MeshInstance3D@97 @CanvasLayer@99 @HTTPRequest@113 PiPLayer @Timer@121 @HTTPRequest@123 OpeningAnimTimer 
[VERBATIM] ENTER _deploy_canopy gate=none
[VERBATIM] EXIT _deploy_canopy early=already_deployed_or_no_canopy
[VERBATIM] Wind updated: 12.5 kts @ 240.0°
[AUDIT] _on_stats_completed: ENTER
[AUDIT] _on_leader_completed: ENTER
[AUDIT] _mklabel: ENTER
[AUDIT] poll_forensic_hud: ENTER
[DIAG] _physics_process: ENTER, state=2
[DIAG] _physics_process: camera target set to character (state: 2)
[VERBATIM] DIAGNOSIS turning block executed
[DIAG] _turn_input = 0.5
[AUDIT] poll_forensic_hud: ENTER
[DIAG] _physics_process: ENTER, state=2
[DIAG] _physics_process: camera target set to character (state: 2)
[VERBATIM] DIAGNOSIS turning block executed
[DIAG] _turn_input = 0.5
[DIAG] _poll_controls: ENTER, state=2
[VERBATIM] POLL: _poll_controls() entered, game_state=2
[VERBATIM] POLL: checking deploy state=2 canopy=true
[STEER_TELEM] canopy=true has_pc=false turn=0.0 state=2
[STEER_TELEM] /root/Main children: WorldEnvironment DirectionalLight3D AnimationPlayer HUD @MeshInstance3D@47 @MeshInstance3D@48 @MeshInstance3D@49 @MeshInstance3D@50 @Node3D@51 FlyingPlane @Camera3D@55 @MeshInstance3D@56 @MeshInstance3D@57 @MeshInstance3D@58 @MeshInstance3D@59 @MeshInstance3D@60 @MeshInstance3D@61 @MeshInstance3D@62 @MeshInstance3D@63 @MeshInstance3D@64 @MeshInstance3D@65 @MeshInstance3D@66 @MeshInstance3D@67 @MeshInstance3D@68 @MeshInstance3D@69 @MeshInstance3D@70 @MeshInstance3D@71 @MeshInstance3D@72 @MeshInstance3D@73 @MeshInstance3D@74 @MeshInstance3D@75 @MeshInstance3D@76 @MeshInstance3D@77 @MeshInstance3D@78 @MeshInstance3D@79 @MeshInstance3D@80 @MeshInstance3D@81 @MeshInstance3D@82 @MeshInstance3D@83 @MeshInstance3D@84 @MeshInstance3D@85 @MeshInstance3D@86 @MeshInstance3D@87 @MeshInstance3D@88 @MeshInstance3D@89 @MeshInstance3D@90 @MeshInstance3D@91 @MeshInstance3D@92 @MeshInstance3D@93 @MeshInstance3D@94 @MeshInstance3D@95 @MeshInstance3D@96 @MeshInstance3D@97 @CanvasLayer@99 @HTTPRequest@113 PiPLayer @Timer@121 @HTTPRequest@123 OpeningAnimTimer 
[VERBATIM] ENTER _deploy_canopy gate=none
[VERBATIM] EXIT _deploy_canopy early=already_deployed_or_no_canopy
[AUDIT] poll_forensic_hud: ENTER
[DIAG] _physics_process: ENTER, state=2
[DIAG] _physics_process: camera target set to character (state: 2)
[VERBATIM] DIAGNOSIS turning block executed
[DIAG] _turn_input = 0.5
[AUDIT] poll_forensic_hud: ENTER
[DIAG] _physics_process: ENTER, state=2
[DIAG] _physics_process: camera target set to character (state: 2)
[VERBATIM] DIAGNOSIS turning block executed
[DIAG] _turn_input = 0.5
[DIAG] _poll_controls: ENTER, state=2
[VERBATIM] POLL: _poll_controls() entered, game_state=2
[VERBATIM] POLL: checking deploy state=2 canopy=true
[STEER_TELEM] canopy=true has_pc=false turn=0.0 state=2
[STEER_TELEM] /root/Main children: WorldEnvironment DirectionalLight3D AnimationPlayer HUD @MeshInstance3D@47 @MeshInstance3D@48 @MeshInstance3D@49 @MeshInstance3D@50 @Node3D@51 FlyingPlane @Camera3D@55 @MeshInstance3D@56 @MeshInstance3D@57 @MeshInstance3D@58 @MeshInstance3D@59 @MeshInstance3D@60 @MeshInstance3D@61 @MeshInstance3D@62 @MeshInstance3D@63 @MeshInstance3D@64 @MeshInstance3D@65 @MeshInstance3D@66 @MeshInstance3D@67 @MeshInstance3D@68 @MeshInstance3D@69 @MeshInstance3D@70 @MeshInstance3D@71 @MeshInstance3D@72 @MeshInstance3D@73 @MeshInstance3D@74 @MeshInstance3D@75 @MeshInstance3D@76 @MeshInstance3D@77 @MeshInstance3D@78 @MeshInstance3D@79 @MeshInstance3D@80 @MeshInstance3D@81 @MeshInstance3D@82 @MeshInstance3D@83 @MeshInstance3D@84 @MeshInstance3D@85 @MeshInstance3D@86 @MeshInstance3D@87 @MeshInstance3D@88 @MeshInstance3D@89 @MeshInstance3D@90 @MeshInstance3D@91 @MeshInstance3D@92 @MeshInstance3D@93 @MeshInstance3D@94 @MeshInstance3D@95 @MeshInstance3D@96 @MeshInstance3D@97 @CanvasLayer@99 @HTTPRequest@113 PiPLayer @Timer@121 @HTTPRequest@123 OpeningAnimTimer 
[VERBATIM] ENTER _deploy_canopy gate=none
[VERBATIM] EXIT _deploy_canopy early=already_deployed_or_no_canopy
[AUDIT] poll_forensic_hud: ENTER
[DIAG] _physics_process: ENTER, state=2
[DIAG] _physics_process: camera target set to character (state: 2)
[VERBATIM] DIAGNOSIS turning block executed
[DIAG] _turn_input = 0.5
[AUDIT] poll_forensic_hud: ENTER
[DIAG] _physics_process: ENTER, state=2
[DIAG] _physics_process: camera target set to character (state: 2)
[VERBATIM] DIAGNOSIS turning block executed
[DIAG] _turn_input = 0.5
[DIAG] _poll_controls: ENTER, state=2
[VERBATIM] POLL: _poll_controls() entered, game_state=2
[VERBATIM] POLL: checking deploy state=2 canopy=true
[STEER_TELEM] canopy=true has_pc=false turn=0.0 state=2
[STEER_TELEM] /root/Main children: WorldEnvironment DirectionalLight3D AnimationPlayer HUD @MeshInstance3D@47 @MeshInstance3D@48 @MeshInstance3D@49 @MeshInstance3D@50 @Node3D@51 FlyingPlane @Camera3D@55 @MeshInstance3D@56 @MeshInstance3D@57 @MeshInstance3D@58 @MeshInstance3D@59 @MeshInstance3D@60 @MeshInstance3D@61 @MeshInstance3D@62 @MeshInstance3D@63 @MeshInstance3D@64 @MeshInstance3D@65 @MeshInstance3D@66 @MeshInstance3D@67 @MeshInstance3D@68 @MeshInstance3D@69 @MeshInstance3D@70 @MeshInstance3D@71 @MeshInstance3D@72 @MeshInstance3D@73 @MeshInstance3D@74 @MeshInstance3D@75 @MeshInstance3D@76 @MeshInstance3D@77 @MeshInstance3D@78 @MeshInstance3D@79 @MeshInstance3D@80 @MeshInstance3D@81 @MeshInstance3D@82 @MeshInstance3D@83 @MeshInstance3D@84 @MeshInstance3D@85 @MeshInstance3D@86 @MeshInstance3D@87 @MeshInstance3D@88 @MeshInstance3D@89 @MeshInstance3D@90 @MeshInstance3D@91 @MeshInstance3D@92 @MeshInstance3D@93 @MeshInstance3D@94 @MeshInstance3D@95 @MeshInstance3D@96 @MeshInstance3D@97 @CanvasLayer@99 @HTTPRequest@113 PiPLayer @Timer@121 @HTTPRequest@123 OpeningAnimTimer 
[VERBATIM] ENTER _deploy_canopy gate=none
[VERBATIM] EXIT _deploy_canopy early=already_deployed_or_no_canopy
[AUDIT] poll_forensic_hud: ENTER
[DIAG] _physics_process: ENTER, state=2
[DIAG] _physics_process: camera target set to character (state: 2)
[VERBATIM] DIAGNOSIS turning block executed
[DIAG] _turn_input = 0.5
[AUDIT] poll_forensic_hud: ENTER
[DIAG] _physics_process: ENTER, state=2
[DIAG] _physics_process: camera target set to character (state: 2)
[VERBATIM] DIAGNOSIS turning block executed
[DIAG] _turn_input = 0.5
[DIAG] _poll_controls: ENTER, state=2
[VERBATIM] POLL: _poll_controls() entered, game_state=2
[VERBATIM] POLL: checking deploy state=2 canopy=true
[STEER_TELEM] canopy=true has_pc=false turn=0.0 state=2
[STEER_TELEM] /root/Main children: WorldEnvironment DirectionalLight3D AnimationPlayer HUD @MeshInstance3D@47 @MeshInstance3D@48 @MeshInstance3D@49 @MeshInstance3D@50 @Node3D@51 FlyingPlane @Camera3D@55 @MeshInstance3D@56 @MeshInstance3D@57 @MeshInstance3D@58 @MeshInstance3D@59 @MeshInstance3D@60 @MeshInstance3D@61 @MeshInstance3D@62 @MeshInstance3D@63 @MeshInstance3D@64 @MeshInstance3D@65 @MeshInstance3D@66 @MeshInstance3D@67 @MeshInstance3D@68 @MeshInstance3D@69 @MeshInstance3D@70 @MeshInstance3D@71 @MeshInstance3D@72 @MeshInstance3D@73 @MeshInstance3D@74 @MeshInstance3D@75 @MeshInstance3D@76 @MeshInstance3D@77 @MeshInstance3D@78 @MeshInstance3D@79 @MeshInstance3D@80 @MeshInstance3D@81 @MeshInstance3D@82 @MeshInstance3D@83 @MeshInstance3D@84 @MeshInstance3D@85 @MeshInstance3D@86 @MeshInstance3D@87 @MeshInstance3D@88 @MeshInstance3D@89 @MeshInstance3D@90 @MeshInstance3D@91 @MeshInstance3D@92 @MeshInstance3D@93 @MeshInstance3D@94 @MeshInstance3D@95 @MeshInstance3D@96 @MeshInstance3D@97 @CanvasLayer@99 @HTTPRequest@113 PiPLayer @Timer@121 @HTTPRequest@123 OpeningAnimTimer 
[VERBATIM] ENTER _deploy_canopy gate=none
[VERBATIM] EXIT _deploy_canopy early=already_deployed_or_no_canopy
[AUDIT] poll_forensic_hud: ENTER
[DIAG] _physics_process: ENTER, state=2
[DIAG] _physics_process: camera target set to character (state: 2)
[VERBATIM] DIAGNOSIS turning block executed
[DIAG] _turn_input = 0.5
[AUDIT] poll_forensic_hud: ENTER
[DIAG] _physics_process: ENTER, state=2
[DIAG] _physics_process: camera target set to character (state: 2)
[VERBATIM] DIAGNOSIS turning block executed
[DIAG] _turn_input = 0.5
[DIAG] _poll_controls: ENTER, state=2
[VERBATIM] POLL: _poll_controls() entered, game_state=2
[VERBATIM] POLL: checking deploy state=2 canopy=true
[STEER_TELEM] canopy=true has_pc=false turn=0.0 state=2
[STEER_TELEM] /root/Main children: WorldEnvironment DirectionalLight3D AnimationPlayer HUD @MeshInstance3D@47 @MeshInstance3D@48 @MeshInstance3D@49 @MeshInstance3D@50 @Node3D@51 FlyingPlane @Camera3D@55 @MeshInstance3D@56 @MeshInstance3D@57 @MeshInstance3D@58 @MeshInstance3D@59 @MeshInstance3D@60 @MeshInstance3D@61 @MeshInstance3D@62 @MeshInstance3D@63 @MeshInstance3D@64 @MeshInstance3D@65 @MeshInstance3D@66 @MeshInstance3D@67 @MeshInstance3D@68 @MeshInstance3D@69 @MeshInstance3D@70 @MeshInstance3D@71 @MeshInstance3D@72 @MeshInstance3D@73 @MeshInstance3D@74 @MeshInstance3D@75 @MeshInstance3D@76 @MeshInstance3D@77 @MeshInstance3D@78 @MeshInstance3D@79 @MeshInstance3D@80 @MeshInstance3D@81 @MeshInstance3D@82 @MeshInstance3D@83 @MeshInstance3D@84 @MeshInstance3D@85 @MeshInstance3D@86 @MeshInstance3D@87 @MeshInstance3D@88 @MeshInstance3D@89 @MeshInstance3D@90 @MeshInstance3D@91 @MeshInstance3D@92 @MeshInstance3D@93 @MeshInstance3D@94 @MeshInstance3D@95 @MeshInstance3D@96 @MeshInstance3D@97 @CanvasLayer@99 @HTTPRequest@113 PiPLayer @Timer@121 @HTTPRequest@123 OpeningAnimTimer 
[VERBATIM] ENTER _deploy_canopy gate=none
[VERBATIM] EXIT _deploy_canopy early=already_deployed_or_no_canopy
[AUDIT] poll_forensic_hud: ENTER
[DIAG] _physics_process: ENTER, state=2
[DIAG] _physics_process: camera target set to character (state: 2)
[VERBATIM] DIAGNOSIS turning block executed
[DIAG] _turn_input = 0.5
[AUDIT] poll_forensic_hud: ENTER
[DIAG] _physics_process: ENTER, state=2
[DIAG] _physics_process: camera target set to character (state: 2)
[VERBATIM] DIAGNOSIS turning block executed
[DIAG] _turn_input = 0.5
[DIAG] _poll_controls: ENTER, state=2
[VERBATIM] POLL: _poll_controls() entered, game_state=2
[VERBATIM] POLL: checking deploy state=2 canopy=true
[STEER_TELEM] canopy=true has_pc=false turn=0.0 state=2
[STEER_TELEM] /root/Main children: WorldEnvironment DirectionalLight3D AnimationPlayer HUD @MeshInstance3D@47 @MeshInstance3D@48 @MeshInstance3D@49 @MeshInstance3D@50 @Node3D@51 FlyingPlane @Camera3D@55 @MeshInstance3D@56 @MeshInstance3D@57 @MeshInstance3D@58 @MeshInstance3D@59 @MeshInstance3D@60 @MeshInstance3D@61 @MeshInstance3D@62 @MeshInstance3D@63 @MeshInstance3D@64 @MeshInstance3D@65 @MeshInstance3D@66 @MeshInstance3D@67 @MeshInstance3D@68 @MeshInstance3D@69 @MeshInstance3D@70 @MeshInstance3D@71 @MeshInstance3D@72 @MeshInstance3D@73 @MeshInstance3D@74 @MeshInstance3D@75 @MeshInstance3D@76 @MeshInstance3D@77 @MeshInstance3D@78 @MeshInstance3D@79 @MeshInstance3D@80 @MeshInstance3D@81 @MeshInstance3D@82 @MeshInstance3D@83 @MeshInstance3D@84 @MeshInstance3D@85 @MeshInstance3D@86 @MeshInstance3D@87 @MeshInstance3D@88 @MeshInstance3D@89 @MeshInstance3D@90 @MeshInstance3D@91 @MeshInstance3D@92 @MeshInstance3D@93 @MeshInstance3D@94 @MeshInstance3D@95 @MeshInstance3D@96 @MeshInstance3D@97 @CanvasLayer@99 @HTTPRequest@113 PiPLayer @Timer@121 @HTTPRequest@123 OpeningAnimTimer 
[VERBATIM] ENTER _deploy_canopy gate=none
[VERBATIM] EXIT _deploy_canopy early=already_deployed_or_no_canopy
[AUDIT] poll_forensic_hud: ENTER
[DIAG] _physics_process: ENTER, state=2
[DIAG] _physics_process: camera target set to character (state: 2)
[GLIDE],0.51666666666667,0.0,0.0,0.0,0.0,11.0,0.0,0.0,4.23076923076923,2.6,263.970550537109,752.904174804688,18.0
[VERBATIM] DIAGNOSIS turning block executed
[DIAG] _turn_input = 0.5
[AUDIT] poll_forensic_hud: ENTER
[DIAG] _physics_process: ENTER, state=2
[DIAG] _physics_process: camera target set to character (state: 2)
[VERBATIM] DIAGNOSIS turning block executed
[DIAG] _turn_input = 0.5
[DIAG] _poll_controls: ENTER, state=2
[VERBATIM] POLL: _poll_controls() entered, game_state=2
[VERBATIM] POLL: checking deploy state=2 canopy=true
[STEER_TELEM] canopy=true has_pc=false turn=0.0 state=2
[STEER_TELEM] /root/Main children: WorldEnvironment DirectionalLight3D AnimationPlayer HUD @MeshInstance3D@47 @MeshInstance3D@48 @MeshInstance3D@49 @MeshInstance3D@50 @Node3D@51 FlyingPlane @Camera3D@55 @MeshInstance3D@56 @MeshInstance3D@57 @MeshInstance3D@58 @MeshInstance3D@59 @MeshInstance3D@60 @MeshInstance3D@61 @MeshInstance3D@62 @MeshInstance3D@63 @MeshInstance3D@64 @MeshInstance3D@65 @MeshInstance3D@66 @MeshInstance3D@67 @MeshInstance3D@68 @MeshInstance3D@69 @MeshInstance3D@70 @MeshInstance3D@71 @MeshInstance3D@72 @MeshInstance3D@73 @MeshInstance3D@74 @MeshInstance3D@75 @MeshInstance3D@76 @MeshInstance3D@77 @MeshInstance3D@78 @MeshInstance3D@79 @MeshInstance3D@80 @MeshInstance3D@81 @MeshInstance3D@82 @MeshInstance3D@83 @MeshInstance3D@84 @MeshInstance3D@85 @MeshInstance3D@86 @MeshInstance3D@87 @MeshInstance3D@88 @MeshInstance3D@89 @MeshInstance3D@90 @MeshInstance3D@91 @MeshInstance3D@92 @MeshInstance3D@93 @MeshInstance3D@94 @MeshInstance3D@95 @MeshInstance3D@96 @MeshInstance3D@97 @CanvasLayer@99 @HTTPRequest@113 PiPLayer @Timer@121 @HTTPRequest@123 OpeningAnimTimer 
[VERBATIM] ENTER _deploy_canopy gate=none
[VERBATIM] EXIT _deploy_canopy early=already_deployed_or_no_canopy
[AUDIT] poll_forensic_hud: ENTER
[DIAG] _physics_process: ENTER, state=2
[DIAG] _physics_process: camera target set to character (state: 2)
[VERBATIM] DIAGNOSIS turning block executed
[DIAG] _turn_input = 0.5
[AUDIT] poll_forensic_hud: ENTER
[DIAG] _physics_process: ENTER, state=2
[DIAG] _physics_process: camera target set to character (state: 2)
[VERBATIM] DIAGNOSIS turning block executed
[DIAG] _turn_input = 0.5
[DIAG] _poll_controls: ENTER, state=2
[VERBATIM] POLL: _poll_controls() entered, game_state=2
[VERBATIM] POLL: checking deploy state=2 canopy=true
[STEER_TELEM] canopy=true has_pc=false turn=0.0 state=2
[STEER_TELEM] /root/Main children: WorldEnvironment DirectionalLight3D AnimationPlayer HUD @MeshInstance3D@47 @MeshInstance3D@48 @MeshInstance3D@49 @MeshInstance3D@50 @Node3D@51 FlyingPlane @Camera3D@55 @MeshInstance3D@56 @MeshInstance3D@57 @MeshInstance3D@58 @MeshInstance3D@59 @MeshInstance3D@60 @MeshInstance3D@61 @MeshInstance3D@62 @MeshInstance3D@63 @MeshInstance3D@64 @MeshInstance3D@65 @MeshInstance3D@66 @MeshInstance3D@67 @MeshInstance3D@68 @MeshInstance3D@69 @MeshInstance3D@70 @MeshInstance3D@71 @MeshInstance3D@72 @MeshInstance3D@73 @MeshInstance3D@74 @MeshInstance3D@75 @MeshInstance3D@76 @MeshInstance3D@77 @MeshInstance3D@78 @MeshInstance3D@79 @MeshInstance3D@80 @MeshInstance3D@81 @MeshInstance3D@82 @MeshInstance3D@83 @MeshInstance3D@84 @MeshInstance3D@85 @MeshInstance3D@86 @MeshInstance3D@87 @MeshInstance3D@88 @MeshInstance3D@89 @MeshInstance3D@90 @MeshInstance3D@91 @MeshInstance3D@92 @MeshInstance3D@93 @MeshInstance3D@94 @MeshInstance3D@95 @MeshInstance3D@96 @MeshInstance3D@97 @CanvasLayer@99 @HTTPRequest@113 PiPLayer @Timer@121 @HTTPRequest@123 OpeningAnimTimer 
[VERBATIM] ENTER _deploy_canopy gate=none
[VERBATIM] EXIT _deploy_canopy early=already_deployed_or_no_canopy
[AUDIT] poll_forensic_hud: ENTER
[DIAG] _physics_process: ENTER, state=2
[DIAG] _physics_process: camera target set to character (state: 2)
[VERBATIM] DIAGNOSIS turning block executed
[DIAG] _turn_input = 0.5
[AUDIT] poll_forensic_hud: ENTER
[DIAG] _physics_process: ENTER, state=2
[DIAG] _physics_process: camera target set to character (state: 2)
[VERBATIM] DIAGNOSIS turning block executed
[DIAG] _turn_input = 0.5
[DIAG] _poll_controls: ENTER, state=2
[VERBATIM] POLL: _poll_controls() entered, game_state=2
[VERBATIM] POLL: checking deploy state=2 canopy=true
[STEER_TELEM] canopy=true has_pc=false turn=0.0 state=2
[STEER_TELEM] /root/Main children: WorldEnvironment DirectionalLight3D AnimationPlayer HUD @MeshInstance3D@47 @MeshInstance3D@48 @MeshInstance3D@49 @MeshInstance3D@50 @Node3D@51 FlyingPlane @Camera3D@55 @MeshInstance3D@56 @MeshInstance3D@57 @MeshInstance3D@58 @MeshInstance3D@59 @MeshInstance3D@60 @MeshInstance3D@61 @MeshInstance3D@62 @MeshInstance3D@63 @MeshInstance3D@64 @MeshInstance3D@65 @MeshInstance3D@66 @MeshInstance3D@67 @MeshInstance3D@68 @MeshInstance3D@69 @MeshInstance3D@70 @MeshInstance3D@71 @MeshInstance3D@72 @MeshInstance3D@73 @MeshInstance3D@74 @MeshInstance3D@75 @MeshInstance3D@76 @MeshInstance3D@77 @MeshInstance3D@78 @MeshInstance3D@79 @MeshInstance3D@80 @MeshInstance3D@81 @MeshInstance3D@82 @MeshInstance3D@83 @MeshInstance3D@84 @MeshInstance3D@85 @MeshInstance3D@86 @MeshInstance3D@87 @MeshInstance3D@88 @MeshInstance3D@89 @MeshInstance3D@90 @MeshInstance3D@91 @MeshInstance3D@92 @MeshInstance3D@93 @MeshInstance3D@94 @MeshInstance3D@95 @MeshInstance3D@96 @MeshInstance3D@97 @CanvasLayer@99 @HTTPRequest@113 PiPLayer @Timer@121 @HTTPRequest@123 OpeningAnimTimer 
[VERBATIM] ENTER _deploy_canopy gate=none
[VERBATIM] EXIT _deploy_canopy early=already_deployed_or_no_canopy
[AUDIT] poll_forensic_hud: ENTER
[DIAG] _physics_process: ENTER, state=2
[DIAG] _physics_process: camera target set to character (state: 2)
[VERBATIM] DIAGNOSIS turning block executed
[DIAG] _turn_input = 0.5
[AUDIT] poll_forensic_hud: ENTER
[DIAG] _physics_process: ENTER, state=2
[DIAG] _physics_process: camera target set to character (state: 2)
[VERBATIM] DIAGNOSIS turning block executed
[DIAG] _turn_input = 0.5
[DIAG] _poll_controls: ENTER, state=2
[VERBATIM] POLL: _poll_controls() entered, game_state=2
[VERBATIM] POLL: checking deploy state=2 canopy=true
[STEER_TELEM] canopy=true has_pc=false turn=0.0 state=2
[STEER_TELEM] /root/Main children: WorldEnvironment DirectionalLight3D AnimationPlayer HUD @MeshInstance3D@47 @MeshInstance3D@48 @MeshInstance3D@49 @MeshInstance3D@50 @Node3D@51 FlyingPlane @Camera3D@55 @MeshInstance3D@56 @MeshInstance3D@57 @MeshInstance3D@58 @MeshInstance3D@59 @MeshInstance3D@60 @MeshInstance3D@61 @MeshInstance3D@62 @MeshInstance3D@63 @MeshInstance3D@64 @MeshInstance3D@65 @MeshInstance3D@66 @MeshInstance3D@67 @MeshInstance3D@68 @MeshInstance3D@69 @MeshInstance3D@70 @MeshInstance3D@71 @MeshInstance3D@72 @MeshInstance3D@73 @MeshInstance3D@74 @MeshInstance3D@75 @MeshInstance3D@76 @MeshInstance3D@77 @MeshInstance3D@78 @MeshInstance3D@79 @MeshInstance3D@80 @MeshInstance3D@81 @MeshInstance3D@82 @MeshInstance3D@83 @MeshInstance3D@84 @MeshInstance3D@85 @MeshInstance3D@86 @MeshInstance3D@87 @MeshInstance3D@88 @MeshInstance3D@89 @MeshInstance3D@90 @MeshInstance3D@91 @MeshInstance3D@92 @MeshInstance3D@93 @MeshInstance3D@94 @MeshInstance3D@95 @MeshInstance3D@96 @MeshInstance3D@97 @CanvasLayer@99 @HTTPRequest@113 PiPLayer @Timer@121 @HTTPRequest@123 OpeningAnimTimer 
[VERBATIM] ENTER _deploy_canopy gate=none
[VERBATIM] EXIT _deploy_canopy early=already_deployed_or_no_canopy
[AUDIT] poll_forensic_hud: ENTER
[DIAG] _physics_process: ENTER, state=2
[DIAG] _physics_process: camera target set to character (state: 2)
[VERBATIM] DIAGNOSIS turning block executed
[DIAG] _turn_input = 0.5
[AUDIT] poll_forensic_hud: ENTER
[DIAG] _physics_process: ENTER, state=2
[DIAG] _physics_process: camera target set to character (state: 2)
[VERBATIM] DIAGNOSIS turning block executed
[DIAG] _turn_input = 0.5
[DIAG] _poll_controls: ENTER, state=2
[VERBATIM] POLL: _poll_controls() entered, game_state=2
[VERBATIM] POLL: checking deploy state=2 canopy=true
[STEER_TELEM] canopy=true has_pc=false turn=0.0 state=2
[STEER_TELEM] /root/Main children: WorldEnvironment DirectionalLight3D AnimationPlayer HUD @MeshInstance3D@47 @MeshInstance3D@48 @MeshInstance3D@49 @MeshInstance3D@50 @Node3D@51 FlyingPlane @Camera3D@55 @MeshInstance3D@56 @MeshInstance3D@57 @MeshInstance3D@58 @MeshInstance3D@59 @MeshInstance3D@60 @MeshInstance3D@61 @MeshInstance3D@62 @MeshInstance3D@63 @MeshInstance3D@64 @MeshInstance3D@65 @MeshInstance3D@66 @MeshInstance3D@67 @MeshInstance3D@68 @MeshInstance3D@69 @MeshInstance3D@70 @MeshInstance3D@71 @MeshInstance3D@72 @MeshInstance3D@73 @MeshInstance3D@74 @MeshInstance3D@75 @MeshInstance3D@76 @MeshInstance3D@77 @MeshInstance3D@78 @MeshInstance3D@79 @MeshInstance3D@80 @MeshInstance3D@81 @MeshInstance3D@82 @MeshInstance3D@83 @MeshInstance3D@84 @MeshInstance3D@85 @MeshInstance3D@86 @MeshInstance3D@87 @MeshInstance3D@88 @MeshInstance3D@89 @MeshInstance3D@90 @MeshInstance3D@91 @MeshInstance3D@92 @MeshInstance3D@93 @MeshInstance3D@94 @MeshInstance3D@95 @MeshInstance3D@96 @MeshInstance3D@97 @CanvasLayer@99 @HTTPRequest@113 PiPLayer @Timer@121 @HTTPRequest@123 OpeningAnimTimer 
[VERBATIM] ENTER _deploy_canopy gate=none
[VERBATIM] EXIT _deploy_canopy early=already_deployed_or_no_canopy
[AUDIT] poll_forensic_hud: ENTER
[DIAG] _physics_process: ENTER, state=2
[DIAG] _physics_process: camera target set to character (state: 2)
[VERBATIM] DIAGNOSIS turning block executed
[DIAG] _turn_input = 0.5
[AUDIT] poll_forensic_hud: ENTER
[DIAG] _physics_process: ENTER, state=2
[DIAG] _physics_process: camera target set to character (state: 2)
[VERBATIM] DIAGNOSIS turning block executed
[DIAG] _turn_input = 0.5
[DIAG] _poll_controls: ENTER, state=2
[VERBATIM] POLL: _poll_controls() entered, game_state=2
[VERBATIM] POLL: checking deploy state=2 canopy=true
[STEER_TELEM] canopy=true has_pc=false turn=0.0 state=2
[STEER_TELEM] /root/Main children: WorldEnvironment DirectionalLight3D AnimationPlayer HUD @MeshInstance3D@47 @MeshInstance3D@48 @MeshInstance3D@49 @MeshInstance3D@50 @Node3D@51 FlyingPlane @Camera3D@55 @MeshInstance3D@56 @MeshInstance3D@57 @MeshInstance3D@58 @MeshInstance3D@59 @MeshInstance3D@60 @MeshInstance3D@61 @MeshInstance3D@62 @MeshInstance3D@63 @MeshInstance3D@64 @MeshInstance3D@65 @MeshInstance3D@66 @MeshInstance3D@67 @MeshInstance3D@68 @MeshInstance3D@69 @MeshInstance3D@70 @MeshInstance3D@71 @MeshInstance3D@72 @MeshInstance3D@73 @MeshInstance3D@74 @MeshInstance3D@75 @MeshInstance3D@76 @MeshInstance3D@77 @MeshInstance3D@78 @MeshInstance3D@79 @MeshInstance3D@80 @MeshInstance3D@81 @MeshInstance3D@82 @MeshInstance3D@83 @MeshInstance3D@84 @MeshInstance3D@85 @MeshInstance3D@86 @MeshInstance3D@87 @MeshInstance3D@88 @MeshInstance3D@89 @MeshInstance3D@90 @MeshInstance3D@91 @MeshInstance3D@92 @MeshInstance3D@93 @MeshInstance3D@94 @MeshInstance3D@95 @MeshInstance3D@96 @MeshInstance3D@97 @CanvasLayer@99 @HTTPRequest@113 PiPLayer @Timer@121 @HTTPRequest@123 OpeningAnimTimer 
[VERBATIM] ENTER _deploy_canopy gate=none
[VERBATIM] EXIT _deploy_canopy early=already_deployed_or_no_canopy
[AUDIT] poll_forensic_hud: ENTER
[DIAG] _physics_process: ENTER, state=2
[DIAG] _physics_process: camera target set to character (state: 2)
[VERBATIM] DIAGNOSIS turning block executed
[DIAG] _turn_input = 0.5
[AUDIT] poll_forensic_hud: ENTER
[DIAG] _physics_process: ENTER, state=2
[DIAG] _physics_process: camera target set to character (state: 2)
[VERBATIM] DIAGNOSIS turning block executed
[DIAG] _turn_input = 0.5
[DIAG] _poll_controls: ENTER, state=2
[VERBATIM] POLL: _poll_controls() entered, game_state=2
[VERBATIM] POLL: checking deploy state=2 canopy=true
[STEER_TELEM] canopy=true has_pc=false turn=0.0 state=2
[STEER_TELEM] /root/Main children: WorldEnvironment DirectionalLight3D AnimationPlayer HUD @MeshInstance3D@47 @MeshInstance3D@48 @MeshInstance3D@49 @MeshInstance3D@50 @Node3D@51 FlyingPlane @Camera3D@55 @MeshInstance3D@56 @MeshInstance3D@57 @MeshInstance3D@58 @MeshInstance3D@59 @MeshInstance3D@60 @MeshInstance3D@61 @MeshInstance3D@62 @MeshInstance3D@63 @MeshInstance3D@64 @MeshInstance3D@65 @MeshInstance3D@66 @MeshInstance3D@67 @MeshInstance3D@68 @MeshInstance3D@69 @MeshInstance3D@70 @MeshInstance3D@71 @MeshInstance3D@72 @MeshInstance3D@73 @MeshInstance3D@74 @MeshInstance3D@75 @MeshInstance3D@76 @MeshInstance3D@77 @MeshInstance3D@78 @MeshInstance3D@79 @MeshInstance3D@80 @MeshInstance3D@81 @MeshInstance3D@82 @MeshInstance3D@83 @MeshInstance3D@84 @MeshInstance3D@85 @MeshInstance3D@86 @MeshInstance3D@87 @MeshInstance3D@88 @MeshInstance3D@89 @MeshInstance3D@90 @MeshInstance3D@91 @MeshInstance3D@92 @MeshInstance3D@93 @MeshInstance3D@94 @MeshInstance3D@95 @MeshInstance3D@96 @MeshInstance3D@97 @CanvasLayer@99 @HTTPRequest@113 PiPLayer @Timer@121 @HTTPRequest@123 OpeningAnimTimer 
[VERBATIM] ENTER _deploy_canopy gate=none
[VERBATIM] EXIT _deploy_canopy early=already_deployed_or_no_canopy
[AUDIT] poll_forensic_hud: ENTER
[DIAG] _physics_process: ENTER, state=2
[DIAG] _physics_process: camera target set to character (state: 2)
[VERBATIM] DIAGNOSIS turning block executed
[DIAG] _turn_input = 0.5
[AUDIT] poll_forensic_hud: ENTER
[DIAG] _physics_process: ENTER, state=2
[DIAG] _physics_process: camera target set to character (state: 2)
[VERBATIM] DIAGNOSIS turning block executed
[DIAG] _turn_input = 0.5
[DIAG] _poll_controls: ENTER, state=2
[VERBATIM] POLL: _poll_controls() entered, game_state=2
[VERBATIM] POLL: checking deploy state=2 canopy=true
[STEER_TELEM] canopy=true has_pc=false turn=0.0 state=2
[STEER_TELEM] /root/Main children: WorldEnvironment DirectionalLight3D AnimationPlayer HUD @MeshInstance3D@47 @MeshInstance3D@48 @MeshInstance3D@49 @MeshInstance3D@50 @Node3D@51 FlyingPlane @Camera3D@55 @MeshInstance3D@56 @MeshInstance3D@57 @MeshInstance3D@58 @MeshInstance3D@59 @MeshInstance3D@60 @MeshInstance3D@61 @MeshInstance3D@62 @MeshInstance3D@63 @MeshInstance3D@64 @MeshInstance3D@65 @MeshInstance3D@66 @MeshInstance3D@67 @MeshInstance3D@68 @MeshInstance3D@69 @MeshInstance3D@70 @MeshInstance3D@71 @MeshInstance3D@72 @MeshInstance3D@73 @MeshInstance3D@74 @MeshInstance3D@75 @MeshInstance3D@76 @MeshInstance3D@77 @MeshInstance3D@78 @MeshInstance3D@79 @MeshInstance3D@80 @MeshInstance3D@81 @MeshInstance3D@82 @MeshInstance3D@83 @MeshInstance3D@84 @MeshInstance3D@85 @MeshInstance3D@86 @MeshInstance3D@87 @MeshInstance3D@88 @MeshInstance3D@89 @MeshInstance3D@90 @MeshInstance3D@91 @MeshInstance3D@92 @MeshInstance3D@93 @MeshInstance3D@94 @MeshInstance3D@95 @MeshInstance3D@96 @MeshInstance3D@97 @CanvasLayer@99 @HTTPRequest@113 PiPLayer @Timer@121 @HTTPRequest@123 OpeningAnimTimer 
[VERBATIM] ENTER _deploy_canopy gate=none
[VERBATIM] EXIT _deploy_canopy early=already_deployed_or_no_canopy
[AUDIT] poll_forensic_hud: ENTER
[DIAG] _physics_process: ENTER, state=2
[DIAG] _physics_process: camera target set to character (state: 2)
[VERBATIM] DIAGNOSIS turning block executed
[DIAG] _turn_input = 0.5
[AUDIT] poll_forensic_hud: ENTER
[DIAG] _physics_process: ENTER, state=2
[DIAG] _physics_process: camera target set to character (state: 2)
[VERBATIM] DIAGNOSIS turning block executed
[DIAG] _turn_input = 0.5
[DIAG] _poll_controls: ENTER, state=2
[VERBATIM] POLL: _poll_controls() entered, game_state=2
[VERBATIM] POLL: checking deploy state=2 canopy=true
[STEER_TELEM] canopy=true has_pc=false turn=0.0 state=2
[STEER_TELEM] /root/Main children: WorldEnvironment DirectionalLight3D AnimationPlayer HUD @MeshInstance3D@47 @MeshInstance3D@48 @MeshInstance3D@49 @MeshInstance3D@50 @Node3D@51 FlyingPlane @Camera3D@55 @MeshInstance3D@56 @MeshInstance3D@57 @MeshInstance3D@58 @MeshInstance3D@59 @MeshInstance3D@60 @MeshInstance3D@61 @MeshInstance3D@62 @MeshInstance3D@63 @MeshInstance3D@64 @MeshInstance3D@65 @MeshInstance3D@66 @MeshInstance3D@67 @MeshInstance3D@68 @MeshInstance3D@69 @MeshInstance3D@70 @MeshInstance3D@71 @MeshInstance3D@72 @MeshInstance3D@73 @MeshInstance3D@74 @MeshInstance3D@75 @MeshInstance3D@76 @MeshInstance3D@77 @MeshInstance3D@78 @MeshInstance3D@79 @MeshInstance3D@80 @MeshInstance3D@81 @MeshInstance3D@82 @MeshInstance3D@83 @MeshInstance3D@84 @MeshInstance3D@85 @MeshInstance3D@86 @MeshInstance3D@87 @MeshInstance3D@88 @MeshInstance3D@89 @MeshInstance3D@90 @MeshInstance3D@91 @MeshInstance3D@92 @MeshInstance3D@93 @MeshInstance3D@94 @MeshInstance3D@95 @MeshInstance3D@96 @MeshInstance3D@97 @CanvasLayer@99 @HTTPRequest@113 PiPLayer @Timer@121 @HTTPRequest@123 OpeningAnimTimer 
[VERBATIM] ENTER _deploy_canopy gate=none
[VERBATIM] EXIT _deploy_canopy early=already_deployed_or_no_canopy
[AUDIT] poll_forensic_hud: ENTER
[DIAG] _physics_process: ENTER, state=2
[DIAG] _physics_process: camera target set to character (state: 2)
[VERBATIM] DIAGNOSIS turning block executed
[DIAG] _turn_input = 0.5
[AUDIT] poll_forensic_hud: ENTER
[DIAG] _physics_process: ENTER, state=2
[DIAG] _physics_process: camera target set to character (state: 2)
[VERBATIM] DIAGNOSIS turning block executed
[DIAG] _turn_input = 0.5
[DIAG] _poll_controls: ENTER, state=2
[VERBATIM] POLL: _poll_controls() entered, game_state=2
[VERBATIM] POLL: checking deploy state=2 canopy=true
[STEER_TELEM] canopy=true has_pc=false turn=0.0 state=2
[STEER_TELEM] /root/Main children: WorldEnvironment DirectionalLight3D AnimationPlayer HUD @MeshInstance3D@47 @MeshInstance3D@48 @MeshInstance3D@49 @MeshInstance3D@50 @Node3D@51 FlyingPlane @Camera3D@55 @MeshInstance3D@56 @MeshInstance3D@57 @MeshInstance3D@58 @MeshInstance3D@59 @MeshInstance3D@60 @MeshInstance3D@61 @MeshInstance3D@62 @MeshInstance3D@63 @MeshInstance3D@64 @MeshInstance3D@65 @MeshInstance3D@66 @MeshInstance3D@67 @MeshInstance3D@68 @MeshInstance3D@69 @MeshInstance3D@70 @MeshInstance3D@71 @MeshInstance3D@72 @MeshInstance3D@73 @MeshInstance3D@74 @MeshInstance3D@75 @MeshInstance3D@76 @MeshInstance3D@77 @MeshInstance3D@78 @MeshInstance3D@79 @MeshInstance3D@80 @MeshInstance3D@81 @MeshInstance3D@82 @MeshInstance3D@83 @MeshInstance3D@84 @MeshInstance3D@85 @MeshInstance3D@86 @MeshInstance3D@87 @MeshInstance3D@88 @MeshInstance3D@89 @MeshInstance3D@90 @MeshInstance3D@91 @MeshInstance3D@92 @MeshInstance3D@93 @MeshInstance3D@94 @MeshInstance3D@95 @MeshInstance3D@96 @MeshInstance3D@97 @CanvasLayer@99 @HTTPRequest@113 PiPLayer @Timer@121 @HTTPRequest@123 OpeningAnimTimer 
[VERBATIM] ENTER _deploy_canopy gate=none
[VERBATIM] EXIT _deploy_canopy early=already_deployed_or_no_canopy
[AUDIT] poll_forensic_hud: ENTER
[DIAG] _physics_process: ENTER, state=2
[DIAG] _physics_process: camera target set to character (state: 2)
[VERBATIM] DIAGNOSIS turning block executed
[DIAG] _turn_input = 0.5
[AUDIT] poll_forensic_hud: ENTER
[DIAG] _physics_process: ENTER, state=2
[DIAG] _physics_process: camera target set to character (state: 2)
[VERBATIM] DIAGNOSIS turning block executed
[DIAG] _turn_input = 0.5
[DIAG] _poll_controls: ENTER, state=2
[VERBATIM] POLL: _poll_controls() entered, game_state=2
[VERBATIM] POLL: checking deploy state=2 canopy=true
[STEER_TELEM] canopy=true has_pc=false turn=0.0 state=2
[STEER_TELEM] /root/Main children: WorldEnvironment DirectionalLight3D AnimationPlayer HUD @MeshInstance3D@47 @MeshInstance3D@48 @MeshInstance3D@49 @MeshInstance3D@50 @Node3D@51 FlyingPlane @Camera3D@55 @MeshInstance3D@56 @MeshInstance3D@57 @MeshInstance3D@58 @MeshInstance3D@59 @MeshInstance3D@60 @MeshInstance3D@61 @MeshInstance3D@62 @MeshInstance3D@63 @MeshInstance3D@64 @MeshInstance3D@65 @MeshInstance3D@66 @MeshInstance3D@67 @MeshInstance3D@68 @MeshInstance3D@69 @MeshInstance3D@70 @MeshInstance3D@71 @MeshInstance3D@72 @MeshInstance3D@73 @MeshInstance3D@74 @MeshInstance3D@75 @MeshInstance3D@76 @MeshInstance3D@77 @MeshInstance3D@78 @MeshInstance3D@79 @MeshInstance3D@80 @MeshInstance3D@81 @MeshInstance3D@82 @MeshInstance3D@83 @MeshInstance3D@84 @MeshInstance3D@85 @MeshInstance3D@86 @MeshInstance3D@87 @MeshInstance3D@88 @MeshInstance3D@89 @MeshInstance3D@90 @MeshInstance3D@91 @MeshInstance3D@92 @MeshInstance3D@93 @MeshInstance3D@94 @MeshInstance3D@95 @MeshInstance3D@96 @MeshInstance3D@97 @CanvasLayer@99 @HTTPRequest@113 PiPLayer @Timer@121 @HTTPRequest@123 OpeningAnimTimer 
[VERBATIM] ENTER _deploy_canopy gate=none
[VERBATIM] EXIT _deploy_canopy early=already_deployed_or_no_canopy
[DEBUG] _input (build_terrain) called, event=InputEventMouseMotion: button_mask=0, position=((1015.0, 9.0)), relative=((0.0, 1.0)), velocity=((-1.139868, 0.0)), pressure=0.00, tilt=((0.0, 0.0)), pen_inverted=(false)
[AUDIT] _input: ENTER
[AUDIT] _gui_input: ENTER
[AUDIT] poll_forensic_hud: ENTER
[DIAG] _physics_process: ENTER, state=2
[DIAG] _physics_process: camera target set to character (state: 2)
[VERBATIM] DIAGNOSIS turning block executed
[DIAG] _turn_input = 0.5
[AUDIT] poll_forensic_hud: ENTER
[DIAG] _physics_process: ENTER, state=2
[DIAG] _physics_process: camera target set to character (state: 2)
[VERBATIM] DIAGNOSIS turning block executed
[DIAG] _turn_input = 0.5
[DIAG] _poll_controls: ENTER, state=2
[VERBATIM] POLL: _poll_controls() entered, game_state=2
[VERBATIM] POLL: checking deploy state=2 canopy=true
[STEER_TELEM] canopy=true has_pc=false turn=0.0 state=2
[STEER_TELEM] /root/Main children: WorldEnvironment DirectionalLight3D AnimationPlayer HUD @MeshInstance3D@47 @MeshInstance3D@48 @MeshInstance3D@49 @MeshInstance3D@50 @Node3D@51 FlyingPlane @Camera3D@55 @MeshInstance3D@56 @MeshInstance3D@57 @MeshInstance3D@58 @MeshInstance3D@59 @MeshInstance3D@60 @MeshInstance3D@61 @MeshInstance3D@62 @MeshInstance3D@63 @MeshInstance3D@64 @MeshInstance3D@65 @MeshInstance3D@66 @MeshInstance3D@67 @MeshInstance3D@68 @MeshInstance3D@69 @MeshInstance3D@70 @MeshInstance3D@71 @MeshInstance3D@72 @MeshInstance3D@73 @MeshInstance3D@74 @MeshInstance3D@75 @MeshInstance3D@76 @MeshInstance3D@77 @MeshInstance3D@78 @MeshInstance3D@79 @MeshInstance3D@80 @MeshInstance3D@81 @MeshInstance3D@82 @MeshInstance3D@83 @MeshInstance3D@84 @MeshInstance3D@85 @MeshInstance3D@86 @MeshInstance3D@87 @MeshInstance3D@88 @MeshInstance3D@89 @MeshInstance3D@90 @MeshInstance3D@91 @MeshInstance3D@92 @MeshInstance3D@93 @MeshInstance3D@94 @MeshInstance3D@95 @MeshInstance3D@96 @MeshInstance3D@97 @CanvasLayer@99 @HTTPRequest@113 PiPLayer @Timer@121 @HTTPRequest@123 OpeningAnimTimer 
[VERBATIM] ENTER _deploy_canopy gate=none
[VERBATIM] EXIT _deploy_canopy early=already_deployed_or_no_canopy
[AUDIT] poll_forensic_hud: ENTER
[DIAG] _physics_process: ENTER, state=2
[DIAG] _physics_process: camera target set to character (state: 2)
[VERBATIM] DIAGNOSIS turning block executed
[DIAG] _turn_input = 0.5
[AUDIT] poll_forensic_hud: ENTER
[DIAG] _physics_process: ENTER, state=2
[DIAG] _physics_process: camera target set to character (state: 2)
[VERBATIM] DIAGNOSIS turning block executed
[DIAG] _turn_input = 0.5
[DIAG] _poll_controls: ENTER, state=2
[VERBATIM] POLL: _poll_controls() entered, game_state=2
[VERBATIM] POLL: checking deploy state=2 canopy=true
[STEER_TELEM] canopy=true has_pc=false turn=0.0 state=2
[STEER_TELEM] /root/Main children: WorldEnvironment DirectionalLight3D AnimationPlayer HUD @MeshInstance3D@47 @MeshInstance3D@48 @MeshInstance3D@49 @MeshInstance3D@50 @Node3D@51 FlyingPlane @Camera3D@55 @MeshInstance3D@56 @MeshInstance3D@57 @MeshInstance3D@58 @MeshInstance3D@59 @MeshInstance3D@60 @MeshInstance3D@61 @MeshInstance3D@62 @MeshInstance3D@63 @MeshInstance3D@64 @MeshInstance3D@65 @MeshInstance3D@66 @MeshInstance3D@67 @MeshInstance3D@68 @MeshInstance3D@69 @MeshInstance3D@70 @MeshInstance3D@71 @MeshInstance3D@72 @MeshInstance3D@73 @MeshInstance3D@74 @MeshInstance3D@75 @MeshInstance3D@76 @MeshInstance3D@77 @MeshInstance3D@78 @MeshInstance3D@79 @MeshInstance3D@80 @MeshInstance3D@81 @MeshInstance3D@82 @MeshInstance3D@83 @MeshInstance3D@84 @MeshInstance3D@85 @MeshInstance3D@86 @MeshInstance3D@87 @MeshInstance3D@88 @MeshInstance3D@89 @MeshInstance3D@90 @MeshInstance3D@91 @MeshInstance3D@92 @MeshInstance3D@93 @MeshInstance3D@94 @MeshInstance3D@95 @MeshInstance3D@96 @MeshInstance3D@97 @CanvasLayer@99 @HTTPRequest@113 PiPLayer @Timer@121 @HTTPRequest@123 OpeningAnimTimer 
[VERBATIM] ENTER _deploy_canopy gate=none
[VERBATIM] EXIT _deploy_canopy early=already_deployed_or_no_canopy
[AUDIT] poll_forensic_hud: ENTER
[DIAG] _physics_process: ENTER, state=2
[DIAG] _physics_process: camera target set to character (state: 2)
[VERBATIM] DIAGNOSIS turning block executed
[DIAG] _turn_input = 0.5
[AUDIT] poll_forensic_hud: ENTER
[DIAG] _physics_process: ENTER, state=2
[DIAG] _physics_process: camera target set to character (state: 2)
[VERBATIM] DIAGNOSIS turning block executed
[DIAG] _turn_input = 0.5
[DIAG] _poll_controls: ENTER, state=2
[VERBATIM] POLL: _poll_controls() entered, game_state=2
[VERBATIM] POLL: checking deploy state=2 canopy=true
[STEER_TELEM] canopy=true has_pc=false turn=0.0 state=2
[STEER_TELEM] /root/Main children: WorldEnvironment DirectionalLight3D AnimationPlayer HUD @MeshInstance3D@47 @MeshInstance3D@48 @MeshInstance3D@49 @MeshInstance3D@50 @Node3D@51 FlyingPlane @Camera3D@55 @MeshInstance3D@56 @MeshInstance3D@57 @MeshInstance3D@58 @MeshInstance3D@59 @MeshInstance3D@60 @MeshInstance3D@61 @MeshInstance3D@62 @MeshInstance3D@63 @MeshInstance3D@64 @MeshInstance3D@65 @MeshInstance3D@66 @MeshInstance3D@67 @MeshInstance3D@68 @MeshInstance3D@69 @MeshInstance3D@70 @MeshInstance3D@71 @MeshInstance3D@72 @MeshInstance3D@73 @MeshInstance3D@74 @MeshInstance3D@75 @MeshInstance3D@76 @MeshInstance3D@77 @MeshInstance3D@78 @MeshInstance3D@79 @MeshInstance3D@80 @MeshInstance3D@81 @MeshInstance3D@82 @MeshInstance3D@83 @MeshInstance3D@84 @MeshInstance3D@85 @MeshInstance3D@86 @MeshInstance3D@87 @MeshInstance3D@88 @MeshInstance3D@89 @MeshInstance3D@90 @MeshInstance3D@91 @MeshInstance3D@92 @MeshInstance3D@93 @MeshInstance3D@94 @MeshInstance3D@95 @MeshInstance3D@96 @MeshInstance3D@97 @CanvasLayer@99 @HTTPRequest@113 PiPLayer @Timer@121 @HTTPRequest@123 OpeningAnimTimer 
[VERBATIM] ENTER _deploy_canopy gate=none
[VERBATIM] EXIT _deploy_canopy early=already_deployed_or_no_canopy
[AUDIT] poll_forensic_hud: ENTER
[DIAG] _physics_process: ENTER, state=2
[DIAG] _physics_process: camera target set to character (state: 2)
[VERBATIM] DIAGNOSIS turning block executed
[DIAG] _turn_input = 0.5
[AUDIT] poll_forensic_hud: ENTER
[DIAG] _physics_process: ENTER, state=2
[DIAG] _physics_process: camera target set to character (state: 2)
[VERBATIM] DIAGNOSIS turning block executed
[DIAG] _turn_input = 0.5
[DIAG] _poll_controls: ENTER, state=2
[VERBATIM] POLL: _poll_controls() entered, game_state=2
[VERBATIM] POLL: checking deploy state=2 canopy=true
[STEER_TELEM] canopy=true has_pc=false turn=0.0 state=2
[STEER_TELEM] /root/Main children: WorldEnvironment DirectionalLight3D AnimationPlayer HUD @MeshInstance3D@47 @MeshInstance3D@48 @MeshInstance3D@49 @MeshInstance3D@50 @Node3D@51 FlyingPlane @Camera3D@55 @MeshInstance3D@56 @MeshInstance3D@57 @MeshInstance3D@58 @MeshInstance3D@59 @MeshInstance3D@60 @MeshInstance3D@61 @MeshInstance3D@62 @MeshInstance3D@63 @MeshInstance3D@64 @MeshInstance3D@65 @MeshInstance3D@66 @MeshInstance3D@67 @MeshInstance3D@68 @MeshInstance3D@69 @MeshInstance3D@70 @MeshInstance3D@71 @MeshInstance3D@72 @MeshInstance3D@73 @MeshInstance3D@74 @MeshInstance3D@75 @MeshInstance3D@76 @MeshInstance3D@77 @MeshInstance3D@78 @MeshInstance3D@79 @MeshInstance3D@80 @MeshInstance3D@81 @MeshInstance3D@82 @MeshInstance3D@83 @MeshInstance3D@84 @MeshInstance3D@85 @MeshInstance3D@86 @MeshInstance3D@87 @MeshInstance3D@88 @MeshInstance3D@89 @MeshInstance3D@90 @MeshInstance3D@91 @MeshInstance3D@92 @MeshInstance3D@93 @MeshInstance3D@94 @MeshInstance3D@95 @MeshInstance3D@96 @MeshInstance3D@97 @CanvasLayer@99 @HTTPRequest@113 PiPLayer @Timer@121 @HTTPRequest@123 OpeningAnimTimer 
[VERBATIM] ENTER _deploy_canopy gate=none
[VERBATIM] EXIT _deploy_canopy early=already_deployed_or_no_canopy
[AUDIT] poll_forensic_hud: ENTER
[DIAG] _physics_process: ENTER, state=2
[DIAG] _physics_process: camera target set to character (state: 2)
[GLIDE],1.01666666666667,0.0,0.0,0.0,0.0,11.0,0.0,0.0,4.23076923076923,2.6,263.970550537109,759.962890625,18.0
[VERBATIM] DIAGNOSIS turning block executed
[DIAG] _turn_input = 0.5
[AUDIT] poll_forensic_hud: ENTER
[DIAG] _physics_process: ENTER, state=2
[DIAG] _physics_process: camera target set to character (state: 2)
[VERBATIM] DIAGNOSIS turning block executed
[DIAG] _turn_input = 0.5
[DIAG] _poll_controls: ENTER, state=2
[VERBATIM] POLL: _poll_controls() entered, game_state=2
[VERBATIM] POLL: checking deploy state=2 canopy=true
[STEER_TELEM] canopy=true has_pc=false turn=0.0 state=2
[STEER_TELEM] /root/Main children: WorldEnvironment DirectionalLight3D AnimationPlayer HUD @MeshInstance3D@47 @MeshInstance3D@48 @MeshInstance3D@49 @MeshInstance3D@50 @Node3D@51 FlyingPlane @Camera3D@55 @MeshInstance3D@56 @MeshInstance3D@57 @MeshInstance3D@58 @MeshInstance3D@59 @MeshInstance3D@60 @MeshInstance3D@61 @MeshInstance3D@62 @MeshInstance3D@63 @MeshInstance3D@64 @MeshInstance3D@65 @MeshInstance3D@66 @MeshInstance3D@67 @MeshInstance3D@68 @MeshInstance3D@69 @MeshInstance3D@70 @MeshInstance3D@71 @MeshInstance3D@72 @MeshInstance3D@73 @MeshInstance3D@74 @MeshInstance3D@75 @MeshInstance3D@76 @MeshInstance3D@77 @MeshInstance3D@78 @MeshInstance3D@79 @MeshInstance3D@80 @MeshInstance3D@81 @MeshInstance3D@82 @MeshInstance3D@83 @MeshInstance3D@84 @MeshInstance3D@85 @MeshInstance3D@86 @MeshInstance3D@87 @MeshInstance3D@88 @MeshInstance3D@89 @MeshInstance3D@90 @MeshInstance3D@91 @MeshInstance3D@92 @MeshInstance3D@93 @MeshInstance3D@94 @MeshInstance3D@95 @MeshInstance3D@96 @MeshInstance3D@97 @CanvasLayer@99 @HTTPRequest@113 PiPLayer @Timer@121 @HTTPRequest@123 OpeningAnimTimer 
[VERBATIM] ENTER _deploy_canopy gate=none
[VERBATIM] EXIT _deploy_canopy early=already_deployed_or_no_canopy
[AUDIT] poll_forensic_hud: ENTER
[DIAG] _physics_process: ENTER, state=2
[DIAG] _physics_process: camera target set to character (state: 2)
[VERBATIM] DIAGNOSIS turning block executed
[DIAG] _turn_input = 0.5
[AUDIT] poll_forensic_hud: ENTER
[DIAG] _physics_process: ENTER, state=2
[DIAG] _physics_process: camera target set to character (state: 2)
[VERBATIM] DIAGNOSIS turning block executed
[DIAG] _turn_input = 0.5
[DIAG] _poll_controls: ENTER, state=2
[VERBATIM] POLL: _poll_controls() entered, game_state=2
[VERBATIM] POLL: checking deploy state=2 canopy=true
[STEER_TELEM] canopy=true has_pc=false turn=0.0 state=2
[STEER_TELEM] /root/Main children: WorldEnvironment DirectionalLight3D AnimationPlayer HUD @MeshInstance3D@47 @MeshInstance3D@48 @MeshInstance3D@49 @MeshInstance3D@50 @Node3D@51 FlyingPlane @Camera3D@55 @MeshInstance3D@56 @MeshInstance3D@57 @MeshInstance3D@58 @MeshInstance3D@59 @MeshInstance3D@60 @MeshInstance3D@61 @MeshInstance3D@62 @MeshInstance3D@63 @MeshInstance3D@64 @MeshInstance3D@65 @MeshInstance3D@66 @MeshInstance3D@67 @MeshInstance3D@68 @MeshInstance3D@69 @MeshInstance3D@70 @MeshInstance3D@71 @MeshInstance3D@72 @MeshInstance3D@73 @MeshInstance3D@74 @MeshInstance3D@75 @MeshInstance3D@76 @MeshInstance3D@77 @MeshInstance3D@78 @MeshInstance3D@79 @MeshInstance3D@80 @MeshInstance3D@81 @MeshInstance3D@82 @MeshInstance3D@83 @MeshInstance3D@84 @MeshInstance3D@85 @MeshInstance3D@86 @MeshInstance3D@87 @MeshInstance3D@88 @MeshInstance3D@89 @MeshInstance3D@90 @MeshInstance3D@91 @MeshInstance3D@92 @MeshInstance3D@93 @MeshInstance3D@94 @MeshInstance3D@95 @MeshInstance3D@96 @MeshInstance3D@97 @CanvasLayer@99 @HTTPRequest@113 PiPLayer @Timer@121 @HTTPRequest@123 OpeningAnimTimer 
[VERBATIM] ENTER _deploy_canopy gate=none
[VERBATIM] EXIT _deploy_canopy early=already_deployed_or_no_canopy
[AUDIT] poll_forensic_hud: ENTER
[DIAG] _physics_process: ENTER, state=2
[DIAG] _physics_process: camera target set to character (state: 2)
[VERBATIM] DIAGNOSIS turning block executed
[DIAG] _turn_input = 0.5
[AUDIT] poll_forensic_hud: ENTER
[DIAG] _physics_process: ENTER, state=2
[DIAG] _physics_process: camera target set to character (state: 2)
[VERBATIM] DIAGNOSIS turning block executed
[DIAG] _turn_input = 0.5
[DIAG] _poll_controls: ENTER, state=2
[VERBATIM] POLL: _poll_controls() entered, game_state=2
[VERBATIM] POLL: checking deploy state=2 canopy=true
[STEER_TELEM] canopy=true has_pc=false turn=0.0 state=2
[STEER_TELEM] /root/Main children: WorldEnvironment DirectionalLight3D AnimationPlayer HUD @MeshInstance3D@47 @MeshInstance3D@48 @MeshInstance3D@49 @MeshInstance3D@50 @Node3D@51 FlyingPlane @Camera3D@55 @MeshInstance3D@56 @MeshInstance3D@57 @MeshInstance3D@58 @MeshInstance3D@59 @MeshInstance3D@60 @MeshInstance3D@61 @MeshInstance3D@62 @MeshInstance3D@63 @MeshInstance3D@64 @MeshInstance3D@65 @MeshInstance3D@66 @MeshInstance3D@67 @MeshInstance3D@68 @MeshInstance3D@69 @MeshInstance3D@70 @MeshInstance3D@71 @MeshInstance3D@72 @MeshInstance3D@73 @MeshInstance3D@74 @MeshInstance3D@75 @MeshInstance3D@76 @MeshInstance3D@77 @MeshInstance3D@78 @MeshInstance3D@79 @MeshInstance3D@80 @MeshInstance3D@81 @MeshInstance3D@82 @MeshInstance3D@83 @MeshInstance3D@84 @MeshInstance3D@85 @MeshInstance3D@86 @MeshInstance3D@87 @MeshInstance3D@88 @MeshInstance3D@89 @MeshInstance3D@90 @MeshInstance3D@91 @MeshInstance3D@92 @MeshInstance3D@93 @MeshInstance3D@94 @MeshInstance3D@95 @MeshInstance3D@96 @MeshInstance3D@97 @CanvasLayer@99 @HTTPRequest@113 PiPLayer @Timer@121 @HTTPRequest@123 OpeningAnimTimer 
[VERBATIM] ENTER _deploy_canopy gate=none
[VERBATIM] EXIT _deploy_canopy early=already_deployed_or_no_canopy
[AUDIT] poll_forensic_hud: ENTER
[DIAG] _physics_process: ENTER, state=2
[DIAG] _physics_process: camera target set to character (state: 2)
[VERBATIM] DIAGNOSIS turning block executed
[DIAG] _turn_input = 0.5
[AUDIT] poll_forensic_hud: ENTER
[DIAG] _physics_process: ENTER, state=2
[DIAG] _physics_process: camera target set to character (state: 2)
[VERBATIM] DIAGNOSIS turning block executed
[DIAG] _turn_input = 0.5
[DIAG] _poll_controls: ENTER, state=2
[VERBATIM] POLL: _poll_controls() entered, game_state=2
[VERBATIM] POLL: checking deploy state=2 canopy=true
[STEER_TELEM] canopy=true has_pc=false turn=0.0 state=2
[STEER_TELEM] /root/Main children: WorldEnvironment DirectionalLight3D AnimationPlayer HUD @MeshInstance3D@47 @MeshInstance3D@48 @MeshInstance3D@49 @MeshInstance3D@50 @Node3D@51 FlyingPlane @Camera3D@55 @MeshInstance3D@56 @MeshInstance3D@57 @MeshInstance3D@58 @MeshInstance3D@59 @MeshInstance3D@60 @MeshInstance3D@61 @MeshInstance3D@62 @MeshInstance3D@63 @MeshInstance3D@64 @MeshInstance3D@65 @MeshInstance3D@66 @MeshInstance3D@67 @MeshInstance3D@68 @MeshInstance3D@69 @MeshInstance3D@70 @MeshInstance3D@71 @MeshInstance3D@72 @MeshInstance3D@73 @MeshInstance3D@74 @MeshInstance3D@75 @MeshInstance3D@76 @MeshInstance3D@77 @MeshInstance3D@78 @MeshInstance3D@79 @MeshInstance3D@80 @MeshInstance3D@81 @MeshInstance3D@82 @MeshInstance3D@83 @MeshInstance3D@84 @MeshInstance3D@85 @MeshInstance3D@86 @MeshInstance3D@87 @MeshInstance3D@88 @MeshInstance3D@89 @MeshInstance3D@90 @MeshInstance3D@91 @MeshInstance3D@92 @MeshInstance3D@93 @MeshInstance3D@94 @MeshInstance3D@95 @MeshInstance3D@96 @MeshInstance3D@97 @CanvasLayer@99 @HTTPRequest@113 PiPLayer @Timer@121 @HTTPRequest@123 OpeningAnimTimer 
[VERBATIM] ENTER _deploy_canopy gate=none
[VERBATIM] EXIT _deploy_canopy early=already_deployed_or_no_canopy
[AUDIT] poll_forensic_hud: ENTER
[DIAG] _physics_process: ENTER, state=2
[DIAG] _physics_process: camera target set to character (state: 2)
[VERBATIM] DIAGNOSIS turning block executed
[DIAG] _turn_input = 0.5
[AUDIT] poll_forensic_hud: ENTER
[DIAG] _physics_process: ENTER, state=2
[DIAG] _physics_process: camera target set to character (state: 2)
[VERBATIM] DIAGNOSIS turning block executed
[DIAG] _turn_input = 0.5
[AUDIT] poll_forensic_hud: ENTER
[DIAG] _physics_process: ENTER, state=2
[DIAG] _physics_process: camera target set to character (state: 2)
[VERBATIM] DIAGNOSIS turning block executed
[DIAG] _turn_input = 0.5
[DIAG] _poll_controls: ENTER, state=2
[VERBATIM] POLL: _poll_controls() entered, game_state=2
[VERBATIM] POLL: checking deploy state=2 canopy=true
[STEER_TELEM] canopy=true has_pc=false turn=0.0 state=2
[STEER_TELEM] /root/Main children: WorldEnvironment DirectionalLight3D AnimationPlayer HUD @MeshInstance3D@47 @MeshInstance3D@48 @MeshInstance3D@49 @MeshInstance3D@50 @Node3D@51 FlyingPlane @Camera3D@55 @MeshInstance3D@56 @MeshInstance3D@57 @MeshInstance3D@58 @MeshInstance3D@59 @MeshInstance3D@60 @MeshInstance3D@61 @MeshInstance3D@62 @MeshInstance3D@63 @MeshInstance3D@64 @MeshInstance3D@65 @MeshInstance3D@66 @MeshInstance3D@67 @MeshInstance3D@68 @MeshInstance3D@69 @MeshInstance3D@70 @MeshInstance3D@71 @MeshInstance3D@72 @MeshInstance3D@73 @MeshInstance3D@74 @MeshInstance3D@75 @MeshInstance3D@76 @MeshInstance3D@77 @MeshInstance3D@78 @MeshInstance3D@79 @MeshInstance3D@80 @MeshInstance3D@81 @MeshInstance3D@82 @MeshInstance3D@83 @MeshInstance3D@84 @MeshInstance3D@85 @MeshInstance3D@86 @MeshInstance3D@87 @MeshInstance3D@88 @MeshInstance3D@89 @MeshInstance3D@90 @MeshInstance3D@91 @MeshInstance3D@92 @MeshInstance3D@93 @MeshInstance3D@94 @MeshInstance3D@95 @MeshInstance3D@96 @MeshInstance3D@97 @CanvasLayer@99 @HTTPRequest@113 PiPLayer @Timer@121 @HTTPRequest@123 OpeningAnimTimer 
[VERBATIM] ENTER _deploy_canopy gate=none
[VERBATIM] EXIT _deploy_canopy early=already_deployed_or_no_canopy
[AUDIT] poll_forensic_hud: ENTER
[DIAG] _physics_process: ENTER, state=2
[DIAG] _physics_process: camera target set to character (state: 2)
[VERBATIM] DIAGNOSIS turning block executed
[DIAG] _turn_input = 0.5
[AUDIT] poll_forensic_hud: ENTER
[DIAG] _physics_process: ENTER, state=2
[DIAG] _physics_process: camera target set to character (state: 2)
[VERBATIM] DIAGNOSIS turning block executed
[DIAG] _turn_input = 0.5
[DIAG] _poll_controls: ENTER, state=2
[VERBATIM] POLL: _poll_controls() entered, game_state=2
[VERBATIM] POLL: checking deploy state=2 canopy=true
[STEER_TELEM] canopy=true has_pc=false turn=0.0 state=2
[STEER_TELEM] /root/Main children: WorldEnvironment DirectionalLight3D AnimationPlayer HUD @MeshInstance3D@47 @MeshInstance3D@48 @MeshInstance3D@49 @MeshInstance3D@50 @Node3D@51 FlyingPlane @Camera3D@55 @MeshInstance3D@56 @MeshInstance3D@57 @MeshInstance3D@58 @MeshInstance3D@59 @MeshInstance3D@60 @MeshInstance3D@61 @MeshInstance3D@62 @MeshInstance3D@63 @MeshInstance3D@64 @MeshInstance3D@65 @MeshInstance3D@66 @MeshInstance3D@67 @MeshInstance3D@68 @MeshInstance3D@69 @MeshInstance3D@70 @MeshInstance3D@71 @MeshInstance3D@72 @MeshInstance3D@73 @MeshInstance3D@74 @MeshInstance3D@75 @MeshInstance3D@76 @MeshInstance3D@77 @MeshInstance3D@78 @MeshInstance3D@79 @MeshInstance3D@80 @MeshInstance3D@81 @MeshInstance3D@82 @MeshInstance3D@83 @MeshInstance3D@84 @MeshInstance3D@85 @MeshInstance3D@86 @MeshInstance3D@87 @MeshInstance3D@88 @MeshInstance3D@89 @MeshInstance3D@90 @MeshInstance3D@91 @MeshInstance3D@92 @MeshInstance3D@93 @MeshInstance3D@94 @MeshInstance3D@95 @MeshInstance3D@96 @MeshInstance3D@97 @CanvasLayer@99 @HTTPRequest@113 PiPLayer @Timer@121 @HTTPRequest@123 OpeningAnimTimer 
[VERBATIM] ENTER _deploy_canopy gate=none
[VERBATIM] EXIT _deploy_canopy early=already_deployed_or_no_canopy
[AUDIT] poll_forensic_hud: ENTER
[DIAG] _physics_process: ENTER, state=2
[DIAG] _physics_process: camera target set to character (state: 2)
[VERBATIM] DIAGNOSIS turning block executed
[DIAG] _turn_input = 0.5
[AUDIT] poll_forensic_hud: ENTER
[DIAG] _physics_process: ENTER, state=2
[DIAG] _physics_process: camera target set to character (state: 2)
[VERBATIM] DIAGNOSIS turning block executed
[DIAG] _turn_input = 0.5
[DIAG] _poll_controls: ENTER, state=2
[VERBATIM] POLL: _poll_controls() entered, game_state=2
[VERBATIM] POLL: checking deploy state=2 canopy=true
[STEER_TELEM] canopy=true has_pc=false turn=0.0 state=2
[STEER_TELEM] /root/Main children: WorldEnvironment DirectionalLight3D AnimationPlayer HUD @MeshInstance3D@47 @MeshInstance3D@48 @MeshInstance3D@49 @MeshInstance3D@50 @Node3D@51 FlyingPlane @Camera3D@55 @MeshInstance3D@56 @MeshInstance3D@57 @MeshInstance3D@58 @MeshInstance3D@59 @MeshInstance3D@60 @MeshInstance3D@61 @MeshInstance3D@62 @MeshInstance3D@63 @MeshInstance3D@64 @MeshInstance3D@65 @MeshInstance3D@66 @MeshInstance3D@67 @MeshInstance3D@68 @MeshInstance3D@69 @MeshInstance3D@70 @MeshInstance3D@71 @MeshInstance3D@72 @MeshInstance3D@73 @MeshInstance3D@74 @MeshInstance3D@75 @MeshInstance3D@76 @MeshInstance3D@77 @MeshInstance3D@78 @MeshInstance3D@79 @MeshInstance3D@80 @MeshInstance3D@81 @MeshInstance3D@82 @MeshInstance3D@83 @MeshInstance3D@84 @MeshInstance3D@85 @MeshInstance3D@86 @MeshInstance3D@87 @MeshInstance3D@88 @MeshInstance3D@89 @MeshInstance3D@90 @MeshInstance3D@91 @MeshInstance3D@92 @MeshInstance3D@93 @MeshInstance3D@94 @MeshInstance3D@95 @MeshInstance3D@96 @MeshInstance3D@97 @CanvasLayer@99 @HTTPRequest@113 PiPLayer @Timer@121 @HTTPRequest@123 OpeningAnimTimer 
[VERBATIM] ENTER _deploy_canopy gate=none
[VERBATIM] EXIT _deploy_canopy early=already_deployed_or_no_canopy
[AUDIT] poll_forensic_hud: ENTER
[DIAG] _physics_process: ENTER, state=2
[DIAG] _physics_process: camera target set to character (state: 2)
[VERBATIM] DIAGNOSIS turning block executed
[DIAG] _turn_input = 0.5
[AUDIT] poll_forensic_hud: ENTER
[DIAG] _physics_process: ENTER, state=2
[DIAG] _physics_process: camera target set to character (state: 2)
[VERBATIM] DIAGNOSIS turning block executed
[DIAG] _turn_input = 0.5
[DIAG] _poll_controls: ENTER, state=2
[VERBATIM] POLL: _poll_controls() entered, game_state=2
[VERBATIM] POLL: checking deploy state=2 canopy=true
[STEER_TELEM] canopy=true has_pc=false turn=0.0 state=2
[STEER_TELEM] /root/Main children: WorldEnvironment DirectionalLight3D AnimationPlayer HUD @MeshInstance3D@47 @MeshInstance3D@48 @MeshInstance3D@49 @MeshInstance3D@50 @Node3D@51 FlyingPlane @Camera3D@55 @MeshInstance3D@56 @MeshInstance3D@57 @MeshInstance3D@58 @MeshInstance3D@59 @MeshInstance3D@60 @MeshInstance3D@61 @MeshInstance3D@62 @MeshInstance3D@63 @MeshInstance3D@64 @MeshInstance3D@65 @MeshInstance3D@66 @MeshInstance3D@67 @MeshInstance3D@68 @MeshInstance3D@69 @MeshInstance3D@70 @MeshInstance3D@71 @MeshInstance3D@72 @MeshInstance3D@73 @MeshInstance3D@74 @MeshInstance3D@75 @MeshInstance3D@76 @MeshInstance3D@77 @MeshInstance3D@78 @MeshInstance3D@79 @MeshInstance3D@80 @MeshInstance3D@81 @MeshInstance3D@82 @MeshInstance3D@83 @MeshInstance3D@84 @MeshInstance3D@85 @MeshInstance3D@86 @MeshInstance3D@87 @MeshInstance3D@88 @MeshInstance3D@89 @MeshInstance3D@90 @MeshInstance3D@91 @MeshInstance3D@92 @MeshInstance3D@93 @MeshInstance3D@94 @MeshInstance3D@95 @MeshInstance3D@96 @MeshInstance3D@97 @CanvasLayer@99 @HTTPRequest@113 PiPLayer @Timer@121 @HTTPRequest@123 OpeningAnimTimer 
[VERBATIM] ENTER _deploy_canopy gate=none
[VERBATIM] EXIT _deploy_canopy early=already_deployed_or_no_canopy
[VERBATIM] Wind updated: 12.5 kts @ 240.0°
[AUDIT] poll_forensic_hud: ENTER
[DIAG] _physics_process: ENTER, state=2
[DIAG] _physics_process: camera target set to character (state: 2)
[VERBATIM] DIAGNOSIS turning block executed
[DIAG] _turn_input = 0.5
[AUDIT] poll_forensic_hud: ENTER
[DIAG] _physics_process: ENTER, state=2
[DIAG] _physics_process: camera target set to character (state: 2)
[VERBATIM] DIAGNOSIS turning block executed
[DIAG] _turn_input = 0.5
[DIAG] _poll_controls: ENTER, state=2
[VERBATIM] POLL: _poll_controls() entered, game_state=2
[VERBATIM] POLL: checking deploy state=2 canopy=true
[STEER_TELEM] canopy=true has_pc=false turn=0.0 state=2
[STEER_TELEM] /root/Main children: WorldEnvironment DirectionalLight3D AnimationPlayer HUD @MeshInstance3D@47 @MeshInstance3D@48 @MeshInstance3D@49 @MeshInstance3D@50 @Node3D@51 FlyingPlane @Camera3D@55 @MeshInstance3D@56 @MeshInstance3D@57 @MeshInstance3D@58 @MeshInstance3D@59 @MeshInstance3D@60 @MeshInstance3D@61 @MeshInstance3D@62 @MeshInstance3D@63 @MeshInstance3D@64 @MeshInstance3D@65 @MeshInstance3D@66 @MeshInstance3D@67 @MeshInstance3D@68 @MeshInstance3D@69 @MeshInstance3D@70 @MeshInstance3D@71 @MeshInstance3D@72 @MeshInstance3D@73 @MeshInstance3D@74 @MeshInstance3D@75 @MeshInstance3D@76 @MeshInstance3D@77 @MeshInstance3D@78 @MeshInstance3D@79 @MeshInstance3D@80 @MeshInstance3D@81 @MeshInstance3D@82 @MeshInstance3D@83 @MeshInstance3D@84 @MeshInstance3D@85 @MeshInstance3D@86 @MeshInstance3D@87 @MeshInstance3D@88 @MeshInstance3D@89 @MeshInstance3D@90 @MeshInstance3D@91 @MeshInstance3D@92 @MeshInstance3D@93 @MeshInstance3D@94 @MeshInstance3D@95 @MeshInstance3D@96 @MeshInstance3D@97 @CanvasLayer@99 @HTTPRequest@113 PiPLayer @Timer@121 @HTTPRequest@123 OpeningAnimTimer 
[VERBATIM] ENTER _deploy_canopy gate=none
[VERBATIM] EXIT _deploy_canopy early=already_deployed_or_no_canopy
[DEBUG] _input (build_terrain) called, event=InputEventKey: keycode=81 (Q), mods=none, physical=false, location=unspecified, pressed=true, echo=false
[VERBATIM] INPUT: action=turn_left (Q)
[AUDIT] _input: ENTER
2026-08-04T17:12:15 [INFO] InputManager ready
2026-08-04T17:12:15 [INFO] InputMap.has_action('restart') = true
[INPUT] unhandled_input triggered
2026-08-04T17:12:15 [INFO] InputManager: key=Q code=81
[AUDIT] poll_forensic_hud: ENTER
[ARMTEL],10.0500000000001,L,true,0.01666666666667,5.04791666666667,0.0,0.0,5.04791666666667,0.08413194444444,0.00140219907407,0.13320892895709,0.3636640481364,0.0,0.01666666666667
[CTRL] pressed=turnleft  key=Q  state=2  deployed=true  alt_m=1687.1
[DIAG] _physics_process: ENTER, state=2
[DIAG] _physics_process: camera target set to character (state: 2)
[VERBATIM] DIAGNOSIS turning block executed
[DIAG] _turn_input = 0.5
[AUDIT] poll_forensic_hud: ENTER
[ARMTEL],10.0666666666667,L,true,0.01666666666667,5.09583333333333,0.01121759259259,0.29446180555556,4.79015393518518,0.1639678433642,0.00413499646348,0.39282471392652,0.3636640481364,0.0,0.03333333333333
[DIAG] _physics_process: ENTER, state=2
[DIAG] _physics_process: camera target set to character (state: 2)
[GLIDE],1.35,0.00413499646348,0.0,0.00206749823174,-0.00413499646348,10.9836254140046,0.27225836704874,0.00607711330003,4.22448106299592,2.59999399931391,263.970581054688,764.668273925781,18.0
[VERBATIM] DIAGNOSIS turning block executed
[DIAG] _turn_input = 0.5
[DIAG] _poll_controls: ENTER, state=2
[VERBATIM] POLL: _poll_controls() entered, game_state=2
[VERBATIM] POLL: checking deploy state=2 canopy=true
[VERBATIM] POLL: turnleft pressed - left turn
[VERBATIM] ENTER _rotate_arm gate=left=true
[VERBATIM] EXIT _rotate_arm ok=true shim=physics_driven idx=8
[STEER_TELEM] canopy=true has_pc=false turn=-1.0 state=2
[STEER_TELEM] /root/Main children: WorldEnvironment DirectionalLight3D AnimationPlayer HUD @MeshInstance3D@47 @MeshInstance3D@48 @MeshInstance3D@49 @MeshInstance3D@50 @Node3D@51 FlyingPlane @Camera3D@55 @MeshInstance3D@56 @MeshInstance3D@57 @MeshInstance3D@58 @MeshInstance3D@59 @MeshInstance3D@60 @MeshInstance3D@61 @MeshInstance3D@62 @MeshInstance3D@63 @MeshInstance3D@64 @MeshInstance3D@65 @MeshInstance3D@66 @MeshInstance3D@67 @MeshInstance3D@68 @MeshInstance3D@69 @MeshInstance3D@70 @MeshInstance3D@71 @MeshInstance3D@72 @MeshInstance3D@73 @MeshInstance3D@74 @MeshInstance3D@75 @MeshInstance3D@76 @MeshInstance3D@77 @MeshInstance3D@78 @MeshInstance3D@79 @MeshInstance3D@80 @MeshInstance3D@81 @MeshInstance3D@82 @MeshInstance3D@83 @MeshInstance3D@84 @MeshInstance3D@85 @MeshInstance3D@86 @MeshInstance3D@87 @MeshInstance3D@88 @MeshInstance3D@89 @MeshInstance3D@90 @MeshInstance3D@91 @MeshInstance3D@92 @MeshInstance3D@93 @MeshInstance3D@94 @MeshInstance3D@95 @MeshInstance3D@96 @MeshInstance3D@97 @CanvasLayer@99 @HTTPRequest@113 PiPLayer @Timer@121 @HTTPRequest@123 OpeningAnimTimer 
[VERBATIM] ENTER _deploy_canopy gate=none
[VERBATIM] EXIT _deploy_canopy early=already_deployed_or_no_canopy
[VERBATIM] ENTER _rotate_arm gate=left=true
[VERBATIM] EXIT _rotate_arm ok=true shim=physics_driven idx=8
[VERBATIM] ENTER _rotate_arm gate=left=true
[VERBATIM] EXIT _rotate_arm ok=true shim=physics_driven idx=8
[AUDIT] poll_forensic_hud: ENTER
[ARMTEL],10.0833333333334,L,true,0.01666666666667,5.14375,0.03307997170782,0.57388745177469,4.53678257651749,0.23958088630616,0.00812801123525,0.77216116542751,0.39838627035862,0.0,0.05
[PIPLIVE] eye=(263.9706, 1688.613, 764.7202) state=2 deployed=true framing=canopy
[DIAG] _physics_process: ENTER, state=2
[DIAG] _physics_process: camera target set to character (state: 2)
[GLIDE],1.36666666666667,0.00812801123525,0.0,0.00406400561762,-0.00812801123525,10.9678130755084,0.5347940748619,0.01499034788106,4.21842736155939,2.59997675329274,263.970642089844,764.903015136719,18.0
[VERBATIM] DIAGNOSIS turning block executed
[DIAG] _turn_input = 0.5
[AUDIT] poll_forensic_hud: ENTER
[ARMTEL],10.1000000000001,L,true,0.01666666666667,5.19166666666667,0.06502408988197,0.83853310207154,4.28810947471315,0.31104937755137,0.01331216752777,1.26465607577337,0.39838627035862,0.0,0.06666666666667
[DIAG] _physics_process: ENTER, state=2
[DIAG] _physics_process: camera target set to character (state: 2)
[GLIDE],1.38333333333333,0.01331216752777,0.0,0.00665608376388,-0.01331216752777,10.94728381659,0.8750972552239,0.02957530213479,4.21059510696521,2.5999374289114,263.970733642578,765.137390136719,18.0
[VERBATIM] DIAGNOSIS turning block executed
[DIAG] _turn_input = 0.5
[DIAG] _poll_controls: ENTER, state=2
[VERBATIM] POLL: _poll_controls() entered, game_state=2
[VERBATIM] POLL: checking deploy state=2 canopy=true
[VERBATIM] POLL: turnleft pressed - left turn
[STEER_TELEM] canopy=true has_pc=false turn=-1.0 state=2
[STEER_TELEM] /root/Main children: WorldEnvironment DirectionalLight3D AnimationPlayer HUD @MeshInstance3D@47 @MeshInstance3D@48 @MeshInstance3D@49 @MeshInstance3D@50 @Node3D@51 FlyingPlane @Camera3D@55 @MeshInstance3D@56 @MeshInstance3D@57 @MeshInstance3D@58 @MeshInstance3D@59 @MeshInstance3D@60 @MeshInstance3D@61 @MeshInstance3D@62 @MeshInstance3D@63 @MeshInstance3D@64 @MeshInstance3D@65 @MeshInstance3D@66 @MeshInstance3D@67 @MeshInstance3D@68 @MeshInstance3D@69 @MeshInstance3D@70 @MeshInstance3D@71 @MeshInstance3D@72 @MeshInstance3D@73 @MeshInstance3D@74 @MeshInstance3D@75 @MeshInstance3D@76 @MeshInstance3D@77 @MeshInstance3D@78 @MeshInstance3D@79 @MeshInstance3D@80 @MeshInstance3D@81 @MeshInstance3D@82 @MeshInstance3D@83 @MeshInstance3D@84 @MeshInstance3D@85 @MeshInstance3D@86 @MeshInstance3D@87 @MeshInstance3D@88 @MeshInstance3D@89 @MeshInstance3D@90 @MeshInstance3D@91 @MeshInstance3D@92 @MeshInstance3D@93 @MeshInstance3D@94 @MeshInstance3D@95 @MeshInstance3D@96 @MeshInstance3D@97 @CanvasLayer@99 @HTTPRequest@113 PiPLayer @Timer@121 @HTTPRequest@123 OpeningAnimTimer 
[VERBATIM] ENTER _deploy_canopy gate=none
[VERBATIM] EXIT _deploy_canopy early=already_deployed_or_no_canopy
[AUDIT] poll_forensic_hud: ENTER
[ARMTEL],10.1166666666667,L,true,0.01666666666667,5.23958333333333,0.10649734022216,1.08867282142981,4.04441317168136,0.37845626374606,0.01961977192354,1.8638785694839,0.43171960369195,0.0,0.08333333333333
[DIAG] _physics_process: ENTER, state=2
[DIAG] _physics_process: camera target set to character (state: 2)
[GLIDE],1.4,0.01961977192354,0.0,0.00980988596177,-0.01961977192354,10.9223057031828,1.28831104085349,0.05104715281569,4.20110733486103,2.59986351992221,263.970886230469,765.371398925781,18.0
[VERBATIM] DIAGNOSIS turning block executed
[DIAG] _turn_input = 0.5
[AUDIT] poll_forensic_hud: ENTER
[ARMTEL],10.1333333333334,L,true,0.01666666666667,5.2875,0.1569581753883,1.32459692311122,3.80594490150048,0.44188867877107,0.02698458323639,2.56353573307447,0.43171960369195,0.0,0.1
[DIAG] _physics_process: ENTER, state=2
[DIAG] _physics_process: camera target set to character (state: 2)
[GLIDE],1.41666666666667,0.02698458323639,0.0,0.01349229161819,-0.02698458323639,10.8931410503839,1.7696218023276,0.08054084952115,4.19008772573596,2.59974056950576,263.971130371094,765.604919433594,18.0
[VERBATIM] DIAGNOSIS turning block executed
[DIAG] _turn_input = 0.5
[DIAG] _poll_controls: ENTER, state=2
[VERBATIM] POLL: _poll_controls() entered, game_state=2
[VERBATIM] POLL: checking deploy state=2 canopy=true
[VERBATIM] POLL: turnleft pressed - left turn
[STEER_TELEM] canopy=true has_pc=false turn=-1.0 state=2
[STEER_TELEM] /root/Main children: WorldEnvironment DirectionalLight3D AnimationPlayer HUD @MeshInstance3D@47 @MeshInstance3D@48 @MeshInstance3D@49 @MeshInstance3D@50 @Node3D@51 FlyingPlane @Camera3D@55 @MeshInstance3D@56 @MeshInstance3D@57 @MeshInstance3D@58 @MeshInstance3D@59 @MeshInstance3D@60 @MeshInstance3D@61 @MeshInstance3D@62 @MeshInstance3D@63 @MeshInstance3D@64 @MeshInstance3D@65 @MeshInstance3D@66 @MeshInstance3D@67 @MeshInstance3D@68 @MeshInstance3D@69 @MeshInstance3D@70 @MeshInstance3D@71 @MeshInstance3D@72 @MeshInstance3D@73 @MeshInstance3D@74 @MeshInstance3D@75 @MeshInstance3D@76 @MeshInstance3D@77 @MeshInstance3D@78 @MeshInstance3D@79 @MeshInstance3D@80 @MeshInstance3D@81 @MeshInstance3D@82 @MeshInstance3D@83 @MeshInstance3D@84 @MeshInstance3D@85 @MeshInstance3D@86 @MeshInstance3D@87 @MeshInstance3D@88 @MeshInstance3D@89 @MeshInstance3D@90 @MeshInstance3D@91 @MeshInstance3D@92 @MeshInstance3D@93 @MeshInstance3D@94 @MeshInstance3D@95 @MeshInstance3D@96 @MeshInstance3D@97 @CanvasLayer@99 @HTTPRequest@113 PiPLayer @Timer@121 @HTTPRequest@123 OpeningAnimTimer 
[VERBATIM] ENTER _deploy_canopy gate=none
[VERBATIM] EXIT _deploy_canopy early=already_deployed_or_no_canopy
[AUDIT] poll_forensic_hud: ENTER
[ARMTEL],10.1500000000001,L,true,0.01666666666667,5.33541666666667,0.21587666589111,1.54661037569875,3.57292962507681,0.50143750585569,0.03534187500065,3.35747855152507,0.4657100481364,0.0,0.11666666666667
[DIAG] _physics_process: ENTER, state=2
[DIAG] _physics_process: camera target set to character (state: 2)
[GLIDE],1.43333333333333,0.03534187500065,0.0,0.01767093750032,-0.03534187500065,10.8600461749974,2.3142788255408,0.11911216328016,4.17765982393676,2.59955253244234,263.971496582031,765.837890625,18.0
[VERBATIM] DIAGNOSIS turning block executed
[DIAG] _turn_input = 0.5
[AUDIT] poll_forensic_hud: ENTER
[ARMTEL],10.1666666666668,L,true,0.01666666666667,5.38333333333333,0.2827350000052,1.7550312704949,3.34556706283323,0.55719695690291,0.04462849094903,4.23970717868108,0.4657100481364,0.0,0.13333333333333
[DIAG] _physics_process: ENTER, state=2
[DIAG] _physics_process: camera target set to character (state: 2)
[GLIDE],1.45,0.04462849094903,0.0,0.02231424547452,-0.04462849094903,10.8232711758418,2.91761193279529,0.16773902882675,4.1639463409578,2.59928209674101,263.972015380859,766.070190429688,18.0
[VERBATIM] DIAGNOSIS turning block executed
[DIAG] _turn_input = 0.5
[DIAG] _poll_controls: ENTER, state=2
[VERBATIM] POLL: _poll_controls() entered, game_state=2
[VERBATIM] POLL: checking deploy state=2 canopy=true
[VERBATIM] POLL: turnleft pressed - left turn
[STEER_TELEM] canopy=true has_pc=false turn=-1.0 state=2
[STEER_TELEM] /root/Main children: WorldEnvironment DirectionalLight3D AnimationPlayer HUD @MeshInstance3D@47 @MeshInstance3D@48 @MeshInstance3D@49 @MeshInstance3D@50 @Node3D@51 FlyingPlane @Camera3D@55 @MeshInstance3D@56 @MeshInstance3D@57 @MeshInstance3D@58 @MeshInstance3D@59 @MeshInstance3D@60 @MeshInstance3D@61 @MeshInstance3D@62 @MeshInstance3D@63 @MeshInstance3D@64 @MeshInstance3D@65 @MeshInstance3D@66 @MeshInstance3D@67 @MeshInstance3D@68 @MeshInstance3D@69 @MeshInstance3D@70 @MeshInstance3D@71 @MeshInstance3D@72 @MeshInstance3D@73 @MeshInstance3D@74 @MeshInstance3D@75 @MeshInstance3D@76 @MeshInstance3D@77 @MeshInstance3D@78 @MeshInstance3D@79 @MeshInstance3D@80 @MeshInstance3D@81 @MeshInstance3D@82 @MeshInstance3D@83 @MeshInstance3D@84 @MeshInstance3D@85 @MeshInstance3D@86 @MeshInstance3D@87 @MeshInstance3D@88 @MeshInstance3D@89 @MeshInstance3D@90 @MeshInstance3D@91 @MeshInstance3D@92 @MeshInstance3D@93 @MeshInstance3D@94 @MeshInstance3D@95 @MeshInstance3D@96 @MeshInstance3D@97 @CanvasLayer@99 @HTTPRequest@113 PiPLayer @Timer@121 @HTTPRequest@123 OpeningAnimTimer 
[VERBATIM] ENTER _deploy_canopy gate=none
[VERBATIM] EXIT _deploy_canopy early=already_deployed_or_no_canopy
[AUDIT] poll_forensic_hud: ENTER
[ARMTEL],10.1833333333334,L,true,0.01666666666667,5.43125,0.35702792759225,1.95018934916017,3.12403272324758,0.60926416895703,0.05478289376498,5.20437556872752,0.49904338146973,0.0,0.15
[DIAG] _physics_process: ENTER, state=2
[DIAG] _physics_process: camera target set to character (state: 2)
[GLIDE],1.46666666666667,0.05478289376498,0.0,0.02739144688249,-0.05478289376498,10.7830597406907,3.57504712716908,0.2273231476129,4.14906853559244,2.59891097199024,263.972717285156,766.301818847656,18.0
[VERBATIM] DIAGNOSIS turning block executed
[DIAG] _turn_input = 0.5
[AUDIT] poll_forensic_hud: ENTER
[ARMTEL],10.2000000000001,L,true,0.01666666666667,5.47916666666667,0.43826315011986,2.13242459134961,2.9084789251972,0.65773881771032,0.06574520739349,6.24579549571557,0.49904338146973,0.0,0.16666666666667
[DIAG] _physics_process: ENTER, state=2
[DIAG] _physics_process: camera target set to character (state: 2)
[GLIDE],1.48333333333333,0.06574520739349,0.0,0.03287260369674,-0.06574520739349,10.7396489787218,4.28212034592897,0.29869182004505,4.13314566424382,2.59842015045135,263.973663330078,766.532775878906,18.0
[VERBATIM] DIAGNOSIS turning block executed
[DIAG] _turn_input = 0.5
[DIAG] _poll_controls: ENTER, state=2
[VERBATIM] POLL: _poll_controls() entered, game_state=2
[VERBATIM] POLL: checking deploy state=2 canopy=true
[VERBATIM] POLL: turnleft pressed - left turn
[STEER_TELEM] canopy=true has_pc=false turn=-1.0 state=2
[STEER_TELEM] /root/Main children: WorldEnvironment DirectionalLight3D AnimationPlayer HUD @MeshInstance3D@47 @MeshInstance3D@48 @MeshInstance3D@49 @MeshInstance3D@50 @Node3D@51 FlyingPlane @Camera3D@55 @MeshInstance3D@56 @MeshInstance3D@57 @MeshInstance3D@58 @MeshInstance3D@59 @MeshInstance3D@60 @MeshInstance3D@61 @MeshInstance3D@62 @MeshInstance3D@63 @MeshInstance3D@64 @MeshInstance3D@65 @MeshInstance3D@66 @MeshInstance3D@67 @MeshInstance3D@68 @MeshInstance3D@69 @MeshInstance3D@70 @MeshInstance3D@71 @MeshInstance3D@72 @MeshInstance3D@73 @MeshInstance3D@74 @MeshInstance3D@75 @MeshInstance3D@76 @MeshInstance3D@77 @MeshInstance3D@78 @MeshInstance3D@79 @MeshInstance3D@80 @MeshInstance3D@81 @MeshInstance3D@82 @MeshInstance3D@83 @MeshInstance3D@84 @MeshInstance3D@85 @MeshInstance3D@86 @MeshInstance3D@87 @MeshInstance3D@88 @MeshInstance3D@89 @MeshInstance3D@90 @MeshInstance3D@91 @MeshInstance3D@92 @MeshInstance3D@93 @MeshInstance3D@94 @MeshInstance3D@95 @MeshInstance3D@96 @MeshInstance3D@97 @CanvasLayer@99 @HTTPRequest@113 PiPLayer @Timer@121 @HTTPRequest@123 OpeningAnimTimer 
[VERBATIM] ENTER _deploy_canopy gate=none
[VERBATIM] EXIT _deploy_canopy early=already_deployed_or_no_canopy
[AUDIT] poll_forensic_hud: ENTER
[ARMTEL],10.2166666666668,L,true,0.01666666666667,5.52708333333333,0.5259616591479,2.30208586198612,2.69903581219932,0.70272274791364,0.07745725319205,7.35843998790575,0.53237671480306,0.0,0.18333333333333
[DIAG] _physics_process: ENTER, state=2
[DIAG] _physics_process: camera target set to character (state: 2)
[GLIDE],1.5,0.07745725319205,0.0,0.03872862659602,-0.07745725319205,10.6932692773595,5.03448941358484,0.38259997693813,4.11629449532017,2.59779014585004,263.974853515625,766.762939453125,18.0
[VERBATIM] DIAGNOSIS turning block executed
[DIAG] _turn_input = 0.5
[AUDIT] poll_forensic_hud: ENTER
[ARMTEL],10.2333333333334,L,true,0.01666666666667,5.575,0.61965802553639,2.45952961769774,2.49581235676587,0.74431962052641,0.08986258020082,8.53694620343182,0.53237671480306,0.0,0.2
[DIAG] _physics_process: ENTER, state=2
[DIAG] _physics_process: camera target set to character (state: 2)
[GLIDE],1.51666666666667,0.08986258020082,0.0,0.04493129010041,-0.08986258020082,10.6441441824047,5.82794428882093,0.47973238175181,4.0986288822087,2.59700121389589,263.976348876953,766.992248535156,18.0
[VERBATIM] DIAGNOSIS turning block executed
[DIAG] _turn_input = 0.5
[DIAG] _poll_controls: ENTER, state=2
[VERBATIM] POLL: _poll_controls() entered, game_state=2
[VERBATIM] POLL: checking deploy state=2 canopy=true
[VERBATIM] POLL: turnleft pressed - left turn
[STEER_TELEM] canopy=true has_pc=false turn=-1.0 state=2
[STEER_TELEM] /root/Main children: WorldEnvironment DirectionalLight3D AnimationPlayer HUD @MeshInstance3D@47 @MeshInstance3D@48 @MeshInstance3D@49 @MeshInstance3D@50 @Node3D@51 FlyingPlane @Camera3D@55 @MeshInstance3D@56 @MeshInstance3D@57 @MeshInstance3D@58 @MeshInstance3D@59 @MeshInstance3D@60 @MeshInstance3D@61 @MeshInstance3D@62 @MeshInstance3D@63 @MeshInstance3D@64 @MeshInstance3D@65 @MeshInstance3D@66 @MeshInstance3D@67 @MeshInstance3D@68 @MeshInstance3D@69 @MeshInstance3D@70 @MeshInstance3D@71 @MeshInstance3D@72 @MeshInstance3D@73 @MeshInstance3D@74 @MeshInstance3D@75 @MeshInstance3D@76 @MeshInstance3D@77 @MeshInstance3D@78 @MeshInstance3D@79 @MeshInstance3D@80 @MeshInstance3D@81 @MeshInstance3D@82 @MeshInstance3D@83 @MeshInstance3D@84 @MeshInstance3D@85 @MeshInstance3D@86 @MeshInstance3D@87 @MeshInstance3D@88 @MeshInstance3D@89 @MeshInstance3D@90 @MeshInstance3D@91 @MeshInstance3D@92 @MeshInstance3D@93 @MeshInstance3D@94 @MeshInstance3D@95 @MeshInstance3D@96 @MeshInstance3D@97 @CanvasLayer@99 @HTTPRequest@113 PiPLayer @Timer@121 @HTTPRequest@123 OpeningAnimTimer 
[VERBATIM] ENTER _deploy_canopy gate=none
[VERBATIM] EXIT _deploy_canopy early=already_deployed_or_no_canopy
[AUDIT] poll_forensic_hud: ENTER
[ARMTEL],10.2500000000001,L,true,0.01666666666667,5.62291666666667,0.71890064160657,2.60511867184242,2.29889735321767,0.78263457641337,0.10290648980771,9.77611777348456,0.5657100481364,0.0,0.21666666666667
[DIAG] _physics_process: ENTER, state=2
[DIAG] _physics_process: camera target set to character (state: 2)
[GLIDE],1.53333333333333,0.10290648980771,0.0,0.05145324490386,-0.10290648980771,10.5924903003615,6.65841570208672,0.59070597678659,4.08025938984913,2.5960335577472,263.978179931641,767.220703125,18.0
[VERBATIM] DIAGNOSIS turning block executed
[DIAG] _turn_input = 0.5
[AUDIT] poll_forensic_hud: ENTER
[ARMTEL],10.2666666666668,L,true,0.01666666666667,5.67083333333333,0.82325191846169,2.73922101744678,2.10836039742486,0.81777391637045,0.11653605508055,11.0709266388697,0.5657100481364,0.0,0.23333333333333
[DIAG] _physics_process: ENTER, state=2
[DIAG] _physics_process: camera target set to character (state: 2)
[GLIDE],1.55,0.11653605508055,0.0,0.05826802754028,-0.11653605508055,10.538517221881,7.5219822821801,0.71607234815626,4.06129297042131,2.59486752091853,263.980377197266,767.4482421875,18.0
[VERBATIM] DIAGNOSIS turning block executed
[DIAG] _turn_input = 0.5
[DIAG] _poll_controls: ENTER, state=2
[VERBATIM] POLL: _poll_controls() entered, game_state=2
[VERBATIM] POLL: checking deploy state=2 canopy=true
[VERBATIM] POLL: turnleft pressed - left turn
[STEER_TELEM] canopy=true has_pc=false turn=-1.0 state=2
[STEER_TELEM] /root/Main children: WorldEnvironment DirectionalLight3D AnimationPlayer HUD @MeshInstance3D@47 @MeshInstance3D@48 @MeshInstance3D@49 @MeshInstance3D@50 @Node3D@51 FlyingPlane @Camera3D@55 @MeshInstance3D@56 @MeshInstance3D@57 @MeshInstance3D@58 @MeshInstance3D@59 @MeshInstance3D@60 @MeshInstance3D@61 @MeshInstance3D@62 @MeshInstance3D@63 @MeshInstance3D@64 @MeshInstance3D@65 @MeshInstance3D@66 @MeshInstance3D@67 @MeshInstance3D@68 @MeshInstance3D@69 @MeshInstance3D@70 @MeshInstance3D@71 @MeshInstance3D@72 @MeshInstance3D@73 @MeshInstance3D@74 @MeshInstance3D@75 @MeshInstance3D@76 @MeshInstance3D@77 @MeshInstance3D@78 @MeshInstance3D@79 @MeshInstance3D@80 @MeshInstance3D@81 @MeshInstance3D@82 @MeshInstance3D@83 @MeshInstance3D@84 @MeshInstance3D@85 @MeshInstance3D@86 @MeshInstance3D@87 @MeshInstance3D@88 @MeshInstance3D@89 @MeshInstance3D@90 @MeshInstance3D@91 @MeshInstance3D@92 @MeshInstance3D@93 @MeshInstance3D@94 @MeshInstance3D@95 @MeshInstance3D@96 @MeshInstance3D@97 @CanvasLayer@99 @HTTPRequest@113 PiPLayer @Timer@121 @HTTPRequest@123 OpeningAnimTimer 
[VERBATIM] ENTER _deploy_canopy gate=none
[VERBATIM] EXIT _deploy_canopy early=already_deployed_or_no_canopy
[AUDIT] poll_forensic_hud: ENTER
[ARMTEL],10.2833333333334,L,true,0.01666666666667,5.71875,0.93228844064441,2.86220870729657,1.92425285205902,0.8498447972381,0.13070013503452,12.4165144054118,0.60043227035862,0.0,0.25
[DIAG] _physics_process: ENTER, state=2
[DIAG] _physics_process: camera target set to character (state: 2)
[GLIDE],1.56666666666667,0.13070013503452,0.0,0.06535006751726,-0.13070013503452,10.4824274652633,8.41487627080374,0.85632028600299,4.04183268412508,2.5934837694877,263.983001708984,767.674865722656,18.0
[VERBATIM] DIAGNOSIS turning block executed
[DIAG] _turn_input = 0.5
[AUDIT] poll_forensic_hud: ENTER
[ARMTEL],10.3000000000001,L,true,0.01666666666667,5.76666666666667,1.04560108027616,2.97445679033334,1.74660879605716,0.87895494383905,0.1453493840985,13.8081932432598,0.60043227035862,0.0,0.26666666666667
[DIAG] _physics_process: ENTER, state=2
[DIAG] _physics_process: camera target set to character (state: 2)
[GLIDE],1.58333333333333,0.1453493840985,0.0,0.07267469204925,-0.1453493840985,10.4244164389699,9.33348792391203,1.01187841806819,4.02197746146368,2.59186346488781,263.986083984375,767.900512695312,18.0
[VERBATIM] DIAGNOSIS turning block executed
[DIAG] _turn_input = 0.5
[DIAG] _poll_controls: ENTER, state=2
[VERBATIM] POLL: _poll_controls() entered, game_state=2
[VERBATIM] POLL: checking deploy state=2 canopy=true
[VERBATIM] POLL: turnleft pressed - left turn
[STEER_TELEM] canopy=true has_pc=false turn=-1.0 state=2
[STEER_TELEM] /root/Main children: WorldEnvironment DirectionalLight3D AnimationPlayer HUD @MeshInstance3D@47 @MeshInstance3D@48 @MeshInstance3D@49 @MeshInstance3D@50 @Node3D@51 FlyingPlane @Camera3D@55 @MeshInstance3D@56 @MeshInstance3D@57 @MeshInstance3D@58 @MeshInstance3D@59 @MeshInstance3D@60 @MeshInstance3D@61 @MeshInstance3D@62 @MeshInstance3D@63 @MeshInstance3D@64 @MeshInstance3D@65 @MeshInstance3D@66 @MeshInstance3D@67 @MeshInstance3D@68 @MeshInstance3D@69 @MeshInstance3D@70 @MeshInstance3D@71 @MeshInstance3D@72 @MeshInstance3D@73 @MeshInstance3D@74 @MeshInstance3D@75 @MeshInstance3D@76 @MeshInstance3D@77 @MeshInstance3D@78 @MeshInstance3D@79 @MeshInstance3D@80 @MeshInstance3D@81 @MeshInstance3D@82 @MeshInstance3D@83 @MeshInstance3D@84 @MeshInstance3D@85 @MeshInstance3D@86 @MeshInstance3D@87 @MeshInstance3D@88 @MeshInstance3D@89 @MeshInstance3D@90 @MeshInstance3D@91 @MeshInstance3D@92 @MeshInstance3D@93 @MeshInstance3D@94 @MeshInstance3D@95 @MeshInstance3D@96 @MeshInstance3D@97 @CanvasLayer@99 @HTTPRequest@113 PiPLayer @Timer@121 @HTTPRequest@123 OpeningAnimTimer 
[VERBATIM] ENTER _deploy_canopy gate=none
[VERBATIM] EXIT _deploy_canopy early=already_deployed_or_no_canopy
[AUDIT] poll_forensic_hud: ENTER
[ARMTEL],10.3166666666668,L,true,0.01666666666667,5.81458333333333,1.16279507278803,3.07634230343668,1.57544595710862,0.90521237645753,0.16043625703946,15.2414463547012,0.6338360481364,0.0,0.28333333333333
[DIAG] _physics_process: ENTER, state=2
[DIAG] _physics_process: camera target set to character (state: 2)
[GLIDE],1.6,0.16043625703946,0.0,0.08021812851973,-0.16043625703946,10.3646724221237,10.2743686977798,1.18311789636452,4.00182190384296,2.58998842806336,263.989654541016,768.125183105469,18.0
[VERBATIM] DIAGNOSIS turning block executed
[DIAG] _turn_input = 0.5
[AUDIT] poll_forensic_hud: ENTER
[ARMTEL],10.3333333333334,L,true,0.01666666666667,5.8625,1.28349005631571,3.16824331760135,1.41076662608295,0.92872515355891,0.17591500959878,16.7119280346151,0.6338360481364,0.0,0.3
[DIAG] _physics_process: ENTER, state=2
[DIAG] _physics_process: camera target set to character (state: 2)
[GLIDE],1.61666666666667,0.17591500959878,0.0,0.08795750479939,-0.17591500959878,10.3033765619888,11.2342333161991,1.37035511830117,3.98145611966376,2.58784129532463,263.993774414062,768.348815917969,18.0
[VERBATIM] DIAGNOSIS turning block executed
[DIAG] _turn_input = 0.5
[DIAG] _poll_controls: ENTER, state=2
[VERBATIM] POLL: _poll_controls() entered, game_state=2
[VERBATIM] POLL: checking deploy state=2 canopy=true
[VERBATIM] POLL: turnleft pressed - left turn
[STEER_TELEM] canopy=true has_pc=false turn=-1.0 state=2
[STEER_TELEM] /root/Main children: WorldEnvironment DirectionalLight3D AnimationPlayer HUD @MeshInstance3D@47 @MeshInstance3D@48 @MeshInstance3D@49 @MeshInstance3D@50 @Node3D@51 FlyingPlane @Camera3D@55 @MeshInstance3D@56 @MeshInstance3D@57 @MeshInstance3D@58 @MeshInstance3D@59 @MeshInstance3D@60 @MeshInstance3D@61 @MeshInstance3D@62 @MeshInstance3D@63 @MeshInstance3D@64 @MeshInstance3D@65 @MeshInstance3D@66 @MeshInstance3D@67 @MeshInstance3D@68 @MeshInstance3D@69 @MeshInstance3D@70 @MeshInstance3D@71 @MeshInstance3D@72 @MeshInstance3D@73 @MeshInstance3D@74 @MeshInstance3D@75 @MeshInstance3D@76 @MeshInstance3D@77 @MeshInstance3D@78 @MeshInstance3D@79 @MeshInstance3D@80 @MeshInstance3D@81 @MeshInstance3D@82 @MeshInstance3D@83 @MeshInstance3D@84 @MeshInstance3D@85 @MeshInstance3D@86 @MeshInstance3D@87 @MeshInstance3D@88 @MeshInstance3D@89 @MeshInstance3D@90 @MeshInstance3D@91 @MeshInstance3D@92 @MeshInstance3D@93 @MeshInstance3D@94 @MeshInstance3D@95 @MeshInstance3D@96 @MeshInstance3D@97 @CanvasLayer@99 @HTTPRequest@113 PiPLayer @Timer@121 @HTTPRequest@123 OpeningAnimTimer 
[VERBATIM] ENTER _deploy_canopy gate=none
[VERBATIM] EXIT _deploy_canopy early=already_deployed_or_no_canopy
[AUDIT] poll_forensic_hud: ENTER
[ARMTEL],10.3500000000001,L,true,0.01666666666667,5.91041666666667,1.40732007679023,3.25053803745619,1.25255855242025,0.94960112943258,0.19174169508932,18.2154633471942,0.6678050481364,0.0,0.31666666666667
[DIAG] _physics_process: ENTER, state=2
[DIAG] _physics_process: camera target set to character (state: 2)
[GLIDE],1.63333333333333,0.19174169508932,0.0,0.09587084754466,-0.19174169508932,10.2407028874463,12.2099608131258,1.5738544651866,3.96096559341114,2.58540566585106,263.998474121094,768.571350097656,18.0
[VERBATIM] DIAGNOSIS turning block executed
[DIAG] _turn_input = 0.5
[AUDIT] poll_forensic_hud: ENTER
[ARMTEL],10.3666666666668,L,true,0.01666666666667,5.95833333333333,1.53393356071457,3.32360395301403,1.10079581960473,0.96794772642599,0.20787415719642,19.7480474420359,0.6678050481364,0.0,0.33333333333333
[DIAG] _physics_process: ENTER, state=2
[DIAG] _physics_process: camera target set to character (state: 2)
[GLIDE],1.65,0.20787415719642,0.0,0.10393707859821,-0.20787415719642,10.1768183375022,13.1985946425351,1.79383104256219,3.94043108552947,2.58266624047169,264.003784179688,768.792846679688,18.0
[VERBATIM] DIAGNOSIS turning block executed
[DIAG] _turn_input = 0.5
[DIAG] _poll_controls: ENTER, state=2
[VERBATIM] POLL: _poll_controls() entered, game_state=2
[VERBATIM] POLL: checking deploy state=2 canopy=true
[VERBATIM] POLL: turnleft pressed - left turn
[STEER_TELEM] canopy=true has_pc=false turn=-1.0 state=2
[STEER_TELEM] /root/Main children: WorldEnvironment DirectionalLight3D AnimationPlayer HUD @MeshInstance3D@47 @MeshInstance3D@48 @MeshInstance3D@49 @MeshInstance3D@50 @Node3D@51 FlyingPlane @Camera3D@55 @MeshInstance3D@56 @MeshInstance3D@57 @MeshInstance3D@58 @MeshInstance3D@59 @MeshInstance3D@60 @MeshInstance3D@61 @MeshInstance3D@62 @MeshInstance3D@63 @MeshInstance3D@64 @MeshInstance3D@65 @MeshInstance3D@66 @MeshInstance3D@67 @MeshInstance3D@68 @MeshInstance3D@69 @MeshInstance3D@70 @MeshInstance3D@71 @MeshInstance3D@72 @MeshInstance3D@73 @MeshInstance3D@74 @MeshInstance3D@75 @MeshInstance3D@76 @MeshInstance3D@77 @MeshInstance3D@78 @MeshInstance3D@79 @MeshInstance3D@80 @MeshInstance3D@81 @MeshInstance3D@82 @MeshInstance3D@83 @MeshInstance3D@84 @MeshInstance3D@85 @MeshInstance3D@86 @MeshInstance3D@87 @MeshInstance3D@88 @MeshInstance3D@89 @MeshInstance3D@90 @MeshInstance3D@91 @MeshInstance3D@92 @MeshInstance3D@93 @MeshInstance3D@94 @MeshInstance3D@95 @MeshInstance3D@96 @MeshInstance3D@97 @CanvasLayer@99 @HTTPRequest@113 PiPLayer @Timer@121 @HTTPRequest@123 OpeningAnimTimer 
[VERBATIM] ENTER _deploy_canopy gate=none
[VERBATIM] EXIT _deploy_canopy early=already_deployed_or_no_canopy
[AUDIT] poll_forensic_hud: ENTER
[ARMTEL],10.3833333333334,L,true,0.01666666666667,6.00625,1.66299325757137,3.38781704249098,0.95543969993765,0.98387172142495,0.22427201922017,21.3058445321618,0.70113838146973,0.0,0.35
[DIAG] _physics_process: ENTER, state=2
[DIAG] _physics_process: camera target set to character (state: 2)
[GLIDE],1.66666666666667,0.22427201922017,0.0,0.11213600961009,-0.22427201922017,10.1118828038881,14.1973419442652,2.03045340829994,3.91992856111503,2.57960895109063,264.009765625,769.01318359375,18.0
[VERBATIM] DIAGNOSIS turning block executed
[DIAG] _turn_input = 0.5
[AUDIT] poll_forensic_hud: ENTER
[ARMTEL],10.4000000000001,L,true,0.01666666666667,6.05416666666667,1.79417615376136,3.44355102498734,0.81643948791796,0.99747904622359,0.24089666999056,22.8851865559554,0.70113838146973,0.0,0.36666666666667
[DIAG] _physics_process: ENTER, state=2
[DIAG] _physics_process: camera target set to character (state: 2)
[GLIDE],1.68333333333333,0.24089666999056,0.0,0.12044833499528,-0.24089666999056,10.0460491868374,15.2035720513144,2.28384627582184,3.89952914565818,2.57622107992778,264.016448974609,769.232421875,18.0
[VERBATIM] DIAGNOSIS turning block executed
[DIAG] _turn_input = 0.5
[DIAG] _poll_controls: ENTER, state=2
[VERBATIM] POLL: _poll_controls() entered, game_state=2
[VERBATIM] POLL: checking deploy state=2 canopy=true
[VERBATIM] POLL: turnleft pressed - left turn
[STEER_TELEM] canopy=true has_pc=false turn=-1.0 state=2
[STEER_TELEM] /root/Main children: WorldEnvironment DirectionalLight3D AnimationPlayer HUD @MeshInstance3D@47 @MeshInstance3D@48 @MeshInstance3D@49 @MeshInstance3D@50 @Node3D@51 FlyingPlane @Camera3D@55 @MeshInstance3D@56 @MeshInstance3D@57 @MeshInstance3D@58 @MeshInstance3D@59 @MeshInstance3D@60 @MeshInstance3D@61 @MeshInstance3D@62 @MeshInstance3D@63 @MeshInstance3D@64 @MeshInstance3D@65 @MeshInstance3D@66 @MeshInstance3D@67 @MeshInstance3D@68 @MeshInstance3D@69 @MeshInstance3D@70 @MeshInstance3D@71 @MeshInstance3D@72 @MeshInstance3D@73 @MeshInstance3D@74 @MeshInstance3D@75 @MeshInstance3D@76 @MeshInstance3D@77 @MeshInstance3D@78 @MeshInstance3D@79 @MeshInstance3D@80 @MeshInstance3D@81 @MeshInstance3D@82 @MeshInstance3D@83 @MeshInstance3D@84 @MeshInstance3D@85 @MeshInstance3D@86 @MeshInstance3D@87 @MeshInstance3D@88 @MeshInstance3D@89 @MeshInstance3D@90 @MeshInstance3D@91 @MeshInstance3D@92 @MeshInstance3D@93 @MeshInstance3D@94 @MeshInstance3D@95 @MeshInstance3D@96 @MeshInstance3D@97 @CanvasLayer@99 @HTTPRequest@113 PiPLayer @Timer@121 @HTTPRequest@123 OpeningAnimTimer 
[VERBATIM] ENTER _deploy_canopy gate=none
[VERBATIM] EXIT _deploy_canopy early=already_deployed_or_no_canopy
[AUDIT] poll_forensic_hud: ENTER
[ARMTEL],10.4166666666668,L,true,0.01666666666667,6.10208333333333,1.92717335992451,3.49117666178255,0.68373331162627,1.00887460141736,0.25771124668085,24.482571544431,0.7346930481364,0.0,0.38333333333333
[DIAG] _physics_process: ENTER, state=2
[DIAG] _physics_process: camera target set to character (state: 2)
[GLIDE],1.7,0.25771124668085,0.0,0.12885562334043,-0.25771124668085,9.97946346314382,16.2148143204563,2.55409318116278,3.87929910622624,2.57249136760991,264.023864746094,769.450500488281,18.0
[VERBATIM] DIAGNOSIS turning block executed
[DIAG] _turn_input = 0.5
[AUDIT] poll_forensic_hud: ENTER
[ARMTEL],10.4333333333334,L,true,0.01666666666667,6.15,2.06168997344682,3.53106110496075,0.55724892159242,1.0181620834439,0.27468061473825,26.0946617146499,0.7346930481364,0.0,0.4
[DIAG] _physics_process: ENTER, state=2
[DIAG] _physics_process: camera target set to character (state: 2)
[GLIDE],1.71666666666667,0.27468061473825,0.0,0.13734030736913,-0.27468061473825,9.91226476563653,17.2287553642187,2.84123910389976,3.85929985659839,2.56841010907436,264.032043457031,769.667419433594,18.0
[VERBATIM] DIAGNOSIS turning block executed
[DIAG] _turn_input = 0.5
[DIAG] _poll_controls: ENTER, state=2
[VERBATIM] POLL: _poll_controls() entered, game_state=2
[VERBATIM] POLL: checking deploy state=2 canopy=true
[VERBATIM] POLL: turnleft pressed - left turn
[STEER_TELEM] canopy=true has_pc=false turn=-1.0 state=2
[STEER_TELEM] /root/Main children: WorldEnvironment DirectionalLight3D AnimationPlayer HUD @MeshInstance3D@47 @MeshInstance3D@48 @MeshInstance3D@49 @MeshInstance3D@50 @Node3D@51 FlyingPlane @Camera3D@55 @MeshInstance3D@56 @MeshInstance3D@57 @MeshInstance3D@58 @MeshInstance3D@59 @MeshInstance3D@60 @MeshInstance3D@61 @MeshInstance3D@62 @MeshInstance3D@63 @MeshInstance3D@64 @MeshInstance3D@65 @MeshInstance3D@66 @MeshInstance3D@67 @MeshInstance3D@68 @MeshInstance3D@69 @MeshInstance3D@70 @MeshInstance3D@71 @MeshInstance3D@72 @MeshInstance3D@73 @MeshInstance3D@74 @MeshInstance3D@75 @MeshInstance3D@76 @MeshInstance3D@77 @MeshInstance3D@78 @MeshInstance3D@79 @MeshInstance3D@80 @MeshInstance3D@81 @MeshInstance3D@82 @MeshInstance3D@83 @MeshInstance3D@84 @MeshInstance3D@85 @MeshInstance3D@86 @MeshInstance3D@87 @MeshInstance3D@88 @MeshInstance3D@89 @MeshInstance3D@90 @MeshInstance3D@91 @MeshInstance3D@92 @MeshInstance3D@93 @MeshInstance3D@94 @MeshInstance3D@95 @MeshInstance3D@96 @MeshInstance3D@97 @CanvasLayer@99 @HTTPRequest@113 PiPLayer @Timer@121 @HTTPRequest@123 OpeningAnimTimer 
[VERBATIM] ENTER _deploy_canopy gate=none
[VERBATIM] EXIT _deploy_canopy early=already_deployed_or_no_canopy
[AUDIT] poll_forensic_hud: ENTER
[ARMTEL],10.4500000000001,L,true,0.01666666666667,6.19791666666667,2.19744491790601,3.56356729205364,0.43690445670701,1.02544382438902,0.29177134514473,27.7182813094962,0.76941527035862,0.0,0.41666666666667
[DIAG] _physics_process: ENTER, state=2
[DIAG] _physics_process: camera target set to character (state: 2)
[GLIDE],1.73333333333333,0.29177134514473,0.0,0.14588567257237,-0.29177134514473,9.84458547322685,18.2432357582841,3.1452930332045,3.83958798494951,2.56396923623468,264.041046142578,769.883178710938,18.0
[VERBATIM] DIAGNOSIS turning block executed
[DIAG] _turn_input = 0.5
[AUDIT] poll_forensic_hud: ENTER
[ARMTEL],10.4666666666668,L,true,0.01666666666667,6.24583333333333,2.33417076115788,3.58905338536155,0.3226091868139,1.03082064416925,0.30895168921422,29.3504142034093,0.76941527035862,0.0,0.43333333333333
[DIAG] _physics_process: ENTER, state=2
[DIAG] _physics_process: camera target set to character (state: 2)
[GLIDE],1.75,0.30895168921422,0.0,0.15447584460711,-0.30895168921422,9.77655131071168,19.2562462942635,3.46623047144222,3.82021530273365,2.55916238640158,264.050903320312,770.097778320312,18.0
[VERBATIM] DIAGNOSIS turning block executed
[DIAG] _turn_input = 0.5
[DIAG] _poll_controls: ENTER, state=2
[VERBATIM] POLL: _poll_controls() entered, game_state=2
[VERBATIM] POLL: checking deploy state=2 canopy=true
[VERBATIM] POLL: turnleft pressed - left turn
[STEER_TELEM] canopy=true has_pc=false turn=-1.0 state=2
[STEER_TELEM] /root/Main children: WorldEnvironment DirectionalLight3D AnimationPlayer HUD @MeshInstance3D@47 @MeshInstance3D@48 @MeshInstance3D@49 @MeshInstance3D@50 @Node3D@51 FlyingPlane @Camera3D@55 @MeshInstance3D@56 @MeshInstance3D@57 @MeshInstance3D@58 @MeshInstance3D@59 @MeshInstance3D@60 @MeshInstance3D@61 @MeshInstance3D@62 @MeshInstance3D@63 @MeshInstance3D@64 @MeshInstance3D@65 @MeshInstance3D@66 @MeshInstance3D@67 @MeshInstance3D@68 @MeshInstance3D@69 @MeshInstance3D@70 @MeshInstance3D@71 @MeshInstance3D@72 @MeshInstance3D@73 @MeshInstance3D@74 @MeshInstance3D@75 @MeshInstance3D@76 @MeshInstance3D@77 @MeshInstance3D@78 @MeshInstance3D@79 @MeshInstance3D@80 @MeshInstance3D@81 @MeshInstance3D@82 @MeshInstance3D@83 @MeshInstance3D@84 @MeshInstance3D@85 @MeshInstance3D@86 @MeshInstance3D@87 @MeshInstance3D@88 @MeshInstance3D@89 @MeshInstance3D@90 @MeshInstance3D@91 @MeshInstance3D@92 @MeshInstance3D@93 @MeshInstance3D@94 @MeshInstance3D@95 @MeshInstance3D@96 @MeshInstance3D@97 @CanvasLayer@99 @HTTPRequest@113 PiPLayer @Timer@121 @HTTPRequest@123 OpeningAnimTimer 
[VERBATIM] ENTER _deploy_canopy gate=none
[VERBATIM] EXIT _deploy_canopy early=already_deployed_or_no_canopy
[AUDIT] poll_forensic_hud: ENTER
[ARMTEL],10.4833333333334,L,true,0.01666666666667,6.29375,2.47161351371378,3.60787225459236,0.21426423169386,1.03439171469748,0.32619155112585,30.9882012930436,0.80413749258084,0.0,0.45
[DIAG] _physics_process: ENTER, state=2
[DIAG] _physics_process: camera target set to character (state: 2)
[GLIDE],1.76666666666667,0.32619155112585,0.0,0.16309577556292,-0.32619155112585,9.70828145754165,20.2659238436155,3.80399586883581,3.80122891344617,2.55398495554959,264.061645507812,770.311157226562,18.0
[VERBATIM] DIAGNOSIS turning block executed
[DIAG] _turn_input = 0.5
[AUDIT] poll_forensic_hud: ENTER
[ARMTEL],10.5000000000001,L,true,0.01666666666667,6.34166666666667,2.60953240900677,3.62037100144117,0.11176325621872,1.03625443563446,0.34346245838642,32.6289376912027,0.80413749258084,0.0,0.46666666666667
[DIAG] _physics_process: ENTER, state=2
[DIAG] _physics_process: camera target set to character (state: 2)
[GLIDE],1.78333333333333,0.34346245838642,0.0,0.17173122919321,-0.34346245838642,9.63988866478977,21.2705468942671,4.15850498374026,3.78267129995062,2.54843413566376,264.073303222656,770.523315429688,18.0
[VERBATIM] DIAGNOSIS turning block executed
[DIAG] _turn_input = 0.5
[DIAG] _poll_controls: ENTER, state=2
[VERBATIM] POLL: _poll_controls() entered, game_state=2
[VERBATIM] POLL: checking deploy state=2 canopy=true
[VERBATIM] POLL: turnleft pressed - left turn
[STEER_TELEM] canopy=true has_pc=false turn=-1.0 state=2
[STEER_TELEM] /root/Main children: WorldEnvironment DirectionalLight3D AnimationPlayer HUD @MeshInstance3D@47 @MeshInstance3D@48 @MeshInstance3D@49 @MeshInstance3D@50 @Node3D@51 FlyingPlane @Camera3D@55 @MeshInstance3D@56 @MeshInstance3D@57 @MeshInstance3D@58 @MeshInstance3D@59 @MeshInstance3D@60 @MeshInstance3D@61 @MeshInstance3D@62 @MeshInstance3D@63 @MeshInstance3D@64 @MeshInstance3D@65 @MeshInstance3D@66 @MeshInstance3D@67 @MeshInstance3D@68 @MeshInstance3D@69 @MeshInstance3D@70 @MeshInstance3D@71 @MeshInstance3D@72 @MeshInstance3D@73 @MeshInstance3D@74 @MeshInstance3D@75 @MeshInstance3D@76 @MeshInstance3D@77 @MeshInstance3D@78 @MeshInstance3D@79 @MeshInstance3D@80 @MeshInstance3D@81 @MeshInstance3D@82 @MeshInstance3D@83 @MeshInstance3D@84 @MeshInstance3D@85 @MeshInstance3D@86 @MeshInstance3D@87 @MeshInstance3D@88 @MeshInstance3D@89 @MeshInstance3D@90 @MeshInstance3D@91 @MeshInstance3D@92 @MeshInstance3D@93 @MeshInstance3D@94 @MeshInstance3D@95 @MeshInstance3D@96 @MeshInstance3D@97 @CanvasLayer@99 @HTTPRequest@113 PiPLayer @Timer@121 @HTTPRequest@123 OpeningAnimTimer 
[VERBATIM] ENTER _deploy_canopy gate=none
[VERBATIM] EXIT _deploy_canopy early=already_deployed_or_no_canopy
[DEBUG] _input (build_terrain) called, event=InputEventKey: keycode=81 (Q), mods=none, physical=false, location=unspecified, pressed=true, echo=true
[AUDIT] _input: ENTER
2026-08-04T17:12:15 [INFO] InputManager ready
2026-08-04T17:12:15 [INFO] InputMap.has_action('restart') = true
[INPUT] unhandled_input triggered
2026-08-04T17:12:15 [INFO] InputManager: key=Q code=81
[AUDIT] poll_forensic_hud: ENTER
[ARMTEL],10.5166666666668,L,true,0.01666666666667,6.38958333333333,2.74769966709137,3.6268905247206,0.01499314152137,1.03650432132648,0.36073753040853,34.2700697417578,0.83885971480306,1.23894587410835,0.48333333333333
[DIAG] _physics_process: ENTER, state=2
[DIAG] _physics_process: camera target set to character (state: 2)
[GLIDE],1.8,0.36073753040853,0.0,0.18036876520426,-0.36073753040853,9.57147937958223,22.2685308172853,4.52964716402835,3.76458042904734,2.54250893558525,264.085906982422,770.734252929688,18.0
[VERBATIM] DIAGNOSIS turning block executed
[DIAG] _turn_input = 0.5
[AUDIT] poll_forensic_hud: ENTER
[ARMTEL],10.5333333333334,L,true,0.01666666666667,6.4375,2.88590024326823,3.62776512464268,-0.07616536791091,1.03523489852796,0.377991445384,35.9091918726266,0.83885971480306,3.22978231021192,0.5
[DIAG] _physics_process: ENTER, state=2
[DIAG] _physics_process: camera target set to character (state: 2)
[GLIDE],1.81666666666667,0.377991445384,0.0,0.188995722692,-0.377991445384,9.50315387627938,23.2584229167688,4.9172875459745,3.74698987194131,2.53621018499199,264.099487304688,770.943969726562,18.0
[VERBATIM] DIAGNOSIS turning block executed
[DIAG] _turn_input = 0.5
[AUDIT] poll_forensic_hud: ENTER
[ARMTEL],10.5500000000001,L,true,0.01666666666667,6.48541666666667,3.02393156307196,3.62332214484787,-0.16183704125317,1.03253761450708,0.39520040562578,37.5440433032533,0.83885971480306,5.21543166141822,0.51666666666667
[DIAG] _physics_process: ENTER, state=2
[DIAG] _physics_process: camera target set to character (state: 2)
[GLIDE],1.83333333333333,0.39520040562578,0.0,0.19760020281289,-0.39520040562578,9.43500639372191,24.2388973120188,5.32126916784148,3.72992893924055,2.52954052139207,264.114074707031,771.152465820312,18.0
[VERBATIM] DIAGNOSIS turning block executed
[DIAG] _turn_input = 0.5
[DIAG] _poll_controls: ENTER, state=2
[VERBATIM] POLL: _poll_controls() entered, game_state=2
[VERBATIM] POLL: checking deploy state=2 canopy=true
[VERBATIM] POLL: turnleft pressed - left turn
[STEER_TELEM] canopy=true has_pc=false turn=-1.0 state=2
[STEER_TELEM] /root/Main children: WorldEnvironment DirectionalLight3D AnimationPlayer HUD @MeshInstance3D@47 @MeshInstance3D@48 @MeshInstance3D@49 @MeshInstance3D@50 @Node3D@51 FlyingPlane @Camera3D@55 @MeshInstance3D@56 @MeshInstance3D@57 @MeshInstance3D@58 @MeshInstance3D@59 @MeshInstance3D@60 @MeshInstance3D@61 @MeshInstance3D@62 @MeshInstance3D@63 @MeshInstance3D@64 @MeshInstance3D@65 @MeshInstance3D@66 @MeshInstance3D@67 @MeshInstance3D@68 @MeshInstance3D@69 @MeshInstance3D@70 @MeshInstance3D@71 @MeshInstance3D@72 @MeshInstance3D@73 @MeshInstance3D@74 @MeshInstance3D@75 @MeshInstance3D@76 @MeshInstance3D@77 @MeshInstance3D@78 @MeshInstance3D@79 @MeshInstance3D@80 @MeshInstance3D@81 @MeshInstance3D@82 @MeshInstance3D@83 @MeshInstance3D@84 @MeshInstance3D@85 @MeshInstance3D@86 @MeshInstance3D@87 @MeshInstance3D@88 @MeshInstance3D@89 @MeshInstance3D@90 @MeshInstance3D@91 @MeshInstance3D@92 @MeshInstance3D@93 @MeshInstance3D@94 @MeshInstance3D@95 @MeshInstance3D@96 @MeshInstance3D@97 @CanvasLayer@99 @HTTPRequest@113 PiPLayer @Timer@121 @HTTPRequest@123 OpeningAnimTimer 
[VERBATIM] ENTER _deploy_canopy gate=none
[VERBATIM] EXIT _deploy_canopy early=already_deployed_or_no_canopy
[AUDIT] poll_forensic_hud: ENTER
[ARMTEL],10.5666666666668,L,true,0.01666666666667,6.53333333333333,3.16160324500624,3.61388165077477,-0.24215156244768,1.02850175513295,0.41234210154466,39.1725046223925,0.8767340481364,7.19331974423563,0.53333333333333
[DIAG] _physics_process: ENTER, state=2
[DIAG] _physics_process: camera target set to character (state: 2)
[GLIDE],1.85,0.41234210154466,0.0,0.20617105077233,-0.41234210154466,9.36712527788314,25.2087496970259,5.74141499612525,3.71342282908847,2.52250436026497,264.129699707031,771.359741210938,18.0
[VERBATIM] DIAGNOSIS turning block executed
[DIAG] _turn_input = 0.5
[AUDIT] poll_forensic_hud: ENTER
[ARMTEL],10.5833333333334,L,true,0.01666666666667,6.58125,3.2987368123573,3.59975614296533,-0.31724295532262,1.02321437254424,0.4293956744204,40.7925942513696,0.8767340481364,9.16103978313935,0.55
[DIAG] _physics_process: ENTER, state=2
[DIAG] _physics_process: camera target set to character (state: 2)
[GLIDE],1.86666666666666,0.4293956744204,0.0,0.2146978372102,-0.4293956744204,9.29959312929522,26.1668920183915,6.17752986309844,3.69749278700757,2.51510784874891,264.146392822266,771.565795898438,18.0
[VERBATIM] DIAGNOSIS turning block executed
[DIAG] _turn_input = 0.5
[DIAG] _poll_controls: ENTER, state=2
[VERBATIM] POLL: _poll_controls() entered, game_state=2
[VERBATIM] POLL: checking deploy state=2 canopy=true
[VERBATIM] POLL: turnleft pressed - left turn
[STEER_TELEM] canopy=true has_pc=false turn=-1.0 state=2
[STEER_TELEM] /root/Main children: WorldEnvironment DirectionalLight3D AnimationPlayer HUD @MeshInstance3D@47 @MeshInstance3D@48 @MeshInstance3D@49 @MeshInstance3D@50 @Node3D@51 FlyingPlane @Camera3D@55 @MeshInstance3D@56 @MeshInstance3D@57 @MeshInstance3D@58 @MeshInstance3D@59 @MeshInstance3D@60 @MeshInstance3D@61 @MeshInstance3D@62 @MeshInstance3D@63 @MeshInstance3D@64 @MeshInstance3D@65 @MeshInstance3D@66 @MeshInstance3D@67 @MeshInstance3D@68 @MeshInstance3D@69 @MeshInstance3D@70 @MeshInstance3D@71 @MeshInstance3D@72 @MeshInstance3D@73 @MeshInstance3D@74 @MeshInstance3D@75 @MeshInstance3D@76 @MeshInstance3D@77 @MeshInstance3D@78 @MeshInstance3D@79 @MeshInstance3D@80 @MeshInstance3D@81 @MeshInstance3D@82 @MeshInstance3D@83 @MeshInstance3D@84 @MeshInstance3D@85 @MeshInstance3D@86 @MeshInstance3D@87 @MeshInstance3D@88 @MeshInstance3D@89 @MeshInstance3D@90 @MeshInstance3D@91 @MeshInstance3D@92 @MeshInstance3D@93 @MeshInstance3D@94 @MeshInstance3D@95 @MeshInstance3D@96 @MeshInstance3D@97 @CanvasLayer@99 @HTTPRequest@113 PiPLayer @Timer@121 @HTTPRequest@123 OpeningAnimTimer 
[VERBATIM] ENTER _deploy_canopy gate=none
[VERBATIM] EXIT _deploy_canopy early=already_deployed_or_no_canopy
[DEBUG] _input (build_terrain) called, event=InputEventKey: keycode=81 (Q), mods=none, physical=false, location=unspecified, pressed=true, echo=true
[AUDIT] _input: ENTER
2026-08-04T17:12:15 [INFO] InputManager ready
2026-08-04T17:12:15 [INFO] InputMap.has_action('restart') = true
[INPUT] unhandled_input triggered
2026-08-04T17:12:15 [INFO] InputManager: key=Q code=81
[AUDIT] poll_forensic_hud: ENTER
[ARMTEL],10.6000000000001,L,true,0.01666666666667,6.62916666666667,3.4351653953632,3.58125030390484,-0.38724903260137,1.01676022200088,0.44634167812041,42.402464807355,0.9111060481364,11.1163479934966,0.56666666666667
[DIAG] _physics_process: ENTER, state=2
[DIAG] _physics_process: camera target set to character (state: 2)
[GLIDE],1.88333333333333,0.44634167812041,0.0,0.22317083906021,-0.44634167812041,9.23248695464316,27.1123471090204,6.62940231491544,3.68215627601046,2.5073588035341,264.164154052734,771.770568847656,18.0
[VERBATIM] DIAGNOSIS turning block executed
[DIAG] _turn_input = 0.5
[AUDIT] poll_forensic_hud: ENTER
[ARMTEL],10.6166666666668,L,true,0.01666666666667,6.67708333333333,3.57073342496331,3.55866077700309,-0.45231086863307,1.00922170752367,0.46316203991248,44.0003993805688,0.9111060481364,13.0571590599529,0.58333333333333
[DIAG] _physics_process: ENTER, state=2
[DIAG] _physics_process: camera target set to character (state: 2)
[GLIDE],1.9,0.46316203991248,0.0,0.23158101995624,-0.46316203991248,9.1658783219466,28.0442433112752,7.09680637010336,3.66742715552054,2.49926663387146,264.183013916016,771.97412109375,18.0
[VERBATIM] DIAGNOSIS turning block executed
[DIAG] _turn_input = 0.5
[DIAG] _poll_controls: ENTER, state=2
[VERBATIM] POLL: _poll_controls() entered, game_state=2
[VERBATIM] POLL: checking deploy state=2 canopy=true
[VERBATIM] POLL: turnleft pressed - left turn
[STEER_TELEM] canopy=true has_pc=false turn=-1.0 state=2
[STEER_TELEM] /root/Main children: WorldEnvironment DirectionalLight3D AnimationPlayer HUD @MeshInstance3D@47 @MeshInstance3D@48 @MeshInstance3D@49 @MeshInstance3D@50 @Node3D@51 FlyingPlane @Camera3D@55 @MeshInstance3D@56 @MeshInstance3D@57 @MeshInstance3D@58 @MeshInstance3D@59 @MeshInstance3D@60 @MeshInstance3D@61 @MeshInstance3D@62 @MeshInstance3D@63 @MeshInstance3D@64 @MeshInstance3D@65 @MeshInstance3D@66 @MeshInstance3D@67 @MeshInstance3D@68 @MeshInstance3D@69 @MeshInstance3D@70 @MeshInstance3D@71 @MeshInstance3D@72 @MeshInstance3D@73 @MeshInstance3D@74 @MeshInstance3D@75 @MeshInstance3D@76 @MeshInstance3D@77 @MeshInstance3D@78 @MeshInstance3D@79 @MeshInstance3D@80 @MeshInstance3D@81 @MeshInstance3D@82 @MeshInstance3D@83 @MeshInstance3D@84 @MeshInstance3D@85 @MeshInstance3D@86 @MeshInstance3D@87 @MeshInstance3D@88 @MeshInstance3D@89 @MeshInstance3D@90 @MeshInstance3D@91 @MeshInstance3D@92 @MeshInstance3D@93 @MeshInstance3D@94 @MeshInstance3D@95 @MeshInstance3D@96 @MeshInstance3D@97 @CanvasLayer@99 @HTTPRequest@113 PiPLayer @Timer@121 @HTTPRequest@123 OpeningAnimTimer 
[VERBATIM] ENTER _deploy_canopy gate=none
[VERBATIM] EXIT _deploy_canopy early=already_deployed_or_no_canopy
[DEBUG] _input (build_terrain) called, event=InputEventKey: keycode=81 (Q), mods=none, physical=false, location=unspecified, pressed=true, echo=true
[AUDIT] _input: ENTER
2026-08-04T17:12:15 [INFO] InputManager ready
2026-08-04T17:12:15 [INFO] InputMap.has_action('restart') = true
[INPUT] unhandled_input triggered
2026-08-04T17:12:15 [INFO] InputManager: key=Q code=81
[AUDIT] poll_forensic_hud: ENTER
[ARMTEL],10.6333333333334,L,true,0.01666666666667,6.725,3.7052963192998,3.53227597633283,-0.51257229563263,1.00067883592979,0.47984002051131,45.5848077387075,0.94582827035862,14.9815415264245,0.6
[DIAG] _physics_process: ENTER, state=2
[DIAG] _physics_process: camera target set to character (state: 2)
[GLIDE],1.91666666666666,0.47984002051131,0.0,0.23992001025565,-0.47984002051131,9.09983351877523,28.9618091197947,7.57950318876661,3.65331586764025,2.490842250838,264.203033447266,772.176391601562,18.0
[VERBATIM] DIAGNOSIS turning block executed
[DIAG] _turn_input = 0.5
[AUDIT] poll_forensic_hud: ENTER
[ARMTEL],10.6500000000001,L,true,0.01666666666667,6.77291666666667,3.83872016409044,3.50237592575426,-0.56817942317803,0.99120917887682,0.49636017349259,47.1542224712745,0.94582827035862,16.8877131130994,0.61666666666667
[DIAG] _physics_process: ENTER, state=2
[DIAG] _physics_process: camera target set to character (state: 2)
[GLIDE],1.93333333333333,0.49636017349259,0.0,0.24818008674629,-0.49636017349259,9.03441371296936,29.8643678708573,8.0772426532809,3.63982962931121,2.48209796420582,264.224182128906,772.37744140625,18.0
[VERBATIM] DIAGNOSIS turning block executed
[DIAG] _turn_input = 0.5
[DIAG] _poll_controls: ENTER, state=2
[VERBATIM] POLL: _poll_controls() entered, game_state=2
[VERBATIM] POLL: checking deploy state=2 canopy=true
[VERBATIM] POLL: turnleft pressed - left turn
[STEER_TELEM] canopy=true has_pc=false turn=-1.0 state=2
[STEER_TELEM] /root/Main children: WorldEnvironment DirectionalLight3D AnimationPlayer HUD @MeshInstance3D@47 @MeshInstance3D@48 @MeshInstance3D@49 @MeshInstance3D@50 @Node3D@51 FlyingPlane @Camera3D@55 @MeshInstance3D@56 @MeshInstance3D@57 @MeshInstance3D@58 @MeshInstance3D@59 @MeshInstance3D@60 @MeshInstance3D@61 @MeshInstance3D@62 @MeshInstance3D@63 @MeshInstance3D@64 @MeshInstance3D@65 @MeshInstance3D@66 @MeshInstance3D@67 @MeshInstance3D@68 @MeshInstance3D@69 @MeshInstance3D@70 @MeshInstance3D@71 @MeshInstance3D@72 @MeshInstance3D@73 @MeshInstance3D@74 @MeshInstance3D@75 @MeshInstance3D@76 @MeshInstance3D@77 @MeshInstance3D@78 @MeshInstance3D@79 @MeshInstance3D@80 @MeshInstance3D@81 @MeshInstance3D@82 @MeshInstance3D@83 @MeshInstance3D@84 @MeshInstance3D@85 @MeshInstance3D@86 @MeshInstance3D@87 @MeshInstance3D@88 @MeshInstance3D@89 @MeshInstance3D@90 @MeshInstance3D@91 @MeshInstance3D@92 @MeshInstance3D@93 @MeshInstance3D@94 @MeshInstance3D@95 @MeshInstance3D@96 @MeshInstance3D@97 @CanvasLayer@99 @HTTPRequest@113 PiPLayer @Timer@121 @HTTPRequest@123 OpeningAnimTimer 
[VERBATIM] ENTER _deploy_canopy gate=none
[VERBATIM] EXIT _deploy_canopy early=already_deployed_or_no_canopy
[AUDIT] poll_forensic_hud: ENTER
[ARMTEL],10.6666666666668,L,true,0.01666666666667,6.82083333333333,3.97088138794068,3.46923212606887,-0.61928018067622,0.98088784253222,0.51270830420146,48.7072950858868,0.98055049258084,18.7740359751097,0.63333333333333
[DIAG] _physics_process: ENTER, state=2
[DIAG] _physics_process: camera target set to character (state: 2)
[GLIDE],1.95,0.51270830420146,0.0,0.25635415210073,-0.51270830420146,8.96967511536223,30.7513325020175,8.58976486164785,3.62697262892829,2.47304736843647,264.246520996094,772.577209472656,18.0
[VERBATIM] DIAGNOSIS turning block executed
[DIAG] _turn_input = 0.5
[AUDIT] poll_forensic_hud: ENTER
[ARMTEL],10.6833333333334,L,true,0.01666666666667,6.86875,4.10166643361165,3.43310744886276,-0.66602388247441,0.96978744449098,0.52887142827631,50.2427920680347,0.98055049258084,20.639011916815,0.65
[DIAG] _physics_process: ENTER, state=2
[DIAG] _physics_process: camera target set to character (state: 2)
[GLIDE],1.96666666666666,0.52887142827631,0.0,0.26443571413815,-0.52887142827631,8.90566914402583,31.6222004027686,9.11680153502733,3.61474622599969,2.46370521946195,264.270050048828,772.775695800781,18.0
[VERBATIM] DIAGNOSIS turning block executed
[DIAG] _turn_input = 0.5
[DIAG] _poll_controls: ENTER, state=2
[VERBATIM] POLL: _poll_controls() entered, game_state=2
[VERBATIM] POLL: checking deploy state=2 canopy=true
[VERBATIM] POLL: turnleft pressed - left turn
[STEER_TELEM] canopy=true has_pc=false turn=-1.0 state=2
[STEER_TELEM] /root/Main children: WorldEnvironment DirectionalLight3D AnimationPlayer HUD @MeshInstance3D@47 @MeshInstance3D@48 @MeshInstance3D@49 @MeshInstance3D@50 @Node3D@51 FlyingPlane @Camera3D@55 @MeshInstance3D@56 @MeshInstance3D@57 @MeshInstance3D@58 @MeshInstance3D@59 @MeshInstance3D@60 @MeshInstance3D@61 @MeshInstance3D@62 @MeshInstance3D@63 @MeshInstance3D@64 @MeshInstance3D@65 @MeshInstance3D@66 @MeshInstance3D@67 @MeshInstance3D@68 @MeshInstance3D@69 @MeshInstance3D@70 @MeshInstance3D@71 @MeshInstance3D@72 @MeshInstance3D@73 @MeshInstance3D@74 @MeshInstance3D@75 @MeshInstance3D@76 @MeshInstance3D@77 @MeshInstance3D@78 @MeshInstance3D@79 @MeshInstance3D@80 @MeshInstance3D@81 @MeshInstance3D@82 @MeshInstance3D@83 @MeshInstance3D@84 @MeshInstance3D@85 @MeshInstance3D@86 @MeshInstance3D@87 @MeshInstance3D@88 @MeshInstance3D@89 @MeshInstance3D@90 @MeshInstance3D@91 @MeshInstance3D@92 @MeshInstance3D@93 @MeshInstance3D@94 @MeshInstance3D@95 @MeshInstance3D@96 @MeshInstance3D@97 @CanvasLayer@99 @HTTPRequest@113 PiPLayer @Timer@121 @HTTPRequest@123 OpeningAnimTimer 
[VERBATIM] ENTER _deploy_canopy gate=none
[VERBATIM] EXIT _deploy_canopy early=already_deployed_or_no_canopy
[DEBUG] _input (build_terrain) called, event=InputEventKey: keycode=81 (Q), mods=none, physical=false, location=unspecified, pressed=true, echo=true
[AUDIT] _input: ENTER
2026-08-04T17:12:15 [INFO] InputManager ready
2026-08-04T17:12:15 [INFO] InputMap.has_action('restart') = true
[INPUT] unhandled_input triggered
2026-08-04T17:12:15 [INFO] InputManager: key=Q code=81
[AUDIT] poll_forensic_hud: ENTER
[ARMTEL],10.7000000000001,L,true,0.01666666666667,6.91666666666667,4.23097142621044,3.39425605571842,-0.7085608152622,0.95797809756994,0.54483772990247,51.7595909151826,1.0139500481364,22.4812775749215,0.66666666666667
[DIAG] _physics_process: ENTER, state=2
[DIAG] _physics_process: camera target set to character (state: 2)
[GLIDE],1.98333333333333,0.54483772990247,0.0,0.27241886495124,-0.54483772990247,8.84244258958621,32.476548374193,9.65807734126388,3.60314915248606,2.45408730401438,264.294769287109,772.972900390625,18.0
[VERBATIM] DIAGNOSIS turning block executed
[DIAG] _turn_input = 0.5
[AUDIT] poll_forensic_hud: ENTER
[ARMTEL],10.7166666666668,L,true,0.01666666666667,6.96458333333333,4.35870183921977,3.35292334149479,-0.74704184738123,0.94552740011359,0.56059651990436,53.2566761555206,1.0139500481364,24.2995995829576,0.68333333333333
[DIAG] _physics_process: ENTER, state=2
[DIAG] _physics_process: camera target set to character (state: 2)
[GLIDE],2.0,0.56059651990436,0.0,0.28029825995218,-0.56059651990436,8.78003778117872,33.3140277129481,10.2133111364797,3.59217771450462,2.44421030332836,264.320709228516,773.168884277344,18.0
[VERBATIM] DIAGNOSIS turning block executed
[DIAG] _turn_input = 0.5
[AUDIT] _poll_fast: ENTER
[DIAG] _poll_controls: ENTER, state=2
[VERBATIM] POLL: _poll_controls() entered, game_state=2
[VERBATIM] POLL: checking deploy state=2 canopy=true
[VERBATIM] POLL: turnleft pressed - left turn
[STEER_TELEM] canopy=true has_pc=false turn=-1.0 state=2
[STEER_TELEM] /root/Main children: WorldEnvironment DirectionalLight3D AnimationPlayer HUD @MeshInstance3D@47 @MeshInstance3D@48 @MeshInstance3D@49 @MeshInstance3D@50 @Node3D@51 FlyingPlane @Camera3D@55 @MeshInstance3D@56 @MeshInstance3D@57 @MeshInstance3D@58 @MeshInstance3D@59 @MeshInstance3D@60 @MeshInstance3D@61 @MeshInstance3D@62 @MeshInstance3D@63 @MeshInstance3D@64 @MeshInstance3D@65 @MeshInstance3D@66 @MeshInstance3D@67 @MeshInstance3D@68 @MeshInstance3D@69 @MeshInstance3D@70 @MeshInstance3D@71 @MeshInstance3D@72 @MeshInstance3D@73 @MeshInstance3D@74 @MeshInstance3D@75 @MeshInstance3D@76 @MeshInstance3D@77 @MeshInstance3D@78 @MeshInstance3D@79 @MeshInstance3D@80 @MeshInstance3D@81 @MeshInstance3D@82 @MeshInstance3D@83 @MeshInstance3D@84 @MeshInstance3D@85 @MeshInstance3D@86 @MeshInstance3D@87 @MeshInstance3D@88 @MeshInstance3D@89 @MeshInstance3D@90 @MeshInstance3D@91 @MeshInstance3D@92 @MeshInstance3D@93 @MeshInstance3D@94 @MeshInstance3D@95 @MeshInstance3D@96 @MeshInstance3D@97 @CanvasLayer@99 @HTTPRequest@113 PiPLayer @Timer@121 @HTTPRequest@123 OpeningAnimTimer 
[VERBATIM] ENTER _deploy_canopy gate=none
[VERBATIM] EXIT _deploy_canopy early=already_deployed_or_no_canopy
[DEBUG] _input (build_terrain) called, event=InputEventKey: keycode=81 (Q), mods=none, physical=false, location=unspecified, pressed=true, echo=true
[AUDIT] _input: ENTER
2026-08-04T17:12:15 [INFO] InputManager ready
2026-08-04T17:12:15 [INFO] InputMap.has_action('restart') = true
[INPUT] unhandled_input triggered
2026-08-04T17:12:15 [INFO] InputManager: key=Q code=81
[AUDIT] poll_forensic_hud: ENTER
[ARMTEL],10.7333333333334,L,true,0.01666666666667,7.0125,4.48477215923491,3.30934590039755,-0.78161805963247,0.93250043245305,0.57613819377858,54.7331353611095,1.04867227035862,26.0928697289405,0.7
[DIAG] _physics_process: ENTER, state=2
[DIAG] _physics_process: camera target set to character (state: 2)
[GLIDE],2.01666666666666,0.57613819377858,0.0,0.28806909688929,-0.57613819377858,8.71849275263682,34.1343594325033,10.7822171270214,3.58182599314695,2.43409165306125,264.347900390625,773.363586425781,18.0
[VERBATIM] DIAGNOSIS turning block executed
[DIAG] _turn_input = 0.5
[AUDIT] poll_forensic_hud: ENTER
[ARMTEL],10.7500000000001,L,true,0.01666666666667,7.06041666666667,4.60910555022865,3.26375151358566,-0.81244039714765,0.91895975916725,0.5914541897647,56.1881551646061,1.04867227035862,27.8601001173911,0.71666666666667
[DIAG] _physics_process: ENTER, state=2
[DIAG] _physics_process: camera target set to character (state: 2)
[GLIDE],2.03333333333333,0.5914541897647,0.0,0.29572709488235,-0.5914541897647,8.65784140853178,34.9373296322949,11.3645059542263,3.57208604323127,2.42374940126022,264.376342773438,773.557006835938,18.0
[VERBATIM] DIAGNOSIS turning block executed
[DIAG] _turn_input = 0.5
[DIAG] _poll_controls: ENTER, state=2
[VERBATIM] POLL: _poll_controls() entered, game_state=2
[VERBATIM] POLL: checking deploy state=2 canopy=true
[VERBATIM] POLL: turnleft pressed - left turn
[STEER_TELEM] canopy=true has_pc=false turn=-1.0 state=2
[STEER_TELEM] /root/Main children: WorldEnvironment DirectionalLight3D AnimationPlayer HUD @MeshInstance3D@47 @MeshInstance3D@48 @MeshInstance3D@49 @MeshInstance3D@50 @Node3D@51 FlyingPlane @Camera3D@55 @MeshInstance3D@56 @MeshInstance3D@57 @MeshInstance3D@58 @MeshInstance3D@59 @MeshInstance3D@60 @MeshInstance3D@61 @MeshInstance3D@62 @MeshInstance3D@63 @MeshInstance3D@64 @MeshInstance3D@65 @MeshInstance3D@66 @MeshInstance3D@67 @MeshInstance3D@68 @MeshInstance3D@69 @MeshInstance3D@70 @MeshInstance3D@71 @MeshInstance3D@72 @MeshInstance3D@73 @MeshInstance3D@74 @MeshInstance3D@75 @MeshInstance3D@76 @MeshInstance3D@77 @MeshInstance3D@78 @MeshInstance3D@79 @MeshInstance3D@80 @MeshInstance3D@81 @MeshInstance3D@82 @MeshInstance3D@83 @MeshInstance3D@84 @MeshInstance3D@85 @MeshInstance3D@86 @MeshInstance3D@87 @MeshInstance3D@88 @MeshInstance3D@89 @MeshInstance3D@90 @MeshInstance3D@91 @MeshInstance3D@92 @MeshInstance3D@93 @MeshInstance3D@94 @MeshInstance3D@95 @MeshInstance3D@96 @MeshInstance3D@97 @CanvasLayer@99 @HTTPRequest@113 PiPLayer @Timer@121 @HTTPRequest@123 OpeningAnimTimer 
[VERBATIM] ENTER _deploy_canopy gate=none
[VERBATIM] EXIT _deploy_canopy early=already_deployed_or_no_canopy
[VERBATIM] OPENING_ANIM -> DIAGNOSIS (Timer fired)
[AUDIT] poll_forensic_hud: ENTER
[ARMTEL],10.7666666666668,L,true,0.01666666666667,7.10833333333333,4.73163351811762,3.21635915708538,-0.83965934186967,0.90496543680276,0.60653694704475,57.621017288211,1.08339449258084,29.6004183461941,0.73333333333333
[DIAG] _physics_process: ENTER, state=3
[DIAG] _physics_process: camera target set to character (state: 3)
[GLIDE],2.05,0.60653694704475,0.0,0.30326847352237,-0.60653694704475,8.5981136897028,35.7227850233871,11.9598857046161,3.56294808889039,2.41320206615205,264.406036376953,773.749145507812,26.4
[VERBATIM] DIAGNOSIS turning block executed
[DIAG] _turn_input = 0.5
[AUDIT] poll_forensic_hud: ENTER
[ARMTEL],10.7833333333334,L,true,0.01666666666667,7.15625,4.85229557635799,3.16737902880965,-0.86342460516764,0.89057502671663,0.62137986415669,59.0310945929522,1.08339449258084,31.3130627081573,0.75
[DIAG] _physics_process: ENTER, state=3
[DIAG] _physics_process: camera target set to character (state: 3)
[GLIDE],2.06666666666666,0.62137986415669,0.0,0.31068993207835,-0.62137986415669,8.5393357379395,36.4906286173283,12.5680628482382,3.55440071498323,2.40246849544643,264.43701171875,773.888061523438,26.4
[VERBATIM] DIAGNOSIS turning block executed
[DIAG] _turn_input = 0.5
[DIAG] _poll_controls: ENTER, state=3
[VERBATIM] POLL: _poll_controls() entered, game_state=3
[VERBATIM] POLL: checking deploy state=3 canopy=true
[VERBATIM] POLL: turnleft pressed - left turn
[STEER_TELEM] canopy=true has_pc=false turn=-1.0 state=3
[STEER_TELEM] /root/Main children: WorldEnvironment DirectionalLight3D AnimationPlayer HUD @MeshInstance3D@47 @MeshInstance3D@48 @MeshInstance3D@49 @MeshInstance3D@50 @Node3D@51 FlyingPlane @Camera3D@55 @MeshInstance3D@56 @MeshInstance3D@57 @MeshInstance3D@58 @MeshInstance3D@59 @MeshInstance3D@60 @MeshInstance3D@61 @MeshInstance3D@62 @MeshInstance3D@63 @MeshInstance3D@64 @MeshInstance3D@65 @MeshInstance3D@66 @MeshInstance3D@67 @MeshInstance3D@68 @MeshInstance3D@69 @MeshInstance3D@70 @MeshInstance3D@71 @MeshInstance3D@72 @MeshInstance3D@73 @MeshInstance3D@74 @MeshInstance3D@75 @MeshInstance3D@76 @MeshInstance3D@77 @MeshInstance3D@78 @MeshInstance3D@79 @MeshInstance3D@80 @MeshInstance3D@81 @MeshInstance3D@82 @MeshInstance3D@83 @MeshInstance3D@84 @MeshInstance3D@85 @MeshInstance3D@86 @MeshInstance3D@87 @MeshInstance3D@88 @MeshInstance3D@89 @MeshInstance3D@90 @MeshInstance3D@91 @MeshInstance3D@92 @MeshInstance3D@93 @MeshInstance3D@94 @MeshInstance3D@95 @MeshInstance3D@96 @MeshInstance3D@97 @CanvasLayer@99 @HTTPRequest@113 PiPLayer @Timer@121 @HTTPRequest@123 OpeningAnimTimer 
[VERBATIM] ENTER _deploy_canopy gate=none
[VERBATIM] EXIT _deploy_canopy early=already_deployed_or_no_canopy
[DEBUG] _input (build_terrain) called, event=InputEventKey: keycode=81 (Q), mods=none, physical=false, location=unspecified, pressed=true, echo=true
[AUDIT] _input: ENTER
2026-08-04T17:12:16 [INFO] InputManager ready
2026-08-04T17:12:16 [INFO] InputMap.has_action('restart') = true
[INPUT] unhandled_input triggered
2026-08-04T17:12:16 [INFO] InputManager: key=Q code=81
[AUDIT] poll_forensic_hud: ENTER
[ARMTEL],10.8000000000001,L,true,0.01666666666667,7.20416666666667,4.97103891325354,3.11701259350821,-0.88388484009508,0.87584361271505,0.63597725770194,60.4178471558949,1.11672782591417,32.9973774264894,0.76666666666667
[DIAG] _physics_process: ENTER, state=3
[DIAG] _physics_process: camera target set to character (state: 3)
[GLIDE],2.08333333333333,0.63597725770194,0.0,0.31798862885097,-0.63597725770194,8.48153005950031,37.2408155831526,13.1887431079575,3.54643105341016,2.39156772872962,264.469268798828,774.025695800781,26.4
[VERBATIM] DIAGNOSIS turning block executed
[DIAG] _turn_input = 0.5
[AUDIT] poll_forensic_hud: ENTER
[ARMTEL],10.8166666666668,L,true,0.01666666666667,7.25208333333333,5.08781806161555,3.06545264450266,-0.90118737278487,0.86082382316863,0.65032432142142,61.7808183823683,1.11672782591417,34.6528079328092,0.78333333333333
[DIAG] _physics_process: ENTER, state=3
[DIAG] _physics_process: camera target set to character (state: 3)
[GLIDE],2.1,0.65032432142142,0.0,0.32516216071071,-0.65032432142142,8.42471568717118,37.9733492759079,13.8216322625559,3.53902496350795,2.38051886438813,264.502807617188,774.162048339844,26.4
[VERBATIM] DIAGNOSIS turning block executed
[DIAG] _turn_input = 0.5
[DIAG] _poll_controls: ENTER, state=3
[VERBATIM] POLL: _poll_controls() entered, game_state=3
[VERBATIM] POLL: checking deploy state=3 canopy=true
[VERBATIM] POLL: turnleft pressed - left turn
[STEER_TELEM] canopy=true has_pc=false turn=-1.0 state=3
[STEER_TELEM] /root/Main children: WorldEnvironment DirectionalLight3D AnimationPlayer HUD @MeshInstance3D@47 @MeshInstance3D@48 @MeshInstance3D@49 @MeshInstance3D@50 @Node3D@51 FlyingPlane @Camera3D@55 @MeshInstance3D@56 @MeshInstance3D@57 @MeshInstance3D@58 @MeshInstance3D@59 @MeshInstance3D@60 @MeshInstance3D@61 @MeshInstance3D@62 @MeshInstance3D@63 @MeshInstance3D@64 @MeshInstance3D@65 @MeshInstance3D@66 @MeshInstance3D@67 @MeshInstance3D@68 @MeshInstance3D@69 @MeshInstance3D@70 @MeshInstance3D@71 @MeshInstance3D@72 @MeshInstance3D@73 @MeshInstance3D@74 @MeshInstance3D@75 @MeshInstance3D@76 @MeshInstance3D@77 @MeshInstance3D@78 @MeshInstance3D@79 @MeshInstance3D@80 @MeshInstance3D@81 @MeshInstance3D@82 @MeshInstance3D@83 @MeshInstance3D@84 @MeshInstance3D@85 @MeshInstance3D@86 @MeshInstance3D@87 @MeshInstance3D@88 @MeshInstance3D@89 @MeshInstance3D@90 @MeshInstance3D@91 @MeshInstance3D@92 @MeshInstance3D@93 @MeshInstance3D@94 @MeshInstance3D@95 @MeshInstance3D@96 @MeshInstance3D@97 @CanvasLayer@99 @HTTPRequest@113 PiPLayer @Timer@121 @HTTPRequest@123 OpeningAnimTimer 
[VERBATIM] ENTER _deploy_canopy gate=none
[VERBATIM] EXIT _deploy_canopy early=already_deployed_or_no_canopy
[DEBUG] _input (build_terrain) called, event=InputEventKey: keycode=81 (Q), mods=none, physical=false, location=unspecified, pressed=true, echo=true
[AUDIT] _input: ENTER
2026-08-04T17:12:16 [INFO] InputManager ready
2026-08-04T17:12:16 [INFO] InputMap.has_action('restart') = true
[INPUT] unhandled_input triggered
2026-08-04T17:12:16 [INFO] InputManager: key=Q code=81
[AUDIT] poll_forensic_hud: ENTER
[ARMTEL],10.8333333333335,L,true,0.01666666666667,7.3,5.20259457137136,3.01288338109021,-0.91547795246157,0.84556585729427,0.66441708570966,63.1196311598055,1.1514500481364,36.2788961956955,0.8
[DIAG] _physics_process: ENTER, state=3
[DIAG] _physics_process: camera target set to character (state: 3)
[GLIDE],2.11666666666666,0.66441708570966,0.0,0.33220854285483,-0.66441708570966,8.36890834058975,38.688277438668,14.4664368865337,3.5321672057989,2.36934093234606,264.537658691406,774.297119140625,26.4
[VERBATIM] DIAGNOSIS turning block executed
[DIAG] _turn_input = 0.5
[AUDIT] poll_forensic_hud: ENTER
[ARMTEL],10.8500000000001,L,true,0.01666666666667,7.34791666666667,5.31533668567726,2.95948050052995,-0.92690051954055,0.83011751530193,0.67825237763136,64.4339840593146,1.1514500481364,37.875276107212,0.81666666666667
[DIAG] _physics_process: ENTER, state=3
[DIAG] _physics_process: camera target set to character (state: 3)
[GLIDE],2.13333333333333,0.67825237763136,0.0,0.33912618881568,-0.67825237763136,8.31412058457983,39.3856885787228,15.1228650295124,3.52584160846738,2.35805277373019,264.573822021484,774.430908203125,26.4
[VERBATIM] DIAGNOSIS turning block executed
[DIAG] _turn_input = 0.5
[DIAG] _poll_controls: ENTER, state=3
[VERBATIM] POLL: _poll_controls() entered, game_state=3
[VERBATIM] POLL: checking deploy state=3 canopy=true
[VERBATIM] POLL: turnleft pressed - left turn
[STEER_TELEM] canopy=true has_pc=false turn=-1.0 state=3
[STEER_TELEM] /root/Main children: WorldEnvironment DirectionalLight3D AnimationPlayer HUD @MeshInstance3D@47 @MeshInstance3D@48 @MeshInstance3D@49 @MeshInstance3D@50 @Node3D@51 FlyingPlane @Camera3D@55 @MeshInstance3D@56 @MeshInstance3D@57 @MeshInstance3D@58 @MeshInstance3D@59 @MeshInstance3D@60 @MeshInstance3D@61 @MeshInstance3D@62 @MeshInstance3D@63 @MeshInstance3D@64 @MeshInstance3D@65 @MeshInstance3D@66 @MeshInstance3D@67 @MeshInstance3D@68 @MeshInstance3D@69 @MeshInstance3D@70 @MeshInstance3D@71 @MeshInstance3D@72 @MeshInstance3D@73 @MeshInstance3D@74 @MeshInstance3D@75 @MeshInstance3D@76 @MeshInstance3D@77 @MeshInstance3D@78 @MeshInstance3D@79 @MeshInstance3D@80 @MeshInstance3D@81 @MeshInstance3D@82 @MeshInstance3D@83 @MeshInstance3D@84 @MeshInstance3D@85 @MeshInstance3D@86 @MeshInstance3D@87 @MeshInstance3D@88 @MeshInstance3D@89 @MeshInstance3D@90 @MeshInstance3D@91 @MeshInstance3D@92 @MeshInstance3D@93 @MeshInstance3D@94 @MeshInstance3D@95 @MeshInstance3D@96 @MeshInstance3D@97 @CanvasLayer@99 @HTTPRequest@113 PiPLayer @Timer@121 @HTTPRequest@123 OpeningAnimTimer 
[VERBATIM] ENTER _deploy_canopy gate=none
[VERBATIM] EXIT _deploy_canopy early=already_deployed_or_no_canopy
[AUDIT] poll_forensic_hud: ENTER
[ARMTEL],10.8666666666668,L,true,0.01666666666667,7.39583333333334,5.42601902105086,2.90541130355675,-0.93559699127427,0.81452423211402,0.69182778149992,65.7236475906401,1.1857460481364,39.4416689342773,0.83333333333333
[DIAG] _physics_process: ENTER, state=3
[DIAG] _physics_process: camera target set to character (state: 3)
[GLIDE],2.15,0.69182778149992,0.0,0.34591389074996,-0.69182778149992,8.2603619852603,40.0657085175064,15.7906268381375,3.52003122603629,2.34667292839951,264.611297607422,774.563415527344,26.4
[VERBATIM] DIAGNOSIS turning block executed
[DIAG] _turn_input = 0.5
[AUDIT] poll_forensic_hud: ENTER
[ARMTEL],10.8833333333335,L,true,0.01666666666667,7.44375,5.53462225199939,2.85083481239909,-0.94170706439848,0.79882911437405,0.70514160007282,66.9884605157209,1.1857460481364,40.9778788412052,0.85
[DIAG] _physics_process: ENTER, state=3
[DIAG] _physics_process: camera target set to character (state: 3)
[GLIDE],2.16666666666666,0.70514160007282,0.0,0.35257080003641,-0.70514160007282,8.20763926371161,40.7284971128309,16.4694351233514,3.51471848981302,2.33521953109486,264.650085449219,774.694580078125,26.4
[VERBATIM] DIAGNOSIS turning block executed
[DIAG] _turn_input = 0.5
[DIAG] _poll_controls: ENTER, state=3
[VERBATIM] POLL: _poll_controls() entered, game_state=3
[VERBATIM] POLL: checking deploy state=3 canopy=true
[VERBATIM] POLL: turnleft pressed - left turn
[STEER_TELEM] canopy=true has_pc=false turn=-1.0 state=3
[STEER_TELEM] /root/Main children: WorldEnvironment DirectionalLight3D AnimationPlayer HUD @MeshInstance3D@47 @MeshInstance3D@48 @MeshInstance3D@49 @MeshInstance3D@50 @Node3D@51 FlyingPlane @Camera3D@55 @MeshInstance3D@56 @MeshInstance3D@57 @MeshInstance3D@58 @MeshInstance3D@59 @MeshInstance3D@60 @MeshInstance3D@61 @MeshInstance3D@62 @MeshInstance3D@63 @MeshInstance3D@64 @MeshInstance3D@65 @MeshInstance3D@66 @MeshInstance3D@67 @MeshInstance3D@68 @MeshInstance3D@69 @MeshInstance3D@70 @MeshInstance3D@71 @MeshInstance3D@72 @MeshInstance3D@73 @MeshInstance3D@74 @MeshInstance3D@75 @MeshInstance3D@76 @MeshInstance3D@77 @MeshInstance3D@78 @MeshInstance3D@79 @MeshInstance3D@80 @MeshInstance3D@81 @MeshInstance3D@82 @MeshInstance3D@83 @MeshInstance3D@84 @MeshInstance3D@85 @MeshInstance3D@86 @MeshInstance3D@87 @MeshInstance3D@88 @MeshInstance3D@89 @MeshInstance3D@90 @MeshInstance3D@91 @MeshInstance3D@92 @MeshInstance3D@93 @MeshInstance3D@94 @MeshInstance3D@95 @MeshInstance3D@96 @MeshInstance3D@97 @CanvasLayer@99 @HTTPRequest@113 PiPLayer @Timer@121 @HTTPRequest@123 OpeningAnimTimer 
[VERBATIM] ENTER _deploy_canopy gate=none
[VERBATIM] EXIT _deploy_canopy early=already_deployed_or_no_canopy
[AUDIT] _on_stats_completed: ENTER
[AUDIT] _on_leader_completed: ENTER
[AUDIT] _mklabel: ENTER
[DEBUG] _input (build_terrain) called, event=InputEventKey: keycode=81 (Q), mods=none, physical=false, location=unspecified, pressed=true, echo=true
[AUDIT] _input: ENTER
2026-08-04T17:12:16 [INFO] InputManager ready
2026-08-04T17:12:16 [INFO] InputMap.has_action('restart') = true
[INPUT] unhandled_input triggered
2026-08-04T17:12:16 [INFO] InputManager: key=Q code=81
[AUDIT] poll_forensic_hud: ENTER
[ARMTEL],10.9000000000001,L,true,0.01666666666667,7.49166666666667,5.6411328005826,2.79590190030917,-0.9453680342251,0.7830729804703,0.718192816414,68.2283262256186,1.21907938146973,42.4837884892139,0.86666666666667
[DIAG] _physics_process: ENTER, state=3
[DIAG] _physics_process: camera target set to character (state: 3)
[GLIDE],2.18333333333333,0.718192816414,0.0,0.359096408207,-0.718192816414,8.15595644700057,41.3742451511248,17.1590058758701,3.50988534976939,2.32371021678427,264.690185546875,774.824462890625,26.4
[VERBATIM] DIAGNOSIS turning block executed
[DIAG] _turn_input = 0.5
[AUDIT] poll_forensic_hud: ENTER
[ARMTEL],10.9166666666668,L,true,0.01666666666667,7.53958333333334,5.74554253131197,2.74075543164604,-0.94671462962468,0.76729440330989,0.73098105646916,69.4432091851724,1.21907938146973,43.9593547181922,0.88333333333333
[DIAG] _physics_process: ENTER, state=3
[DIAG] _physics_process: camera target set to character (state: 3)
[GLIDE],2.2,0.73098105646916,0.0,0.36549052823458,-0.73098105646916,8.10531501638212,42.0031714066188,17.8590587326471,3.50551340761071,2.31216203560509,264.731628417969,774.953063964844,26.4
[VERBATIM] DIAGNOSIS turning block executed
[DIAG] _turn_input = 0.5
[DIAG] _poll_controls: ENTER, state=3
[VERBATIM] POLL: _poll_controls() entered, game_state=3
[VERBATIM] POLL: checking deploy state=3 canopy=true
[VERBATIM] POLL: turnleft pressed - left turn
[STEER_TELEM] canopy=true has_pc=false turn=-1.0 state=3
[STEER_TELEM] /root/Main children: WorldEnvironment DirectionalLight3D AnimationPlayer HUD @MeshInstance3D@47 @MeshInstance3D@48 @MeshInstance3D@49 @MeshInstance3D@50 @Node3D@51 FlyingPlane @Camera3D@55 @MeshInstance3D@56 @MeshInstance3D@57 @MeshInstance3D@58 @MeshInstance3D@59 @MeshInstance3D@60 @MeshInstance3D@61 @MeshInstance3D@62 @MeshInstance3D@63 @MeshInstance3D@64 @MeshInstance3D@65 @MeshInstance3D@66 @MeshInstance3D@67 @MeshInstance3D@68 @MeshInstance3D@69 @MeshInstance3D@70 @MeshInstance3D@71 @MeshInstance3D@72 @MeshInstance3D@73 @MeshInstance3D@74 @MeshInstance3D@75 @MeshInstance3D@76 @MeshInstance3D@77 @MeshInstance3D@78 @MeshInstance3D@79 @MeshInstance3D@80 @MeshInstance3D@81 @MeshInstance3D@82 @MeshInstance3D@83 @MeshInstance3D@84 @MeshInstance3D@85 @MeshInstance3D@86 @MeshInstance3D@87 @MeshInstance3D@88 @MeshInstance3D@89 @MeshInstance3D@90 @MeshInstance3D@91 @MeshInstance3D@92 @MeshInstance3D@93 @MeshInstance3D@94 @MeshInstance3D@95 @MeshInstance3D@96 @MeshInstance3D@97 @CanvasLayer@99 @HTTPRequest@113 PiPLayer @Timer@121 @HTTPRequest@123 OpeningAnimTimer 
[VERBATIM] ENTER _deploy_canopy gate=none
[VERBATIM] EXIT _deploy_canopy early=already_deployed_or_no_canopy
[DEBUG] _input (build_terrain) called, event=InputEventKey: keycode=81 (Q), mods=none, physical=false, location=unspecified, pressed=true, echo=true
[AUDIT] _input: ENTER
2026-08-04T17:12:16 [INFO] InputManager ready
2026-08-04T17:12:16 [INFO] InputMap.has_action('restart') = true
[INPUT] unhandled_input triggered
2026-08-04T17:12:16 [INFO] InputManager: key=Q code=81
[AUDIT] poll_forensic_hud: ENTER
[ARMTEL],10.9333333333335,L,true,0.01666666666667,7.5875,5.84784845175329,2.6855304115846,-0.94587886333789,0.75152975558759,0.74350655239562,70.6331314493287,1.25380160369195,45.4046043155225,0.9
[DIAG] _physics_process: ENTER, state=3
[DIAG] _physics_process: camera target set to character (state: 3)
[GLIDE],2.21666666666666,0.74350655239562,0.0,0.37175327619781,-0.74350655239562,8.05571405251334,42.6155198637854,18.5693173970435,3.50158404087639,2.30059137763751,264.774383544922,775.080322265625,26.4
[VERBATIM] DIAGNOSIS turning block executed
[DIAG] _turn_input = 0.5
[AUDIT] poll_forensic_hud: ENTER
[ARMTEL],10.9500000000001,L,true,0.01666666666667,7.63541666666667,5.94805241916497,2.63035414455656,-0.94298989705486,0.73581325730334,0.75577010668401,71.7981692547075,1.25380160369195,46.8196298762822,0.91666666666667
[DIAG] _physics_process: ENTER, state=3
[DIAG] _physics_process: camera target set to character (state: 3)
[GLIDE],2.23333333333333,0.75577010668401,0.0,0.37788505334201,-0.75577010668401,8.00715037753132,43.2115570987939,19.2895100153568,3.49807851799529,2.28901390758951,264.818481445312,775.206298828125,26.4
[VERBATIM] DIAGNOSIS turning block executed
[DIAG] _turn_input = 0.5
[DIAG] _poll_controls: ENTER, state=3
[VERBATIM] POLL: _poll_controls() entered, game_state=3
[VERBATIM] POLL: checking deploy state=3 canopy=true
[VERBATIM] POLL: turnleft pressed - left turn
[STEER_TELEM] canopy=true has_pc=false turn=-1.0 state=3
[STEER_TELEM] /root/Main children: WorldEnvironment DirectionalLight3D AnimationPlayer HUD @MeshInstance3D@47 @MeshInstance3D@48 @MeshInstance3D@49 @MeshInstance3D@50 @Node3D@51 FlyingPlane @Camera3D@55 @MeshInstance3D@56 @MeshInstance3D@57 @MeshInstance3D@58 @MeshInstance3D@59 @MeshInstance3D@60 @MeshInstance3D@61 @MeshInstance3D@62 @MeshInstance3D@63 @MeshInstance3D@64 @MeshInstance3D@65 @MeshInstance3D@66 @MeshInstance3D@67 @MeshInstance3D@68 @MeshInstance3D@69 @MeshInstance3D@70 @MeshInstance3D@71 @MeshInstance3D@72 @MeshInstance3D@73 @MeshInstance3D@74 @MeshInstance3D@75 @MeshInstance3D@76 @MeshInstance3D@77 @MeshInstance3D@78 @MeshInstance3D@79 @MeshInstance3D@80 @MeshInstance3D@81 @MeshInstance3D@82 @MeshInstance3D@83 @MeshInstance3D@84 @MeshInstance3D@85 @MeshInstance3D@86 @MeshInstance3D@87 @MeshInstance3D@88 @MeshInstance3D@89 @MeshInstance3D@90 @MeshInstance3D@91 @MeshInstance3D@92 @MeshInstance3D@93 @MeshInstance3D@94 @MeshInstance3D@95 @MeshInstance3D@96 @MeshInstance3D@97 @CanvasLayer@99 @HTTPRequest@113 PiPLayer @Timer@121 @HTTPRequest@123 OpeningAnimTimer 
[VERBATIM] ENTER _deploy_canopy gate=none
[VERBATIM] EXIT _deploy_canopy early=already_deployed_or_no_canopy
[DEBUG] _input (build_terrain) called, event=InputEventKey: keycode=81 (Q), mods=none, physical=false, location=unspecified, pressed=true, echo=true
[AUDIT] _input: ENTER
2026-08-04T17:12:16 [INFO] InputManager ready
2026-08-04T17:12:16 [INFO] InputMap.has_action('restart') = true
[INPUT] unhandled_input triggered
2026-08-04T17:12:16 [INFO] InputManager: key=Q code=81
[AUDIT] poll_forensic_hud: ENTER
[ARMTEL],10.9666666666668,L,true,0.01666666666667,7.68333333333334,6.04616085347208,2.57534640056169,-0.93817392070044,0.72017702529167,0.76777305710554,72.9384496895899,1.28852382591417,48.204585758695,0.93333333333333
[DIAG] _physics_process: ENTER, state=3
[DIAG] _physics_process: camera target set to character (state: 3)
[GLIDE],2.25,0.76777305710554,0.0,0.38388652855277,-0.76777305710554,7.95961869386207,43.7915698152977,20.0193695122784,3.49497810429561,2.27744450933156,264.863891601562,775.330932617188,26.4
[VERBATIM] DIAGNOSIS turning block executed
[DIAG] _turn_input = 0.5
[AUDIT] poll_forensic_hud: ENTER
[ARMTEL],10.9833333333335,L,true,0.01666666666667,7.73125,6.1421844568443,2.52061958852083,-0.93155404536513,0.70465112453558,0.77951724251446,74.0541474451526,1.28852382591417,49.5596841382623,0.95
[DIAG] _physics_process: ENTER, state=3
[DIAG] _physics_process: camera target set to character (state: 3)
[GLIDE],2.26666666666666,0.77951724251446,0.0,0.38975862125723,-0.77951724251446,7.91311171964272,44.3558625295107,20.7586338877702,3.49226415903831,2.2658972400936,264.91064453125,775.454284667969,26.4
[VERBATIM] DIAGNOSIS turning block executed
[DIAG] _turn_input = 0.5
[DIAG] _poll_controls: ENTER, state=3
[VERBATIM] POLL: _poll_controls() entered, game_state=3
[VERBATIM] POLL: checking deploy state=3 canopy=true
[VERBATIM] POLL: turnleft pressed - left turn
[STEER_TELEM] canopy=true has_pc=false turn=-1.0 state=3
[STEER_TELEM] /root/Main children: WorldEnvironment DirectionalLight3D AnimationPlayer HUD @MeshInstance3D@47 @MeshInstance3D@48 @MeshInstance3D@49 @MeshInstance3D@50 @Node3D@51 FlyingPlane @Camera3D@55 @MeshInstance3D@56 @MeshInstance3D@57 @MeshInstance3D@58 @MeshInstance3D@59 @MeshInstance3D@60 @MeshInstance3D@61 @MeshInstance3D@62 @MeshInstance3D@63 @MeshInstance3D@64 @MeshInstance3D@65 @MeshInstance3D@66 @MeshInstance3D@67 @MeshInstance3D@68 @MeshInstance3D@69 @MeshInstance3D@70 @MeshInstance3D@71 @MeshInstance3D@72 @MeshInstance3D@73 @MeshInstance3D@74 @MeshInstance3D@75 @MeshInstance3D@76 @MeshInstance3D@77 @MeshInstance3D@78 @MeshInstance3D@79 @MeshInstance3D@80 @MeshInstance3D@81 @MeshInstance3D@82 @MeshInstance3D@83 @MeshInstance3D@84 @MeshInstance3D@85 @MeshInstance3D@86 @MeshInstance3D@87 @MeshInstance3D@88 @MeshInstance3D@89 @MeshInstance3D@90 @MeshInstance3D@91 @MeshInstance3D@92 @MeshInstance3D@93 @MeshInstance3D@94 @MeshInstance3D@95 @MeshInstance3D@96 @MeshInstance3D@97 @CanvasLayer@99 @HTTPRequest@113 PiPLayer @Timer@121 @HTTPRequest@123 OpeningAnimTimer 
[VERBATIM] ENTER _deploy_canopy gate=none
[VERBATIM] EXIT _deploy_canopy early=already_deployed_or_no_canopy
[AUDIT] poll_forensic_hud: ENTER
[ARMTEL],11.0000000000001,L,true,0.01666666666667,7.77916666666667,6.23613794011571,2.46627893587454,-0.92325020932358,0.68926362104686,0.79100496953191,75.1454816504302,1.3232460481364,50.8851911635877,0.96666666666667
[DIAG] _physics_process: ENTER, state=3
[DIAG] _physics_process: camera target set to character (state: 3)
[GLIDE],2.28333333333333,0.79100496953191,0.0,0.39550248476596,-0.79100496953191,7.86762032065363,44.9047553992482,21.5070464777577,3.48991822360681,2.25438529402631,264.958709716797,775.576293945312,26.4
[VERBATIM] DIAGNOSIS turning block executed
[DIAG] _turn_input = 0.5
[AUDIT] poll_forensic_hud: ENTER
[ARMTEL],11.0166666666668,L,true,0.01666666666667,7.82708333333334,6.32803975625529,2.41242267366399,-0.91337909658595,0.67404063610376,0.80223898013364,76.2127127931531,1.3232460481364,52.1814232165042,0.98333333333333
[DIAG] _physics_process: ENTER, state=3
[DIAG] _physics_process: camera target set to character (state: 3)
[GLIDE],2.3,0.80223898013364,0.0,0.40111949006682,-0.80223898013364,7.82313363867078,45.4385821913981,22.2643561809477,3.48792210104244,2.24292097473526,265.008117675781,775.696960449219,26.4
[VERBATIM] DIAGNOSIS turning block executed
[DIAG] _turn_input = 0.5
[AUDIT] poll_forensic_hud: ENTER
[ARMTEL],11.0333333333335,L,true,0.01666666666667,7.875,6.41791184106913,2.35914222636315,-0.90205406743227,0.65900640164655,0.81322242016108,77.2561397282951,1.3232460481364,53.4487432787326,1.0
[DIAG] _physics_process: ENTER, state=3
[DIAG] _physics_process: camera target set to character (state: 3)
[GLIDE],2.31666666666666,0.81322242016108,0.0,0.40661121008054,-0.81322242016108,7.77963921616211,45.9576883821407,23.0303176539834,3.4862579271653,2.23151567631939,265.058837890625,775.816284179688,26.4
[VERBATIM] DIAGNOSIS turning block executed
[DIAG] _turn_input = 0.5
[DIAG] _poll_controls: ENTER, state=3
[VERBATIM] POLL: _poll_controls() entered, game_state=3
[VERBATIM] POLL: checking deploy state=3 canopy=true
[VERBATIM] POLL: turnleft pressed - left turn
[STEER_TELEM] canopy=true has_pc=false turn=-1.0 state=3
[STEER_TELEM] /root/Main children: WorldEnvironment DirectionalLight3D AnimationPlayer HUD @MeshInstance3D@47 @MeshInstance3D@48 @MeshInstance3D@49 @MeshInstance3D@50 @Node3D@51 FlyingPlane @Camera3D@55 @MeshInstance3D@56 @MeshInstance3D@57 @MeshInstance3D@58 @MeshInstance3D@59 @MeshInstance3D@60 @MeshInstance3D@61 @MeshInstance3D@62 @MeshInstance3D@63 @MeshInstance3D@64 @MeshInstance3D@65 @MeshInstance3D@66 @MeshInstance3D@67 @MeshInstance3D@68 @MeshInstance3D@69 @MeshInstance3D@70 @MeshInstance3D@71 @MeshInstance3D@72 @MeshInstance3D@73 @MeshInstance3D@74 @MeshInstance3D@75 @MeshInstance3D@76 @MeshInstance3D@77 @MeshInstance3D@78 @MeshInstance3D@79 @MeshInstance3D@80 @MeshInstance3D@81 @MeshInstance3D@82 @MeshInstance3D@83 @MeshInstance3D@84 @MeshInstance3D@85 @MeshInstance3D@86 @MeshInstance3D@87 @MeshInstance3D@88 @MeshInstance3D@89 @MeshInstance3D@90 @MeshInstance3D@91 @MeshInstance3D@92 @MeshInstance3D@93 @MeshInstance3D@94 @MeshInstance3D@95 @MeshInstance3D@96 @MeshInstance3D@97 @CanvasLayer@99 @HTTPRequest@113 PiPLayer @Timer@121 @HTTPRequest@123 OpeningAnimTimer 
[VERBATIM] ENTER _deploy_canopy gate=none
[VERBATIM] EXIT _deploy_canopy early=already_deployed_or_no_canopy
[VERBATIM] Wind updated: 12.5 kts @ 240.0°
[DEBUG] _input (build_terrain) called, event=InputEventKey: keycode=81 (Q), mods=none, physical=false, location=unspecified, pressed=true, echo=true
[AUDIT] _input: ENTER
2026-08-04T17:12:16 [INFO] InputManager ready
2026-08-04T17:12:16 [INFO] InputMap.has_action('restart') = true
[INPUT] unhandled_input triggered
2026-08-04T17:12:16 [INFO] InputManager: key=Q code=81
[AUDIT] poll_forensic_hud: ENTER
[ARMTEL],11.0500000000001,L,true,0.01666666666667,7.92291666666667,6.50577936128867,2.30652240576293,-0.88938510038493,0.64418331664014,0.82395880877175,78.2760967758625,1.36006738146973,54.6875574069279,1.01666666666667
[DIAG] _physics_process: ENTER, state=3
[DIAG] _physics_process: camera target set to character (state: 3)
[GLIDE],2.33333333333333,0.82395880877175,0.0,0.41197940438588,-0.82395880877175,7.73712311726386,46.4624293841519,23.8046914770526,3.48490823356382,2.22017987238406,265.110870361328,775.934265136719,26.4
[VERBATIM] DIAGNOSIS turning block executed
[DIAG] _turn_input = 0.5
[AUDIT] poll_forensic_hud: ENTER
[ARMTEL],11.0666666666668,L,true,0.01666666666667,7.97083333333334,6.59167047017402,2.25464160824048,-0.87547874508116,0.62959200422212,0.83445200884212,79.2729509091669,1.36006738146973,55.8983113176269,1.03333333333333
[DIAG] _physics_process: ENTER, state=3
[DIAG] _physics_process: camera target set to character (state: 3)
[GLIDE],2.35,0.83445200884212,0.0,0.41722600442106,-0.83445200884212,7.6955700449852,46.9531688949854,24.587244291969,3.48385600277348,2.20892311245321,265.164245605469,776.050903320312,26.4
[VERBATIM] DIAGNOSIS turning block executed
[DIAG] _turn_input = 0.5
[DIAG] _poll_controls: ENTER, state=3
[VERBATIM] POLL: _poll_controls() entered, game_state=3
[VERBATIM] POLL: checking deploy state=3 canopy=true
[VERBATIM] POLL: turnleft pressed - left turn
[STEER_TELEM] canopy=true has_pc=false turn=-1.0 state=3
[STEER_TELEM] /root/Main children: WorldEnvironment DirectionalLight3D AnimationPlayer HUD @MeshInstance3D@47 @MeshInstance3D@48 @MeshInstance3D@49 @MeshInstance3D@50 @Node3D@51 FlyingPlane @Camera3D@55 @MeshInstance3D@56 @MeshInstance3D@57 @MeshInstance3D@58 @MeshInstance3D@59 @MeshInstance3D@60 @MeshInstance3D@61 @MeshInstance3D@62 @MeshInstance3D@63 @MeshInstance3D@64 @MeshInstance3D@65 @MeshInstance3D@66 @MeshInstance3D@67 @MeshInstance3D@68 @MeshInstance3D@69 @MeshInstance3D@70 @MeshInstance3D@71 @MeshInstance3D@72 @MeshInstance3D@73 @MeshInstance3D@74 @MeshInstance3D@75 @MeshInstance3D@76 @MeshInstance3D@77 @MeshInstance3D@78 @MeshInstance3D@79 @MeshInstance3D@80 @MeshInstance3D@81 @MeshInstance3D@82 @MeshInstance3D@83 @MeshInstance3D@84 @MeshInstance3D@85 @MeshInstance3D@86 @MeshInstance3D@87 @MeshInstance3D@88 @MeshInstance3D@89 @MeshInstance3D@90 @MeshInstance3D@91 @MeshInstance3D@92 @MeshInstance3D@93 @MeshInstance3D@94 @MeshInstance3D@95 @MeshInstance3D@96 @MeshInstance3D@97 @CanvasLayer@99 @HTTPRequest@113 PiPLayer @Timer@121 @HTTPRequest@123 OpeningAnimTimer 
[VERBATIM] ENTER _deploy_canopy gate=none
[VERBATIM] EXIT _deploy_canopy early=already_deployed_or_no_canopy
[DEBUG] _input (build_terrain) called, event=InputEventKey: keycode=81 (Q), mods=none, physical=false, location=unspecified, pressed=true, echo=true
[AUDIT] _input: ENTER
2026-08-04T17:12:16 [INFO] InputManager ready
2026-08-04T17:12:16 [INFO] InputMap.has_action('restart') = true
[INPUT] unhandled_input triggered
2026-08-04T17:12:16 [INFO] InputManager: key=Q code=81
[AUDIT] poll_forensic_hud: ENTER
[ARMTEL],11.0833333333335,L,true,0.01666666666667,8.01875,6.67561607073697,2.20357201477741,-0.86043808551437,0.61525136946354,0.84470619833318,80.2470990345527,1.39478960369195,57.0814870832743,1.05
[DIAG] _physics_process: ENTER, state=3
[DIAG] _physics_process: camera target set to character (state: 3)
[GLIDE],2.36666666666666,0.84470619833318,0.0,0.42235309916659,-0.84470619833318,7.65496345460061,47.4302773608398,25.3777489146496,3.48308471599596,2.19775402517355,265.218933105469,776.166198730469,26.4
[VERBATIM] DIAGNOSIS turning block executed
[DIAG] _turn_input = 0.5
[AUDIT] poll_forensic_hud: ENTER
[ARMTEL],11.1000000000001,L,true,0.01666666666667,8.06666666666667,6.75764958666544,2.1533797931224,-0.84436271312117,0.60117865757819,0.85472584262615,81.1989653632899,1.39478960369195,58.2375999401885,1.06666666666667
[DIAG] _physics_process: ENTER, state=3
[DIAG] _physics_process: camera target set to character (state: 3)
[GLIDE],2.38333333333333,0.85472584262615,0.0,0.42736292131308,-0.85472584262615,7.61528566320045,47.894130549966,26.1759844238157,3.4825783937347,2.18668032768499,265.274932861328,776.280090332031,26.4
[VERBATIM] DIAGNOSIS turning block executed
[DIAG] _turn_input = 0.5
[DIAG] _poll_controls: ENTER, state=3
[VERBATIM] POLL: _poll_controls() entered, game_state=3
[VERBATIM] POLL: checking deploy state=3 canopy=true
[VERBATIM] POLL: turnleft pressed - left turn
[STEER_TELEM] canopy=true has_pc=false turn=-1.0 state=3
[STEER_TELEM] /root/Main children: WorldEnvironment DirectionalLight3D AnimationPlayer HUD @MeshInstance3D@47 @MeshInstance3D@48 @MeshInstance3D@49 @MeshInstance3D@50 @Node3D@51 FlyingPlane @Camera3D@55 @MeshInstance3D@56 @MeshInstance3D@57 @MeshInstance3D@58 @MeshInstance3D@59 @MeshInstance3D@60 @MeshInstance3D@61 @MeshInstance3D@62 @MeshInstance3D@63 @MeshInstance3D@64 @MeshInstance3D@65 @MeshInstance3D@66 @MeshInstance3D@67 @MeshInstance3D@68 @MeshInstance3D@69 @MeshInstance3D@70 @MeshInstance3D@71 @MeshInstance3D@72 @MeshInstance3D@73 @MeshInstance3D@74 @MeshInstance3D@75 @MeshInstance3D@76 @MeshInstance3D@77 @MeshInstance3D@78 @MeshInstance3D@79 @MeshInstance3D@80 @MeshInstance3D@81 @MeshInstance3D@82 @MeshInstance3D@83 @MeshInstance3D@84 @MeshInstance3D@85 @MeshInstance3D@86 @MeshInstance3D@87 @MeshInstance3D@88 @MeshInstance3D@89 @MeshInstance3D@90 @MeshInstance3D@91 @MeshInstance3D@92 @MeshInstance3D@93 @MeshInstance3D@94 @MeshInstance3D@95 @MeshInstance3D@96 @MeshInstance3D@97 @CanvasLayer@99 @HTTPRequest@113 PiPLayer @Timer@121 @HTTPRequest@123 OpeningAnimTimer 
[VERBATIM] ENTER _deploy_canopy gate=none
[VERBATIM] EXIT _deploy_canopy early=already_deployed_or_no_canopy
[DEBUG] _input (build_terrain) called, event=InputEventKey: keycode=81 (Q), mods=none, physical=false, location=unspecified, pressed=false, echo=false
[AUDIT] _input: ENTER
2026-08-04T17:12:16 [INFO] InputManager ready
2026-08-04T17:12:16 [INFO] InputMap.has_action('restart') = true
[INPUT] unhandled_input triggered
[AUDIT] poll_forensic_hud: ENTER
[ARMTEL],11.1166666666668,L,false,0.01666666666667,0.0,6.8378067410092,2.10412530152367,-8.94193204253287,0.45214645686931,0.86226161690731,81.9148640109323,1.42951182591417,59.1071123977675,0.0
[DIAG] _physics_process: ENTER, state=3
[DIAG] _physics_process: camera target set to character (state: 3)
[GLIDE],2.4,0.86226161690731,0.0,0.43113080845365,-0.86226161690731,7.58544399704707,48.2414690759923,26.9800089084156,3.48235981331488,2.17824820055755,265.332275390625,776.392761230469,26.4
[VERBATIM] DIAGNOSIS turning block executed
[DIAG] _turn_input = 0.5
[AUDIT] poll_forensic_hud: ENTER
[ARMTEL],11.1333333333335,L,false,0.01666666666667,0.0,6.89809293525844,1.58251259904258,-8.48060553430103,0.31080303129763,0.86744166742893,82.4069688729935,1.42951182591417,59.7048105627333,0.0
[DIAG] _physics_process: ENTER, state=3
[DIAG] _physics_process: camera target set to character (state: 3)
[GLIDE],2.41666666666666,0.86744166742893,0.0,0.43372083371447,-0.86744166742893,7.56493099698143,48.4794681857343,27.7880000448445,3.48229080451719,2.17240070449265,265.391052246094,776.504333496094,26.4
[VERBATIM] DIAGNOSIS turning block executed
[DIAG] _turn_input = 0.5
[DIAG] _poll_controls: ENTER, state=3
[VERBATIM] POLL: _poll_controls() entered, game_state=3
[VERBATIM] POLL: checking deploy state=3 canopy=true
[STEER_TELEM] canopy=true has_pc=false turn=0.0 state=3
[STEER_TELEM] /root/Main children: WorldEnvironment DirectionalLight3D AnimationPlayer HUD @MeshInstance3D@47 @MeshInstance3D@48 @MeshInstance3D@49 @MeshInstance3D@50 @Node3D@51 FlyingPlane @Camera3D@55 @MeshInstance3D@56 @MeshInstance3D@57 @MeshInstance3D@58 @MeshInstance3D@59 @MeshInstance3D@60 @MeshInstance3D@61 @MeshInstance3D@62 @MeshInstance3D@63 @MeshInstance3D@64 @MeshInstance3D@65 @MeshInstance3D@66 @MeshInstance3D@67 @MeshInstance3D@68 @MeshInstance3D@69 @MeshInstance3D@70 @MeshInstance3D@71 @MeshInstance3D@72 @MeshInstance3D@73 @MeshInstance3D@74 @MeshInstance3D@75 @MeshInstance3D@76 @MeshInstance3D@77 @MeshInstance3D@78 @MeshInstance3D@79 @MeshInstance3D@80 @MeshInstance3D@81 @MeshInstance3D@82 @MeshInstance3D@83 @MeshInstance3D@84 @MeshInstance3D@85 @MeshInstance3D@86 @MeshInstance3D@87 @MeshInstance3D@88 @MeshInstance3D@89 @MeshInstance3D@90 @MeshInstance3D@91 @MeshInstance3D@92 @MeshInstance3D@93 @MeshInstance3D@94 @MeshInstance3D@95 @MeshInstance3D@96 @MeshInstance3D@97 @CanvasLayer@99 @HTTPRequest@113 PiPLayer @Timer@121 @HTTPRequest@123 OpeningAnimTimer 
[VERBATIM] ENTER _deploy_canopy gate=none
[VERBATIM] EXIT _deploy_canopy early=already_deployed_or_no_canopy
[DEBUG] _input (build_terrain) called, event=InputEventMouseMotion: button_mask=0, position=((1015.0, 9.0)), relative=((0.0, 0.0)), velocity=((0.0, 0.646275)), pressure=0.00, tilt=((0.0, 0.0)), pen_inverted=(false)
[AUDIT] _input: ENTER
[AUDIT] _gui_input: ENTER
[AUDIT] poll_forensic_hud: ENTER
[ARMTEL],11.1500000000001,L,false,0.01666666666667,0.0,6.93953333943146,1.08781060954169,-8.02734394897315,0.17701396548141,0.87039190018696,82.6872410206056,1.4636750481364,60.0452220506774,0.0
[DIAG] _physics_process: ENTER, state=3
[DIAG] _physics_process: camera target set to character (state: 3)
[GLIDE],2.43333333333333,0.87039190018696,0.0,0.43519595009348,-0.87039190018696,7.55324807525965,48.6147410116664,28.5982457283723,3.4822812044237,2.16905173128018,265.451324462891,776.614868164062,26.4
[VERBATIM] DIAGNOSIS turning block executed
[DIAG] _turn_input = 0.5
[AUDIT] poll_forensic_hud: ENTER
[ARMTEL],11.1666666666668,L,false,0.01666666666667,0.0,6.96313520149565,0.61954887918492,-7.58268408068057,0.05063589747006,0.87123583181146,82.7674145351168,1.4636750481364,60.1425987811195,0.0
[DIAG] _physics_process: ENTER, state=3
[DIAG] _physics_process: camera target set to character (state: 3)
[GLIDE],2.45,0.87123583181146,0.0,0.43561791590573,-0.87123583181146,7.54990610602663,48.6533996862274,29.4091357231428,3.48228243249829,2.16809125979196,265.513122558594,776.724487304688,26.4
[VERBATIM] DIAGNOSIS turning block executed
[DIAG] _turn_input = 0.5
[DIAG] _poll_controls: ENTER, state=3
[VERBATIM] POLL: _poll_controls() entered, game_state=3
[VERBATIM] POLL: checking deploy state=3 canopy=true
[STEER_TELEM] canopy=true has_pc=false turn=0.0 state=3
[STEER_TELEM] /root/Main children: WorldEnvironment DirectionalLight3D AnimationPlayer HUD @MeshInstance3D@47 @MeshInstance3D@48 @MeshInstance3D@49 @MeshInstance3D@50 @Node3D@51 FlyingPlane @Camera3D@55 @MeshInstance3D@56 @MeshInstance3D@57 @MeshInstance3D@58 @MeshInstance3D@59 @MeshInstance3D@60 @MeshInstance3D@61 @MeshInstance3D@62 @MeshInstance3D@63 @MeshInstance3D@64 @MeshInstance3D@65 @MeshInstance3D@66 @MeshInstance3D@67 @MeshInstance3D@68 @MeshInstance3D@69 @MeshInstance3D@70 @MeshInstance3D@71 @MeshInstance3D@72 @MeshInstance3D@73 @MeshInstance3D@74 @MeshInstance3D@75 @MeshInstance3D@76 @MeshInstance3D@77 @MeshInstance3D@78 @MeshInstance3D@79 @MeshInstance3D@80 @MeshInstance3D@81 @MeshInstance3D@82 @MeshInstance3D@83 @MeshInstance3D@84 @MeshInstance3D@85 @MeshInstance3D@86 @MeshInstance3D@87 @MeshInstance3D@88 @MeshInstance3D@89 @MeshInstance3D@90 @MeshInstance3D@91 @MeshInstance3D@92 @MeshInstance3D@93 @MeshInstance3D@94 @MeshInstance3D@95 @MeshInstance3D@96 @MeshInstance3D@97 @CanvasLayer@99 @HTTPRequest@113 PiPLayer @Timer@121 @HTTPRequest@123 OpeningAnimTimer 
[VERBATIM] ENTER _deploy_canopy gate=none
[VERBATIM] EXIT _deploy_canopy early=already_deployed_or_no_canopy
[DEBUG] _input (build_terrain) called, event=InputEventMouseMotion: button_mask=0, position=((1026.0, 5.0)), relative=((11.0, -4.0)), velocity=((0.0, 0.646275)), pressure=0.00, tilt=((0.0, 0.0)), pen_inverted=(false)
[AUDIT] _input: ENTER
[AUDIT] _gui_input: ENTER
[AUDIT] poll_forensic_hud: ENTER
[ARMTEL],11.1833333333335,L,false,0.01666666666667,0.0,6.96988665449165,0.17722564114522,-7.14711229563688,-0.06848264079055,0.87009445446495,82.6589836734256,1.4973680481364,60.0109013888462,0.0
[DIAG] _physics_process: ENTER, state=3
[DIAG] _physics_process: camera target set to character (state: 3)
[GLIDE],2.46666666666666,0.87009445446495,0.0,0.43504722723247,-0.87009445446495,7.55442596031881,48.6011117545689,30.2191542523856,3.48228119324403,2.16938998923325,265.576507568359,776.833312988281,26.4
[VERBATIM] DIAGNOSIS turning block executed
[DIAG] _turn_input = 0.5
[AUDIT] poll_forensic_hud: ENTER
[ARMTEL],11.2000000000001,L,false,0.01666666666667,0.0,6.96075563571958,-0.23968924276693,-6.72106639295265,-0.18050041400643,0.86708611423151,82.3731913149477,1.4973680481364,59.6637851918877,0.0
[DIAG] _physics_process: ENTER, state=3
[DIAG] _physics_process: camera target set to character (state: 3)
[GLIDE],2.48333333333333,0.86708611423151,0.0,0.43354305711575,-0.86708611423151,7.56633898764323,48.4631519576741,31.0268734516801,3.48229341879906,2.17280340214773,265.641510009766,776.94140625,26.4
[VERBATIM] DIAGNOSIS turning block executed
[DIAG] _turn_input = 0.5
[DIAG] _poll_controls: ENTER, state=3
[VERBATIM] POLL: _poll_controls() entered, game_state=3
[VERBATIM] POLL: checking deploy state=3 canopy=true
[STEER_TELEM] canopy=true has_pc=false turn=0.0 state=3
[STEER_TELEM] /root/Main children: WorldEnvironment DirectionalLight3D AnimationPlayer HUD @MeshInstance3D@47 @MeshInstance3D@48 @MeshInstance3D@49 @MeshInstance3D@50 @Node3D@51 FlyingPlane @Camera3D@55 @MeshInstance3D@56 @MeshInstance3D@57 @MeshInstance3D@58 @MeshInstance3D@59 @MeshInstance3D@60 @MeshInstance3D@61 @MeshInstance3D@62 @MeshInstance3D@63 @MeshInstance3D@64 @MeshInstance3D@65 @MeshInstance3D@66 @MeshInstance3D@67 @MeshInstance3D@68 @MeshInstance3D@69 @MeshInstance3D@70 @MeshInstance3D@71 @MeshInstance3D@72 @MeshInstance3D@73 @MeshInstance3D@74 @MeshInstance3D@75 @MeshInstance3D@76 @MeshInstance3D@77 @MeshInstance3D@78 @MeshInstance3D@79 @MeshInstance3D@80 @MeshInstance3D@81 @MeshInstance3D@82 @MeshInstance3D@83 @MeshInstance3D@84 @MeshInstance3D@85 @MeshInstance3D@86 @MeshInstance3D@87 @MeshInstance3D@88 @MeshInstance3D@89 @MeshInstance3D@90 @MeshInstance3D@91 @MeshInstance3D@92 @MeshInstance3D@93 @MeshInstance3D@94 @MeshInstance3D@95 @MeshInstance3D@96 @MeshInstance3D@97 @CanvasLayer@99 @HTTPRequest@113 PiPLayer @Timer@121 @HTTPRequest@123 OpeningAnimTimer 
[VERBATIM] ENTER _deploy_canopy gate=none
[VERBATIM] EXIT _deploy_canopy early=already_deployed_or_no_canopy
[DEBUG] _input (build_terrain) called, event=InputEventMouseMotion: button_mask=0, position=((1050.0, 1.0)), relative=((24.0, -4.0)), velocity=((0.0, 0.646275)), pressure=0.00, tilt=((0.0, 0.0)), pen_inverted=(false)
[AUDIT] _input: ENTER
[AUDIT] _gui_input: ENTER
[AUDIT] poll_forensic_hud: ENTER
[ARMTEL],11.2166666666668,L,false,0.01666666666667,0.0,6.93668891385206,-0.6317514490225,-6.30493746482956,-0.28558270508692,0.86232640248006,81.9210186411256,1.53209027035862,59.1145876565105,0.0
[DIAG] _physics_process: ENTER, state=3
[DIAG] _physics_process: camera target set to character (state: 3)
[GLIDE],2.5,0.86232640248006,0.0,0.43116320124003,-0.86232640248006,7.58518744617897,48.244449491496,31.8309476098717,3.4823585407037,2.17817532500436,265.708190917969,777.048828125,26.4
[VERBATIM] DIAGNOSIS turning block executed
[DIAG] _turn_input = 0.5
[AUDIT] poll_forensic_hud: ENTER
[ARMTEL],11.2333333333335,L,false,0.01666666666667,0.0,6.89861121984047,-0.99953946780422,-5.89907175203624,-0.38390056762086,0.85592805968638,81.3131759985184,1.53209027035862,58.3763172997564,0.0
[DIAG] _physics_process: ENTER, state=3
[DIAG] _physics_process: camera target set to character (state: 3)
[GLIDE],2.51666666666666,0.85592805968638,0.0,0.42796402984319,-0.85592805968638,7.61052488364195,47.9496308766478,32.6301081244825,3.48253415871411,2.18534105820574,265.776580810547,777.155639648438,26.4
[VERBATIM] DIAGNOSIS turning block executed
[DIAG] _turn_input = 0.5
[DIAG] _poll_controls: ENTER, state=3
[VERBATIM] POLL: _poll_controls() entered, game_state=3
[VERBATIM] POLL: checking deploy state=3 canopy=true
[STEER_TELEM] canopy=true has_pc=false turn=0.0 state=3
[STEER_TELEM] /root/Main children: WorldEnvironment DirectionalLight3D AnimationPlayer HUD @MeshInstance3D@47 @MeshInstance3D@48 @MeshInstance3D@49 @MeshInstance3D@50 @Node3D@51 FlyingPlane @Camera3D@55 @MeshInstance3D@56 @MeshInstance3D@57 @MeshInstance3D@58 @MeshInstance3D@59 @MeshInstance3D@60 @MeshInstance3D@61 @MeshInstance3D@62 @MeshInstance3D@63 @MeshInstance3D@64 @MeshInstance3D@65 @MeshInstance3D@66 @MeshInstance3D@67 @MeshInstance3D@68 @MeshInstance3D@69 @MeshInstance3D@70 @MeshInstance3D@71 @MeshInstance3D@72 @MeshInstance3D@73 @MeshInstance3D@74 @MeshInstance3D@75 @MeshInstance3D@76 @MeshInstance3D@77 @MeshInstance3D@78 @MeshInstance3D@79 @MeshInstance3D@80 @MeshInstance3D@81 @MeshInstance3D@82 @MeshInstance3D@83 @MeshInstance3D@84 @MeshInstance3D@85 @MeshInstance3D@86 @MeshInstance3D@87 @MeshInstance3D@88 @MeshInstance3D@89 @MeshInstance3D@90 @MeshInstance3D@91 @MeshInstance3D@92 @MeshInstance3D@93 @MeshInstance3D@94 @MeshInstance3D@95 @MeshInstance3D@96 @MeshInstance3D@97 @CanvasLayer@99 @HTTPRequest@113 PiPLayer @Timer@121 @HTTPRequest@123 OpeningAnimTimer 
[VERBATIM] ENTER _deploy_canopy gate=none
[VERBATIM] EXIT _deploy_canopy early=already_deployed_or_no_canopy
[AUDIT] poll_forensic_hud: ENTER
[ARMTEL],11.2500000000001,L,false,0.01666666666667,0.0,6.84742447749102,-1.343651986673,-5.50377249081802,-0.47563010913449,0.8480008912008,80.5600948967332,1.5657400481364,57.4616439703321,0.0
[DIAG] _physics_process: ENTER, state=3
[DIAG] _physics_process: camera target set to character (state: 3)
[GLIDE],2.53333333333333,0.8480008912008,0.0,0.4240004456004,-0.8480008912008,7.64191647084482,47.5830585975192,33.4231591011078,3.48289115517385,2.19413014371486,265.846740722656,777.261962890625,26.4
[VERBATIM] DIAGNOSIS turning block executed
[DIAG] _turn_input = 0.5
[AUDIT] poll_forensic_hud: ENTER
[ARMTEL],11.2666666666668,L,false,0.01666666666667,0.0,6.78400712960642,-1.66470538197072,-5.1193017476357,-0.56095180492842,0.838651694452,79.6719210927817,1.5657400481364,56.3828904490418,0.0
[DIAG] _physics_process: ENTER, state=3
[DIAG] _physics_process: camera target set to character (state: 3)
[GLIDE],2.55,0.838651694452,0.0,0.419325847226,-0.838651694452,7.6789392899701,47.1488656897999,34.2089735292712,3.4835092862108,2.20436883012386,265.918701171875,777.367797851562,26.4
[VERBATIM] DIAGNOSIS turning block executed
[DIAG] _turn_input = 0.5
[DIAG] _poll_controls: ENTER, state=3
[VERBATIM] POLL: _poll_controls() entered, game_state=3
[VERBATIM] POLL: checking deploy state=3 canopy=true
[STEER_TELEM] canopy=true has_pc=false turn=0.0 state=3
[STEER_TELEM] /root/Main children: WorldEnvironment DirectionalLight3D AnimationPlayer HUD @MeshInstance3D@47 @MeshInstance3D@48 @MeshInstance3D@49 @MeshInstance3D@50 @Node3D@51 FlyingPlane @Camera3D@55 @MeshInstance3D@56 @MeshInstance3D@57 @MeshInstance3D@58 @MeshInstance3D@59 @MeshInstance3D@60 @MeshInstance3D@61 @MeshInstance3D@62 @MeshInstance3D@63 @MeshInstance3D@64 @MeshInstance3D@65 @MeshInstance3D@66 @MeshInstance3D@67 @MeshInstance3D@68 @MeshInstance3D@69 @MeshInstance3D@70 @MeshInstance3D@71 @MeshInstance3D@72 @MeshInstance3D@73 @MeshInstance3D@74 @MeshInstance3D@75 @MeshInstance3D@76 @MeshInstance3D@77 @MeshInstance3D@78 @MeshInstance3D@79 @MeshInstance3D@80 @MeshInstance3D@81 @MeshInstance3D@82 @MeshInstance3D@83 @MeshInstance3D@84 @MeshInstance3D@85 @MeshInstance3D@86 @MeshInstance3D@87 @MeshInstance3D@88 @MeshInstance3D@89 @MeshInstance3D@90 @MeshInstance3D@91 @MeshInstance3D@92 @MeshInstance3D@93 @MeshInstance3D@94 @MeshInstance3D@95 @MeshInstance3D@96 @MeshInstance3D@97 @CanvasLayer@99 @HTTPRequest@113 PiPLayer @Timer@121 @HTTPRequest@123 OpeningAnimTimer 
[VERBATIM] ENTER _deploy_canopy gate=none
[VERBATIM] EXIT _deploy_canopy early=already_deployed_or_no_canopy
[AUDIT] poll_forensic_hud: ENTER
[ARMTEL],11.2833333333335,L,false,0.01666666666667,0.0,6.70921355561596,-1.96333131724947,-4.74588223836649,-0.64004984223453,0.82798419708142,78.6585087138545,1.5994940481364,55.1520253104586,0.0
[DIAG] _physics_process: ENTER, state=3
[DIAG] _physics_process: camera target set to character (state: 3)
[GLIDE],2.56666666666666,0.82798419708142,0.0,0.41399209854071,-0.82798419708142,7.72118257955758,46.6509864715597,34.9864899704638,3.48447326594926,2.21588228413459,265.992492675781,777.473205566406,26.4
[VERBATIM] DIAGNOSIS turning block executed
[DIAG] _turn_input = 0.5
[AUDIT] poll_forensic_hud: ENTER
[ARMTEL],11.3000000000001,L,false,0.01666666666667,0.0,6.62387357665136,-2.24017444782085,-4.38369912883051,-0.7131114943817,0.81609900550839,77.5294153710005,1.5994940481364,53.7806569881212,0.0
[DIAG] _physics_process: ENTER, state=3
[DIAG] _physics_process: camera target set to character (state: 3)
[GLIDE],2.58333333333333,0.81609900550839,0.0,0.4080495027542,-0.81609900550839,7.76824793818677,46.0931836255855,35.7547096975569,3.48586934699684,2.22849658575967,266.068145751953,777.578247070312,26.4
[VERBATIM] DIAGNOSIS turning block executed
[DIAG] _turn_input = 0.5
[DIAG] _poll_controls: ENTER, state=3
[VERBATIM] POLL: _poll_controls() entered, game_state=3
[VERBATIM] POLL: checking deploy state=3 canopy=true
[STEER_TELEM] canopy=true has_pc=false turn=0.0 state=3
[STEER_TELEM] /root/Main children: WorldEnvironment DirectionalLight3D AnimationPlayer HUD @MeshInstance3D@47 @MeshInstance3D@48 @MeshInstance3D@49 @MeshInstance3D@50 @Node3D@51 FlyingPlane @Camera3D@55 @MeshInstance3D@56 @MeshInstance3D@57 @MeshInstance3D@58 @MeshInstance3D@59 @MeshInstance3D@60 @MeshInstance3D@61 @MeshInstance3D@62 @MeshInstance3D@63 @MeshInstance3D@64 @MeshInstance3D@65 @MeshInstance3D@66 @MeshInstance3D@67 @MeshInstance3D@68 @MeshInstance3D@69 @MeshInstance3D@70 @MeshInstance3D@71 @MeshInstance3D@72 @MeshInstance3D@73 @MeshInstance3D@74 @MeshInstance3D@75 @MeshInstance3D@76 @MeshInstance3D@77 @MeshInstance3D@78 @MeshInstance3D@79 @MeshInstance3D@80 @MeshInstance3D@81 @MeshInstance3D@82 @MeshInstance3D@83 @MeshInstance3D@84 @MeshInstance3D@85 @MeshInstance3D@86 @MeshInstance3D@87 @MeshInstance3D@88 @MeshInstance3D@89 @MeshInstance3D@90 @MeshInstance3D@91 @MeshInstance3D@92 @MeshInstance3D@93 @MeshInstance3D@94 @MeshInstance3D@95 @MeshInstance3D@96 @MeshInstance3D@97 @CanvasLayer@99 @HTTPRequest@113 PiPLayer @Timer@121 @HTTPRequest@123 OpeningAnimTimer 
[VERBATIM] ENTER _deploy_canopy gate=none
[VERBATIM] EXIT _deploy_canopy early=already_deployed_or_no_canopy
[AUDIT] poll_forensic_hud: ENTER
[ARMTEL],11.3166666666668,L,false,0.01666666666667,0.0,6.52879204406713,-2.49589023033596,-4.03290181373117,-0.78032652461056,0.80309356343155,76.2938982167664,1.63421627035862,52.2800289862429,0.0
[DIAG] _physics_process: ENTER, state=3
[DIAG] _physics_process: camera target set to character (state: 3)
[GLIDE],2.6,0.80309356343155,0.0,0.40154678171577,-0.80309356343155,7.81974948881107,45.4790718498937,36.5126942283885,3.48778238961353,2.24204053329071,266.145690917969,777.682983398438,26.4
[VERBATIM] DIAGNOSIS turning block executed
[DIAG] _turn_input = 0.5
[AUDIT] poll_forensic_hud: ENTER
[ARMTEL],11.3333333333335,L,false,0.01666666666667,0.0,6.42474850745239,-2.73114283613695,-3.69360567131544,-0.84188661913248,0.78906211977934,74.960910900492,1.63421627035862,50.6610161816898,0.0
[DIAG] _physics_process: ENTER, state=3
[DIAG] _physics_process: camera target set to character (state: 3)
[GLIDE],2.61666666666666,0.78906211977934,0.0,0.39453105988967,-0.78906211977934,7.87531400567381,44.8121382995397,37.2595632000475,3.49029340308764,2.25634727404493,266.225158691406,777.787475585938,26.4
[VERBATIM] DIAGNOSIS turning block executed
[DIAG] _turn_input = 0.5
[DIAG] _poll_controls: ENTER, state=3
[VERBATIM] POLL: _poll_controls() entered, game_state=3
[VERBATIM] POLL: checking deploy state=3 canopy=true
[STEER_TELEM] canopy=true has_pc=false turn=0.0 state=3
[STEER_TELEM] /root/Main children: WorldEnvironment DirectionalLight3D AnimationPlayer HUD @MeshInstance3D@47 @MeshInstance3D@48 @MeshInstance3D@49 @MeshInstance3D@50 @Node3D@51 FlyingPlane @Camera3D@55 @MeshInstance3D@56 @MeshInstance3D@57 @MeshInstance3D@58 @MeshInstance3D@59 @MeshInstance3D@60 @MeshInstance3D@61 @MeshInstance3D@62 @MeshInstance3D@63 @MeshInstance3D@64 @MeshInstance3D@65 @MeshInstance3D@66 @MeshInstance3D@67 @MeshInstance3D@68 @MeshInstance3D@69 @MeshInstance3D@70 @MeshInstance3D@71 @MeshInstance3D@72 @MeshInstance3D@73 @MeshInstance3D@74 @MeshInstance3D@75 @MeshInstance3D@76 @MeshInstance3D@77 @MeshInstance3D@78 @MeshInstance3D@79 @MeshInstance3D@80 @MeshInstance3D@81 @MeshInstance3D@82 @MeshInstance3D@83 @MeshInstance3D@84 @MeshInstance3D@85 @MeshInstance3D@86 @MeshInstance3D@87 @MeshInstance3D@88 @MeshInstance3D@89 @MeshInstance3D@90 @MeshInstance3D@91 @MeshInstance3D@92 @MeshInstance3D@93 @MeshInstance3D@94 @MeshInstance3D@95 @MeshInstance3D@96 @MeshInstance3D@97 @CanvasLayer@99 @HTTPRequest@113 PiPLayer @Timer@121 @HTTPRequest@123 OpeningAnimTimer 
[VERBATIM] ENTER _deploy_canopy gate=none
[VERBATIM] EXIT _deploy_canopy early=already_deployed_or_no_canopy
[AUDIT] poll_forensic_hud: ENTER
[ARMTEL],11.3500000000001,L,false,0.01666666666667,0.0,6.31249695823473,-2.94660316696368,-3.36589379127105,-0.897984848987,0.77409570562956,73.5391013756659,1.66754960369195,48.9341221608503,0.0
[DIAG] _physics_process: ENTER, state=3
[DIAG] _physics_process: camera target set to character (state: 3)
[GLIDE],2.63333333333333,0.77409570562956,0.0,0.38704785281478,-0.77409570562956,7.93458100570695,44.0957600463013,37.9944925341525,3.493477535792,2.27125576861856,266.306579589844,777.891662597656,26.4
[VERBATIM] DIAGNOSIS turning block executed
[DIAG] _turn_input = 0.5
[AUDIT] poll_forensic_hud: ENTER
[ARMTEL],11.3666666666668,L,false,0.01666666666667,0.0,6.19276564503646,-3.14294697145449,-3.04981867358197,-0.94881516021336,0.758282119626,72.0368105145087,1.66754960369195,47.1094775369431,0.0
[DIAG] _physics_process: ENTER, state=3
[DIAG] _physics_process: camera target set to character (state: 3)
[GLIDE],2.65,0.758282119626,0.0,0.379141059813,-0.758282119626,7.99720280628103,43.3332187838262,38.7167128472163,3.49740248501687,2.28661209012736,266.389953613281,777.995666503906,26.4
[VERBATIM] DIAGNOSIS turning block executed
[DIAG] _turn_input = 0.5
[DIAG] _poll_controls: ENTER, state=3
[VERBATIM] POLL: _poll_controls() entered, game_state=3
[VERBATIM] POLL: checking deploy state=3 canopy=true
[STEER_TELEM] canopy=true has_pc=false turn=0.0 state=3
[STEER_TELEM] /root/Main children: WorldEnvironment DirectionalLight3D AnimationPlayer HUD @MeshInstance3D@47 @MeshInstance3D@48 @MeshInstance3D@49 @MeshInstance3D@50 @Node3D@51 FlyingPlane @Camera3D@55 @MeshInstance3D@56 @MeshInstance3D@57 @MeshInstance3D@58 @MeshInstance3D@59 @MeshInstance3D@60 @MeshInstance3D@61 @MeshInstance3D@62 @MeshInstance3D@63 @MeshInstance3D@64 @MeshInstance3D@65 @MeshInstance3D@66 @MeshInstance3D@67 @MeshInstance3D@68 @MeshInstance3D@69 @MeshInstance3D@70 @MeshInstance3D@71 @MeshInstance3D@72 @MeshInstance3D@73 @MeshInstance3D@74 @MeshInstance3D@75 @MeshInstance3D@76 @MeshInstance3D@77 @MeshInstance3D@78 @MeshInstance3D@79 @MeshInstance3D@80 @MeshInstance3D@81 @MeshInstance3D@82 @MeshInstance3D@83 @MeshInstance3D@84 @MeshInstance3D@85 @MeshInstance3D@86 @MeshInstance3D@87 @MeshInstance3D@88 @MeshInstance3D@89 @MeshInstance3D@90 @MeshInstance3D@91 @MeshInstance3D@92 @MeshInstance3D@93 @MeshInstance3D@94 @MeshInstance3D@95 @MeshInstance3D@96 @MeshInstance3D@97 @CanvasLayer@99 @HTTPRequest@113 PiPLayer @Timer@121 @HTTPRequest@123 OpeningAnimTimer 
[VERBATIM] ENTER _deploy_canopy gate=none
[VERBATIM] EXIT _deploy_canopy early=already_deployed_or_no_canopy
[AUDIT] poll_forensic_hud: ENTER
[ARMTEL],11.3833333333335,L,false,0.01666666666667,0.0,6.06625695700801,-3.32085306074677,-2.74540389626124,-0.99457189181772,0.74170592142904,70.4620714857757,1.7013400481364,45.1968391943112,0.0
[DIAG] _physics_process: ENTER, state=3
[DIAG] _physics_process: camera target set to character (state: 3)
[GLIDE],2.66666666666666,0.74170592142904,0.0,0.37085296071452,-0.74170592142904,8.062844551141,42.5277130046562,39.4255080639606,3.50212729380468,2.302270555786,266.475280761719,778.099487304688,26.4
[VERBATIM] DIAGNOSIS turning block executed
[DIAG] _turn_input = 0.5
[AUDIT] poll_forensic_hud: ENTER
[ARMTEL],11.4000000000001,L,false,0.01666666666667,0.0,5.93364737143232,-3.48100162136201,-2.4526457500703,-1.03544932098556,0.72444843274595,68.8226098526392,1.7013400481364,43.2055904073084,0.0
[DIAG] _physics_process: ENTER, state=3
[DIAG] _physics_process: camera target set to character (state: 3)
[GLIDE],2.68333333333333,0.72444843274595,0.0,0.36222421637297,-0.72444843274595,8.13118420632605,41.6823678724406,40.1202141951679,3.50770149947141,2.31809468609326,266.562622070312,778.203125,26.4
[VERBATIM] DIAGNOSIS turning block executed
[DIAG] _turn_input = 0.5
[DIAG] _poll_controls: ENTER, state=3
[VERBATIM] POLL: _poll_controls() entered, game_state=3
[VERBATIM] POLL: checking deploy state=3 canopy=true
[STEER_TELEM] canopy=true has_pc=false turn=0.0 state=3
[STEER_TELEM] /root/Main children: WorldEnvironment DirectionalLight3D AnimationPlayer HUD @MeshInstance3D@47 @MeshInstance3D@48 @MeshInstance3D@49 @MeshInstance3D@50 @Node3D@51 FlyingPlane @Camera3D@55 @MeshInstance3D@56 @MeshInstance3D@57 @MeshInstance3D@58 @MeshInstance3D@59 @MeshInstance3D@60 @MeshInstance3D@61 @MeshInstance3D@62 @MeshInstance3D@63 @MeshInstance3D@64 @MeshInstance3D@65 @MeshInstance3D@66 @MeshInstance3D@67 @MeshInstance3D@68 @MeshInstance3D@69 @MeshInstance3D@70 @MeshInstance3D@71 @MeshInstance3D@72 @MeshInstance3D@73 @MeshInstance3D@74 @MeshInstance3D@75 @MeshInstance3D@76 @MeshInstance3D@77 @MeshInstance3D@78 @MeshInstance3D@79 @MeshInstance3D@80 @MeshInstance3D@81 @MeshInstance3D@82 @MeshInstance3D@83 @MeshInstance3D@84 @MeshInstance3D@85 @MeshInstance3D@86 @MeshInstance3D@87 @MeshInstance3D@88 @MeshInstance3D@89 @MeshInstance3D@90 @MeshInstance3D@91 @MeshInstance3D@92 @MeshInstance3D@93 @MeshInstance3D@94 @MeshInstance3D@95 @MeshInstance3D@96 @MeshInstance3D@97 @CanvasLayer@99 @HTTPRequest@113 PiPLayer @Timer@121 @HTTPRequest@123 OpeningAnimTimer 
[VERBATIM] ENTER _deploy_canopy gate=none
[VERBATIM] EXIT _deploy_canopy early=already_deployed_or_no_canopy
[AUDIT] poll_forensic_hud: ENTER
[ARMTEL],11.4166666666668,L,false,0.01666666666667,0.0,5.79558746196758,-3.62407262344945,-2.17151483851813,-1.07164123496086,0.7065877454966,67.1258443484298,1.73467338146973,41.1447417824941,0.0
[DIAG] _physics_process: ENTER, state=3
[DIAG] _physics_process: camera target set to character (state: 3)
[GLIDE],2.7,0.7065877454966,0.0,0.3532938727483,-0.7065877454966,8.20191252783347,40.8002430078793,40.8002182452992,3.51416459711664,2.33395798664727,266.651947021484,778.306579589844,26.4
[VERBATIM] DIAGNOSIS turning block executed
[DIAG] _turn_input = 0.5
[AUDIT] poll_forensic_hud: ENTER
[ARMTEL],11.4333333333335,L,false,0.01666666666667,0.0,5.6527019639728,-3.75074432236301,-1.90195764160979,-1.10334052898769,0.68819873668014,65.3788882889695,1.73467338146973,39.0229329740181,0.0
[DIAG] _physics_process: ENTER, state=3
[DIAG] _physics_process: camera target set to character (state: 3)
[GLIDE],2.71666666666666,0.68819873668014,0.0,0.34409936834007,-0.68819873668014,8.27473300274665,39.8843384007141,41.4649572186445,3.52154578102955,2.34974454892007,266.743255615234,778.409912109375,26.4
[VERBATIM] DIAGNOSIS turning block executed
[DIAG] _turn_input = 0.5
[DIAG] _poll_controls: ENTER, state=3
[VERBATIM] POLL: _poll_controls() entered, game_state=3
[VERBATIM] POLL: checking deploy state=3 canopy=true
[STEER_TELEM] canopy=true has_pc=false turn=0.0 state=3
[STEER_TELEM] /root/Main children: WorldEnvironment DirectionalLight3D AnimationPlayer HUD @MeshInstance3D@47 @MeshInstance3D@48 @MeshInstance3D@49 @MeshInstance3D@50 @Node3D@51 FlyingPlane @Camera3D@55 @MeshInstance3D@56 @MeshInstance3D@57 @MeshInstance3D@58 @MeshInstance3D@59 @MeshInstance3D@60 @MeshInstance3D@61 @MeshInstance3D@62 @MeshInstance3D@63 @MeshInstance3D@64 @MeshInstance3D@65 @MeshInstance3D@66 @MeshInstance3D@67 @MeshInstance3D@68 @MeshInstance3D@69 @MeshInstance3D@70 @MeshInstance3D@71 @MeshInstance3D@72 @MeshInstance3D@73 @MeshInstance3D@74 @MeshInstance3D@75 @MeshInstance3D@76 @MeshInstance3D@77 @MeshInstance3D@78 @MeshInstance3D@79 @MeshInstance3D@80 @MeshInstance3D@81 @MeshInstance3D@82 @MeshInstance3D@83 @MeshInstance3D@84 @MeshInstance3D@85 @MeshInstance3D@86 @MeshInstance3D@87 @MeshInstance3D@88 @MeshInstance3D@89 @MeshInstance3D@90 @MeshInstance3D@91 @MeshInstance3D@92 @MeshInstance3D@93 @MeshInstance3D@94 @MeshInstance3D@95 @MeshInstance3D@96 @MeshInstance3D@97 @CanvasLayer@99 @HTTPRequest@113 PiPLayer @Timer@121 @HTTPRequest@123 OpeningAnimTimer 
[VERBATIM] ENTER _deploy_canopy gate=none
[VERBATIM] EXIT _deploy_canopy early=already_deployed_or_no_canopy
[AUDIT] poll_forensic_hud: ENTER
[ARMTEL],11.4500000000001,L,false,0.01666666666667,0.0,5.5055898934411,-3.86169185145691,-1.64389804198419,-1.13073882968743,0.66935308951868,63.5885515812244,1.76939560369195,36.8484351232793,0.0
[DIAG] _physics_process: ENTER, state=3
[DIAG] _physics_process: camera target set to character (state: 3)
[GLIDE],2.73333333333333,0.66935308951868,0.0,0.33467654475934,-0.66935308951868,8.34936176550602,38.9375986526461,42.1139171961886,3.52986392733035,2.36534946881669,266.836578369141,778.513122558594,26.4
[VERBATIM] DIAGNOSIS turning block executed
[DIAG] _turn_input = 0.5
[AUDIT] poll_forensic_hud: ENTER
[ARMTEL],11.4666666666668,L,false,0.01666666666667,0.0,5.35482471614945,-3.95758590390599,-1.39723881224346,-1.15402614322482,0.65011932046493,61.7613432890284,1.76939560369195,34.6291539751892,0.0
[DIAG] _physics_process: ENTER, state=3
[DIAG] _physics_process: camera target set to character (state: 3)
[GLIDE],2.75,0.65011932046493,0.0,0.32505966023247,-0.65011932046493,8.42552749095886,37.9629157475965,42.7466324586485,3.53912778229394,2.38067908514389,266.931884765625,778.616271972656,26.4
[VERBATIM] DIAGNOSIS turning block executed
[DIAG] _turn_input = 0.5
[DIAG] _poll_controls: ENTER, state=3
[VERBATIM] POLL: _poll_controls() entered, game_state=3
[VERBATIM] POLL: checking deploy state=3 canopy=true
[STEER_TELEM] canopy=true has_pc=false turn=0.0 state=3
[STEER_TELEM] /root/Main children: WorldEnvironment DirectionalLight3D AnimationPlayer HUD @MeshInstance3D@47 @MeshInstance3D@48 @MeshInstance3D@49 @MeshInstance3D@50 @Node3D@51 FlyingPlane @Camera3D@55 @MeshInstance3D@56 @MeshInstance3D@57 @MeshInstance3D@58 @MeshInstance3D@59 @MeshInstance3D@60 @MeshInstance3D@61 @MeshInstance3D@62 @MeshInstance3D@63 @MeshInstance3D@64 @MeshInstance3D@65 @MeshInstance3D@66 @MeshInstance3D@67 @MeshInstance3D@68 @MeshInstance3D@69 @MeshInstance3D@70 @MeshInstance3D@71 @MeshInstance3D@72 @MeshInstance3D@73 @MeshInstance3D@74 @MeshInstance3D@75 @MeshInstance3D@76 @MeshInstance3D@77 @MeshInstance3D@78 @MeshInstance3D@79 @MeshInstance3D@80 @MeshInstance3D@81 @MeshInstance3D@82 @MeshInstance3D@83 @MeshInstance3D@84 @MeshInstance3D@85 @MeshInstance3D@86 @MeshInstance3D@87 @MeshInstance3D@88 @MeshInstance3D@89 @MeshInstance3D@90 @MeshInstance3D@91 @MeshInstance3D@92 @MeshInstance3D@93 @MeshInstance3D@94 @MeshInstance3D@95 @MeshInstance3D@96 @MeshInstance3D@97 @CanvasLayer@99 @HTTPRequest@113 PiPLayer @Timer@121 @HTTPRequest@123 OpeningAnimTimer 
[VERBATIM] ENTER _deploy_canopy gate=none
[VERBATIM] EXIT _deploy_canopy early=already_deployed_or_no_canopy
[AUDIT] poll_forensic_hud: ENTER
[ARMTEL],11.4833333333335,L,false,0.01666666666667,0.0,5.20095456371947,-4.03909150128686,-1.16186306243261,-1.17339052759869,0.63056281167162,59.9034747176794,1.8034130481364,32.3726336246446,0.0
[DIAG] _physics_process: ENTER, state=3
[DIAG] _physics_process: camera target set to character (state: 3)
[GLIDE],2.76666666666666,0.63056281167162,0.0,0.31528140583581,-0.63056281167162,8.50297126578037,36.9631305364432,43.3626846342559,3.54933632244708,2.39565104383177,267.029174804688,778.719299316406,26.4
[VERBATIM] DIAGNOSIS turning block executed
[DIAG] _turn_input = 0.5
[AUDIT] poll_forensic_hud: ENTER
[ARMTEL],11.5000000000002,L,false,0.01666666666667,0.0,5.04450249337298,-4.10686684659543,-0.93763564677755,-1.18901778837832,0.61074584853198,58.0208629802864,1.8034130481364,30.0860608481233,0.0
[DIAG] _physics_process: ENTER, state=3
[DIAG] _physics_process: camera target set to character (state: 3)
[GLIDE],2.78333333333333,0.61074584853198,0.0,0.30537292426599,-0.61074584853198,8.58144643981334,35.9410331134263,43.961701852813,3.56047925458412,2.41019419752685,267.128448486328,778.822265625,26.4
[VERBATIM] DIAGNOSIS turning block executed
[DIAG] _turn_input = 0.5
[DIAG] _poll_controls: ENTER, state=3
[VERBATIM] POLL: _poll_controls() entered, game_state=3
[VERBATIM] POLL: checking deploy state=3 canopy=true
[STEER_TELEM] canopy=true has_pc=false turn=0.0 state=3
[STEER_TELEM] /root/Main children: WorldEnvironment DirectionalLight3D AnimationPlayer HUD @MeshInstance3D@47 @MeshInstance3D@48 @MeshInstance3D@49 @MeshInstance3D@50 @Node3D@51 FlyingPlane @Camera3D@55 @MeshInstance3D@56 @MeshInstance3D@57 @MeshInstance3D@58 @MeshInstance3D@59 @MeshInstance3D@60 @MeshInstance3D@61 @MeshInstance3D@62 @MeshInstance3D@63 @MeshInstance3D@64 @MeshInstance3D@65 @MeshInstance3D@66 @MeshInstance3D@67 @MeshInstance3D@68 @MeshInstance3D@69 @MeshInstance3D@70 @MeshInstance3D@71 @MeshInstance3D@72 @MeshInstance3D@73 @MeshInstance3D@74 @MeshInstance3D@75 @MeshInstance3D@76 @MeshInstance3D@77 @MeshInstance3D@78 @MeshInstance3D@79 @MeshInstance3D@80 @MeshInstance3D@81 @MeshInstance3D@82 @MeshInstance3D@83 @MeshInstance3D@84 @MeshInstance3D@85 @MeshInstance3D@86 @MeshInstance3D@87 @MeshInstance3D@88 @MeshInstance3D@89 @MeshInstance3D@90 @MeshInstance3D@91 @MeshInstance3D@92 @MeshInstance3D@93 @MeshInstance3D@94 @MeshInstance3D@95 @MeshInstance3D@96 @MeshInstance3D@97 @CanvasLayer@99 @HTTPRequest@113 PiPLayer @Timer@121 @HTTPRequest@123 OpeningAnimTimer 
[VERBATIM] ENTER _deploy_canopy gate=none
[VERBATIM] EXIT _deploy_canopy early=already_deployed_or_no_canopy
[AUDIT] poll_forensic_hud: ENTER
[ARMTEL],11.5166666666668,L,false,0.01666666666667,0.0,4.88596678825587,-4.16156225932412,-0.72440452893175,-1.20109119719385,0.59072766191209,56.1191350098406,1.83674638146973,27.7762699766439,0.0
[DIAG] _physics_process: ENTER, state=3
[DIAG] _physics_process: camera target set to character (state: 3)
[GLIDE],2.79999999999999,0.59072766191209,0.0,0.29536383095604,-0.59072766191209,8.66071845882814,34.8993622509954,44.5433578903296,3.57253762619793,2.42424835369622,267.229705810547,778.925170898438,26.4
[VERBATIM] DIAGNOSIS turning block executed
[DIAG] _turn_input = 0.5
[AUDIT] poll_forensic_hud: ENTER
[ARMTEL],11.5333333333335,L,false,0.01666666666667,0.0,4.72582129529669,-4.20381919017847,-0.52200210511822,-1.20979123227915,0.57056447470743,54.2036319820935,1.83674638146973,25.4497482676823,0.0
[DIAG] _physics_process: ENTER, state=3
[DIAG] _physics_process: camera target set to character (state: 3)
[GLIDE],2.81666666666666,0.57056447470743,0.0,0.28528223735372,-0.57056447470743,8.74056468015856,33.8408040491082,45.107371291148,3.58548451937231,2.43776388740028,267.332916259766,779.028015136719,26.4
[VERBATIM] DIAGNOSIS turning block executed
[DIAG] _turn_input = 0.5
[AUDIT] poll_forensic_hud: ENTER
[ARMTEL],11.5500000000002,L,false,0.01666666666667,0.0,4.56451579765947,-4.23426931297703,-0.33024648468244,-1.21529534035719,0.55030955236815,52.2794141154492,1.83674638146973,23.1126417350004,0.0
[DIAG] _physics_process: ENTER, state=3
[DIAG] _physics_process: camera target set to character (state: 3)
[GLIDE],2.83333333333333,0.55030955236815,0.0,0.27515477618407,-0.55030955236815,8.82077417262214,32.767989944021,45.6535044568817,3.59928580384262,2.45070123723018,267.438049316406,779.130798339844,26.4
[VERBATIM] DIAGNOSIS turning block executed
[DIAG] _turn_input = 0.5
[DIAG] _poll_controls: ENTER, state=3
[VERBATIM] POLL: _poll_controls() entered, game_state=3
[VERBATIM] POLL: checking deploy state=3 canopy=true
[STEER_TELEM] canopy=true has_pc=false turn=0.0 state=3
[STEER_TELEM] /root/Main children: WorldEnvironment DirectionalLight3D AnimationPlayer HUD @MeshInstance3D@47 @MeshInstance3D@48 @MeshInstance3D@49 @MeshInstance3D@50 @Node3D@51 FlyingPlane @Camera3D@55 @MeshInstance3D@56 @MeshInstance3D@57 @MeshInstance3D@58 @MeshInstance3D@59 @MeshInstance3D@60 @MeshInstance3D@61 @MeshInstance3D@62 @MeshInstance3D@63 @MeshInstance3D@64 @MeshInstance3D@65 @MeshInstance3D@66 @MeshInstance3D@67 @MeshInstance3D@68 @MeshInstance3D@69 @MeshInstance3D@70 @MeshInstance3D@71 @MeshInstance3D@72 @MeshInstance3D@73 @MeshInstance3D@74 @MeshInstance3D@75 @MeshInstance3D@76 @MeshInstance3D@77 @MeshInstance3D@78 @MeshInstance3D@79 @MeshInstance3D@80 @MeshInstance3D@81 @MeshInstance3D@82 @MeshInstance3D@83 @MeshInstance3D@84 @MeshInstance3D@85 @MeshInstance3D@86 @MeshInstance3D@87 @MeshInstance3D@88 @MeshInstance3D@89 @MeshInstance3D@90 @MeshInstance3D@91 @MeshInstance3D@92 @MeshInstance3D@93 @MeshInstance3D@94 @MeshInstance3D@95 @MeshInstance3D@96 @MeshInstance3D@97 @CanvasLayer@99 @HTTPRequest@113 PiPLayer @Timer@121 @HTTPRequest@123 OpeningAnimTimer 
[VERBATIM] ENTER _deploy_canopy gate=none
[VERBATIM] EXIT _deploy_canopy early=already_deployed_or_no_canopy
[AUDIT] poll_forensic_hud: ENTER
[ARMTEL],11.5666666666668,L,false,0.01666666666667,0.0,4.40247641894518,-4.25353369125017,-0.148942727695,-1.21777771915211,0.53001325704895,50.3512658152137,1.8767340481364,20.7707613967212,0.0
[DIAG] _physics_process: ENTER, state=3
[DIAG] _physics_process: camera target set to character (state: 3)
[GLIDE],2.84999999999999,0.53001325704895,0.0,0.26500662852447,-0.53001325704895,8.90114750208618,31.6834942105668,46.1815626937245,3.61390092763104,2.4630303044641,267.545104980469,779.233520507812,26.4
[VERBATIM] DIAGNOSIS turning block executed
[DIAG] _turn_input = 0.5
[AUDIT] poll_forensic_hud: ENTER
[ARMTEL],11.5833333333335,L,false,0.01666666666667,0.0,4.24010605639156,-4.26222201703238,0.02211596064082,-1.2174091198081,0.50972310505214,48.4237011306803,1.8767340481364,18.4295899033673,0.0
[DIAG] _physics_process: ENTER, state=3
[DIAG] _physics_process: camera target set to character (state: 3)
[GLIDE],2.86666666666666,0.50972310505214,0.0,0.25486155252607,-0.50972310505214,8.98149650399351,30.5898310808877,46.6913932117393,3.62928372633851,2.47472977624009,267.654022216797,779.336181640625,26.4
[VERBATIM] DIAGNOSIS turning block executed
[DIAG] _turn_input = 0.5
[DIAG] _poll_controls: ENTER, state=3
[VERBATIM] POLL: _poll_controls() entered, game_state=3
[VERBATIM] POLL: checking deploy state=3 canopy=true
[STEER_TELEM] canopy=true has_pc=false turn=0.0 state=3
[STEER_TELEM] /root/Main children: WorldEnvironment DirectionalLight3D AnimationPlayer HUD @MeshInstance3D@47 @MeshInstance3D@48 @MeshInstance3D@49 @MeshInstance3D@50 @Node3D@51 FlyingPlane @Camera3D@55 @MeshInstance3D@56 @MeshInstance3D@57 @MeshInstance3D@58 @MeshInstance3D@59 @MeshInstance3D@60 @MeshInstance3D@61 @MeshInstance3D@62 @MeshInstance3D@63 @MeshInstance3D@64 @MeshInstance3D@65 @MeshInstance3D@66 @MeshInstance3D@67 @MeshInstance3D@68 @MeshInstance3D@69 @MeshInstance3D@70 @MeshInstance3D@71 @MeshInstance3D@72 @MeshInstance3D@73 @MeshInstance3D@74 @MeshInstance3D@75 @MeshInstance3D@76 @MeshInstance3D@77 @MeshInstance3D@78 @MeshInstance3D@79 @MeshInstance3D@80 @MeshInstance3D@81 @MeshInstance3D@82 @MeshInstance3D@83 @MeshInstance3D@84 @MeshInstance3D@85 @MeshInstance3D@86 @MeshInstance3D@87 @MeshInstance3D@88 @MeshInstance3D@89 @MeshInstance3D@90 @MeshInstance3D@91 @MeshInstance3D@92 @MeshInstance3D@93 @MeshInstance3D@94 @MeshInstance3D@95 @MeshInstance3D@96 @MeshInstance3D@97 @CanvasLayer@99 @HTTPRequest@113 PiPLayer @Timer@121 @HTTPRequest@123 OpeningAnimTimer 
[VERBATIM] ENTER _deploy_canopy gate=none
[VERBATIM] EXIT _deploy_canopy early=already_deployed_or_no_canopy
[AUDIT] poll_forensic_hud: ENTER
[ARMTEL],11.6000000000002,L,false,0.01666666666667,0.0,4.07778484041715,-4.26093191932833,0.18314707891118,-1.21435666849291,0.48948382724393,46.5009694946766,1.91006738146973,16.0942885089701,0.0
[DIAG] _physics_process: ENTER, state=3
[DIAG] _physics_process: camera target set to character (state: 3)
[GLIDE],2.88333333333333,0.48948382724393,0.0,0.24474191362196,-0.48948382724393,9.06164404411404,29.4894515916874,47.1828840716008,3.64538323477732,2.48578639350317,267.764801025391,779.438842773438,26.4
[VERBATIM] DIAGNOSIS turning block executed
[DIAG] _turn_input = 0.5
[AUDIT] poll_forensic_hud: ENTER
[ARMTEL],11.6166666666668,L,false,0.01666666666667,0.0,3.91587061795143,-4.25024833972518,0.33437772177375,-1.20878370646335,0.46933743213621,44.5870617163404,1.91006738146973,13.7697043497445,0.0
[DIAG] _physics_process: ENTER, state=3
[DIAG] _physics_process: camera target set to character (state: 3)
[GLIDE],2.89999999999999,0.46933743213621,0.0,0.2346687160681,-0.46933743213621,9.14142376874062,28.3847402613693,47.6559630759569,3.66214448711686,2.49619418373563,267.877410888672,779.541442871094,26.4
[VERBATIM] DIAGNOSIS turning block executed
[DIAG] _turn_input = 0.5
[DIAG] _poll_controls: ENTER, state=3
[VERBATIM] POLL: _poll_controls() entered, game_state=3
[VERBATIM] POLL: checking deploy state=3 canopy=true
[STEER_TELEM] canopy=true has_pc=false turn=0.0 state=3
[STEER_TELEM] /root/Main children: WorldEnvironment DirectionalLight3D AnimationPlayer HUD @MeshInstance3D@47 @MeshInstance3D@48 @MeshInstance3D@49 @MeshInstance3D@50 @Node3D@51 FlyingPlane @Camera3D@55 @MeshInstance3D@56 @MeshInstance3D@57 @MeshInstance3D@58 @MeshInstance3D@59 @MeshInstance3D@60 @MeshInstance3D@61 @MeshInstance3D@62 @MeshInstance3D@63 @MeshInstance3D@64 @MeshInstance3D@65 @MeshInstance3D@66 @MeshInstance3D@67 @MeshInstance3D@68 @MeshInstance3D@69 @MeshInstance3D@70 @MeshInstance3D@71 @MeshInstance3D@72 @MeshInstance3D@73 @MeshInstance3D@74 @MeshInstance3D@75 @MeshInstance3D@76 @MeshInstance3D@77 @MeshInstance3D@78 @MeshInstance3D@79 @MeshInstance3D@80 @MeshInstance3D@81 @MeshInstance3D@82 @MeshInstance3D@83 @MeshInstance3D@84 @MeshInstance3D@85 @MeshInstance3D@86 @MeshInstance3D@87 @MeshInstance3D@88 @MeshInstance3D@89 @MeshInstance3D@90 @MeshInstance3D@91 @MeshInstance3D@92 @MeshInstance3D@93 @MeshInstance3D@94 @MeshInstance3D@95 @MeshInstance3D@96 @MeshInstance3D@97 @CanvasLayer@99 @HTTPRequest@113 PiPLayer @Timer@121 @HTTPRequest@123 OpeningAnimTimer 
[VERBATIM] ENTER _deploy_canopy gate=none
[VERBATIM] EXIT _deploy_canopy early=already_deployed_or_no_canopy
[AUDIT] poll_forensic_hud: ENTER
[ARMTEL],11.6333333333335,L,false,0.01666666666667,0.0,3.75469945708965,-4.23074297262171,0.47604351553206,-1.20084964787115,0.44932327133835,42.6857161990376,1.94340071480306,11.4603779962151,0.0
[DIAG] _physics_process: ENTER, state=3
[DIAG] _physics_process: camera target set to character (state: 3)
[GLIDE],2.91666666666666,0.44932327133835,0.0,0.22466163566918,-0.44932327133835,9.22067984550012,27.2780116880036,48.1105966040903,3.67950929405803,2.50595367713581,267.991821289062,779.64404296875,26.4
[VERBATIM] DIAGNOSIS turning block executed
[DIAG] _turn_input = 0.5
[AUDIT] poll_forensic_hud: ENTER
[ARMTEL],11.6500000000002,L,false,0.01666666666667,0.0,3.59458617070683,-4.20297376754901,0.60838759684218,-1.19070985459044,0.42947810709518,40.8004253564684,1.94340071480306,9.17055124605725,0.0
[DIAG] _physics_process: ENTER, state=3
[DIAG] _physics_process: camera target set to character (state: 3)
[GLIDE],2.93333333333333,0.42947810709518,0.0,0.21473905354759,-0.42947810709518,9.29926669590309,26.1715071489867,48.5467883899068,3.69741698772852,2.51507112310208,268.107971191406,779.746643066406,26.4
[VERBATIM] DIAGNOSIS turning block executed
[DIAG] _turn_input = 0.5
[DIAG] _poll_controls: ENTER, state=3
[VERBATIM] POLL: _poll_controls() entered, game_state=3
[VERBATIM] POLL: checking deploy state=3 canopy=true
[STEER_TELEM] canopy=true has_pc=false turn=0.0 state=3
[STEER_TELEM] /root/Main children: WorldEnvironment DirectionalLight3D AnimationPlayer HUD @MeshInstance3D@47 @MeshInstance3D@48 @MeshInstance3D@49 @MeshInstance3D@50 @Node3D@51 FlyingPlane @Camera3D@55 @MeshInstance3D@56 @MeshInstance3D@57 @MeshInstance3D@58 @MeshInstance3D@59 @MeshInstance3D@60 @MeshInstance3D@61 @MeshInstance3D@62 @MeshInstance3D@63 @MeshInstance3D@64 @MeshInstance3D@65 @MeshInstance3D@66 @MeshInstance3D@67 @MeshInstance3D@68 @MeshInstance3D@69 @MeshInstance3D@70 @MeshInstance3D@71 @MeshInstance3D@72 @MeshInstance3D@73 @MeshInstance3D@74 @MeshInstance3D@75 @MeshInstance3D@76 @MeshInstance3D@77 @MeshInstance3D@78 @MeshInstance3D@79 @MeshInstance3D@80 @MeshInstance3D@81 @MeshInstance3D@82 @MeshInstance3D@83 @MeshInstance3D@84 @MeshInstance3D@85 @MeshInstance3D@86 @MeshInstance3D@87 @MeshInstance3D@88 @MeshInstance3D@89 @MeshInstance3D@90 @MeshInstance3D@91 @MeshInstance3D@92 @MeshInstance3D@93 @MeshInstance3D@94 @MeshInstance3D@95 @MeshInstance3D@96 @MeshInstance3D@97 @CanvasLayer@99 @HTTPRequest@113 PiPLayer @Timer@121 @HTTPRequest@123 OpeningAnimTimer 
[VERBATIM] ENTER _deploy_canopy gate=none
[VERBATIM] EXIT _deploy_canopy early=already_deployed_or_no_canopy
[AUDIT] poll_forensic_hud: ENTER
[ARMTEL],11.6666666666668,L,false,0.01666666666667,0.0,3.43582485676144,-4.16748449106655,0.73165963430511,-1.17851552735202,0.40983618163931,38.9344422011459,1.9767340481364,6.90417512629697,0.0
[DIAG] _physics_process: ENTER, state=3
[DIAG] _physics_process: camera target set to character (state: 3)
[GLIDE],2.94999999999999,0.40983618163931,0.0,0.20491809081966,-0.40983618163931,9.37704872070832,25.0673912735617,48.9645782444661,3.71580512698436,2.52355772174696,268.225860595703,779.849243164062,26.4
[VERBATIM] DIAGNOSIS turning block executed
[DIAG] _turn_input = 0.5
[AUDIT] poll_forensic_hud: ENTER
[ARMTEL],11.6833333333335,L,false,0.01666666666667,0.0,3.2786894531145,-4.12480434573208,0.84611489261758,-1.16441361247506,0.39042928809806,37.0907870805479,1.9767340481364,4.66491807487162,0.0
[DIAG] _physics_process: ENTER, state=3
[DIAG] _physics_process: camera target set to character (state: 3)
[GLIDE],2.96666666666666,0.39042928809806,0.0,0.19521464404903,-0.39042928809806,9.45390001913168,23.9677488501134,49.3640407253013,3.73461015760598,2.53142888284542,268.345428466797,779.951843261719,26.4
[VERBATIM] DIAGNOSIS turning block executed
[DIAG] _turn_input = 0.5
[DIAG] _poll_controls: ENTER, state=3
[VERBATIM] POLL: _poll_controls() entered, game_state=3
[VERBATIM] POLL: checking deploy state=3 canopy=true
[STEER_TELEM] canopy=true has_pc=false turn=0.0 state=3
[STEER_TELEM] /root/Main children: WorldEnvironment DirectionalLight3D AnimationPlayer HUD @MeshInstance3D@47 @MeshInstance3D@48 @MeshInstance3D@49 @MeshInstance3D@50 @Node3D@51 FlyingPlane @Camera3D@55 @MeshInstance3D@56 @MeshInstance3D@57 @MeshInstance3D@58 @MeshInstance3D@59 @MeshInstance3D@60 @MeshInstance3D@61 @MeshInstance3D@62 @MeshInstance3D@63 @MeshInstance3D@64 @MeshInstance3D@65 @MeshInstance3D@66 @MeshInstance3D@67 @MeshInstance3D@68 @MeshInstance3D@69 @MeshInstance3D@70 @MeshInstance3D@71 @MeshInstance3D@72 @MeshInstance3D@73 @MeshInstance3D@74 @MeshInstance3D@75 @MeshInstance3D@76 @MeshInstance3D@77 @MeshInstance3D@78 @MeshInstance3D@79 @MeshInstance3D@80 @MeshInstance3D@81 @MeshInstance3D@82 @MeshInstance3D@83 @MeshInstance3D@84 @MeshInstance3D@85 @MeshInstance3D@86 @MeshInstance3D@87 @MeshInstance3D@88 @MeshInstance3D@89 @MeshInstance3D@90 @MeshInstance3D@91 @MeshInstance3D@92 @MeshInstance3D@93 @MeshInstance3D@94 @MeshInstance3D@95 @MeshInstance3D@96 @MeshInstance3D@97 @CanvasLayer@99 @HTTPRequest@113 PiPLayer @Timer@121 @HTTPRequest@123 OpeningAnimTimer 
[VERBATIM] ENTER _deploy_canopy gate=none
[VERBATIM] EXIT _deploy_canopy early=already_deployed_or_no_canopy
[AUDIT] poll_forensic_hud: ENTER
[ARMTEL],11.7000000000002,L,false,0.01666666666667,0.0,3.12343430478449,-4.07544764366273,0.95201333887823,-1.14854672349376,0.3712868427065,35.2722545373614,2.0112890481364,2.45617427290927,0.0
[DIAG] _physics_process: ENTER, state=3
[DIAG] _physics_process: camera target set to character (state: 3)
[GLIDE],2.98333333333333,0.3712868427065,0.0,0.18564342135325,-0.3712868427065,9.52970410288226,22.8745818213628,49.7452837556574,3.75376802348458,2.53870352223736,268.466644287109,780.054504394531,26.4
[VERBATIM] DIAGNOSIS turning block executed
[DIAG] _turn_input = 0.5
[AUDIT] poll_forensic_hud: ENTER
[ARMTEL],11.7166666666668,L,false,0.01666666666667,0.0,2.97029474165199,-4.01991353222816,1.04961879057617,-1.13105307698416,0.3524359580901,33.4814202713333,2.0112890481364,0.28107210041784,0.0
[DIAG] _physics_process: ENTER, state=3
[DIAG] _physics_process: camera target set to character (state: 3)
[GLIDE],2.99999999999999,0.3524359580901,0.0,0.17621797904505,-0.3524359580901,9.60435360596322,21.7898065122887,50.1084471975289,3.77321472630882,2.5454034033623,268.589447021484,780.157165527344,26.4
[VERBATIM] DIAGNOSIS turning block executed
[DIAG] _turn_input = 0.5
[DIAG] _poll_controls: ENTER, state=3
[VERBATIM] POLL: _poll_controls() entered, game_state=3
[VERBATIM] POLL: checking deploy state=3 canopy=true
[STEER_TELEM] canopy=true has_pc=false turn=0.0 state=3
[STEER_TELEM] /root/Main children: WorldEnvironment DirectionalLight3D AnimationPlayer HUD @MeshInstance3D@47 @MeshInstance3D@48 @MeshInstance3D@49 @MeshInstance3D@50 @Node3D@51 FlyingPlane @Camera3D@55 @MeshInstance3D@56 @MeshInstance3D@57 @MeshInstance3D@58 @MeshInstance3D@59 @MeshInstance3D@60 @MeshInstance3D@61 @MeshInstance3D@62 @MeshInstance3D@63 @MeshInstance3D@64 @MeshInstance3D@65 @MeshInstance3D@66 @MeshInstance3D@67 @MeshInstance3D@68 @MeshInstance3D@69 @MeshInstance3D@70 @MeshInstance3D@71 @MeshInstance3D@72 @MeshInstance3D@73 @MeshInstance3D@74 @MeshInstance3D@75 @MeshInstance3D@76 @MeshInstance3D@77 @MeshInstance3D@78 @MeshInstance3D@79 @MeshInstance3D@80 @MeshInstance3D@81 @MeshInstance3D@82 @MeshInstance3D@83 @MeshInstance3D@84 @MeshInstance3D@85 @MeshInstance3D@86 @MeshInstance3D@87 @MeshInstance3D@88 @MeshInstance3D@89 @MeshInstance3D@90 @MeshInstance3D@91 @MeshInstance3D@92 @MeshInstance3D@93 @MeshInstance3D@94 @MeshInstance3D@95 @MeshInstance3D@96 @MeshInstance3D@97 @CanvasLayer@99 @HTTPRequest@113 PiPLayer @Timer@121 @HTTPRequest@123 OpeningAnimTimer 
[VERBATIM] ENTER _deploy_canopy gate=none
[VERBATIM] EXIT _deploy_canopy early=already_deployed_or_no_canopy
[AUDIT] poll_forensic_hud: ENTER
[ARMTEL],11.7333333333335,L,false,0.01666666666667,0.0,2.81948766472077,-3.95868576944455,1.13919810472378,-1.11206644190543,0.33390151739167,31.7206481813317,2.04601127035862,0.0,0.0
[DIAG] _physics_process: ENTER, state=3
[DIAG] _physics_process: camera target set to character (state: 3)
[GLIDE],3.01666666666666,0.33390151739167,0.0,0.16695075869584,-0.33390151739167,9.67774999112898,20.7152511278233,50.4537013829926,3.79288683248813,2.55155252939102,268.713836669922,780.259887695312,26.4
[VERBATIM] DIAGNOSIS turning block executed
[DIAG] _turn_input = 0.5
[AUDIT] poll_forensic_hud: ENTER
[ARMTEL],11.7500000000002,L,false,0.01666666666667,0.0,2.67121213913338,-3.892232546669,1.22102040753562,-1.09171610177983,0.31570624902868,29.9920974672883,2.04601127035862,0.0,0.0
[DIAG] _physics_process: ENTER, state=3
[DIAG] _physics_process: camera target set to character (state: 3)
[GLIDE],3.03333333333333,0.31570624902868,0.0,0.15785312451434,-0.31570624902868,9.74980325384645,19.6526535501134,50.7812456088278,3.81272192709418,2.55717658939716,268.839721679688,780.362609863281,26.4
[VERBATIM] DIAGNOSIS turning block executed
[DIAG] _turn_input = 0.5
[DIAG] _poll_controls: ENTER, state=3
[VERBATIM] POLL: _poll_controls() entered, game_state=3
[VERBATIM] POLL: checking deploy state=3 canopy=true
[STEER_TELEM] canopy=true has_pc=false turn=0.0 state=3
[STEER_TELEM] /root/Main children: WorldEnvironment DirectionalLight3D AnimationPlayer HUD @MeshInstance3D@47 @MeshInstance3D@48 @MeshInstance3D@49 @MeshInstance3D@50 @Node3D@51 FlyingPlane @Camera3D@55 @MeshInstance3D@56 @MeshInstance3D@57 @MeshInstance3D@58 @MeshInstance3D@59 @MeshInstance3D@60 @MeshInstance3D@61 @MeshInstance3D@62 @MeshInstance3D@63 @MeshInstance3D@64 @MeshInstance3D@65 @MeshInstance3D@66 @MeshInstance3D@67 @MeshInstance3D@68 @MeshInstance3D@69 @MeshInstance3D@70 @MeshInstance3D@71 @MeshInstance3D@72 @MeshInstance3D@73 @MeshInstance3D@74 @MeshInstance3D@75 @MeshInstance3D@76 @MeshInstance3D@77 @MeshInstance3D@78 @MeshInstance3D@79 @MeshInstance3D@80 @MeshInstance3D@81 @MeshInstance3D@82 @MeshInstance3D@83 @MeshInstance3D@84 @MeshInstance3D@85 @MeshInstance3D@86 @MeshInstance3D@87 @MeshInstance3D@88 @MeshInstance3D@89 @MeshInstance3D@90 @MeshInstance3D@91 @MeshInstance3D@92 @MeshInstance3D@93 @MeshInstance3D@94 @MeshInstance3D@95 @MeshInstance3D@96 @MeshInstance3D@97 @CanvasLayer@99 @HTTPRequest@113 PiPLayer @Timer@121 @HTTPRequest@123 OpeningAnimTimer 
[VERBATIM] ENTER _deploy_canopy gate=none
[VERBATIM] EXIT _deploy_canopy early=already_deployed_or_no_canopy
[AUDIT] poll_forensic_hud: ENTER
[ARMTEL],11.7666666666668,L,false,0.01666666666667,0.0,2.5256499922294,-3.82100635622942,1.29535636400002,-1.0701268290465,0.2978708018779,28.2977297727479,2.08073349258084,0.0,0.0
[DIAG] _physics_process: ENTER, state=3
[DIAG] _physics_process: camera target set to character (state: 3)
[GLIDE],3.04999999999999,0.2978708018779,0.0,0.14893540093895,-0.2978708018779,9.82043162456351,18.6036594584103,51.0913065998013,3.83265901547778,2.56230246022533,268.967071533203,780.465393066406,26.4
[VERBATIM] DIAGNOSIS turning block executed
[DIAG] _turn_input = 0.5
[AUDIT] poll_forensic_hud: ENTER
[ARMTEL],11.7833333333335,L,false,0.01666666666667,0.0,2.3829664150232,-3.74544390166275,1.36247748663955,-1.04741887093584,0.28041382069564,26.6393163497829,2.08073349258084,0.0,0.0
[DIAG] _physics_process: ENTER, state=3
[DIAG] _physics_process: camera target set to character (state: 3)
[GLIDE],3.06666666666666,0.28041382069564,0.0,0.14020691034782,-0.28041382069564,9.88956127004528,17.5698207884621,51.3841369462757,3.85263887393637,2.56695776418328,269.095855712891,780.568237304688,26.4
[VERBATIM] DIAGNOSIS turning block executed
[DIAG] _turn_input = 0.5
[DIAG] _poll_controls: ENTER, state=3
[VERBATIM] POLL: _poll_controls() entered, game_state=3
[VERBATIM] POLL: checking deploy state=3 canopy=true
[STEER_TELEM] canopy=true has_pc=false turn=0.0 state=3
[STEER_TELEM] /root/Main children: WorldEnvironment DirectionalLight3D AnimationPlayer HUD @MeshInstance3D@47 @MeshInstance3D@48 @MeshInstance3D@49 @MeshInstance3D@50 @Node3D@51 FlyingPlane @Camera3D@55 @MeshInstance3D@56 @MeshInstance3D@57 @MeshInstance3D@58 @MeshInstance3D@59 @MeshInstance3D@60 @MeshInstance3D@61 @MeshInstance3D@62 @MeshInstance3D@63 @MeshInstance3D@64 @MeshInstance3D@65 @MeshInstance3D@66 @MeshInstance3D@67 @MeshInstance3D@68 @MeshInstance3D@69 @MeshInstance3D@70 @MeshInstance3D@71 @MeshInstance3D@72 @MeshInstance3D@73 @MeshInstance3D@74 @MeshInstance3D@75 @MeshInstance3D@76 @MeshInstance3D@77 @MeshInstance3D@78 @MeshInstance3D@79 @MeshInstance3D@80 @MeshInstance3D@81 @MeshInstance3D@82 @MeshInstance3D@83 @MeshInstance3D@84 @MeshInstance3D@85 @MeshInstance3D@86 @MeshInstance3D@87 @MeshInstance3D@88 @MeshInstance3D@89 @MeshInstance3D@90 @MeshInstance3D@91 @MeshInstance3D@92 @MeshInstance3D@93 @MeshInstance3D@94 @MeshInstance3D@95 @MeshInstance3D@96 @MeshInstance3D@97 @CanvasLayer@99 @HTTPRequest@113 PiPLayer @Timer@121 @HTTPRequest@123 OpeningAnimTimer 
[VERBATIM] ENTER _deploy_canopy gate=none
[VERBATIM] EXIT _deploy_canopy early=already_deployed_or_no_canopy
[AUDIT] poll_forensic_hud: ENTER
[ARMTEL],11.8000000000002,L,false,0.01666666666667,0.0,2.24331056556509,-3.66596604827545,1.42265548271036,-1.023707946224,0.2633520215919,25.0184452290469,2.11545571480307,0.0,0.0
[DIAG] _physics_process: ENTER, state=3
[DIAG] _physics_process: camera target set to character (state: 3)
[GLIDE],3.08333333333333,0.2633520215919,0.0,0.13167601079595,-0.2633520215919,9.95712599449606,16.5525945426154,51.6600135219859,3.87260435138035,2.57117048142213,269.226013183594,780.671203613281,26.4
[VERBATIM] DIAGNOSIS turning block executed
[DIAG] _turn_input = 0.5
[AUDIT] poll_forensic_hud: ENTER
[ARMTEL],11.8166666666668,L,false,0.01666666666667,0.0,2.10681617273522,-3.58297781178401,1.47616163904879,-0.99910525223986,0.24670026738791,23.4365283787337,2.11545571480307,0.0,0.0
[DIAG] _physics_process: ENTER, state=3
[DIAG] _physics_process: camera target set to character (state: 3)
[GLIDE],3.09999999999999,0.24670026738791,0.0,0.12335013369395,-0.24670026738791,10.0230669411439,15.5533419566905,51.9192358879308,3.89250062438924,2.57496861486479,269.357513427734,780.774230957031,26.4
[VERBATIM] DIAGNOSIS turning block executed
[DIAG] _turn_input = 0.5
[DIAG] _poll_controls: ENTER, state=3
[VERBATIM] POLL: _poll_controls() entered, game_state=3
[VERBATIM] POLL: checking deploy state=3 canopy=true
[STEER_TELEM] canopy=true has_pc=false turn=0.0 state=3
[STEER_TELEM] /root/Main children: WorldEnvironment DirectionalLight3D AnimationPlayer HUD @MeshInstance3D@47 @MeshInstance3D@48 @MeshInstance3D@49 @MeshInstance3D@50 @Node3D@51 FlyingPlane @Camera3D@55 @MeshInstance3D@56 @MeshInstance3D@57 @MeshInstance3D@58 @MeshInstance3D@59 @MeshInstance3D@60 @MeshInstance3D@61 @MeshInstance3D@62 @MeshInstance3D@63 @MeshInstance3D@64 @MeshInstance3D@65 @MeshInstance3D@66 @MeshInstance3D@67 @MeshInstance3D@68 @MeshInstance3D@69 @MeshInstance3D@70 @MeshInstance3D@71 @MeshInstance3D@72 @MeshInstance3D@73 @MeshInstance3D@74 @MeshInstance3D@75 @MeshInstance3D@76 @MeshInstance3D@77 @MeshInstance3D@78 @MeshInstance3D@79 @MeshInstance3D@80 @MeshInstance3D@81 @MeshInstance3D@82 @MeshInstance3D@83 @MeshInstance3D@84 @MeshInstance3D@85 @MeshInstance3D@86 @MeshInstance3D@87 @MeshInstance3D@88 @MeshInstance3D@89 @MeshInstance3D@90 @MeshInstance3D@91 @MeshInstance3D@92 @MeshInstance3D@93 @MeshInstance3D@94 @MeshInstance3D@95 @MeshInstance3D@96 @MeshInstance3D@97 @CanvasLayer@99 @HTTPRequest@113 PiPLayer @Timer@121 @HTTPRequest@123 OpeningAnimTimer 
[VERBATIM] ENTER _deploy_canopy gate=none
[VERBATIM] EXIT _deploy_canopy early=already_deployed_or_no_canopy
[AUDIT] poll_forensic_hud: ENTER
[ARMTEL],11.8333333333335,L,false,0.01666666666667,0.0,1.97360213910324,-3.4968683828395,1.52326624373625,-0.97371748151092,0.23047164269606,21.8948088371806,2.15017793702529,0.0,0.0
[DIAG] _physics_process: ENTER, state=3
[DIAG] _physics_process: camera target set to character (state: 3)
[GLIDE],3.11666666666666,0.23047164269606,0.0,0.11523582134803,-0.23047164269606,10.0873322949236,14.5733280250596,52.1621246883484,3.91227540837498,2.57837990478118,269.490295410156,780.877380371094,26.4
[VERBATIM] DIAGNOSIS turning block executed
[DIAG] _turn_input = 0.5
[AUDIT] poll_forensic_hud: ENTER
[ARMTEL],11.8500000000002,L,false,0.01666666666667,0.0,1.84377314156845,-3.40801118528821,1.56423804371976,-0.94764684744892,0.21467752857191,20.394367804802,2.15017793702529,0.0,0.0
[DIAG] _physics_process: ENTER, state=3
[DIAG] _physics_process: camera target set to character (state: 3)
[GLIDE],3.13333333333333,0.21467752857191,0.0,0.10733876428595,-0.21467752857191,10.1498769868552,13.6137213812151,52.389020044702,3.93187912779396,2.58143158956923,269.624298095703,780.980590820312,26.4
[VERBATIM] DIAGNOSIS turning block executed
[DIAG] _turn_input = 0.5
[DIAG] _poll_controls: ENTER, state=3
[VERBATIM] POLL: _poll_controls() entered, game_state=3
[VERBATIM] POLL: checking deploy state=3 canopy=true
[STEER_TELEM] canopy=true has_pc=false turn=0.0 state=3
[STEER_TELEM] /root/Main children: WorldEnvironment DirectionalLight3D AnimationPlayer HUD @MeshInstance3D@47 @MeshInstance3D@48 @MeshInstance3D@49 @MeshInstance3D@50 @Node3D@51 FlyingPlane @Camera3D@55 @MeshInstance3D@56 @MeshInstance3D@57 @MeshInstance3D@58 @MeshInstance3D@59 @MeshInstance3D@60 @MeshInstance3D@61 @MeshInstance3D@62 @MeshInstance3D@63 @MeshInstance3D@64 @MeshInstance3D@65 @MeshInstance3D@66 @MeshInstance3D@67 @MeshInstance3D@68 @MeshInstance3D@69 @MeshInstance3D@70 @MeshInstance3D@71 @MeshInstance3D@72 @MeshInstance3D@73 @MeshInstance3D@74 @MeshInstance3D@75 @MeshInstance3D@76 @MeshInstance3D@77 @MeshInstance3D@78 @MeshInstance3D@79 @MeshInstance3D@80 @MeshInstance3D@81 @MeshInstance3D@82 @MeshInstance3D@83 @MeshInstance3D@84 @MeshInstance3D@85 @MeshInstance3D@86 @MeshInstance3D@87 @MeshInstance3D@88 @MeshInstance3D@89 @MeshInstance3D@90 @MeshInstance3D@91 @MeshInstance3D@92 @MeshInstance3D@93 @MeshInstance3D@94 @MeshInstance3D@95 @MeshInstance3D@96 @MeshInstance3D@97 @CanvasLayer@99 @HTTPRequest@113 PiPLayer @Timer@121 @HTTPRequest@123 OpeningAnimTimer 
[VERBATIM] ENTER _deploy_canopy gate=none
[VERBATIM] EXIT _deploy_canopy early=already_deployed_or_no_canopy
[AUDIT] poll_forensic_hud: ENTER
[ARMTEL],11.8666666666668,L,false,0.01666666666667,0.0,1.71742022857526,-3.31676396607123,1.59934373749597,-0.92099111849066,0.19932767659706,18.9361316819682,2.18490015924751,0.0,0.0
[DIAG] _physics_process: ENTER, state=3
[DIAG] _physics_process: camera target set to character (state: 3)
[GLIDE],3.14999999999999,0.19932767659706,0.0,0.09966383829853,-0.19932767659706,10.2106624006756,12.6755945274504,52.6002799534929,3.95126504848518,2.58415020895401,269.759490966797,781.083923339844,26.4
[WIND] speed 6.05704627359701 kts  dir 0°  gust 0.0  vec_ms (0.0, 0.0, 3.116011)
[VERBATIM] DIAGNOSIS turning block executed
[DIAG] _turn_input = 0.5
[AUDIT] poll_forensic_hud: ENTER
[ARMTEL],11.8833333333335,L,false,0.01666666666667,0.0,1.59462141277651,-3.2234689147173,1.62884750194079,-0.89384366012498,0.18443028226165,17.5208790403398,2.18490015924751,0.0,0.0
[DIAG] _physics_process: ENTER, state=3
[DIAG] _physics_process: camera target set to character (state: 3)
[GLIDE],3.16666666666666,0.18443028226165,0.0,0.09221514113082,-0.18443028226165,10.2696560822439,11.7599244040671,52.7962786935606,3.97038937527257,2.58656144563626,269.895812988281,781.187438964844,26.4
[VERBATIM] DIAGNOSIS turning block executed
[DIAG] _turn_input = 0.5
[DIAG] _poll_controls: ENTER, state=3
[VERBATIM] POLL: _poll_controls() entered, game_state=3
[VERBATIM] POLL: checking deploy state=3 canopy=true
[STEER_TELEM] canopy=true has_pc=false turn=0.0 state=3
[STEER_TELEM] /root/Main children: WorldEnvironment DirectionalLight3D AnimationPlayer HUD @MeshInstance3D@47 @MeshInstance3D@48 @MeshInstance3D@49 @MeshInstance3D@50 @Node3D@51 FlyingPlane @Camera3D@55 @MeshInstance3D@56 @MeshInstance3D@57 @MeshInstance3D@58 @MeshInstance3D@59 @MeshInstance3D@60 @MeshInstance3D@61 @MeshInstance3D@62 @MeshInstance3D@63 @MeshInstance3D@64 @MeshInstance3D@65 @MeshInstance3D@66 @MeshInstance3D@67 @MeshInstance3D@68 @MeshInstance3D@69 @MeshInstance3D@70 @MeshInstance3D@71 @MeshInstance3D@72 @MeshInstance3D@73 @MeshInstance3D@74 @MeshInstance3D@75 @MeshInstance3D@76 @MeshInstance3D@77 @MeshInstance3D@78 @MeshInstance3D@79 @MeshInstance3D@80 @MeshInstance3D@81 @MeshInstance3D@82 @MeshInstance3D@83 @MeshInstance3D@84 @MeshInstance3D@85 @MeshInstance3D@86 @MeshInstance3D@87 @MeshInstance3D@88 @MeshInstance3D@89 @MeshInstance3D@90 @MeshInstance3D@91 @MeshInstance3D@92 @MeshInstance3D@93 @MeshInstance3D@94 @MeshInstance3D@95 @MeshInstance3D@96 @MeshInstance3D@97 @CanvasLayer@99 @HTTPRequest@113 PiPLayer @Timer@121 @HTTPRequest@123 OpeningAnimTimer 
[VERBATIM] ENTER _deploy_canopy gate=none
[VERBATIM] EXIT _deploy_canopy early=already_deployed_or_no_canopy
[AUDIT] poll_forensic_hud: ENTER
[ARMTEL],11.9000000000002,L,false,0.01666666666667,0.0,1.47544225809318,-3.12845281043742,1.65301055234424,-0.86629348425257,0.1699920575241,16.14924751605,2.21962238146973,0.0,0.0
[DIAG] _physics_process: ENTER, state=3
[DIAG] _physics_process: camera target set to character (state: 3)
[GLIDE],3.18333333333333,0.1699920575241,0.0,0.08499602876205,-0.1699920575241,10.3268314522045,10.8675932857484,52.9774052483231,3.98921131796774,2.58869000137737,270.033233642578,781.291076660156,26.4
[VERBATIM] DIAGNOSIS turning block executed
[DIAG] _turn_input = 0.5
[AUDIT] poll_forensic_hud: ENTER
[ARMTEL],11.9166666666668,L,false,0.01666666666667,0.0,1.35993646019284,-3.032027194884,1.67209073469117,-0.83842530534105,0.15601830243509,14.8217406139749,2.21962238146973,0.0,0.0
[DIAG] _physics_process: ENTER, state=3
[DIAG] _physics_process: camera target set to character (state: 3)
[GLIDE],3.19999999999999,0.15601830243509,0.0,0.07800915121754,-0.15601830243509,10.3821675223571,9.99938999037663,53.1440617481627,4.00769312885563,2.59055950357198,270.171691894531,781.394836425781,26.4
[VERBATIM] DIAGNOSIS turning block executed
[DIAG] _turn_input = 0.5
[DIAG] _poll_controls: ENTER, state=3
[VERBATIM] POLL: _poll_controls() entered, game_state=3
[VERBATIM] POLL: checking deploy state=3 canopy=true
[STEER_TELEM] canopy=true has_pc=false turn=0.0 state=3
[STEER_TELEM] /root/Main children: WorldEnvironment DirectionalLight3D AnimationPlayer HUD @MeshInstance3D@47 @MeshInstance3D@48 @MeshInstance3D@49 @MeshInstance3D@50 @Node3D@51 FlyingPlane @Camera3D@55 @MeshInstance3D@56 @MeshInstance3D@57 @MeshInstance3D@58 @MeshInstance3D@59 @MeshInstance3D@60 @MeshInstance3D@61 @MeshInstance3D@62 @MeshInstance3D@63 @MeshInstance3D@64 @MeshInstance3D@65 @MeshInstance3D@66 @MeshInstance3D@67 @MeshInstance3D@68 @MeshInstance3D@69 @MeshInstance3D@70 @MeshInstance3D@71 @MeshInstance3D@72 @MeshInstance3D@73 @MeshInstance3D@74 @MeshInstance3D@75 @MeshInstance3D@76 @MeshInstance3D@77 @MeshInstance3D@78 @MeshInstance3D@79 @MeshInstance3D@80 @MeshInstance3D@81 @MeshInstance3D@82 @MeshInstance3D@83 @MeshInstance3D@84 @MeshInstance3D@85 @MeshInstance3D@86 @MeshInstance3D@87 @MeshInstance3D@88 @MeshInstance3D@89 @MeshInstance3D@90 @MeshInstance3D@91 @MeshInstance3D@92 @MeshInstance3D@93 @MeshInstance3D@94 @MeshInstance3D@95 @MeshInstance3D@96 @MeshInstance3D@97 @CanvasLayer@99 @HTTPRequest@113 PiPLayer @Timer@121 @HTTPRequest@123 OpeningAnimTimer 
[VERBATIM] ENTER _deploy_canopy gate=none
[VERBATIM] EXIT _deploy_canopy early=already_deployed_or_no_canopy
[AUDIT] poll_forensic_hud: ENTER
[ARMTEL],11.9333333333335,L,false,0.01666666666667,0.0,1.2481464194807,-2.93448856869369,1.68634214921299,-0.81031960285417,0.14251297572085,13.5387344131564,2.2538890481364,0.0,0.0
[DIAG] _physics_process: ENTER, state=3
[DIAG] _physics_process: camera target set to character (state: 3)
[GLIDE],3.21666666666666,0.14251297572085,0.0,0.07125648786043,-0.14251297572085,10.4356486161454,9.1560113836002,53.2966619378894,4.02580011465184,2.59219243850807,270.311126708984,781.498779296875,26.4
[VERBATIM] DIAGNOSIS turning block executed
[DIAG] _turn_input = 0.5
[AUDIT] poll_forensic_hud: ENTER
[ARMTEL],11.9500000000002,L,false,0.01666666666667,0.0,1.14010380576681,-2.83611860998959,1.69601480422279,-0.78205268945046,0.12947876423001,12.3004841642453,2.2538890481364,0.0,0.0
[DIAG] _physics_process: ENTER, state=3
[DIAG] _physics_process: camera target set to character (state: 3)
[GLIDE],3.23333333333333,0.12947876423001,0.0,0.064739382115,-0.12947876423001,10.4872640936492,8.33806416084149,53.4356296739034,4.04350062579447,2.59361010772408,270.451507568359,781.602905273438,26.4
[VERBATIM] DIAGNOSIS turning block executed
[DIAG] _turn_input = 0.5
[DIAG] _poll_controls: ENTER, state=3
[VERBATIM] POLL: _poll_controls() entered, game_state=3
[VERBATIM] POLL: checking deploy state=3 canopy=true
[STEER_TELEM] canopy=true has_pc=false turn=0.0 state=3
[STEER_TELEM] /root/Main children: WorldEnvironment DirectionalLight3D AnimationPlayer HUD @MeshInstance3D@47 @MeshInstance3D@48 @MeshInstance3D@49 @MeshInstance3D@50 @Node3D@51 FlyingPlane @Camera3D@55 @MeshInstance3D@56 @MeshInstance3D@57 @MeshInstance3D@58 @MeshInstance3D@59 @MeshInstance3D@60 @MeshInstance3D@61 @MeshInstance3D@62 @MeshInstance3D@63 @MeshInstance3D@64 @MeshInstance3D@65 @MeshInstance3D@66 @MeshInstance3D@67 @MeshInstance3D@68 @MeshInstance3D@69 @MeshInstance3D@70 @MeshInstance3D@71 @MeshInstance3D@72 @MeshInstance3D@73 @MeshInstance3D@74 @MeshInstance3D@75 @MeshInstance3D@76 @MeshInstance3D@77 @MeshInstance3D@78 @MeshInstance3D@79 @MeshInstance3D@80 @MeshInstance3D@81 @MeshInstance3D@82 @MeshInstance3D@83 @MeshInstance3D@84 @MeshInstance3D@85 @MeshInstance3D@86 @MeshInstance3D@87 @MeshInstance3D@88 @MeshInstance3D@89 @MeshInstance3D@90 @MeshInstance3D@91 @MeshInstance3D@92 @MeshInstance3D@93 @MeshInstance3D@94 @MeshInstance3D@95 @MeshInstance3D@96 @MeshInstance3D@97 @CanvasLayer@99 @HTTPRequest@113 PiPLayer @Timer@121 @HTTPRequest@123 OpeningAnimTimer 
[VERBATIM] ENTER _deploy_canopy gate=none
[VERBATIM] EXIT _deploy_canopy early=already_deployed_or_no_canopy
[AUDIT] poll_forensic_hud: ENTER
[ARMTEL],11.9666666666668,L,false,0.01666666666667,0.0,1.03583011384008,-2.7371844130766,1.70135429923652,-0.75369678446318,0.11691715115562,11.1071307706001,2.28722238146973,0.0,0.0
[DIAG] _physics_process: ENTER, state=3
[DIAG] _physics_process: camera target set to character (state: 3)
[GLIDE],3.24999999999999,0.11691715115562,0.0,0.05845857557781,-0.11691715115562,10.5370080814237,7.54606688716821,53.5613974553562,4.06076602578456,2.59483260412373,270.592803955078,781.707214355469,26.4
[VERBATIM] DIAGNOSIS turning block executed
[DIAG] _turn_input = 0.5
[AUDIT] poll_forensic_hud: ENTER
[ARMTEL],11.9833333333335,L,false,0.01666666666667,0.0,0.93533720924499,-2.63793874562114,1.70260153637615,-0.72532009219025,0.10482848295245,9.95870714542733,2.28722238146973,0.0,0.0
[DIAG] _physics_process: ENTER, state=3
[DIAG] _physics_process: camera target set to character (state: 3)
[GLIDE],3.26666666666666,0.10482848295245,0.0,0.05241424147623,-0.10482848295245,10.5848792075083,6.7804522744878,53.6744049932644,4.07757064312469,2.5958788047868,270.734924316406,781.811706542969,26.4
[VERBATIM] DIAGNOSIS turning block executed
[DIAG] _turn_input = 0.5
[DIAG] _poll_controls: ENTER, state=3
[VERBATIM] POLL: _poll_controls() entered, game_state=3
[VERBATIM] POLL: checking deploy state=3 canopy=true
[STEER_TELEM] canopy=true has_pc=false turn=0.0 state=3
[STEER_TELEM] /root/Main children: WorldEnvironment DirectionalLight3D AnimationPlayer HUD @MeshInstance3D@47 @MeshInstance3D@48 @MeshInstance3D@49 @MeshInstance3D@50 @Node3D@51 FlyingPlane @Camera3D@55 @MeshInstance3D@56 @MeshInstance3D@57 @MeshInstance3D@58 @MeshInstance3D@59 @MeshInstance3D@60 @MeshInstance3D@61 @MeshInstance3D@62 @MeshInstance3D@63 @MeshInstance3D@64 @MeshInstance3D@65 @MeshInstance3D@66 @MeshInstance3D@67 @MeshInstance3D@68 @MeshInstance3D@69 @MeshInstance3D@70 @MeshInstance3D@71 @MeshInstance3D@72 @MeshInstance3D@73 @MeshInstance3D@74 @MeshInstance3D@75 @MeshInstance3D@76 @MeshInstance3D@77 @MeshInstance3D@78 @MeshInstance3D@79 @MeshInstance3D@80 @MeshInstance3D@81 @MeshInstance3D@82 @MeshInstance3D@83 @MeshInstance3D@84 @MeshInstance3D@85 @MeshInstance3D@86 @MeshInstance3D@87 @MeshInstance3D@88 @MeshInstance3D@89 @MeshInstance3D@90 @MeshInstance3D@91 @MeshInstance3D@92 @MeshInstance3D@93 @MeshInstance3D@94 @MeshInstance3D@95 @MeshInstance3D@96 @MeshInstance3D@97 @CanvasLayer@99 @HTTPRequest@113 PiPLayer @Timer@121 @HTTPRequest@123 OpeningAnimTimer 
[VERBATIM] ENTER _deploy_canopy gate=none
[VERBATIM] EXIT _deploy_canopy early=already_deployed_or_no_canopy
[AUDIT] poll_forensic_hud: ENTER
[ARMTEL],12.0000000000002,L,false,0.01666666666667,0.0,0.83862786361962,-2.53862032266586,1.69999245904624,-0.69698688453947,0.09321203487679,8.85514443806647,2.32055571480306,0.0,0.0
[DIAG] _physics_process: ENTER, state=3
[DIAG] _physics_process: camera target set to character (state: 3)
[GLIDE],3.28333333333333,0.09321203487679,0.0,0.0466060174384,-0.09321203487679,10.6308803418879,6.04156967485323,53.7750978211786,4.09389170823055,2.59676637770244,270.877868652344,781.916442871094,26.4
[VERBATIM] DIAGNOSIS turning block executed
[DIAG] _turn_input = 0.5
[AUDIT] poll_forensic_hud: ENTER
[ARMTEL],12.0166666666668,L,false,0.01666666666667,0.0,0.74569627901436,-2.43945409588816,1.6937578168738,-0.66875758759158,0.0820660750836,7.79627812321707,2.32055571480306,0.0,0.0
[DIAG] _physics_process: ENTER, state=3
[DIAG] _physics_process: camera target set to character (state: 3)
[GLIDE],3.29999999999999,0.0820660750836,0.0,0.0410330375418,-0.0820660750836,10.6750183426689,5.3296877682578,53.8639259506495,4.1097092775115,2.59751179994242,271.021545410156,782.021362304688,26.4
[VERBATIM] DIAGNOSIS turning block executed
[DIAG] _turn_input = 0.5
[DIAG] _poll_controls: ENTER, state=3
[VERBATIM] POLL: _poll_controls() entered, game_state=3
[VERBATIM] POLL: checking deploy state=3 canopy=true
[STEER_TELEM] canopy=true has_pc=false turn=0.0 state=3
[STEER_TELEM] /root/Main children: WorldEnvironment DirectionalLight3D AnimationPlayer HUD @MeshInstance3D@47 @MeshInstance3D@48 @MeshInstance3D@49 @MeshInstance3D@50 @Node3D@51 FlyingPlane @Camera3D@55 @MeshInstance3D@56 @MeshInstance3D@57 @MeshInstance3D@58 @MeshInstance3D@59 @MeshInstance3D@60 @MeshInstance3D@61 @MeshInstance3D@62 @MeshInstance3D@63 @MeshInstance3D@64 @MeshInstance3D@65 @MeshInstance3D@66 @MeshInstance3D@67 @MeshInstance3D@68 @MeshInstance3D@69 @MeshInstance3D@70 @MeshInstance3D@71 @MeshInstance3D@72 @MeshInstance3D@73 @MeshInstance3D@74 @MeshInstance3D@75 @MeshInstance3D@76 @MeshInstance3D@77 @MeshInstance3D@78 @MeshInstance3D@79 @MeshInstance3D@80 @MeshInstance3D@81 @MeshInstance3D@82 @MeshInstance3D@83 @MeshInstance3D@84 @MeshInstance3D@85 @MeshInstance3D@86 @MeshInstance3D@87 @MeshInstance3D@88 @MeshInstance3D@89 @MeshInstance3D@90 @MeshInstance3D@91 @MeshInstance3D@92 @MeshInstance3D@93 @MeshInstance3D@94 @MeshInstance3D@95 @MeshInstance3D@96 @MeshInstance3D@97 @CanvasLayer@99 @HTTPRequest@113 PiPLayer @Timer@121 @HTTPRequest@123 OpeningAnimTimer 
[VERBATIM] ENTER _deploy_canopy gate=none
[VERBATIM] EXIT _deploy_canopy early=already_deployed_or_no_canopy
[VERBATIM] Wind updated: 12.5 kts @ 240.0°
[AUDIT] poll_forensic_hud: ENTER
[ARMTEL],12.0333333333335,L,false,0.01666666666667,0.0,0.65652860066881,-2.34065155657052,1.68412295590171,-0.64068887165988,0.0713879272226,6.78185394757119,2.35527793702529,0.0,0.0
[DIAG] _physics_process: ENTER, state=3
[DIAG] _physics_process: camera target set to character (state: 3)
[GLIDE],3.31666666666666,0.0713879272226,0.0,0.0356939636113,-0.0713879272226,10.7173038081985,4.64499742312451,53.9413425743683,4.12500614663655,2.59813038507522,271.165954589844,782.126525878906,26.4
[VERBATIM] DIAGNOSIS turning block executed
[DIAG] _turn_input = 0.5
[AUDIT] poll_forensic_hud: ENTER
[ARMTEL],12.0500000000002,L,false,0.01666666666667,0.0,0.57110341778083,-2.24241105080959,1.67130763302876,-0.61283374444274,0.06117403148189,5.81153372895448,2.35527793702529,0.0,0.0
[DIAG] _physics_process: ENTER, state=3
[DIAG] _physics_process: camera target set to character (state: 3)
[GLIDE],3.33333333333333,0.06117403148189,0.0,0.03058701574095,-0.06117403148189,10.7577508353317,3.98761470773723,54.0078028194972,4.13976775482618,2.59863631789252,271.31103515625,782.231872558594,26.4
[VERBATIM] DIAGNOSIS turning block executed
[DIAG] _turn_input = 0.5
[DIAG] _poll_controls: ENTER, state=3
[VERBATIM] POLL: _poll_controls() entered, game_state=3
[VERBATIM] POLL: checking deploy state=3 canopy=true
[STEER_TELEM] canopy=true has_pc=false turn=0.0 state=3
[STEER_TELEM] /root/Main children: WorldEnvironment DirectionalLight3D AnimationPlayer HUD @MeshInstance3D@47 @MeshInstance3D@48 @MeshInstance3D@49 @MeshInstance3D@50 @Node3D@51 FlyingPlane @Camera3D@55 @MeshInstance3D@56 @MeshInstance3D@57 @MeshInstance3D@58 @MeshInstance3D@59 @MeshInstance3D@60 @MeshInstance3D@61 @MeshInstance3D@62 @MeshInstance3D@63 @MeshInstance3D@64 @MeshInstance3D@65 @MeshInstance3D@66 @MeshInstance3D@67 @MeshInstance3D@68 @MeshInstance3D@69 @MeshInstance3D@70 @MeshInstance3D@71 @MeshInstance3D@72 @MeshInstance3D@73 @MeshInstance3D@74 @MeshInstance3D@75 @MeshInstance3D@76 @MeshInstance3D@77 @MeshInstance3D@78 @MeshInstance3D@79 @MeshInstance3D@80 @MeshInstance3D@81 @MeshInstance3D@82 @MeshInstance3D@83 @MeshInstance3D@84 @MeshInstance3D@85 @MeshInstance3D@86 @MeshInstance3D@87 @MeshInstance3D@88 @MeshInstance3D@89 @MeshInstance3D@90 @MeshInstance3D@91 @MeshInstance3D@92 @MeshInstance3D@93 @MeshInstance3D@94 @MeshInstance3D@95 @MeshInstance3D@96 @MeshInstance3D@97 @CanvasLayer@99 @HTTPRequest@113 PiPLayer @Timer@121 @HTTPRequest@123 OpeningAnimTimer 
[VERBATIM] ENTER _deploy_canopy gate=none
[VERBATIM] EXIT _deploy_canopy early=already_deployed_or_no_canopy
[AUDIT] poll_forensic_hud: ENTER
[ARMTEL],12.0666666666668,L,false,0.01666666666667,0.0,0.48939225185513,-2.14491810554958,1.65552585369445,-0.58524164688116,0.05142000403387,4.88490100369274,2.39000015924751,0.0,0.0
[DIAG] _physics_process: ENTER, state=3
[DIAG] _physics_process: camera target set to character (state: 3)
[GLIDE],3.34999999999999,0.05142000403387,0.0,0.02571000201694,-0.05142000403387,10.7963767840259,3.35758403109352,54.0637625533488,4.15398208183946,2.59904269477374,271.456726074219,782.337463378906,26.4
[VERBATIM] DIAGNOSIS turning block executed
[DIAG] _turn_input = 0.5
[AUDIT] poll_forensic_hud: ENTER
[ARMTEL],12.0833333333335,L,false,0.01666666666667,0.0,0.41136003227098,-2.04834576408407,1.63698573181309,-0.55795855135094,0.04212069484469,4.00146651850751,2.39000015924751,0.0,0.0
[DIAG] _physics_process: ENTER, state=3
[DIAG] _physics_process: camera target set to character (state: 3)
[GLIDE],3.36666666666666,0.04212069484469,0.0,0.02106034742234,-0.04212069484469,10.833202048415,2.75488139206079,54.1096772432165,4.16763953916361,2.59936156824856,271.602996826172,782.443298339844,26.4
[VERBATIM] DIAGNOSIS turning block executed
[DIAG] _turn_input = 0.5
[DIAG] _poll_controls: ENTER, state=3
[VERBATIM] POLL: _poll_controls() entered, game_state=3
[VERBATIM] POLL: checking deploy state=3 canopy=true
[STEER_TELEM] canopy=true has_pc=false turn=0.0 state=3
[STEER_TELEM] /root/Main children: WorldEnvironment DirectionalLight3D AnimationPlayer HUD @MeshInstance3D@47 @MeshInstance3D@48 @MeshInstance3D@49 @MeshInstance3D@50 @Node3D@51 FlyingPlane @Camera3D@55 @MeshInstance3D@56 @MeshInstance3D@57 @MeshInstance3D@58 @MeshInstance3D@59 @MeshInstance3D@60 @MeshInstance3D@61 @MeshInstance3D@62 @MeshInstance3D@63 @MeshInstance3D@64 @MeshInstance3D@65 @MeshInstance3D@66 @MeshInstance3D@67 @MeshInstance3D@68 @MeshInstance3D@69 @MeshInstance3D@70 @MeshInstance3D@71 @MeshInstance3D@72 @MeshInstance3D@73 @MeshInstance3D@74 @MeshInstance3D@75 @MeshInstance3D@76 @MeshInstance3D@77 @MeshInstance3D@78 @MeshInstance3D@79 @MeshInstance3D@80 @MeshInstance3D@81 @MeshInstance3D@82 @MeshInstance3D@83 @MeshInstance3D@84 @MeshInstance3D@85 @MeshInstance3D@86 @MeshInstance3D@87 @MeshInstance3D@88 @MeshInstance3D@89 @MeshInstance3D@90 @MeshInstance3D@91 @MeshInstance3D@92 @MeshInstance3D@93 @MeshInstance3D@94 @MeshInstance3D@95 @MeshInstance3D@96 @MeshInstance3D@97 @CanvasLayer@99 @HTTPRequest@113 PiPLayer @Timer@121 @HTTPRequest@123 OpeningAnimTimer 
[VERBATIM] ENTER _deploy_canopy gate=none
[VERBATIM] EXIT _deploy_canopy early=already_deployed_or_no_canopy
[AUDIT] poll_forensic_hud: ENTER
[ARMTEL],12.1000000000002,L,false,0.01666666666667,0.0,0.33696555875752,-1.95285492972831,1.61588937097079,-0.53102706183476,0.03327024381411,3.16067356380585,2.42472238146973,0.0,0.0
[PIPLIVE] eye=(271.603, 1681.073, 782.4433) state=3 deployed=true framing=canopy
[DIAG] _physics_process: ENTER, state=3
[DIAG] _physics_process: camera target set to character (state: 3)
[GLIDE],3.38333333333333,0.03327024381411,0.0,0.01663512190706,-0.03327024381411,10.8682498344961,2.17941771626572,54.1460008718209,4.18073285675902,2.59960399453061,271.749816894531,782.549377441406,26.4
[VERBATIM] DIAGNOSIS turning block executed
[DIAG] _turn_input = 0.5
[DIAG] _poll_controls: ENTER, state=3
[VERBATIM] POLL: _poll_controls() entered, game_state=3
[VERBATIM] POLL: checking deploy state=3 canopy=true
[STEER_TELEM] canopy=true has_pc=false turn=0.0 state=3
[STEER_TELEM] /root/Main children: WorldEnvironment DirectionalLight3D AnimationPlayer HUD @MeshInstance3D@47 @MeshInstance3D@48 @MeshInstance3D@49 @MeshInstance3D@50 @Node3D@51 FlyingPlane @Camera3D@55 @MeshInstance3D@56 @MeshInstance3D@57 @MeshInstance3D@58 @MeshInstance3D@59 @MeshInstance3D@60 @MeshInstance3D@61 @MeshInstance3D@62 @MeshInstance3D@63 @MeshInstance3D@64 @MeshInstance3D@65 @MeshInstance3D@66 @MeshInstance3D@67 @MeshInstance3D@68 @MeshInstance3D@69 @MeshInstance3D@70 @MeshInstance3D@71 @MeshInstance3D@72 @MeshInstance3D@73 @MeshInstance3D@74 @MeshInstance3D@75 @MeshInstance3D@76 @MeshInstance3D@77 @MeshInstance3D@78 @MeshInstance3D@79 @MeshInstance3D@80 @MeshInstance3D@81 @MeshInstance3D@82 @MeshInstance3D@83 @MeshInstance3D@84 @MeshInstance3D@85 @MeshInstance3D@86 @MeshInstance3D@87 @MeshInstance3D@88 @MeshInstance3D@89 @MeshInstance3D@90 @MeshInstance3D@91 @MeshInstance3D@92 @MeshInstance3D@93 @MeshInstance3D@94 @MeshInstance3D@95 @MeshInstance3D@96 @MeshInstance3D@97 @CanvasLayer@99 @HTTPRequest@113 PiPLayer @Timer@121 @HTTPRequest@123 OpeningAnimTimer 
[VERBATIM] ENTER _deploy_canopy gate=none
[VERBATIM] EXIT _deploy_canopy early=already_deployed_or_no_canopy
[AUDIT] _exit_tree: ENTER
[AUDIT] _save_position: ENTER
[VERBATIM] DatabaseGuard: _exit_tree called
[VERBATIM] DB CLOSED
XR: Clearing primary interface
XR: Removed interface "Native mobile"
XR: Removed interface "OpenXR"
PulseAudio: context terminated
[INFO] EOF from Godot; process likely finished.

[SUMMARY] autostall_fixed.py finished.
[SUMMARY] Process terminated by script.
[SUMMARY] Runtime: 46.9s
[SUMMARY] Diagnostics data preserved in stall_report.json
========================================================================
Traceback (most recent call last):
  File "/home/owner/Documents/69f7bcc6-1f68-83ea-b9b2-95a4db8629ac/parachute-cfd-game/autostall_fixed.py", line 1047, in <module>
    main()
    ~~~~^^
  File "/home/owner/Documents/69f7bcc6-1f68-83ea-b9b2-95a4db8629ac/parachute-cfd-game/autostall_fixed.py", line 991, in main
    init_db()
    ~~~~~~~^^
  File "/home/owner/Documents/69f7bcc6-1f68-83ea-b9b2-95a4db8629ac/parachute-cfd-game/gamification/logbook.py", line 18, in init_db
    conn.executescript(schema)
    ~~~~~~~~~~~~~~~~~~^^^^^^^^
sqlite3.OperationalError: database is locked
