# File produced by Open Asset Import Library (http://www.assimp.sf.net)
# (assimp v6.0.0)

mtllib parachute.mtl

# 2608 vertex positions
v 0.87085402 0.211164996 0.030847
v 0.908939004 0.187966004 0.0248179995
v 3.26872492 4.9916811 -2.38081789
v 3.23064089 5.01487923 -2.37478995
v 3.21890092 5.00661516 -2.41715503
v 3.2569859 4.98341513 -2.42318296
v 0.897198975 0.179701999 -0.017546
v 0.859113991 0.202901006 -0.0115179997
v 0.859113991 0.202901006 -0.0115179997
v 0.87085402 0.211164996 0.030847
v 3.23064089 5.01487923 -2.37478995
v 3.21890092 5.00661516 -2.41715503
v 0.908939004 0.187966004 0.0248179995
v 0.897198975 0.179701999 -0.017546
v 3.2569859 4.98341513 -2.42318296
v 3.26872492 4.9916811 -2.38081789
v 0.869746029 0.203686997 0.030847
v 0.91178 0.188795 0.0248179995
v 2.35753012 5.64475298 -2.38081789
v 2.31549597 5.65964603 -2.37478995
v 2.30570197 5.64914894 -2.41715503
v 2.34773588 5.63425493 -2.42318296
v 0.901986003 0.178297997 -0.017546
v 0.859951019 0.193189994 -0.0115179997
v 0.859951019 0.193189994 -0.0115179997
v 0.869746029 0.203686997 0.030847
v 2.31549597 5.65964603 -2.37478995
v 2.30570197 5.64914894 -2.41715503
v 0.91178 0.188795 0.0248179995
v 0.901986003 0.178297997 -0.017546
v 2.34773588 5.63425493 -2.42318296
v 2.35753012 5.64475298 -2.38081789
v -2.31062698 5.63468122 -2.37195492
v -1.06413698 0.194139004 0.0326949991
v -1.048087 0.178310007 -0.00594000006
v -2.29457593 5.61885118 -2.41058993
v -1.105757 0.184777007 0.0192409996
v -2.352247 5.625319 -2.38540912
v -2.33619595 5.60948896 -2.42404509
v -1.08970702 0.168948993 -0.0193949994
v -2.29457593 5.61885118 -2.41058993
v -1.048087 0.178310007 -0.00594000006
v -1.08970702 0.168948993 -0.0193949994
v -2.33619595 5.60948896 -2.42404509
v -2.352247 5.625319 -2.38540912
v -1.105757 0.184777007 0.0192409996
v -1.06413698 0.194139004 0.0326949991
v -2.31062698 5.63468122 -2.37195492
v 0.880501986 0.177284002 0.115273997
v 0.915499985 0.179664999 0.0870869979
v 2.34222889 5.68231392 2.40023804
v 2.3072319 5.67993402 2.42842603
v 2.28296208 5.70496893 2.40040708
v 2.31795907 5.70734978 2.37222004
v 0.891229987 0.204699993 0.0590680018
v 0.856231987 0.202319995 0.0872559994
v 0.856231987 0.202319995 0.0872559994
v 0.880501986 0.177284002 0.115273997
v 2.3072319 5.67993402 2.42842603
v 2.28296208 5.70496893 2.40040708
v 0.915499985 0.179664999 0.0870869979
v 0.891229987 0.204699993 0.0590680018
v 2.31795907 5.70734978 2.37222004
v 2.34222889 5.68231392 2.40023804
v 0.875964999 0.183117002 0.115273997
v 0.910705984 0.178267002 0.0870869979
v 3.26145506 5.03158188 2.40023804
v 3.2267139 5.03643084 2.42842603
v 3.20809603 5.06591415 2.40040708
v 3.24283791 5.06106281 2.37222004
v 0.892089009 0.207749993 0.0590680018
v 0.857347012 0.212599993 0.0872559994
v 0.857347012 0.212599993 0.0872559994
v 0.875964999 0.183117002 0.115273997
v 3.2267139 5.03643084 2.42842603
v 3.20809603 5.06591415 2.40040708
v 0.910705984 0.178267002 0.0870869979
v 0.892089009 0.207749993 0.0590680018
v 3.24283791 5.06106281 2.37222004
v 3.26145506 5.03158188 2.40023804
v 0.873058021 0.217383996 0.030847
v 0.906367004 0.187733993 0.0248179995
v 4.08902597 4.49063301 -2.38081789
v 4.05571699 4.52028322 -2.37478995
v 4.04268599 4.514256 -2.41715503
v 4.07599497 4.48460579 -2.42318296
v 0.893335998 0.181707993 -0.017546
v 0.860026002 0.211357996 -0.0115179997
v 0.860026002 0.211357996 -0.0115179997
v 0.873058021 0.217383996 0.030847
v 4.05571699 4.52028322 -2.37478995
v 4.04268599 4.514256 -2.41715503
v 0.906367004 0.187733993 0.0248179995
v 0.893335998 0.181707993 -0.017546
v 4.07599497 4.48460579 -2.42318296
v 4.08902597 4.49063301 -2.38081789
v -2.30223608 5.65479517 2.42579699
v -1.07548296 0.166939005 0.115189999
v -1.04544497 0.184644997 0.0871710032
v -2.27219796 5.67250109 2.39777803
v -1.10839903 0.178443 0.0871710032
v -2.3351531 5.66629791 2.39777803
v -2.30511403 5.68400478 2.36975908
v -1.07836103 0.196149006 0.0591530018
v -2.27219796 5.67250109 2.39777803
v -1.04544497 0.184644997 0.0871710032
v -1.07836103 0.196149006 0.0591530018
v -2.30511403 5.68400478 2.36975908
v -2.3351531 5.66629791 2.39777803
v -1.10839903 0.178443 0.0871710032
v -1.07548296 0.166939005 0.115189999
v -2.30223608 5.65479517 2.42579699
v -3.19177699 4.98607111 -2.37195492
v -1.06368995 0.205728993 0.0326949991
v -1.04472399 0.193544999 -0.00594000006
v -3.17281103 4.97388601 -2.41058993
v -1.10248899 0.187994003 0.0192409996
v -3.23057604 4.96833611 -2.38540912
v -3.21160889 4.95615292 -2.42404509
v -1.08352196 0.175810993 -0.0193949994
v -3.17281103 4.97388601 -2.41058993
v -1.04472399 0.193544999 -0.00594000006
v -1.08352196 0.175810993 -0.0193949994
v -3.21160889 4.95615292 -2.42404509
v -3.23057604 4.96833611 -2.38540912
v -1.10248899 0.187994003 0.0192409996
v -1.06368995 0.205728993 0.0326949991
v -3.19177699 4.98607111 -2.37195492
v -1.20319498 0.202081993 0.186577007
v -1.20319498 0.0619940013 0.0522769988
v -1.11957204 0 0.0522769988
v -1.11957204 0.202081993 0.246009007
v -1.20319498 0.342171013 0.0522769988
v -1.20319498 0.202081993 0.186577007
v -1.11957204 0.202081993 0.246009007
v -1.11957204 0.404165 0.0522769988
v -1.20319498 0.202083007 -0.0820230022
v -1.20319498 0.342171013 0.0522769988
v -1.11957204 0.404165 0.0522769988
v -1.11957204 0.202083007 -0.141454995
v -1.20319498 0.0619940013 0.0522769988
v -1.20319498 0.202083007 -0.0820230022
v -1.11957204 0.202083007 -0.141454995
v -1.11957204 0 0.0522769988
v 1.04124999 0.202081993 0.202785
v 1.04124999 0.0450860001 0.0522769988
v 1.04124999 0.202083007 -0.0982320011
v 1.04124999 0.359079003 0.0522769988
v -1.20319498 0.342171013 0.0522769988
v -1.20319498 0.202083007 -0.0820230022
v -1.20319498 0.0619940013 0.0522769988
v -1.20319498 0.202081993 0.186577007
v 0.332841009 0.353116989 0.0522769988
v 0.332841009 0.202081993 0.197069004
v 0.374143004 0.202081993 0.246009007
v 0.374143004 0.404165 0.0522769988
v 0.374143004 0.202083007 -0.141454995
v 0.332841009 0.202083007 -0.0925159976
v 0.332841009 0.353116989 0.0522769988
v 0.374143004 0.404165 0.0522769988
v 0.374143004 0 0.0522769988
v 0.332841009 0.0510490015 0.0522769988
v 0.332841009 0.202083007 -0.0925159976
v 0.374143004 0.202083007 -0.141454995
v 0.374143004 0.202081993 0.246009007
v 0.332841009 0.202081993 0.197069004
v 0.332841009 0.0510490015 0.0522769988
v 0.374143004 0 0.0522769988
v -0.520241976 0.353116989 0.0522769988
v -0.520241976 0.202081993 0.197069004
v 0.332841009 0.202081993 0.197069004
v 0.332841009 0.353116989 0.0522769988
v 0.332841009 0.202083007 -0.0925159976
v -0.520241976 0.202083007 -0.0925159976
v -0.520241976 0.353116989 0.0522769988
v 0.332841009 0.353116989 0.0522769988
v 0.332841009 0.0510490015 0.0522769988
v -0.520241976 0.0510490015 0.0522769988
v -0.520241976 0.202083007 -0.0925159976
v 0.332841009 0.202083007 -0.0925159976
v 0.332841009 0.202081993 0.197069004
v -0.520241976 0.202081993 0.197069004
v -0.520241976 0.0510490015 0.0522769988
v 0.332841009 0.0510490015 0.0522769988
v 0.374143004 0.404165 0.0522769988
v 0.374143004 0.202081993 0.246009007
v 0.943445027 0.202081993 0.246009007
v 0.943445027 0.404165 0.0522769988
v 0.943445027 0.202083007 -0.141454995
v 0.374143004 0.202083007 -0.141454995
v 0.374143004 0.404165 0.0522769988
v 0.943445027 0.404165 0.0522769988
v 0.943445027 0 0.0522769988
v 0.374143004 0 0.0522769988
v 0.374143004 0.202083007 -0.141454995
v 0.943445027 0.202083007 -0.141454995
v 0.943445027 0.202081993 0.246009007
v 0.374143004 0.202081993 0.246009007
v 0.374143004 0 0.0522769988
v 0.943445027 0 0.0522769988
v -0.584089994 0.404165 0.0522769988
v -0.584089994 0.202081993 0.246009007
v -0.520241976 0.202081993 0.197069004
v -0.520241976 0.353116989 0.0522769988
v -0.520241976 0.202083007 -0.0925159976
v -0.584089994 0.202083007 -0.141454995
v -0.584089994 0.404165 0.0522769988
v -0.520241976 0.353116989 0.0522769988
v -0.520241976 0.0510490015 0.0522769988
v -0.584089994 0 0.0522769988
v -0.584089994 0.202083007 -0.141454995
v -0.520241976 0.202083007 -0.0925159976
v -0.520241976 0.202081993 0.197069004
v -0.584089994 0.202081993 0.246009007
v -0.584089994 0 0.0522769988
v -0.520241976 0.0510490015 0.0522769988
v -1.11957204 0.404165 0.0522769988
v -1.11957204 0.202081993 0.246009007
v -0.584089994 0.202081993 0.246009007
v -0.584089994 0.404165 0.0522769988
v -0.584089994 0.202083007 -0.141454995
v -1.11957204 0.202083007 -0.141454995
v -1.11957204 0.404165 0.0522769988
v -0.584089994 0.404165 0.0522769988
v -0.584089994 0 0.0522769988
v -1.11957204 0 0.0522769988
v -1.11957204 0.202083007 -0.141454995
v -0.584089994 0.202083007 -0.141454995
v -0.584089994 0.202081993 0.246009007
v -1.11957204 0.202081993 0.246009007
v -1.11957204 0 0.0522769988
v -0.584089994 0 0.0522769988
v 0.943445027 0.404165 0.0522769988
v 0.943445027 0.202081993 0.246009007
v 1.04124999 0.202081993 0.202785
v 1.04124999 0.359079003 0.0522769988
v 1.04124999 0.202083007 -0.0982320011
v 0.943445027 0.202083007 -0.141454995
v 0.943445027 0.404165 0.0522769988
v 1.04124999 0.359079003 0.0522769988
v 1.04124999 0.0450860001 0.0522769988
v 0.943445027 0 0.0522769988
v 0.943445027 0.202083007 -0.141454995
v 1.04124999 0.202083007 -0.0982320011
v 1.04124999 0.202081993 0.202785
v 0.943445027 0.202081993 0.246009007
v 0.943445027 0 0.0522769988
v 1.04124999 0.0450860001 0.0522769988
v 0.873058021 0.188874006 0.115273997
v 0.906367004 0.177875996 0.0870869979
v 4.08902597 4.53119087 2.40023804
v 4.05571699 4.54219007 2.42842603
v 4.04268599 4.57453203 2.40040708
v 4.07599497 4.56353283 2.37222004
v 0.893335998 0.210216999 0.0590680018
v 0.860026002 0.221215993 0.0872559994
v 0.860026002 0.221215993 0.0872559994
v 0.873058021 0.188874006 0.115273997
v 4.05571699 4.54219007 2.42842603
v 4.04268599 4.57453203 2.40040708
v 0.906367004 0.177875996 0.0870869979
v 0.893335998 0.210216999 0.0590680018
v 4.07599497 4.56353283 2.37222004
v 4.08902597 4.53119087 2.40023804
v -3.18771005 5.00748205 2.42579699
v -1.06919003 0.176773995 0.115189999
v -1.04344296 0.200287998 0.0871710032
v -3.16196299 5.03099489 2.39777803
v -1.10376894 0.181252003 0.0871710032
v -3.22229004 5.01195812 2.39777803
v -3.19654298 5.03547287 2.36975908
v -1.078022 0.204766005 0.0591530018
v -3.16196299 5.03099489 2.39777803
v -1.04344296 0.200287998 0.0871710032
v -1.078022 0.204766005 0.0591530018
v -3.19654298 5.03547287 2.36975908
v -3.22229004 5.01195812 2.39777803
v -1.10376894 0.181252003 0.0871710032
v -1.06919003 0.176773995 0.115189999
v -3.18771005 5.00748205 2.42579699
v 1.94477201 5.58304882 2.32162189
v 2.16535997 5.62693787 2.31691194
v 2.25763607 5.61051321 2.46873212
v 2.002846 5.57271194 2.60893703
v 2.13870597 6.33895683 2.21091104
v 2.35431004 6.15873194 2.17021203
v 2.39444804 6.38422489 1.00244498
v 2.17829394 6.56135893 1.03200698
v 2.00182509 5.57289314 -2.60893703
v 2.25503397 5.6060338 -2.47546101
v 2.16275811 5.62245893 -2.32385993
v 1.94375205 5.58323002 -2.33160591
v 2.07382607 6.31104898 0.977185011
v 2.28211999 6.28800106 0.977598011
v 2.24152303 6.05992317 2.10350299
v 2.03326297 6.08316994 2.11631393
v 1.28480196 6.35155582 2.17091489
v 1.491436 6.45081806 2.20994902
v 1.53103602 6.67329311 1.03130805
v 1.32492995 6.57699394 1.00295603
v 1.35621405 5.68781185 -2.60545492
v 1.44491303 5.67202282 -2.33517098
v 1.26548004 5.78217316 -2.32136798
v 1.18695498 5.79615116 -2.478122
v 1.574471 6.40321112 0.977883995
v 1.53392196 6.17540503 2.11727595
v 1.34196901 6.21759081 2.10279989
v 1.38257599 6.44572306 0.977087021
v 1.44375706 5.67222881 2.32510591
v 1.35505795 5.68801689 2.6053741
v 1.18582594 5.80129385 2.47123098
v 1.26435101 5.7873168 2.31425691
v 1.491436 6.45081806 2.20994902
v 2.13870597 6.33895683 2.21091104
v 2.17829394 6.56135893 1.03200698
v 1.53103602 6.67329311 1.03130805
v 2.00182509 5.57289314 -2.60893703
v 1.94375205 5.58323002 -2.33160591
v 1.44491303 5.67202282 -2.33517098
v 1.35621405 5.68781185 -2.60545492
v 2.07382607 6.31104898 0.977185011
v 2.03326297 6.08316994 2.11631393
v 1.53392196 6.17540503 2.11727595
v 1.574471 6.40321112 0.977883995
v 1.94477201 5.58304882 2.32162189
v 2.002846 5.57271194 2.60893703
v 1.35505795 5.68801689 2.6053741
v 1.44375706 5.67222881 2.32510591
v 2.03326297 6.08316994 2.11631393
v 2.24152303 6.05992317 2.10350299
v 2.20657611 5.86359406 2.26594305
v 2.0005281 5.899261 2.27509403
v 2.35431004 6.15873194 2.17021203
v 2.13870597 6.33895683 2.21091104
v 2.07130194 5.96027517 2.54589295
v 2.30485606 5.88089991 2.40527201
v 1.34196901 6.21759081 2.10279989
v 1.53392196 6.17540503 2.11727595
v 1.50076199 5.98911285 2.27841806
v 1.30733299 6.02300501 2.2635119
v 1.491436 6.45081806 2.20994902
v 1.28480196 6.35155582 2.17091489
v 1.23503804 6.07198 2.40770292
v 1.42445505 6.07451916 2.54256892
v 1.53392196 6.17540503 2.11727595
v 2.03326297 6.08316994 2.11631393
v 2.0005281 5.899261 2.27509403
v 1.50076199 5.98911285 2.27841806
v 2.13870597 6.33895683 2.21091104
v 1.491436 6.45081806 2.20994902
v 1.42445505 6.07451916 2.54256892
v 2.07130194 5.96027517 2.54589295
v 2.13871789 6.33902311 -2.19891095
v 2.3543129 6.1587491 -2.15838408
v 2.30501103 5.88177109 -2.39324093
v 2.07323289 5.97112417 -2.53078103
v 2.24151111 6.05985785 -2.09195709
v 2.03326011 6.08314991 -2.09974504
v 1.99981201 5.89523888 -2.27474403
v 2.20487309 5.85402918 -2.27223301
v 1.28480506 6.35157204 -2.15908408
v 1.49144804 6.45088196 -2.19795299
v 1.42634499 6.08513212 -2.527529
v 1.23522401 6.0730238 -2.39561796
v 1.53391898 6.175385 -2.100703
v 1.34195805 6.21752501 -2.0912571
v 1.30560005 6.01326704 -2.26985502
v 1.50008798 5.98532486 -2.27799511
v 1.49144804 6.45088196 -2.19795299
v 2.13871789 6.33902311 -2.19891095
v 2.07323289 5.97112417 -2.53078103
v 1.42634499 6.08513212 -2.527529
v 2.03326011 6.08314991 -2.09974504
v 1.53391898 6.175385 -2.100703
v 1.50008798 5.98532486 -2.27799511
v 1.99981201 5.89523888 -2.27474403
v 2.0005281 5.899261 2.27509403
v 2.20657611 5.86359406 2.26594305
v 2.16535997 5.62693787 2.31691194
v 1.94477201 5.58304882 2.32162189
v 2.30485606 5.88089991 2.40527201
v 2.07130194 5.96027517 2.54589295
v 2.002846 5.57271194 2.60893703
v 2.25763607 5.61051321 2.46873212
v 1.30733299 6.02300501 2.2635119
v 1.50076199 5.98911285 2.27841806
v 1.44375706 5.67222881 2.32510591
v 1.26435101 5.7873168 2.31425691
v 1.42445505 6.07451916 2.54256892
v 1.23503804 6.07198 2.40770292
v 1.18582594 5.80129385 2.47123098
v 1.35505795 5.68801689 2.6053741
v 1.50076199 5.98911285 2.27841806
v 2.0005281 5.899261 2.27509403
v 1.94477201 5.58304882 2.32162189
v 1.44375706 5.67222881 2.32510591
v 2.07130194 5.96027517 2.54589295
v 1.42445505 6.07451916 2.54256892
v 1.35505795 5.68801689 2.6053741
v 2.002846 5.57271194 2.60893703
v 2.07323289 5.97112417 -2.53078103
v 2.30501103 5.88177109 -2.39324093
v 2.25503397 5.6060338 -2.47546101
v 2.00182509 5.57289314 -2.60893703
v 2.20487309 5.85402918 -2.27223301
v 1.99981201 5.89523888 -2.27474403
v 1.94375205 5.58323002 -2.33160591
v 2.16275811 5.62245893 -2.32385993
v 1.23522401 6.0730238 -2.39561796
v 1.42634499 6.08513212 -2.527529
v 1.35621405 5.68781185 -2.60545492
v 1.18695498 5.79615116 -2.478122
v 1.50008798 5.98532486 -2.27799511
v 1.30560005 6.01326704 -2.26985502
v 1.26548004 5.78217316 -2.32136798
v 1.44491303 5.67202282 -2.33517098
v 1.42634499 6.08513212 -2.527529
v 2.07323289 5.97112417 -2.53078103
v 2.00182509 5.57289314 -2.60893703
v 1.35621405 5.68781185 -2.60545492
v 1.99981201 5.89523888 -2.27474403
v 1.50008798 5.98532486 -2.27799511
v 1.44491303 5.67202282 -2.33517098
v 1.94375205 5.58323002 -2.33160591
v 1.32492995 6.57699394 1.00295603
v 1.53103602 6.67329311 1.03130805
v 1.53578401 6.699965 0.00592700019
v 1.32914495 6.60067177 0.00588600012
v 1.53103602 6.67329311 1.03130805
v 2.17829394 6.56135893 1.03200698
v 2.18305492 6.5881052 0.00592799997
v 1.53578401 6.699965 0.00592700019
v 2.17829394 6.56135893 1.03200698
v 2.39444804 6.38422489 1.00244498
v 2.39865303 6.40784788 0.00588499987
v 2.18305492 6.5881052 0.00592799997
v 2.07760096 6.33226204 0.00707100006
v 2.28585601 6.30898619 0.00581499981
v 2.28211999 6.28800106 0.977598011
v 2.07382607 6.31104898 0.977185011
v 2.07382607 6.31104898 0.977185011
v 1.574471 6.40321112 0.977883995
v 1.57825994 6.42449808 0.00707199983
v 2.07760096 6.33226204 0.00707100006
v 1.574471 6.40321112 0.977883995
v 1.38257599 6.44572306 0.977087021
v 1.38630199 6.46665287 0.00581400003
v 1.57825994 6.42449808 0.00707199983
v 1.32489002 6.57676697 -0.992030978
v 1.53101301 6.67316008 -1.02001202
v 1.49144804 6.45088196 -2.19795299
v 1.28480506 6.35157204 -2.15908408
v 1.53101301 6.67316008 -1.02001202
v 2.17827106 6.5612278 -1.02070105
v 2.13871789 6.33902311 -2.19891095
v 1.49144804 6.45088196 -2.19795299
v 2.17827106 6.5612278 -1.02070105
v 2.39440703 6.38399601 -0.991526008
v 2.3543129 6.1587491 -2.15838408
v 2.13871789 6.33902311 -2.19891095
v 2.03326011 6.08314991 -2.09974504
v 2.24151111 6.05985785 -2.09195709
v 2.28205991 6.28766298 -0.967067003
v 2.07385993 6.31124115 -0.964232981
v 2.07385993 6.31124115 -0.964232981
v 1.57450604 6.40340519 -0.964922011
v 1.53391898 6.175385 -2.100703
v 2.03326011 6.08314991 -2.09974504
v 1.57450604 6.40340519 -0.964922011
v 1.38251603 6.44538307 -0.966562986
v 1.34195805 6.21752501 -2.0912571
v 1.53391898 6.175385 -2.100703
v 1.32914495 6.60067177 0.00588600012
v 1.53578401 6.699965 0.00592700019
v 1.53101301 6.67316008 -1.02001202
v 1.32489002 6.57676697 -0.992030978
v 1.53578401 6.699965 0.00592700019
v 2.18305492 6.5881052 0.00592799997
v 2.17827106 6.5612278 -1.02070105
v 1.53101301 6.67316008 -1.02001202
v 2.18305492 6.5881052 0.00592799997
v 2.39865303 6.40784788 0.00588499987
v 2.39440703 6.38399601 -0.991526008
v 2.17827106 6.5612278 -1.02070105
v 2.07385993 6.31124115 -0.964232981
v 2.28205991 6.28766298 -0.967067003
v 2.28585601 6.30898619 0.00581499981
v 2.07760096 6.33226204 0.00707100006
v 2.07760096 6.33226204 0.00707100006
v 1.57825994 6.42449808 0.00707199983
v 1.57450604 6.40340519 -0.964922011
v 2.07385993 6.31124115 -0.964232981
v 1.57825994 6.42449808 0.00707199983
v 1.38630199 6.46665287 0.00581400003
v 1.38251603 6.44538307 -0.966562986
v 1.57450604 6.40340519 -0.964922011
v 0.853174984 5.78995419 2.32162189
v 1.06265795 5.81089592 2.31691194
v 1.15638399 5.81089592 2.46873212
v 0.912160993 5.78995419 2.60893703
v 0.911639988 6.568151 2.21091104
v 1.15549004 6.36757278 2.17021203
v 1.15549004 6.59660912 1.00244498
v 0.911639988 6.79404783 1.03200698
v 0.911125004 5.78995419 -2.60893703
v 1.15460706 5.8060298 -2.47546101
v 1.06088102 5.8060298 -2.32385993
v 0.852138996 5.78995419 -2.33160591
v 0.852653027 6.52930498 0.977185011
v 1.061764 6.48219013 0.977598011
v 1.061764 6.25052691 2.10350299
v 0.852653027 6.29784298 2.11631393
v 0.0521549992 6.44460297 2.17091489
v 0.254783005 6.57661295 2.20994902
v 0.254783005 6.80258608 1.03130805
v 0.0645269975 6.6732502 1.00295603
v 0.255365998 5.80171824 -2.60545492
v 0.345459014 5.80171824 -2.33517098
v 0.102324001 5.87710714 -2.32136798
v 0.0226809997 5.88141584 -2.478122
v 0.344875991 6.54429388 0.977883995
v 0.344875991 6.31290722 2.11727595
v 0.125212997 6.31859922 2.10279989
v 0.137732998 6.54997683 0.977087021
v 0.344283998 5.80171824 2.32510591
v 0.254191011 5.80171824 2.6053741
v 0.0209340006 5.88638401 2.47123098
v 0.100576997 5.88207388 2.31425691
v 0.254783005 6.57661295 2.20994902
v 0.911639988 6.568151 2.21091104
v 0.911639988 6.79404783 1.03200698
v 0.254783005 6.80258608 1.03130805
v 0.911125004 5.78995419 -2.60893703
v 0.852138996 5.78995419 -2.33160591
v 0.345459014 5.80171824 -2.33517098
v 0.255365998 5.80171824 -2.60545492
v 0.852653027 6.52930498 0.977185011
v 0.852653027 6.29784298 2.11631393
v 0.344875991 6.31290722 2.11727595
v 0.344875991 6.54429388 0.977883995
v 0.853174984 5.78995419 2.32162189
v 0.912160993 5.78995419 2.60893703
v 0.254191011 5.80171824 2.6053741
v 0.344283998 5.80171824 2.32510591
v 0.852653027 6.29784298 2.11631393
v 1.061764 6.25052691 2.10350299
v 1.061764 6.05111217 2.26594305
v 0.852653027 6.11104393 2.27509403
v 1.15549004 6.36757278 2.17021203
v 0.911639988 6.568151 2.21091104
v 0.911639988 6.18351698 2.54589295
v 1.15549004 6.08537388 2.40527201
v 0.125212997 6.31859922 2.10279989
v 0.344875991 6.31290722 2.11727595
v 0.344875991 6.12368679 2.27841806
v 0.114533 6.12124205 2.2635119
v 0.254783005 6.57661295 2.20994902
v 0.0521549992 6.44460297 2.17091489
v 0.036812 6.16104889 2.40770292
v 0.254783005 6.19439983 2.54256892
v 0.344875991 6.31290722 2.11727595
v 0.852653027 6.29784298 2.11631393
v 0.852653027 6.11104393 2.27509403
v 0.344875991 6.12368679 2.27841806
v 0.911639988 6.568151 2.21091104
v 0.254783005 6.57661295 2.20994902
v 0.254783005 6.19439983 2.54256892
v 0.911639988 6.18351698 2.54589295
v 0.911639988 6.5682168 -2.19891095
v 1.15549004 6.367589 -2.15838408
v 1.15549004 6.08625793 -2.39324093
v 0.911639988 6.19453478 -2.53078103
v 1.061764 6.25046206 -2.09195709
v 0.852653027 6.29782295 -2.09974504
v 0.852653027 6.10695791 -2.27474403
v 1.061764 6.04139614 -2.27223301
v 0.0521560013 6.44462013 -2.15908408
v 0.254783005 6.5766778 -2.19795299
v 0.254783005 6.20517921 -2.527529
v 0.0368690006 6.16210699 -2.39561796
v 0.344875991 6.31288815 -2.100703
v 0.125209004 6.31853199 -2.0912571
v 0.113999002 6.1113658 -2.26985502
v 0.344875991 6.1198411 -2.27799511
v 0.254783005 6.5766778 -2.19795299
v 0.911639988 6.5682168 -2.19891095
v 0.911639988 6.19453478 -2.53078103
v 0.254783005 6.20517921 -2.527529
v 0.852653027 6.29782295 -2.09974504
v 0.344875991 6.31288815 -2.100703
v 0.344875991 6.1198411 -2.27799511
v 0.852653027 6.10695791 -2.27474403
v 0.852653027 6.11104393 2.27509403
v 1.061764 6.05111217 2.26594305
v 1.06265795 5.81089592 2.31691194
v 0.853174984 5.78995419 2.32162189
v 1.15549004 6.08537388 2.40527201
v 0.911639988 6.18351698 2.54589295
v 0.912160993 5.78995419 2.60893703
v 1.15638399 5.81089592 2.46873212
v 0.114533 6.12124205 2.2635119
v 0.344875991 6.12368679 2.27841806
v 0.344283998 5.80171824 2.32510591
v 0.100576997 5.88207388 2.31425691
v 0.254783005 6.19439983 2.54256892
v 0.036812 6.16104889 2.40770292
v 0.0209340006 5.88638401 2.47123098
v 0.254191011 5.80171824 2.6053741
v 0.344875991 6.12368679 2.27841806
v 0.852653027 6.11104393 2.27509403
v 0.853174984 5.78995419 2.32162189
v 0.344283998 5.80171824 2.32510591
v 0.911639988 6.18351698 2.54589295
v 0.254783005 6.19439983 2.54256892
v 0.254191011 5.80171824 2.6053741
v 0.912160993 5.78995419 2.60893703
v 0.911639988 6.19453478 -2.53078103
v 1.15549004 6.08625793 -2.39324093
v 1.15460706 5.8060298 -2.47546101
v 0.911125004 5.78995419 -2.60893703
v 1.061764 6.04139614 -2.27223301
v 0.852653027 6.10695791 -2.27474403
v 0.852138996 5.78995419 -2.33160591
v 1.06088102 5.8060298 -2.32385993
v 0.0368690006 6.16210699 -2.39561796
v 0.254783005 6.20517921 -2.527529
v 0.255365998 5.80171824 -2.60545492
v 0.0226809997 5.88141584 -2.478122
v 0.344875991 6.1198411 -2.27799511
v 0.113999002 6.1113658 -2.26985502
v 0.102324001 5.87710714 -2.32136798
v 0.345459014 5.80171824 -2.33517098
v 0.254783005 6.20517921 -2.527529
v 0.911639988 6.19453478 -2.53078103
v 0.911125004 5.78995419 -2.60893703
v 0.255365998 5.80171824 -2.60545492
v 0.852653027 6.10695791 -2.27474403
v 0.344875991 6.1198411 -2.27799511
v 0.345459014 5.80171824 -2.33517098
v 0.852138996 5.78995419 -2.33160591
v 0.0645269975 6.6732502 1.00295603
v 0.254783005 6.80258608 1.03130805
v 0.254783005 6.8296771 0.00592700019
v 0.0658269972 6.69726515 0.00588600012
v 0.254783005 6.80258608 1.03130805
v 0.911639988 6.79404783 1.03200698
v 0.911639988 6.82121611 0.00592799997
v 0.254783005 6.8296771 0.00592700019
v 0.911639988 6.79404783 1.03200698
v 1.15549004 6.59660912 1.00244498
v 1.15549004 6.62060499 0.00588499987
v 0.911639988 6.82121611 0.00592799997
v 0.852653027 6.55085087 0.00707100006
v 1.061764 6.50350523 0.00581499981
v 1.061764 6.48219013 0.977598011
v 0.852653027 6.52930498 0.977185011
v 0.852653027 6.52930498 0.977185011
v 0.344875991 6.54429388 0.977883995
v 0.344875991 6.56591511 0.00707199983
v 0.852653027 6.55085087 0.00707100006
v 0.344875991 6.54429388 0.977883995
v 0.137732998 6.54997683 0.977087021
v 0.138880998 6.57120514 0.00581400003
v 0.344875991 6.56591511 0.00707199983
v 0.0645150021 6.67301989 -0.992030978
v 0.254783005 6.80245018 -1.02001202
v 0.254783005 6.5766778 -2.19795299
v 0.0521560013 6.44462013 -2.15908408
v 0.254783005 6.80245018 -1.02001202
v 0.911639988 6.79391623 -1.02070105
v 0.911639988 6.5682168 -2.19891095
v 0.254783005 6.5766778 -2.19795299
v 0.911639988 6.79391623 -1.02070105
v 1.15549004 6.5963769 -0.991526008
v 1.15549004 6.367589 -2.15838408
v 0.911639988 6.5682168 -2.19891095
v 0.852653027 6.29782295 -2.09974504
v 1.061764 6.25046206 -2.09195709
v 1.061764 6.48184776 -0.967067003
v 0.852653027 6.52950001 -0.964232981
v 0.852653027 6.52950001 -0.964232981
v 0.344875991 6.54449177 -0.964922011
v 0.344875991 6.31288815 -2.100703
v 0.852653027 6.29782295 -2.09974504
v 0.344875991 6.54449177 -0.964922011
v 0.137713999 6.54963303 -0.966562986
v 0.125209004 6.31853199 -2.0912571
v 0.344875991 6.31288815 -2.100703
v 0.0658269972 6.69726515 0.00588600012
v 0.254783005 6.8296771 0.00592700019
v 0.254783005 6.80245018 -1.02001202
v 0.0645150021 6.67301989 -0.992030978
v 0.254783005 6.8296771 0.00592700019
v 0.911639988 6.82121611 0.00592799997
v 0.911639988 6.79391623 -1.02070105
v 0.254783005 6.80245018 -1.02001202
v 0.911639988 6.82121611 0.00592799997
v 1.15549004 6.62060499 0.00588499987
v 1.15549004 6.5963769 -0.991526008
v 0.911639988 6.79391623 -1.02070105
v 0.852653027 6.52950001 -0.964232981
v 1.061764 6.48184776 -0.967067003
v 1.061764 6.50350523 0.00581499981
v 0.852653027 6.55085087 0.00707100006
v 0.852653027 6.55085087 0.00707100006
v 0.344875991 6.56591511 0.00707199983
v 0.344875991 6.54449177 -0.964922011
v 0.852653027 6.52950001 -0.964232981
v 0.344875991 6.56591511 0.00707199983
v 0.138880998 6.57120514 0.00581400003
v 0.137713999 6.54963303 -0.966562986
v 0.344875991 6.54449177 -0.964922011
v 2.89204097 5.11963892 2.32162189
v 3.11301494 5.07773399 2.31691194
v 3.19242597 5.02795076 2.46873212
v 2.94201899 5.08830786 2.60893703
v 3.35492206 5.74793005 2.21091104
v 3.48735189 5.50008297 2.17021203
v 3.60900688 5.694139 1.00244498
v 3.47490907 5.93932676 1.03200698
v 2.94113994 5.08885908 -2.60893703
v 3.1883359 5.02477312 -2.47546101
v 3.1089251 5.07455492 -2.32385993
v 2.89116311 5.12019014 -2.33160591
v 3.28431106 5.74634695 0.977185011
v 3.46882105 5.6469779 0.977598011
v 3.34577107 5.4506979 2.10350299
v 3.16136789 5.55023718 2.11631393
v 2.56786203 6.07936382 2.17091489
v 2.79663205 6.094028 2.20994902
v 2.91665792 6.28548813 1.03130805
v 2.68948793 6.27337408 1.00295603
v 2.38553309 5.43717003 -2.60545492
v 2.46186709 5.38931704 -2.33517098
v 2.33673596 5.55864286 -2.32136798
v 2.26915789 5.60100698 -2.478122
v 2.85579896 6.0187912 0.977883995
v 2.73289609 5.82274294 2.11727595
v 2.57070589 5.93374014 2.10279989
v 2.693784 6.13006687 0.977087021
v 2.46087193 5.38993979 2.32510591
v 2.38453889 5.43779421 2.6053741
v 2.27003694 5.60619879 2.47123098
v 2.33761501 5.56383514 2.31425691
v 2.79663205 6.094028 2.20994902
v 3.35492206 5.74793005 2.21091104
v 3.47490907 5.93932676 1.03200698
v 2.91665792 6.28548813 1.03130805
v 2.94113994 5.08885908 -2.60893703
v 2.89116311 5.12019014 -2.33160591
v 2.46186709 5.38931704 -2.33517098
v 2.38553309 5.43717003 -2.60545492
v 3.28431106 5.74634695 0.977185011
v 3.16136789 5.55023718 2.11631393
v 2.73289609 5.82274294 2.11727595
v 2.85579896 6.0187912 0.977883995
v 2.89204097 5.11963892 2.32162189
v 2.94201899 5.08830786 2.60893703
v 2.38453889 5.43779421 2.6053741
v 2.46087193 5.38993979 2.32510591
v 3.16136789 5.55023718 2.11631393
v 3.34577107 5.4506979 2.10350299
v 3.23985004 5.2817378 2.26594305
v 3.06214905 5.39196682 2.27509403
v 3.48735189 5.50008297 2.17021203
v 3.35492206 5.74793005 2.21091104
v 3.15061998 5.42203999 2.54589295
v 3.33746004 5.26098394 2.40527201
v 2.57070589 5.93374014 2.10279989
v 2.73289609 5.82274294 2.11727595
v 2.63239002 5.66242218 2.27841806
v 2.46572495 5.76628017 2.2635119
v 2.79663205 6.094028 2.20994902
v 2.56786203 6.07936382 2.17091489
v 2.4170289 5.83876419 2.40770292
v 2.59361601 5.77018785 2.54256892
v 2.73289609 5.82274294 2.11727595
v 3.16136789 5.55023718 2.11631393
v 3.06214905 5.39196682 2.27509403
v 2.63239002 5.66242218 2.27841806
v 3.35492206 5.74793005 2.21091104
v 2.79663205 6.094028 2.20994902
v 2.59361601 5.77018785 2.54256892
v 3.15061998 5.42203999 2.54589295
v 3.3549571 5.74798679 -2.19891095
v 3.48736095 5.5000968 -2.15838408
v 3.33792996 5.26173306 -2.39324093
v 3.15647292 5.43137598 -2.53078103
v 3.34573603 5.45064211 -2.09195709
v 3.16135812 5.55022001 -2.09974504
v 3.05997801 5.38850498 -2.27474403
v 3.234689 5.27350616 -2.27223301
v 2.56787109 6.07937813 -2.15908408
v 2.79666591 6.09408283 -2.19795299
v 2.59934211 5.7793231 -2.527529
v 2.41759205 5.83966208 -2.39561796
v 2.73288488 5.8227272 -2.100703
v 2.57067108 5.93368196 -2.0912571
v 2.46047091 5.75789881 -2.26985502
v 2.63034701 5.659163 -2.27799511
v 2.79666591 6.09408283 -2.19795299
v 3.3549571 5.74798679 -2.19891095
v 3.15647292 5.43137598 -2.53078103
v 2.59934211 5.7793231 -2.527529
v 3.16135812 5.55022001 -2.09974504
v 2.73288488 5.8227272 -2.100703
v 2.63034701 5.659163 -2.27799511
v 3.05997801 5.38850498 -2.27474403
v 3.06214905 5.39196682 2.27509403
v 3.23985004 5.2817378 2.26594305
v 3.11301494 5.07773399 2.31691194
v 2.89204097 5.11963892 2.32162189
v 3.33746004 5.26098394 2.40527201
v 3.15061998 5.42203999 2.54589295
v 2.94201899 5.08830786 2.60893703
v 3.19242597 5.02795076 2.46873212
v 2.46572495 5.76628017 2.2635119
v 2.63239002 5.66242218 2.27841806
v 2.46087193 5.38993979 2.32510591
v 2.33761501 5.56383514 2.31425691
v 2.59361601 5.77018785 2.54256892
v 2.4170289 5.83876419 2.40770292
v 2.27003694 5.60619879 2.47123098
v 2.38453889 5.43779421 2.6053741
v 2.63239002 5.66242218 2.27841806
v 3.06214905 5.39196682 2.27509403
v 2.89204097 5.11963892 2.32162189
v 2.46087193 5.38993979 2.32510591
v 3.15061998 5.42203999 2.54589295
v 2.59361601 5.77018785 2.54256892
v 2.38453889 5.43779421 2.6053741
v 2.94201899 5.08830786 2.60893703
v 3.15647292 5.43137598 -2.53078103
v 3.33792996 5.26173306 -2.39324093
v 3.1883359 5.02477312 -2.47546101
v 2.94113994 5.08885908 -2.60893703
v 3.234689 5.27350616 -2.27223301
v 3.05997801 5.38850498 -2.27474403
v 2.89116311 5.12019014 -2.33160591
v 3.1089251 5.07455492 -2.32385993
v 2.41759205 5.83966208 -2.39561796
v 2.59934211 5.7793231 -2.527529
v 2.38553309 5.43717003 -2.60545492
v 2.26915789 5.60100698 -2.478122
v 2.63034701 5.659163 -2.27799511
v 2.46047091 5.75789881 -2.26985502
v 2.33673596 5.55864286 -2.32136798
v 2.46186709 5.38931704 -2.33517098
v 2.59934211 5.7793231 -2.527529
v 3.15647292 5.43137598 -2.53078103
v 2.94113994 5.08885908 -2.60893703
v 2.38553309 5.43717003 -2.60545492
v 3.05997801 5.38850498 -2.27474403
v 2.63034701 5.659163 -2.27799511
v 2.46186709 5.38931704 -2.33517098
v 2.89116311 5.12019014 -2.33160591
v 2.68948793 6.27337408 1.00295603
v 2.91665792 6.28548813 1.03130805
v 2.93104792 6.30844212 0.00592700019
v 2.70226192 6.29375076 0.00588600012
v 2.91665792 6.28548813 1.03130805
v 3.47490907 5.93932676 1.03200698
v 3.48933911 5.96234512 0.00592799997
v 2.93104792 6.30844212 0.00592700019
v 3.47490907 5.93932676 1.03200698
v 3.60900688 5.694139 1.00244498
v 3.62175202 5.71446991 0.00588499987
v 3.48933911 5.96234512 0.00592799997
v 3.29575491 5.76460409 0.00707100006
v 3.48014212 5.66503811 0.00581499981
v 3.46882105 5.6469779 0.977598011
v 3.28431106 5.74634695 0.977185011
v 3.28431106 5.74634695 0.977185011
v 2.85579896 6.0187912 0.977883995
v 2.86728311 6.03710985 0.00707199983
v 3.29575491 5.76460409 0.00707100006
v 2.85579896 6.0187912 0.977883995
v 2.693784 6.13006687 0.977087021
v 2.70507693 6.14807987 0.00581400003
v 2.86728311 6.03710985 0.00707199983
v 2.68936491 6.2731781 -0.992030978
v 2.91658711 6.28537321 -1.02001202
v 2.79666591 6.09408283 -2.19795299
v 2.56787109 6.07937813 -2.15908408
v 2.91658711 6.28537321 -1.02001202
v 3.47483897 5.93921518 -1.02070105
v 3.3549571 5.74798679 -2.19891095
v 2.79666591 6.09408283 -2.19795299
v 3.47483897 5.93921518 -1.02070105
v 3.6088841 5.69394302 -0.991526008
v 3.48736095 5.5000968 -2.15838408
v 3.3549571 5.74798679 -2.19891095
v 3.16135812 5.55022001 -2.09974504
v 3.34573603 5.45064211 -2.09195709
v 3.46863794 5.64668798 -0.967067003
v 3.28441501 5.74651289 -0.964232981
v 3.28441501 5.74651289 -0.964232981
v 2.8559041 6.01895905 -0.964922011
v 2.73288488 5.8227272 -2.100703
v 3.16135812 5.55022001 -2.09974504
v 2.8559041 6.01895905 -0.964922011
v 2.69360089 6.12977505 -0.966562986
v 2.57067108 5.93368196 -2.0912571
v 2.73288488 5.8227272 -2.100703
v 2.70226192 6.29375076 0.00588600012
v 2.93104792 6.30844212 0.00592700019
v 2.91658711 6.28537321 -1.02001202
v 2.68936491 6.2731781 -0.992030978
v 2.93104792 6.30844212 0.00592700019
v 3.48933911 5.96234512 0.00592799997
v 3.47483897 5.93921518 -1.02070105
v 2.91658711 6.28537321 -1.02001202
v 3.48933911 5.96234512 0.00592799997
v 3.62175202 5.71446991 0.00588499987
v 3.6088841 5.69394302 -0.991526008
v 3.47483897 5.93921518 -1.02070105
v 3.28441501 5.74651289 -0.964232981
v 3.46863794 5.64668798 -0.967067003
v 3.48014212 5.66503811 0.00581499981
v 3.29575491 5.76460409 0.00707100006
v 3.29575491 5.76460409 0.00707100006
v 2.86728311 6.03710985 0.00707199983
v 2.8559041 6.01895905 -0.964922011
v 3.28441501 5.74651289 -0.964232981
v 2.86728311 6.03710985 0.00707199983
v 2.70507693 6.14807987 0.00581400003
v 2.69360089 6.12977505 -0.966562986
v 2.8559041 6.01895905 -0.964922011
v 3.71231699 4.39732981 2.32162189
v 3.91820312 4.30679607 2.31691194
v 3.98438191 4.24042702 2.46873212
v 3.75396705 4.35555983 2.60893703
v 4.30465603 4.90540695 2.21091104
v 4.3779459 4.6341238 2.17021203
v 4.54013205 4.79584503 1.00244498
v 4.46462011 5.06491184 1.03200698
v 3.7532351 4.35629511 -2.60893703
v 3.97968197 4.23824883 -2.47546101
v 3.91350198 4.30461884 -2.32385993
v 3.71158504 4.39806414 -2.33160591
v 4.23549795 4.91974783 0.977185011
v 4.39292908 4.78142405 0.977598011
v 4.22888517 4.61784887 2.10350299
v 4.07159615 4.75631523 2.11631393
v 4.22888517 4.61784887 2.10350299
v 4.39292908 4.78142405 0.977598011
v 4.54013205 4.79584503 1.00244498
v 4.3779459 4.6341238 2.17021203
v 3.61231208 5.40537786 2.17091489
v 3.8385179 5.36821079 2.20994902
v 3.99853396 5.52776718 1.03130805
v 3.77446008 5.56705999 1.00295603
v 3.29020905 4.82065201 -2.60545492
v 3.35382295 4.75685501 -2.33517098
v 3.26998401 4.94998789 -2.32136798
v 3.21366692 5.00646687 -2.478122
v 3.879246 5.2815938 0.977883995
v 3.71539593 5.11821413 2.11727595
v 3.58232903 5.26284599 2.10279989
v 3.74641204 5.42645884 0.977087021
v 3.35299397 4.75768709 2.32510591
v 3.28938007 4.82148409 2.6053741
v 3.21569204 5.01132822 2.47123098
v 3.2720089 4.95484877 2.31425691
v 3.8385179 5.36821079 2.20994902
v 4.30465603 4.90540695 2.21091104
v 4.46462011 5.06491184 1.03200698
v 3.99853396 5.52776718 1.03130805
v 3.7532351 4.35629511 -2.60893703
v 3.71158504 4.39806414 -2.33160591
v 3.35382295 4.75685501 -2.33517098
v 3.29020905 4.82065201 -2.60545492
v 4.23549795 4.91974783 0.977185011
v 4.07159615 4.75631523 2.11631393
v 3.71539593 5.11821413 2.11727595
v 3.879246 5.2815938 0.977883995
v 3.71231699 4.39732981 2.32162189
v 3.75396705 4.35555983 2.60893703
v 3.28938007 4.82148409 2.6053741
v 3.35299397 4.75768709 2.32510591
v 4.07159615 4.75631523 2.11631393
v 4.22888517 4.61784887 2.10350299
v 4.08767414 4.47704411 2.26594305
v 3.9393189 4.62441778 2.27509403
v 4.3779459 4.6341238 2.17021203
v 4.30465603 4.90540695 2.21091104
v 4.03228903 4.63382101 2.54589295
v 4.17811489 4.43486691 2.40527201
v 4.22888517 4.61784887 2.10350299
v 4.3779459 4.6341238 2.17021203
v 4.17811489 4.43486691 2.40527201
v 4.08767414 4.47704411 2.26594305
v 3.58232903 5.26284599 2.10279989
v 3.71539593 5.11821413 2.11727595
v 3.58140492 4.98460817 2.27841806
v 3.44237089 5.12329102 2.2635119
v 3.8385179 5.36821079 2.20994902
v 3.61231208 5.40537786 2.17091489
v 3.41122699 5.20487118 2.40770292
v 3.56786394 5.09833288 2.54256892
v 3.71539593 5.11821413 2.11727595
v 4.07159615 4.75631523 2.11631393
v 3.9393189 4.62441778 2.27509403
v 3.58140492 4.98460817 2.27841806
v 4.30465603 4.90540695 2.21091104
v 3.8385179 5.36821079 2.20994902
v 3.56786394 5.09833288 2.54256892
v 4.03228903 4.63382101 2.54589295
v 4.30470419 4.90545511 -2.19891095
v 4.37795687 4.63413477 -2.15838408
v 4.17874098 4.43549109 -2.39324093
v 4.04009199 4.64160204 -2.53078103
v 4.22883797 4.6178031 -2.09195709
v 4.07158184 4.75630093 -2.09974504
v 3.93642592 4.62153292 -2.27474403
v 4.08079386 4.4701829 -2.27223301
v 4.37795687 4.63413477 -2.15838408
v 4.22883797 4.6178031 -2.09195709
v 4.08079386 4.4701829 -2.27223301
v 4.17874098 4.43549109 -2.39324093
v 3.612324 5.40539122 -2.15908408
v 3.83856392 5.36825705 -2.19795299
v 3.5754981 5.10594606 -2.527529
v 3.41197801 5.20561886 -2.39561796
v 3.71538305 5.11819983 -2.100703
v 3.58228111 5.26279879 -2.0912571
v 3.43536806 5.11630678 -2.26985502
v 3.57868099 4.98189116 -2.27799511
v 3.83856392 5.36825705 -2.19795299
v 4.30470419 4.90545511 -2.19891095
v 4.04009199 4.64160204 -2.53078103
v 3.5754981 5.10594606 -2.527529
v 4.07158184 4.75630093 -2.09974504
v 3.71538305 5.11819983 -2.100703
v 3.57868099 4.98189116 -2.27799511
v 3.93642592 4.62153292 -2.27474403
v 3.9393189 4.62441778 2.27509403
v 4.08767414 4.47704411 2.26594305
v 3.91820312 4.30679607 2.31691194
v 3.71231699 4.39732981 2.32162189
v 4.17811489 4.43486691 2.40527201
v 4.03228903 4.63382101 2.54589295
v 3.75396705 4.35555983 2.60893703
v 3.98438191 4.24042702 2.46873212
v 4.08767414 4.47704411 2.26594305
v 4.17811489 4.43486691 2.40527201
v 3.98438191 4.24042702 2.46873212
v 3.91820312 4.30679607 2.31691194
v 3.44237089 5.12329102 2.2635119
v 3.58140492 4.98460817 2.27841806
v 3.35299397 4.75768709 2.32510591
v 3.2720089 4.95484877 2.31425691
v 3.56786394 5.09833288 2.54256892
v 3.41122699 5.20487118 2.40770292
v 3.21569204 5.01132822 2.47123098
v 3.28938007 4.82148409 2.6053741
v 3.58140492 4.98460817 2.27841806
v 3.9393189 4.62441778 2.27509403
v 3.71231699 4.39732981 2.32162189
v 3.35299397 4.75768709 2.32510591
v 4.03228903 4.63382101 2.54589295
v 3.56786394 5.09833288 2.54256892
v 3.28938007 4.82148409 2.6053741
v 3.75396705 4.35555983 2.60893703
v 4.04009199 4.64160204 -2.53078103
v 4.17874098 4.43549109 -2.39324093
v 3.97968197 4.23824883 -2.47546101
v 3.7532351 4.35629511 -2.60893703
v 4.08079386 4.4701829 -2.27223301
v 3.93642592 4.62153292 -2.27474403
v 3.71158504 4.39806414 -2.33160591
v 3.91350198 4.30461884 -2.32385993
v 4.17874098 4.43549109 -2.39324093
v 4.08079386 4.4701829 -2.27223301
v 3.91350198 4.30461884 -2.32385993
v 3.97968197 4.23824883 -2.47546101
v 3.41197801 5.20561886 -2.39561796
v 3.5754981 5.10594606 -2.527529
v 3.29020905 4.82065201 -2.60545492
v 3.21366692 5.00646687 -2.478122
v 3.57868099 4.98189116 -2.27799511
v 3.43536806 5.11630678 -2.26985502
v 3.26998401 4.94998789 -2.32136798
v 3.35382295 4.75685501 -2.33517098
v 3.5754981 5.10594606 -2.527529
v 4.04009199 4.64160204 -2.53078103
v 3.7532351 4.35629511 -2.60893703
v 3.29020905 4.82065201 -2.60545492
v 3.93642592 4.62153292 -2.27474403
v 3.57868099 4.98189116 -2.27799511
v 3.35382295 4.75685501 -2.33517098
v 3.71158504 4.39806414 -2.33160591
v 3.77446008 5.56705999 1.00295603
v 3.99853396 5.52776718 1.03130805
v 4.01771784 5.54689693 0.00592700019
v 3.79149008 5.58404207 0.00588600012
v 3.99853396 5.52776718 1.03130805
v 4.46462011 5.06491184 1.03200698
v 4.4838562 5.08409405 0.00592799997
v 4.01771784 5.54689693 0.00592700019
v 4.46462011 5.06491184 1.03200698
v 4.54013205 4.79584503 1.00244498
v 4.55712318 4.81278706 0.00588499987
v 4.4838562 5.08409405 0.00592799997
v 4.39292908 4.78142405 0.977598011
v 4.40802288 4.79647398 0.00581499981
v 4.55712318 4.81278706 0.00588499987
v 4.54013205 4.79584503 1.00244498
v 4.25075579 4.93496084 0.00707100006
v 4.40802288 4.79647398 0.00581499981
v 4.39292908 4.78142405 0.977598011
v 4.23549795 4.91974783 0.977185011
v 4.23549795 4.91974783 0.977185011
v 3.879246 5.2815938 0.977883995
v 3.894557 5.29686117 0.00707199983
v 4.25075579 4.93496084 0.00707100006
v 3.879246 5.2815938 0.977883995
v 3.74641204 5.42645884 0.977087021
v 3.76146698 5.4414711 0.00581400003
v 3.894557 5.29686117 0.00707199983
v 3.77429605 5.56689787 -0.992030978
v 3.99843788 5.52767181 -1.02001202
v 3.83856392 5.36825705 -2.19795299
v 3.612324 5.40539122 -2.15908408
v 3.99843788 5.52767181 -1.02001202
v 4.46452522 5.06481695 -1.02070105
v 4.30470419 4.90545511 -2.19891095
v 3.83856392 5.36825705 -2.19795299
v 4.46452522 5.06481695 -1.02070105
v 4.53996801 4.795681 -0.991526008
v 4.37795687 4.63413477 -2.15838408
v 4.30470419 4.90545511 -2.19891095
v 4.39268684 4.78118181 -0.967067003
v 4.22883797 4.6178031 -2.09195709
v 4.37795687 4.63413477 -2.15838408
v 4.53996801 4.795681 -0.991526008
v 4.07158184 4.75630093 -2.09974504
v 4.22883797 4.6178031 -2.09195709
v 4.39268684 4.78118181 -0.967067003
v 4.23563719 4.91988611 -0.964232981
v 4.23563719 4.91988611 -0.964232981
v 3.87938595 5.28173399 -0.964922011
v 3.71538305 5.11819983 -2.100703
v 4.07158184 4.75630093 -2.09974504
v 3.87938595 5.28173399 -0.964922011
v 3.7461679 5.42621613 -0.966562986
v 3.58228111 5.26279879 -2.0912571
v 3.71538305 5.11819983 -2.100703
v 3.79149008 5.58404207 0.00588600012
v 4.01771784 5.54689693 0.00592700019
v 3.99843788 5.52767181 -1.02001202
v 3.77429605 5.56689787 -0.992030978
v 4.01771784 5.54689693 0.00592700019
v 4.4838562 5.08409405 0.00592799997
v 4.46452522 5.06481695 -1.02070105
v 3.99843788 5.52767181 -1.02001202
v 4.4838562 5.08409405 0.00592799997
v 4.55712318 4.81278706 0.00588499987
v 4.53996801 4.795681 -0.991526008
v 4.46452522 5.06481695 -1.02070105
v 4.40802288 4.79647398 0.00581499981
v 4.39268684 4.78118181 -0.967067003
v 4.53996801 4.795681 -0.991526008
v 4.55712318 4.81278706 0.00588499987
v 4.23563719 4.91988611 -0.964232981
v 4.39268684 4.78118181 -0.967067003
v 4.40802288 4.79647398 0.00581499981
v 4.25075579 4.93496084 0.00707100006
v 4.25075579 4.93496084 0.00707100006
v 3.894557 5.29686117 0.00707199983
v 3.87938595 5.28173399 -0.964922011
v 4.23563719 4.91988611 -0.964232981
v 3.894557 5.29686117 0.00707199983
v 3.76146698 5.4414711 0.00581400003
v 3.7461679 5.42621613 -0.966562986
v 3.87938595 5.28173399 -0.964922011
v 1.28480196 6.35155582 2.17091489
v 1.32492995 6.57699394 1.00295603
v 1.15549004 6.59660912 1.00244498
v 1.15549004 6.36757278 2.17021203
v 1.23503804 6.07198 2.40770292
v 1.28480196 6.35155582 2.17091489
v 1.15549004 6.36757278 2.17021203
v 1.15549004 6.08537388 2.40527201
v 1.18582594 5.80129385 2.47123098
v 1.23503804 6.07198 2.40770292
v 1.15549004 6.08537388 2.40527201
v 1.15638399 5.81089592 2.46873212
v 1.26435101 5.7873168 2.31425691
v 1.18582594 5.80129385 2.47123098
v 1.15638399 5.81089592 2.46873212
v 1.06265795 5.81089592 2.31691194
v 1.30733299 6.02300501 2.2635119
v 1.26435101 5.7873168 2.31425691
v 1.06265795 5.81089592 2.31691194
v 1.061764 6.05111217 2.26594305
v 1.34196901 6.21759081 2.10279989
v 1.30733299 6.02300501 2.2635119
v 1.061764 6.05111217 2.26594305
v 1.061764 6.25052691 2.10350299
v 1.38257599 6.44572306 0.977087021
v 1.34196901 6.21759081 2.10279989
v 1.061764 6.25052691 2.10350299
v 1.061764 6.48219013 0.977598011
v 1.38630199 6.46665287 0.00581400003
v 1.38257599 6.44572306 0.977087021
v 1.061764 6.48219013 0.977598011
v 1.061764 6.50350523 0.00581499981
v 1.38251603 6.44538307 -0.966562986
v 1.38630199 6.46665287 0.00581400003
v 1.061764 6.50350523 0.00581499981
v 1.061764 6.48184776 -0.967067003
v 1.34195805 6.21752501 -2.0912571
v 1.38251603 6.44538307 -0.966562986
v 1.061764 6.48184776 -0.967067003
v 1.061764 6.25046206 -2.09195709
v 1.30560005 6.01326704 -2.26985502
v 1.34195805 6.21752501 -2.0912571
v 1.061764 6.25046206 -2.09195709
v 1.061764 6.04139614 -2.27223301
v 1.26548004 5.78217316 -2.32136798
v 1.30560005 6.01326704 -2.26985502
v 1.061764 6.04139614 -2.27223301
v 1.06088102 5.8060298 -2.32385993
v 1.18695498 5.79615116 -2.478122
v 1.26548004 5.78217316 -2.32136798
v 1.06088102 5.8060298 -2.32385993
v 1.15460706 5.8060298 -2.47546101
v 1.23522401 6.0730238 -2.39561796
v 1.18695498 5.79615116 -2.478122
v 1.15460706 5.8060298 -2.47546101
v 1.15549004 6.08625793 -2.39324093
v 1.28480506 6.35157204 -2.15908408
v 1.23522401 6.0730238 -2.39561796
v 1.15549004 6.08625793 -2.39324093
v 1.15549004 6.367589 -2.15838408
v 1.32489002 6.57676697 -0.992030978
v 1.28480506 6.35157204 -2.15908408
v 1.15549004 6.367589 -2.15838408
v 1.15549004 6.5963769 -0.991526008
v 1.32914495 6.60067177 0.00588600012
v 1.32489002 6.57676697 -0.992030978
v 1.15549004 6.5963769 -0.991526008
v 1.15549004 6.62060499 0.00588499987
v 1.32492995 6.57699394 1.00295603
v 1.32914495 6.60067177 0.00588600012
v 1.15549004 6.62060499 0.00588499987
v 1.15549004 6.59660912 1.00244498
v 2.39865303 6.40784788 0.00588499987
v 2.39444804 6.38422489 1.00244498
v 2.68948793 6.27337408 1.00295603
v 2.70226192 6.29375076 0.00588600012
v 2.39440703 6.38399601 -0.991526008
v 2.39865303 6.40784788 0.00588499987
v 2.70226192 6.29375076 0.00588600012
v 2.68936491 6.2731781 -0.992030978
v 2.3543129 6.1587491 -2.15838408
v 2.39440703 6.38399601 -0.991526008
v 2.68936491 6.2731781 -0.992030978
v 2.56787109 6.07937813 -2.15908408
v 2.30501103 5.88177109 -2.39324093
v 2.3543129 6.1587491 -2.15838408
v 2.56787109 6.07937813 -2.15908408
v 2.41759205 5.83966208 -2.39561796
v 2.25503397 5.6060338 -2.47546101
v 2.30501103 5.88177109 -2.39324093
v 2.41759205 5.83966208 -2.39561796
v 2.26915789 5.60100698 -2.478122
v 2.16275811 5.62245893 -2.32385993
v 2.25503397 5.6060338 -2.47546101
v 2.26915789 5.60100698 -2.478122
v 2.33673596 5.55864286 -2.32136798
v 2.20487309 5.85402918 -2.27223301
v 2.16275811 5.62245893 -2.32385993
v 2.33673596 5.55864286 -2.32136798
v 2.46047091 5.75789881 -2.26985502
v 2.24151111 6.05985785 -2.09195709
v 2.20487309 5.85402918 -2.27223301
v 2.46047091 5.75789881 -2.26985502
v 2.57067108 5.93368196 -2.0912571
v 2.28205991 6.28766298 -0.967067003
v 2.24151111 6.05985785 -2.09195709
v 2.57067108 5.93368196 -2.0912571
v 2.69360089 6.12977505 -0.966562986
v 2.28585601 6.30898619 0.00581499981
v 2.28205991 6.28766298 -0.967067003
v 2.69360089 6.12977505 -0.966562986
v 2.70507693 6.14807987 0.00581400003
v 2.28211999 6.28800106 0.977598011
v 2.28585601 6.30898619 0.00581499981
v 2.70507693 6.14807987 0.00581400003
v 2.693784 6.13006687 0.977087021
v 2.24152303 6.05992317 2.10350299
v 2.28211999 6.28800106 0.977598011
v 2.693784 6.13006687 0.977087021
v 2.57070589 5.93374014 2.10279989
v 2.20657611 5.86359406 2.26594305
v 2.24152303 6.05992317 2.10350299
v 2.57070589 5.93374014 2.10279989
v 2.46572495 5.76628017 2.2635119
v 2.16535997 5.62693787 2.31691194
v 2.20657611 5.86359406 2.26594305
v 2.46572495 5.76628017 2.2635119
v 2.33761501 5.56383514 2.31425691
v 2.25763607 5.61051321 2.46873212
v 2.16535997 5.62693787 2.31691194
v 2.33761501 5.56383514 2.31425691
v 2.27003694 5.60619879 2.47123098
v 2.30485606 5.88089991 2.40527201
v 2.25763607 5.61051321 2.46873212
v 2.27003694 5.60619879 2.47123098
v 2.4170289 5.83876419 2.40770292
v 2.35431004 6.15873194 2.17021203
v 2.30485606 5.88089991 2.40527201
v 2.4170289 5.83876419 2.40770292
v 2.56786203 6.07936382 2.17091489
v 2.39444804 6.38422489 1.00244498
v 2.35431004 6.15873194 2.17021203
v 2.56786203 6.07936382 2.17091489
v 2.68948793 6.27337408 1.00295603
v 3.62175202 5.71446991 0.00588499987
v 3.60900688 5.694139 1.00244498
v 3.77446008 5.56705999 1.00295603
v 3.79149008 5.58404207 0.00588600012
v 3.6088841 5.69394302 -0.991526008
v 3.62175202 5.71446991 0.00588499987
v 3.79149008 5.58404207 0.00588600012
v 3.77429605 5.56689787 -0.992030978
v 3.48736095 5.5000968 -2.15838408
v 3.6088841 5.69394302 -0.991526008
v 3.77429605 5.56689787 -0.992030978
v 3.612324 5.40539122 -2.15908408
v 3.33792996 5.26173306 -2.39324093
v 3.48736095 5.5000968 -2.15838408
v 3.612324 5.40539122 -2.15908408
v 3.41197801 5.20561886 -2.39561796
v 3.1883359 5.02477312 -2.47546101
v 3.33792996 5.26173306 -2.39324093
v 3.41197801 5.20561886 -2.39561796
v 3.21366692 5.00646687 -2.478122
v 3.1089251 5.07455492 -2.32385993
v 3.1883359 5.02477312 -2.47546101
v 3.21366692 5.00646687 -2.478122
v 3.26998401 4.94998789 -2.32136798
v 3.234689 5.27350616 -2.27223301
v 3.1089251 5.07455492 -2.32385993
v 3.26998401 4.94998789 -2.32136798
v 3.43536806 5.11630678 -2.26985502
v 3.34573603 5.45064211 -2.09195709
v 3.234689 5.27350616 -2.27223301
v 3.43536806 5.11630678 -2.26985502
v 3.58228111 5.26279879 -2.0912571
v 3.46863794 5.64668798 -0.967067003
v 3.34573603 5.45064211 -2.09195709
v 3.58228111 5.26279879 -2.0912571
v 3.7461679 5.42621613 -0.966562986
v 3.48014212 5.66503811 0.00581499981
v 3.46863794 5.64668798 -0.967067003
v 3.7461679 5.42621613 -0.966562986
v 3.76146698 5.4414711 0.00581400003
v 3.46882105 5.6469779 0.977598011
v 3.48014212 5.66503811 0.00581499981
v 3.76146698 5.4414711 0.00581400003
v 3.74641204 5.42645884 0.977087021
v 3.34577107 5.4506979 2.10350299
v 3.46882105 5.6469779 0.977598011
v 3.74641204 5.42645884 0.977087021
v 3.58232903 5.26284599 2.10279989
v 3.23985004 5.2817378 2.26594305
v 3.34577107 5.4506979 2.10350299
v 3.58232903 5.26284599 2.10279989
v 3.44237089 5.12329102 2.2635119
v 3.11301494 5.07773399 2.31691194
v 3.23985004 5.2817378 2.26594305
v 3.44237089 5.12329102 2.2635119
v 3.2720089 4.95484877 2.31425691
v 3.19242597 5.02795076 2.46873212
v 3.11301494 5.07773399 2.31691194
v 3.2720089 4.95484877 2.31425691
v 3.21569204 5.01132822 2.47123098
v 3.33746004 5.26098394 2.40527201
v 3.19242597 5.02795076 2.46873212
v 3.21569204 5.01132822 2.47123098
v 3.41122699 5.20487118 2.40770292
v 3.48735189 5.50008297 2.17021203
v 3.33746004 5.26098394 2.40527201
v 3.41122699 5.20487118 2.40770292
v 3.61231208 5.40537786 2.17091489
v 3.60900688 5.694139 1.00244498
v 3.48735189 5.50008297 2.17021203
v 3.61231208 5.40537786 2.17091489
v 3.77446008 5.56705999 1.00295603
v -2.25763607 5.61051321 2.46873212
v -2.16535997 5.62693787 2.31691194
v -1.94477201 5.58304882 2.32162189
v -2.002846 5.57271194 2.60893703
v -2.39444804 6.38422489 1.00244498
v -2.35431004 6.15873194 2.17021203
v -2.13870692 6.33895683 2.21091104
v -2.17829394 6.56135893 1.03200698
v -2.16275811 5.62245893 -2.32385993
v -2.25503397 5.6060338 -2.47546101
v -2.00182509 5.57289314 -2.60893703
v -1.94375205 5.58323002 -2.33160591
v -2.24152303 6.05992317 2.10350299
v -2.28211999 6.28800106 0.977598011
v -2.07382607 6.31104898 0.977185011
v -2.03326297 6.08316994 2.11631393
v -1.53103697 6.67329311 1.03130805
v -1.491436 6.45081806 2.20994902
v -1.28480303 6.35155582 2.17091489
v -1.32492995 6.57699394 1.00295603
v -1.26548004 5.78217316 -2.32136798
v -1.44491303 5.67202282 -2.33517098
v -1.35621405 5.68781185 -2.60545492
v -1.18695498 5.79615116 -2.478122
v -1.34196997 6.21759081 2.10279989
v -1.53392196 6.17540503 2.11727595
v -1.57447195 6.40321112 0.977883995
v -1.38257694 6.44572306 0.977087021
v -1.18582594 5.80129385 2.47123098
v -1.35505795 5.68801689 2.6053741
v -1.44375706 5.67222881 2.32510591
v -1.26435101 5.7873168 2.31425691
v -2.17829394 6.56135893 1.03200698
v -2.13870692 6.33895683 2.21091104
v -1.491436 6.45081806 2.20994902
v -1.53103697 6.67329311 1.03130805
v -1.44491303 5.67202282 -2.33517098
v -1.94375205 5.58323002 -2.33160591
v -2.00182509 5.57289314 -2.60893703
v -1.35621405 5.68781185 -2.60545492
v -1.53392196 6.17540503 2.11727595
v -2.03326297 6.08316994 2.11631393
v -2.07382607 6.31104898 0.977185011
v -1.57447195 6.40321112 0.977883995
v -1.35505795 5.68801689 2.6053741
v -2.002846 5.57271194 2.60893703
v -1.94477201 5.58304882 2.32162189
v -1.44375706 5.67222881 2.32510591
v -2.20657611 5.86359406 2.26594305
v -2.24152303 6.05992317 2.10350299
v -2.03326297 6.08316994 2.11631393
v -2.0005281 5.899261 2.27509403
v -2.07130194 5.96027517 2.54589295
v -2.13870692 6.33895683 2.21091104
v -2.35431004 6.15873194 2.17021203
v -2.30485702 5.88089991 2.40527201
v -1.50076199 5.98911285 2.27841806
v -1.53392196 6.17540503 2.11727595
v -1.34196997 6.21759081 2.10279989
v -1.30733299 6.02300501 2.2635119
v -1.23503804 6.07198 2.40770292
v -1.28480303 6.35155582 2.17091489
v -1.491436 6.45081806 2.20994902
v -1.424456 6.07451916 2.54256892
v -2.0005281 5.899261 2.27509403
v -2.03326297 6.08316994 2.11631393
v -1.53392196 6.17540503 2.11727595
v -1.50076199 5.98911285 2.27841806
v -1.424456 6.07451916 2.54256892
v -1.491436 6.45081806 2.20994902
v -2.13870692 6.33895683 2.21091104
v -2.07130194 5.96027517 2.54589295
v -2.30501103 5.88177109 -2.39324093
v -2.3543129 6.1587491 -2.15838408
v -2.13871789 6.33902311 -2.19891095
v -2.07323289 5.97112417 -2.53078103
v -1.99981201 5.89523888 -2.27474403
v -2.03326011 6.08314991 -2.09974504
v -2.24151206 6.05985785 -2.09195709
v -2.20487404 5.85402918 -2.27223301
v -1.42634499 6.08513212 -2.527529
v -1.49144804 6.45088196 -2.19795299
v -1.28480601 6.35157204 -2.15908408
v -1.23522401 6.0730238 -2.39561796
v -1.30560005 6.01326704 -2.26985502
v -1.34195805 6.21752501 -2.0912571
v -1.53391898 6.175385 -2.100703
v -1.50008798 5.98532486 -2.27799511
v -2.07323289 5.97112417 -2.53078103
v -2.13871789 6.33902311 -2.19891095
v -1.49144804 6.45088196 -2.19795299
v -1.42634499 6.08513212 -2.527529
v -1.50008798 5.98532486 -2.27799511
v -1.53391898 6.175385 -2.100703
v -2.03326011 6.08314991 -2.09974504
v -1.99981201 5.89523888 -2.27474403
v -2.16535997 5.62693787 2.31691194
v -2.20657611 5.86359406 2.26594305
v -2.0005281 5.899261 2.27509403
v -1.94477201 5.58304882 2.32162189
v -2.002846 5.57271194 2.60893703
v -2.07130194 5.96027517 2.54589295
v -2.30485702 5.88089991 2.40527201
v -2.25763607 5.61051321 2.46873212
v -1.44375706 5.67222881 2.32510591
v -1.50076199 5.98911285 2.27841806
v -1.30733299 6.02300501 2.2635119
v -1.26435101 5.7873168 2.31425691
v -1.18582594 5.80129385 2.47123098
v -1.23503804 6.07198 2.40770292
v -1.424456 6.07451916 2.54256892
v -1.35505795 5.68801689 2.6053741
v -1.94477201 5.58304882 2.32162189
v -2.0005281 5.899261 2.27509403
v -1.50076199 5.98911285 2.27841806
v -1.44375706 5.67222881 2.32510591
v -1.35505795 5.68801689 2.6053741
v -1.424456 6.07451916 2.54256892
v -2.07130194 5.96027517 2.54589295
v -2.002846 5.57271194 2.60893703
v -2.25503397 5.6060338 -2.47546101
v -2.30501103 5.88177109 -2.39324093
v -2.07323289 5.97112417 -2.53078103
v -2.00182509 5.57289314 -2.60893703
v -1.94375205 5.58323002 -2.33160591
v -1.99981201 5.89523888 -2.27474403
v -2.20487404 5.85402918 -2.27223301
v -2.16275811 5.62245893 -2.32385993
v -1.35621405 5.68781185 -2.60545492
v -1.42634499 6.08513212 -2.527529
v -1.23522401 6.0730238 -2.39561796
v -1.18695498 5.79615116 -2.478122
v -1.26548004 5.78217316 -2.32136798
v -1.30560005 6.01326704 -2.26985502
v -1.50008798 5.98532486 -2.27799511
v -1.44491303 5.67202282 -2.33517098
v -2.00182509 5.57289314 -2.60893703
v -2.07323289 5.97112417 -2.53078103
v -1.42634499 6.08513212 -2.527529
v -1.35621405 5.68781185 -2.60545492
v -1.44491303 5.67202282 -2.33517098
v -1.50008798 5.98532486 -2.27799511
v -1.99981201 5.89523888 -2.27474403
v -1.94375205 5.58323002 -2.33160591
v -1.53578401 6.699965 0.00592700019
v -1.53103697 6.67329311 1.03130805
v -1.32492995 6.57699394 1.00295603
v -1.32914495 6.60067177 0.00588600012
v -2.18305492 6.5881052 0.00592799997
v -2.17829394 6.56135893 1.03200698
v -1.53103697 6.67329311 1.03130805
v -1.53578401 6.699965 0.00592700019
v -2.39865303 6.40784788 0.00588499987
v -2.39444804 6.38422489 1.00244498
v -2.17829394 6.56135893 1.03200698
v -2.18305492 6.5881052 0.00592799997
v -2.28211999 6.28800106 0.977598011
v -2.28585601 6.30898619 0.00581499981
v -2.07760096 6.33226204 0.00707100006
v -2.07382607 6.31104898 0.977185011
v -1.57826102 6.42449808 0.00707199983
v -1.57447195 6.40321112 0.977883995
v -2.07382607 6.31104898 0.977185011
v -2.07760096 6.33226204 0.00707100006
v -1.38630199 6.46665287 0.00581400003
v -1.38257694 6.44572306 0.977087021
v -1.57447195 6.40321112 0.977883995
v -1.57826102 6.42449808 0.00707199983
v -1.49144804 6.45088196 -2.19795299
v -1.53101301 6.67316008 -1.02001202
v -1.32489002 6.57676697 -0.992030978
v -1.28480601 6.35157204 -2.15908408
v -2.13871789 6.33902311 -2.19891095
v -2.17827106 6.5612278 -1.02070105
v -1.53101301 6.67316008 -1.02001202
v -1.49144804 6.45088196 -2.19795299
v -2.3543129 6.1587491 -2.15838408
v -2.39440703 6.38399601 -0.991526008
v -2.17827106 6.5612278 -1.02070105
v -2.13871789 6.33902311 -2.19891095
v -2.2820611 6.28766298 -0.967067003
v -2.24151206 6.05985785 -2.09195709
v -2.03326011 6.08314991 -2.09974504
v -2.07385993 6.31124115 -0.964232981
v -1.53391898 6.175385 -2.100703
v -1.57450604 6.40340519 -0.964922011
v -2.07385993 6.31124115 -0.964232981
v -2.03326011 6.08314991 -2.09974504
v -1.34195805 6.21752501 -2.0912571
v -1.38251603 6.44538307 -0.966562986
v -1.57450604 6.40340519 -0.964922011
v -1.53391898 6.175385 -2.100703
v -1.53101301 6.67316008 -1.02001202
v -1.53578401 6.699965 0.00592700019
v -1.32914495 6.60067177 0.00588600012
v -1.32489002 6.57676697 -0.992030978
v -2.17827106 6.5612278 -1.02070105
v -2.18305492 6.5881052 0.00592799997
v -1.53578401 6.699965 0.00592700019
v -1.53101301 6.67316008 -1.02001202
v -2.39440703 6.38399601 -0.991526008
v -2.39865303 6.40784788 0.00588499987
v -2.18305492 6.5881052 0.00592799997
v -2.17827106 6.5612278 -1.02070105
v -2.28585601 6.30898619 0.00581499981
v -2.2820611 6.28766298 -0.967067003
v -2.07385993 6.31124115 -0.964232981
v -2.07760096 6.33226204 0.00707100006
v -1.57450604 6.40340519 -0.964922011
v -1.57826102 6.42449808 0.00707199983
v -2.07760096 6.33226204 0.00707100006
v -2.07385993 6.31124115 -0.964232981
v -1.38251603 6.44538307 -0.966562986
v -1.38630199 6.46665287 0.00581400003
v -1.57826102 6.42449808 0.00707199983
v -1.57450604 6.40340519 -0.964922011
v -1.15638399 5.81089592 2.46873212
v -1.06265795 5.81089592 2.31691194
v -0.853174984 5.78995419 2.32162189
v -0.912162006 5.78995419 2.60893703
v -1.15549004 6.59660912 1.00244498
v -1.15549004 6.36757278 2.17021203
v -0.911639988 6.568151 2.21091104
v -0.911639988 6.79404783 1.03200698
v -1.06088102 5.8060298 -2.32385993
v -1.15460801 5.8060298 -2.47546101
v -0.911125004 5.78995419 -2.60893703
v -0.852138996 5.78995419 -2.33160591
v -1.061764 6.25052691 2.10350299
v -1.061764 6.48219013 0.977598011
v -0.85265398 6.52930498 0.977185011
v -0.85265398 6.29784298 2.11631393
v -0.254783005 6.80258608 1.03130805
v -0.254783005 6.57661295 2.20994902
v -0.0481210016 6.4454031 2.17091489
v -0.066738002 6.6736269 1.00295603
v -0.0827590004 5.87674713 -2.32136798
v -0.345459014 5.80171824 -2.33517098
v -0.255365998 5.80171824 -2.60545492
v -0.00326399994 5.88323212 -2.478122
v -0.117706999 6.31744909 2.10279989
v -0.344875991 6.31290722 2.11727595
v -0.344875991 6.54429388 0.977883995
v -0.136546999 6.54839802 0.977087021
v -0.00165300001 5.88824606 2.47123098
v -0.254191995 5.80171824 2.6053741
v -0.344285011 5.80171824 2.32510591
v -0.0811479986 5.88176107 2.31425691
v -0.911639988 6.79404783 1.03200698
v -0.911639988 6.568151 2.21091104
v -0.254783005 6.57661295 2.20994902
v -0.254783005 6.80258608 1.03130805
v -0.345459014 5.80171824 -2.33517098
v -0.852138996 5.78995419 -2.33160591
v -0.911125004 5.78995419 -2.60893703
v -0.255365998 5.80171824 -2.60545492
v -0.344875991 6.31290722 2.11727595
v -0.85265398 6.29784298 2.11631393
v -0.85265398 6.52930498 0.977185011
v -0.344875991 6.54429388 0.977883995
v -0.254191995 5.80171824 2.6053741
v -0.912162006 5.78995419 2.60893703
v -0.853174984 5.78995419 2.32162189
v -0.344285011 5.80171824 2.32510591
v -1.061764 6.05111217 2.26594305
v -1.061764 6.25052691 2.10350299
v -0.85265398 6.29784298 2.11631393
v -0.85265398 6.11104393 2.27509403
v -0.911639988 6.18351698 2.54589295
v -0.911639988 6.568151 2.21091104
v -1.15549004 6.36757278 2.17021203
v -1.15549004 6.08537388 2.40527201
v -0.344875991 6.12368679 2.27841806
v -0.344875991 6.31290722 2.11727595
v -0.117706999 6.31744909 2.10279989
v -0.101636998 6.12045813 2.2635119
v -0.0250330009 6.16237402 2.40770292
v -0.0481210016 6.4454031 2.17091489
v -0.254783005 6.57661295 2.20994902
v -0.254783005 6.19439983 2.54256892
v -0.85265398 6.11104393 2.27509403
v -0.85265398 6.29784298 2.11631393
v -0.344875991 6.31290722 2.11727595
v -0.344875991 6.12368679 2.27841806
v -0.254783005 6.19439983 2.54256892
v -0.254783005 6.57661295 2.20994902
v -0.911639988 6.568151 2.21091104
v -0.911639988 6.18351698 2.54589295
v -1.15549004 6.08625793 -2.39324093
v -1.15549004 6.367589 -2.15838408
v -0.911639988 6.5682168 -2.19891095
v -0.911639988 6.19453478 -2.53078103
v -0.85265398 6.10695791 -2.27474403
v -0.85265398 6.29782295 -2.09974504
v -1.061764 6.25046206 -2.09195709
v -1.061764 6.04139614 -2.27223301
v -0.254783005 6.20517921 -2.527529
v -0.254783005 6.5766778 -2.19795299
v -0.0481219999 6.44541883 -2.15908408
v -0.0251189992 6.16343021 -2.39561796
v -0.100832999 6.11059999 -2.26985502
v -0.117702 6.31738186 -2.0912571
v -0.344875991 6.31288815 -2.100703
v -0.344875991 6.1198411 -2.27799511
v -0.911639988 6.19453478 -2.53078103
v -0.911639988 6.5682168 -2.19891095
v -0.254783005 6.5766778 -2.19795299
v -0.254783005 6.20517921 -2.527529
v -0.344875991 6.1198411 -2.27799511
v -0.344875991 6.31288815 -2.100703
v -0.85265398 6.29782295 -2.09974504
v -0.85265398 6.10695791 -2.27474403
v -1.06265795 5.81089592 2.31691194
v -1.061764 6.05111217 2.26594305
v -0.85265398 6.11104393 2.27509403
v -0.853174984 5.78995419 2.32162189
v -0.912162006 5.78995419 2.60893703
v -0.911639988 6.18351698 2.54589295
v -1.15549004 6.08537388 2.40527201
v -1.15638399 5.81089592 2.46873212
v -0.344285011 5.80171824 2.32510591
v -0.344875991 6.12368679 2.27841806
v -0.101636998 6.12045813 2.2635119
v -0.0811479986 5.88176107 2.31425691
v -0.00165300001 5.88824606 2.47123098
v -0.0250330009 6.16237402 2.40770292
v -0.254783005 6.19439983 2.54256892
v -0.254191995 5.80171824 2.6053741
v -0.853174984 5.78995419 2.32162189
v -0.85265398 6.11104393 2.27509403
v -0.344875991 6.12368679 2.27841806
v -0.344285011 5.80171824 2.32510591
v -0.254191995 5.80171824 2.6053741
v -0.254783005 6.19439983 2.54256892
v -0.911639988 6.18351698 2.54589295
v -0.912162006 5.78995419 2.60893703
v -1.15460801 5.8060298 -2.47546101
v -1.15549004 6.08625793 -2.39324093
v -0.911639988 6.19453478 -2.53078103
v -0.911125004 5.78995419 -2.60893703
v -0.852138996 5.78995419 -2.33160591
v -0.85265398 6.10695791 -2.27474403
v -1.061764 6.04139614 -2.27223301
v -1.06088102 5.8060298 -2.32385993
v -0.255365998 5.80171824 -2.60545492
v -0.254783005 6.20517921 -2.527529
v -0.0251189992 6.16343021 -2.39561796
v -0.00326399994 5.88323212 -2.478122
v -0.0827590004 5.87674713 -2.32136798
v -0.100832999 6.11059999 -2.26985502
v -0.344875991 6.1198411 -2.27799511
v -0.345459014 5.80171824 -2.33517098
v -0.911125004 5.78995419 -2.60893703
v -0.911639988 6.19453478 -2.53078103
v -0.254783005 6.20517921 -2.527529
v -0.255365998 5.80171824 -2.60545492
v -0.345459014 5.80171824 -2.33517098
v -0.344875991 6.1198411 -2.27799511
v -0.85265398 6.10695791 -2.27474403
v -0.852138996 5.78995419 -2.33160591
v -0.254783005 6.8296771 0.00592700019
v -0.254783005 6.80258608 1.03130805
v -0.066738002 6.6736269 1.00295603
v -0.0686940029 6.69759703 0.00588600012
v -0.911639988 6.82121611 0.00592799997
v -0.911639988 6.79404783 1.03200698
v -0.254783005 6.80258608 1.03130805
v -0.254783005 6.8296771 0.00592700019
v -1.15549004 6.62060499 0.00588499987
v -1.15549004 6.59660912 1.00244498
v -0.911639988 6.79404783 1.03200698
v -0.911639988 6.82121611 0.00592799997
v -1.061764 6.48219013 0.977598011
v -1.061764 6.50350523 0.00581499981
v -0.85265398 6.55085087 0.00707100006
v -0.85265398 6.52930498 0.977185011
v -0.344875991 6.56591511 0.00707199983
v -0.344875991 6.54429388 0.977883995
v -0.85265398 6.52930498 0.977185011
v -0.85265398 6.55085087 0.00707100006
v -0.138274997 6.56958818 0.00581400003
v -0.136546999 6.54839802 0.977087021
v -0.344875991 6.54429388 0.977883995
v -0.344875991 6.56591511 0.00707199983
v -0.254783005 6.5766778 -2.19795299
v -0.254783005 6.80245018 -1.02001202
v -0.0667200014 6.67339706 -0.992030978
v -0.0481219999 6.44541883 -2.15908408
v -0.911639988 6.5682168 -2.19891095
v -0.911639988 6.79391623 -1.02070105
v -0.254783005 6.80245018 -1.02001202
v -0.254783005 6.5766778 -2.19795299
v -1.15549004 6.367589 -2.15838408
v -1.15549004 6.5963769 -0.991526008
v -0.911639988 6.79391623 -1.02070105
v -0.911639988 6.5682168 -2.19891095
v -1.061764 6.48184776 -0.967067003
v -1.061764 6.25046206 -2.09195709
v -0.85265398 6.29782295 -2.09974504
v -0.85265398 6.52950001 -0.964232981
v -0.344875991 6.31288815 -2.100703
v -0.344875991 6.54449177 -0.964922011
v -0.85265398 6.52950001 -0.964232981
v -0.85265398 6.29782295 -2.09974504
v -0.117702 6.31738186 -2.0912571
v -0.136519 6.54805613 -0.966562986
v -0.344875991 6.54449177 -0.964922011
v -0.344875991 6.31288815 -2.100703
v -0.254783005 6.80245018 -1.02001202
v -0.254783005 6.8296771 0.00592700019
v -0.0686940029 6.69759703 0.00588600012
v -0.0667200014 6.67339706 -0.992030978
v -0.911639988 6.79391623 -1.02070105
v -0.911639988 6.82121611 0.00592799997
v -0.254783005 6.8296771 0.00592700019
v -0.254783005 6.80245018 -1.02001202
v -1.15549004 6.5963769 -0.991526008
v -1.15549004 6.62060499 0.00588499987
v -0.911639988 6.82121611 0.00592799997
v -0.911639988 6.79391623 -1.02070105
v -1.061764 6.50350523 0.00581499981
v -1.061764 6.48184776 -0.967067003
v -0.85265398 6.52950001 -0.964232981
v -0.85265398 6.55085087 0.00707100006
v -0.344875991 6.54449177 -0.964922011
v -0.344875991 6.56591511 0.00707199983
v -0.85265398 6.55085087 0.00707100006
v -0.85265398 6.52950001 -0.964232981
v -0.136519 6.54805613 -0.966562986
v -0.138274997 6.56958818 0.00581400003
v -0.344875991 6.56591511 0.00707199983
v -0.344875991 6.54449177 -0.964922011
v -3.19242692 5.02795076 2.46873212
v -3.11301494 5.07773399 2.31691194
v -2.89204097 5.11963892 2.32162189
v -2.94201899 5.08830786 2.60893703
v -3.60900688 5.694139 1.00244498
v -3.48735309 5.50008297 2.17021203
v -3.35492206 5.74793005 2.21091104
v -3.47491002 5.93932676 1.03200698
v -3.1089251 5.07455492 -2.32385993
v -3.18833709 5.02477312 -2.47546101
v -2.94114089 5.08885908 -2.60893703
v -2.89116311 5.12019014 -2.33160591
v -3.34577107 5.4506979 2.10350299
v -3.46882105 5.6469779 0.977598011
v -3.28431106 5.74634695 0.977185011
v -3.16136909 5.55023718 2.11631393
v -2.91665912 6.28548813 1.03130805
v -2.79663205 6.094028 2.20994902
v -2.56786203 6.07936382 2.17091489
v -2.68948793 6.27337408 1.00295603
v -2.33673596 5.55864286 -2.32136798
v -2.46186709 5.38931704 -2.33517098
v -2.38553405 5.43717003 -2.60545492
v -2.26915789 5.60100698 -2.478122
v -2.57070589 5.93374014 2.10279989
v -2.73289609 5.82274294 2.11727595
v -2.85579896 6.0187912 0.977883995
v -2.693784 6.13006687 0.977087021
v -2.27003694 5.60619879 2.47123098
v -2.38453889 5.43779421 2.6053741
v -2.46087193 5.38993979 2.32510591
v -2.33761501 5.56383514 2.31425691
v -3.47491002 5.93932676 1.03200698
v -3.35492206 5.74793005 2.21091104
v -2.79663205 6.094028 2.20994902
v -2.91665912 6.28548813 1.03130805
v -2.46186709 5.38931704 -2.33517098
v -2.89116311 5.12019014 -2.33160591
v -2.94114089 5.08885908 -2.60893703
v -2.38553405 5.43717003 -2.60545492
v -2.73289609 5.82274294 2.11727595
v -3.16136909 5.55023718 2.11631393
v -3.28431106 5.74634695 0.977185011
v -2.85579896 6.0187912 0.977883995
v -2.38453889 5.43779421 2.6053741
v -2.94201899 5.08830786 2.60893703
v -2.89204097 5.11963892 2.32162189
v -2.46087193 5.38993979 2.32510591
v -3.23985004 5.2817378 2.26594305
v -3.34577107 5.4506979 2.10350299
v -3.16136909 5.55023718 2.11631393
v -3.06214905 5.39196682 2.27509403
v -3.15062094 5.42203999 2.54589295
v -3.35492206 5.74793005 2.21091104
v -3.48735309 5.50008297 2.17021203
v -3.33746004 5.26098394 2.40527201
v -2.63239002 5.66242218 2.27841806
v -2.73289609 5.82274294 2.11727595
v -2.57070589 5.93374014 2.10279989
v -2.46572495 5.76628017 2.2635119
v -2.4170301 5.83876419 2.40770292
v -2.56786203 6.07936382 2.17091489
v -2.79663205 6.094028 2.20994902
v -2.59361601 5.77018785 2.54256892
v -3.06214905 5.39196682 2.27509403
v -3.16136909 5.55023718 2.11631393
v -2.73289609 5.82274294 2.11727595
v -2.63239002 5.66242218 2.27841806
v -2.59361601 5.77018785 2.54256892
v -2.79663205 6.094028 2.20994902
v -3.35492206 5.74793005 2.21091104
v -3.15062094 5.42203999 2.54589295
v -3.33792996 5.26173306 -2.39324093
v -3.48736095 5.5000968 -2.15838408
v -3.35495806 5.74798679 -2.19891095
v -3.15647292 5.43137598 -2.53078103
v -3.05997896 5.38850498 -2.27474403
v -3.16135812 5.55022001 -2.09974504
v -3.34573603 5.45064211 -2.09195709
v -3.234689 5.27350616 -2.27223301
v -2.59934211 5.7793231 -2.527529
v -2.79666591 6.09408283 -2.19795299
v -2.56787205 6.07937813 -2.15908408
v -2.41759205 5.83966208 -2.39561796
v -2.46047211 5.75789881 -2.26985502
v -2.57067108 5.93368196 -2.0912571
v -2.73288608 5.8227272 -2.100703
v -2.63034701 5.659163 -2.27799511
v -3.15647292 5.43137598 -2.53078103
v -3.35495806 5.74798679 -2.19891095
v -2.79666591 6.09408283 -2.19795299
v -2.59934211 5.7793231 -2.527529
v -2.63034701 5.659163 -2.27799511
v -2.73288608 5.8227272 -2.100703
v -3.16135812 5.55022001 -2.09974504
v -3.05997896 5.38850498 -2.27474403
v -3.11301494 5.07773399 2.31691194
v -3.23985004 5.2817378 2.26594305
v -3.06214905 5.39196682 2.27509403
v -2.89204097 5.11963892 2.32162189
v -2.94201899 5.08830786 2.60893703
v -3.15062094 5.42203999 2.54589295
v -3.33746004 5.26098394 2.40527201
v -3.19242692 5.02795076 2.46873212
v -2.46087193 5.38993979 2.32510591
v -2.63239002 5.66242218 2.27841806
v -2.46572495 5.76628017 2.2635119
v -2.33761501 5.56383514 2.31425691
v -2.27003694 5.60619879 2.47123098
v -2.4170301 5.83876419 2.40770292
v -2.59361601 5.77018785 2.54256892
v -2.38453889 5.43779421 2.6053741
v -2.89204097 5.11963892 2.32162189
v -3.06214905 5.39196682 2.27509403
v -2.63239002 5.66242218 2.27841806
v -2.46087193 5.38993979 2.32510591
v -2.38453889 5.43779421 2.6053741
v -2.59361601 5.77018785 2.54256892
v -3.15062094 5.42203999 2.54589295
v -2.94201899 5.08830786 2.60893703
v -3.18833709 5.02477312 -2.47546101
v -3.33792996 5.26173306 -2.39324093
v -3.15647292 5.43137598 -2.53078103
v -2.94114089 5.08885908 -2.60893703
v -2.89116311 5.12019014 -2.33160591
v -3.05997896 5.38850498 -2.27474403
v -3.234689 5.27350616 -2.27223301
v -3.1089251 5.07455492 -2.32385993
v -2.38553405 5.43717003 -2.60545492
v -2.59934211 5.7793231 -2.527529
v -2.41759205 5.83966208 -2.39561796
v -2.26915789 5.60100698 -2.478122
v -2.33673596 5.55864286 -2.32136798
v -2.46047211 5.75789881 -2.26985502
v -2.63034701 5.659163 -2.27799511
v -2.46186709 5.38931704 -2.33517098
v -2.94114089 5.08885908 -2.60893703
v -3.15647292 5.43137598 -2.53078103
v -2.59934211 5.7793231 -2.527529
v -2.38553405 5.43717003 -2.60545492
v -2.46186709 5.38931704 -2.33517098
v -2.63034701 5.659163 -2.27799511
v -3.05997896 5.38850498 -2.27474403
v -2.89116311 5.12019014 -2.33160591
v -2.93104911 6.30844212 0.00592700019
v -2.91665912 6.28548813 1.03130805
v -2.68948793 6.27337408 1.00295603
v -2.70226192 6.29375076 0.00588600012
v -3.48933911 5.96234512 0.00592799997
v -3.47491002 5.93932676 1.03200698
v -2.91665912 6.28548813 1.03130805
v -2.93104911 6.30844212 0.00592700019
v -3.62175202 5.71446991 0.00588499987
v -3.60900688 5.694139 1.00244498
v -3.47491002 5.93932676 1.03200698
v -3.48933911 5.96234512 0.00592799997
v -3.46882105 5.6469779 0.977598011
v -3.48014212 5.66503811 0.00581499981
v -3.2957561 5.76460409 0.00707100006
v -3.28431106 5.74634695 0.977185011
v -2.86728311 6.03710985 0.00707199983
v -2.85579896 6.0187912 0.977883995
v -3.28431106 5.74634695 0.977185011
v -3.2957561 5.76460409 0.00707100006
v -2.70507693 6.14807987 0.00581400003
v -2.693784 6.13006687 0.977087021
v -2.85579896 6.0187912 0.977883995
v -2.86728311 6.03710985 0.00707199983
v -2.79666591 6.09408283 -2.19795299
v -2.91658711 6.28537321 -1.02001202
v -2.6893661 6.2731781 -0.992030978
v -2.56787205 6.07937813 -2.15908408
v -3.35495806 5.74798679 -2.19891095
v -3.47483897 5.93921518 -1.02070105
v -2.91658711 6.28537321 -1.02001202
v -2.79666591 6.09408283 -2.19795299
v -3.48736095 5.5000968 -2.15838408
v -3.6088841 5.69394302 -0.991526008
v -3.47483897 5.93921518 -1.02070105
v -3.35495806 5.74798679 -2.19891095
v -3.4686389 5.64668798 -0.967067003
v -3.34573603 5.45064211 -2.09195709
v -3.16135812 5.55022001 -2.09974504
v -3.28441501 5.74651289 -0.964232981
v -2.73288608 5.8227272 -2.100703
v -2.8559041 6.01895905 -0.964922011
v -3.28441501 5.74651289 -0.964232981
v -3.16135812 5.55022001 -2.09974504
v -2.57067108 5.93368196 -2.0912571
v -2.69360209 6.12977505 -0.966562986
v -2.8559041 6.01895905 -0.964922011
v -2.73288608 5.8227272 -2.100703
v -2.91658711 6.28537321 -1.02001202
v -2.93104911 6.30844212 0.00592700019
v -2.70226192 6.29375076 0.00588600012
v -2.6893661 6.2731781 -0.992030978
v -3.47483897 5.93921518 -1.02070105
v -3.48933911 5.96234512 0.00592799997
v -2.93104911 6.30844212 0.00592700019
v -2.91658711 6.28537321 -1.02001202
v -3.6088841 5.69394302 -0.991526008
v -3.62175202 5.71446991 0.00588499987
v -3.48933911 5.96234512 0.00592799997
v -3.47483897 5.93921518 -1.02070105
v -3.48014212 5.66503811 0.00581499981
v -3.4686389 5.64668798 -0.967067003
v -3.28441501 5.74651289 -0.964232981
v -3.2957561 5.76460409 0.00707100006
v -2.8559041 6.01895905 -0.964922011
v -2.86728311 6.03710985 0.00707199983
v -3.2957561 5.76460409 0.00707100006
v -3.28441501 5.74651289 -0.964232981
v -2.69360209 6.12977505 -0.966562986
v -2.70507693 6.14807987 0.00581400003
v -2.86728311 6.03710985 0.00707199983
v -2.8559041 6.01895905 -0.964922011
v -3.98438191 4.24042702 2.46873212
v -3.91820312 4.30679607 2.31691194
v -3.71231699 4.39732981 2.32162189
v -3.75396705 4.35555983 2.60893703
v -4.54013205 4.79584503 1.00244498
v -4.3779459 4.6341238 2.17021203
v -4.30465603 4.90540695 2.21091104
v -4.46462011 5.06491184 1.03200698
v -3.91350293 4.30461884 -2.32385993
v -3.97968197 4.23824883 -2.47546101
v -3.7532351 4.35629511 -2.60893703
v -3.71158504 4.39806414 -2.33160591
v -4.22888517 4.61784887 2.10350299
v -4.39292908 4.78142405 0.977598011
v -4.23549795 4.91974783 0.977185011
v -4.07159615 4.75631523 2.11631393
v -4.54013205 4.79584503 1.00244498
v -4.39292908 4.78142405 0.977598011
v -4.22888517 4.61784887 2.10350299
v -4.3779459 4.6341238 2.17021203
v -3.99853396 5.52776718 1.03130805
v -3.8385191 5.36821079 2.20994902
v -3.61231303 5.40537786 2.17091489
v -3.77446008 5.56705999 1.00295603
v -3.26998401 4.94998789 -2.32136798
v -3.35382295 4.75685501 -2.33517098
v -3.29021001 4.82065201 -2.60545492
v -3.21366811 5.00646687 -2.478122
v -3.58232903 5.26284599 2.10279989
v -3.71539593 5.11821413 2.11727595
v -3.87924695 5.2815938 0.977883995
v -3.74641204 5.42645884 0.977087021
v -3.21569204 5.01132822 2.47123098
v -3.28938007 4.82148409 2.6053741
v -3.35299397 4.75768709 2.32510591
v -3.2720089 4.95484877 2.31425691
v -4.46462011 5.06491184 1.03200698
v -4.30465603 4.90540695 2.21091104
v -3.8385191 5.36821079 2.20994902
v -3.99853396 5.52776718 1.03130805
v -3.35382295 4.75685501 -2.33517098
v -3.71158504 4.39806414 -2.33160591
v -3.7532351 4.35629511 -2.60893703
v -3.29021001 4.82065201 -2.60545492
v -3.71539593 5.11821413 2.11727595
v -4.07159615 4.75631523 2.11631393
v -4.23549795 4.91974783 0.977185011
v -3.87924695 5.2815938 0.977883995
v -3.28938007 4.82148409 2.6053741
v -3.75396705 4.35555983 2.60893703
v -3.71231699 4.39732981 2.32162189
v -3.35299397 4.75768709 2.32510591
v -4.08767414 4.47704411 2.26594305
v -4.22888517 4.61784887 2.10350299
v -4.07159615 4.75631523 2.11631393
v -3.93932009 4.62441778 2.27509403
v -4.03228903 4.63382101 2.54589295
v -4.30465603 4.90540695 2.21091104
v -4.3779459 4.6341238 2.17021203
v -4.17811489 4.43486691 2.40527201
v -4.17811489 4.43486691 2.40527201
v -4.3779459 4.6341238 2.17021203
v -4.22888517 4.61784887 2.10350299
v -4.08767414 4.47704411 2.26594305
v -3.58140612 4.98460817 2.27841806
v -3.71539593 5.11821413 2.11727595
v -3.58232903 5.26284599 2.10279989
v -3.44237208 5.12329102 2.2635119
v -3.41122699 5.20487118 2.40770292
v -3.61231303 5.40537786 2.17091489
v -3.8385191 5.36821079 2.20994902
v -3.56786489 5.09833288 2.54256892
v -3.93932009 4.62441778 2.27509403
v -4.07159615 4.75631523 2.11631393
v -3.71539593 5.11821413 2.11727595
v -3.58140612 4.98460817 2.27841806
v -3.56786489 5.09833288 2.54256892
v -3.8385191 5.36821079 2.20994902
v -4.30465603 4.90540695 2.21091104
v -4.03228903 4.63382101 2.54589295
v -4.17874098 4.43549109 -2.39324093
v -4.37795687 4.63413477 -2.15838408
v -4.30470419 4.90545511 -2.19891095
v -4.04009199 4.64160204 -2.53078103
v -3.93642592 4.62153292 -2.27474403
v -4.07158184 4.75630093 -2.09974504
v -4.22883797 4.6178031 -2.09195709
v -4.08079386 4.4701829 -2.27223301
v -4.08079386 4.4701829 -2.27223301
v -4.22883797 4.6178031 -2.09195709
v -4.37795687 4.63413477 -2.15838408
v -4.17874098 4.43549109 -2.39324093
v -3.5754981 5.10594606 -2.527529
v -3.83856392 5.36825705 -2.19795299
v -3.612324 5.40539122 -2.15908408
v -3.41197801 5.20561886 -2.39561796
v -3.43536806 5.11630678 -2.26985502
v -3.58228207 5.26279879 -2.0912571
v -3.71538305 5.11819983 -2.100703
v -3.57868099 4.98189116 -2.27799511
v -4.04009199 4.64160204 -2.53078103
v -4.30470419 4.90545511 -2.19891095
v -3.83856392 5.36825705 -2.19795299
v -3.5754981 5.10594606 -2.527529
v -3.57868099 4.98189116 -2.27799511
v -3.71538305 5.11819983 -2.100703
v -4.07158184 4.75630093 -2.09974504
v -3.93642592 4.62153292 -2.27474403
v -3.91820312 4.30679607 2.31691194
v -4.08767414 4.47704411 2.26594305
v -3.93932009 4.62441778 2.27509403
v -3.71231699 4.39732981 2.32162189
v -3.75396705 4.35555983 2.60893703
v -4.03228903 4.63382101 2.54589295
v -4.17811489 4.43486691 2.40527201
v -3.98438191 4.24042702 2.46873212
v -3.98438191 4.24042702 2.46873212
v -4.17811489 4.43486691 2.40527201
v -4.08767414 4.47704411 2.26594305
v -3.91820312 4.30679607 2.31691194
v -3.35299397 4.75768709 2.32510591
v -3.58140612 4.98460817 2.27841806
v -3.44237208 5.12329102 2.2635119
v -3.2720089 4.95484877 2.31425691
v -3.21569204 5.01132822 2.47123098
v -3.41122699 5.20487118 2.40770292
v -3.56786489 5.09833288 2.54256892
v -3.28938007 4.82148409 2.6053741
v -3.71231699 4.39732981 2.32162189
v -3.93932009 4.62441778 2.27509403
v -3.58140612 4.98460817 2.27841806
v -3.35299397 4.75768709 2.32510591
v -3.28938007 4.82148409 2.6053741
v -3.56786489 5.09833288 2.54256892
v -4.03228903 4.63382101 2.54589295
v -3.75396705 4.35555983 2.60893703
v -3.97968197 4.23824883 -2.47546101
v -4.17874098 4.43549109 -2.39324093
v -4.04009199 4.64160204 -2.53078103
v -3.7532351 4.35629511 -2.60893703
v -3.71158504 4.39806414 -2.33160591
v -3.93642592 4.62153292 -2.27474403
v -4.08079386 4.4701829 -2.27223301
v -3.91350293 4.30461884 -2.32385993
v -3.91350293 4.30461884 -2.32385993
v -4.08079386 4.4701829 -2.27223301
v -4.17874098 4.43549109 -2.39324093
v -3.97968197 4.23824883 -2.47546101
v -3.29021001 4.82065201 -2.60545492
v -3.5754981 5.10594606 -2.527529
v -3.41197801 5.20561886 -2.39561796
v -3.21366811 5.00646687 -2.478122
v -3.26998401 4.94998789 -2.32136798
v -3.43536806 5.11630678 -2.26985502
v -3.57868099 4.98189116 -2.27799511
v -3.35382295 4.75685501 -2.33517098
v -3.7532351 4.35629511 -2.60893703
v -4.04009199 4.64160204 -2.53078103
v -3.5754981 5.10594606 -2.527529
v -3.29021001 4.82065201 -2.60545492
v -3.35382295 4.75685501 -2.33517098
v -3.57868099 4.98189116 -2.27799511
v -3.93642592 4.62153292 -2.27474403
v -3.71158504 4.39806414 -2.33160591
v -4.01771784 5.54689693 0.00592700019
v -3.99853396 5.52776718 1.03130805
v -3.77446008 5.56705999 1.00295603
v -3.79149008 5.58404207 0.00588600012
v -4.4838562 5.08409405 0.00592799997
v -4.46462011 5.06491184 1.03200698
v -3.99853396 5.52776718 1.03130805
v -4.01771784 5.54689693 0.00592700019
v -4.55712318 4.81278706 0.00588499987
v -4.54013205 4.79584503 1.00244498
v -4.46462011 5.06491184 1.03200698
v -4.4838562 5.08409405 0.00592799997
v -4.55712318 4.81278706 0.00588499987
v -4.40802288 4.79647398 0.00581499981
v -4.39292908 4.78142405 0.977598011
v -4.54013205 4.79584503 1.00244498
v -4.39292908 4.78142405 0.977598011
v -4.40802288 4.79647398 0.00581499981
v -4.25075579 4.93496084 0.00707100006
v -4.23549795 4.91974783 0.977185011
v -3.894557 5.29686117 0.00707199983
v -3.87924695 5.2815938 0.977883995
v -4.23549795 4.91974783 0.977185011
v -4.25075579 4.93496084 0.00707100006
v -3.76146698 5.4414711 0.00581400003
v -3.74641204 5.42645884 0.977087021
v -3.87924695 5.2815938 0.977883995
v -3.894557 5.29686117 0.00707199983
v -3.83856392 5.36825705 -2.19795299
v -3.99843788 5.52767181 -1.02001202
v -3.774297 5.56689787 -0.992030978
v -3.612324 5.40539122 -2.15908408
v -4.30470419 4.90545511 -2.19891095
v -4.46452522 5.06481695 -1.02070105
v -3.99843788 5.52767181 -1.02001202
v -3.83856392 5.36825705 -2.19795299
v -4.37795687 4.63413477 -2.15838408
v -4.53996801 4.795681 -0.991526008
v -4.46452522 5.06481695 -1.02070105
v -4.30470419 4.90545511 -2.19891095
v -4.37795687 4.63413477 -2.15838408
v -4.22883797 4.6178031 -2.09195709
v -4.39268684 4.78118181 -0.967067003
v -4.53996801 4.795681 -0.991526008
v -4.39268684 4.78118181 -0.967067003
v -4.22883797 4.6178031 -2.09195709
v -4.07158184 4.75630093 -2.09974504
v -4.23563719 4.91988611 -0.964232981
v -3.71538305 5.11819983 -2.100703
v -3.87938595 5.28173399 -0.964922011
v -4.23563719 4.91988611 -0.964232981
v -4.07158184 4.75630093 -2.09974504
v -3.58228207 5.26279879 -2.0912571
v -3.74616909 5.42621613 -0.966562986
v -3.87938595 5.28173399 -0.964922011
v -3.71538305 5.11819983 -2.100703
v -3.99843788 5.52767181 -1.02001202
v -4.01771784 5.54689693 0.00592700019
v -3.79149008 5.58404207 0.00588600012
v -3.774297 5.56689787 -0.992030978
v -4.46452522 5.06481695 -1.02070105
v -4.4838562 5.08409405 0.00592799997
v -4.01771784 5.54689693 0.00592700019
v -3.99843788 5.52767181 -1.02001202
v -4.53996801 4.795681 -0.991526008
v -4.55712318 4.81278706 0.00588499987
v -4.4838562 5.08409405 0.00592799997
v -4.46452522 5.06481695 -1.02070105
v -4.53996801 4.795681 -0.991526008
v -4.39268684 4.78118181 -0.967067003
v -4.40802288 4.79647398 0.00581499981
v -4.55712318 4.81278706 0.00588499987
v -4.40802288 4.79647398 0.00581499981
v -4.39268684 4.78118181 -0.967067003
v -4.23563719 4.91988611 -0.964232981
v -4.25075579 4.93496084 0.00707100006
v -3.87938595 5.28173399 -0.964922011
v -3.894557 5.29686117 0.00707199983
v -4.25075579 4.93496084 0.00707100006
v -4.23563719 4.91988611 -0.964232981
v -3.74616909 5.42621613 -0.966562986
v -3.76146698 5.4414711 0.00581400003
v -3.894557 5.29686117 0.00707199983
v -3.87938595 5.28173399 -0.964922011
v -1.15549004 6.59660912 1.00244498
v -1.32492995 6.57699394 1.00295603
v -1.28480303 6.35155582 2.17091489
v -1.15549004 6.36757278 2.17021203
v -1.15549004 6.36757278 2.17021203
v -1.28480303 6.35155582 2.17091489
v -1.23503804 6.07198 2.40770292
v -1.15549004 6.08537388 2.40527201
v -1.15549004 6.08537388 2.40527201
v -1.23503804 6.07198 2.40770292
v -1.18582594 5.80129385 2.47123098
v -1.15638399 5.81089592 2.46873212
v -1.15638399 5.81089592 2.46873212
v -1.18582594 5.80129385 2.47123098
v -1.26435101 5.7873168 2.31425691
v -1.06265795 5.81089592 2.31691194
v -1.06265795 5.81089592 2.31691194
v -1.26435101 5.7873168 2.31425691
v -1.30733299 6.02300501 2.2635119
v -1.061764 6.05111217 2.26594305
v -1.061764 6.05111217 2.26594305
v -1.30733299 6.02300501 2.2635119
v -1.34196997 6.21759081 2.10279989
v -1.061764 6.25052691 2.10350299
v -1.061764 6.25052691 2.10350299
v -1.34196997 6.21759081 2.10279989
v -1.38257694 6.44572306 0.977087021
v -1.061764 6.48219013 0.977598011
v -1.061764 6.48219013 0.977598011
v -1.38257694 6.44572306 0.977087021
v -1.38630199 6.46665287 0.00581400003
v -1.061764 6.50350523 0.00581499981
v -1.061764 6.50350523 0.00581499981
v -1.38630199 6.46665287 0.00581400003
v -1.38251603 6.44538307 -0.966562986
v -1.061764 6.48184776 -0.967067003
v -1.061764 6.48184776 -0.967067003
v -1.38251603 6.44538307 -0.966562986
v -1.34195805 6.21752501 -2.0912571
v -1.061764 6.25046206 -2.09195709
v -1.061764 6.25046206 -2.09195709
v -1.34195805 6.21752501 -2.0912571
v -1.30560005 6.01326704 -2.26985502
v -1.061764 6.04139614 -2.27223301
v -1.061764 6.04139614 -2.27223301
v -1.30560005 6.01326704 -2.26985502
v -1.26548004 5.78217316 -2.32136798
v -1.06088102 5.8060298 -2.32385993
v -1.06088102 5.8060298 -2.32385993
v -1.26548004 5.78217316 -2.32136798
v -1.18695498 5.79615116 -2.478122
v -1.15460801 5.8060298 -2.47546101
v -1.15460801 5.8060298 -2.47546101
v -1.18695498 5.79615116 -2.478122
v -1.23522401 6.0730238 -2.39561796
v -1.15549004 6.08625793 -2.39324093
v -1.15549004 6.08625793 -2.39324093
v -1.23522401 6.0730238 -2.39561796
v -1.28480601 6.35157204 -2.15908408
v -1.15549004 6.367589 -2.15838408
v -1.15549004 6.367589 -2.15838408
v -1.28480601 6.35157204 -2.15908408
v -1.32489002 6.57676697 -0.992030978
v -1.15549004 6.5963769 -0.991526008
v -1.15549004 6.5963769 -0.991526008
v -1.32489002 6.57676697 -0.992030978
v -1.32914495 6.60067177 0.00588600012
v -1.15549004 6.62060499 0.00588499987
v -1.15549004 6.62060499 0.00588499987
v -1.32914495 6.60067177 0.00588600012
v -1.32492995 6.57699394 1.00295603
v -1.15549004 6.59660912 1.00244498
v -2.68948793 6.27337408 1.00295603
v -2.39444804 6.38422489 1.00244498
v -2.39865303 6.40784788 0.00588499987
v -2.70226192 6.29375076 0.00588600012
v -2.70226192 6.29375076 0.00588600012
v -2.39865303 6.40784788 0.00588499987
v -2.39440703 6.38399601 -0.991526008
v -2.6893661 6.2731781 -0.992030978
v -2.6893661 6.2731781 -0.992030978
v -2.39440703 6.38399601 -0.991526008
v -2.3543129 6.1587491 -2.15838408
v -2.56787205 6.07937813 -2.15908408
v -2.56787205 6.07937813 -2.15908408
v -2.3543129 6.1587491 -2.15838408
v -2.30501103 5.88177109 -2.39324093
v -2.41759205 5.83966208 -2.39561796
v -2.41759205 5.83966208 -2.39561796
v -2.30501103 5.88177109 -2.39324093
v -2.25503397 5.6060338 -2.47546101
v -2.26915789 5.60100698 -2.478122
v -2.26915789 5.60100698 -2.478122
v -2.25503397 5.6060338 -2.47546101
v -2.16275811 5.62245893 -2.32385993
v -2.33673596 5.55864286 -2.32136798
v -2.33673596 5.55864286 -2.32136798
v -2.16275811 5.62245893 -2.32385993
v -2.20487404 5.85402918 -2.27223301
v -2.46047211 5.75789881 -2.26985502
v -2.46047211 5.75789881 -2.26985502
v -2.20487404 5.85402918 -2.27223301
v -2.24151206 6.05985785 -2.09195709
v -2.57067108 5.93368196 -2.0912571
v -2.57067108 5.93368196 -2.0912571
v -2.24151206 6.05985785 -2.09195709
v -2.2820611 6.28766298 -0.967067003
v -2.69360209 6.12977505 -0.966562986
v -2.69360209 6.12977505 -0.966562986
v -2.2820611 6.28766298 -0.967067003
v -2.28585601 6.30898619 0.00581499981
v -2.70507693 6.14807987 0.00581400003
v -2.70507693 6.14807987 0.00581400003
v -2.28585601 6.30898619 0.00581499981
v -2.28211999 6.28800106 0.977598011
v -2.693784 6.13006687 0.977087021
v -2.693784 6.13006687 0.977087021
v -2.28211999 6.28800106 0.977598011
v -2.24152303 6.05992317 2.10350299
v -2.57070589 5.93374014 2.10279989
v -2.57070589 5.93374014 2.10279989
v -2.24152303 6.05992317 2.10350299
v -2.20657611 5.86359406 2.26594305
v -2.46572495 5.76628017 2.2635119
v -2.46572495 5.76628017 2.2635119
v -2.20657611 5.86359406 2.26594305
v -2.16535997 5.62693787 2.31691194
v -2.33761501 5.56383514 2.31425691
v -2.33761501 5.56383514 2.31425691
v -2.16535997 5.62693787 2.31691194
v -2.25763607 5.61051321 2.46873212
v -2.27003694 5.60619879 2.47123098
v -2.27003694 5.60619879 2.47123098
v -2.25763607 5.61051321 2.46873212
v -2.30485702 5.88089991 2.40527201
v -2.4170301 5.83876419 2.40770292
v -2.4170301 5.83876419 2.40770292
v -2.30485702 5.88089991 2.40527201
v -2.35431004 6.15873194 2.17021203
v -2.56786203 6.07936382 2.17091489
v -2.56786203 6.07936382 2.17091489
v -2.35431004 6.15873194 2.17021203
v -2.39444804 6.38422489 1.00244498
v -2.68948793 6.27337408 1.00295603
v -3.77446008 5.56705999 1.00295603
v -3.60900688 5.694139 1.00244498
v -3.62175202 5.71446991 0.00588499987
v -3.79149008 5.58404207 0.00588600012
v -3.79149008 5.58404207 0.00588600012
v -3.62175202 5.71446991 0.00588499987
v -3.6088841 5.69394302 -0.991526008
v -3.774297 5.56689787 -0.992030978
v -3.774297 5.56689787 -0.992030978
v -3.6088841 5.69394302 -0.991526008
v -3.48736095 5.5000968 -2.15838408
v -3.612324 5.40539122 -2.15908408
v -3.612324 5.40539122 -2.15908408
v -3.48736095 5.5000968 -2.15838408
v -3.33792996 5.26173306 -2.39324093
v -3.41197801 5.20561886 -2.39561796
v -3.41197801 5.20561886 -2.39561796
v -3.33792996 5.26173306 -2.39324093
v -3.18833709 5.02477312 -2.47546101
v -3.21366811 5.00646687 -2.478122
v -3.21366811 5.00646687 -2.478122
v -3.18833709 5.02477312 -2.47546101
v -3.1089251 5.07455492 -2.32385993
v -3.26998401 4.94998789 -2.32136798
v -3.26998401 4.94998789 -2.32136798
v -3.1089251 5.07455492 -2.32385993
v -3.234689 5.27350616 -2.27223301
v -3.43536806 5.11630678 -2.26985502
v -3.43536806 5.11630678 -2.26985502
v -3.234689 5.27350616 -2.27223301
v -3.34573603 5.45064211 -2.09195709
v -3.58228207 5.26279879 -2.0912571
v -3.58228207 5.26279879 -2.0912571
v -3.34573603 5.45064211 -2.09195709
v -3.4686389 5.64668798 -0.967067003
v -3.74616909 5.42621613 -0.966562986
v -3.74616909 5.42621613 -0.966562986
v -3.4686389 5.64668798 -0.967067003
v -3.48014212 5.66503811 0.00581499981
v -3.76146698 5.4414711 0.00581400003
v -3.76146698 5.4414711 0.00581400003
v -3.48014212 5.66503811 0.00581499981
v -3.46882105 5.6469779 0.977598011
v -3.74641204 5.42645884 0.977087021
v -3.74641204 5.42645884 0.977087021
v -3.46882105 5.6469779 0.977598011
v -3.34577107 5.4506979 2.10350299
v -3.58232903 5.26284599 2.10279989
v -3.58232903 5.26284599 2.10279989
v -3.34577107 5.4506979 2.10350299
v -3.23985004 5.2817378 2.26594305
v -3.44237208 5.12329102 2.2635119
v -3.44237208 5.12329102 2.2635119
v -3.23985004 5.2817378 2.26594305
v -3.11301494 5.07773399 2.31691194
v -3.2720089 4.95484877 2.31425691
v -3.2720089 4.95484877 2.31425691
v -3.11301494 5.07773399 2.31691194
v -3.19242692 5.02795076 2.46873212
v -3.21569204 5.01132822 2.47123098
v -3.21569204 5.01132822 2.47123098
v -3.19242692 5.02795076 2.46873212
v -3.33746004 5.26098394 2.40527201
v -3.41122699 5.20487118 2.40770292
v -3.41122699 5.20487118 2.40770292
v -3.33746004 5.26098394 2.40527201
v -3.48735309 5.50008297 2.17021203
v -3.61231303 5.40537786 2.17091489
v -3.61231303 5.40537786 2.17091489
v -3.48735309 5.50008297 2.17021203
v -3.60900688 5.694139 1.00244498
v -3.77446008 5.56705999 1.00295603
v -0.066738002 6.6736269 1.00295603
v 0.0645269975 6.6732502 1.00295603
v 0.0658269972 6.69726515 0.00588600012
v -0.0686940029 6.69759703 0.00588600012
v -0.0686940029 6.69759703 0.00588600012
v 0.0658269972 6.69726515 0.00588600012
v 0.0645150021 6.67301989 -0.992030978
v -0.0667200014 6.67339706 -0.992030978
v -0.0667200014 6.67339706 -0.992030978
v 0.0645150021 6.67301989 -0.992030978
v 0.0521560013 6.44462013 -2.15908408
v -0.0481219999 6.44541883 -2.15908408
v -0.0481219999 6.44541883 -2.15908408
v 0.0521560013 6.44462013 -2.15908408
v 0.0368690006 6.16210699 -2.39561796
v -0.0251189992 6.16343021 -2.39561796
v -0.0251189992 6.16343021 -2.39561796
v 0.0368690006 6.16210699 -2.39561796
v 0.0226809997 5.88141584 -2.478122
v -0.00326399994 5.88323212 -2.478122
v -0.00326399994 5.88323212 -2.478122
v 0.0226809997 5.88141584 -2.478122
v 0.102324001 5.87710714 -2.32136798
v -0.0827590004 5.87674713 -2.32136798
v -0.0827590004 5.87674713 -2.32136798
v 0.102324001 5.87710714 -2.32136798
v 0.113999002 6.1113658 -2.26985502
v -0.100832999 6.11059999 -2.26985502
v -0.100832999 6.11059999 -2.26985502
v 0.113999002 6.1113658 -2.26985502
v 0.125209004 6.31853199 -2.0912571
v -0.117702 6.31738186 -2.0912571
v -0.117702 6.31738186 -2.0912571
v 0.125209004 6.31853199 -2.0912571
v 0.137713999 6.54963303 -0.966562986
v -0.136519 6.54805613 -0.966562986
v -0.136519 6.54805613 -0.966562986
v 0.137713999 6.54963303 -0.966562986
v 0.138880998 6.57120514 0.00581400003
v -0.138274997 6.56958818 0.00581400003
v -0.138274997 6.56958818 0.00581400003
v 0.138880998 6.57120514 0.00581400003
v 0.137732998 6.54997683 0.977087021
v -0.136546999 6.54839802 0.977087021
v -0.136546999 6.54839802 0.977087021
v 0.137732998 6.54997683 0.977087021
v 0.125212997 6.31859922 2.10279989
v -0.117706999 6.31744909 2.10279989
v -0.117706999 6.31744909 2.10279989
v 0.125212997 6.31859922 2.10279989
v 0.114533 6.12124205 2.2635119
v -0.101636998 6.12045813 2.2635119
v -0.101636998 6.12045813 2.2635119
v 0.114533 6.12124205 2.2635119
v 0.100576997 5.88207388 2.31425691
v -0.0811479986 5.88176107 2.31425691
v -0.0811479986 5.88176107 2.31425691
v 0.100576997 5.88207388 2.31425691
v 0.0209340006 5.88638401 2.47123098
v -0.00165300001 5.88824606 2.47123098
v -0.00165300001 5.88824606 2.47123098
v 0.0209340006 5.88638401 2.47123098
v 0.036812 6.16104889 2.40770292
v -0.0250330009 6.16237402 2.40770292
v -0.0250330009 6.16237402 2.40770292
v 0.036812 6.16104889 2.40770292
v 0.0521549992 6.44460297 2.17091489
v -0.0481210016 6.4454031 2.17091489
v -0.0481210016 6.4454031 2.17091489
v 0.0521549992 6.44460297 2.17091489
v 0.0645269975 6.6732502 1.00295603
v -0.066738002 6.6736269 1.00295603
v -4.04813623 4.51532698 -2.37195492
v -1.06535196 0.216093004 0.0326949991
v -1.04444504 0.207663 -0.00594000006
v -4.02722883 4.50689697 -2.41058993
v -1.10016 0.191430002 0.0192409996
v -4.08294392 4.49066401 -2.38540912
v -4.06203699 4.48223495 -2.42404509
v -1.07925296 0.182999998 -0.0193949994
v -4.02722883 4.50689697 -2.41058993
v -1.04444504 0.207663 -0.00594000006
v -1.07925296 0.182999998 -0.0193949994
v -4.06203699 4.48223495 -2.42404509
v -4.08294392 4.49066401 -2.38540912
v -1.10016 0.191430002 0.0192409996
v -1.06535196 0.216093004 0.0326949991
v -4.04813623 4.51532698 -2.37195492
v -4.04813623 4.53712177 2.42579699
v -1.06535196 0.186620995 0.115189999
v -1.04444504 0.214525998 0.0871710032
v -4.02722883 4.56502724 2.39777803
v -1.10016 0.184566006 0.0871710032
v -4.08294392 4.53506708 2.39777803
v -4.06203699 4.56297302 2.36975908
v -1.07925296 0.212472007 0.0591530018
v -4.02722883 4.56502724 2.39777803
v -1.04444504 0.214525998 0.0871710032
v -1.07925296 0.212472007 0.0591530018
v -4.06203699 4.56297302 2.36975908
v -4.08294392 4.53506708 2.39777803
v -1.10016 0.184566006 0.0871710032
v -1.06535196 0.186620995 0.115189999
v -4.04813623 4.53712177 2.42579699

# 822 UV coordinates
vt 0.0953100026 1.01861799 0
vt 0.0953100026 1.01605296 0
vt 0.44501099 1.01880705 0
vt 0.44501099 1.02137101 0
vt 0.445427001 1.01372194 0
vt 0.445387006 1.01628602 0
vt 0.0956860036 1.01353204 0
vt 0.0957259983 1.01096904 0
vt 0.0956460014 1.02114403 0
vt 0.445347011 1.02389705 0
vt 0.0886050016 1.03320098 0
vt 0.0886050016 1.03056204 0
vt 0.448516995 1.03339601 0
vt 0.448516995 1.03603506 0
vt 0.448944986 1.028162 0
vt 0.448904008 1.03080106 0
vt 0.0889919996 1.02796698 0
vt 0.0890330002 1.02532899 0
vt 0.0889509991 1.03580105 0
vt 0.448863 1.03863502 0
vt 0.480792999 1.11531103 0
vt 0.0356729999 1.11314702 0
vt 0.0355289988 1.10987401 0
vt 0.480650008 1.11203802 0
vt 0.0361209996 1.10335302 0
vt 0.481242001 1.10551703 0
vt 0.481067002 1.10878897 0
vt 0.0359460004 1.10662401 0
vt 0.481178999 1.11856496 0
vt 0.0360580012 1.1164 0
vt 0.952906013 1.02820396 0
vt 0.952957988 1.03149998 0
vt 0.50346899 1.03504598 0
vt 0.503417015 1.03174996 0
vt 0.503036976 1.04158902 0
vt 0.503036976 1.038293 0
vt 0.952525973 1.034747 0
vt 0.952525973 1.03804302 0
vt 0.952422976 1.02496397 0
vt 0.502933979 1.02850997 0
vt 0.946228981 1.04694402 0
vt 0.946283996 1.05016696 0
vt 0.506690979 1.05426395 0
vt 0.50663501 1.05104101 0
vt 0.506277978 1.06066406 0
vt 0.506272972 1.05744004 0
vt 0.945865989 1.05334401 0
vt 0.945870996 1.05656695 0
vt 0.945752025 1.04377496 0
vt 0.506159008 1.04787195 0
vt 0.895066023 1.00857401 0
vt 0.895129025 1.01179695 0
vt 0.455547988 1.01698005 0
vt 0.455484986 1.01375794 0
vt 0.455150992 1.02338099 0
vt 0.455137998 1.02015805 0
vt 0.894719005 1.01497495 0
vt 0.894731998 1.01819801 0
vt 0.89458102 1.00540698 0
vt 0.455000013 1.01058996 0
vt 0.48742801 1.09842801 0
vt 0.0424139984 1.096264 0
vt 0.0422709994 1.09299195 0
vt 0.487284988 1.09515595 0
vt 0.0428630002 1.08647203 0
vt 0.487877011 1.08863604 0
vt 0.487702012 1.09190702 0
vt 0.0426880009 1.08974302 0
vt 0.487812996 1.10168099 0
vt 0.0427989997 1.09951699 0
vt 0.481835008 1.13219702 0
vt 0.04837 1.13008904 0
vt 0.0482309982 1.12690198 0
vt 0.481694996 1.12900996 0
vt 0.0488069989 1.12055099 0
vt 0.482271999 1.12265897 0
vt 0.482102007 1.12584496 0
vt 0.048636999 1.12373698 0
vt 0.48221001 1.13536501 0
vt 0.048746001 1.13325703 0
vt 0.63617599 1.20952106 0
vt 0.640177011 1.195454 0
vt 0.647014022 1.19760299 0
vt 0.642090976 1.21545696 0
vt 0.640465975 1.16354299 0
vt 0.636667013 1.14938605 0
vt 0.642666996 1.14355004 0
vt 0.647458971 1.16142905 0
vt 0.642108977 1.179178 0
vt 0.648416996 1.17953897 0
vt 0.823823988 1.16321898 0
vt 0.822905004 1.17993701 0
vt 0.806962013 1.17872095 0
vt 0.807520986 1.16080701 0
vt 0.628090024 1.18154001 0
vt 0.626076996 1.16682398 0
vt 0.754821002 1.16292703 0
vt 0.752065003 1.14748406 0
vt 0.755155027 1.14355898 0
vt 0.758934021 1.16174197 0
vt 0.759452999 1.18008304 0
vt 0.755814016 1.18009698 0
vt 0.759056985 1.19814396 0
vt 0.754944026 1.19697702 0
vt 0.755554974 1.21639597 0
vt 0.752296984 1.21243405 0
vt 0.691102982 1.16277301 0
vt 0.692039013 1.14611399 0
vt 0.690706015 1.17959297 0
vt 0.690926015 1.19676995 0
vt 0.69174403 1.21342897 0
vt 0.800827026 1.13866496 0
vt 0.79975301 1.15980101 0
vt 0.799982011 1.17905605 0
vt 0.800208986 1.19908798 0
vt 0.801943004 1.22021401 0
vt 0.685603023 1.16166496 0
vt 0.686693013 1.14140105 0
vt 0.685961008 1.17955303 0
vt 0.685474992 1.19782698 0
vt 0.686372995 1.21807194 0
vt 0.808534026 1.14272702 0
vt 0.807851017 1.19806504 0
vt 0.809503973 1.21593094 0
vt 0.942822993 1.06766796 0
vt 0.942867994 1.07089198 0
vt 0.503262997 1.07352602 0
vt 0.503217995 1.07030296 0
vt 0.502829015 1.07992506 0
vt 0.502834976 1.07670105 0
vt 0.94243902 1.074067 0
vt 0.942433 1.07729006 0
vt 0.942357004 1.06449902 0
vt 0.502752006 1.06713295 0
vt 0.483253002 1.08199 0
vt 0.0497899987 1.07988203 0
vt 0.0496499985 1.07669497 0
vt 0.483112991 1.07880306 0
vt 0.0502270013 1.07034397 0
vt 0.483689994 1.07245195 0
vt 0.483520001 1.07563806 0
vt 0.0500559993 1.07352996 0
vt 0.483628988 1.08515799 0
vt 0.0501650013 1.08305001 0
vt 0.0376610011 1.39856005 0
vt 0.0444739982 1.37893498 0
vt 0.058956001 1.37220597 0
vt 0.0568149984 1.39648402 0
vt 0.117958002 1.40001798 0
vt 0.116278999 1.379565 0
vt 0.206037 1.38230002 0
vt 0.204685003 1.40207005 0
vt 0.502319992 1.39953899 0
vt 0.500606 1.37545395 0
vt 0.514856994 1.38230395 0
vt 0.520991027 1.40170693 0
vt 0.682601988 1.76948595 0
vt 0.682833016 1.78461099 0
vt 0.600359976 1.78541303 0
vt 0.598438025 1.77020693 0
vt 0.114363998 1.46471095 0
vt 0.116943002 1.447855 0
vt 0.204062 1.44893396 0
vt 0.204843 1.46504998 0
vt 0.503009021 1.45001996 0
vt 0.522243977 1.445822 0
vt 0.516021013 1.46457303 0
vt 0.501625001 1.46882796 0
vt 0.682510972 1.73299694 0
vt 0.597431004 1.73260903 0
vt 0.598558009 1.71808505 0
vt 0.682690978 1.718871 0
vt 0.0365939997 1.44266701 0
vt 0.056566 1.44648302 0
vt 0.0573320016 1.46556497 0
vt 0.0430019982 1.46130896 0
vt 0.582082987 1.78720498 0
vt 0.580537975 1.77140808 0
vt 0.0831819996 1.39654303 0
vt 0.0859970003 1.37619305 0
vt 0.579280972 1.73295403 0
vt 0.579774976 1.71795297 0
vt 0.0832609981 1.46466196 0
vt 0.0819320008 1.44808996 0
vt 0.440910995 1.40280795 0
vt 0.442837 1.382357 0
vt 0.472977012 1.379179 0
vt 0.475452006 1.39963007 0
vt 0.904815018 1.789096 0
vt 0.906874001 1.77392006 0
vt 0.925728023 1.77570295 0
vt 0.924326003 1.79153299 0
vt 0.444047004 1.46747601 0
vt 0.441816002 1.45054603 0
vt 0.475951999 1.45119202 0
vt 0.474963009 1.46786201 0
vt 0.908779979 1.73634398 0
vt 0.908343017 1.72179508 0
vt 0.928515017 1.72218609 0
vt 0.927995026 1.73718703 0
vt 0.564347029 1.78963602 0
vt 0.556825995 1.77316701 0
vt 0.555624008 1.73339796 0
vt 0.561765015 1.71772099 0
vt 0.949010015 1.77801704 0
vt 0.941624999 1.79424202 0
vt 0.946213007 1.722597 0
vt 0.951717019 1.738428 0
vt 0.279177994 1.44956994 0
vt 0.279091001 1.46574903 0
vt 0.279428989 1.40278304 0
vt 0.279523998 1.38285303 0
vt 0.752699971 1.77040899 0
vt 0.75258702 1.78556204 0
vt 0.753167987 1.733845 0
vt 0.753441989 1.71972799 0
vt 0.353453994 1.46637797 0
vt 0.354393005 1.450279 0
vt 0.354200989 1.40335107 0
vt 0.353065014 1.38355207 0
vt 0.82247299 1.78626609 0
vt 0.822925985 1.771137 0
vt 0.823940992 1.73464394 0
vt 0.824294984 1.720523 0
vt 0.0375379995 1.49228501 0
vt 0.0438209996 1.47489703 0
vt 0.0577879995 1.46856403 0
vt 0.0569839999 1.490785 0
vt 0.117660999 1.49705899 0
vt 0.114252999 1.474226 0
vt 0.204757005 1.47707605 0
vt 0.203976005 1.49962401 0
vt 0.501621008 1.49439001 0
vt 0.501109004 1.47213197 0
vt 0.514910996 1.47877204 0
vt 0.520482004 1.49641395 0
vt 0.683058023 1.68024707 0
vt 0.682720006 1.69567609 0
vt 0.59831202 1.69716299 0
vt 0.598424017 1.681301 0
vt 0.113098003 1.562675 0
vt 0.115989998 1.54496801 0
vt 0.203260005 1.54646206 0
vt 0.203995004 1.56274605 0
vt 0.502915978 1.54541397 0
vt 0.52236402 1.54020703 0
vt 0.516285002 1.56273794 0
vt 0.502110004 1.56803799 0
vt 0.683153987 1.64375401 0
vt 0.597772002 1.64362299 0
vt 0.598702013 1.627334 0
vt 0.683348 1.628878 0
vt 0.0347869992 1.53595102 0
vt 0.0548279993 1.54127693 0
vt 0.0550829992 1.56399894 0
vt 0.0409130007 1.55854607 0
vt 0.579154015 1.69903708 0
vt 0.580909014 1.682652 0
vt 0.0838330016 1.49361706 0
vt 0.0833510011 1.47078097 0
vt 0.579603016 1.64421105 0
vt 0.579729021 1.62661195 0
vt 0.081611 1.56331205 0
vt 0.0807790011 1.54460597 0
vt 0.440322012 1.49988198 0
vt 0.444011986 1.47702599 0
vt 0.474819988 1.47397304 0
vt 0.473641992 1.49701095 0
vt 0.90912199 1.70087802 0
vt 0.90912801 1.68500495 0
vt 0.927657008 1.68684793 0
vt 0.92958498 1.70337296 0
vt 0.443670005 1.56580102 0
vt 0.441166997 1.54796398 0
vt 0.475807995 1.54824197 0
vt 0.474999011 1.56704497 0
vt 0.910673976 1.64728701 0
vt 0.910417974 1.63096595 0
vt 0.930733979 1.63067603 0
vt 0.929845989 1.64833093 0
vt 0.561233997 1.70156598 0
vt 0.557578981 1.68524694 0
vt 0.555706978 1.64529395 0
vt 0.561594009 1.62569702 0
vt 0.950800002 1.68985796 0
vt 0.947125971 1.70615196 0
vt 0.948507011 1.63036501 0
vt 0.953553021 1.65006101 0
vt 0.278486013 1.54708695 0
vt 0.278342009 1.56335592 0
vt 0.27886799 1.50038302 0
vt 0.279015005 1.47810006 0
vt 0.75384599 1.68090999 0
vt 0.753745019 1.696293 0
vt 0.754276991 1.64449906 0
vt 0.754550993 1.62975097 0
vt 0.352802992 1.56416106 0
vt 0.353803009 1.54786801 0
vt 0.35383901 1.50097799 0
vt 0.353394002 1.478405 0
vt 0.824847996 1.69735098 0
vt 0.824719012 1.68191504 0
vt 0.825501025 1.64540792 0
vt 0.825827003 1.63053107 0
vt 0.0364160016 1.30311501 0
vt 0.0424549989 1.28315806 0
vt 0.0567290001 1.27666104 0
vt 0.0554680005 1.30068493 0
vt 0.117425002 1.29986405 0
vt 0.115174003 1.279742 0
vt 0.206089005 1.27677202 0
vt 0.205039993 1.29679 0
vt 0.504521012 1.30399895 0
vt 0.503696978 1.28025997 0
vt 0.517714977 1.286901 0
vt 0.523056984 1.30652702 0
vt 0.680629015 1.86738098 0
vt 0.680270016 1.88255095 0
vt 0.596459985 1.87749898 0
vt 0.595732987 1.86216903 0
vt 0.116447002 1.36345398 0
vt 0.118237004 1.34688699 0
vt 0.205173999 1.34388697 0
vt 0.206213996 1.36003196 0
vt 0.502810001 1.35461402 0
vt 0.522341013 1.35088503 0
vt 0.515528023 1.36961007 0
vt 0.500629008 1.37387395 0
vt 0.681824982 1.83058798 0
vt 0.597763002 1.82513702 0
vt 0.600041986 1.81103098 0
vt 0.68245697 1.81641197 0
vt 0.0371440016 1.34775496 0
vt 0.0573769994 1.35115004 0
vt 0.0589689985 1.37081802 0
vt 0.0441190004 1.36652803 0
vt 0.577781975 1.87685895 0
vt 0.577690005 1.86109304 0
vt 0.0820439979 1.29920006 0
vt 0.083968997 1.27878797 0
vt 0.579801977 1.82295704 0
vt 0.581875026 1.80826807 0
vt 0.0858559981 1.366992 0
vt 0.0830390006 1.35065699 0
vt 0.442279994 1.30262601 0
vt 0.444904 1.28257895 0
vt 0.475955009 1.281955 0
vt 0.477438986 1.30234003 0
vt 0.906277001 1.88120794 0
vt 0.907123983 1.865924 0
vt 0.926164985 1.86527896 0
vt 0.926243007 1.88102293 0
vt 0.442784995 1.36620998 0
vt 0.441397011 1.34964001 0
vt 0.475538999 1.35366499 0
vt 0.473107994 1.37003899 0
vt 0.905969977 1.82887101 0
vt 0.904394984 1.81470108 0
vt 0.923991978 1.812325 0
vt 0.925050974 1.82711697 0
vt 0.559764981 1.87662601 0
vt 0.553821027 1.859689 0
vt 0.556430995 1.81999207 0
vt 0.564212024 1.80485892 0
vt 0.949631989 1.86448801 0
vt 0.943836987 1.88110995 0
vt 0.94146198 1.80964398 0
vt 0.948641002 1.82496905 0
vt 0.279716998 1.34342694 0
vt 0.279646993 1.35977793 0
vt 0.280021012 1.29607201 0
vt 0.280148 1.27582204 0
vt 0.751424015 1.869326 0
vt 0.751327991 1.88458705 0
vt 0.751915991 1.83241606 0
vt 0.752193987 1.81814003 0
vt 0.353175014 1.36130202 0
vt 0.35434401 1.34518003 0
vt 0.354948014 1.29807103 0
vt 0.354176015 1.27803898 0
vt 0.822519004 1.88414502 0
vt 0.822356999 1.86898398 0
vt 0.822063029 1.83229101 0
vt 0.821978986 1.81807709 0
vt 0.0390920006 1.20475495 0
vt 0.048285 1.18624997 0
vt 0.0636100024 1.18526804 0
vt 0.0576109998 1.20613194 0
vt 0.116940998 1.206025 0
vt 0.113780998 1.18586397 0
vt 0.203759 1.176494 0
vt 0.204034001 1.19724405 0
vt 0.50384903 1.21056795 0
vt 0.498719007 1.18984699 0
vt 0.513783991 1.191208 0
vt 0.521939993 1.20953298 0
vt 0.676077008 1.95958996 0
vt 0.675217986 1.97490406 0
vt 0.588077009 1.965747 0
vt 0.588424981 1.95033002 0
vt 0.113527998 1.17436099 0
vt 0.203894004 1.16548204 0
vt 0.115373999 1.268767 0
vt 0.117564 1.25237894 0
vt 0.204934999 1.24539495 0
vt 0.206063002 1.26180005 0
vt 0.505295992 1.25848401 0
vt 0.524787009 1.253124 0
vt 0.518612027 1.27221096 0
vt 0.503850996 1.27716196 0
vt 0.678258002 1.92241096 0
vt 0.592356026 1.91353202 0
vt 0.595040023 1.89947605 0
vt 0.679217994 1.90816402 0
vt 0.03565 1.24927402 0
vt 0.0558030009 1.25471401 0
vt 0.0566480011 1.27380896 0
vt 0.0419309996 1.26867199 0
vt 0.568790972 1.96310198 0
vt 0.570216 1.94780302 0
vt 0.0835649967 1.20670605 0
vt 0.0863379985 1.18680406 0
vt 0.0906340033 1.17459702 0
vt 0.574298978 1.91060305 0
vt 0.576636016 1.89618993 0
vt 0.0839890018 1.27182293 0
vt 0.081882 1.25608003 0
vt 0.443928987 1.20858896 0
vt 0.44777 1.188519 0
vt 0.475333005 1.19016194 0
vt 0.477155 1.21023798 0
vt 0.912617981 1.96958601 0
vt 0.91228801 1.95419598 0
vt 0.931572974 1.95193005 0
vt 0.933273017 1.96718693 0
vt 0.448332995 1.17685795 0
vt 0.472768009 1.178877 0
vt 0.444907993 1.27159905 0
vt 0.443275005 1.25521803 0
vt 0.477771014 1.25930798 0
vt 0.475968003 1.27506101 0
vt 0.909162998 1.91731298 0
vt 0.907121003 1.90318394 0
vt 0.926922977 1.90018797 0
vt 0.928300977 1.91471398 0
vt 0.550652981 1.96081603 0
vt 0.546392977 1.94461107 0
vt 0.0700590014 1.17178404 0
vt 0.550880015 1.90667605 0
vt 0.55892998 1.89255404 0
vt 0.955156982 1.94920492 0
vt 0.951003015 1.96517396 0
vt 0.492700994 1.17639697 0
vt 0.944379985 1.89722896 0
vt 0.951798022 1.91148996 0
vt 0.280364007 1.24350405 0
vt 0.28025201 1.26026702 0
vt 0.28104201 1.19481206 0
vt 0.28125 1.17410505 0
vt 0.281374007 1.163077 0
vt 0.750370026 1.96227098 0
vt 0.750320017 1.97761607 0
vt 0.750770986 1.92515302 0
vt 0.751034975 1.91080201 0
vt 0.354424 1.263111 0
vt 0.355747998 1.24674296 0
vt 0.35797599 1.19828403 0
vt 0.358691007 1.17756498 0
vt 0.358824998 1.16655898 0
vt 0.825473011 1.97647405 0
vt 0.824748993 1.96118593 0
vt 0.823386014 1.92417693 0
vt 0.822942019 1.90986001 0
vt 0.0552829988 1.75952899 0
vt 0.0409319997 1.752527 0
vt 0.034488 1.73278809 0
vt 0.0536019988 1.73522496 0
vt 0.202537 1.752285 0
vt 0.112732999 1.75328207 0
vt 0.114798002 1.73286605 0
vt 0.201562002 1.732494 0
vt 0.51136899 1.75817299 0
vt 0.496986002 1.76475191 0
vt 0.499170005 1.74069095 0
vt 0.517880976 1.73888099 0
vt 0.604206026 1.45074904 0
vt 0.686661005 1.45342994 0
vt 0.686079025 1.46854305 0
vt 0.601930022 1.46590805 0
vt 0.201826006 1.68563402 0
vt 0.114681996 1.68502307 0
vt 0.112416998 1.66812301 0
vt 0.202912003 1.66953897 0
vt 0.51413703 1.67589593 0
vt 0.519990981 1.69477606 0
vt 0.500841022 1.69020605 0
vt 0.499826998 1.67136097 0
vt 0.600831985 1.51802301 0
vt 0.600045025 1.50347602 0
vt 0.685141981 1.50501502 0
vt 0.684993982 1.51913905 0
vt 0.0553920008 1.66617894 0
vt 0.054281 1.68524003 0
vt 0.0342420004 1.68868601 0
vt 0.0409869999 1.67017293 0
vt 0.585973978 1.44853997 0
vt 0.584061027 1.46430004 0
vt 0.0799629986 1.73566997 0
vt 0.0823919997 1.75606704 0
vt 0.581905007 1.50272 0
vt 0.582047999 1.51773202 0
vt 0.081306003 1.66757202 0
vt 0.0796739981 1.68411303 0
vt 0.469431996 1.76049697 0
vt 0.439355999 1.75674605 0
vt 0.437826008 1.73625803 0
vt 0.472306997 1.74008799 0
vt 0.929372013 1.46800494 0
vt 0.910477996 1.46934497 0
vt 0.908766985 1.45412004 0
vt 0.928331971 1.45213997 0
vt 0.473805994 1.68852401 0
vt 0.439648986 1.68853593 0
vt 0.442202002 1.67164707 0
vt 0.473140001 1.67183101 0
vt 0.930934012 1.52159703 0
vt 0.910751998 1.52150297 0
vt 0.911525011 1.50696492 0
vt 0.930757999 1.50658 0
vt 0.568297982 1.44570601 0
vt 0.560392976 1.46200097 0
vt 0.558264971 1.50173903 0
vt 0.564036012 1.51755702 0
vt 0.952701986 1.46623504 0
vt 0.945689023 1.44983506 0
vt 0.948638022 1.52160692 0
vt 0.954503 1.50589705 0
vt 0.276962012 1.68644404 0
vt 0.277179986 1.67026806 0
vt 0.276322991 1.73321998 0
vt 0.276037991 1.75314593 0
vt 0.756444991 1.45408607 0
vt 0.756206989 1.46923494 0
vt 0.755825996 1.50579202 0
vt 0.755771995 1.519907 0
vt 0.352201015 1.68716502 0
vt 0.35156399 1.67105293 0
vt 0.351116002 1.734079 0
vt 0.349599004 1.75385201 0
vt 0.826355994 1.45501196 0
vt 0.826461017 1.47014594 0
vt 0.826628983 1.50664592 0
vt 0.826654017 1.520769 0
vt 0.0558990017 1.66318893 0
vt 0.0420439988 1.65660596 0
vt 0.0360540003 1.63911009 0
vt 0.0554869995 1.64094591 0
vt 0.203052998 1.657516 0
vt 0.112483002 1.65860891 0
vt 0.116323002 1.63585103 0
vt 0.202698007 1.63495994 0
vt 0.513314009 1.66166103 0
vt 0.499377996 1.66804397 0
vt 0.500331998 1.64577508 0
vt 0.519245982 1.64411092 0
vt 0.600098014 1.53893495 0
vt 0.684487998 1.54232299 0
vt 0.684471011 1.55775201 0
vt 0.599842012 1.55479598 0
vt 0.202874005 1.58812308 0
vt 0.115584001 1.58792305 0
vt 0.113049001 1.56993794 0
vt 0.203920007 1.57200003 0
vt 0.516041994 1.57607102 0
vt 0.522068024 1.60031199 0
vt 0.502632976 1.59474492 0
vt 0.501911998 1.57054496 0
vt 0.598846972 1.609308 0
vt 0.598330021 1.59244609 0
vt 0.683737993 1.59423494 0
vt 0.683587015 1.60919201 0
vt 0.055238001 1.56616592 0
vt 0.0542090014 1.59039402 0
vt 0.0339859985 1.59537506 0
vt 0.0409279987 1.57135499 0
vt 0.580982983 1.53663492 0
vt 0.582354009 1.55306005 0
vt 0.0824029967 1.63862896 0
vt 0.0815069973 1.66145599 0
vt 0.580160975 1.59146905 0
vt 0.579824984 1.61004698 0
vt 0.0816290006 1.56811309 0
vt 0.0803840011 1.58761597 0
vt 0.47311601 1.66571701 0
vt 0.44234699 1.66209698 0
vt 0.43908 1.63917994 0
vt 0.472380996 1.64265203 0
vt 0.929261029 1.55692601 0
vt 0.910678029 1.55830598 0
vt 0.911046982 1.54243708 0
vt 0.93157202 1.54044294 0
vt 0.475414008 1.59147799 0
vt 0.440779001 1.59112096 0
vt 0.443585992 1.57310605 0
vt 0.474887997 1.57184196 0
vt 0.931007981 1.61415505 0
vt 0.91070801 1.61292398 0
vt 0.91128701 1.59603596 0
vt 0.930552006 1.59551191 0
vt 0.563125014 1.533705 0
vt 0.559086978 1.54994893 0
vt 0.556286991 1.58988595 0
vt 0.561658025 1.61114693 0
vt 0.952475011 1.55449104 0
vt 0.949176013 1.53808904 0
vt 0.948791027 1.61550701 0
vt 0.954294026 1.59439802 0
vt 0.278100014 1.588943 0
vt 0.278259009 1.57285309 0
vt 0.277608007 1.63564301 0
vt 0.277336001 1.65792108 0
vt 0.755528986 1.54333806 0
vt 0.755270004 1.55871701 0
vt 0.754849017 1.59512305 0
vt 0.754774988 1.60991406 0
vt 0.353408009 1.58959293 0
vt 0.352697015 1.57342696 0
vt 0.352591008 1.63647103 0
vt 0.351727992 1.65902901 0
vt 0.826662004 1.54394293 0
vt 0.826169014 1.55936801 0
vt 0.826079011 1.59588099 0
vt 0.826057017 1.61084199 0
vt 0.0511990003 1.85498202 0
vt 0.0370539986 1.84820402 0
vt 0.0314060003 1.82813597 0
vt 0.0504069999 1.83094406 0
vt 0.200553 1.85778594 0
vt 0.109699003 1.85304999 0
vt 0.112342 1.83297896 0
vt 0.199892998 1.83775306 0
vt 0.51236397 1.85364997 0
vt 0.498219013 1.86001992 0
vt 0.499505997 1.83629394 0
vt 0.518087983 1.83412504 0
vt 0.602446973 1.35859597 0
vt 0.686366975 1.35546696 0
vt 0.686375022 1.37064099 0
vt 0.60136497 1.37390602 0
vt 0.200938001 1.79067099 0
vt 0.114064999 1.78598797 0
vt 0.112594001 1.76939106 0
vt 0.202288002 1.77454996 0
vt 0.511789978 1.77088702 0
vt 0.518236995 1.78974795 0
vt 0.498782009 1.78563905 0
vt 0.496978015 1.76633298 0
vt 0.604484975 1.42512894 0
vt 0.602533996 1.41097498 0
vt 0.686720014 1.40744901 0
vt 0.687022984 1.42163396 0
vt 0.0552700013 1.76091599 0
vt 0.0532980002 1.78054094 0
vt 0.0330040008 1.78353405 0
vt 0.0403419994 1.76491094 0
vt 0.583757997 1.35880697 0
vt 0.583299994 1.37456799 0
vt 0.0769509971 1.83295202 0
vt 0.0784789994 1.85339308 0
vt 0.584526002 1.41274405 0
vt 0.586257994 1.42747593 0
vt 0.0820769966 1.76526201 0
vt 0.0789460018 1.78153598 0
vt 0.470513999 1.85778904 0
vt 0.439480007 1.85656703 0
vt 0.437247008 1.83647001 0
vt 0.472395986 1.83743095 0
vt 0.93185699 1.37843895 0
vt 0.912835002 1.377352 0
vt 0.912338972 1.36205101 0
vt 0.932296991 1.36269903 0
vt 0.471496999 1.78606498 0
vt 0.437278986 1.78943801 0
vt 0.438989013 1.77289295 0
vt 0.469384998 1.769642 0
vt 0.928471982 1.43133998 0
vt 0.908933997 1.42850697 0
vt 0.910833001 1.41437507 0
vt 0.929868996 1.41657197 0
vt 0.565738976 1.35862803 0
vt 0.559404016 1.37542498 0
vt 0.561093986 1.41517305 0
vt 0.56852001 1.43048203 0
vt 0.955300987 1.37977302 0
vt 0.949889004 1.36301899 0
vt 0.945877016 1.43442607 0
vt 0.953402996 1.41926599 0
vt 0.275472999 1.79256499 0
vt 0.275718004 1.77621698 0
vt 0.274861008 1.83991599 0
vt 0.274594009 1.86016297 0
vt 0.757474005 1.35507107 0
vt 0.757218003 1.37032902 0
vt 0.756856978 1.40723598 0
vt 0.756805003 1.42151296 0
vt 0.350138009 1.79224002 0
vt 0.349281013 1.77609897 0
vt 0.349828988 1.83935308 0
vt 0.348666996 1.85936809 0
vt 0.828656018 1.35716498 0
vt 0.828145981 1.37231803 0
vt 0.827006996 1.40899205 0
vt 0.826595008 1.42320001 0
vt 0.0562819988 1.94648194 0
vt 0.0409779996 1.94519806 0
vt 0.0321520008 1.92651403 0
vt 0.0506960005 1.92550397 0
vt 0.196261004 1.95799494 0
vt 0.106463 1.94687402 0
vt 0.110021003 1.92677999 0
vt 0.196943 1.93725502 0
vt 0.506567001 1.94926405 0
vt 0.491477996 1.95033193 0
vt 0.497011006 1.92971396 0
vt 0.515078008 1.93110001 0
vt 0.596099973 1.27017903 0
vt 0.683444977 1.26302505 0
vt 0.68395102 1.27835596 0
vt 0.596094012 1.28559995 0
vt 0.196179003 1.96900606 0
vt 0.105984002 1.95836902 0
vt 0.198787004 1.88913298 0
vt 0.111555003 1.88045096 0
vt 0.109684996 1.86402607 0
vt 0.200235993 1.87275302 0
vt 0.512974024 1.86836004 0
vt 0.518776 1.88756704 0
vt 0.499392003 1.88182807 0
vt 0.49831301 1.86312199 0
vt 0.601535022 1.33659196 0
vt 0.59917599 1.32247806 0
vt 0.685275018 1.31557393 0
vt 0.685907006 1.32983899 0
vt 0.0510630012 1.85783195 0
vt 0.0498429984 1.87690198 0
vt 0.0295870006 1.88194001 0
vt 0.0362479985 1.86267304 0
vt 0.576757014 1.27238107 0
vt 0.577829003 1.28770804 0
vt 0.0766590014 1.92544401 0
vt 0.079039 1.94539404 0
vt 0.0830930024 1.95768404 0
vt 0.581054986 1.32499301 0
vt 0.583059013 1.33945501 0
vt 0.078362003 1.86035395 0
vt 0.0759470016 1.87605202 0
vt 0.468102008 1.94956303 0
vt 0.440510005 1.95067406 0
vt 0.437059999 1.93053293 0
vt 0.470315009 1.92952597 0
vt 0.939257026 1.29192805 0
vt 0.920027971 1.28921604 0
vt 0.920713007 1.27383697 0
vt 0.941308022 1.27671397 0
vt 0.465317011 1.96079803 0
vt 0.440845996 1.96234393 0
vt 0.471886992 1.88047194 0
vt 0.437317014 1.88389492 0
vt 0.43926999 1.86754704 0
vt 0.470391989 1.86468399 0
vt 0.933417022 1.34355104 0
vt 0.913688004 1.34009802 0
vt 0.91605401 1.32601905 0
vt 0.935127974 1.32905996 0
vt 0.558570981 1.27425003 0
vt 0.553939998 1.29035306 0
vt 0.0624630004 1.96008897 0
vt 0.55755198 1.32838202 0
vt 0.565272987 1.34268403 0
vt 0.962772012 1.29519701 0
vt 0.958986998 1.27913594 0
vt 0.485197991 1.96366298 0
vt 0.950801015 1.34691405 0
vt 0.958544016 1.33282602 0
vt 0.274181008 1.89248002 0
vt 0.274394989 1.87571692 0
vt 0.273907006 1.94117498 0
vt 0.273710012 1.961882 0
vt 0.273616999 1.97290993 0
vt 0.75861001 1.26204705 0
vt 0.758306026 1.27738905 0
vt 0.757852018 1.31450498 0
vt 0.757785022 1.32885802 0
vt 0.349629015 1.89069009 0
vt 0.348623991 1.87429905 0
vt 0.350912005 1.93918395 0
vt 0.351220995 1.95991397 0
vt 0.351139992 1.97092009 0
vt 0.833737016 1.26492906 0
vt 0.832660019 1.28019702 0
vt 0.830444992 1.31716394 0
vt 0.829671025 1.33146703 0
vt 0.496726006 1.051126 0
vt 0.0632629991 1.04901803 0
vt 0.0631230026 1.04583097 0
vt 0.496585995 1.04793894 0
vt 0.063699998 1.03948104 0
vt 0.497162998 1.04158902 0
vt 0.496991992 1.04477501 0
vt 0.0635289997 1.04266703 0
vt 0.497101009 1.05429494 0
vt 0.0636380017 1.05218697 0
vt 0.489989996 1.066558 0
vt 0.0565260015 1.06445003 0
vt 0.0563860014 1.06126297 0
vt 0.489850014 1.06337094 0
vt 0.0569630004 1.05491304 0
vt 0.490426987 1.05702102 0
vt 0.490256011 1.06020606 0
vt 0.0567919984 1.05809796 0
vt 0.490364999 1.06972694 0
vt 0.0569010004 1.06761801 0

# 730 vertex normals
vn 0.321134001 0.293204993 0.900502026
vn -0.3211371 -0.293204069 -0.900501251
vn -0.858537674 0.492756814 0.141787961
vn 0.858543456 -0.492750704 -0.141773909
vn 0.858543158 -0.492751122 -0.141774029
vn 0.248940036 0.33475402 0.908828139
vn -0.248942003 -0.334753007 -0.90882802
vn -0.940019011 0.310943991 0.140278995
vn -0.940019369 0.310943127 0.14027904
vn 0.940019667 -0.310942888 -0.140276954
vn 0.914306998 0.319498986 0.248924002
vn -0.914304972 -0.319501013 -0.248928994
vn 0.354741961 -0.308779985 -0.882503867
vn -0.354743034 0.308778018 0.882504106
vn 0.581570804 -0.438757837 0.685030758
vn 0.581571162 -0.438758135 0.685030222
vn -0.58157593 0.438756943 -0.685026944
vn -0.780210793 -0.0594639853 0.622683883
vn 0.780208111 0.0594660081 -0.622687042
vn 0.475769013 -0.555480003 0.681972027
vn -0.475763887 0.555480897 -0.681974828
vn -0.784719884 0.0876239911 0.613625944
vn 0.784720719 -0.0876249671 -0.613624752
vn 0.368490905 0.230891943 0.900501788
vn -0.368491918 -0.230889946 -0.900501788
vn -0.756301165 0.6386742 0.141788036
vn 0.756303668 -0.638672709 -0.141780928
vn 0.715961993 -0.128849 0.686146021
vn -0.715961993 0.128849 -0.686146021
vn 0.67001617 0.410263091 -0.618678093
vn -0.670012951 -0.410263926 0.618680954
vn 0.830928683 0.496354818 0.2513749
vn -0.830921829 -0.496360868 -0.251385927
vn 0.418103009 -0.252775013 -0.872521996
vn -0.418102801 0.252776891 0.872521579
vn -0.456471801 -0.615730703 0.642268717
vn -0.456472129 0.61572814 0.642271161
vn -0.456472874 0.615727901 0.642270803
vn -0.456472874 0.615729868 -0.642268836
vn -0.456472874 -0.615727901 -0.642270803
vn 1 0 0
vn -1 0 0
vn -0.650013208 0.525892138 0.548562109
vn -0.650013208 0.525894105 -0.548560143
vn -0.650013208 -0.525892138 -0.548562109
vn -0.650012851 -0.525893867 0.548560858
vn 0 0.692032933 0.721865952
vn 0 0.692035019 -0.721863985
vn 0 -0.692032933 -0.721865952
vn 0 -0.692035019 0.721863985
vn 0 0.692034006 0.721864998
vn 0 0.692036033 -0.721863031
vn 0 -0.692034006 -0.721864998
vn 0 -0.692036033 0.721863031
vn 0.484140813 0.605522752 0.631624758
vn 0.484141171 0.605524242 -0.631623268
vn 0.484140813 -0.605522752 -0.631624758
vn 0.484141111 -0.605522096 -0.631625175
vn 0.484141171 -0.605524242 0.631623268
vn 0.303928107 0.659297228 0.687717259
vn 0.303927869 0.659298778 -0.687715769
vn 0.303928107 -0.659297228 -0.687717259
vn 0.303927869 -0.659298778 0.687715769
vn 0.368491024 -0.631766081 0.681972086
vn -0.368489116 0.631768227 -0.681971252
vn -0.756301999 0.226870999 0.613626003
vn 0.756301641 -0.226872891 -0.613625705
vn 0.756301284 -0.22687307 -0.613626242
vn 0.736542761 -0.000517999812 0.676390767
vn -0.736542761 0.000517999812 -0.676390767
vn 0.569522858 0.544354856 -0.615890861
vn 0.569523156 0.544355154 -0.615890265
vn -0.569517851 -0.544356823 0.615893781
vn 0.136676058 -0.984840453 -0.106813051
vn 0.136675939 -0.984840512 -0.106812946
vn 0.644676745 0.746569753 0.164394945
vn 0.120281048 -0.987302363 0.103762038
vn -0.114104949 -0.973132551 -0.199982911
vn -0.443460882 0.88305378 0.153487965
vn -0.487831056 -0.863073111 0.130866021
vn -0.203508005 -0.958386004 -0.200202003
vn -0.503265142 -0.853622198 -0.134363025
vn -0.503264725 -0.853622437 -0.134362921
vn -0.503264368 -0.853622615 -0.134363085
vn 0.167071059 0.967808366 0.188240081
vn -0.175244987 -0.984524906 -9.99999884e-07
vn -0.178254038 -0.963638246 -0.199065045
vn -0.175244004 -0.984525025 -9.99999997e-07
vn -0.129805937 -0.626288712 -0.768708646
vn 0.554109752 0.487350762 0.674871683
vn -0.0671980232 -0.636977255 -0.76794827
vn -0.442015886 0.631629825 0.636918843
vn -0.119347952 -0.636936784 -0.761621714
vn 0.110588029 0.647243202 0.754219174
vn 0.560486078 0.488158047 -0.668997049
vn -0.120555028 -0.653109193 0.747606158
vn -0.448207885 0.633736849 -0.630465806
vn -0.0855279714 -0.659119785 0.747158766
vn 0.111773998 0.65437001 -0.747868001
vn -0.124385998 -0.664586008 0.736786008
vn -0.0287559871 -0.168701932 -0.985247552
vn 0.501954138 0.0773750171 0.861426175
vn -0.00126800011 -0.173426017 -0.984846115
vn -0.529912174 0.251337081 0.809952319
vn -0.0317879915 -0.140051976 -0.989633739
vn 0.0225020051 0.156528041 0.987417221
vn 0.494725168 0.115849048 -0.861293316
vn 0.494724751 0.115848951 -0.861293554
vn -0.0246260036 -0.191385031 0.981206119
vn -0.509200215 0.282847136 -0.812842429
vn -0.509199798 0.282846898 -0.812842727
vn -0.0138680069 -0.193433091 0.981015503
vn 0.0281179957 0.187626973 -0.981837869
vn -0.037672013 -0.172794059 0.984237373
vn -0.429295778 0.902929604 0.0205759909
vn 0.170275956 0.985041738 0.0264389943
vn 0.638391674 0.769397616 0.0219899882
vn 0.63839215 0.769397199 0.0219900049
vn -0.110546999 -0.993627012 -0.0220190007
vn -0.181539059 -0.983132362 -0.0222340077
vn -0.215230078 -0.976314366 -0.0220560078
vn -0.443518847 0.883033693 -0.153435946
vn 0.167071953 0.967818737 -0.18818596
vn 0.644724965 0.74653995 -0.164340988
vn -0.111923933 -0.973315418 0.200324878
vn -0.178227067 -0.963480353 0.199852079
vn -0.205769047 -0.957829237 0.200555041
vn -0.429435939 0.902859867 -0.0207069982
vn 0.170273989 0.985038877 -0.0265549961
vn 0.63849926 0.769304276 -0.0221300069
vn -0.111559965 -0.99351263 0.0220699925
vn -0.181541994 -0.983137012 0.0220059995
vn -0.214154899 -0.976549506 0.0221059881
vn 0.0827660263 -0.996153355 -0.0287810117
vn 0.638035178 0.755933166 0.146548033
vn 0.0638369694 -0.997701526 0.0227279887
vn -0.221508965 -0.955391884 -0.195345968
vn -0.565422714 0.810296655 0.154001921
vn -0.280803949 -0.954331756 0.101980977
vn -0.280802995 -0.954331994 0.101980999
vn -0.0189399906 -0.979565501 -0.20023191
vn -0.0189400092 -0.979565501 -0.200232089
vn -0.29629904 -0.949232101 -0.105666012
vn 0.0124700004 0.982046008 0.188228995
vn -0.0202349909 -0.999794543 0.00114899944
vn -0.0293140076 -0.97956425 -0.198984042
vn -0.0201590061 -0.999796212 -0.00110500026
vn -0.200213969 -0.626500964 -0.753266871
vn 0.562648058 0.537176073 0.62838608
vn 0.5626477 0.537175775 0.628386676
vn 0.0454689749 -0.639919639 -0.767095506
vn 0.0454690047 -0.639920056 -0.767095149
vn -0.495218992 0.571235001 0.65456003
vn -0.0208890084 -0.647864282 -0.761469364
vn -0.0208889917 -0.647863746 -0.761469722
vn 0.00720900111 0.656597078 0.754207134
vn 0.00720899506 0.656596541 0.754207492
vn 0.568226635 0.538407683 -0.622282624
vn -0.193980023 -0.651520073 0.733412087
vn -0.19397907 -0.651520252 0.733412266
vn -0.501760066 0.57279408 -0.648185074
vn 0.0333109982 -0.664668977 0.746394992
vn 0.00725799659 0.663820684 -0.747856617
vn -0.0216549933 -0.675952733 0.736626744
vn -0.048514992 -0.171051979 -0.984066904
vn 0.511216223 0.160954073 0.844246387
vn 0.0252929963 -0.171657979 -0.98483187
vn -0.489620179 0.173832059 0.854432285
vn -0.0100720013 -0.14345102 -0.989606142
vn -0.00244899979 0.158050984 0.98742789
vn 0.504648745 0.195879906 -0.840809584
vn -0.0468449965 -0.192399964 0.980197906
vn -0.47470811 0.209875047 -0.85475415
vn 0.0181109942 -0.193380922 0.980956614
vn -0.00179900066 0.189654067 -0.981849372
vn -0.0109069943 -0.17671591 0.98420155
vn -0.568975925 0.822100878 0.0204079989
vn 0.0129190022 0.999567091 0.0264370032
vn 0.632898927 0.773986876 0.0195779987
vn 0.632898271 0.773987353 0.0195780098
vn -0.220302999 -0.975193977 -0.0215240009
vn -0.0295889992 -0.999315023 -0.022225
vn -0.0264350008 -0.999406993 -0.0220660008
vn -0.565467119 0.810275197 -0.153952032
vn 0.0124690048 0.982056379 -0.188175067
vn 0.012469003 0.98205626 -0.188176051
vn 0.638073802 0.755909801 -0.146499977
vn -0.219456032 -0.955773115 0.195798025
vn -0.219456971 -0.955772877 0.195797965
vn -0.0293110032 -0.979404092 0.199771032
vn -0.0210799985 -0.979445875 0.200602964
vn -0.56908989 0.822018802 -0.0205369946
vn 0.0129169999 0.999563992 -0.0265539996
vn 0.632984042 0.773914099 -0.0197020024
vn -0.221253932 -0.974977672 0.0215679929
vn -0.0295900032 -0.99932009 0.0219960026
vn -0.0253890045 -0.9994331 0.0221150015
vn -0.242048994 -0.964366972 -0.106812
vn 0.877331555 0.450847805 0.16439493
vn 0.877331972 0.450847 0.164395005
vn -0.258175045 -0.960510254 0.103758022
vn -0.470197231 -0.859605432 -0.19998309
vn -0.0805299729 0.984863639 0.153487936
vn -0.77552247 -0.617606342 0.130872071
vn -0.547578216 -0.812451363 -0.200202093
vn -0.786294281 -0.603065252 -0.134364039
vn 0.517319798 0.834832728 0.18824093
vn -0.531157911 -0.847272873 -9.99999884e-07
vn -0.526128054 -0.826778114 -0.199066028
vn -0.531157196 -0.84727329 -1.00000034e-06
vn -0.354877919 -0.53211689 -0.768708825
vn 0.696287751 0.244402915 0.674870789
vn -0.300831974 -0.565469921 -0.767947853
vn -0.173337087 0.751190364 0.636920273
vn -0.349172026 -0.545905054 -0.761621118
vn 0.344907016 0.558742046 0.754219115
vn 0.34490791 0.558741868 0.754218817
vn 0.702502072 0.242763028 -0.668997049
vn -0.356344879 -0.560449839 0.747605741
vn -0.17828995 0.755463839 -0.630465806
vn -0.326117098 -0.5791381 0.747159183
vn 0.348675966 0.564905941 -0.747867942
vn -0.364197075 -0.569656134 0.736785173
vn -0.0898359567 -0.145659924 -0.985247552
vn -0.0898360461 -0.145660073 -0.985247493
vn 0.494407237 -0.116216049 0.861426413
vn -0.066117011 -0.160333008 -0.984846115
vn -0.397242993 0.431481004 0.809952021
vn -0.397242159 0.431481153 0.809952319
vn -0.0819179937 -0.117958985 -0.989633858
vn 0.0794780105 0.136714011 0.987417102
vn 0.502111256 -0.0778330341 -0.861293435
vn -0.0945010036 -0.168238997 0.981206
vn -0.366240114 0.452941149 -0.812842309
vn -0.0852910355 -0.174167097 0.981015503
vn 0.0963309854 0.163446978 -0.981837869
vn -0.0996360406 -0.146115065 0.984237373
vn -0.0599540062 0.997989118 0.0205770023
vn 0.526745081 0.849612117 0.0264390036
vn 0.880053103 0.474366069 0.0219900012
vn -0.474574834 -0.879939675 -0.0220199917
vn -0.474575251 -0.879939437 -0.0220200103
vn -0.536472797 -0.843624711 -0.0222339928
vn -0.565162063 -0.824685097 -0.0220570024
vn -0.0805880055 0.984867096 -0.15343602
vn 0.517322958 0.834842861 -0.188186973
vn 0.877365232 0.450802118 -0.164341047
vn 0.877364755 0.450802892 -0.164340958
vn -0.468246877 -0.860589802 0.200324953
vn -0.468246132 -0.86059016 0.200325042
vn -0.526043177 -0.826642275 0.199853078
vn -0.549464762 -0.811089635 0.200554907
vn -0.0601090007 0.997977018 -0.0207080003
vn 0.526741028 0.849610984 -0.0265560001
vn 0.88011843 0.474238247 -0.0221300106
vn 0.880118012 0.474238992 -0.0221299995
vn -0.475472748 -0.879453599 0.022070989
vn -0.475473166 -0.879453301 0.0220710076
vn -0.536477029 -0.843627989 0.0220059995
vn -0.564252377 -0.825306475 0.0221060123
vn -0.452758133 -0.885212243 -0.106815025
vn 0.956258476 0.241959125 0.164395079
vn -0.467604816 -0.877826691 0.103759959
vn -0.651499033 -0.731817067 -0.199982032
vn 0.138837963 -0.983057737 -0.119672969
vn 0.143057048 0.977740347 0.153488055
vn -0.894566298 -0.427345157 0.130871043
vn -0.894566596 -0.427344799 0.130870938
vn -0.716286838 -0.668469846 -0.200202957
vn -0.901791394 -0.410754204 -0.134363055
vn 0.691839337 0.697082341 0.188241094
vn -0.708121061 -0.706091046 -0
vn -0.698610783 -0.68725276 -0.199064925
vn -0.708121061 -0.706091046 -1.00000011e-06
vn -0.465472937 -0.438658953 -0.768708885
vn 0.733418226 0.081527032 0.674871266
vn 0.302255809 -0.836784542 -0.456544727
vn 0.302256107 -0.836784303 -0.456545144
vn -0.420310944 -0.483314931 -0.767948866
vn 6.90000015e-05 0.770929992 0.636919975
vn 6.90000452e-05 0.770930469 0.636919379
vn -0.463012218 -0.453379214 -0.761621356
vn 0.461745054 0.466846049 0.754219115
vn 0.739105046 0.0785290077 -0.668997049
vn -0.473275065 -0.465937048 0.747605085
vn 0.28697902 -0.839959145 0.46055606
vn -0.00379699958 0.776206851 -0.630466938
vn -0.448025852 -0.490944833 0.747158766
vn 0.466803193 0.472004175 -0.74786824
vn -0.482994705 -0.47314173 0.736785591
vn -0.12029694 -0.12172094 -0.985247552
vn 0.455596864 -0.224444926 0.861426711
vn 0.512984097 -0.676635206 -0.528216124
vn -0.100485019 -0.141353026 -0.984846234
vn -0.290012181 0.509774327 0.809952497
vn -0.290013075 0.509774208 0.809952319
vn -0.106350988 -0.096510984 -0.989633858
vn 0.108193018 0.115334012 0.987417102
vn 0.471738994 -0.188777 -0.861293018
vn 0.471738249 -0.188777089 -0.861293435
vn -0.129921004 -0.142672002 0.981206
vn 0.481353879 -0.686922848 0.544458866
vn -0.254976898 0.523712814 -0.812841713
vn -0.122283027 -0.150519028 0.981015265
vn 0.130625963 0.137591973 -0.981837749
vn -0.129948035 -0.119961031 0.984237254
vn 0.166056901 0.985901415 0.0205769874
vn 0.16605708 0.985901475 0.0205770098
vn 0.70434767 0.709362626 0.0264389869
vn 0.964199781 0.264263928 0.0219899938
vn 0.104364 -0.994433999 -0.0144619998
vn -0.660337269 -0.750646353 -0.0220200103
vn -0.712479055 -0.701341033 -0.0222340021
vn -0.73617202 -0.676434994 -0.0220560003
vn -0.736172557 -0.676434457 -0.0220560152
vn 0.143000931 0.9777565 -0.153436929
vn 0.691845179 0.697091162 -0.188187048
vn 0.956280887 0.241906971 -0.164340988
vn 0.138936013 -0.983050108 0.119622014
vn -0.649816692 -0.733217657 0.200324908
vn -0.698496938 -0.687139928 0.199851975
vn -0.717822194 -0.666715205 0.200555041
vn 0.165902942 0.985924661 -0.0207069926
vn 0.704344451 0.709361553 -0.0265560187
vn 0.704344988 0.709361017 -0.0265560001
vn 0.964233756 0.26412794 -0.0221299939
vn 0.104580976 -0.994408786 0.0146269966
vn -0.66110003 -0.749973059 0.0220710021
vn -0.712485075 -0.701342046 0.0220060013
vn -0.735426664 -0.67724371 0.0221069884
vn 0.115467988 0.974651873 0.191626966
vn 0.0782089904 0.637115955 0.766789854
vn 0.00374799897 0.226543933 0.973993778
vn -0.141873032 -0.988532245 0.0517320111
vn -0.0349149853 -0.205925897 -0.977944553
vn -0.0349150151 -0.205926105 -0.977944493
vn -0.0775469989 -0.628169 -0.774203002
vn -0.0775460079 -0.62816906 -0.774203122
vn -0.112778962 -0.973128617 -0.200752929
vn -0.112875961 -0.993369639 -0.0218129922
vn -0.112880982 -0.99336189 0.0221399982
vn -0.112786055 -0.973139465 0.200696096
vn -0.0801259801 -0.649482846 0.756142795
vn -0.0352739953 -0.212808967 0.976456881
vn -0.140805081 -0.988683462 -0.0517590269
vn 0.0150939906 0.282289833 -0.959210396
vn 0.0150940074 0.282290161 -0.959210455
vn 0.0780020133 0.638053179 -0.766031206
vn 0.0780019686 0.638053775 -0.766030729
vn 0.11547403 0.974662244 -0.191571042
vn 0.11444103 0.993135214 -0.0242010057
vn 0.114442028 0.993140221 0.0239910055
vn 0.351630986 0.935840011 0.0236489996
vn 0.35162589 0.935836613 -0.02385699
vn 0.351626188 0.935836434 -0.0238570105
vn 0.343603849 0.919908583 -0.188956916
vn 0.219933927 0.609750748 -0.761467695
vn 0.0664500073 0.280964017 -0.957415104
vn -0.341842115 -0.933768332 -0.105928034
vn -0.0857609808 -0.200621963 0.975907743
vn -0.237860993 -0.615270019 0.751574993
vn -0.351271868 -0.9151057 0.197963923
vn -0.351272196 -0.915105522 0.197964117
vn -0.358191103 -0.93339324 0.0218260065
vn -0.358192116 -0.933400333 -0.0215040073
vn -0.351267129 -0.91509527 -0.198020071
vn -0.230236053 -0.595278144 -0.7698282
vn -0.0837070495 -0.194127113 -0.977398574
vn -0.340947002 -0.934117019 0.105737999
vn 0.0464010127 0.227657065 0.97263521
vn 0.219781861 0.608840644 0.762239516
vn 0.343602002 0.919897974 0.189012006
vn 0.609019876 0.79279381 0.0239329953
vn 0.609012306 0.792793334 -0.0241430104
vn 0.595240891 0.780483842 -0.191136956
vn 0.381332844 0.518788815 -0.765142679
vn 0.139225036 0.250772059 -0.957982242
vn -0.607199371 -0.792073488 -0.0626790375
vn -0.607198894 -0.792073846 -0.0626789853
vn -0.140608966 -0.163642958 0.976447761
vn -0.14060995 -0.163642943 0.976447642
vn -0.409123093 -0.511686146 0.755510151
vn -0.60964179 -0.766959727 0.200273931
vn -0.621951222 -0.782744288 0.0220920071
vn -0.621954143 -0.782751203 -0.0217650048
vn -0.60963589 -0.766949832 -0.200329959
vn -0.395809084 -0.494853109 -0.773599207
vn -0.136702925 -0.157988906 -0.977932394
vn -0.60659337 -0.792547464 0.0625540391
vn -0.606592894 -0.792547822 0.0625539869
vn 0.104908012 0.205878034 0.97293812
vn 0.380978942 0.517915964 0.76590991
vn 0.595236063 0.780474126 0.191192031
vn -0.13667506 -0.984840453 -0.106814049
vn -0.644676208 0.74657017 0.164395049
vn -0.120280959 -0.987302661 0.103758961
vn 0.114103965 -0.97313267 -0.199982926
vn 0.443460882 0.88305378 0.153487965
vn 0.487831116 -0.86307317 0.130865023
vn 0.203508005 -0.958386004 -0.200202003
vn 0.503265142 -0.853622198 -0.134363025
vn 0.503264368 -0.853622615 -0.134363085
vn -0.167071059 0.967808366 0.188240081
vn 0.175244987 -0.984524906 -9.99999884e-07
vn 0.178254038 -0.963638246 -0.199065045
vn 0.178254008 -0.963638127 -0.199066028
vn 0.175244004 -0.984525025 0
vn 0.129805937 -0.626288712 -0.768708646
vn 0.129806012 -0.626288056 -0.768709123
vn -0.554109037 0.48735106 0.674872041
vn 0.0671980232 -0.636977255 -0.76794827
vn 0.442015886 0.631629825 0.636918843
vn 0.119347952 -0.636936784 -0.761621714
vn -0.110588029 0.647243202 0.754219174
vn -0.56048584 0.488158822 -0.668996751
vn 0.120554939 -0.653109729 0.747605622
vn 0.448207885 0.633736849 -0.630465806
vn 0.0855289623 -0.659119725 0.747158647
vn -0.111773983 0.654368937 -0.747868955
vn -0.111774065 0.654369414 -0.747868419
vn 0.124385983 -0.664584935 0.736786962
vn 0.0287569836 -0.1687029 -0.985247433
vn 0.0287570115 -0.168703064 -0.985247374
vn -0.501954198 0.0773740262 0.861426294
vn 0.00126800011 -0.173426017 -0.984846115
vn 0.529912174 0.251337081 0.809952319
vn 0.0317869969 -0.140051991 -0.989633858
vn -0.0225020051 0.156528041 0.987417221
vn -0.494724751 0.115848951 -0.861293554
vn 0.0246260036 -0.191385031 0.981206119
vn 0.509199798 0.282846898 -0.812842727
vn 0.0138680069 -0.193433091 0.981015503
vn 0.0138679938 -0.193432912 0.981015503
vn -0.0281179957 0.187626973 -0.981837869
vn 0.037672013 -0.172794059 0.984237373
vn 0.429295778 0.902929604 0.0205759909
vn -0.170275956 0.985041738 0.0264389943
vn -0.63839215 0.769397199 0.0219900049
vn 0.110546999 -0.993627012 -0.0220190007
vn 0.181539059 -0.983132362 -0.0222340077
vn 0.215230078 -0.976314366 -0.0220560078
vn 0.443518788 0.883033574 -0.153436929
vn 0.443519145 0.883033276 -0.153437063
vn -0.167071924 0.967818499 -0.188186914
vn -0.644723833 0.746540844 -0.164340958
vn 0.111923963 -0.973315656 0.200323924
vn 0.178227067 -0.963480353 0.199852079
vn 0.205769047 -0.957829237 0.200555041
vn 0.429435939 0.902859867 -0.0207059979
vn -0.170273989 0.985038877 -0.0265559964
vn -0.63849926 0.769304276 -0.0221300069
vn 0.111559965 -0.99351263 0.0220699925
vn 0.181541994 -0.983137012 0.0220059995
vn 0.214154899 -0.976549506 0.0221069884
vn -0.0827660263 -0.996153355 -0.0287810117
vn -0.638035178 0.755933166 0.146548033
vn -0.0638369694 -0.997701526 0.0227289889
vn -0.063837029 -0.997701466 0.0227290113
vn 0.221508965 -0.955391884 -0.195345968
vn 0.561938167 0.812927306 0.15288806
vn 0.266707927 -0.959438741 0.0913469791
vn 0.0124310022 -0.979702115 -0.200073034
vn 0.281673908 -0.954786658 -0.0950909629
vn 0.281674176 -0.954786599 -0.0950910598
vn -0.0124700004 0.982046008 0.188228995
vn -0.0124700032 0.982046247 0.188228041
vn 0.0202349909 -0.999794543 0.00114899944
vn 0.0293140076 -0.97956425 -0.198984042
vn 0.0201590061 -0.999796212 -0.00110700028
vn 0.200214118 -0.626501381 -0.753266454
vn -0.5626477 0.537175775 0.628386676
vn -0.0460850149 -0.640648246 -0.766450286
vn -0.0460849851 -0.640647769 -0.766450703
vn 0.479394168 0.580215156 0.658431232
vn 0.0208890084 -0.647864282 -0.761469364
vn -0.00720900111 0.656597078 0.754207134
vn -0.568226635 0.538407683 -0.622282624
vn 0.19397907 -0.651520252 0.733412266
vn 0.48596707 0.581962049 -0.652040064
vn -0.0345370099 -0.665287256 0.745788217
vn -0.00725799659 0.663820684 -0.747856617
vn 0.0216539949 -0.675952792 0.736626804
vn 0.0485159904 -0.171051949 -0.984066784
vn -0.511216223 0.160954073 0.844246387
vn -0.0239900108 -0.172042087 -0.984797478
vn 0.463398069 0.181006014 0.867467105
vn 0.0100720013 -0.14345102 -0.989606142
vn 0.00244899979 0.158050984 0.98742789
vn -0.504648745 0.195879906 -0.840809584
vn -0.504649162 0.19588007 -0.840809286
vn 0.0468450002 -0.192398995 0.980198026
vn 0.448551863 0.217389926 -0.866915703
vn -0.0173279997 -0.193699002 0.980907977
vn 0.00179900066 0.189654067 -0.981849372
vn 0.0109069943 -0.17671591 0.98420155
vn 0.0109069962 -0.176714942 0.98420167
vn 0.573114157 0.819228292 0.0201290082
vn -0.0129190003 0.999566972 0.0264379997
vn -0.632898927 0.773986876 0.0195779987
vn 0.220302999 -0.975193977 -0.0215240009
vn 0.0295889992 -0.999315023 -0.022225
vn 0.0186240077 -0.999583364 -0.0220510066
vn 0.561979949 0.812907875 -0.152837992
vn -0.0124690048 0.982056379 -0.188175067
vn -0.638073802 0.755909801 -0.146499977
vn 0.219456971 -0.955772877 0.195797965
vn 0.0293110032 -0.979404092 0.199771032
vn 0.0145309931 -0.979595542 0.200452909
vn 0.573222995 0.819149017 -0.0202549994
vn -0.0129169999 0.999563992 -0.0265539996
vn -0.632984698 0.773913622 -0.0197019912
vn 0.221253932 -0.974977672 0.0215679929
vn 0.0295900032 -0.99932009 0.0219960026
vn 0.0175860021 -0.999601126 0.0220990013
vn 0.242048964 -0.964366853 -0.106812984
vn -0.877332389 0.450846195 0.164395079
vn 0.258175045 -0.960510254 0.103758022
vn 0.470196873 -0.859605849 -0.199981958
vn 0.0805299729 0.984863639 0.153487936
vn 0.775521874 -0.617606938 0.130871981
vn 0.54757899 -0.812451005 -0.200202003
vn 0.786293864 -0.603065968 -0.134362981
vn -0.517319798 0.834832728 0.18824093
vn 0.531157911 -0.847272873 0
vn 0.526128173 -0.826778293 -0.199065074
vn 0.531157196 -0.84727329 -1.00000034e-06
vn 0.35487783 -0.532115757 -0.76870966
vn 0.354878038 -0.532115042 -0.768710136
vn -0.696287751 0.244402915 0.674870789
vn 0.300831974 -0.565469921 -0.767947853
vn 0.173337042 0.751191199 0.6369192
vn 0.173336938 0.751190722 0.636919737
vn 0.349172026 -0.545905054 -0.761621118
vn -0.344907016 0.558742046 0.754219115
vn -0.702501833 0.242763937 -0.668996811
vn 0.356345117 -0.560450196 0.747605264
vn 0.17828995 0.755463839 -0.630465806
vn 0.326117128 -0.579139173 0.747158229
vn -0.348675042 0.564905047 -0.747869074
vn 0.364196807 -0.569655716 0.73678565
vn 0.0898359567 -0.145659924 -0.985247552
vn -0.494407237 -0.116216049 0.861426413
vn -0.49440676 -0.116215944 0.861426592
vn 0.0661180094 -0.160333008 -0.984846115
vn 0.39724201 0.43147999 0.809952974
vn 0.0819179937 -0.117958985 -0.989633858
vn -0.0794780105 0.136714011 0.987417102
vn -0.502111256 -0.0778330341 -0.861293435
vn 0.0945010036 -0.168238997 0.981206
vn 0.366239101 0.452942133 -0.81284219
vn 0.0852930248 -0.174167052 0.981015265
vn -0.0963309854 0.163446978 -0.981837869
vn 0.0996360406 -0.146115065 0.984237373
vn 0.0599530078 0.997989118 0.0205770023
vn -0.526745081 0.849612117 0.0264390036
vn -0.88005197 0.474368006 0.0219899993
vn 0.474574834 -0.879939675 -0.0220189933
vn 0.536472797 -0.843624711 -0.0222349931
vn 0.565160871 -0.824685812 -0.0220559947
vn 0.0805880055 0.984867096 -0.15343602
vn -0.517322958 0.834842861 -0.188186973
vn -0.877365768 0.450800896 -0.164340958
vn 0.468246877 -0.860589802 0.200324953
vn 0.468246132 -0.86059016 0.200325042
vn 0.526043177 -0.826642275 0.199853078
vn 0.54946506 -0.811089098 0.200556025
vn 0.0601090007 0.997977018 -0.0207080003
vn -0.526741028 0.849610984 -0.0265560001
vn -0.880118012 0.474238992 -0.0221299995
vn 0.475473166 -0.879453301 0.0220710076
vn 0.536477029 -0.843627989 0.0220059995
vn 0.564252973 -0.825305998 0.0221059993
vn 0.452756941 -0.885212898 -0.106813982
vn 0.452756137 -0.885213315 -0.106814034
vn -0.956258237 0.241960064 0.164395049
vn -0.956258476 0.241959125 0.164395079
vn 0.467604816 -0.877826691 0.103759959
vn 0.651499569 -0.73181659 -0.199981883
vn 0.651499033 -0.731817067 -0.199982032
vn -0.138837963 -0.983057737 -0.119672969
vn -0.143058032 0.977740228 0.153488025
vn 0.89456588 -0.427345932 0.130871981
vn 0.716286838 -0.668469846 -0.200202957
vn 0.901791871 -0.410752952 -0.134362981
vn -0.691838801 0.697082818 0.18824096
vn 0.708121061 -0.706091046 -1.00000011e-06
vn 0.698611081 -0.687252045 -0.199066028
vn 0.708122075 -0.706090033 0
vn 0.465474069 -0.438659072 -0.76870811
vn -0.733418226 0.081527032 0.674871266
vn -0.302255958 -0.836784899 -0.456543952
vn 0.420311064 -0.483316064 -0.767948091
vn 0.420310855 -0.483316809 -0.767947674
vn -6.8999987e-05 0.770930827 0.636918843
vn 0.463012993 -0.453379005 -0.761620998
vn -0.461745054 0.466846049 0.754219115
vn -0.739105046 0.0785290077 -0.668997049
vn 0.473275721 -0.465935737 0.747605562
vn -0.286979049 -0.839960158 0.460554123
vn 0.00379599957 0.776206851 -0.630466938
vn 0.448026866 -0.490943819 0.747158766
vn -0.46680373 0.472004741 -0.747867584
vn 0.482994229 -0.473141253 0.736786366
vn 0.120296955 -0.121719956 -0.985247672
vn -0.455598146 -0.224444076 0.861426294
vn -0.51298511 -0.676635206 -0.52821511
vn -0.512985826 -0.676634789 -0.528214812
vn 0.100485019 -0.141353026 -0.984846234
vn 0.290011972 0.50977397 0.809952855
vn 0.106350988 -0.096510984 -0.989633858
vn -0.108193018 0.115334012 0.987417102
vn -0.47173813 -0.188778043 -0.861293197
vn -0.471738249 -0.188777089 -0.861293435
vn 0.129921004 -0.142672002 0.981206
vn -0.481355071 -0.68692106 0.544460058
vn 0.254976898 0.523712814 -0.812841713
vn 0.122282043 -0.150519058 0.981015384
vn -0.130625963 0.137591973 -0.981837749
vn 0.129948035 -0.119961031 0.984237254
vn -0.16605708 0.985901475 0.0205770098
vn -0.70434767 0.709362626 0.0264389869
vn -0.964199364 0.26426509 0.0219900068
vn -0.104364 -0.994433999 -0.0144619998
vn 0.660336733 -0.75064671 -0.0220199917
vn 0.712480009 -0.70134002 -0.0222350005
vn 0.73617202 -0.676434994 -0.0220560003
vn -0.143000931 0.9777565 -0.153436929
vn -0.691845179 0.697091162 -0.188187048
vn -0.956280887 0.241906971 -0.164340988
vn -0.138936013 -0.983050108 0.119622014
vn 0.649816692 -0.733217657 0.200324908
vn 0.698497951 -0.687138915 0.199851975
vn 0.717819929 -0.666717947 0.200553969
vn -0.165902942 0.985924661 -0.0207069926
vn -0.704344451 0.709361553 -0.0265560187
vn -0.704344988 0.709361017 -0.0265560001
vn -0.704343975 0.70936197 -0.0265560001
vn -0.964233518 0.264128894 -0.0221299883
vn -0.104580976 -0.994408786 0.0146269966
vn 0.66110003 -0.749973059 0.0220710021
vn 0.712485075 -0.701342046 0.0220060013
vn 0.712485611 -0.701341569 0.0220059864
vn 0.735427201 -0.677243173 0.0221070051
vn -0.115467988 0.974651873 0.191626966
vn -0.0782089904 0.637115955 0.766789854
vn -0.00374699896 0.226543933 0.973993778
vn 0.141873047 -0.988532364 0.0517300181
vn 0.0349150151 -0.205926105 -0.977944493
vn 0.0775469989 -0.628169 -0.774203002
vn 0.112778962 -0.973128617 -0.200752929
vn 0.112875961 -0.993369639 -0.0218139924
vn 0.112880982 -0.99336189 0.0221409984
vn 0.112786055 -0.973139465 0.200696096
vn 0.0801259801 -0.649482846 0.756142795
vn 0.0801260397 -0.649483323 0.756142378
vn 0.0352739953 -0.212808967 0.976456881
vn 0.140804961 -0.988683641 -0.0517569818
vn -0.0150949946 0.282288909 -0.959210634
vn -0.0780019686 0.638053775 -0.766030729
vn -0.11547403 0.974662244 -0.191571042
vn -0.11444103 0.993135214 -0.0242010057
vn -0.114442028 0.993140221 0.0239900053
vn -0.351630986 0.935840011 0.0236489996
vn -0.35162589 0.935836613 -0.02385699
vn -0.343602985 0.919909 -0.188956007
vn -0.21993506 0.609751105 -0.761467159
vn -0.0664509758 0.280961901 -0.95741564
vn 0.341842979 -0.933767855 -0.105928987
vn 0.341843873 -0.933767617 -0.105928965
vn 0.0857609808 -0.200621963 0.975907743
vn 0.237860963 -0.615268946 0.751575887
vn 0.351271868 -0.9151057 0.197963923
vn 0.358191103 -0.93339324 0.0218260065
vn 0.358192116 -0.933400333 -0.0215040073
vn 0.351267129 -0.91509527 -0.198020071
vn 0.230236977 -0.595277965 -0.769827902
vn 0.0837070495 -0.194127113 -0.977398574
vn 0.34094888 -0.934116662 0.105734959
vn -0.0464000031 0.227658033 0.97263509
vn -0.219781056 0.608840108 0.762240171
vn -0.343601912 0.919897735 0.18901296
vn -0.34360224 0.919897676 0.189013138
vn -0.609021008 0.792792976 0.0239339992
vn -0.609012306 0.792793334 -0.024142012
vn -0.595239282 0.780485332 -0.191136092
vn -0.381332934 0.518789947 -0.765141904
vn -0.139224961 0.250773907 -0.957981646
vn 0.607198894 -0.792073846 -0.0626789853
vn 0.140608966 -0.163642958 0.976447761
vn 0.40912208 -0.5116871 0.755510151
vn 0.609642923 -0.766958892 0.200273976
vn 0.621951222 -0.782744288 0.0220920071
vn 0.621954143 -0.782751203 -0.0217650048
vn 0.609635293 -0.766950369 -0.200330094
vn 0.395809919 -0.494852871 -0.77359885
vn 0.136701941 -0.157988921 -0.977932513
vn 0.606594086 -0.792547107 0.0625520051
vn -0.104907982 0.205878973 0.972937882
vn -0.380978912 0.517914891 0.765910804
vn -0.380978942 0.517915964 0.76590991
vn -0.38097918 0.517915249 0.765910387
vn -0.595236063 0.780474126 0.191192031
vn 0.00266500027 0.999707103 0.0240550041
vn 0.00266600028 0.999702096 -0.0242640041
vn 0.00498500187 0.981406331 -0.191877067
vn 0.00840300228 0.642349184 -0.766366184
vn 0.0100820027 0.282344073 -0.959260225
vn -0.00689700106 -0.999384105 -0.0344100036
vn 0.0006059999 -0.214936957 0.976627767
vn 0.00273600081 -0.653278172 0.757113159
vn 0.00516599836 -0.979555666 0.201106921
vn 0.00579299871 -0.99973774 0.0221599936
vn 0.00579599943 -0.999744892 -0.0218319986
vn 0.00516900141 -0.979544222 -0.201163039
vn 0.00266099931 -0.631771803 -0.775149822
vn 0.000572999881 -0.207740963 -0.978183746
vn -0.00757099921 -0.999380887 0.0343609974
vn 0.00851300266 0.225654081 0.974170387
vn 0.00840599928 0.641364932 0.76718986
vn 0.00498800166 0.981395364 0.191933081
vn 0.004987997 0.981395423 0.191932887
vn 0.723703027 0.64270103 0.25137499
vn 0.723702848 0.642700851 0.251375943
vn -0.723699927 -0.642702937 -0.251378983
vn 0.457927793 -0.170312926 -0.872522593
vn -0.457927942 0.170310989 0.872522891
vn 0.723701 0.136942998 0.676389992
vn -0.723701239 -0.136946037 -0.676389217
vn 0.457928926 0.641074955 -0.615892947
vn -0.45792684 -0.64107275 0.615896761

# Mesh 'Object_0' with 1304 faces
g Object_0
usemtl blinn1SG
f  1/1/1 2/2/1 3/3/1
f  1/1/1 3/3/1 4/4/1
f  5/5/2 6/6/2 7/7/2
f  5/5/2 7/7/2 8/8/2
f  9/9/3 10/1/3 11/4/3
f  9/9/3 11/4/3 12/10/3
f  13/2/4 14/7/5 15/6/4
f  13/2/4 15/6/4 16/3/5
f  17/11/6 18/12/6 19/13/6
f  17/11/6 19/13/6 20/14/6
f  21/15/7 22/16/7 23/17/7
f  21/15/7 23/17/7 24/18/7
f  25/19/8 26/11/9 27/14/9
f  25/19/8 27/14/9 28/20/9
f  29/12/10 30/17/10 31/16/10
f  29/12/10 31/16/10 32/13/10
f  33/21/11 34/22/11 35/23/11
f  33/21/11 35/23/11 36/24/11
f  37/25/12 38/26/12 39/27/12
f  37/25/12 39/27/12 40/28/12
f  41/24/13 42/23/13 43/28/13
f  41/24/13 43/28/13 44/27/13
f  45/29/14 46/30/14 47/22/14
f  45/29/14 47/22/14 48/21/14
f  49/31/15 50/32/15 51/33/15
f  49/31/15 51/33/15 52/34/16
f  53/35/17 54/36/17 55/37/17
f  53/35/17 55/37/17 56/38/17
f  57/39/18 58/31/18 59/34/18
f  57/39/18 59/34/18 60/40/18
f  61/32/19 62/37/19 63/36/19
f  61/32/19 63/36/19 64/33/19
f  65/41/20 66/42/20 67/43/20
f  65/41/20 67/43/20 68/44/20
f  69/45/21 70/46/21 71/47/21
f  69/45/21 71/47/21 72/48/21
f  73/49/22 74/41/22 75/44/22
f  73/49/22 75/44/22 76/50/22
f  77/42/23 78/47/23 79/46/23
f  77/42/23 79/46/23 80/43/23
f  81/51/24 82/52/24 83/53/24
f  81/51/24 83/53/24 84/54/24
f  85/55/25 86/56/25 87/57/25
f  85/55/25 87/57/25 88/58/25
f  89/59/26 90/51/26 91/54/26
f  89/59/26 91/54/26 92/60/26
f  93/52/27 94/57/27 95/56/27
f  93/52/27 95/56/27 96/53/27
f  97/61/28 98/62/28 99/63/28
f  97/61/28 99/63/28 100/64/28
f  101/65/29 102/66/29 103/67/29
f  101/65/29 103/67/29 104/68/29
f  105/64/30 106/63/30 107/68/30
f  105/64/30 107/68/30 108/67/30
f  109/69/31 110/70/31 111/62/31
f  109/69/31 111/62/31 112/61/31
f  113/71/32 114/72/32 115/73/32
f  113/71/32 115/73/32 116/74/32
f  117/75/33 118/76/33 119/77/33
f  117/75/33 119/77/33 120/78/33
f  121/74/34 122/73/34 123/78/34
f  121/74/34 123/78/34 124/77/34
f  125/79/35 126/80/35 127/72/35
f  125/79/35 127/72/35 128/71/35
f  129/81/36 130/82/36 131/83/36
f  129/81/36 131/83/36 132/84/36
f  133/85/37 134/86/37 135/87/37
f  133/85/37 135/87/37 136/88/38
f  137/89/39 138/85/39 139/88/39
f  137/89/39 139/88/39 140/90/39
f  141/82/40 142/89/40 143/90/40
f  141/82/40 143/90/40 144/83/40
f  145/91/41 146/92/41 147/93/41
f  145/91/41 147/93/41 148/94/41
f  149/85/42 150/89/42 151/95/42
f  149/85/42 151/95/42 152/96/42
f  153/97/43 154/98/43 155/99/43
f  153/97/43 155/99/43 156/100/43
f  157/101/44 158/102/44 159/97/44
f  157/101/44 159/97/44 160/100/44
f  161/103/45 162/104/45 163/102/45
f  161/103/45 163/102/45 164/101/45
f  165/105/46 166/106/46 167/104/46
f  165/105/46 167/104/46 168/103/46
f  169/107/47 170/108/47 171/98/47
f  169/107/47 171/98/47 172/97/47
f  173/102/48 174/109/48 175/107/48
f  173/102/48 175/107/48 176/97/48
f  177/104/49 178/110/49 179/109/49
f  177/104/49 179/109/49 180/102/49
f  181/106/50 182/111/50 183/110/50
f  181/106/50 183/110/50 184/104/50
f  185/100/51 186/99/51 187/112/51
f  185/100/51 187/112/51 188/113/51
f  189/114/52 190/101/52 191/100/52
f  189/114/52 191/100/52 192/113/52
f  193/115/53 194/103/53 195/101/53
f  193/115/53 195/101/53 196/114/53
f  197/116/54 198/105/54 199/103/54
f  197/116/54 199/103/54 200/115/54
f  201/117/55 202/118/55 203/108/55
f  201/117/55 203/108/55 204/107/55
f  205/109/56 206/119/56 207/117/56
f  205/109/56 207/117/56 208/107/56
f  209/110/57 210/120/58 211/119/58
f  209/110/57 211/119/58 212/109/58
f  213/111/59 214/121/59 215/120/59
f  213/111/59 215/120/59 216/110/59
f  217/88/51 218/87/51 219/118/51
f  217/88/51 219/118/51 220/117/51
f  221/119/52 222/90/52 223/88/52
f  221/119/52 223/88/52 224/117/52
f  225/120/53 226/83/53 227/90/53
f  225/120/53 227/90/53 228/119/53
f  229/121/54 230/84/54 231/83/54
f  229/121/54 231/83/54 232/120/54
f  233/113/60 234/112/60 235/122/60
f  233/113/60 235/122/60 236/94/60
f  237/93/61 238/114/61 239/113/61
f  237/93/61 239/113/61 240/94/61
f  241/123/62 242/115/62 243/114/62
f  241/123/62 243/114/62 244/93/62
f  245/124/63 246/116/63 247/115/63
f  245/124/63 247/115/63 248/123/63
f  249/125/64 250/126/64 251/127/64
f  249/125/64 251/127/64 252/128/64
f  253/129/65 254/130/65 255/131/65
f  253/129/65 255/131/65 256/132/65
f  257/133/66 258/125/66 259/128/66
f  257/133/66 259/128/66 260/134/66
f  261/126/67 262/131/68 263/130/67
f  261/126/67 263/130/67 264/127/67
f  265/135/69 266/136/69 267/137/69
f  265/135/69 267/137/69 268/138/69
f  269/139/70 270/140/70 271/141/70
f  269/139/70 271/141/70 272/142/70
f  273/138/71 274/137/71 275/142/72
f  273/138/71 275/142/72 276/141/71
f  277/143/73 278/144/73 279/136/73
f  277/143/73 279/136/73 280/135/73
f  281/145/74 282/146/75 283/147/74
f  281/145/74 283/147/74 284/148/74
f  285/149/76 286/150/76 287/151/76
f  285/149/76 287/151/76 288/152/76
f  289/153/77 290/154/77 291/155/77
f  289/153/77 291/155/77 292/156/77
f  293/157/78 294/158/78 295/159/78
f  293/157/78 295/159/78 296/160/78
f  297/161/79 298/162/79 299/163/79
f  297/161/79 299/163/79 300/164/79
f  301/165/80 302/166/80 303/167/80
f  301/165/80 303/167/80 304/168/80
f  305/169/81 306/170/81 307/171/81
f  305/169/81 307/171/81 308/172/81
f  309/173/82 310/174/82 311/175/83
f  309/173/82 311/175/83 312/176/84
f  313/162/85 314/149/85 315/152/85
f  313/162/85 315/152/85 316/163/85
f  317/153/86 318/156/86 319/166/86
f  317/153/86 319/166/86 320/165/86
f  321/157/87 322/160/87 323/170/87
f  321/157/87 323/170/87 324/169/87
f  325/145/88 326/148/88 327/174/88
f  325/145/88 327/174/88 328/173/88
f  329/160/89 330/159/89 331/177/89
f  329/160/89 331/177/89 332/178/89
f  333/150/90 334/149/90 335/179/90
f  333/150/90 335/179/90 336/180/90
f  337/171/91 338/170/91 339/181/91
f  337/171/91 339/181/91 340/182/91
f  341/162/92 342/161/92 343/183/92
f  341/162/92 343/183/92 344/184/92
f  345/170/93 346/160/93 347/178/93
f  345/170/93 347/178/93 348/181/93
f  349/149/94 350/162/94 351/184/94
f  349/149/94 351/184/94 352/179/94
f  353/185/95 354/186/95 355/187/95
f  353/185/95 355/187/95 356/188/95
f  357/189/96 358/190/96 359/191/96
f  357/189/96 359/191/96 360/192/96
f  361/193/97 362/194/97 363/195/97
f  361/193/97 363/195/97 364/196/97
f  365/197/98 366/198/98 367/199/98
f  365/197/98 367/199/98 368/200/98
f  369/194/99 370/185/99 371/188/99
f  369/194/99 371/188/99 372/195/99
f  373/190/100 374/197/100 375/200/100
f  373/190/100 375/200/100 376/191/100
f  377/178/101 378/177/101 379/201/101
f  377/178/101 379/201/101 380/202/101
f  381/180/102 382/179/102 383/148/102
f  381/180/102 383/148/102 384/147/102
f  385/182/103 386/181/103 387/203/103
f  385/182/103 387/203/103 388/204/103
f  389/184/104 390/183/104 391/175/104
f  389/184/104 391/175/104 392/174/104
f  393/181/105 394/178/105 395/202/105
f  393/181/105 395/202/105 396/203/105
f  397/179/106 398/184/106 399/174/106
f  397/179/106 399/174/106 400/148/106
f  401/188/107 402/187/107 403/154/107
f  401/188/107 403/154/107 404/153/108
f  405/192/109 406/191/109 407/205/109
f  405/192/109 407/205/109 408/206/109
f  409/196/110 410/195/110 411/165/110
f  409/196/110 411/165/110 412/168/111
f  413/200/112 414/199/112 415/207/112
f  413/200/112 415/207/112 416/208/112
f  417/195/113 418/188/113 419/153/113
f  417/195/113 419/153/113 420/165/113
f  421/191/114 422/200/114 423/208/114
f  421/191/114 423/208/114 424/205/114
f  425/164/115 426/163/115 427/209/115
f  425/164/115 427/209/115 428/210/115
f  429/163/116 430/152/116 431/211/116
f  429/163/116 431/211/116 432/209/116
f  433/152/117 434/151/118 435/212/117
f  433/152/117 435/212/117 436/211/117
f  437/213/119 438/214/119 439/158/119
f  437/213/119 439/158/119 440/157/119
f  441/157/120 442/169/120 443/215/120
f  441/157/120 443/215/120 444/213/120
f  445/169/121 446/172/121 447/216/121
f  445/169/121 447/216/121 448/215/121
f  449/217/122 450/218/122 451/194/122
f  449/217/122 451/194/122 452/193/122
f  453/218/123 454/219/123 455/185/123
f  453/218/123 455/185/123 456/194/123
f  457/219/124 458/220/124 459/186/124
f  457/219/124 459/186/124 460/185/124
f  461/190/125 462/189/125 463/221/125
f  461/190/125 463/221/125 464/222/125
f  465/222/126 466/223/126 467/197/126
f  465/222/126 467/197/126 468/190/126
f  469/223/127 470/224/127 471/198/127
f  469/223/127 471/198/127 472/197/127
f  473/210/128 474/209/128 475/218/128
f  473/210/128 475/218/128 476/217/128
f  477/209/129 478/211/129 479/219/129
f  477/209/129 479/219/129 480/218/129
f  481/211/130 482/212/130 483/220/130
f  481/211/130 483/220/130 484/219/130
f  485/222/131 486/221/131 487/214/131
f  485/222/131 487/214/131 488/213/131
f  489/213/132 490/215/132 491/223/132
f  489/213/132 491/223/132 492/222/132
f  493/215/133 494/216/133 495/224/133
f  493/215/133 495/224/133 496/223/133
f  497/225/134 498/226/134 499/227/134
f  497/225/134 499/227/134 500/228/134
f  501/229/135 502/230/135 503/231/135
f  501/229/135 503/231/135 504/232/135
f  505/233/136 506/234/136 507/235/136
f  505/233/136 507/235/136 508/236/136
f  509/237/137 510/238/137 511/239/137
f  509/237/137 511/239/137 512/240/137
f  513/241/138 514/242/138 515/243/138
f  513/241/138 515/243/138 516/244/138
f  517/245/139 518/246/139 519/247/139
f  517/245/139 519/247/139 520/248/140
f  521/249/141 522/250/141 523/251/142
f  521/249/141 523/251/142 524/252/142
f  525/253/143 526/254/143 527/255/143
f  525/253/143 527/255/143 528/256/143
f  529/242/144 530/229/144 531/232/144
f  529/242/144 531/232/144 532/243/144
f  533/233/145 534/236/145 535/246/145
f  533/233/145 535/246/145 536/245/145
f  537/237/146 538/240/146 539/250/146
f  537/237/146 539/250/146 540/249/146
f  541/225/147 542/228/147 543/254/147
f  541/225/147 543/254/147 544/253/147
f  545/240/148 546/239/148 547/257/148
f  545/240/148 547/257/148 548/258/148
f  549/230/149 550/229/149 551/259/150
f  549/230/149 551/259/150 552/260/149
f  553/251/151 554/250/152 555/261/152
f  553/251/151 555/261/152 556/262/151
f  557/242/153 558/241/153 559/263/153
f  557/242/153 559/263/153 560/264/153
f  561/250/154 562/240/154 563/258/155
f  561/250/154 563/258/155 564/261/154
f  565/229/156 566/242/157 567/264/157
f  565/229/156 567/264/157 568/259/157
f  569/265/158 570/266/158 571/267/158
f  569/265/158 571/267/158 572/268/158
f  573/269/159 574/270/159 575/271/160
f  573/269/159 575/271/160 576/272/159
f  577/273/161 578/274/161 579/275/161
f  577/273/161 579/275/161 580/276/161
f  581/277/162 582/278/162 583/279/162
f  581/277/162 583/279/162 584/280/162
f  585/274/163 586/265/163 587/268/163
f  585/274/163 587/268/163 588/275/163
f  589/270/164 590/277/164 591/280/164
f  589/270/164 591/280/164 592/271/164
f  593/258/165 594/257/165 595/281/165
f  593/258/165 595/281/165 596/282/165
f  597/260/166 598/259/166 599/228/166
f  597/260/166 599/228/166 600/227/166
f  601/262/167 602/261/167 603/283/167
f  601/262/167 603/283/167 604/284/167
f  605/264/168 606/263/168 607/255/168
f  605/264/168 607/255/168 608/254/168
f  609/261/169 610/258/169 611/282/169
f  609/261/169 611/282/169 612/283/169
f  613/259/170 614/264/170 615/254/170
f  613/259/170 615/254/170 616/228/170
f  617/268/171 618/267/171 619/234/171
f  617/268/171 619/234/171 620/233/171
f  621/272/172 622/271/172 623/285/172
f  621/272/172 623/285/172 624/286/172
f  625/276/173 626/275/173 627/245/173
f  625/276/173 627/245/173 628/248/173
f  629/280/174 630/279/174 631/287/174
f  629/280/174 631/287/174 632/288/174
f  633/275/175 634/268/175 635/233/175
f  633/275/175 635/233/175 636/245/175
f  637/271/176 638/280/176 639/288/176
f  637/271/176 639/288/176 640/285/176
f  641/244/177 642/243/177 643/289/177
f  641/244/177 643/289/177 644/290/177
f  645/243/178 646/232/178 647/291/178
f  645/243/178 647/291/178 648/289/178
f  649/232/179 650/231/180 651/292/179
f  649/232/179 651/292/179 652/291/179
f  653/293/181 654/294/181 655/238/181
f  653/293/181 655/238/181 656/237/181
f  657/237/182 658/249/182 659/295/182
f  657/237/182 659/295/182 660/293/182
f  661/249/183 662/252/183 663/296/183
f  661/249/183 663/296/183 664/295/183
f  665/297/184 666/298/184 667/274/184
f  665/297/184 667/274/184 668/273/184
f  669/298/185 670/299/185 671/265/186
f  669/298/185 671/265/186 672/274/186
f  673/299/187 674/300/187 675/266/187
f  673/299/187 675/266/187 676/265/187
f  677/270/188 678/269/188 679/301/189
f  677/270/188 679/301/189 680/302/188
f  681/302/190 682/303/190 683/277/190
f  681/302/190 683/277/190 684/270/190
f  685/303/191 686/304/191 687/278/191
f  685/303/191 687/278/191 688/277/191
f  689/290/192 690/289/192 691/298/192
f  689/290/192 691/298/192 692/297/192
f  693/289/193 694/291/193 695/299/193
f  693/289/193 695/299/193 696/298/193
f  697/291/194 698/292/194 699/300/194
f  697/291/194 699/300/194 700/299/194
f  701/302/195 702/301/195 703/294/195
f  701/302/195 703/294/195 704/293/195
f  705/293/196 706/295/196 707/303/196
f  705/293/196 707/303/196 708/302/196
f  709/295/197 710/296/197 711/304/197
f  709/295/197 711/304/197 712/303/197
f  713/305/198 714/306/198 715/307/198
f  713/305/198 715/307/198 716/308/198
f  717/309/199 718/310/199 719/311/199
f  717/309/199 719/311/199 720/312/200
f  721/313/201 722/314/201 723/315/201
f  721/313/201 723/315/201 724/316/201
f  725/317/202 726/318/202 727/319/202
f  725/317/202 727/319/202 728/320/202
f  729/321/203 730/322/203 731/323/203
f  729/321/203 731/323/203 732/324/203
f  733/325/204 734/326/204 735/327/204
f  733/325/204 735/327/204 736/328/204
f  737/329/205 738/330/205 739/331/205
f  737/329/205 739/331/205 740/332/205
f  741/333/206 742/334/206 743/335/206
f  741/333/206 743/335/206 744/336/206
f  745/322/207 746/309/207 747/312/207
f  745/322/207 747/312/207 748/323/207
f  749/313/208 750/316/208 751/326/208
f  749/313/208 751/326/208 752/325/208
f  753/317/209 754/320/209 755/330/209
f  753/317/209 755/330/209 756/329/209
f  757/305/210 758/308/208 759/334/208
f  757/305/210 759/334/208 760/333/210
f  761/320/211 762/319/211 763/337/211
f  761/320/211 763/337/211 764/338/211
f  765/310/212 766/309/212 767/339/212
f  765/310/212 767/339/212 768/340/212
f  769/331/213 770/330/213 771/341/213
f  769/331/213 771/341/213 772/342/213
f  773/322/214 774/321/214 775/343/214
f  773/322/214 775/343/214 776/344/214
f  777/330/215 778/320/215 779/338/215
f  777/330/215 779/338/215 780/341/215
f  781/309/216 782/322/217 783/344/216
f  781/309/216 783/344/216 784/339/216
f  785/345/218 786/346/218 787/347/218
f  785/345/218 787/347/218 788/348/218
f  789/349/219 790/350/219 791/351/219
f  789/349/219 791/351/219 792/352/219
f  793/353/220 794/354/220 795/355/220
f  793/353/220 795/355/220 796/356/220
f  797/357/221 798/358/221 799/359/221
f  797/357/221 799/359/221 800/360/221
f  801/354/222 802/345/222 803/348/222
f  801/354/222 803/348/222 804/355/222
f  805/350/223 806/357/223 807/360/223
f  805/350/223 807/360/223 808/351/223
f  809/338/224 810/337/225 811/361/224
f  809/338/224 811/361/224 812/362/225
f  813/340/226 814/339/226 815/308/226
f  813/340/226 815/308/226 816/307/226
f  817/342/227 818/341/227 819/363/227
f  817/342/227 819/363/227 820/364/227
f  821/344/228 822/343/229 823/335/228
f  821/344/228 823/335/228 824/334/228
f  825/341/230 826/338/230 827/362/230
f  825/341/230 827/362/230 828/363/230
f  829/339/231 830/344/231 831/334/231
f  829/339/231 831/334/231 832/308/231
f  833/348/232 834/347/232 835/314/232
f  833/348/232 835/314/232 836/313/232
f  837/352/233 838/351/233 839/365/233
f  837/352/233 839/365/233 840/366/233
f  841/356/234 842/355/234 843/325/234
f  841/356/234 843/325/234 844/328/234
f  845/360/235 846/359/235 847/367/235
f  845/360/235 847/367/235 848/368/235
f  849/355/236 850/348/236 851/313/236
f  849/355/236 851/313/236 852/325/236
f  853/351/237 854/360/237 855/368/237
f  853/351/237 855/368/237 856/365/237
f  857/324/238 858/323/238 859/369/238
f  857/324/238 859/369/238 860/370/238
f  861/323/239 862/312/239 863/371/239
f  861/323/239 863/371/239 864/369/239
f  865/312/240 866/311/240 867/372/240
f  865/312/240 867/372/240 868/371/240
f  869/373/241 870/374/242 871/318/242
f  869/373/241 871/318/242 872/317/241
f  873/317/243 874/329/243 875/375/243
f  873/317/243 875/375/243 876/373/243
f  877/329/244 878/332/244 879/376/244
f  877/329/244 879/376/244 880/375/244
f  881/377/245 882/378/245 883/354/245
f  881/377/245 883/354/245 884/353/245
f  885/378/246 886/379/246 887/345/246
f  885/378/246 887/345/246 888/354/246
f  889/379/247 890/380/248 891/346/247
f  889/379/247 891/346/247 892/345/247
f  893/350/249 894/349/250 895/381/249
f  893/350/249 895/381/249 896/382/250
f  897/382/251 898/383/251 899/357/251
f  897/382/251 899/357/251 900/350/251
f  901/383/252 902/384/252 903/358/252
f  901/383/252 903/358/252 904/357/252
f  905/370/253 906/369/253 907/378/253
f  905/370/253 907/378/253 908/377/253
f  909/369/254 910/371/254 911/379/254
f  909/369/254 911/379/254 912/378/254
f  913/371/255 914/372/256 915/380/255
f  913/371/255 915/380/255 916/379/255
f  917/382/257 918/381/258 919/374/258
f  917/382/257 919/374/258 920/373/257
f  921/373/259 922/375/259 923/383/259
f  921/373/259 923/383/259 924/382/259
f  925/375/260 926/376/260 927/384/260
f  925/375/260 927/384/260 928/383/260
f  929/385/261 930/386/261 931/387/261
f  929/385/261 931/387/261 932/388/261
f  933/389/262 934/390/262 935/391/262
f  933/389/262 935/391/262 936/392/262
f  937/393/263 938/394/263 939/395/263
f  937/393/263 939/395/263 940/396/263
f  941/397/264 942/398/264 943/399/264
f  941/397/264 943/399/264 944/400/264
f  945/401/265 946/402/265 947/391/265
f  945/401/265 947/391/265 948/390/265
f  949/403/266 950/404/266 951/405/266
f  949/403/266 951/405/266 952/406/266
f  953/407/267 954/408/268 955/409/268
f  953/407/267 955/409/268 956/410/267
f  957/411/269 958/412/269 959/413/269
f  957/411/269 959/413/269 960/414/269
f  961/415/270 962/416/270 963/417/270
f  961/415/270 963/417/270 964/418/270
f  965/404/271 966/389/271 967/392/271
f  965/404/271 967/392/271 968/405/271
f  969/393/272 970/396/272 971/408/272
f  969/393/272 971/408/272 972/407/272
f  973/397/273 974/400/273 975/412/273
f  973/397/273 975/412/273 976/411/273
f  977/385/274 978/388/274 979/416/274
f  977/385/274 979/416/274 980/415/274
f  981/400/275 982/399/275 983/419/275
f  981/400/275 983/419/275 984/420/275
f  985/390/276 986/389/276 987/421/276
f  985/390/276 987/421/276 988/422/276
f  989/401/277 990/390/278 991/422/278
f  989/401/277 991/422/278 992/423/278
f  993/413/279 994/412/279 995/424/279
f  993/413/279 995/424/279 996/425/279
f  997/404/280 998/403/280 999/426/280
f  997/404/280 999/426/280 1000/427/281
f  1001/412/282 1002/400/282 1003/420/282
f  1001/412/282 1003/420/282 1004/424/282
f  1005/389/283 1006/404/283 1007/427/283
f  1005/389/283 1007/427/283 1008/421/283
f  1009/428/284 1010/429/284 1011/430/284
f  1009/428/284 1011/430/284 1012/431/284
f  1013/432/285 1014/433/285 1015/434/285
f  1013/432/285 1015/434/285 1016/435/285
f  1017/429/286 1018/436/286 1019/437/286
f  1017/429/286 1019/437/286 1020/430/286
f  1021/438/287 1022/439/287 1023/440/287
f  1021/438/287 1023/440/287 1024/441/287
f  1025/442/288 1026/443/288 1027/444/288
f  1025/442/288 1027/444/288 1028/445/288
f  1029/439/289 1030/428/289 1031/431/289
f  1029/439/289 1031/431/289 1032/440/289
f  1033/433/290 1034/442/290 1035/445/290
f  1033/433/290 1035/445/290 1036/434/290
f  1037/420/291 1038/419/291 1039/446/291
f  1037/420/291 1039/446/291 1040/447/291
f  1041/422/292 1042/421/292 1043/388/292
f  1041/422/292 1043/388/292 1044/387/292
f  1045/423/293 1046/422/293 1047/387/293
f  1045/423/293 1047/387/293 1048/448/293
f  1049/425/294 1050/424/294 1051/449/294
f  1049/425/294 1051/449/294 1052/450/294
f  1053/427/295 1054/426/295 1055/417/296
f  1053/427/295 1055/417/296 1056/416/295
f  1057/424/297 1058/420/297 1059/447/297
f  1057/424/297 1059/447/297 1060/449/297
f  1061/421/298 1062/427/298 1063/416/298
f  1061/421/298 1063/416/298 1064/388/298
f  1065/431/299 1066/430/300 1067/394/299
f  1065/431/299 1067/394/299 1068/393/299
f  1069/435/301 1070/434/301 1071/451/301
f  1069/435/301 1071/451/301 1072/452/301
f  1073/430/302 1074/437/302 1075/453/302
f  1073/430/302 1075/453/302 1076/394/302
f  1077/441/303 1078/440/303 1079/407/303
f  1077/441/303 1079/407/303 1080/410/303
f  1081/445/304 1082/444/304 1083/454/304
f  1081/445/304 1083/454/304 1084/455/304
f  1085/440/305 1086/431/305 1087/393/305
f  1085/440/305 1087/393/305 1088/407/305
f  1089/434/306 1090/445/306 1091/455/306
f  1089/434/306 1091/455/306 1092/451/306
f  1093/406/307 1094/405/308 1095/456/308
f  1093/406/307 1095/456/308 1096/457/307
f  1097/405/309 1098/392/309 1099/458/309
f  1097/405/309 1099/458/309 1100/456/309
f  1101/392/310 1102/391/310 1103/459/310
f  1101/392/310 1103/459/310 1104/458/310
f  1105/402/311 1106/460/311 1107/459/311
f  1105/402/311 1107/459/311 1108/391/311
f  1109/461/312 1110/462/312 1111/398/312
f  1109/461/312 1111/398/312 1112/397/312
f  1113/397/313 1114/411/313 1115/463/313
f  1113/397/313 1115/463/313 1116/461/313
f  1117/411/314 1118/414/315 1119/464/314
f  1117/411/314 1119/464/314 1120/463/314
f  1121/465/316 1122/466/316 1123/439/316
f  1121/465/316 1123/439/316 1124/438/316
f  1125/466/317 1126/467/317 1127/428/317
f  1125/466/317 1127/428/317 1128/439/317
f  1129/467/318 1130/468/318 1131/429/318
f  1129/467/318 1131/429/318 1132/428/318
f  1133/469/319 1134/436/319 1135/429/319
f  1133/469/319 1135/429/319 1136/468/319
f  1137/433/320 1138/432/320 1139/470/320
f  1137/433/320 1139/470/320 1140/471/320
f  1141/471/321 1142/472/321 1143/442/321
f  1141/471/321 1143/442/321 1144/433/321
f  1145/472/322 1146/473/322 1147/443/322
f  1145/472/322 1147/443/322 1148/442/322
f  1149/457/323 1150/456/323 1151/466/323
f  1149/457/323 1151/466/323 1152/465/323
f  1153/456/324 1154/458/325 1155/467/324
f  1153/456/324 1155/467/324 1156/466/325
f  1157/458/326 1158/459/326 1159/468/326
f  1157/458/326 1159/468/326 1160/467/326
f  1161/460/327 1162/469/327 1163/468/327
f  1161/460/327 1163/468/327 1164/459/327
f  1165/471/328 1166/470/328 1167/462/328
f  1165/471/328 1167/462/328 1168/461/328
f  1169/461/329 1170/463/329 1171/472/329
f  1169/461/329 1171/472/329 1172/471/329
f  1173/463/330 1174/464/330 1175/473/330
f  1173/463/330 1175/473/330 1176/472/330
f  1177/161/331 1178/164/331 1179/231/331
f  1177/161/331 1179/231/331 1180/230/331
f  1181/183/332 1182/161/332 1183/230/332
f  1181/183/332 1183/230/332 1184/260/332
f  1185/175/333 1186/183/333 1187/260/333
f  1185/175/333 1187/260/333 1188/227/333
f  1189/176/334 1190/175/334 1191/227/334
f  1189/176/334 1191/227/334 1192/226/334
f  1193/182/335 1194/204/336 1195/281/336
f  1193/182/335 1195/281/336 1196/257/335
f  1197/171/337 1198/182/337 1199/257/337
f  1197/171/337 1199/257/337 1200/239/338
f  1201/172/339 1202/171/339 1203/239/339
f  1201/172/339 1203/239/339 1204/238/339
f  1205/216/340 1206/172/340 1207/238/340
f  1205/216/340 1207/238/340 1208/294/340
f  1209/224/341 1210/216/341 1211/294/341
f  1209/224/341 1211/294/341 1212/301/341
f  1213/198/342 1214/224/342 1215/301/342
f  1213/198/342 1215/301/342 1216/269/342
f  1217/199/343 1218/198/343 1219/269/343
f  1217/199/343 1219/269/343 1220/272/343
f  1221/207/344 1222/199/344 1223/272/344
f  1221/207/344 1223/272/344 1224/286/344
f  1225/168/345 1226/167/345 1227/235/345
f  1225/168/345 1227/235/345 1228/234/345
f  1229/196/346 1230/168/347 1231/234/346
f  1229/196/346 1231/234/346 1232/267/346
f  1233/193/348 1234/196/348 1235/267/349
f  1233/193/348 1235/267/349 1236/266/348
f  1237/217/350 1238/193/350 1239/266/350
f  1237/217/350 1239/266/350 1240/300/350
f  1241/210/351 1242/217/351 1243/300/351
f  1241/210/351 1243/300/351 1244/292/351
f  1245/164/352 1246/210/352 1247/292/352
f  1245/164/352 1247/292/352 1248/231/352
f  1249/212/353 1250/151/353 1251/324/353
f  1249/212/353 1251/324/353 1252/370/353
f  1253/220/354 1254/212/355 1255/370/355
f  1253/220/354 1255/370/355 1256/377/354
f  1257/186/356 1258/220/356 1259/377/356
f  1257/186/356 1259/377/356 1260/353/356
f  1261/187/357 1262/186/357 1263/353/357
f  1261/187/357 1263/353/357 1264/356/357
f  1265/154/358 1266/187/358 1267/356/358
f  1265/154/358 1267/356/358 1268/328/358
f  1269/155/359 1270/154/359 1271/328/359
f  1269/155/359 1271/328/359 1272/327/359
f  1273/192/360 1274/206/360 1275/367/360
f  1273/192/360 1275/367/360 1276/359/360
f  1277/189/361 1278/192/361 1279/359/361
f  1277/189/361 1279/359/361 1280/358/361
f  1281/221/362 1282/189/363 1283/358/363
f  1281/221/362 1283/358/363 1284/384/363
f  1285/214/364 1286/221/364 1287/384/364
f  1285/214/364 1287/384/364 1288/376/364
f  1289/158/365 1290/214/365 1291/376/365
f  1289/158/365 1291/376/365 1292/332/365
f  1293/159/366 1294/158/366 1295/332/366
f  1293/159/366 1295/332/366 1296/331/366
f  1297/177/367 1298/159/367 1299/331/367
f  1297/177/367 1299/331/367 1300/342/367
f  1301/201/368 1302/177/368 1303/342/368
f  1301/201/368 1303/342/368 1304/364/368
f  1305/147/369 1306/146/369 1307/336/369
f  1305/147/369 1307/336/369 1308/335/369
f  1309/180/370 1310/147/370 1311/335/370
f  1309/180/370 1311/335/370 1312/343/370
f  1313/150/371 1314/180/371 1315/343/371
f  1313/150/371 1315/343/371 1316/321/371
f  1317/151/372 1318/150/372 1319/321/372
f  1317/151/372 1319/321/372 1320/324/372
f  1321/372/373 1322/311/373 1323/406/373
f  1321/372/373 1323/406/373 1324/457/373
f  1325/380/374 1326/372/374 1327/457/374
f  1325/380/374 1327/457/374 1328/465/374
f  1329/346/375 1330/380/375 1331/465/375
f  1329/346/375 1331/465/375 1332/438/375
f  1333/347/376 1334/346/376 1335/438/376
f  1333/347/376 1335/438/376 1336/441/376
f  1337/314/377 1338/347/377 1339/441/377
f  1337/314/377 1339/441/377 1340/410/377
f  1341/315/378 1342/314/379 1343/410/378
f  1341/315/378 1343/410/378 1344/409/378
f  1345/352/380 1346/366/381 1347/454/381
f  1345/352/380 1347/454/381 1348/444/380
f  1349/349/382 1350/352/382 1351/444/382
f  1349/349/382 1351/444/382 1352/443/382
f  1353/381/383 1354/349/383 1355/443/383
f  1353/381/383 1355/443/383 1356/473/383
f  1357/374/384 1358/381/384 1359/473/384
f  1357/374/384 1359/473/384 1360/464/384
f  1361/318/385 1362/374/385 1363/464/385
f  1361/318/385 1363/464/385 1364/414/385
f  1365/319/386 1366/318/386 1367/414/386
f  1365/319/386 1367/414/386 1368/413/386
f  1369/337/387 1370/319/387 1371/413/387
f  1369/337/387 1371/413/387 1372/425/387
f  1373/361/388 1374/337/388 1375/425/388
f  1373/361/388 1375/425/388 1376/450/388
f  1377/307/389 1378/306/389 1379/418/390
f  1377/307/389 1379/418/390 1380/417/390
f  1381/340/391 1382/307/391 1383/417/391
f  1381/340/391 1383/417/391 1384/426/391
f  1385/310/392 1386/340/392 1387/426/392
f  1385/310/392 1387/426/392 1388/403/392
f  1389/311/393 1390/310/393 1391/403/393
f  1389/311/393 1391/403/393 1392/406/393
f  1393/474/394 1394/475/394 1395/476/394
f  1393/474/394 1395/476/394 1396/477/394
f  1397/478/395 1398/479/395 1399/480/395
f  1397/478/395 1399/480/395 1400/481/395
f  1401/482/396 1402/483/396 1403/484/396
f  1401/482/396 1403/484/396 1404/485/396
f  1405/486/397 1406/487/397 1407/488/397
f  1405/486/397 1407/488/397 1408/489/397
f  1409/490/398 1410/491/398 1411/492/398
f  1409/490/398 1411/492/398 1412/493/398
f  1413/494/399 1414/495/399 1415/496/399
f  1413/494/399 1415/496/399 1416/497/399
f  1417/498/400 1418/499/400 1419/500/400
f  1417/498/400 1419/500/400 1420/501/400
f  1421/502/401 1422/503/402 1423/504/401
f  1421/502/401 1423/504/401 1424/505/401
f  1425/481/403 1426/480/403 1427/491/403
f  1425/481/403 1427/491/403 1428/490/403
f  1429/495/404 1430/485/404 1431/484/404
f  1429/495/404 1431/484/404 1432/496/404
f  1433/499/405 1434/489/405 1435/488/406
f  1433/499/405 1435/488/406 1436/500/405
f  1437/503/407 1438/477/407 1439/476/407
f  1437/503/407 1439/476/407 1440/504/407
f  1441/506/408 1442/486/409 1443/489/409
f  1441/506/408 1443/489/409 1444/507/409
f  1445/508/410 1446/480/410 1447/479/410
f  1445/508/410 1447/479/410 1448/509/410
f  1449/510/411 1450/499/411 1451/498/411
f  1449/510/411 1451/498/411 1452/511/411
f  1453/512/412 1454/492/412 1455/491/412
f  1453/512/412 1455/491/412 1456/513/412
f  1457/507/413 1458/489/413 1459/499/413
f  1457/507/413 1459/499/413 1460/510/413
f  1461/513/414 1462/491/414 1463/480/414
f  1461/513/414 1463/480/414 1464/508/414
f  1465/514/415 1466/515/415 1467/516/415
f  1465/514/415 1467/516/415 1468/517/415
f  1469/518/416 1470/519/416 1471/520/416
f  1469/518/416 1471/520/416 1472/521/416
f  1473/522/417 1474/523/417 1475/524/417
f  1473/522/417 1475/524/417 1476/525/417
f  1477/526/418 1478/527/418 1479/528/418
f  1477/526/418 1479/528/418 1480/529/418
f  1481/517/419 1482/516/419 1483/523/419
f  1481/517/419 1483/523/419 1484/522/420
f  1485/529/421 1486/528/421 1487/519/421
f  1485/529/421 1487/519/421 1488/518/421
f  1489/530/422 1490/506/423 1491/507/423
f  1489/530/422 1491/507/423 1492/531/423
f  1493/477/424 1494/508/424 1495/509/424
f  1493/477/424 1495/509/424 1496/474/424
f  1497/532/425 1498/510/425 1499/511/425
f  1497/532/425 1499/511/425 1500/533/425
f  1501/502/426 1502/512/426 1503/513/426
f  1501/502/426 1503/513/426 1504/503/426
f  1505/531/427 1506/507/427 1507/510/427
f  1505/531/427 1507/510/427 1508/532/427
f  1509/503/428 1510/513/428 1511/508/428
f  1509/503/428 1511/508/428 1512/477/428
f  1513/483/429 1514/514/429 1515/517/429
f  1513/483/429 1515/517/429 1516/484/429
f  1517/534/430 1518/518/430 1519/521/430
f  1517/534/430 1519/521/430 1520/535/430
f  1521/496/431 1522/522/431 1523/525/431
f  1521/496/431 1523/525/431 1524/497/431
f  1525/536/432 1526/526/432 1527/529/432
f  1525/536/432 1527/529/432 1528/537/433
f  1529/484/434 1530/517/434 1531/522/434
f  1529/484/434 1531/522/434 1532/496/434
f  1533/537/435 1534/529/435 1535/518/435
f  1533/537/435 1535/518/435 1536/534/435
f  1537/538/436 1538/490/436 1539/493/436
f  1537/538/436 1539/493/436 1540/539/436
f  1541/540/437 1542/481/437 1543/490/437
f  1541/540/437 1543/490/437 1544/538/437
f  1545/541/438 1546/478/438 1547/481/438
f  1545/541/438 1547/481/438 1548/540/438
f  1549/487/439 1550/542/439 1551/543/439
f  1549/487/439 1551/543/439 1552/488/439
f  1553/544/440 1554/500/440 1555/488/440
f  1553/544/440 1555/488/440 1556/543/440
f  1557/545/441 1558/501/441 1559/500/441
f  1557/545/441 1559/500/441 1560/544/441
f  1561/523/442 1562/546/442 1563/547/442
f  1561/523/442 1563/547/442 1564/524/443
f  1565/516/444 1566/548/444 1567/546/444
f  1565/516/444 1567/546/444 1568/523/444
f  1569/515/445 1570/549/445 1571/548/445
f  1569/515/445 1571/548/445 1572/516/445
f  1573/550/446 1574/520/446 1575/519/446
f  1573/550/446 1575/519/446 1576/551/446
f  1577/528/447 1578/552/447 1579/551/447
f  1577/528/447 1579/551/447 1580/519/447
f  1581/527/448 1582/553/448 1583/552/448
f  1581/527/448 1583/552/448 1584/528/448
f  1585/546/449 1586/538/449 1587/539/449
f  1585/546/449 1587/539/449 1588/547/449
f  1589/548/450 1590/540/450 1591/538/450
f  1589/548/450 1591/538/450 1592/546/450
f  1593/549/451 1594/541/451 1595/540/451
f  1593/549/451 1595/540/451 1596/548/451
f  1597/542/452 1598/550/452 1599/551/452
f  1597/542/452 1599/551/452 1600/543/452
f  1601/552/453 1602/544/453 1603/543/453
f  1601/552/453 1603/543/453 1604/551/453
f  1605/553/454 1606/545/454 1607/544/454
f  1605/553/454 1607/544/454 1608/552/454
f  1609/554/455 1610/555/455 1611/556/455
f  1609/554/455 1611/556/455 1612/557/455
f  1613/558/456 1614/559/456 1615/560/456
f  1613/558/456 1615/560/456 1616/561/456
f  1617/562/457 1618/563/457 1619/564/457
f  1617/562/457 1619/564/457 1620/565/458
f  1621/566/459 1622/567/459 1623/568/459
f  1621/566/459 1623/568/459 1624/569/459
f  1625/570/460 1626/571/460 1627/572/460
f  1625/570/460 1627/572/460 1628/573/460
f  1629/574/461 1630/575/461 1631/576/461
f  1629/574/461 1631/576/461 1632/577/461
f  1633/578/462 1634/579/462 1635/580/462
f  1633/578/462 1635/580/462 1636/581/462
f  1637/582/463 1638/583/463 1639/584/464
f  1637/582/463 1639/584/464 1640/585/463
f  1641/561/465 1642/560/465 1643/571/465
f  1641/561/465 1643/571/465 1644/570/466
f  1645/575/467 1646/565/467 1647/564/467
f  1645/575/467 1647/564/467 1648/576/467
f  1649/579/468 1650/569/468 1651/568/468
f  1649/579/468 1651/568/468 1652/580/468
f  1653/583/469 1654/557/469 1655/556/469
f  1653/583/469 1655/556/469 1656/584/469
f  1657/586/470 1658/566/470 1659/569/470
f  1657/586/470 1659/569/470 1660/587/470
f  1661/588/471 1662/560/471 1663/559/471
f  1661/588/471 1663/559/471 1664/589/471
f  1665/590/472 1666/579/473 1667/578/473
f  1665/590/472 1667/578/473 1668/591/472
f  1669/592/474 1670/572/474 1671/571/474
f  1669/592/474 1671/571/474 1672/593/474
f  1673/587/475 1674/569/475 1675/579/475
f  1673/587/475 1675/579/475 1676/590/475
f  1677/593/476 1678/571/476 1679/560/476
f  1677/593/476 1679/560/476 1680/588/476
f  1681/594/477 1682/595/477 1683/596/477
f  1681/594/477 1683/596/477 1684/597/477
f  1685/598/478 1686/599/478 1687/600/478
f  1685/598/478 1687/600/478 1688/601/478
f  1689/602/479 1690/603/479 1691/604/479
f  1689/602/479 1691/604/479 1692/605/479
f  1693/606/480 1694/607/480 1695/608/480
f  1693/606/480 1695/608/480 1696/609/480
f  1697/597/481 1698/596/481 1699/603/481
f  1697/597/481 1699/603/481 1700/602/481
f  1701/609/482 1702/608/482 1703/599/482
f  1701/609/482 1703/599/482 1704/598/482
f  1705/610/483 1706/586/483 1707/587/483
f  1705/610/483 1707/587/483 1708/611/483
f  1709/557/484 1710/588/484 1711/589/484
f  1709/557/484 1711/589/484 1712/554/484
f  1713/612/485 1714/590/485 1715/591/485
f  1713/612/485 1715/591/485 1716/613/485
f  1717/582/486 1718/592/486 1719/593/486
f  1717/582/486 1719/593/486 1720/583/486
f  1721/611/487 1722/587/487 1723/590/487
f  1721/611/487 1723/590/487 1724/612/487
f  1725/583/488 1726/593/488 1727/588/488
f  1725/583/488 1727/588/488 1728/557/488
f  1729/563/489 1730/594/490 1731/597/490
f  1729/563/489 1731/597/490 1732/564/490
f  1733/614/491 1734/598/491 1735/601/491
f  1733/614/491 1735/601/491 1736/615/491
f  1737/576/492 1738/602/492 1739/605/492
f  1737/576/492 1739/605/492 1740/577/492
f  1741/616/493 1742/606/493 1743/609/493
f  1741/616/493 1743/609/493 1744/617/493
f  1745/564/494 1746/597/494 1747/602/494
f  1745/564/494 1747/602/494 1748/576/494
f  1749/617/495 1750/609/496 1751/598/496
f  1749/617/495 1751/598/496 1752/614/496
f  1753/618/497 1754/570/497 1755/573/497
f  1753/618/497 1755/573/497 1756/619/497
f  1757/620/498 1758/561/498 1759/570/498
f  1757/620/498 1759/570/498 1760/618/498
f  1761/621/499 1762/558/499 1763/561/499
f  1761/621/499 1763/561/499 1764/620/499
f  1765/567/500 1766/622/500 1767/623/500
f  1765/567/500 1767/623/500 1768/568/500
f  1769/624/501 1770/580/501 1771/568/501
f  1769/624/501 1771/568/501 1772/623/501
f  1773/625/502 1774/581/502 1775/580/502
f  1773/625/502 1775/580/502 1776/624/502
f  1777/603/503 1778/626/503 1779/627/503
f  1777/603/503 1779/627/503 1780/604/503
f  1781/596/504 1782/628/504 1783/626/504
f  1781/596/504 1783/626/504 1784/603/504
f  1785/595/505 1786/629/505 1787/628/505
f  1785/595/505 1787/628/505 1788/596/505
f  1789/630/506 1790/600/506 1791/599/506
f  1789/630/506 1791/599/506 1792/631/506
f  1793/608/507 1794/632/507 1795/631/507
f  1793/608/507 1795/631/507 1796/599/507
f  1797/607/508 1798/633/508 1799/632/508
f  1797/607/508 1799/632/508 1800/608/508
f  1801/626/509 1802/618/509 1803/619/509
f  1801/626/509 1803/619/509 1804/627/509
f  1805/628/510 1806/620/510 1807/618/510
f  1805/628/510 1807/618/510 1808/626/510
f  1809/629/511 1810/621/511 1811/620/511
f  1809/629/511 1811/620/511 1812/628/511
f  1813/622/512 1814/630/512 1815/631/512
f  1813/622/512 1815/631/512 1816/623/512
f  1817/632/513 1818/624/513 1819/623/513
f  1817/632/513 1819/623/513 1820/631/513
f  1821/633/514 1822/625/514 1823/624/514
f  1821/633/514 1823/624/514 1824/632/514
f  1825/634/515 1826/635/515 1827/636/515
f  1825/634/515 1827/636/515 1828/637/515
f  1829/638/516 1830/639/516 1831/640/516
f  1829/638/516 1831/640/516 1832/641/516
f  1833/642/517 1834/643/517 1835/644/517
f  1833/642/517 1835/644/517 1836/645/517
f  1837/646/518 1838/647/518 1839/648/518
f  1837/646/518 1839/648/518 1840/649/518
f  1841/650/519 1842/651/519 1843/652/519
f  1841/650/519 1843/652/519 1844/653/519
f  1845/654/520 1846/655/520 1847/656/520
f  1845/654/520 1847/656/520 1848/657/520
f  1849/658/521 1850/659/521 1851/660/521
f  1849/658/521 1851/660/521 1852/661/521
f  1853/662/522 1854/663/522 1855/664/522
f  1853/662/522 1855/664/522 1856/665/522
f  1857/641/523 1858/640/523 1859/651/523
f  1857/641/523 1859/651/523 1860/650/523
f  1861/655/524 1862/645/524 1863/644/524
f  1861/655/524 1863/644/524 1864/656/524
f  1865/659/525 1866/649/525 1867/648/525
f  1865/659/525 1867/648/525 1868/660/525
f  1869/663/526 1870/637/526 1871/636/526
f  1869/663/526 1871/636/526 1872/664/526
f  1873/666/527 1874/646/528 1875/649/528
f  1873/666/527 1875/649/528 1876/667/528
f  1877/668/529 1878/640/529 1879/639/529
f  1877/668/529 1879/639/529 1880/669/529
f  1881/670/530 1882/659/530 1883/658/530
f  1881/670/530 1883/658/530 1884/671/530
f  1885/672/531 1886/652/532 1887/651/531
f  1885/672/531 1887/651/531 1888/673/532
f  1889/667/533 1890/649/533 1891/659/533
f  1889/667/533 1891/659/533 1892/670/533
f  1893/673/534 1894/651/534 1895/640/534
f  1893/673/534 1895/640/534 1896/668/534
f  1897/674/535 1898/675/535 1899/676/535
f  1897/674/535 1899/676/535 1900/677/535
f  1901/678/536 1902/679/536 1903/680/536
f  1901/678/536 1903/680/536 1904/681/536
f  1905/682/537 1906/683/537 1907/684/537
f  1905/682/537 1907/684/537 1908/685/537
f  1909/686/538 1910/687/538 1911/688/538
f  1909/686/538 1911/688/538 1912/689/538
f  1913/677/539 1914/676/539 1915/683/539
f  1913/677/539 1915/683/539 1916/682/539
f  1917/689/540 1918/688/540 1919/679/540
f  1917/689/540 1919/679/540 1920/678/540
f  1921/690/541 1922/666/541 1923/667/541
f  1921/690/541 1923/667/541 1924/691/541
f  1925/637/542 1926/668/542 1927/669/543
f  1925/637/542 1927/669/543 1928/634/543
f  1929/692/544 1930/670/544 1931/671/544
f  1929/692/544 1931/671/544 1932/693/544
f  1933/662/545 1934/672/545 1935/673/545
f  1933/662/545 1935/673/545 1936/663/545
f  1937/691/546 1938/667/546 1939/670/546
f  1937/691/546 1939/670/546 1940/692/546
f  1941/663/547 1942/673/547 1943/668/547
f  1941/663/547 1943/668/547 1944/637/547
f  1945/643/548 1946/674/548 1947/677/548
f  1945/643/548 1947/677/548 1948/644/548
f  1949/694/549 1950/678/549 1951/681/549
f  1949/694/549 1951/681/549 1952/695/549
f  1953/656/550 1954/682/550 1955/685/550
f  1953/656/550 1955/685/550 1956/657/550
f  1957/696/551 1958/686/551 1959/689/551
f  1957/696/551 1959/689/551 1960/697/551
f  1961/644/552 1962/677/552 1963/682/552
f  1961/644/552 1963/682/552 1964/656/552
f  1965/697/553 1966/689/553 1967/678/553
f  1965/697/553 1967/678/553 1968/694/553
f  1969/698/554 1970/650/554 1971/653/554
f  1969/698/554 1971/653/554 1972/699/554
f  1973/700/555 1974/641/555 1975/650/555
f  1973/700/555 1975/650/555 1976/698/555
f  1977/701/556 1978/638/556 1979/641/556
f  1977/701/556 1979/641/556 1980/700/556
f  1981/647/557 1982/702/557 1983/703/557
f  1981/647/557 1983/703/557 1984/648/557
f  1985/704/558 1986/660/558 1987/648/558
f  1985/704/558 1987/648/558 1988/703/558
f  1989/705/559 1990/661/559 1991/660/559
f  1989/705/559 1991/660/559 1992/704/559
f  1993/683/560 1994/706/560 1995/707/560
f  1993/683/560 1995/707/560 1996/684/560
f  1997/676/561 1998/708/561 1999/706/561
f  1997/676/561 1999/706/561 2000/683/561
f  2001/675/562 2002/709/562 2003/708/562
f  2001/675/562 2003/708/562 2004/676/562
f  2005/710/563 2006/680/564 2007/679/564
f  2005/710/563 2007/679/564 2008/711/564
f  2009/688/565 2010/712/565 2011/711/565
f  2009/688/565 2011/711/565 2012/679/565
f  2013/687/566 2014/713/566 2015/712/566
f  2013/687/566 2015/712/566 2016/688/566
f  2017/706/567 2018/698/567 2019/699/567
f  2017/706/567 2019/699/567 2020/707/567
f  2021/708/568 2022/700/568 2023/698/568
f  2021/708/568 2023/698/568 2024/706/568
f  2025/709/569 2026/701/569 2027/700/569
f  2025/709/569 2027/700/569 2028/708/569
f  2029/702/570 2030/710/570 2031/711/570
f  2029/702/570 2031/711/570 2032/703/570
f  2033/712/571 2034/704/571 2035/703/571
f  2033/712/571 2035/703/571 2036/711/571
f  2037/713/572 2038/705/572 2039/704/572
f  2037/713/572 2039/704/572 2040/712/572
f  2041/714/573 2042/715/574 2043/716/573
f  2041/714/573 2043/716/573 2044/717/574
f  2045/718/575 2046/719/576 2047/720/576
f  2045/718/575 2047/720/576 2048/721/576
f  2049/722/577 2050/723/577 2051/724/577
f  2049/722/577 2051/724/577 2052/725/577
f  2053/726/578 2054/727/578 2055/728/578
f  2053/726/578 2055/728/578 2056/729/579
f  2057/718/580 2058/730/580 2059/731/580
f  2057/718/580 2059/731/580 2060/719/580
f  2061/732/581 2062/733/581 2063/734/581
f  2061/732/581 2063/734/581 2064/735/581
f  2065/736/582 2066/737/582 2067/738/582
f  2065/736/582 2067/738/582 2068/739/582
f  2069/740/583 2070/741/583 2071/742/583
f  2069/740/583 2071/742/583 2072/743/583
f  2073/744/584 2074/745/584 2075/746/584
f  2073/744/584 2075/746/584 2076/747/584
f  2077/721/585 2078/720/585 2079/733/585
f  2077/721/585 2079/733/585 2080/732/585
f  2081/737/586 2082/725/586 2083/724/586
f  2081/737/586 2083/724/586 2084/738/586
f  2085/741/587 2086/729/587 2087/728/587
f  2085/741/587 2087/728/587 2088/742/587
f  2089/745/588 2090/717/588 2091/716/588
f  2089/745/588 2091/716/588 2092/746/588
f  2093/748/589 2094/726/589 2095/729/589
f  2093/748/589 2095/729/589 2096/749/589
f  2097/750/590 2098/720/590 2099/719/590
f  2097/750/590 2099/719/590 2100/751/590
f  2101/751/591 2102/719/591 2103/731/591
f  2101/751/591 2103/731/591 2104/752/591
f  2105/753/592 2106/741/592 2107/740/592
f  2105/753/592 2107/740/592 2108/754/593
f  2109/755/594 2110/734/594 2111/733/594
f  2109/755/594 2111/733/594 2112/756/594
f  2113/749/595 2114/729/595 2115/741/595
f  2113/749/595 2115/741/595 2116/753/595
f  2117/756/596 2118/733/596 2119/720/596
f  2117/756/596 2119/720/596 2120/750/596
f  2121/757/597 2122/758/597 2123/759/597
f  2121/757/597 2123/759/597 2124/760/597
f  2125/761/598 2126/762/598 2127/763/598
f  2125/761/598 2127/763/598 2128/764/598
f  2129/765/599 2130/766/599 2131/758/599
f  2129/765/599 2131/758/599 2132/757/599
f  2133/767/600 2134/768/600 2135/769/600
f  2133/767/600 2135/769/600 2136/770/600
f  2137/771/601 2138/772/601 2139/773/601
f  2137/771/601 2139/773/601 2140/774/601
f  2141/760/602 2142/759/602 2143/768/602
f  2141/760/602 2143/768/602 2144/767/602
f  2145/774/603 2146/773/603 2147/762/603
f  2145/774/603 2147/762/603 2148/761/603
f  2149/775/604 2150/748/604 2151/749/604
f  2149/775/604 2151/749/604 2152/776/604
f  2153/717/605 2154/750/605 2155/751/605
f  2153/717/605 2155/751/605 2156/714/605
f  2157/714/606 2158/751/607 2159/752/606
f  2157/714/606 2159/752/606 2160/777/607
f  2161/778/608 2162/753/608 2163/754/608
f  2161/778/608 2163/754/608 2164/779/608
f  2165/744/609 2166/755/609 2167/756/609
f  2165/744/609 2167/756/609 2168/745/609
f  2169/776/610 2170/749/610 2171/753/610
f  2169/776/610 2171/753/610 2172/778/610
f  2173/745/611 2174/756/611 2175/750/611
f  2173/745/611 2175/750/611 2176/717/611
f  2177/723/612 2178/757/612 2179/760/612
f  2177/723/612 2179/760/612 2180/724/613
f  2181/780/614 2182/761/614 2183/764/614
f  2181/780/614 2183/764/614 2184/781/614
f  2185/782/615 2186/765/615 2187/757/615
f  2185/782/615 2187/757/615 2188/723/615
f  2189/738/616 2190/767/616 2191/770/616
f  2189/738/616 2191/770/616 2192/739/616
f  2193/783/617 2194/771/617 2195/774/617
f  2193/783/617 2195/774/617 2196/784/617
f  2197/724/618 2198/760/618 2199/767/618
f  2197/724/618 2199/767/618 2200/738/618
f  2201/784/619 2202/774/619 2203/761/619
f  2201/784/619 2203/761/619 2204/780/619
f  2205/785/620 2206/732/620 2207/735/620
f  2205/785/620 2207/735/620 2208/786/620
f  2209/787/621 2210/721/621 2211/732/621
f  2209/787/621 2211/732/621 2212/785/621
f  2213/788/622 2214/718/622 2215/721/622
f  2213/788/622 2215/721/622 2216/787/622
f  2217/788/623 2218/789/623 2219/730/623
f  2217/788/623 2219/730/623 2220/718/623
f  2221/727/624 2222/790/624 2223/791/624
f  2221/727/624 2223/791/624 2224/728/624
f  2225/792/625 2226/742/625 2227/728/625
f  2225/792/625 2227/728/625 2228/791/625
f  2229/793/626 2230/743/626 2231/742/626
f  2229/793/626 2231/742/626 2232/792/626
f  2233/768/627 2234/794/627 2235/795/627
f  2233/768/627 2235/795/627 2236/769/627
f  2237/759/628 2238/796/628 2239/794/628
f  2237/759/628 2239/794/628 2240/768/628
f  2241/758/629 2242/797/629 2243/796/629
f  2241/758/629 2243/796/629 2244/759/629
f  2245/758/630 2246/766/630 2247/798/630
f  2245/758/630 2247/798/630 2248/797/630
f  2249/799/631 2250/763/631 2251/762/631
f  2249/799/631 2251/762/631 2252/800/631
f  2253/773/632 2254/801/632 2255/800/632
f  2253/773/632 2255/800/632 2256/762/632
f  2257/772/633 2258/802/633 2259/801/633
f  2257/772/633 2259/801/633 2260/773/633
f  2261/794/634 2262/785/634 2263/786/634
f  2261/794/634 2263/786/634 2264/795/634
f  2265/796/635 2266/787/636 2267/785/637
f  2265/796/635 2267/785/637 2268/794/635
f  2269/797/638 2270/788/638 2271/787/638
f  2269/797/638 2271/787/638 2272/796/638
f  2273/797/639 2274/798/639 2275/789/639
f  2273/797/639 2275/789/639 2276/788/639
f  2277/790/640 2278/799/640 2279/800/640
f  2277/790/640 2279/800/640 2280/791/640
f  2281/801/641 2282/792/642 2283/791/642
f  2281/801/641 2283/791/642 2284/800/642
f  2285/802/643 2286/793/643 2287/792/643
f  2285/802/643 2287/792/643 2288/801/643
f  2289/558/644 2290/493/644 2291/492/644
f  2289/558/644 2291/492/644 2292/559/644
f  2293/559/645 2294/492/645 2295/512/645
f  2293/559/645 2295/512/645 2296/589/645
f  2297/589/646 2298/512/646 2299/502/646
f  2297/589/646 2299/502/646 2300/554/646
f  2301/554/647 2302/502/647 2303/505/647
f  2301/554/647 2303/505/647 2304/555/647
f  2305/610/648 2306/533/648 2307/511/648
f  2305/610/648 2307/511/648 2308/586/648
f  2309/586/649 2310/511/649 2311/498/649
f  2309/586/649 2311/498/649 2312/566/649
f  2313/566/650 2314/498/650 2315/501/650
f  2313/566/650 2315/501/650 2316/567/650
f  2317/567/651 2318/501/651 2319/545/651
f  2317/567/651 2319/545/651 2320/622/651
f  2321/622/652 2322/545/652 2323/553/652
f  2321/622/652 2323/553/652 2324/630/652
f  2325/630/653 2326/553/653 2327/527/653
f  2325/630/653 2327/527/653 2328/600/653
f  2329/600/654 2330/527/654 2331/526/655
f  2329/600/654 2331/526/655 2332/601/654
f  2333/601/656 2334/526/656 2335/536/656
f  2333/601/656 2335/536/656 2336/615/656
f  2337/562/657 2338/494/657 2339/497/657
f  2337/562/657 2339/497/657 2340/563/657
f  2341/563/658 2342/497/658 2343/525/658
f  2341/563/658 2343/525/658 2344/594/658
f  2345/594/659 2346/525/659 2347/524/659
f  2345/594/659 2347/524/659 2348/595/659
f  2349/595/660 2350/524/660 2351/547/660
f  2349/595/660 2351/547/660 2352/629/660
f  2353/629/661 2354/547/661 2355/539/661
f  2353/629/661 2355/539/661 2356/621/661
f  2357/621/662 2358/539/662 2359/493/662
f  2357/621/662 2359/493/662 2360/558/662
f  2361/653/663 2362/478/663 2363/541/663
f  2361/653/663 2363/541/663 2364/699/663
f  2365/699/664 2366/541/664 2367/549/664
f  2365/699/664 2367/549/664 2368/707/664
f  2369/707/665 2370/549/665 2371/515/665
f  2369/707/665 2371/515/665 2372/684/665
f  2373/684/666 2374/515/666 2375/514/666
f  2373/684/666 2375/514/666 2376/685/666
f  2377/685/667 2378/514/667 2379/483/667
f  2377/685/667 2379/483/667 2380/657/667
f  2381/657/668 2382/483/668 2383/482/669
f  2381/657/668 2383/482/669 2384/654/669
f  2385/696/670 2386/535/670 2387/521/670
f  2385/696/670 2387/521/670 2388/686/670
f  2389/686/671 2390/521/671 2391/520/671
f  2389/686/671 2391/520/671 2392/687/671
f  2393/687/672 2394/520/672 2395/550/672
f  2393/687/672 2395/550/672 2396/713/672
f  2397/713/673 2398/550/673 2399/542/673
f  2397/713/673 2399/542/673 2400/705/673
f  2401/705/674 2402/542/674 2403/487/674
f  2401/705/674 2403/487/674 2404/661/674
f  2405/661/675 2406/487/675 2407/486/675
f  2405/661/675 2407/486/675 2408/658/675
f  2409/658/676 2410/486/676 2411/506/676
f  2409/658/676 2411/506/676 2412/671/676
f  2413/671/677 2414/506/677 2415/530/677
f  2413/671/677 2415/530/677 2416/693/677
f  2417/665/678 2418/475/678 2419/474/678
f  2417/665/678 2419/474/678 2420/662/678
f  2421/662/679 2422/474/679 2423/509/679
f  2421/662/679 2423/509/679 2424/672/679
f  2425/672/680 2426/509/680 2427/479/680
f  2425/672/680 2427/479/680 2428/652/680
f  2429/652/681 2430/479/682 2431/478/681
f  2429/652/681 2431/478/681 2432/653/682
f  2433/735/683 2434/638/683 2435/701/683
f  2433/735/683 2435/701/683 2436/786/683
f  2437/786/684 2438/701/684 2439/709/684
f  2437/786/684 2439/709/684 2440/795/684
f  2441/795/685 2442/709/685 2443/675/685
f  2441/795/685 2443/675/685 2444/769/685
f  2445/769/686 2446/675/686 2447/674/686
f  2445/769/686 2447/674/686 2448/770/686
f  2449/770/687 2450/674/687 2451/643/687
f  2449/770/687 2451/643/687 2452/739/687
f  2453/739/688 2454/643/688 2455/642/688
f  2453/739/688 2455/642/688 2456/736/688
f  2457/783/689 2458/695/689 2459/681/689
f  2457/783/689 2459/681/689 2460/771/689
f  2461/771/690 2462/681/690 2463/680/690
f  2461/771/690 2463/680/690 2464/772/690
f  2465/772/691 2466/680/691 2467/710/691
f  2465/772/691 2467/710/691 2468/802/691
f  2469/802/692 2470/710/692 2471/702/692
f  2469/802/692 2471/702/692 2472/793/692
f  2473/793/693 2474/702/693 2475/647/693
f  2473/793/693 2475/647/693 2476/743/693
f  2477/743/694 2478/647/694 2479/646/694
f  2477/743/694 2479/646/694 2480/740/694
f  2481/740/695 2482/646/695 2483/666/695
f  2481/740/695 2483/666/695 2484/754/695
f  2485/754/696 2486/666/696 2487/690/696
f  2485/754/696 2487/690/696 2488/779/696
f  2489/747/697 2490/635/697 2491/634/697
f  2489/747/697 2491/634/697 2492/744/697
f  2493/744/698 2494/634/698 2495/669/698
f  2493/744/698 2495/669/698 2496/755/698
f  2497/755/699 2498/669/700 2499/639/699
f  2497/755/699 2499/639/699 2500/734/701
f  2501/734/702 2502/639/702 2503/638/702
f  2501/734/702 2503/638/702 2504/735/702
f  2505/573/703 2506/244/703 2507/290/703
f  2505/573/703 2507/290/703 2508/619/703
f  2509/619/704 2510/290/704 2511/297/704
f  2509/619/704 2511/297/704 2512/627/704
f  2513/627/705 2514/297/705 2515/273/705
f  2513/627/705 2515/273/705 2516/604/705
f  2517/604/706 2518/273/706 2519/276/706
f  2517/604/706 2519/276/706 2520/605/706
f  2521/605/707 2522/276/707 2523/248/707
f  2521/605/707 2523/248/707 2524/577/707
f  2525/577/708 2526/248/708 2527/247/708
f  2525/577/708 2527/247/708 2528/574/708
f  2529/616/709 2530/287/709 2531/279/709
f  2529/616/709 2531/279/709 2532/606/709
f  2533/606/710 2534/279/710 2535/278/710
f  2533/606/710 2535/278/710 2536/607/710
f  2537/607/711 2538/278/711 2539/304/711
f  2537/607/711 2539/304/711 2540/633/711
f  2541/633/712 2542/304/712 2543/296/712
f  2541/633/712 2543/296/712 2544/625/712
f  2545/625/713 2546/296/713 2547/252/713
f  2545/625/713 2547/252/713 2548/581/713
f  2549/581/714 2550/252/714 2551/251/714
f  2549/581/714 2551/251/714 2552/578/714
f  2553/578/715 2554/251/715 2555/262/715
f  2553/578/715 2555/262/715 2556/591/715
f  2557/591/716 2558/262/716 2559/284/716
f  2557/591/716 2559/284/716 2560/613/716
f  2561/585/717 2562/256/717 2563/255/717
f  2561/585/717 2563/255/717 2564/582/717
f  2565/582/718 2566/255/718 2567/263/718
f  2565/582/718 2567/263/718 2568/592/718
f  2569/592/719 2570/263/719 2571/241/719
f  2569/592/719 2571/241/719 2572/572/719
f  2573/572/720 2574/241/721 2575/244/720
f  2573/572/720 2575/244/720 2576/573/721
f  2577/803/722 2578/804/722 2579/805/723
f  2577/803/722 2579/805/723 2580/806/723
f  2581/807/724 2582/808/724 2583/809/724
f  2581/807/724 2583/809/724 2584/810/724
f  2585/806/725 2586/805/725 2587/810/725
f  2585/806/725 2587/810/725 2588/809/725
f  2589/811/726 2590/812/726 2591/804/726
f  2589/811/726 2591/804/726 2592/803/726
f  2593/813/727 2594/814/727 2595/815/727
f  2593/813/727 2595/815/727 2596/816/727
f  2597/817/728 2598/818/728 2599/819/728
f  2597/817/728 2599/819/728 2600/820/728
f  2601/816/729 2602/815/729 2603/820/729
f  2601/816/729 2603/820/729 2604/819/729
f  2605/821/730 2606/822/730 2607/814/730
f  2605/821/730 2607/814/730 2608/813/730

