# DeLand Airport Terrain
v -972.033469 22.000000 556.304485
v -944.995997 22.000000 556.238024
v -917.958525 21.000000 556.171628
v -890.921054 21.000000 556.105294
v -863.883583 21.000000 556.039025
v -836.846112 21.000000 555.972819
v -809.808641 21.000000 555.906677
v -782.771171 21.000000 555.840598
v -755.733702 21.000000 555.774584
v -728.696232 21.000000 555.708633
v -701.658763 21.000000 555.642745
v -674.621294 21.000000 555.576922
v -647.583826 21.000000 555.511162
v -620.546358 21.000000 555.445465
v -593.508891 21.000000 555.379833
v -566.471423 21.000000 555.314264
v -539.433956 21.000000 555.248759
v -512.396490 21.000000 555.183317
v -485.359023 21.000000 555.117939
v -458.321558 21.000000 555.052625
v -431.284092 21.000000 554.987375
v -404.246627 21.000000 554.922188
v -377.209162 21.000000 554.857065
v -350.171697 21.000000 554.792005
v -323.134233 21.000000 554.727010
v -296.096769 21.000000 554.662078
v -269.059306 20.000000 554.597209
v -242.021843 20.000000 554.532405
v -214.984380 20.000000 554.467664
v -187.946918 20.000000 554.402987
v -160.909456 20.000000 554.338373
v -133.871994 20.000000 554.273823
v -106.834532 20.000000 554.209337
v -79.797071 20.000000 554.144915
v -52.759611 20.000000 554.080556
v -25.722150 21.000000 554.016261
v 1.315310 20.000000 553.952030
v 28.352770 20.000000 553.887862
v 55.390229 20.000000 553.823758
v 82.427688 20.000000 553.759718
v 109.465147 20.000000 553.695741
v 136.502605 20.000000 553.631828
v 163.540063 19.000000 553.567979
v 190.577521 19.000000 553.504193
v 217.614978 19.000000 553.440471
v 244.652435 20.000000 553.376813
v 271.689892 20.000000 553.313219
v 298.727348 20.000000 553.249688
v 325.764804 20.000000 553.186221
v 352.802260 20.000000 553.122818
v 379.839715 20.000000 553.059478
v 406.877170 20.000000 552.996202
v 433.914625 19.000000 552.932990
v 460.952079 20.000000 552.869841
v 487.989533 19.000000 552.806756
v 515.026987 18.000000 552.743735
v 542.064440 18.000000 552.680777
v 569.101893 17.000000 552.617884
v 596.139345 17.000000 552.555053
v 623.176798 17.000000 552.492287
v 650.214250 16.000000 552.429584
v 677.251701 17.000000 552.366945
v 704.289153 18.000000 552.304370
v 731.326604 18.000000 552.241858
v 758.364054 18.000000 552.179410
v 785.401505 19.000000 552.117026
v 812.438955 20.000000 552.054705
v 839.476404 20.000000 551.992448
v 866.513854 21.000000 551.930255
v 893.551303 21.000000 551.868125
v 920.588751 22.000000 551.806059
v 947.626200 22.000000 551.744057
v 974.663648 22.000000 551.682119
v -972.109155 21.000000 525.528558
v -945.071610 22.000000 525.462098
v -918.034066 22.000000 525.395701
v -890.996522 22.000000 525.329368
v -863.958979 21.000000 525.263099
v -836.921435 21.000000 525.196894
v -809.883892 21.000000 525.130752
v -782.846350 21.000000 525.064674
v -755.808808 21.000000 524.998660
v -728.771266 21.000000 524.932709
v -701.733724 21.000000 524.866822
v -674.696183 21.000000 524.800999
v -647.658642 21.000000 524.735239
v -620.621102 21.000000 524.669543
v -593.583562 21.000000 524.603911
v -566.546022 21.000000 524.538343
v -539.508482 21.000000 524.472838
v -512.470943 21.000000 524.407397
v -485.433404 21.000000 524.342019
v -458.395866 21.000000 524.276705
v -431.358328 21.000000 524.211455
v -404.320790 20.000000 524.146269
v -377.283253 21.000000 524.081146
v -350.245716 21.000000 524.016087
v -323.208179 21.000000 523.951092
v -296.170643 21.000000 523.886160
v -269.133107 20.000000 523.821293
v -242.095571 20.000000 523.756488
v -215.058036 20.000000 523.691748
v -188.020501 20.000000 523.627071
v -160.982967 20.000000 523.562458
v -133.945432 20.000000 523.497908
v -106.907898 20.000000 523.433423
v -79.870365 20.000000 523.369001
v -52.832832 20.000000 523.304642
v -25.795299 20.000000 523.240348
v 1.242234 20.000000 523.176117
v 28.279766 20.000000 523.111949
v 55.317298 20.000000 523.047846
v 82.354829 20.000000 522.983806
v 109.392361 20.000000 522.919830
v 136.429892 20.000000 522.855917
v 163.467422 19.000000 522.792068
v 190.504952 19.000000 522.728283
v 217.542482 20.000000 522.664562
v 244.580012 20.000000 522.600904
v 271.617541 20.000000 522.537310
v 298.655070 20.000000 522.473779
v 325.692598 20.000000 522.410313
v 352.730126 20.000000 522.346910
v 379.767654 20.000000 522.283570
v 406.805181 19.000000 522.220295
v 433.842709 19.000000 522.157083
v 460.880235 19.000000 522.093935
v 487.917762 19.000000 522.030850
v 514.955288 19.000000 521.967829
v 541.992814 19.000000 521.904872
v 569.030339 18.000000 521.841979
v 596.067864 18.000000 521.779149
v 623.105389 17.000000 521.716383
v 650.142914 15.000000 521.653680
v 677.180438 17.000000 521.591042
v 704.217962 17.000000 521.528467
v 731.255485 18.000000 521.465955
v 758.293008 19.000000 521.403508
v 785.330531 19.000000 521.341124
v 812.368053 20.000000 521.278803
v 839.405576 20.000000 521.216547
v 866.443097 21.000000 521.154354
v 893.480619 21.000000 521.092225
v 920.518140 22.000000 521.030159
v 947.555661 22.000000 520.968158
v 974.593181 22.000000 520.906219
v -972.184840 21.000000 494.752632
v -945.147223 21.000000 494.686172
v -918.109606 21.000000 494.619776
v -891.071990 22.000000 494.553444
v -864.034374 22.000000 494.487175
v -836.996758 22.000000 494.420970
v -809.959143 22.000000 494.354828
v -782.921528 21.000000 494.288751
v -755.883913 21.000000 494.222737
v -728.846298 21.000000 494.156787
v -701.808684 21.000000 494.090900
v -674.771071 21.000000 494.025077
v -647.733457 21.000000 493.959318
v -620.695844 21.000000 493.893622
v -593.658232 21.000000 493.827991
v -566.620620 21.000000 493.762423
v -539.583008 21.000000 493.696918
v -512.545396 21.000000 493.631477
v -485.507785 21.000000 493.566100
v -458.470174 21.000000 493.500787
v -431.432563 21.000000 493.435537
v -404.394953 21.000000 493.370351
v -377.357343 21.000000 493.305229
v -350.319734 21.000000 493.240171
v -323.282125 21.000000 493.175176
v -296.244516 21.000000 493.110244
v -269.206907 21.000000 493.045377
v -242.169299 21.000000 492.980573
v -215.131691 20.000000 492.915833
v -188.094084 20.000000 492.851157
v -161.056477 20.000000 492.786544
v -134.018870 20.000000 492.721995
v -106.981264 20.000000 492.657509
v -79.943658 20.000000 492.593088
v -52.906052 20.000000 492.528730
v -25.868447 20.000000 492.464435
v 1.169158 20.000000 492.400205
v 28.206763 20.000000 492.336038
v 55.244368 20.000000 492.271935
v 82.281972 20.000000 492.207895
v 109.319575 20.000000 492.143919
v 136.357179 20.000000 492.080007
v 163.394782 19.000000 492.016159
v 190.432384 20.000000 491.952374
v 217.469987 20.000000 491.888653
v 244.507589 20.000000 491.824995
v 271.545190 20.000000 491.761402
v 298.582792 20.000000 491.697872
v 325.620393 20.000000 491.634405
v 352.657993 20.000000 491.571003
v 379.695594 19.000000 491.507664
v 406.733193 19.000000 491.444389
v 433.770793 20.000000 491.381177
v 460.808392 20.000000 491.318029
v 487.845991 19.000000 491.254945
v 514.883590 19.000000 491.191925
v 541.921188 19.000000 491.128968
v 568.958786 18.000000 491.066075
v 595.996384 18.000000 491.003245
v 623.033981 17.000000 490.940480
v 650.071578 15.000000 490.877778
v 677.109175 17.000000 490.815139
v 704.146771 18.000000 490.752565
v 731.184367 18.000000 490.690054
v 758.221963 19.000000 490.627607
v 785.259558 19.000000 490.565223
v 812.297153 20.000000 490.502903
v 839.334748 20.000000 490.440647
v 866.372342 21.000000 490.378454
v 893.409936 21.000000 490.316326
v 920.447530 22.000000 490.254261
v 947.485123 22.000000 490.192259
v 974.522716 22.000000 490.130321
v -972.260525 21.000000 463.976707
v -945.222835 21.000000 463.910248
v -918.185146 21.000000 463.843852
v -891.147457 21.000000 463.777520
v -864.109769 21.000000 463.711252
v -837.072080 22.000000 463.645047
v -810.034392 22.000000 463.578906
v -782.996705 22.000000 463.512829
v -755.959018 22.000000 463.446815
v -728.921331 21.000000 463.380865
v -701.883644 21.000000 463.314979
v -674.845958 21.000000 463.249157
v -647.808272 21.000000 463.183398
v -620.770587 21.000000 463.117703
v -593.732902 21.000000 463.052072
v -566.695217 21.000000 462.986504
v -539.657532 21.000000 462.921000
v -512.619848 22.000000 462.855559
v -485.582165 21.000000 462.790183
v -458.544481 21.000000 462.724870
v -431.506798 21.000000 462.659621
v -404.469115 21.000000 462.594435
v -377.431433 21.000000 462.529313
v -350.393751 21.000000 462.464255
v -323.356069 21.000000 462.399260
v -296.318388 21.000000 462.334330
v -269.280707 21.000000 462.269463
v -242.243026 21.000000 462.204659
v -215.205346 20.000000 462.139919
v -188.167666 20.000000 462.075243
v -161.129987 20.000000 462.010631
v -134.092307 20.000000 461.946082
v -107.054629 20.000000 461.881597
v -80.016950 20.000000 461.817176
v -52.979272 20.000000 461.752818
v -25.941594 20.000000 461.688525
v 1.096084 20.000000 461.624294
v 28.133761 20.000000 461.560128
v 55.171438 20.000000 461.496025
v 82.209114 20.000000 461.431986
v 109.246790 20.000000 461.368010
v 136.284466 19.000000 461.304099
v 163.322142 20.000000 461.240251
v 190.359817 21.000000 461.176466
v 217.397492 20.000000 461.112745
v 244.435166 20.000000 461.049088
v 271.472840 20.000000 460.985495
v 298.510514 20.000000 460.921966
v 325.548188 20.000000 460.858500
v 352.585861 19.000000 460.795097
v 379.623534 19.000000 460.731759
v 406.661206 20.000000 460.668484
v 433.698878 20.000000 460.605273
v 460.736550 20.000000 460.542125
v 487.774222 19.000000 460.479042
v 514.811893 19.000000 460.416021
v 541.849564 19.000000 460.353065
v 568.887234 18.000000 460.290172
v 595.924904 18.000000 460.227343
v 622.962574 18.000000 460.164578
v 650.000243 17.000000 460.101876
v 677.037912 17.000000 460.039238
v 704.075581 18.000000 459.976664
v 731.113250 18.000000 459.914154
v 758.150918 19.000000 459.851707
v 785.188586 20.000000 459.789324
v 812.226253 20.000000 459.727004
v 839.263920 20.000000 459.664748
v 866.301587 21.000000 459.602556
v 893.339254 21.000000 459.540428
v 920.376920 21.000000 459.478363
v 947.414586 22.000000 459.416362
v 974.452251 22.000000 459.354425
v -972.336209 21.000000 433.200784
v -945.298447 21.000000 433.134325
v -918.260685 21.000000 433.067929
v -891.222924 21.000000 433.001598
v -864.185163 21.000000 432.935330
v -837.147402 21.000000 432.869126
v -810.109641 21.000000 432.802985
v -783.071881 21.000000 432.736908
v -756.034122 22.000000 432.670895
v -728.996362 22.000000 432.604946
v -701.958603 21.000000 432.539060
v -674.920845 21.000000 432.473238
v -647.883086 21.000000 432.407479
v -620.845328 21.000000 432.341785
v -593.807571 21.000000 432.276154
v -566.769813 21.000000 432.210586
v -539.732056 21.000000 432.145083
v -512.694300 21.000000 432.079643
v -485.656544 22.000000 432.014267
v -458.618788 22.000000 431.948954
v -431.581032 22.000000 431.883705
v -404.543277 21.000000 431.818520
v -377.505522 21.000000 431.753398
v -350.467768 21.000000 431.688341
v -323.430013 21.000000 431.623347
v -296.392260 21.000000 431.558416
v -269.354506 21.000000 431.493549
v -242.316753 21.000000 431.428746
v -215.279000 21.000000 431.364007
v -188.241248 21.000000 431.299331
v -161.203496 20.000000 431.234719
v -134.165744 20.000000 431.170171
v -107.127993 20.000000 431.105687
v -80.090242 20.000000 431.041266
v -53.052491 20.000000 430.976908
v -26.014740 20.000000 430.912615
v 1.023010 20.000000 430.848385
v 28.060759 20.000000 430.784219
v 55.098509 20.000000 430.720117
v 82.136258 20.000000 430.656078
v 109.174006 20.000000 430.592103
v 136.211755 20.000000 430.528191
v 163.249503 21.000000 430.464344
v 190.287250 21.000000 430.400560
v 217.324998 21.000000 430.336839
v 244.362745 20.000000 430.273183
v 271.400491 20.000000 430.209590
v 298.438238 20.000000 430.146061
v 325.475984 19.000000 430.082595
v 352.513729 19.000000 430.019193
v 379.551475 19.000000 429.955855
v 406.589220 20.000000 429.892581
v 433.626964 20.000000 429.829370
v 460.664708 19.000000 429.766223
v 487.702452 18.000000 429.703139
v 514.740196 18.000000 429.640120
v 541.777939 18.000000 429.577164
v 568.815682 18.000000 429.514271
v 595.853425 19.000000 429.451443
v 622.891167 18.000000 429.388678
v 649.928909 17.000000 429.325976
v 676.966651 16.000000 429.263339
v 704.004392 18.000000 429.200765
v 731.042133 18.000000 429.138255
v 758.079874 19.000000 429.075808
v 785.117614 19.000000 429.013425
v 812.155354 20.000000 428.951106
v 839.193094 20.000000 428.888851
v 866.230833 21.000000 428.826659
v 893.268572 21.000000 428.764531
v 920.306310 22.000000 428.702467
v 947.344049 22.000000 428.640466
v 974.381787 22.000000 428.578529
v -972.411892 21.000000 402.424862
v -945.374058 21.000000 402.358403
v -918.336223 21.000000 402.292008
v -891.298389 21.000000 402.225677
v -864.260556 22.000000 402.159409
v -837.222723 22.000000 402.093205
v -810.184890 21.000000 402.027065
v -783.147057 21.000000 401.960989
v -756.109225 21.000000 401.894976
v -729.071393 21.000000 401.829027
v -702.033562 21.000000 401.763142
v -674.995730 22.000000 401.697320
v -647.957900 21.000000 401.631562
v -620.920069 21.000000 401.565868
v -593.882239 20.000000 401.500237
v -566.844409 20.000000 401.434670
v -539.806580 21.000000 401.369167
v -512.768751 21.000000 401.303727
v -485.730922 21.000000 401.238352
v -458.693094 21.000000 401.173039
v -431.655266 21.000000 401.107791
v -404.617438 22.000000 401.042606
v -377.579611 21.000000 400.977485
v -350.541784 21.000000 400.912428
v -323.503957 21.000000 400.847434
v -296.466131 21.000000 400.782504
v -269.428305 21.000000 400.717638
v -242.390479 21.000000 400.652835
v -215.352654 21.000000 400.588096
v -188.314829 21.000000 400.523421
v -161.277004 20.000000 400.458809
v -134.239180 20.000000 400.394261
v -107.201356 20.000000 400.329777
v -80.163533 20.000000 400.265357
v -53.125709 20.000000 400.201000
v -26.087886 20.000000 400.136707
v 0.949936 20.000000 400.072477
v 27.987758 20.000000 400.008311
v 55.025580 20.000000 399.944209
v 82.063402 20.000000 399.880171
v 109.101223 21.000000 399.816196
v 136.139044 21.000000 399.752285
v 163.176864 21.000000 399.688438
v 190.214684 21.000000 399.624654
v 217.252504 20.000000 399.560934
v 244.290324 20.000000 399.497278
v 271.328143 20.000000 399.433686
v 298.365962 20.000000 399.370157
v 325.403780 19.000000 399.306692
v 352.441598 19.000000 399.243290
v 379.479416 19.000000 399.179952
v 406.517233 20.000000 399.116678
v 433.555051 19.000000 399.053468
v 460.592867 18.000000 398.990321
v 487.630684 18.000000 398.927238
v 514.668500 17.000000 398.864219
v 541.706316 18.000000 398.801263
v 568.744131 17.000000 398.738371
v 595.781946 17.000000 398.675543
v 622.819761 17.000000 398.612779
v 649.857576 18.000000 398.550078
v 676.895390 17.000000 398.487440
v 703.933203 18.000000 398.424867
v 730.971017 19.000000 398.362357
v 758.008830 19.000000 398.299911
v 785.046643 20.000000 398.237529
v 812.084455 20.000000 398.175210
v 839.122267 21.000000 398.112955
v 866.160079 21.000000 398.050763
v 893.197891 21.000000 397.988636
v 920.235702 21.000000 397.926572
v 947.273513 22.000000 397.864571
v 974.311323 22.000000 397.802635
v -972.487575 21.000000 371.648941
v -945.449668 21.000000 371.582482
v -918.411761 21.000000 371.516088
v -891.373855 21.000000 371.449757
v -864.335949 22.000000 371.383490
v -837.298043 22.000000 371.317287
v -810.260137 22.000000 371.251147
v -783.222232 22.000000 371.185071
v -756.184328 21.000000 371.119058
v -729.146423 21.000000 371.053110
v -702.108519 21.000000 370.987225
v -675.070616 22.000000 370.921404
v -648.032712 22.000000 370.855646
v -620.994809 21.000000 370.789952
v -593.956907 21.000000 370.724322
v -566.919004 21.000000 370.658755
v -539.881103 21.000000 370.593252
v -512.843201 21.000000 370.527813
v -485.805300 21.000000 370.462438
v -458.767399 21.000000 370.397126
v -431.729498 21.000000 370.331878
v -404.691598 21.000000 370.266694
v -377.653698 21.000000 370.201573
v -350.615799 21.000000 370.136516
v -323.577900 21.000000 370.071523
v -296.540001 21.000000 370.006593
v -269.502102 21.000000 369.941727
v -242.464204 21.000000 369.876925
v -215.426307 21.000000 369.812186
v -188.388409 21.000000 369.747511
v -161.350512 21.000000 369.682900
v -134.312615 20.000000 369.618353
v -107.274719 20.000000 369.553869
v -80.236823 20.000000 369.489449
v -53.198927 20.000000 369.425092
v -26.161032 20.000000 369.360799
v 0.876863 20.000000 369.296570
v 27.914758 20.000000 369.232405
v 54.952652 21.000000 369.168303
v 81.990546 21.000000 369.104265
v 109.028440 21.000000 369.040291
v 136.066333 21.000000 368.976381
v 163.104226 21.000000 368.912534
v 190.142119 21.000000 368.848750
v 217.180011 20.000000 368.785031
v 244.217903 20.000000 368.721375
v 271.255795 20.000000 368.657783
v 298.293686 19.000000 368.594254
v 325.331577 19.000000 368.530790
v 352.369468 19.000000 368.467389
v 379.407358 20.000000 368.404051
v 406.445248 20.000000 368.340777
v 433.483138 20.000000 368.277567
v 460.521027 18.000000 368.214421
v 487.558916 18.000000 368.151338
v 514.596805 18.000000 368.088320
v 541.634693 17.000000 368.025364
v 568.672581 17.000000 367.962473
v 595.710468 17.000000 367.899645
v 622.748356 17.000000 367.836881
v 649.786243 18.000000 367.774180
v 676.824129 17.000000 367.711543
v 703.862015 18.000000 367.648970
v 730.899901 19.000000 367.586461
v 757.937787 20.000000 367.524015
v 784.975672 20.000000 367.461633
v 812.013557 21.000000 367.399315
v 839.051442 21.000000 367.337060
v 866.089326 21.000000 367.274869
v 893.127210 21.000000 367.212742
v 920.165094 22.000000 367.150678
v 947.202977 22.000000 367.088678
v 974.240860 22.000000 367.026742
v -972.563257 22.000000 340.873021
v -945.525277 22.000000 340.806563
v -918.487298 22.000000 340.740169
v -891.449319 22.000000 340.673839
v -864.411341 22.000000 340.607572
v -837.373362 22.000000 340.541369
v -810.335384 22.000000 340.475230
v -783.297407 22.000000 340.409154
v -756.259430 22.000000 340.343142
v -729.221453 22.000000 340.277194
v -702.183476 22.000000 340.211309
v -675.145500 22.000000 340.145488
v -648.107524 22.000000 340.079731
v -621.069549 21.000000 340.014038
v -594.031574 21.000000 339.948408
v -566.993599 21.000000 339.882842
v -539.955625 21.000000 339.817339
v -512.917651 21.000000 339.751900
v -485.879677 20.000000 339.686525
v -458.841703 20.000000 339.621214
v -431.803730 21.000000 339.555966
v -404.765758 21.000000 339.490782
v -377.727785 21.000000 339.425662
v -350.689813 21.000000 339.360605
v -323.651842 21.000000 339.295612
v -296.613871 21.000000 339.230683
v -269.575900 21.000000 339.165818
v -242.537929 21.000000 339.101016
v -215.499959 21.000000 339.036278
v -188.461989 21.000000 338.971603
v -161.424019 21.000000 338.906992
v -134.386050 21.000000 338.842445
v -107.348081 20.000000 338.777962
v -80.310113 20.000000 338.713542
v -53.272144 20.000000 338.649186
v -26.234176 20.000000 338.584894
v 0.803791 20.000000 338.520665
v 27.841758 21.000000 338.456500
v 54.879725 21.000000 338.392399
v 81.917692 21.000000 338.328361
v 108.955658 21.000000 338.264387
v 135.993624 21.000000 338.200477
v 163.031589 21.000000 338.136631
v 190.069554 20.000000 338.072848
v 217.107519 20.000000 338.009129
v 244.145484 20.000000 337.945473
v 271.183448 20.000000 337.881881
v 298.221411 20.000000 337.818353
v 325.259375 20.000000 337.754889
v 352.297338 20.000000 337.691488
v 379.335301 20.000000 337.628151
v 406.373263 20.000000 337.564878
v 433.411225 20.000000 337.501668
v 460.449187 20.000000 337.438522
v 487.487149 19.000000 337.375440
v 514.525110 20.000000 337.312421
v 541.563070 17.000000 337.249467
v 568.601031 17.000000 337.186575
v 595.638991 17.000000 337.123748
v 622.676951 17.000000 337.060984
v 649.714910 18.000000 336.998284
v 676.752869 16.000000 336.935647
v 703.790828 18.000000 336.873075
v 730.828787 19.000000 336.810566
v 757.866745 20.000000 336.748120
v 784.904702 20.000000 336.685739
v 811.942660 21.000000 336.623421
v 838.980617 21.000000 336.561166
v 866.018574 21.000000 336.498976
v 893.056530 22.000000 336.436849
v 920.094486 22.000000 336.374786
v 947.132442 22.000000 336.312786
v 974.170398 23.000000 336.250850
v -972.638938 22.000000 310.097103
v -945.600886 22.000000 310.030645
v -918.562834 22.000000 309.964252
v -891.524783 22.000000 309.897922
v -864.486732 22.000000 309.831655
v -837.448681 22.000000 309.765453
v -810.410631 22.000000 309.699314
v -783.372581 22.000000 309.633238
v -756.334531 21.000000 309.567227
v -729.296482 22.000000 309.501279
v -702.258433 22.000000 309.435395
v -675.220384 22.000000 309.369574
v -648.182336 22.000000 309.303818
v -621.144288 21.000000 309.238124
v -594.106240 21.000000 309.172495
v -567.068193 21.000000 309.106929
v -540.030146 21.000000 309.041427
v -512.992099 21.000000 308.975989
v -485.954053 20.000000 308.910614
v -458.916007 20.000000 308.845303
v -431.877962 20.000000 308.780056
v -404.839917 21.000000 308.714872
v -377.801872 21.000000 308.649752
v -350.763827 21.000000 308.584696
v -323.725783 21.000000 308.519704
v -296.687740 21.000000 308.454775
v -269.649696 21.000000 308.389910
v -242.611653 21.000000 308.325108
v -215.573610 21.000000 308.260370
v -188.535568 21.000000 308.195696
v -161.497526 21.000000 308.131086
v -134.459484 21.000000 308.066539
v -107.421443 21.000000 308.002056
v -80.383402 20.000000 307.937637
v -53.345361 20.000000 307.873281
v -26.307321 20.000000 307.808989
v 0.730720 21.000000 307.744761
v 27.768759 21.000000 307.680596
v 54.806799 21.000000 307.616495
v 81.844838 21.000000 307.552458
v 108.882876 21.000000 307.488485
v 135.920915 21.000000 307.424575
v 162.958952 21.000000 307.360729
v 189.996990 20.000000 307.296946
v 217.035027 20.000000 307.233228
v 244.073064 20.000000 307.169572
v 271.111101 20.000000 307.105981
v 298.149137 20.000000 307.042453
v 325.187173 20.000000 306.978989
v 352.225209 20.000000 306.915589
v 379.263244 20.000000 306.852252
v 406.301279 20.000000 306.788979
v 433.339314 20.000000 306.725770
v 460.377348 20.000000 306.662625
v 487.415382 20.000000 306.599543
v 514.453416 20.000000 306.536525
v 541.491449 17.000000 306.473570
v 568.529482 17.000000 306.410679
v 595.567514 17.000000 306.347852
v 622.605547 17.000000 306.285089
v 649.643579 17.000000 306.222389
v 676.681610 15.000000 306.159753
v 703.719641 18.000000 306.097181
v 730.757672 19.000000 306.034672
v 757.795703 20.000000 305.972227
v 784.833733 20.000000 305.909846
v 811.871763 21.000000 305.847528
v 838.909793 21.000000 305.785274
v 865.947822 21.000000 305.723084
v 892.985851 22.000000 305.660957
v 920.023880 22.000000 305.598894
v 947.061908 22.000000 305.536895
v 974.099936 22.000000 305.474960
v -972.714619 22.000000 279.321186
v -945.676494 22.000000 279.254729
v -918.638370 22.000000 279.188335
v -891.600246 22.000000 279.122006
v -864.562123 22.000000 279.055740
v -837.523999 22.000000 278.989538
v -810.485876 22.000000 278.923399
v -783.447754 22.000000 278.857324
v -756.409632 22.000000 278.791313
v -729.371510 22.000000 278.725366
v -702.333388 22.000000 278.659482
v -675.295267 22.000000 278.593662
v -648.257147 22.000000 278.527905
v -621.219026 21.000000 278.462213
v -594.180906 21.000000 278.396584
v -567.142786 21.000000 278.331018
v -540.104667 21.000000 278.265517
v -513.066548 21.000000 278.200079
v -486.028429 21.000000 278.134704
v -458.990311 21.000000 278.069394
v -431.952193 21.000000 278.004147
v -404.914075 21.000000 277.938964
v -377.875958 21.000000 277.873844
v -350.837841 21.000000 277.808788
v -323.799724 21.000000 277.743796
v -296.761608 21.000000 277.678868
v -269.723492 21.000000 277.614003
v -242.685376 21.000000 277.549202
v -215.647261 21.000000 277.484464
v -188.609146 21.000000 277.419791
v -161.571032 21.000000 277.355181
v -134.532917 21.000000 277.290634
v -107.494803 21.000000 277.226152
v -80.456690 21.000000 277.161733
v -53.418577 21.000000 277.097378
v -26.380464 21.000000 277.033086
v 0.657649 21.000000 276.968858
v 27.695761 21.000000 276.904694
v 54.733873 21.000000 276.840593
v 81.771984 21.000000 276.776557
v 108.810095 21.000000 276.712583
v 135.848206 21.000000 276.648674
v 162.886317 20.000000 276.584828
v 189.924427 20.000000 276.521046
v 216.962536 20.000000 276.457328
v 244.000646 20.000000 276.393673
v 271.038755 20.000000 276.330082
v 298.076864 20.000000 276.266555
v 325.114972 20.000000 276.203091
v 352.153080 20.000000 276.139691
v 379.191188 20.000000 276.076355
v 406.229296 20.000000 276.013082
v 433.267403 20.000000 275.949874
v 460.305509 20.000000 275.886728
v 487.343616 20.000000 275.823647
v 514.381722 20.000000 275.760629
v 541.419828 19.000000 275.697675
v 568.457933 19.000000 275.634784
v 595.496038 18.000000 275.571958
v 622.534143 18.000000 275.509195
v 649.572247 18.000000 275.446495
v 676.610352 15.000000 275.383860
v 703.648455 18.000000 275.321288
v 730.686559 19.000000 275.258779
v 757.724662 20.000000 275.196335
v 784.762765 20.000000 275.133954
v 811.800867 21.000000 275.071637
v 838.838969 21.000000 275.009383
v 865.877071 21.000000 274.947193
v 892.915172 22.000000 274.885067
v 919.953274 22.000000 274.823005
v 946.991374 22.000000 274.761006
v 974.029475 22.000000 274.699071
v -972.790299 22.000000 248.545270
v -945.752102 22.000000 248.478813
v -918.713905 22.000000 248.412420
v -891.675709 22.000000 248.346091
v -864.637513 22.000000 248.279826
v -837.599317 22.000000 248.213624
v -810.561122 21.000000 248.147486
v -783.522927 22.000000 248.081411
v -756.484732 22.000000 248.015400
v -729.446538 22.000000 247.949453
v -702.408344 22.000000 247.883570
v -675.370150 22.000000 247.817750
v -648.331957 22.000000 247.751994
v -621.293764 22.000000 247.686302
v -594.255571 21.000000 247.620673
v -567.217379 21.000000 247.555108
v -540.179187 22.000000 247.489607
v -513.140995 21.000000 247.424170
v -486.102804 21.000000 247.358796
v -459.064613 21.000000 247.293485
v -432.026423 21.000000 247.228239
v -404.988233 21.000000 247.163056
v -377.950043 21.000000 247.097937
v -350.911853 21.000000 247.032882
v -323.873664 21.000000 246.967890
v -296.835476 21.000000 246.902962
v -269.797287 21.000000 246.838097
v -242.759099 21.000000 246.773297
v -215.720911 21.000000 246.708560
v -188.682724 21.000000 246.643886
v -161.644537 21.000000 246.579277
v -134.606350 21.000000 246.514731
v -107.568164 21.000000 246.450249
v -80.529978 21.000000 246.385830
v -53.491792 21.000000 246.321475
v -26.453607 21.000000 246.257184
v 0.584578 21.000000 246.192956
v 27.622763 21.000000 246.128793
v 54.660947 21.000000 246.064693
v 81.699131 21.000000 246.000656
v 108.737315 21.000000 245.936683
v 135.775498 21.000000 245.872774
v 162.813681 21.000000 245.808929
v 189.851864 21.000000 245.745147
v 216.890046 21.000000 245.681429
v 243.928228 20.000000 245.617775
v 270.966410 20.000000 245.554184
v 298.004591 20.000000 245.490657
v 325.042772 21.000000 245.427194
v 352.080953 20.000000 245.363795
v 379.119133 21.000000 245.300459
v 406.157313 21.000000 245.237187
v 433.195492 20.000000 245.173978
v 460.233672 20.000000 245.110833
v 487.271850 20.000000 245.047752
v 514.310029 20.000000 244.984735
v 541.348207 20.000000 244.921781
v 568.386385 19.000000 244.858891
v 595.424563 19.000000 244.796065
v 622.462740 19.000000 244.733302
v 649.500917 17.000000 244.670603
v 676.539094 14.000000 244.607968
v 703.577270 18.000000 244.545396
v 730.615446 19.000000 244.482888
v 757.653621 20.000000 244.420444
v 784.691797 20.000000 244.358063
v 811.729972 20.000000 244.295746
v 838.768146 21.000000 244.233493
v 865.806320 21.000000 244.171304
v 892.844494 21.000000 244.109178
v 919.882668 22.000000 244.047116
v 946.920841 22.000000 243.985117
v 973.959014 22.000000 243.923183
v -972.865978 23.000000 217.769355
v -945.827709 22.000000 217.702899
v -918.789440 22.000000 217.636507
v -891.751171 23.000000 217.570178
v -864.712902 22.000000 217.503913
v -837.674634 23.000000 217.437711
v -810.636366 22.000000 217.371574
v -783.598098 22.000000 217.305499
v -756.559831 22.000000 217.239489
v -729.521564 22.000000 217.173542
v -702.483298 22.000000 217.107659
v -675.445032 22.000000 217.041840
v -648.406766 22.000000 216.976085
v -621.368501 22.000000 216.910393
v -594.330236 22.000000 216.844764
v -567.291971 22.000000 216.779200
v -540.253706 22.000000 216.713699
v -513.215442 22.000000 216.648262
v -486.177179 21.000000 216.582888
v -459.138915 21.000000 216.517578
v -432.100652 21.000000 216.452332
v -405.062390 21.000000 216.387150
v -378.024127 21.000000 216.322031
v -350.985865 21.000000 216.256976
v -323.947604 21.000000 216.191985
v -296.909343 21.000000 216.127057
v -269.871082 21.000000 216.062193
v -242.832821 21.000000 215.997393
v -215.794561 21.000000 215.932656
v -188.756301 21.000000 215.867983
v -161.718041 21.000000 215.803374
v -134.679782 21.000000 215.738829
v -107.641523 21.000000 215.674347
v -80.603265 21.000000 215.609929
v -53.565007 21.000000 215.545574
v -26.526749 21.000000 215.481283
v 0.511509 21.000000 215.417056
v 27.549766 21.000000 215.352893
v 54.588023 21.000000 215.288793
v 81.626279 21.000000 215.224757
v 108.664535 21.000000 215.160785
v 135.702791 21.000000 215.096876
v 162.741047 21.000000 215.033031
v 189.779302 21.000000 214.969250
v 216.817556 21.000000 214.905532
v 243.855811 21.000000 214.841878
v 270.894065 21.000000 214.778288
v 297.932319 21.000000 214.714761
v 324.970572 21.000000 214.651298
v 352.008825 21.000000 214.587899
v 379.047078 21.000000 214.524564
v 406.085330 21.000000 214.461292
v 433.123583 21.000000 214.398084
v 460.161834 21.000000 214.334939
v 487.200086 20.000000 214.271859
v 514.238337 20.000000 214.208842
v 541.276588 20.000000 214.145888
v 568.314838 19.000000 214.082999
v 595.353088 19.000000 214.020173
v 622.391338 19.000000 213.957410
v 649.429587 17.000000 213.894712
v 676.467836 15.000000 213.832077
v 703.506085 18.000000 213.769506
v 730.544333 19.000000 213.706998
v 757.582581 19.000000 213.644554
v 784.620829 20.000000 213.582174
v 811.659077 20.000000 213.519858
v 838.697324 21.000000 213.457605
v 865.735571 21.000000 213.395416
v 892.773817 21.000000 213.333290
v 919.812063 22.000000 213.271229
v 946.850309 22.000000 213.209231
v 973.888554 22.000000 213.147296
v -972.941657 23.000000 186.993442
v -945.903315 22.000000 186.926986
v -918.864973 22.000000 186.860594
v -891.826632 22.000000 186.794266
v -864.788291 22.000000 186.728001
v -837.749950 22.000000 186.661800
v -810.711610 22.000000 186.595663
v -783.673270 22.000000 186.529589
v -756.634930 22.000000 186.463579
v -729.596591 22.000000 186.397633
v -702.558252 22.000000 186.331750
v -675.519913 22.000000 186.265931
v -648.481575 22.000000 186.200176
v -621.443237 22.000000 186.134485
v -594.404899 22.000000 186.068857
v -567.366562 22.000000 186.003293
v -540.328225 22.000000 185.937792
v -513.289889 22.000000 185.872355
v -486.251553 22.000000 185.806982
v -459.213217 22.000000 185.741673
v -432.174881 22.000000 185.676427
v -405.136546 22.000000 185.611245
v -378.098211 21.000000 185.546127
v -351.059877 21.000000 185.481072
v -324.021543 21.000000 185.416081
v -296.983209 21.000000 185.351154
v -269.944876 21.000000 185.286290
v -242.906543 21.000000 185.221490
v -215.868210 21.000000 185.156754
v -188.829877 21.000000 185.092082
v -161.791545 21.000000 185.027473
v -134.753214 21.000000 184.962928
v -107.714882 22.000000 184.898446
v -80.676551 22.000000 184.834028
v -53.638221 22.000000 184.769674
v -26.599890 21.000000 184.705384
v 0.438440 21.000000 184.641157
v 27.476769 21.000000 184.576994
v 54.515099 21.000000 184.512895
v 81.553428 21.000000 184.448859
v 108.591756 21.000000 184.384887
v 135.630085 21.000000 184.320979
v 162.668412 21.000000 184.257134
v 189.706740 21.000000 184.193353
v 216.745067 20.000000 184.129636
v 243.783394 20.000000 184.065983
v 270.821721 20.000000 184.002393
v 297.860047 20.000000 183.938867
v 324.898373 20.000000 183.875404
v 351.936699 20.000000 183.812005
v 378.975024 21.000000 183.748670
v 406.013349 21.000000 183.685399
v 433.051673 20.000000 183.622191
v 460.089998 20.000000 183.559047
v 487.128322 19.000000 183.495967
v 514.166645 19.000000 183.432950
v 541.204968 19.000000 183.369997
v 568.243291 19.000000 183.307108
v 595.281614 19.000000 183.244282
v 622.319936 19.000000 183.181520
v 649.358258 17.000000 183.118822
v 676.396580 17.000000 183.056187
v 703.434901 18.000000 182.993617
v 730.473222 19.000000 182.931109
v 757.511542 19.000000 182.868666
v 784.549862 20.000000 182.806286
v 811.588182 20.000000 182.743970
v 838.626502 21.000000 182.681718
v 865.664821 21.000000 182.619529
v 892.703140 21.000000 182.557404
v 919.741459 21.000000 182.495342
v 946.779777 22.000000 182.433345
v 973.818095 22.000000 182.371411
v -973.017335 23.000000 156.217530
v -945.978921 23.000000 156.151075
v -918.940506 22.000000 156.084683
v -891.902092 22.000000 156.018355
v -864.863679 22.000000 155.952091
v -837.825266 22.000000 155.885890
v -810.786853 23.000000 155.819753
v -783.748440 23.000000 155.753680
v -756.710028 22.000000 155.687670
v -729.671616 23.000000 155.621724
v -702.633205 23.000000 155.555842
v -675.594794 23.000000 155.490024
v -648.556383 22.000000 155.424269
v -621.517973 22.000000 155.358578
v -594.479563 22.000000 155.292950
v -567.441153 22.000000 155.227387
v -540.402743 22.000000 155.161886
v -513.364334 22.000000 155.096450
v -486.325926 22.000000 155.031077
v -459.287517 22.000000 154.965768
v -432.249109 22.000000 154.900523
v -405.210702 22.000000 154.835341
v -378.172295 22.000000 154.770223
v -351.133888 22.000000 154.705169
v -324.095481 22.000000 154.640179
v -297.057075 22.000000 154.575252
v -270.018669 22.000000 154.510389
v -242.980263 22.000000 154.445589
v -215.941858 22.000000 154.380853
v -188.903453 22.000000 154.316181
v -161.865049 22.000000 154.251573
v -134.826644 22.000000 154.187028
v -107.788241 22.000000 154.122547
v -80.749837 22.000000 154.058129
v -53.711434 22.000000 153.993776
v -26.673031 21.000000 153.929486
v 0.365371 21.000000 153.865259
v 27.403773 21.000000 153.801097
v 54.442175 21.000000 153.736998
v 81.480577 21.000000 153.672962
v 108.518978 21.000000 153.608991
v 135.557379 21.000000 153.545083
v 162.595779 21.000000 153.481239
v 189.634179 21.000000 153.417458
v 216.672579 21.000000 153.353741
v 243.710978 20.000000 153.290088
v 270.749377 20.000000 153.226499
v 297.787776 20.000000 153.162973
v 324.826175 20.000000 153.099511
v 351.864573 20.000000 153.036112
v 378.902970 21.000000 152.972778
v 405.941368 21.000000 152.909507
v 432.979765 19.000000 152.846299
v 460.018162 19.000000 152.783156
v 487.056558 19.000000 152.720076
v 514.094954 18.000000 152.657059
v 541.133350 18.000000 152.594107
v 568.171745 20.000000 152.531218
v 595.210140 19.000000 152.468393
v 622.248535 19.000000 152.405631
v 649.286929 18.000000 152.342933
v 676.325323 17.000000 152.280299
v 703.363717 18.000000 152.217729
v 730.402111 18.000000 152.155222
v 757.440504 19.000000 152.092779
v 784.478896 20.000000 152.030399
v 811.517289 20.000000 151.968084
v 838.555681 20.000000 151.905832
v 865.594073 20.000000 151.843643
v 892.632464 21.000000 151.781519
v 919.670855 21.000000 151.719458
v 946.709246 21.000000 151.657460
v 973.747636 22.000000 151.595527
v -973.093013 23.000000 125.441619
v -946.054525 23.000000 125.375164
v -919.016039 23.000000 125.308773
v -891.977552 23.000000 125.242445
v -864.939066 23.000000 125.176182
v -837.900581 23.000000 125.109981
v -810.862095 23.000000 125.043845
v -783.823610 23.000000 124.977772
v -756.785126 23.000000 124.911763
v -729.746641 23.000000 124.845817
v -702.708157 23.000000 124.779935
v -675.669674 23.000000 124.714117
v -648.631190 23.000000 124.648363
v -621.592708 23.000000 124.582672
v -594.554225 22.000000 124.517045
v -567.515743 22.000000 124.451482
v -540.477261 22.000000 124.385982
v -513.438779 22.000000 124.320546
v -486.400298 22.000000 124.255174
v -459.361817 22.000000 124.189865
v -432.323337 22.000000 124.124620
v -405.284857 22.000000 124.059439
v -378.246377 22.000000 123.994321
v -351.207898 22.000000 123.929268
v -324.169419 22.000000 123.864277
v -297.130940 21.000000 123.799351
v -270.092461 21.000000 123.734488
v -243.053983 22.000000 123.669689
v -216.015506 22.000000 123.604954
v -188.977028 22.000000 123.540282
v -161.938551 22.000000 123.475674
v -134.900075 22.000000 123.411129
v -107.861598 22.000000 123.346649
v -80.823122 22.000000 123.282232
v -53.784647 22.000000 123.217878
v -26.746171 21.000000 123.153589
v 0.292304 21.000000 123.089363
v 27.330778 21.000000 123.025201
v 54.369253 21.000000 122.961102
v 81.407726 21.000000 122.897067
v 108.446200 21.000000 122.833096
v 135.484673 21.000000 122.769188
v 162.523146 21.000000 122.705345
v 189.561619 21.000000 122.641564
v 216.600091 21.000000 122.577848
v 243.638563 21.000000 122.514195
v 270.677035 21.000000 122.450606
v 297.715506 20.000000 122.387081
v 324.753977 20.000000 122.323619
v 351.792447 20.000000 122.260221
v 378.830918 21.000000 122.196887
v 405.869387 21.000000 122.133616
v 432.907857 20.000000 122.070409
v 459.946326 20.000000 122.007266
v 486.984795 19.000000 121.944186
v 514.023264 19.000000 121.881170
v 541.061732 19.000000 121.818218
v 568.100200 20.000000 121.755330
v 595.138667 20.000000 121.692505
v 622.177135 19.000000 121.629744
v 649.215601 18.000000 121.567046
v 676.254068 17.000000 121.504412
v 703.292534 15.000000 121.441842
v 730.331000 18.000000 121.379336
v 757.369466 19.000000 121.316893
v 784.407931 19.000000 121.254514
v 811.446396 20.000000 121.192199
v 838.484860 20.000000 121.129947
v 865.523325 20.000000 121.067759
v 892.561788 21.000000 121.005635
v 919.600252 21.000000 120.943574
v 946.638715 21.000000 120.881577
v 973.677178 22.000000 120.819644
v -973.168689 23.000000 94.665710
v -946.130130 23.000000 94.599255
v -919.091570 23.000000 94.532864
v -892.053011 23.000000 94.466537
v -865.014453 23.000000 94.400274
v -837.975895 23.000000 94.334074
v -810.937337 23.000000 94.267938
v -783.898779 23.000000 94.201865
v -756.860222 23.000000 94.135856
v -729.821666 23.000000 94.069911
v -702.783109 23.000000 94.004030
v -675.744553 23.000000 93.938212
v -648.705997 23.000000 93.872458
v -621.667442 23.000000 93.806768
v -594.628887 22.000000 93.741141
v -567.590332 22.000000 93.675578
v -540.551778 22.000000 93.610079
v -513.513224 22.000000 93.544643
v -486.474670 22.000000 93.479272
v -459.436117 21.000000 93.413963
v -432.397564 21.000000 93.348719
v -405.359011 22.000000 93.283538
v -378.320459 22.000000 93.218421
v -351.281907 22.000000 93.153367
v -324.243356 22.000000 93.088378
v -297.204804 22.000000 93.023451
v -270.166253 22.000000 92.958589
v -243.127703 22.000000 92.893790
v -216.089153 22.000000 92.829055
v -189.050603 22.000000 92.764384
v -162.012053 22.000000 92.699776
v -134.973504 22.000000 92.635232
v -107.934955 22.000000 92.570752
v -80.896407 22.000000 92.506335
v -53.857859 22.000000 92.441982
v -26.819311 21.000000 92.377693
v 0.219237 21.000000 92.313468
v 27.257784 21.000000 92.249306
v 54.296330 21.000000 92.185208
v 81.334877 21.000000 92.121173
v 108.373423 21.000000 92.057202
v 135.411969 21.000000 91.993295
v 162.450514 21.000000 91.929452
v 189.489059 21.000000 91.865672
v 216.527604 21.000000 91.801956
v 243.566148 21.000000 91.738303
v 270.604692 21.000000 91.674715
v 297.643236 21.000000 91.611190
v 324.681780 21.000000 91.547728
v 351.720323 21.000000 91.484331
v 378.758865 21.000000 91.420997
v 405.797408 21.000000 91.357727
v 432.835950 20.000000 91.294520
v 459.874491 20.000000 91.231377
v 486.913033 20.000000 91.168298
v 513.951574 19.000000 91.105282
v 540.990115 20.000000 91.042331
v 568.028655 20.000000 90.979442
v 595.067195 20.000000 90.916618
v 622.105735 19.000000 90.853857
v 649.144274 19.000000 90.791160
v 676.182813 18.000000 90.728527
v 703.221352 17.000000 90.665957
v 730.259890 17.000000 90.603451
v 757.298428 18.000000 90.541009
v 784.336966 19.000000 90.478630
v 811.375503 19.000000 90.416315
v 838.414040 20.000000 90.354064
v 865.452577 20.000000 90.291876
v 892.491114 20.000000 90.229752
v 919.529650 21.000000 90.167692
v 946.568185 21.000000 90.105695
v 973.606721 21.000000 90.043762
v -973.244365 23.000000 63.889802
v -946.205733 23.000000 63.823348
v -919.167101 23.000000 63.756957
v -892.128470 23.000000 63.690630
v -865.089839 23.000000 63.624367
v -838.051208 23.000000 63.558168
v -811.012578 23.000000 63.492032
v -783.973948 23.000000 63.425960
v -756.935318 23.000000 63.359952
v -729.896689 23.000000 63.294007
v -702.858060 23.000000 63.228126
v -675.819432 23.000000 63.162309
v -648.780803 23.000000 63.096555
v -621.742176 22.000000 63.030865
v -594.703548 22.000000 62.965239
v -567.664921 21.000000 62.899676
v -540.626294 22.000000 62.834177
v -513.587668 22.000000 62.768742
v -486.549041 21.000000 62.703371
v -459.510416 21.000000 62.638063
v -432.471790 22.000000 62.572819
v -405.433165 22.000000 62.507638
v -378.394540 22.000000 62.442521
v -351.355916 22.000000 62.377468
v -324.317292 22.000000 62.312479
v -297.278668 22.000000 62.247553
v -270.240045 22.000000 62.182691
v -243.201422 23.000000 62.117893
v -216.162799 23.000000 62.053158
v -189.124177 23.000000 61.988487
v -162.085555 22.000000 61.923880
v -135.046933 22.000000 61.859336
v -108.008312 22.000000 61.794856
v -80.969691 22.000000 61.730440
v -53.931070 21.000000 61.666088
v -26.892450 22.000000 61.601799
v 0.146170 21.000000 61.537574
v 27.184790 21.000000 61.473412
v 54.223409 21.000000 61.409314
v 81.262028 20.000000 61.345280
v 108.300646 21.000000 61.281310
v 135.339265 21.000000 61.217403
v 162.377883 21.000000 61.153560
v 189.416500 21.000000 61.089781
v 216.455117 21.000000 61.026065
v 243.493734 21.000000 60.962413
v 270.532351 21.000000 60.898825
v 297.570967 21.000000 60.835300
v 324.609583 21.000000 60.771839
v 351.648199 21.000000 60.708442
v 378.686814 21.000000 60.645108
v 405.725429 21.000000 60.581838
v 432.764043 21.000000 60.518632
v 459.802657 21.000000 60.455490
v 486.841271 21.000000 60.392411
v 513.879885 20.000000 60.329396
v 540.918498 20.000000 60.266444
v 567.957111 20.000000 60.203556
v 594.995723 20.000000 60.140732
v 622.034336 19.000000 60.077972
v 649.072947 19.000000 60.015275
v 676.111559 19.000000 59.952642
v 703.150170 18.000000 59.890073
v 730.188781 15.000000 59.827567
v 757.227391 18.000000 59.765125
v 784.266002 19.000000 59.702747
v 811.304612 19.000000 59.640432
v 838.343221 20.000000 59.578181
v 865.381830 20.000000 59.515994
v 892.420439 20.000000 59.453871
v 919.459048 20.000000 59.391811
v 946.497656 21.000000 59.329815
v 973.536264 21.000000 59.267882
v -973.320041 23.000000 33.113895
v -946.281336 22.000000 33.047441
v -919.242632 22.000000 32.981051
v -892.203928 23.000000 32.914725
v -865.165224 23.000000 32.848462
v -838.126521 23.000000 32.782263
v -811.087818 23.000000 32.716127
v -784.049116 23.000000 32.650056
v -757.010414 23.000000 32.584048
v -729.971712 22.000000 32.518104
v -702.933011 23.000000 32.452223
v -675.894310 23.000000 32.386406
v -648.855609 23.000000 32.320653
v -621.816909 22.000000 32.254963
v -594.778209 21.000000 32.189337
v -567.739509 21.000000 32.123775
v -540.700810 22.000000 32.058277
v -513.662111 22.000000 31.992842
v -486.623412 22.000000 31.927471
v -459.584714 22.000000 31.862163
v -432.546016 22.000000 31.796920
v -405.507318 22.000000 31.731740
v -378.468621 22.000000 31.666623
v -351.429924 22.000000 31.601570
v -324.391227 22.000000 31.536581
v -297.352531 23.000000 31.471656
v -270.313835 23.000000 31.406795
v -243.275140 23.000000 31.341997
v -216.236445 23.000000 31.277262
v -189.197750 22.000000 31.212592
v -162.159055 22.000000 31.147985
v -135.120361 22.000000 31.083442
v -108.081667 22.000000 31.018962
v -81.042974 22.000000 30.954546
v -54.004281 22.000000 30.890194
v -26.965588 22.000000 30.825906
v 0.073104 22.000000 30.761681
v 27.111796 22.000000 30.697520
v 54.150488 21.000000 30.633422
v 81.189180 21.000000 30.569389
v 108.227871 21.000000 30.505419
v 135.266561 20.000000 30.441512
v 162.305252 21.000000 30.377670
v 189.343942 21.000000 30.313891
v 216.382632 21.000000 30.250175
v 243.421321 21.000000 30.186524
v 270.460010 21.000000 30.122936
v 297.498699 21.000000 30.059412
v 324.537387 21.000000 29.995951
v 351.576075 21.000000 29.932554
v 378.614763 21.000000 29.869221
v 405.653450 21.000000 29.805951
v 432.692137 21.000000 29.742746
v 459.730824 21.000000 29.679603
v 486.769510 21.000000 29.616525
v 513.808196 21.000000 29.553510
v 540.846882 21.000000 29.490559
v 567.885567 21.000000 29.427672
v 594.924252 20.000000 29.364848
v 621.962937 20.000000 29.302088
v 649.001621 19.000000 29.239392
v 676.040305 19.000000 29.176759
v 703.078989 19.000000 29.114190
v 730.117672 18.000000 29.051685
v 757.156355 17.000000 28.989243
v 784.195038 18.000000 28.926865
v 811.233720 19.000000 28.864551
v 838.272402 20.000000 28.802301
v 865.311084 19.000000 28.740114
v 892.349765 20.000000 28.677991
v 919.388447 21.000000 28.615931
v 946.427127 21.000000 28.553935
v 973.465808 21.000000 28.492003
v -973.395715 23.000000 2.337989
v -946.356938 22.000000 2.271536
v -919.318162 22.000000 2.205146
v -892.279385 23.000000 2.138820
v -865.240609 23.000000 2.072558
v -838.201834 23.000000 2.006359
v -811.163058 23.000000 1.940224
v -784.124283 23.000000 1.874153
v -757.085509 23.000000 1.808145
v -730.046734 23.000000 1.742201
v -703.007961 23.000000 1.676321
v -675.969187 23.000000 1.610505
v -648.930414 23.000000 1.544752
v -621.891641 22.000000 1.479063
v -594.852868 22.000000 1.413437
v -567.814096 21.000000 1.347876
v -540.775324 22.000000 1.282377
v -513.736553 22.000000 1.216943
v -486.697782 22.000000 1.151572
v -459.659011 22.000000 1.086265
v -432.620241 22.000000 1.021022
v -405.581471 22.000000 0.955842
v -378.542701 23.000000 0.890726
v -351.503932 23.000000 0.825674
v -324.465162 23.000000 0.760685
v -297.426394 23.000000 0.695760
v -270.387625 23.000000 0.630899
v -243.348857 23.000000 0.566102
v -216.310090 23.000000 0.501368
v -189.271322 22.000000 0.436698
v -162.232556 22.000000 0.372091
v -135.193789 22.000000 0.307548
v -108.155023 22.000000 0.243069
v -81.116257 22.000000 0.178654
v -54.077491 22.000000 0.114302
v -27.038726 22.000000 0.050014
v 0.000039 22.000000 -0.014211
v 27.038804 22.000000 -0.078371
v 54.077568 22.000000 -0.142468
v 81.116332 21.000000 -0.206502
v 108.155095 21.000000 -0.270471
v 135.193859 21.000000 -0.334377
v 162.232622 21.000000 -0.398219
v 189.271384 21.000000 -0.461998
v 216.310146 21.000000 -0.525713
v 243.348908 21.000000 -0.589364
v 270.387670 21.000000 -0.652952
v 297.426431 21.000000 -0.716476
v 324.465192 21.000000 -0.779936
v 351.503952 21.000000 -0.843332
v 378.542712 21.000000 -0.906665
v 405.581472 21.000000 -0.969934
v 432.620232 21.000000 -1.033140
v 459.658991 21.000000 -1.096281
v 486.697750 21.000000 -1.159359
v 513.736508 21.000000 -1.222374
v 540.775266 21.000000 -1.285325
v 567.814024 21.000000 -1.348212
v 594.852782 21.000000 -1.411035
v 621.891539 19.000000 -1.473795
v 648.930296 18.000000 -1.536490
v 675.969052 20.000000 -1.599123
v 703.007808 18.000000 -1.661691
v 730.046564 18.000000 -1.724196
v 757.085320 17.000000 -1.786637
v 784.124075 18.000000 -1.849015
v 811.162830 19.000000 -1.911329
v 838.201584 19.000000 -1.973579
v 865.240339 20.000000 -2.035765
v 892.279092 20.000000 -2.097888
v 919.317846 20.000000 -2.159947
v 946.356599 21.000000 -2.221943
v 973.395352 21.000000 -2.283875
v -973.471389 22.000000 -28.437915
v -946.432540 22.000000 -28.504368
v -919.393691 22.000000 -28.570757
v -892.354842 23.000000 -28.637083
v -865.315993 23.000000 -28.703345
v -838.277145 24.000000 -28.769543
v -811.238297 24.000000 -28.835678
v -784.199450 23.000000 -28.901749
v -757.160603 23.000000 -28.967756
v -730.121756 23.000000 -29.033699
v -703.082910 23.000000 -29.099579
v -676.044064 23.000000 -29.165395
v -649.005218 23.000000 -29.231148
v -621.966373 23.000000 -29.296836
v -594.927528 22.000000 -29.362461
v -567.888683 22.000000 -29.428023
v -540.849839 22.000000 -29.493521
v -513.810995 22.000000 -29.558955
v -486.772151 22.000000 -29.624325
v -459.733308 22.000000 -29.689632
v -432.694465 23.000000 -29.754874
v -405.655622 23.000000 -29.820054
v -378.616780 23.000000 -29.885169
v -351.577938 23.000000 -29.950221
v -324.539097 23.000000 -30.015209
v -297.500256 23.000000 -30.080134
v -270.461415 23.000000 -30.144995
v -243.422574 22.000000 -30.209792
v -216.383734 22.000000 -30.274525
v -189.344894 22.000000 -30.339195
v -162.306055 22.000000 -30.403801
v -135.267216 22.000000 -30.468344
v -108.228377 22.000000 -30.532823
v -81.189539 22.000000 -30.597238
v -54.150701 22.000000 -30.661589
v -27.111863 22.000000 -30.725877
v -0.073025 22.000000 -30.790101
v 26.965812 22.000000 -30.854261
v 54.004648 22.000000 -30.918358
v 81.043485 22.000000 -30.982391
v 108.082321 22.000000 -31.046360
v 135.121157 21.000000 -31.110265
v 162.159992 21.000000 -31.174107
v 189.198827 21.000000 -31.237886
v 216.237662 21.000000 -31.301600
v 243.276496 21.000000 -31.365251
v 270.315330 21.000000 -31.428838
v 297.354164 21.000000 -31.492362
v 324.392997 21.000000 -31.555821
v 351.431830 21.000000 -31.619217
v 378.470663 21.000000 -31.682550
v 405.509495 21.000000 -31.745819
v 432.548327 21.000000 -31.809024
v 459.587159 21.000000 -31.872165
v 486.625990 21.000000 -31.935243
v 513.664821 21.000000 -31.998257
v 540.703652 21.000000 -32.061207
v 567.742482 21.000000 -32.124094
v 594.781312 20.000000 -32.186917
v 621.820142 20.000000 -32.249676
v 648.858971 20.000000 -32.312371
v 675.897800 20.000000 -32.375003
v 702.936629 19.000000 -32.437572
v 729.975457 19.000000 -32.500076
v 757.014285 18.000000 -32.562517
v 784.053113 15.000000 -32.624894
v 811.091940 18.000000 -32.687208
v 838.130767 19.000000 -32.749457
v 865.169594 19.000000 -32.811643
v 892.208420 19.000000 -32.873766
v 919.247246 20.000000 -32.935825
v 946.286072 20.000000 -32.997820
v 973.324897 21.000000 -33.059751
v -973.547063 23.000000 -59.213818
v -946.508141 22.000000 -59.280271
v -919.469219 23.000000 -59.346660
v -892.430298 23.000000 -59.412985
v -865.391377 23.000000 -59.479246
v -838.352456 23.000000 -59.545444
v -811.313536 23.000000 -59.611578
v -784.274616 23.000000 -59.677649
v -757.235696 23.000000 -59.743656
v -730.196777 23.000000 -59.809599
v -703.157858 23.000000 -59.875478
v -676.118940 23.000000 -59.941294
v -649.080022 23.000000 -60.007046
v -622.041104 23.000000 -60.072734
v -595.002186 22.000000 -60.138359
v -567.963269 22.000000 -60.203920
v -540.924352 22.000000 -60.269417
v -513.885436 22.000000 -60.334851
v -486.846520 22.000000 -60.400221
v -459.807604 23.000000 -60.465527
v -432.768689 23.000000 -60.530770
v -405.729774 23.000000 -60.595948
v -378.690859 23.000000 -60.661064
v -351.651945 23.000000 -60.726115
v -324.613031 23.000000 -60.791103
v -297.574117 23.000000 -60.856027
v -270.535204 23.000000 -60.920888
v -243.496291 22.000000 -60.985684
v -216.457378 22.000000 -61.050417
v -189.418466 22.000000 -61.115087
v -162.379554 22.000000 -61.179693
v -135.340642 22.000000 -61.244235
v -108.301731 22.000000 -61.308713
v -81.262820 22.000000 -61.373128
v -54.223909 22.000000 -61.437479
v -27.184999 22.000000 -61.501766
v -0.146089 22.000000 -61.565990
v 26.892820 22.000000 -61.630149
v 53.931730 22.000000 -61.694246
v 80.970638 22.000000 -61.758278
v 108.009547 22.000000 -61.822247
v 135.048455 22.000000 -61.886152
v 162.087363 22.000000 -61.949994
v 189.126270 21.000000 -62.013772
v 216.165178 21.000000 -62.077486
v 243.204085 21.000000 -62.141136
v 270.242991 21.000000 -62.204723
v 297.281897 21.000000 -62.268246
v 324.320803 21.000000 -62.331706
v 351.359708 21.000000 -62.395101
v 378.398614 21.000000 -62.458433
v 405.437518 21.000000 -62.521702
v 432.476423 21.000000 -62.584906
v 459.515327 21.000000 -62.648047
v 486.554231 21.000000 -62.711125
v 513.593134 21.000000 -62.774138
v 540.632038 21.000000 -62.837088
v 567.670940 19.000000 -62.899974
v 594.709843 21.000000 -62.962797
v 621.748745 21.000000 -63.025556
v 648.787647 20.000000 -63.088251
v 675.826548 20.000000 -63.150883
v 702.865449 19.000000 -63.213450
v 729.904350 19.000000 -63.275955
v 756.943251 18.000000 -63.338395
v 783.982151 18.000000 -63.400772
v 811.021051 17.000000 -63.463085
v 838.059950 18.000000 -63.525334
v 865.098849 19.000000 -63.587520
v 892.137748 19.000000 -63.649642
v 919.176647 20.000000 -63.711700
v 946.215545 20.000000 -63.773695
v 973.254443 20.000000 -63.835626
v -973.622735 23.000000 -89.989720
v -946.583741 23.000000 -90.056172
v -919.544747 24.000000 -90.122561
v -892.505753 24.000000 -90.188886
v -865.466760 23.000000 -90.255147
v -838.427766 24.000000 -90.321344
v -811.388774 24.000000 -90.387478
v -784.349781 23.000000 -90.453548
v -757.310789 22.000000 -90.519554
v -730.271797 23.000000 -90.585497
v -703.232806 23.000000 -90.651376
v -676.193815 23.000000 -90.717191
v -649.154824 23.000000 -90.782943
v -622.115834 23.000000 -90.848631
v -595.076844 23.000000 -90.914255
v -568.037855 23.000000 -90.979816
v -540.998865 23.000000 -91.045313
v -513.959876 23.000000 -91.110746
v -486.920888 23.000000 -91.176115
v -459.881900 23.000000 -91.241421
v -432.842912 23.000000 -91.306663
v -405.803924 23.000000 -91.371842
v -378.764937 23.000000 -91.436957
v -351.725950 23.000000 -91.502008
v -324.686964 23.000000 -91.566995
v -297.647977 23.000000 -91.631919
v -270.608992 22.000000 -91.696779
v -243.570006 22.000000 -91.761575
v -216.531021 22.000000 -91.826308
v -189.492036 22.000000 -91.890977
v -162.453052 22.000000 -91.955583
v -135.414068 22.000000 -92.020124
v -108.375084 22.000000 -92.084602
v -81.336101 22.000000 -92.149016
v -54.297118 22.000000 -92.213367
v -27.258135 22.000000 -92.277654
v -0.219152 22.000000 -92.341877
v 26.819830 22.000000 -92.406037
v 53.858811 22.000000 -92.470133
v 80.897793 22.000000 -92.534165
v 107.936774 21.000000 -92.598133
v 134.975754 21.000000 -92.662038
v 162.014735 21.000000 -92.725879
v 189.053715 21.000000 -92.789657
v 216.092694 21.000000 -92.853370
v 243.131674 21.000000 -92.917020
v 270.170653 21.000000 -92.980607
v 297.209631 21.000000 -93.044130
v 324.248610 21.000000 -93.107589
v 351.287588 21.000000 -93.170984
v 378.326565 21.000000 -93.234316
v 405.365543 21.000000 -93.297584
v 432.404519 21.000000 -93.360788
v 459.443496 21.000000 -93.423928
v 486.482472 21.000000 -93.487005
v 513.521448 21.000000 -93.550019
v 540.560424 21.000000 -93.612968
v 567.599399 21.000000 -93.675854
v 594.638374 21.000000 -93.738676
v 621.677349 21.000000 -93.801435
v 648.716323 21.000000 -93.864130
v 675.755297 20.000000 -93.926761
v 702.794271 20.000000 -93.989328
v 729.833244 20.000000 -94.051832
v 756.872217 19.000000 -94.114272
v 783.911190 18.000000 -94.176648
v 810.950162 17.000000 -94.238961
v 837.989134 17.000000 -94.301210
v 865.028106 18.000000 -94.363395
v 892.067077 19.000000 -94.425517
v 919.106048 19.000000 -94.487575
v 946.145019 19.000000 -94.549569
v 973.183989 20.000000 -94.611500
v -973.698408 24.000000 -120.765621
v -946.659341 24.000000 -120.832072
v -919.620274 24.000000 -120.898461
v -892.581208 25.000000 -120.964785
v -865.542142 24.000000 -121.031046
v -838.503076 24.000000 -121.097243
v -811.464011 24.000000 -121.163376
v -784.424946 23.000000 -121.229446
v -757.385881 24.000000 -121.295452
v -730.346817 24.000000 -121.361394
v -703.307753 23.000000 -121.427273
v -676.268690 23.000000 -121.493087
v -649.229627 23.000000 -121.558839
v -622.190564 23.000000 -121.624526
v -595.151501 23.000000 -121.690150
v -568.112439 23.000000 -121.755710
v -541.073378 23.000000 -121.821207
v -514.034316 23.000000 -121.886640
v -486.995255 23.000000 -121.952009
v -459.956194 23.000000 -122.017314
v -432.917134 23.000000 -122.082556
v -405.878074 23.000000 -122.147734
v -378.839014 23.000000 -122.212849
v -351.799955 23.000000 -122.277899
v -324.760896 23.000000 -122.342886
v -297.721837 22.000000 -122.407810
v -270.682779 22.000000 -122.472669
v -243.643721 22.000000 -122.537465
v -216.604664 22.000000 -122.602198
v -189.565606 22.000000 -122.666866
v -162.526549 22.000000 -122.731471
v -135.487493 22.000000 -122.796012
v -108.448437 22.000000 -122.860490
v -81.409381 22.000000 -122.924904
v -54.370325 22.000000 -122.989254
v -27.331270 22.000000 -123.053541
v -0.292215 22.000000 -123.117763
v 26.746839 22.000000 -123.181923
v 53.785894 22.000000 -123.246018
v 80.824947 22.000000 -123.310050
v 107.864001 22.000000 -123.374018
v 134.903054 21.000000 -123.437922
v 161.942107 21.000000 -123.501763
v 188.981159 21.000000 -123.565540
v 216.020212 21.000000 -123.629254
v 243.059263 21.000000 -123.692903
v 270.098315 21.000000 -123.756489
v 297.137366 21.000000 -123.820012
v 324.176417 21.000000 -123.883470
v 351.215467 21.000000 -123.946865
v 378.254517 21.000000 -124.010196
v 405.293567 21.000000 -124.073464
v 432.332617 21.000000 -124.136668
v 459.371666 22.000000 -124.199808
v 486.410715 22.000000 -124.262885
v 513.449763 21.000000 -124.325898
v 540.488811 21.000000 -124.388847
v 567.527859 21.000000 -124.451732
v 594.566906 22.000000 -124.514554
v 621.605953 21.000000 -124.577312
v 648.645000 21.000000 -124.640007
v 675.684047 20.000000 -124.702637
v 702.723093 20.000000 -124.765204
v 729.762139 20.000000 -124.827708
v 756.801184 19.000000 -124.890148
v 783.840229 18.000000 -124.952524
v 810.879274 18.000000 -125.014836
v 837.918318 17.000000 -125.077085
v 864.957363 17.000000 -125.139270
v 891.996406 18.000000 -125.201391
v 919.035450 18.000000 -125.263448
v 946.074493 19.000000 -125.325442
v 973.113536 19.000000 -125.387373
v -973.774079 24.000000 -151.541520
v -946.734939 24.000000 -151.607971
v -919.695800 24.000000 -151.674359
v -892.656661 24.000000 -151.740683
v -865.617523 24.000000 -151.806943
v -838.578385 24.000000 -151.873140
v -811.539247 23.000000 -151.939273
v -784.500110 23.000000 -152.005342
v -757.460973 24.000000 -152.071348
v -730.421836 24.000000 -152.137290
v -703.382700 23.000000 -152.203168
v -676.343564 23.000000 -152.268982
v -649.304428 23.000000 -152.334733
v -622.265293 23.000000 -152.400420
v -595.226158 23.000000 -152.466044
v -568.187023 23.000000 -152.531604
v -541.147889 23.000000 -152.597100
v -514.108755 23.000000 -152.662532
v -487.069622 23.000000 -152.727901
v -460.030489 23.000000 -152.793206
v -432.991356 23.000000 -152.858447
v -405.952223 23.000000 -152.923625
v -378.913091 23.000000 -152.988739
v -351.873959 23.000000 -153.053789
v -324.834828 23.000000 -153.118776
v -297.795697 23.000000 -153.183699
v -270.756566 22.000000 -153.248558
v -243.717435 22.000000 -153.313354
v -216.678305 22.000000 -153.378086
v -189.639176 22.000000 -153.442754
v -162.600046 22.000000 -153.507359
v -135.560917 22.000000 -153.571899
v -108.521788 22.000000 -153.636377
v -81.482660 22.000000 -153.700790
v -54.443532 22.000000 -153.765140
v -27.404404 22.000000 -153.829426
v -0.365277 22.000000 -153.893649
v 26.673850 22.000000 -153.957807
v 53.712977 22.000000 -154.021902
v 80.752103 22.000000 -154.085934
v 107.791229 22.000000 -154.149902
v 134.830355 21.000000 -154.213806
v 161.869480 21.000000 -154.277646
v 188.908605 20.000000 -154.341423
v 215.947730 21.000000 -154.405136
v 242.986854 21.000000 -154.468785
v 270.025978 21.000000 -154.532371
v 297.065101 22.000000 -154.595892
v 324.104225 22.000000 -154.659351
v 351.143348 22.000000 -154.722745
v 378.182470 23.000000 -154.786076
v 405.221593 22.000000 -154.849343
v 432.260714 22.000000 -154.912547
v 459.299836 20.000000 -154.975687
v 486.338957 21.000000 -155.038763
v 513.378078 21.000000 -155.101775
v 540.417199 21.000000 -155.164724
v 567.456319 22.000000 -155.227609
v 594.495439 22.000000 -155.290431
v 621.534559 21.000000 -155.353188
v 648.573678 21.000000 -155.415883
v 675.612797 21.000000 -155.478513
v 702.651915 20.000000 -155.541080
v 729.691034 20.000000 -155.603583
v 756.730152 19.000000 -155.666022
v 783.769269 19.000000 -155.728398
v 810.808386 17.000000 -155.790710
v 837.847503 17.000000 -155.852958
v 864.886620 16.000000 -155.915142
v 891.925736 17.000000 -155.977263
v 918.964852 17.000000 -156.039321
v 946.003968 18.000000 -156.101314
v 973.043083 19.000000 -156.163244
v -973.849750 23.000000 -182.317418
v -946.810538 23.000000 -182.383869
v -919.771326 23.000000 -182.450256
v -892.732115 24.000000 -182.516580
v -865.692904 23.000000 -182.582840
v -838.653693 24.000000 -182.649036
v -811.614483 23.000000 -182.715168
v -784.575273 24.000000 -182.781237
v -757.536064 24.000000 -182.847243
v -730.496855 24.000000 -182.913184
v -703.457646 24.000000 -182.979062
v -676.418437 23.000000 -183.044876
v -649.379229 23.000000 -183.110626
v -622.340021 23.000000 -183.176313
v -595.300814 23.000000 -183.241936
v -568.261607 23.000000 -183.307496
v -541.222400 23.000000 -183.372991
v -514.183194 23.000000 -183.438423
v -487.143988 23.000000 -183.503792
v -460.104782 23.000000 -183.569096
v -433.065577 23.000000 -183.634337
v -406.026372 23.000000 -183.699515
v -378.987167 23.000000 -183.764628
v -351.947963 23.000000 -183.829678
v -324.908759 23.000000 -183.894665
v -297.869555 22.000000 -183.959587
v -270.830352 22.000000 -184.024446
v -243.791149 22.000000 -184.089241
v -216.751947 22.000000 -184.153973
v -189.712744 22.000000 -184.218641
v -162.673542 22.000000 -184.283245
v -135.634341 22.000000 -184.347785
v -108.595140 22.000000 -184.412262
v -81.555939 22.000000 -184.476675
v -54.516738 22.000000 -184.541025
v -27.477538 22.000000 -184.605310
v -0.438338 22.000000 -184.669532
v 26.600861 22.000000 -184.733691
v 53.640060 22.000000 -184.797785
v 80.679259 22.000000 -184.861816
v 107.718458 22.000000 -184.925784
v 134.757656 21.000000 -184.989687
v 161.796854 21.000000 -185.053527
v 188.836051 20.000000 -185.117304
v 215.875248 21.000000 -185.181016
v 242.914445 21.000000 -185.244665
v 269.953641 21.000000 -185.308250
v 296.992837 21.000000 -185.371772
v 324.032033 22.000000 -185.435230
v 351.071229 22.000000 -185.498624
v 378.110424 22.000000 -185.561955
v 405.149618 22.000000 -185.625221
v 432.188813 21.000000 -185.688425
v 459.228007 22.000000 -185.751564
v 486.267201 22.000000 -185.814640
v 513.306394 22.000000 -185.877652
v 540.345587 22.000000 -185.940600
v 567.384780 22.000000 -186.003485
v 594.423972 21.000000 -186.066306
v 621.463164 21.000000 -186.129063
v 648.502356 21.000000 -186.191757
v 675.541548 21.000000 -186.254387
v 702.580739 20.000000 -186.316953
v 729.619929 20.000000 -186.379456
v 756.659120 19.000000 -186.441895
v 783.698310 18.000000 -186.504270
v 810.737500 17.000000 -186.566582
v 837.776689 17.000000 -186.628830
v 864.815878 17.000000 -186.691014
v 891.855067 16.000000 -186.753135
v 918.894255 17.000000 -186.815191
v 945.933444 18.000000 -186.877185
v 972.972631 18.000000 -186.939114
v -973.925420 23.000000 -213.093315
v -946.886135 23.000000 -213.159765
v -919.846851 23.000000 -213.226152
v -892.807567 23.000000 -213.292475
v -865.768284 23.000000 -213.358735
v -838.729001 24.000000 -213.424931
v -811.689718 24.000000 -213.491063
v -784.650436 23.000000 -213.557131
v -757.611154 23.000000 -213.623136
v -730.571872 24.000000 -213.689077
v -703.532591 24.000000 -213.754955
v -676.493310 24.000000 -213.820768
v -649.454029 23.000000 -213.886518
v -622.414749 23.000000 -213.952205
v -595.375469 23.000000 -214.017827
v -568.336190 23.000000 -214.083386
v -541.296911 23.000000 -214.148882
v -514.257632 24.000000 -214.214313
v -487.218353 23.000000 -214.279681
v -460.179075 23.000000 -214.344986
v -433.139797 23.000000 -214.410226
v -406.100520 23.000000 -214.475403
v -379.061243 22.000000 -214.540516
v -352.021966 22.000000 -214.605566
v -324.982689 22.000000 -214.670552
v -297.943413 22.000000 -214.735474
v -270.904138 22.000000 -214.800332
v -243.864862 22.000000 -214.865127
v -216.825587 22.000000 -214.929858
v -189.786312 22.000000 -214.994526
v -162.747038 22.000000 -215.059130
v -135.707764 22.000000 -215.123670
v -108.668490 22.000000 -215.188146
v -81.629217 22.000000 -215.252559
v -54.589944 22.000000 -215.316908
v -27.550671 22.000000 -215.381193
v -0.511399 22.000000 -215.445415
v 26.527873 22.000000 -215.509573
v 53.567145 21.000000 -215.573667
v 80.606416 21.000000 -215.637698
v 107.645687 21.000000 -215.701665
v 134.684957 22.000000 -215.765568
v 161.724228 22.000000 -215.829408
v 188.763498 21.000000 -215.893183
v 215.802767 22.000000 -215.956896
v 242.842037 20.000000 -216.020544
v 269.881305 21.000000 -216.084129
v 296.920574 21.000000 -216.147650
v 323.959842 21.000000 -216.211108
v 350.999110 22.000000 -216.274502
v 378.038378 22.000000 -216.337832
v 405.077645 22.000000 -216.401098
v 432.116912 22.000000 -216.464301
v 459.156178 22.000000 -216.527440
v 486.195445 22.000000 -216.590515
v 513.234711 22.000000 -216.653527
v 540.273976 22.000000 -216.716475
v 567.313241 21.000000 -216.779359
v 594.352506 21.000000 -216.842180
v 621.391771 21.000000 -216.904937
v 648.431035 21.000000 -216.967630
v 675.470299 21.000000 -217.030260
v 702.509563 20.000000 -217.092826
v 729.548826 20.000000 -217.155328
v 756.588089 19.000000 -217.217767
v 783.627351 19.000000 -217.280142
v 810.666613 18.000000 -217.342453
v 837.705875 17.000000 -217.404700
v 864.745137 17.000000 -217.466884
v 891.784398 17.000000 -217.529004
v 918.823659 17.000000 -217.591061
v 945.862920 17.000000 -217.653054
v 972.902180 17.000000 -217.714983
v -974.001089 23.000000 -243.869210
v -946.961732 23.000000 -243.935660
v -919.922376 23.000000 -244.002047
v -892.883019 24.000000 -244.068370
v -865.843663 23.000000 -244.134629
v -838.804308 23.000000 -244.200824
v -811.764953 23.000000 -244.266956
v -784.725598 23.000000 -244.333024
v -757.686243 24.000000 -244.399028
v -730.646889 24.000000 -244.464969
v -703.607536 24.000000 -244.530846
v -676.568182 24.000000 -244.596659
v -649.528829 23.000000 -244.662409
v -622.489476 24.000000 -244.728095
v -595.450124 24.000000 -244.793717
v -568.410772 24.000000 -244.859276
v -541.371420 24.000000 -244.924771
v -514.332069 24.000000 -244.990202
v -487.292718 23.000000 -245.055570
v -460.253367 23.000000 -245.120874
v -433.214017 23.000000 -245.186114
v -406.174667 22.000000 -245.251290
v -379.135317 22.000000 -245.316403
v -352.095968 22.000000 -245.381452
v -325.056619 22.000000 -245.446438
v -298.017271 22.000000 -245.511359
v -270.977922 22.000000 -245.576218
v -243.938575 22.000000 -245.641012
v -216.899227 22.000000 -245.705743
v -189.859880 22.000000 -245.770410
v -162.820533 22.000000 -245.835013
v -135.781186 22.000000 -245.899553
v -108.741840 22.000000 -245.964029
v -81.702494 22.000000 -246.028441
v -54.663149 22.000000 -246.092790
v -27.623804 22.000000 -246.157075
v -0.584459 22.000000 -246.221296
v 26.454885 22.000000 -246.285454
v 53.494230 22.000000 -246.349548
v 80.533573 22.000000 -246.413578
v 107.572917 22.000000 -246.477544
v 134.612260 21.000000 -246.541447
v 161.651603 21.000000 -246.605287
v 188.690945 22.000000 -246.669062
v 215.730287 22.000000 -246.732774
v 242.769629 21.000000 -246.796422
v 269.808970 21.000000 -246.860006
v 296.848311 21.000000 -246.923527
v 323.887652 22.000000 -246.986984
v 350.926992 22.000000 -247.050378
v 377.966332 22.000000 -247.113708
v 405.005672 22.000000 -247.176974
v 432.045012 22.000000 -247.240176
v 459.084351 22.000000 -247.303315
v 486.123689 21.000000 -247.366390
v 513.163028 21.000000 -247.429401
v 540.202366 21.000000 -247.492349
v 567.241704 19.000000 -247.555233
v 594.281041 19.000000 -247.618053
v 621.320378 19.000000 -247.680810
v 648.359715 21.000000 -247.743502
v 675.399051 21.000000 -247.806132
v 702.438387 20.000000 -247.868697
v 729.477723 20.000000 -247.931199
v 756.517058 20.000000 -247.993637
v 783.556393 19.000000 -248.056012
v 810.595728 18.000000 -248.118323
v 837.635062 17.000000 -248.180570
v 864.674396 17.000000 -248.242753
v 891.713730 17.000000 -248.304873
v 918.753064 18.000000 -248.366929
v 945.792397 16.000000 -248.428922
v 972.831729 17.000000 -248.490850
v -974.076758 23.000000 -274.645104
v -947.037328 23.000000 -274.711554
v -919.997899 23.000000 -274.777940
v -892.958471 24.000000 -274.844263
v -865.919042 24.000000 -274.910521
v -838.879614 24.000000 -274.976716
v -811.840187 23.000000 -275.042848
v -784.800759 23.000000 -275.108915
v -757.761332 23.000000 -275.174919
v -730.721906 24.000000 -275.240860
v -703.682479 24.000000 -275.306736
v -676.643054 24.000000 -275.372549
v -649.603628 24.000000 -275.438298
v -622.564203 24.000000 -275.503984
v -595.524778 24.000000 -275.569606
v -568.485353 24.000000 -275.635164
v -541.445929 23.000000 -275.700659
v -514.406505 23.000000 -275.766089
v -487.367082 23.000000 -275.831457
v -460.327659 23.000000 -275.896760
v -433.288236 23.000000 -275.962000
v -406.248814 23.000000 -276.027176
v -379.209392 22.000000 -276.092288
v -352.169970 22.000000 -276.157337
v -325.130548 22.000000 -276.222322
v -298.091127 22.000000 -276.287244
v -271.051707 22.000000 -276.352101
v -244.012286 22.000000 -276.416895
v -216.972866 23.000000 -276.481626
v -189.933447 23.000000 -276.546292
v -162.894027 22.000000 -276.610895
v -135.854608 22.000000 -276.675435
v -108.815190 22.000000 -276.739910
v -81.775771 22.000000 -276.804322
v -54.736353 22.000000 -276.868671
v -27.696936 22.000000 -276.932955
v -0.657518 23.000000 -276.997176
v 26.381899 22.000000 -277.061333
v 53.421315 22.000000 -277.125427
v 80.460731 22.000000 -277.189457
v 107.500147 22.000000 -277.253423
v 134.539563 22.000000 -277.317325
v 161.578978 22.000000 -277.381164
v 188.618393 21.000000 -277.444939
v 215.657808 21.000000 -277.508651
v 242.697222 21.000000 -277.572299
v 269.736636 21.000000 -277.635883
v 296.776049 21.000000 -277.699403
v 323.815462 21.000000 -277.762860
v 350.854875 21.000000 -277.826253
v 377.894288 22.000000 -277.889582
v 404.933700 22.000000 -277.952848
v 431.973112 21.000000 -278.016050
v 459.012523 22.000000 -278.079188
v 486.051935 21.000000 -278.142263
v 513.091346 21.000000 -278.205274
v 540.130756 21.000000 -278.268221
v 567.170166 21.000000 -278.331105
v 594.209576 19.000000 -278.393924
v 621.248986 19.000000 -278.456681
v 648.288395 19.000000 -278.519373
v 675.327804 20.000000 -278.582002
v 702.367212 21.000000 -278.644567
v 729.406620 20.000000 -278.707069
v 756.446028 19.000000 -278.769507
v 783.485436 19.000000 -278.831881
v 810.524843 18.000000 -278.894191
v 837.564250 17.000000 -278.956438
v 864.603656 17.000000 -279.018621
v 891.643063 17.000000 -279.080741
v 918.682468 17.000000 -279.142796
v 945.721874 17.000000 -279.204788
v 972.761279 15.000000 -279.266717
v -974.152426 23.000000 -305.420997
v -947.112924 23.000000 -305.487447
v -920.073422 23.000000 -305.553832
v -893.033921 24.000000 -305.620154
v -865.994420 24.000000 -305.686413
v -838.954920 24.000000 -305.752607
v -811.915420 23.000000 -305.818738
v -784.875920 24.000000 -305.884805
v -757.836421 23.000000 -305.950809
v -730.796921 24.000000 -306.016749
v -703.757423 24.000000 -306.082625
v -676.717924 24.000000 -306.148438
v -649.678426 24.000000 -306.214187
v -622.638929 24.000000 -306.279872
v -595.599431 24.000000 -306.345493
v -568.559934 24.000000 -306.411051
v -541.520438 23.000000 -306.476545
v -514.480941 23.000000 -306.541976
v -487.441445 22.000000 -306.607342
v -460.401950 22.000000 -306.672645
v -433.362454 22.000000 -306.737885
v -406.322960 22.000000 -306.803061
v -379.283465 22.000000 -306.868173
v -352.243971 22.000000 -306.933221
v -325.204477 22.000000 -306.998206
v -298.164983 22.000000 -307.063127
v -271.125490 23.000000 -307.127984
v -244.085997 23.000000 -307.192778
v -217.046505 22.000000 -307.257508
v -190.007013 23.000000 -307.322174
v -162.967521 22.000000 -307.386777
v -135.928029 22.000000 -307.451315
v -108.888538 22.000000 -307.515791
v -81.849047 22.000000 -307.580202
v -54.809557 22.000000 -307.644550
v -27.770067 23.000000 -307.708834
v -0.730577 23.000000 -307.773055
v 26.308912 23.000000 -307.837212
v 53.348401 22.000000 -307.901305
v 80.387890 22.000000 -307.965334
v 107.427378 22.000000 -308.029300
v 134.466867 21.000000 -308.093202
v 161.506354 22.000000 -308.157041
v 188.545842 22.000000 -308.220815
v 215.585329 22.000000 -308.284526
v 242.624815 21.000000 -308.348174
v 269.664302 21.000000 -308.411757
v 296.703788 21.000000 -308.475277
v 323.743273 21.000000 -308.538734
v 350.782759 22.000000 -308.602126
v 377.822244 22.000000 -308.665455
v 404.861729 22.000000 -308.728721
v 431.901213 22.000000 -308.791922
v 458.940697 22.000000 -308.855060
v 485.980181 22.000000 -308.918135
v 513.019664 21.000000 -308.981145
v 540.059147 21.000000 -309.044092
v 567.098630 21.000000 -309.106975
v 594.138112 21.000000 -309.169795
v 621.177594 21.000000 -309.232551
v 648.217076 21.000000 -309.295243
v 675.256557 20.000000 -309.357871
v 702.296038 20.000000 -309.420436
v 729.335519 20.000000 -309.482937
v 756.374999 19.000000 -309.545375
v 783.414479 19.000000 -309.607748
v 810.453959 18.000000 -309.670058
v 837.493438 18.000000 -309.732305
v 864.532917 17.000000 -309.794488
v 891.572396 17.000000 -309.856607
v 918.611874 18.000000 -309.918662
v 945.651352 17.000000 -309.980654
v 972.690830 17.000000 -310.042582
v -974.228093 23.000000 -336.196889
v -947.188519 23.000000 -336.263338
v -920.148945 23.000000 -336.329723
v -893.109371 23.000000 -336.396045
v -866.069798 24.000000 -336.462303
v -839.030225 24.000000 -336.528497
v -811.990652 24.000000 -336.594627
v -784.951080 24.000000 -336.660694
v -757.911508 23.000000 -336.726697
v -730.871937 24.000000 -336.792637
v -703.832365 24.000000 -336.858513
v -676.792794 24.000000 -336.924325
v -649.753224 24.000000 -336.990073
v -622.713654 24.000000 -337.055758
v -595.674084 24.000000 -337.121379
v -568.634514 23.000000 -337.186937
v -541.594945 23.000000 -337.252430
v -514.555377 23.000000 -337.317861
v -487.515808 22.000000 -337.383227
v -460.476240 22.000000 -337.448530
v -433.436672 23.000000 -337.513769
v -406.397105 23.000000 -337.578944
v -379.357538 23.000000 -337.644056
v -352.317971 23.000000 -337.709104
v -325.278405 23.000000 -337.774088
v -298.238839 23.000000 -337.839008
v -271.199273 22.000000 -337.903865
v -244.159708 22.000000 -337.968659
v -217.120143 23.000000 -338.033388
v -190.080578 23.000000 -338.098054
v -163.041014 23.000000 -338.162656
v -136.001450 23.000000 -338.227195
v -108.961886 22.000000 -338.291670
v -81.922323 22.000000 -338.356081
v -54.882760 23.000000 -338.420428
v -27.843198 22.000000 -338.484712
v -0.803635 23.000000 -338.548932
v 26.235927 23.000000 -338.613089
v 53.275488 22.000000 -338.677181
v 80.315049 22.000000 -338.741211
v 107.354610 22.000000 -338.805176
v 134.394171 21.000000 -338.869078
v 161.433731 21.000000 -338.932916
v 188.473291 22.000000 -338.996690
v 215.512850 22.000000 -339.060401
v 242.552410 21.000000 -339.124048
v 269.591968 21.000000 -339.187631
v 296.631527 21.000000 -339.251151
v 323.671085 21.000000 -339.314607
v 350.710643 22.000000 -339.377999
v 377.750200 22.000000 -339.441328
v 404.789758 22.000000 -339.504592
v 431.829314 22.000000 -339.567794
v 458.868871 21.000000 -339.630931
v 485.908427 22.000000 -339.694005
v 512.947983 19.000000 -339.757015
v 539.987538 21.000000 -339.819962
v 567.027094 21.000000 -339.882845
v 594.066648 21.000000 -339.945664
v 621.106203 21.000000 -340.008419
v 648.145757 21.000000 -340.071111
v 675.185311 21.000000 -340.133739
v 702.224864 20.000000 -340.196304
v 729.264417 20.000000 -340.258804
v 756.303970 19.000000 -340.321241
v 783.343523 19.000000 -340.383615
v 810.383075 18.000000 -340.445924
v 837.422627 18.000000 -340.508170
v 864.462178 18.000000 -340.570353
v 891.501729 18.000000 -340.632471
v 918.541280 18.000000 -340.694526
v 945.580831 18.000000 -340.756518
v 972.620381 17.000000 -340.818445
v -974.303760 23.000000 -366.972779
v -947.264113 23.000000 -367.039228
v -920.224467 23.000000 -367.105613
v -893.184821 24.000000 -367.171934
v -866.145175 24.000000 -367.238191
v -839.105529 24.000000 -367.304385
v -812.065884 24.000000 -367.370515
v -785.026239 24.000000 -367.436582
v -757.986595 24.000000 -367.502585
v -730.946951 24.000000 -367.568524
v -703.907307 24.000000 -367.634399
v -676.867664 24.000000 -367.700211
v -649.828021 24.000000 -367.765959
v -622.788378 24.000000 -367.831643
v -595.748736 23.000000 -367.897264
v -568.709094 23.000000 -367.962821
v -541.669452 23.000000 -368.028314
v -514.629811 23.000000 -368.093744
v -487.590170 23.000000 -368.159110
v -460.550530 23.000000 -368.224412
v -433.510889 23.000000 -368.289651
v -406.471250 23.000000 -368.354826
v -379.431610 23.000000 -368.419937
v -352.391971 23.000000 -368.484985
v -325.352332 23.000000 -368.549969
v -298.312694 23.000000 -368.614889
v -271.273055 22.000000 -368.679745
v -244.233418 22.000000 -368.744538
v -217.193780 22.000000 -368.809267
v -190.154143 23.000000 -368.873933
v -163.114506 22.000000 -368.938535
v -136.074870 22.000000 -369.003073
v -109.035234 22.000000 -369.067547
v -81.995598 22.000000 -369.131958
v -54.955963 22.000000 -369.196305
v -27.916327 21.000000 -369.260589
v -0.876693 21.000000 -369.324808
v 26.162942 21.000000 -369.388964
v 53.202576 22.000000 -369.453057
v 80.242209 22.000000 -369.517086
v 107.281843 22.000000 -369.581051
v 134.321476 22.000000 -369.644952
v 161.361108 22.000000 -369.708790
v 188.400741 21.000000 -369.772564
v 215.440373 21.000000 -369.836274
v 242.480004 21.000000 -369.899920
v 269.519636 22.000000 -369.963503
v 296.559267 22.000000 -370.027023
v 323.598897 21.000000 -370.090478
v 350.638528 22.000000 -370.153870
v 377.678158 22.000000 -370.217198
v 404.717787 22.000000 -370.280463
v 431.757417 22.000000 -370.343664
v 458.797046 22.000000 -370.406801
v 485.836674 22.000000 -370.469874
v 512.876303 21.000000 -370.532884
v 539.915931 22.000000 -370.595830
v 566.955558 22.000000 -370.658713
v 593.995185 22.000000 -370.721531
v 621.034812 21.000000 -370.784287
v 648.074439 21.000000 -370.846978
v 675.114065 21.000000 -370.909606
v 702.153691 20.000000 -370.972170
v 729.193317 20.000000 -371.034670
v 756.232942 20.000000 -371.097107
v 783.272567 19.000000 -371.159480
v 810.312192 18.000000 -371.221789
v 837.351816 18.000000 -371.284035
v 864.391440 18.000000 -371.346217
v 891.431064 18.000000 -371.408335
v 918.470687 18.000000 -371.470390
v 945.510310 18.000000 -371.532381
v 972.549933 18.000000 -371.594308
v -974.379426 23.000000 -397.748668
v -947.339707 23.000000 -397.815117
v -920.299988 23.000000 -397.881501
v -893.260269 24.000000 -397.947822
v -866.220551 24.000000 -398.014079
v -839.180833 23.000000 -398.080272
v -812.141115 24.000000 -398.146402
v -785.101398 24.000000 -398.212468
v -758.061681 24.000000 -398.278471
v -731.021965 24.000000 -398.344409
v -703.982249 24.000000 -398.410284
v -676.942533 24.000000 -398.476096
v -649.902817 23.000000 -398.541843
v -622.863102 23.000000 -398.607527
v -595.823387 23.000000 -398.673148
v -568.783673 23.000000 -398.738704
v -541.743959 23.000000 -398.804197
v -514.704245 23.000000 -398.869626
v -487.664532 23.000000 -398.934992
v -460.624819 23.000000 -399.000294
v -433.585106 23.000000 -399.065532
v -406.545394 23.000000 -399.130707
v -379.505682 23.000000 -399.195818
v -352.465970 23.000000 -399.260865
v -325.426259 23.000000 -399.325848
v -298.386548 23.000000 -399.390768
v -271.346837 22.000000 -399.455624
v -244.307127 23.000000 -399.520417
v -217.267417 22.000000 -399.585145
v -190.227707 22.000000 -399.649811
v -163.187998 22.000000 -399.714412
v -136.148289 22.000000 -399.778950
v -109.108580 22.000000 -399.843424
v -82.068872 22.000000 -399.907834
v -55.029164 22.000000 -399.972181
v -27.989457 22.000000 -400.036464
v -0.949750 22.000000 -400.100683
v 26.089957 22.000000 -400.164839
v 53.129664 22.000000 -400.228931
v 80.169370 22.000000 -400.292959
v 107.209076 22.000000 -400.356924
v 134.248781 22.000000 -400.420825
v 161.288486 22.000000 -400.484662
v 188.328191 21.000000 -400.548436
v 215.367896 21.000000 -400.612146
v 242.407600 21.000000 -400.675792
v 269.447304 21.000000 -400.739374
v 296.487007 22.000000 -400.802893
v 323.526710 22.000000 -400.866348
v 350.566413 21.000000 -400.929740
v 377.606116 21.000000 -400.993068
v 404.645818 22.000000 -401.056332
v 431.685519 21.000000 -401.119532
v 458.725221 22.000000 -401.182669
v 485.764922 22.000000 -401.245742
v 512.804623 22.000000 -401.308752
v 539.844323 22.000000 -401.371697
v 566.884023 22.000000 -401.434580
v 593.923723 22.000000 -401.497398
v 620.963423 22.000000 -401.560153
v 648.003122 21.000000 -401.622844
v 675.042820 21.000000 -401.685471
v 702.082519 20.000000 -401.748035
v 729.122217 20.000000 -401.810535
v 756.161915 20.000000 -401.872971
v 783.201612 19.000000 -401.935344
v 810.241309 18.000000 -401.997653
v 837.281006 18.000000 -402.059898
v 864.320703 18.000000 -402.122079
v 891.360399 18.000000 -402.184197
v 918.400095 18.000000 -402.246252
v 945.439790 19.000000 -402.308242
v 972.479485 18.000000 -402.370169
v -974.455092 24.000000 -428.524556
v -947.415300 23.000000 -428.591004
v -920.375508 23.000000 -428.657388
v -893.335717 24.000000 -428.723708
v -866.295926 23.000000 -428.789965
v -839.256136 24.000000 -428.856158
v -812.216346 24.000000 -428.922288
v -785.176556 24.000000 -428.988353
v -758.136767 24.000000 -429.054355
v -731.096978 24.000000 -429.120294
v -704.057189 24.000000 -429.186168
v -677.017401 24.000000 -429.251979
v -649.977613 23.000000 -429.317726
v -622.937825 23.000000 -429.383410
v -595.898038 23.000000 -429.449030
v -568.858251 23.000000 -429.514586
v -541.818465 23.000000 -429.580079
v -514.778678 23.000000 -429.645508
v -487.738892 23.000000 -429.710873
v -460.699107 23.000000 -429.776174
v -433.659322 23.000000 -429.841412
v -406.619537 23.000000 -429.906586
v -379.579752 23.000000 -429.971697
v -352.539968 22.000000 -430.036743
v -325.500185 22.000000 -430.101727
v -298.460401 22.000000 -430.166646
v -271.420618 22.000000 -430.231502
v -244.380835 22.000000 -430.296294
v -217.341053 22.000000 -430.361022
v -190.301271 22.000000 -430.425687
v -163.261489 23.000000 -430.490288
v -136.221708 22.000000 -430.554825
v -109.181927 22.000000 -430.619299
v -82.142146 22.000000 -430.683709
v -55.102365 22.000000 -430.748055
v -28.062585 22.000000 -430.812338
v -1.022806 22.000000 -430.876557
v 26.016974 22.000000 -430.940712
v 53.056753 22.000000 -431.004804
v 80.096531 22.000000 -431.068832
v 107.136310 22.000000 -431.132796
v 134.176087 21.000000 -431.196697
v 161.215865 21.000000 -431.260533
v 188.255642 21.000000 -431.324307
v 215.295419 21.000000 -431.388016
v 242.335196 21.000000 -431.451662
v 269.374972 22.000000 -431.515244
v 296.414748 21.000000 -431.578763
v 323.454524 22.000000 -431.642217
v 350.494299 22.000000 -431.705609
v 377.534074 21.000000 -431.768936
v 404.573849 21.000000 -431.832200
v 431.613623 22.000000 -431.895400
v 458.653397 22.000000 -431.958536
v 485.693170 22.000000 -432.021609
v 512.732944 22.000000 -432.084618
v 539.772717 21.000000 -432.147563
v 566.812489 21.000000 -432.210445
v 593.852261 21.000000 -432.273263
v 620.892033 21.000000 -432.336017
v 647.931805 21.000000 -432.398708
v 674.971576 21.000000 -432.461335
v 702.011347 20.000000 -432.523898
v 729.051118 20.000000 -432.586398
v 756.090888 20.000000 -432.648834
v 783.130658 19.000000 -432.711206
v 810.170428 18.000000 -432.773515
v 837.210197 18.000000 -432.835760
v 864.249966 18.000000 -432.897941
v 891.289734 19.000000 -432.960058
v 918.329503 19.000000 -433.022112
v 945.369271 19.000000 -433.084102
v 972.409038 19.000000 -433.146029
v -974.530756 23.000000 -459.300443
v -947.490892 23.000000 -459.366890
v -920.451028 24.000000 -459.433274
v -893.411164 23.000000 -459.499594
v -866.371301 24.000000 -459.565850
v -839.331438 24.000000 -459.632043
v -812.291576 24.000000 -459.698172
v -785.251714 24.000000 -459.764237
v -758.211852 24.000000 -459.830239
v -731.171990 24.000000 -459.896176
v -704.132129 24.000000 -459.962051
v -677.092268 24.000000 -460.027861
v -650.052408 23.000000 -460.093608
v -623.012548 23.000000 -460.159291
v -595.972688 23.000000 -460.224911
v -568.932829 23.000000 -460.290467
v -541.892970 23.000000 -460.355959
v -514.853111 23.000000 -460.421387
v -487.813253 23.000000 -460.486752
v -460.773395 23.000000 -460.552053
v -433.733537 23.000000 -460.617291
v -406.693680 22.000000 -460.682464
v -379.653823 23.000000 -460.747574
v -352.613966 22.000000 -460.812621
v -325.574110 22.000000 -460.877604
v -298.534254 21.000000 -460.942523
v -271.494398 22.000000 -461.007378
v -244.454543 22.000000 -461.072170
v -217.414688 21.000000 -461.136898
v -190.374834 22.000000 -461.201562
v -163.334979 22.000000 -461.266163
v -136.295126 22.000000 -461.330700
v -109.255272 22.000000 -461.395173
v -82.215419 22.000000 -461.459583
v -55.175566 22.000000 -461.523928
v -28.135713 22.000000 -461.588211
v -1.095861 22.000000 -461.652429
v 25.943990 22.000000 -461.716584
v 52.983842 22.000000 -461.780675
v 80.023693 22.000000 -461.844703
v 107.063544 21.000000 -461.908667
v 134.103394 21.000000 -461.972567
v 161.143244 21.000000 -462.036403
v 188.183094 21.000000 -462.100176
v 215.222944 21.000000 -462.163885
v 242.262793 21.000000 -462.227531
v 269.302642 22.000000 -462.291113
v 296.342490 22.000000 -462.354631
v 323.382338 22.000000 -462.418085
v 350.422186 22.000000 -462.481476
v 377.462033 21.000000 -462.544803
v 404.501880 21.000000 -462.608066
v 431.541727 21.000000 -462.671266
v 458.581573 21.000000 -462.734402
v 485.621420 21.000000 -462.797474
v 512.661265 22.000000 -462.860483
v 539.701111 21.000000 -462.923428
v 566.740956 21.000000 -462.986309
v 593.780800 21.000000 -463.049127
v 620.820645 21.000000 -463.111881
v 647.860489 21.000000 -463.174571
v 674.900333 21.000000 -463.237198
v 701.940176 20.000000 -463.299761
v 728.980019 20.000000 -463.362260
v 756.019862 19.000000 -463.424696
v 783.059704 19.000000 -463.487067
v 810.099546 18.000000 -463.549376
v 837.139388 18.000000 -463.611620
v 864.179230 19.000000 -463.673801
v 891.219071 19.000000 -463.735918
v 918.258911 19.000000 -463.797972
v 945.298752 19.000000 -463.859961
v 972.338592 19.000000 -463.921888
v -974.606420 23.000000 -490.076328
v -947.566484 24.000000 -490.142775
v -920.526547 24.000000 -490.209158
v -893.486611 24.000000 -490.275478
v -866.446675 24.000000 -490.341734
v -839.406740 24.000000 -490.407926
v -812.366805 24.000000 -490.474055
v -785.326870 24.000000 -490.540119
v -758.286936 24.000000 -490.606121
v -731.247002 24.000000 -490.672058
v -704.207068 24.000000 -490.737932
v -677.167135 24.000000 -490.803742
v -650.127202 23.000000 -490.869489
v -623.087270 24.000000 -490.935171
v -596.047338 23.000000 -491.000791
v -569.007406 23.000000 -491.066346
v -541.967474 23.000000 -491.131838
v -514.927543 23.000000 -491.197266
v -487.887612 23.000000 -491.262630
v -460.847682 23.000000 -491.327931
v -433.807752 23.000000 -491.393168
v -406.767822 22.000000 -491.458341
v -379.727892 22.000000 -491.523451
v -352.687963 22.000000 -491.588497
v -325.648034 22.000000 -491.653479
v -298.608106 22.000000 -491.718398
v -271.568178 22.000000 -491.783253
v -244.528250 22.000000 -491.848044
v -217.488323 22.000000 -491.912772
v -190.448396 21.000000 -491.977436
v -163.408469 22.000000 -492.042036
v -136.368543 21.000000 -492.106573
v -109.328617 22.000000 -492.171046
v -82.288691 22.000000 -492.235455
v -55.248766 22.000000 -492.299800
v -28.208841 22.000000 -492.364082
v -1.168916 22.000000 -492.428300
v 25.871008 22.000000 -492.492455
v 52.910932 22.000000 -492.556546
v 79.950856 21.000000 -492.620573
v 106.990779 22.000000 -492.684536
v 134.030702 21.000000 -492.748436
v 161.070624 21.000000 -492.812272
v 188.110547 21.000000 -492.876045
v 215.150469 21.000000 -492.939753
v 242.190390 21.000000 -493.003398
v 269.230311 21.000000 -493.066980
v 296.270232 21.000000 -493.130498
v 323.310153 22.000000 -493.193952
v 350.350073 22.000000 -493.257342
v 377.389993 22.000000 -493.320669
v 404.429913 22.000000 -493.383932
v 431.469832 21.000000 -493.447131
v 458.509751 21.000000 -493.510267
v 485.549669 21.000000 -493.573339
v 512.589587 21.000000 -493.636347
v 539.629505 20.000000 -493.699291
v 566.669423 19.000000 -493.762172
v 593.709340 19.000000 -493.824990
v 620.749257 21.000000 -493.887743
v 647.789173 21.000000 -493.950433
v 674.829090 21.000000 -494.013059
v 701.869006 20.000000 -494.075622
v 728.908921 20.000000 -494.138121
v 755.948836 19.000000 -494.200556
v 782.988751 18.000000 -494.262927
v 810.028666 18.000000 -494.325235
v 837.068580 18.000000 -494.387479
v 864.108494 19.000000 -494.449660
v 891.148407 19.000000 -494.511777
v 918.188321 19.000000 -494.573830
v 945.228234 19.000000 -494.635819
v 972.268146 19.000000 -494.697745
v -974.682084 24.000000 -520.852212
v -947.642075 24.000000 -520.918659
v -920.602066 23.000000 -520.985042
v -893.562057 24.000000 -521.051361
v -866.522049 24.000000 -521.117616
v -839.482041 24.000000 -521.183808
v -812.442034 24.000000 -521.249936
v -785.402026 24.000000 -521.316001
v -758.362020 24.000000 -521.382001
v -731.322013 24.000000 -521.447939
v -704.282007 24.000000 -521.513812
v -677.242001 24.000000 -521.579622
v -650.201996 24.000000 -521.645368
v -623.161991 24.000000 -521.711050
v -596.121986 24.000000 -521.776669
v -569.081982 23.000000 -521.842224
v -542.041978 23.000000 -521.907715
v -515.001974 23.000000 -521.973143
v -487.961971 23.000000 -522.038507
v -460.921968 23.000000 -522.103807
v -433.881965 23.000000 -522.169044
v -406.841963 22.000000 -522.234217
v -379.801961 22.000000 -522.299326
v -352.761960 22.000000 -522.364372
v -325.721958 22.000000 -522.429354
v -298.681958 22.000000 -522.494272
v -271.641957 22.000000 -522.559127
v -244.601957 22.000000 -522.623918
v -217.561957 22.000000 -522.688645
v -190.521957 22.000000 -522.753308
v -163.481958 22.000000 -522.817908
v -136.441959 22.000000 -522.882444
v -109.401961 22.000000 -522.946917
v -82.361963 22.000000 -523.011326
v -55.321965 22.000000 -523.075671
v -28.281968 22.000000 -523.139952
v -1.241971 22.000000 -523.204170
v 25.798026 21.000000 -523.268324
v 52.838023 21.000000 -523.332415
v 79.878019 22.000000 -523.396441
v 106.918015 22.000000 -523.460405
v 133.958010 22.000000 -523.524304
v 160.998005 21.000000 -523.588140
v 188.038000 21.000000 -523.651912
v 215.077994 21.000000 -523.715620
v 242.117988 21.000000 -523.779265
v 269.157982 21.000000 -523.842846
v 296.197975 21.000000 -523.906363
v 323.237968 21.000000 -523.969817
v 350.277961 22.000000 -524.033207
v 377.317953 22.000000 -524.096533
v 404.357945 22.000000 -524.159796
v 431.397937 21.000000 -524.222995
v 458.437928 21.000000 -524.286130
v 485.477919 21.000000 -524.349201
v 512.517910 19.000000 -524.412209
v 539.557901 19.000000 -524.475154
v 566.597891 19.000000 -524.538034
v 593.637880 19.000000 -524.600851
v 620.677870 21.000000 -524.663604
v 647.717859 21.000000 -524.726294
v 674.757847 20.000000 -524.788920
v 701.797836 20.000000 -524.851482
v 728.837824 19.000000 -524.913980
v 755.877811 19.000000 -524.976415
v 782.917799 17.000000 -525.038786
v 809.957786 18.000000 -525.101094
v 836.997772 18.000000 -525.163337
v 864.037759 19.000000 -525.225517
v 891.077745 19.000000 -525.287634
v 918.117731 19.000000 -525.349687
v 945.157716 19.000000 -525.411676
v 972.197701 19.000000 -525.473601
v -974.757747 24.000000 -551.628095
v -947.717665 24.000000 -551.694541
v -920.677583 24.000000 -551.760924
v -893.637502 24.000000 -551.827242
v -866.597422 24.000000 -551.893497
v -839.557341 24.000000 -551.959689
v -812.517262 23.000000 -552.025817
v -785.477182 23.000000 -552.091881
v -758.437103 24.000000 -552.157881
v -731.397024 24.000000 -552.223818
v -704.356945 24.000000 -552.289691
v -677.316867 24.000000 -552.355500
v -650.276789 24.000000 -552.421246
v -623.236712 24.000000 -552.486928
v -596.196634 24.000000 -552.552546
v -569.156558 24.000000 -552.618101
v -542.116481 23.000000 -552.683592
v -515.076405 23.000000 -552.749019
v -488.036329 21.000000 -552.814383
v -460.996254 23.000000 -552.879683
v -433.956179 22.000000 -552.944919
v -406.916104 22.000000 -553.010091
v -379.876030 22.000000 -553.075200
v -352.835955 22.000000 -553.140246
v -325.795882 22.000000 -553.205227
v -298.755808 22.000000 -553.270145
v -271.715735 22.000000 -553.334999
v -244.675663 22.000000 -553.399790
v -217.635590 22.000000 -553.464516
v -190.595518 22.000000 -553.529180
v -163.555447 22.000000 -553.593779
v -136.515375 22.000000 -553.658315
v -109.475305 22.000000 -553.722787
v -82.435234 22.000000 -553.787195
v -55.395164 22.000000 -553.851540
v -28.355094 22.000000 -553.915821
v -1.315024 22.000000 -553.980039
v 25.725045 22.000000 -554.044192
v 52.765114 22.000000 -554.108282
v 79.805183 22.000000 -554.172309
v 106.845251 22.000000 -554.236272
v 133.885319 22.000000 -554.300171
v 160.925386 21.000000 -554.364006
v 187.965453 21.000000 -554.427778
v 215.005520 21.000000 -554.491486
v 242.045587 21.000000 -554.555130
v 269.085653 21.000000 -554.618710
v 296.125719 21.000000 -554.682227
v 323.165784 21.000000 -554.745681
v 350.205850 22.000000 -554.809070
v 377.245914 22.000000 -554.872396
v 404.285979 22.000000 -554.935658
v 431.326043 21.000000 -554.998857
v 458.366107 21.000000 -555.061992
v 485.406170 21.000000 -555.125063
v 512.446234 19.000000 -555.188071
v 539.486296 19.000000 -555.251014
v 566.526359 19.000000 -555.313895
v 593.566421 20.000000 -555.376711
v 620.606483 21.000000 -555.439464
v 647.646544 20.000000 -555.502153
v 674.686606 20.000000 -555.564779
v 701.726666 19.000000 -555.627340
v 728.766727 19.000000 -555.689838
v 755.806787 17.000000 -555.752273
v 782.846847 17.000000 -555.814644
v 809.886906 18.000000 -555.876951
v 836.926966 18.000000 -555.939194
v 863.967024 18.000000 -556.001374
v 891.007083 18.000000 -556.063490
v 918.047141 18.000000 -556.125542
v 945.087199 18.000000 -556.187531
v 972.127257 18.000000 -556.249456
vn 0.012253 -0.946700 0.321883
vn -0.002773 -0.297332 0.954770
vn -0.008443 -0.973689 0.227723
vn -0.005312 -0.999889 -0.013905
vn 0.000000 -1.000000 0.000000
vn 0.000000 -1.000000 0.000000
vn 0.000908 -0.928513 0.371298
vn 0.000000 -1.000000 0.000000
vn 0.000000 -1.000000 0.000000
vn 0.000669 -0.961580 0.274525
vn 0.000000 -1.000000 0.000000
vn 0.000000 -1.000000 0.000000
vn 0.000000 -1.000000 0.000000
vn 0.000000 -1.000000 0.000000
vn 0.000000 -1.000000 0.000000
vn 0.000000 -1.000000 0.000000
vn 0.000000 -1.000000 0.000000
vn 0.000432 -0.983918 0.178621
vn 0.000000 -1.000000 0.000000
vn 0.000000 -1.000000 0.000000
vn -0.007378 -0.999952 0.006514
vn 0.000022 -0.999957 0.009280
vn 0.006174 -0.999966 0.005399
vn 0.000000 -1.000000 0.000000
vn 0.000000 -1.000000 0.000000
vn -0.014752 -0.999891 0.000021
vn -0.012285 -0.999925 0.000009
vn 0.000000 -1.000000 0.000000
vn 0.000000 -1.000000 0.000000
vn 0.000654 -0.961811 0.273713
vn 0.000000 -1.000000 0.000000
vn 0.000000 -1.000000 0.000000
vn 0.000000 -1.000000 0.000000
vn 0.000000 -1.000000 0.000000
vn 0.006783 -0.980550 -0.196152
vn -0.000541 -0.973719 -0.227754
vn -0.009542 -0.970094 -0.242541
vn 0.000747 -0.949284 0.314419
vn 0.001657 -0.714770 0.699357
vn -0.000583 -0.970512 -0.241051
vn 0.000000 -1.000000 0.000000
vn -0.014963 -0.980468 -0.196109
vn -0.009518 -0.970259 -0.241881
vn 0.000000 -1.000000 0.000000
vn 0.014967 -0.982839 0.183856
vn 0.012322 -0.999924 -0.000029
vn 0.000000 -1.000000 0.000000
vn 0.000000 -1.000000 0.000000
vn 0.000388 -0.986615 0.163066
vn 0.000000 -1.000000 0.000000
vn -0.007378 -0.999952 0.006514
vn -0.010827 -0.942263 0.334698
vn 0.000602 -0.966302 0.257409
vn 0.000872 -0.925398 0.378996
vn -0.015485 -0.894220 0.447361
vn -0.018548 -0.999302 -0.032421
vn -0.018549 -0.999302 -0.032425
vn -0.015756 -0.905618 0.423801
vn -0.006109 -0.809983 0.586422
vn -0.008321 -0.554717 0.831997
vn 0.000597 -0.966223 0.257706
vn 0.034093 -0.893847 0.447073
vn 0.017471 -0.973560 -0.227762
vn 0.010309 -0.715669 0.698364
vn 0.017720 -0.905618 0.423723
vn 0.024915 -0.930397 0.365706
vn 0.015501 -0.894250 -0.447300
vn 0.016308 -0.928322 -0.371418
vn 0.010962 -0.948599 -0.316291
vn 0.018483 -0.999829 -0.000042
vn 0.018484 -0.999829 -0.000042
vn 0.004638 -0.999989 0.000022
vn -0.316218 -0.948686 0.000724
vn 0.024687 -0.999462 0.021581
vn 0.006184 -0.999922 0.010809
vn 0.000000 -1.000000 0.000000
vn -0.006184 -0.999922 -0.010809
vn -0.012370 -0.999690 -0.021619
vn -0.000032 -0.999916 -0.012992
vn -0.000034 -0.999903 -0.013920
vn -0.005292 -0.999975 -0.004627
vn 0.000000 -1.000000 0.000000
vn 0.000000 -1.000000 0.000000
vn 0.000000 -1.000000 0.000000
vn 0.000000 -1.000000 0.000000
vn 0.000000 -1.000000 0.000000
vn 0.000000 -1.000000 0.000000
vn 0.000000 -1.000000 0.000000
vn 0.000000 -1.000000 0.000000
vn 0.000000 -1.000000 0.000000
vn 0.000000 -1.000000 0.000000
vn 0.000000 -1.000000 0.000000
vn 0.000000 -1.000000 0.000000
vn -0.018483 -0.999829 0.000045
vn -0.000003 -1.000000 0.000003
vn 0.012307 -0.999909 -0.005440
vn 0.000000 -1.000000 0.000000
vn 0.000000 -1.000000 0.000000
vn -0.014786 -0.999891 0.000035
vn -0.013893 -0.999830 -0.012149
vn -0.006184 -0.999922 -0.010809
vn 0.000000 -1.000000 0.000000
vn 0.000000 -1.000000 0.000000
vn 0.000000 -1.000000 0.000000
vn 0.000000 -1.000000 0.000000
vn 0.000000 -1.000000 0.000000
vn 0.000000 -1.000000 0.000000
vn 0.006174 -0.999966 0.005399
vn 0.000039 -0.999868 0.016240
vn -0.004611 -0.999981 0.004071
vn 0.000000 -1.000000 0.000000
vn 0.000000 -1.000000 0.000000
vn 0.000000 -1.000000 0.000000
vn 0.000000 -1.000000 0.000000
vn -0.022180 -0.999754 0.000052
vn -0.012338 -0.999909 -0.005386
vn 0.012279 -0.999792 -0.016264
vn 0.014735 -0.999701 -0.019517
vn 0.004611 -0.999981 -0.004071
vn 0.000000 -1.000000 0.000000
vn 0.000000 -1.000000 0.000000
vn 0.000000 -1.000000 0.000000
vn 0.000000 -1.000000 0.000000
vn -0.018454 -0.999771 0.010864
vn -0.009221 -0.999924 0.008139
vn -0.000038 -0.999868 -0.016240
vn -0.004630 -0.999981 -0.004054
vn 0.000000 -1.000000 0.000000
vn -0.004647 -0.999915 -0.012167
vn -0.022209 -0.999670 -0.012938
vn -0.018529 -0.999595 -0.021606
vn -0.014815 -0.999806 -0.012955
vn -0.046156 -0.998934 0.000099
vn 0.014824 -0.999806 0.012956
vn 0.036945 -0.999307 0.004544
vn 0.018483 -0.999829 -0.000043
vn 0.026402 -0.999651 -0.000061
vn 0.015820 -0.999831 -0.009315
vn 0.018483 -0.999829 -0.000043
vn 0.018483 -0.999829 -0.000043
vn 0.018483 -0.999829 -0.000043
vn 0.024644 -0.999696 -0.000057
vn 0.018483 -0.999829 -0.000042
vn 0.018483 -0.999829 -0.000042
vn 0.000000 -1.000000 0.000000
vn -0.554675 -0.832066 0.001270
vn 0.000000 -1.000000 0.000000
vn 0.004648 -0.999915 0.012167
vn 0.012360 -0.999792 0.016208
vn 0.018521 -0.999697 0.016192
vn 0.000011 -0.999989 0.004642
vn -0.000053 -0.999766 -0.021653
vn -0.012350 -0.999865 -0.010798
vn -0.014820 -0.999806 -0.012958
vn -0.004648 -0.999915 -0.012167
vn 0.000000 -1.000000 0.000000
vn 0.000000 -1.000000 0.000000
vn 0.000000 -1.000000 0.000000
vn 0.000000 -1.000000 0.000000
vn 0.000000 -1.000000 0.000000
vn 0.000000 -1.000000 0.000000
vn 0.000000 -1.000000 0.000000
vn 0.000000 -1.000000 0.000000
vn 0.006132 -0.999922 -0.010839
vn -0.005292 -0.999975 -0.004627
vn 0.000000 -1.000000 0.000000
vn -0.004630 -0.999981 -0.004049
vn 0.006132 -0.999922 -0.010839
vn 0.000000 -1.000000 0.000000
vn 0.000000 -1.000000 0.000000
vn 0.000000 -1.000000 0.000000
vn -0.006174 -0.999966 -0.005399
vn -0.000031 -0.999916 -0.012992
vn -0.015875 -0.999778 -0.013881
vn -0.014799 -0.999870 -0.006457
vn 0.000000 -1.000000 0.000000
vn 0.000000 -1.000000 0.000000
vn 0.000000 -1.000000 0.000000
vn 0.000000 -1.000000 0.000000
vn 0.000000 -1.000000 0.000000
vn 0.000000 -1.000000 0.000000
vn 0.000000 -1.000000 0.000000
vn 0.000000 -1.000000 0.000000
vn 0.000000 -1.000000 0.000000
vn 0.000000 -1.000000 0.000000
vn 0.000000 -1.000000 0.000000
vn 0.000000 -1.000000 0.000000
vn -0.018453 -0.999771 0.010865
vn -0.000016 -0.999985 -0.005414
vn 0.013814 -0.999698 -0.020328
vn 0.000000 -1.000000 0.000000
vn 0.000000 -1.000000 0.000000
vn 0.000000 -1.000000 0.000000
vn 0.000000 -1.000000 0.000000
vn 0.000000 -1.000000 0.000000
vn -0.013831 -0.999830 0.012209
vn -0.022144 -0.999670 0.013037
vn 0.018457 -0.999771 -0.010868
vn 0.010530 -0.999847 -0.013947
vn -0.022209 -0.999670 -0.012938
vn -0.012332 -0.999909 -0.005381
vn 0.000000 -1.000000 0.000000
vn -0.015843 -0.999874 0.000037
vn -0.015843 -0.999874 0.000037
vn -0.022180 -0.999754 0.000051
vn -0.043117 -0.998838 -0.021514
vn -0.014860 -0.999554 -0.025916
vn 0.049187 -0.998730 -0.010900
vn 0.018464 -0.999796 -0.008161
vn 0.022180 -0.999754 -0.000051
vn 0.024633 -0.999682 -0.005471
vn 0.018457 -0.999771 -0.010867
vn 0.014769 -0.999870 -0.006526
vn 0.018483 -0.999829 -0.000043
vn 0.014786 -0.999891 -0.000034
vn 0.014786 -0.999891 -0.000034
vn 0.018501 -0.999796 0.008076
vn 0.000000 -1.000000 0.000000
vn 0.000000 -1.000000 0.000000
vn 0.000000 -1.000000 0.000000
vn 0.000000 -1.000000 0.000000
vn 0.000000 -1.000000 0.000000
vn 0.004648 -0.999915 0.012167
vn 0.018520 -0.999697 0.016192
vn 0.009280 -0.999825 0.016217
vn -0.006136 -0.999922 0.010844
vn -0.000016 -0.999979 -0.006498
vn -0.007409 -0.999952 -0.006477
vn -0.010594 -0.999847 -0.013893
vn -0.007409 -0.999952 -0.006478
vn 0.000000 -1.000000 0.000000
vn 0.000000 -1.000000 0.000000
vn 0.000000 -1.000000 0.000000
vn 0.000000 -1.000000 0.000000
vn 0.000000 -1.000000 0.000000
vn 0.014768 -0.999870 -0.006528
vn -0.000000 -1.000000 -0.000000
vn -0.007413 -0.999952 -0.006482
vn -0.000039 -0.999868 -0.016240
vn -0.000039 -0.999868 -0.016240
vn -0.005292 -0.999975 -0.004627
vn 0.000000 -1.000000 0.000000
vn 0.000000 -1.000000 0.000000
vn 0.000000 -1.000000 0.000000
vn 0.000000 -1.000000 0.000000
vn 0.000000 -1.000000 0.000000
vn -0.014786 -0.999891 0.000035
vn -0.015867 -0.999831 -0.009243
vn -0.006197 -0.999849 -0.016223
vn 0.000000 -1.000000 0.000000
vn 0.000000 -1.000000 0.000000
vn 0.000000 -1.000000 0.000000
vn 0.000000 -1.000000 0.000000
vn 0.000000 -1.000000 0.000000
vn 0.000000 -1.000000 0.000000
vn 0.000000 -1.000000 0.000000
vn 0.000000 -1.000000 0.000000
vn 0.000000 -1.000000 0.000000
vn 0.000000 -1.000000 0.000000
vn -0.009238 -0.999957 0.000022
vn -0.007412 -0.999952 -0.006481
vn 0.036864 -0.998790 -0.032541
vn -0.000051 -0.999766 -0.021648
vn -0.018514 -0.999698 -0.016188
vn 0.000000 -1.000000 0.000000
vn 0.000000 -1.000000 0.000000
vn -0.005270 -0.999975 0.004652
vn -0.012282 -0.999792 0.016268
vn -0.018443 -0.999697 0.016281
vn 0.005279 -0.999986 -0.000009
vn 0.022148 -0.999670 -0.013041
vn 0.006148 -0.999966 -0.005428
vn -0.021085 -0.999680 0.013962
vn -0.015809 -0.999778 0.013956
vn 0.000030 -0.999916 0.012992
vn -0.012286 -0.999792 0.016271
vn -0.012338 -0.999909 -0.005386
vn -0.006199 -0.999849 -0.016227
vn -0.024681 -0.999564 -0.016182
vn -0.015904 -0.999703 -0.018466
vn 0.030807 -0.999468 0.010744
vn 0.014786 -0.999891 -0.000034
vn 0.018483 -0.999829 -0.000043
vn 0.036960 -0.999317 -0.000085
vn 0.018483 -0.999829 -0.000043
vn 0.000000 -1.000000 0.000000
vn 0.018483 -0.999829 -0.000043
vn 0.018483 -0.999829 -0.000043
vn 0.012324 -0.999924 -0.000028
vn 0.018483 -0.999829 -0.000042
vn 0.012318 -0.999924 -0.000028
vn 0.000000 -1.000000 0.000000
vn 0.000000 -1.000000 0.000000
vn 0.000000 -1.000000 0.000000
vn 0.000000 -1.000000 0.000000
vn 0.000000 -1.000000 0.000000
vn 0.009221 -0.999924 -0.008142
vn -0.000000 -1.000000 -0.000000
vn -0.006136 -0.999922 0.010844
vn 0.009280 -0.999825 0.016217
vn 0.006187 -0.999922 0.010813
vn -0.014789 -0.999891 0.000032
vn -0.012306 -0.999909 0.005440
vn 0.007358 -0.999888 -0.013007
vn -0.004630 -0.999981 -0.004049
vn 0.000000 -1.000000 0.000000
vn -0.006119 -0.999849 0.016253
vn 0.000031 -0.999916 0.012992
vn 0.010585 -0.999901 0.009255
vn 0.006177 -0.999966 0.005401
vn 0.010563 -0.999944 -0.000022
vn 0.000016 -0.999979 0.006498
vn -0.005306 -0.999943 -0.009272
vn -0.018520 -0.999697 -0.016193
vn -0.004630 -0.999981 -0.004049
vn 0.000000 -1.000000 0.000000
vn 0.000000 -1.000000 0.000000
vn 0.000000 -1.000000 0.000000
vn 0.000000 -1.000000 0.000000
vn -0.006174 -0.999966 -0.005399
vn -0.000033 -0.999903 -0.013920
vn -0.022209 -0.999670 -0.012937
vn -0.010570 -0.999933 -0.004612
vn 0.000000 -1.000000 0.000000
vn 0.000000 -1.000000 0.000000
vn 0.000000 -1.000000 0.000000
vn 0.000000 -1.000000 0.000000
vn 0.000000 -1.000000 0.000000
vn 0.000000 -1.000000 0.000000
vn 0.000000 -1.000000 0.000000
vn 0.000000 -1.000000 0.000000
vn 0.004611 -0.999981 -0.004071
vn -0.000046 -0.999810 -0.019488
vn 0.012255 -0.999558 -0.027090
vn 0.015803 -0.999778 -0.013950
vn -0.007378 -0.999952 0.006514
vn -0.022177 -0.999754 0.000057
vn -0.010557 -0.999944 0.000025
vn 0.000000 -1.000000 0.000000
vn -0.018483 -0.999829 0.000043
vn -0.014758 -0.999806 0.013029
vn -0.005270 -0.999975 0.004652
vn 0.021123 -0.999777 -0.000049
vn 0.014786 -0.999891 -0.000035
vn -0.021072 -0.999605 0.018600
vn -0.036865 -0.998790 0.032540
vn -0.021063 -0.999508 0.023243
vn 0.000076 -0.999473 0.032476
vn 0.000050 -0.999765 0.021658
vn 0.007437 -0.999783 0.019474
vn 0.000041 -0.999903 0.013895
vn -0.029500 -0.999226 0.026026
vn -0.026431 -0.999608 -0.009217
vn 0.014737 -0.999891 -0.000030
vn 0.036920 -0.999318 -0.000085
vn 0.015820 -0.999831 -0.009315
vn 0.024658 -0.999682 0.005357
vn 0.018483 -0.999829 -0.000043
vn 0.014799 -0.999870 0.006458
vn 0.018464 -0.999796 -0.008161
vn 0.018483 -0.999829 -0.000042
vn 0.012322 -0.999924 -0.000028
vn 0.018483 -0.999829 -0.000042
vn 0.000000 -1.000000 0.000000
vn -0.447198 -0.894434 0.001024
vn 0.000000 -1.000000 0.000000
vn 0.000000 -1.000000 0.000000
vn 0.000000 -1.000000 0.000000
vn 0.013851 -0.999896 -0.004092
vn 0.014752 -0.999806 -0.013026
vn -0.012363 -0.999792 -0.016212
vn -0.012350 -0.999865 -0.010798
vn -0.006198 -0.999849 -0.016223
vn 0.007422 -0.999888 0.012971
vn -0.004589 -0.999915 0.012189
vn 0.018468 -0.999815 -0.005455
vn -0.000036 -0.999916 -0.012995
vn -0.018508 -0.999771 -0.010780
vn -0.012306 -0.999909 0.005440
vn -0.012337 -0.999909 -0.005390
vn 0.010577 -0.999933 0.004616
vn 0.012322 -0.999924 -0.000030
vn 0.007409 -0.999952 0.006478
vn 0.000026 -0.999941 0.010826
vn 0.000039 -0.999868 0.016240
vn 0.014831 -0.999701 0.019451
vn -0.004614 -0.999981 0.004074
vn -0.018483 -0.999829 0.000044
vn 0.000000 -1.000000 0.000000
vn 0.000000 -1.000000 0.000000
vn 0.000000 -1.000000 0.000000
vn 0.000000 -1.000000 0.000000
vn 0.000000 -1.000000 0.000000
vn 0.000000 -1.000000 0.000000
vn -0.010570 -0.999933 -0.004612
vn -0.022209 -0.999670 -0.012937
vn -0.005292 -0.999975 -0.004627
vn 0.000000 -1.000000 0.000000
vn 0.000000 -1.000000 0.000000
vn 0.000000 -1.000000 0.000000
vn 0.000000 -1.000000 0.000000
vn 0.000000 -1.000000 0.000000
vn 0.000000 -1.000000 0.000000
vn 0.006132 -0.999922 -0.010838
vn 0.012285 -0.999792 -0.016272
vn 0.012298 -0.999865 -0.010857
vn 0.005245 -0.999889 -0.013930
vn 0.000000 -1.000000 0.000000
vn -0.015843 -0.999874 0.000037
vn -0.018456 -0.999771 0.010868
vn 0.000000 -1.000000 0.000000
vn -0.004611 -0.999981 0.004071
vn -0.018442 -0.999697 0.016281
vn -0.013851 -0.999896 0.004090
vn 0.000000 -1.000000 0.000000
vn 0.022144 -0.999670 -0.013037
vn 0.004616 -0.999981 -0.004070
vn -0.044326 -0.999017 0.000117
vn -0.021085 -0.999680 0.013962
vn -0.018483 -0.999829 0.000043
vn -0.004614 -0.999981 0.004073
vn 0.000038 -0.999868 0.016240
vn -0.004575 -0.999783 0.020300
vn -0.006087 -0.999616 0.027050
vn 0.007412 -0.999952 0.006482
vn -0.000025 -0.999941 -0.010827
vn 0.006104 -0.999849 -0.016248
vn 0.031671 -0.999487 -0.004710
vn 0.022133 -0.999564 -0.019538
vn 0.018429 -0.999595 -0.021692
vn 0.018429 -0.999595 -0.021692
vn 0.018429 -0.999595 -0.021692
vn 0.014736 -0.999701 -0.019516
vn 0.004611 -0.999981 -0.004071
vn 0.007408 -0.999952 0.006479
vn 0.022177 -0.999754 -0.000046
vn 0.010557 -0.999944 -0.000024
vn -0.554680 -0.832063 0.001270
vn -0.000040 -0.999868 -0.016240
vn -0.000040 -0.999868 -0.016240
vn -0.000040 -0.999868 -0.016240
vn 0.018441 -0.999697 -0.016282
vn 0.018468 -0.999815 -0.005456
vn -0.004631 -0.999981 -0.004049
vn -0.000048 -0.999810 -0.019488
vn -0.012357 -0.999792 -0.016205
vn -0.010602 -0.999772 -0.018530
vn -0.000048 -0.999810 -0.019488
vn 0.014753 -0.999806 -0.013026
vn 0.010539 -0.999901 -0.009305
vn -0.018508 -0.999771 -0.010780
vn -0.018508 -0.999771 -0.010780
vn -0.000026 -0.999941 -0.010826
vn -0.000039 -0.999868 -0.016240
vn 0.007378 -0.999952 -0.006514
vn -0.004611 -0.999981 0.004071
vn 0.000047 -0.999810 0.019488
vn 0.000031 -0.999916 0.012992
vn 0.009262 -0.999924 0.008098
vn 0.000031 -0.999916 0.012992
vn -0.006148 -0.999966 0.005428
vn 0.000000 -1.000000 0.000000
vn 0.000000 -1.000000 0.000000
vn 0.000000 -1.000000 0.000000
vn 0.000000 -1.000000 0.000000
vn 0.000000 -1.000000 0.000000
vn 0.000000 -1.000000 0.000000
vn 0.000000 -1.000000 0.000000
vn -0.018508 -0.999771 -0.010781
vn -0.015864 -0.999831 -0.009240
vn 0.000000 -1.000000 0.000000
vn 0.000000 -1.000000 0.000000
vn 0.000000 -1.000000 0.000000
vn 0.000000 -1.000000 0.000000
vn 0.000000 -1.000000 0.000000
vn 0.013830 -0.999830 -0.012209
vn 0.014738 -0.999701 -0.019522
vn -0.000031 -0.999916 -0.012992
vn 0.006148 -0.999966 -0.005428
vn 0.000000 -1.000000 0.000000
vn 0.000000 -1.000000 0.000000
vn -0.018456 -0.999771 0.010868
vn -0.018483 -0.999829 0.000044
vn 0.000000 -1.000000 0.000000
vn -0.012332 -0.999909 -0.005381
vn -0.018483 -0.999829 0.000043
vn -0.000051 -0.999766 -0.021653
vn 0.010527 -0.999847 -0.013943
vn 0.022144 -0.999670 -0.013037
vn 0.000000 -1.000000 0.000000
vn -0.036943 -0.999234 -0.012891
vn -0.030836 -0.999161 -0.026969
vn -0.004689 -0.999586 -0.028390
vn -0.018574 -0.998645 -0.048617
vn -0.023052 -0.999726 -0.003995
vn 0.000000 -1.000000 0.000000
vn 0.000000 -1.000000 0.000000
vn 0.018483 -0.999829 -0.000043
vn -0.006126 -0.999967 0.005429
vn 0.000025 -0.999941 0.010827
vn 0.044341 -0.998996 0.006389
vn 0.036960 -0.999317 -0.000085
vn 0.018457 -0.999771 -0.010867
vn 0.018483 -0.999829 -0.000043
vn 0.018457 -0.999771 -0.010867
vn 0.000000 -1.000000 0.000000
vn 0.007378 -0.999952 -0.006513
vn 0.012280 -0.999792 -0.016263
vn 0.018438 -0.999698 -0.016274
vn 0.000000 -1.000000 0.000000
vn -0.440673 -0.897646 -0.006276
vn -0.000040 -0.999868 -0.016240
vn -0.000048 -0.999810 -0.019488
vn -0.000027 -0.999941 -0.010826
vn 0.006118 -0.999849 -0.016253
vn 0.000000 -1.000000 0.000000
vn 0.000000 -1.000000 0.000000
vn 0.000000 -1.000000 0.000000
vn 0.000000 -1.000000 0.000000
vn -0.012320 -0.999924 0.000030
vn 0.006136 -0.999922 -0.010844
vn 0.004589 -0.999915 -0.012189
vn 0.000000 -1.000000 0.000000
vn -0.018483 -0.999829 0.000045
vn -0.018483 -0.999829 0.000045
vn 0.000000 -1.000000 0.000000
vn 0.000000 -1.000000 0.000000
vn 0.000000 -1.000000 0.000000
vn -0.018483 -0.999829 0.000045
vn -0.012297 -0.999865 0.010858
vn 0.012363 -0.999792 0.016213
vn 0.018508 -0.999771 0.010780
vn 0.000000 -1.000000 0.000000
vn 0.000000 -1.000000 0.000000
vn 0.000000 -1.000000 0.000000
vn 0.000000 -1.000000 0.000000
vn 0.000000 -1.000000 0.000000
vn 0.000000 -1.000000 0.000000
vn 0.000000 -1.000000 0.000000
vn 0.000000 -1.000000 0.000000
vn 0.000000 -1.000000 0.000000
vn -0.006174 -0.999966 -0.005399
vn -0.012356 -0.999792 -0.016206
vn -0.015869 -0.999778 -0.013875
vn 0.000000 -1.000000 0.000000
vn 0.000000 -1.000000 0.000000
vn 0.000000 -1.000000 0.000000
vn 0.018437 -0.999698 -0.016275
vn 0.012278 -0.999792 -0.016264
vn 0.005270 -0.999975 -0.004653
vn 0.000000 -1.000000 0.000000
vn 0.000000 -1.000000 0.000000
vn 0.000000 -1.000000 0.000000
vn -0.010548 -0.999933 0.004662
vn -0.018456 -0.999771 0.010868
vn -0.006148 -0.999966 0.005428
vn 0.000000 -1.000000 0.000000
vn 0.000000 -1.000000 0.000000
vn -0.005311 -0.999889 -0.013906
vn -0.000025 -0.999941 -0.010826
vn -0.000046 -0.999810 -0.019488
vn 0.004611 -0.999981 -0.004071
vn 0.000000 -1.000000 0.000000
vn -0.010566 -0.999901 -0.009245
vn -0.010625 -0.999557 -0.027790
vn -0.000076 -0.999473 -0.032476
vn -0.036868 -0.999025 -0.024289
vn -0.055223 -0.998474 0.000129
vn 0.000000 -1.000000 0.000000
vn 0.000000 -1.000000 0.000000
vn 0.013870 -0.999896 0.004025
vn -0.018393 -0.999698 0.016280
vn 0.004626 -0.999783 0.020290
vn 0.051691 -0.998663 -0.000120
vn 0.036960 -0.999317 -0.000085
vn 0.015842 -0.999874 -0.000037
vn 0.018483 -0.999829 -0.000043
vn 0.021123 -0.999777 -0.000049
vn 0.000000 -1.000000 0.000000
vn 0.015842 -0.999874 -0.000036
vn 0.018457 -0.999771 -0.010867
vn 0.000000 -1.000000 0.000000
vn 0.010557 -0.999944 -0.000024
vn 0.473497 -0.880794 -0.001084
vn 0.000000 -1.000000 0.000000
vn 0.000000 -1.000000 0.000000
vn 0.000000 -1.000000 0.000000
vn 0.000000 -1.000000 0.000000
vn 0.000000 -1.000000 0.000000
vn 0.000000 -1.000000 0.000000
vn 0.000000 -1.000000 0.000000
vn -0.009237 -0.999957 0.000023
vn 0.000004 -1.000000 0.000004
vn 0.012306 -0.999909 -0.005440
vn 0.000000 -1.000000 0.000000
vn 0.000000 -1.000000 0.000000
vn -0.018483 -0.999829 0.000045
vn -0.018483 -0.999829 0.000045
vn 0.000000 -1.000000 0.000000
vn 0.000000 -1.000000 0.000000
vn 0.000000 -1.000000 0.000000
vn -0.014799 -0.999870 -0.006457
vn -0.018521 -0.999697 -0.016194
vn 0.005259 -0.999943 -0.009295
vn 0.014789 -0.999891 -0.000040
vn 0.014799 -0.999870 0.006457
vn 0.000000 -1.000000 0.000000
vn 0.000000 -1.000000 0.000000
vn 0.000000 -1.000000 0.000000
vn 0.000000 -1.000000 0.000000
vn 0.000000 -1.000000 0.000000
vn 0.000000 -1.000000 0.000000
vn 0.000000 -1.000000 0.000000
vn 0.000000 -1.000000 0.000000
vn 0.000000 -1.000000 0.000000
vn 0.000000 -1.000000 0.000000
vn -0.018504 -0.999771 -0.010777
vn -0.009279 -0.999825 -0.016217
vn -0.000046 -0.999810 -0.019488
vn 0.012278 -0.999792 -0.016264
vn 0.018437 -0.999698 -0.016276
vn 0.000000 -1.000000 0.000000
vn 0.000000 -1.000000 0.000000
vn 0.000000 -1.000000 0.000000
vn 0.000000 -1.000000 0.000000
vn 0.000000 -1.000000 0.000000
vn -0.021101 -0.999734 0.009328
vn -0.018483 -0.999829 0.000044
vn 0.000000 -1.000000 0.000000
vn 0.000000 -1.000000 0.000000
vn 0.000000 -1.000000 0.000000
vn 0.000000 -1.000000 0.000000
vn 0.000000 -1.000000 0.000000
vn 0.000000 -1.000000 0.000000
vn 0.000000 -1.000000 0.000000
vn 0.000000 -1.000000 0.000000
vn 0.000000 -1.000000 0.000000
vn 0.000000 -1.000000 0.000000
vn -0.000019 -0.999967 -0.008116
vn -0.055223 -0.998474 0.000129
vn -0.046104 -0.998642 -0.024250
vn -0.007456 -0.999446 -0.032426
vn -0.000032 -0.999903 -0.013920
vn -0.000038 -0.999868 -0.016240
vn -0.026357 -0.999653 0.000045
vn 0.012249 -0.999911 0.005379
vn 0.067578 -0.997700 0.005227
vn 0.036959 -0.999317 -0.000085
vn 0.024643 -0.999696 -0.000057
vn 0.018483 -0.999829 -0.000043
vn 0.014786 -0.999891 -0.000034
vn 0.000000 -1.000000 0.000000
vn 0.018483 -0.999829 -0.000042
vn 0.018483 -0.999829 -0.000042
vn 0.000000 -1.000000 0.000000
vn 0.000000 -1.000000 0.000000
vn 0.326806 -0.945044 0.009479
vn 0.000000 -1.000000 0.000000
vn 0.000000 -1.000000 0.000000
vn 0.000000 -1.000000 0.000000
vn 0.000000 -1.000000 0.000000
vn 0.000000 -1.000000 0.000000
vn -0.005269 -0.999975 0.004653
vn 0.000026 -0.999941 0.010826
vn 0.006174 -0.999966 0.005398
vn -0.000026 -0.999941 -0.010822
vn 0.000000 -1.000000 0.000000
vn 0.000000 -1.000000 0.000000
vn 0.000000 -1.000000 0.000000
vn -0.012332 -0.999909 -0.005380
vn -0.021142 -0.999734 -0.009224
vn 0.000000 -1.000000 0.000000
vn 0.005269 -0.999975 -0.004653
vn -0.007421 -0.999888 -0.012971
vn 0.000000 -1.000000 0.000000
vn -0.005301 -0.999943 -0.009265
vn -0.000039 -0.999868 -0.016240
vn -0.000039 -0.999868 -0.016240
vn 0.006148 -0.999966 -0.005428
vn 0.000000 -1.000000 0.000000
vn 0.000000 -1.000000 0.000000
vn 0.000000 -1.000000 0.000000
vn 0.000000 -1.000000 0.000000
vn 0.000000 -1.000000 0.000000
vn 0.000000 -1.000000 0.000000
vn 0.000000 -1.000000 0.000000
vn 0.000000 -1.000000 0.000000
vn 0.000000 -1.000000 0.000000
vn 0.000000 -1.000000 0.000000
vn -0.006174 -0.999966 -0.005399
vn -0.000026 -0.999941 -0.010826
vn -0.000046 -0.999810 -0.019488
vn 0.005245 -0.999889 -0.013930
vn 0.000000 -1.000000 0.000000
vn 0.000000 -1.000000 0.000000
vn 0.000000 -1.000000 0.000000
vn 0.000000 -1.000000 0.000000
vn 0.000000 -1.000000 0.000000
vn -0.012307 -0.999909 0.005439
vn -0.012336 -0.999909 -0.005390
vn -0.005304 -0.999943 -0.009269
vn -0.000031 -0.999916 -0.012992
vn -0.007409 -0.999952 -0.006479
vn 0.000000 -1.000000 0.000000
vn 0.000000 -1.000000 0.000000
vn -0.000025 -0.999941 -0.010822
vn 0.005270 -0.999975 -0.004652
vn -0.000046 -0.999810 -0.019488
vn -0.000030 -0.999916 -0.012992
vn -0.004630 -0.999981 -0.004049
vn 0.000000 -1.000000 0.000000
vn 0.000000 -1.000000 0.000000
vn -0.030744 -0.999470 -0.010741
vn -0.018549 -0.999303 -0.032404
vn -0.014869 -0.999133 -0.038892
vn -0.012386 -0.999397 -0.032433
vn -0.009278 -0.999661 -0.024337
vn -0.067506 -0.997704 0.005527
vn 0.029494 -0.999482 0.012900
vn 0.068427 -0.997656 -0.000158
vn 0.036959 -0.999317 -0.000085
vn 0.014786 -0.999891 -0.000034
vn 0.012332 -0.999909 0.005382
vn 0.021141 -0.999734 0.009226
vn 0.000000 -1.000000 0.000000
vn 0.018483 -0.999829 -0.000042
vn 0.018507 -0.999771 0.010782
vn 0.000000 -1.000000 0.000000
vn 0.000000 -1.000000 0.000000
vn 0.316219 -0.948686 -0.000724
vn -0.000040 -0.999868 -0.016240
vn -0.005292 -0.999975 -0.004627
vn 0.005269 -0.999975 -0.004653
vn -0.000040 -0.999868 -0.016240
vn -0.000020 -0.999967 -0.008121
vn -0.022222 -0.999564 -0.019428
vn 0.000000 -1.000000 0.000007
vn 0.014768 -0.999870 -0.006528
vn 0.000000 -1.000000 0.000000
vn 0.000000 -1.000000 0.000000
vn 0.000000 -1.000000 0.000000
vn 0.000000 -1.000000 0.000000
vn 0.000000 -1.000000 0.000000
vn -0.015870 -0.999778 -0.013874
vn -0.012356 -0.999792 -0.016205
vn 0.014737 -0.999701 -0.019522
vn -0.000039 -0.999868 -0.016240
vn -0.010594 -0.999847 -0.013893
vn -0.006174 -0.999966 -0.005399
vn 0.000000 -1.000000 0.000000
vn 0.000000 -1.000000 0.000000
vn 0.000000 -1.000000 0.000000
vn 0.000000 -1.000000 0.000000
vn 0.000000 -1.000000 0.000000
vn 0.000000 -1.000000 0.000000
vn 0.000000 -1.000000 0.000000
vn 0.000000 -1.000000 0.000000
vn 0.000000 -1.000000 0.000000
vn 0.000000 -1.000000 0.000000
vn 0.000000 -1.000000 0.000000
vn 0.000000 -1.000000 0.000000
vn 0.000000 -1.000000 0.000000
vn 0.000000 -1.000000 0.000000
vn 0.000000 -1.000000 0.000000
vn 0.000000 -1.000000 0.000000
vn 0.000000 -1.000000 0.000000
vn 0.000000 -1.000000 0.000000
vn 0.000000 -1.000000 0.000000
vn 0.000000 -1.000000 0.000000
vn 0.000000 -1.000000 0.000000
vn 0.000000 -1.000000 0.000000
vn -0.007409 -0.999952 -0.006479
vn -0.000031 -0.999916 -0.012992
vn -0.000033 -0.999903 -0.013920
vn -0.012362 -0.999792 -0.016213
vn -0.010595 -0.999847 -0.013897
vn -0.000046 -0.999810 -0.019488
vn 0.010527 -0.999847 -0.013943
vn -0.000038 -0.999868 -0.016240
vn -0.000030 -0.999903 -0.013922
vn 0.014758 -0.999806 -0.013029
vn -0.010595 -0.999847 -0.013897
vn -0.012361 -0.999792 -0.016214
vn -0.000025 -0.999941 -0.010826
vn -0.007408 -0.999952 -0.006479
vn -0.004630 -0.999981 -0.004049
vn -0.018518 -0.999697 -0.016194
vn -0.018501 -0.999796 -0.008075
vn -0.000038 -0.999868 -0.016240
vn -0.036942 -0.999187 -0.016143
vn -0.073682 -0.997266 0.005570
vn -0.000221 -0.999989 0.004608
vn 0.085756 -0.996303 0.005163
vn 0.036959 -0.999317 -0.000085
vn 0.018501 -0.999796 0.008076
vn 0.000000 -1.000000 0.000000
vn 0.021141 -0.999734 0.009226
vn 0.014798 -0.999870 0.006458
vn 0.004630 -0.999981 0.004049
vn 0.018518 -0.999697 0.016195
vn 0.013870 -0.999896 0.004026
vn 0.000000 -1.000000 0.000000
vn -0.447203 -0.894432 0.001024
vn -0.027746 -0.999583 -0.008053
vn -0.014786 -0.999891 0.000036
vn 0.014786 -0.999891 -0.000036
vn -0.000000 -1.000000 -0.000000
vn 0.000000 -1.000000 -0.000000
vn 0.000003 -1.000000 0.000003
vn -0.012362 -0.999792 -0.016205
vn 0.000000 -1.000000 0.000000
vn 0.000000 -1.000000 0.000000
vn 0.000000 -1.000000 0.000000
vn 0.000000 -1.000000 0.000000
vn 0.000000 -1.000000 0.000000
vn 0.000000 -1.000000 0.000000
vn 0.000000 -1.000000 0.000000
vn -0.006197 -0.999849 -0.016223
vn 0.005256 -0.999943 -0.009290
vn -0.007409 -0.999952 -0.006478
vn -0.010593 -0.999847 -0.013893
vn -0.014831 -0.999701 -0.019451
vn -0.000039 -0.999868 -0.016240
vn -0.000026 -0.999941 -0.010826
vn -0.006197 -0.999849 -0.016223
vn 0.000000 -1.000000 0.000000
vn 0.000000 -1.000000 0.000000
vn 0.000000 -1.000000 0.000000
vn 0.000000 -1.000000 0.000000
vn 0.000000 -1.000000 0.000000
vn 0.000000 -1.000000 0.000000
vn 0.000000 -1.000000 0.000000
vn 0.000000 -1.000000 0.000000
vn 0.000000 -1.000000 0.000000
vn 0.006148 -0.999966 -0.005428
vn -0.000046 -0.999810 -0.019488
vn -0.000033 -0.999903 -0.013920
vn -0.000039 -0.999868 -0.016240
vn -0.004630 -0.999981 -0.004049
vn 0.000000 -1.000000 0.000000
vn 0.000000 -1.000000 0.000000
vn 0.000000 -1.000000 0.000000
vn 0.000000 -1.000000 0.000000
vn 0.000000 -1.000000 0.000000
vn 0.000000 -1.000000 0.000000
vn 0.000000 -1.000000 0.000000
vn -0.007378 -0.999952 0.006514
vn -0.006149 -0.999966 0.005429
vn 0.000015 -0.999979 0.006498
vn -0.000000 -1.000000 0.000000
vn -0.000000 -1.000000 0.000000
vn 0.000019 -0.999967 0.008123
vn 0.000000 -1.000000 0.000000
vn 0.009242 -0.999957 -0.000022
vn -0.007408 -0.999952 -0.006479
vn -0.006147 -0.999966 0.005426
vn -0.015844 -0.999874 0.000031
vn -0.014754 -0.999806 0.013024
vn 0.000050 -0.999766 0.021653
vn -0.018456 -0.999771 0.010868
vn -0.012307 -0.999909 0.005439
vn 0.000000 -1.000000 0.000000
vn -0.036909 -0.999319 0.000086
vn -0.068501 -0.997557 -0.013717
vn 0.018198 -0.998648 -0.048703
vn 0.073552 -0.997193 -0.014006
vn 0.021135 -0.999766 0.004592
vn 0.022208 -0.999670 0.012938
vn 0.012332 -0.999909 0.005382
vn 0.014786 -0.999891 -0.000034
vn 0.018483 -0.999829 -0.000043
vn 0.000000 -1.000000 0.000000
vn 0.013870 -0.999896 0.004026
vn 0.022204 -0.999670 0.012934
vn 0.000000 -1.000000 0.000000
vn 0.000000 -1.000000 0.000000
vn -0.024666 -0.999638 -0.010760
vn -0.018508 -0.999771 -0.010779
vn 0.000000 -1.000000 -0.000000
vn 0.000027 -0.999941 0.010826
vn 0.000027 -0.999941 0.010829
vn 0.000032 -0.999916 0.012992
vn -0.000022 -0.999967 -0.008119
vn -0.000040 -0.999868 -0.016240
vn -0.000020 -0.999967 -0.008121
vn -0.000040 -0.999868 -0.016240
vn -0.000040 -0.999868 -0.016240
vn -0.004648 -0.999915 -0.012167
vn 0.000000 -1.000000 0.000000
vn 0.000000 -1.000000 0.000000
vn 0.000000 -1.000000 0.000000
vn 0.000000 -1.000000 0.000000
vn 0.000000 -1.000000 0.000000
vn 0.000000 -1.000000 0.000000
vn -0.006184 -0.999922 -0.010809
vn -0.000039 -0.999868 -0.016240
vn -0.000052 -0.999766 -0.021653
vn -0.014815 -0.999806 -0.012954
vn -0.012359 -0.999792 -0.016209
vn -0.000039 -0.999868 -0.016240
vn -0.000039 -0.999868 -0.016240
vn -0.000045 -0.999828 -0.018560
vn -0.000026 -0.999941 -0.010826
vn -0.000047 -0.999810 -0.019488
vn -0.000044 -0.999828 -0.018560
vn -0.000026 -0.999941 -0.010826
vn -0.000052 -0.999766 -0.021653
vn 0.012297 -0.999865 -0.010858
vn 0.014757 -0.999806 -0.013029
vn -0.000039 -0.999868 -0.016240
vn -0.010596 -0.999847 -0.013897
vn -0.018483 -0.999829 0.000044
vn 0.000000 -1.000000 0.000000
vn 0.000000 -1.000000 0.000000
vn 0.000000 -1.000000 0.000000
vn 0.000000 -1.000000 0.000000
vn 0.000000 -1.000000 0.000000
vn 0.000000 -1.000000 0.000000
vn 0.000000 -1.000000 0.000000
vn -0.010570 -0.999933 -0.004612
vn -0.015832 -0.999864 0.004686
vn 0.000046 -0.999810 0.019488
vn 0.000038 -0.999868 0.016240
vn 0.000033 -0.999903 0.013920
vn 0.000038 -0.999868 0.016240
vn 0.013892 -0.999830 0.012149
vn 0.014786 -0.999891 -0.000035
vn -0.021081 -0.999734 0.009326
vn -0.018397 -0.999302 0.032513
vn -0.010494 -0.999557 0.027863
vn -0.018428 -0.999595 0.021692
vn -0.007329 -0.999635 0.025998
vn 0.004649 -0.999783 0.020286
vn -0.007420 -0.999888 -0.012972
vn 0.000000 -1.000000 0.000000
vn -0.032308 -0.999470 -0.003976
vn -0.036942 -0.999234 -0.012891
vn 0.018379 -0.999598 -0.021607
vn 0.036959 -0.999317 -0.000086
vn 0.021144 -0.999734 0.009229
vn 0.018483 -0.999829 -0.000043
vn 0.018483 -0.999829 -0.000043
vn 0.018483 -0.999829 -0.000043
vn 0.014818 -0.999806 0.012960
vn 0.004646 -0.999915 0.012167
vn 0.000000 -1.000000 0.000000
vn 0.018503 -0.999771 0.010779
vn 0.013887 -0.999830 0.012145
vn -0.554687 -0.832058 0.001270
vn 0.000000 -1.000000 0.000000
vn -0.013889 -0.999830 -0.012142
vn -0.014816 -0.999806 -0.012953
vn -0.000053 -0.999766 -0.021653
vn -0.000034 -0.999903 -0.013920
vn 0.014732 -0.999701 -0.019518
vn 0.012277 -0.999792 -0.016265
vn -0.010605 -0.999772 -0.018534
vn -0.000040 -0.999868 -0.016240
vn 0.010515 -0.999772 -0.018585
vn -0.000040 -0.999868 -0.016240
vn -0.012356 -0.999792 -0.016205
vn -0.014827 -0.999701 -0.019446
vn -0.000034 -0.999903 -0.013920
vn -0.006174 -0.999966 -0.005399
vn 0.000000 -1.000000 0.000000
vn 0.000000 -1.000000 0.000000
vn 0.000000 -1.000000 0.000000
vn 0.000000 -1.000000 0.000000
vn 0.000000 -1.000000 0.000000
vn 0.000000 -1.000000 0.000000
vn -0.006174 -0.999966 -0.005399
vn -0.000039 -0.999868 -0.016240
vn -0.000039 -0.999868 -0.016240
vn -0.004651 -0.999915 -0.012171
vn 0.000000 -1.000000 0.000000
vn 0.004610 -0.999981 -0.004075
vn -0.000047 -0.999810 -0.019488
vn -0.000026 -0.999941 -0.010826
vn -0.000052 -0.999766 -0.021653
vn -0.000031 -0.999916 -0.012992
vn -0.000039 -0.999868 -0.016240
vn 0.005270 -0.999975 -0.004653
vn 0.000000 -1.000000 0.000000
vn -0.022179 -0.999754 0.000053
vn -0.022179 -0.999754 0.000053
vn 0.000000 -1.000000 0.000000
vn 0.000000 -1.000000 0.000000
vn 0.000000 -1.000000 0.000000
vn 0.000000 -1.000000 0.000000
vn 0.000000 -1.000000 0.000000
vn 0.000000 -1.000000 0.000000
vn 0.000000 -1.000000 0.000000
vn 0.000000 -1.000000 0.000000
vn -0.018504 -0.999771 -0.010777
vn -0.009278 -0.999825 -0.016218
vn -0.000031 -0.999916 -0.012992
vn -0.007408 -0.999952 -0.006479
vn 0.000000 -1.000000 0.000000
vn 0.018483 -0.999829 -0.000043
vn 0.018483 -0.999829 -0.000043
vn -0.029526 -0.999564 0.000069
vn -0.027701 -0.999616 0.000065
vn -0.007392 -0.999973 0.000022
vn -0.015829 -0.999864 0.004678
vn -0.014771 -0.999870 0.006534
vn 0.030756 -0.999512 -0.005501
vn 0.014727 -0.999870 -0.006553
vn -0.013887 -0.999830 -0.012144
vn -0.022179 -0.999754 0.000051
vn -0.044349 -0.998933 -0.012868
vn -0.009235 -0.999925 0.008095
vn 0.022270 -0.998726 0.045289
vn 0.036965 -0.998953 0.026940
vn 0.029584 -0.999542 0.006424
vn 0.018501 -0.999796 0.008076
vn 0.007408 -0.999952 0.006479
vn 0.000037 -0.999868 0.016240
vn 0.018506 -0.999771 0.010782
vn 0.012332 -0.999909 0.005382
vn 0.006173 -0.999966 0.005399
vn 0.018506 -0.999771 0.010782
vn -0.540454 -0.841310 0.010344
vn 0.000000 -1.000000 0.000000
vn 0.000000 -1.000000 0.000000
vn -0.004648 -0.999915 -0.012167
vn -0.000032 -0.999916 -0.012992
vn -0.000048 -0.999810 -0.019488
vn 0.004589 -0.999915 -0.012189
vn 0.000000 -1.000000 0.000000
vn 0.000000 -1.000000 0.000000
vn -0.000020 -0.999967 -0.008116
vn 0.000000 -1.000000 0.000000
vn 0.000000 -1.000000 0.000000
vn 0.000000 -1.000000 0.000000
vn -0.004648 -0.999915 -0.012167
vn -0.014819 -0.999806 -0.012958
vn -0.018483 -0.999829 0.000045
vn 0.000000 -1.000000 0.000000
vn 0.000000 -1.000000 0.000000
vn 0.000000 -1.000000 0.000000
vn 0.000000 -1.000000 0.000000
vn -0.006132 -0.999922 0.010839
vn 0.006197 -0.999849 0.016223
vn 0.000000 -1.000000 0.000000
vn 0.000000 -1.000000 0.000000
vn 0.000000 -1.000000 0.000000
vn -0.018483 -0.999829 0.000044
vn -0.009245 -0.999957 0.000022
vn 0.018483 -0.999829 -0.000044
vn 0.009237 -0.999957 -0.000022
vn 0.000000 -1.000000 0.000000
vn 0.000000 -1.000000 0.000000
vn 0.000000 -1.000000 0.000000
vn 0.000000 -1.000000 0.000000
vn 0.000000 -1.000000 0.000000
vn 0.000000 -1.000000 0.000000
vn -0.018483 -0.999829 0.000044
vn -0.015842 -0.999875 0.000038
vn 0.000000 -1.000000 0.000000
vn 0.000000 -1.000000 0.000000
vn 0.000000 -1.000000 0.000000
vn 0.000000 -1.000000 0.000000
vn 0.000000 -1.000000 0.000000
vn 0.000000 -1.000000 0.000000
vn 0.000000 -1.000000 0.000000
vn 0.000000 -1.000000 0.000000
vn -0.007409 -0.999952 -0.006479
vn -0.000031 -0.999916 -0.012992
vn -0.009278 -0.999825 -0.016218
vn -0.012358 -0.999792 -0.016210
vn -0.000030 -0.999916 -0.012992
vn 0.014738 -0.999701 -0.019521
vn 0.018468 -0.999815 -0.005454
vn -0.023096 -0.999725 -0.004004
vn -0.018518 -0.999697 -0.016194
vn -0.010600 -0.999772 -0.018532
vn -0.018513 -0.999698 -0.016189
vn -0.006196 -0.999849 -0.016223
vn 0.022109 -0.999417 -0.026025
vn 0.013816 -0.999830 -0.012213
vn -0.022208 -0.999670 -0.012938
vn -0.029584 -0.999542 -0.006423
vn -0.032369 -0.999403 -0.012100
vn -0.055403 -0.998335 -0.016087
vn 0.009169 -0.999926 0.008038
vn 0.073695 -0.997152 0.016026
vn 0.027757 -0.999484 0.016170
vn 0.018518 -0.999697 0.016195
vn 0.013887 -0.999830 0.012144
vn 0.000000 -1.000000 0.000000
vn 0.014786 -0.999891 -0.000034
vn 0.018501 -0.999796 0.008076
vn 0.000000 -1.000000 0.000000
vn 0.014798 -0.999870 0.006458
vn 0.347506 -0.937631 0.009356
vn 0.000000 -1.000000 0.000000
vn 0.000000 -1.000000 0.000000
vn 0.000000 -1.000000 0.000000
vn 0.000000 -1.000000 0.000000
vn 0.000000 -1.000000 0.000000
vn 0.000000 -1.000000 0.000000
vn 0.000000 -1.000000 0.000000
vn 0.000000 -1.000000 0.000000
vn 0.000000 -1.000000 0.000000
vn 0.000000 -1.000000 0.000000
vn 0.000000 -1.000000 0.000000
vn 0.000000 -1.000000 0.000000
vn 0.000000 -1.000000 0.000000
vn -0.021097 -0.999734 0.009326
vn -0.014768 -0.999870 0.006528
vn 0.000020 -0.999967 0.008116
vn 0.000000 -1.000000 0.000000
vn 0.000000 -1.000000 0.000000
vn -0.013829 -0.999830 0.012210
vn -0.006134 -0.999922 0.010843
vn 0.018483 -0.999829 -0.000045
vn 0.009237 -0.999957 -0.000022
vn 0.000000 -1.000000 0.000000
vn 0.000000 -1.000000 0.000000
vn -0.006174 -0.999966 -0.005399
vn -0.000031 -0.999916 -0.012992
vn 0.009201 -0.999825 -0.016261
vn -0.000047 -0.999810 -0.019488
vn -0.000026 -0.999941 -0.010826
vn -0.005311 -0.999889 -0.013905
vn 0.000000 -1.000000 0.000000
vn 0.000000 -1.000000 0.000000
vn 0.000000 -1.000000 0.000000
vn -0.006148 -0.999966 0.005428
vn -0.018456 -0.999771 0.010869
vn -0.012337 -0.999909 -0.005383
vn 0.000000 -1.000000 0.000000
vn 0.000000 -1.000000 0.000000
vn -0.007378 -0.999952 0.006514
vn 0.000031 -0.999916 0.012992
vn 0.005292 -0.999975 0.004628
vn 0.000000 -1.000000 0.000000
vn 0.000000 -1.000000 0.000000
vn 0.000000 -1.000000 0.000000
vn 0.000000 -1.000000 0.000000
vn 0.000000 -1.000000 0.000000
vn 0.000000 -1.000000 0.000000
vn -0.007420 -0.999888 -0.012972
vn -0.000038 -0.999868 -0.016240
vn 0.007359 -0.999888 -0.013006
vn 0.000000 -1.000000 0.000000
vn -0.014786 -0.999891 0.000035
vn -0.013892 -0.999830 -0.012149
vn -0.000038 -0.999868 -0.016240
vn -0.021178 -0.999390 -0.027781
vn -0.000040 -0.999828 -0.018558
vn 0.022144 -0.999670 -0.013037
vn 0.000000 -1.000000 0.000000
vn -0.014786 -0.999891 0.000034
vn -0.026415 -0.999641 -0.004579
vn -0.014814 -0.999806 -0.012955
vn -0.037002 -0.998791 -0.032359
vn -0.036940 -0.998983 -0.025872
vn 0.036952 -0.998953 0.026957
vn 0.049242 -0.998555 0.021520
vn 0.018506 -0.999771 0.010782
vn 0.014814 -0.999806 0.012956
vn 0.013869 -0.999896 0.004026
vn 0.006173 -0.999966 0.005399
vn 0.018517 -0.999697 0.016195
vn 0.012357 -0.999792 0.016210
vn 0.005291 -0.999975 0.004628
vn 0.326805 -0.945044 0.009479
vn -0.009222 -0.999924 0.008143
vn 0.000040 -0.999868 0.016240
vn 0.000040 -0.999868 0.016240
vn 0.004630 -0.999981 0.004049
vn 0.000000 -1.000000 0.000000
vn 0.000000 -1.000000 0.000000
vn 0.000000 -1.000000 0.000000
vn 0.000000 -1.000000 0.000000
vn 0.000000 -1.000000 0.000000
vn 0.000023 -0.999957 0.009275
vn 0.000000 -1.000000 0.000000
vn 0.000000 -1.000000 0.000000
vn -0.013850 -0.999896 0.004091
vn -0.024600 -0.999565 0.016295
vn -0.014733 -0.999701 0.019518
vn 0.000051 -0.999810 0.019485
vn 0.018494 -0.999815 0.005365
vn -0.010548 -0.999933 0.004663
vn -0.012336 -0.999909 -0.005390
vn 0.007377 -0.999952 -0.006513
vn 0.015805 -0.999778 -0.013954
vn 0.000000 -1.000000 0.000000
vn 0.000000 -1.000000 0.000000
vn 0.000000 -1.000000 0.000000
vn 0.000000 -1.000000 0.000000
vn 0.006132 -0.999922 -0.010839
vn 0.012284 -0.999792 -0.016272
vn 0.014757 -0.999806 -0.013029
vn -0.004651 -0.999915 -0.012171
vn -0.018482 -0.999829 0.000044
vn -0.010557 -0.999944 0.000025
vn 0.000000 -1.000000 0.000000
vn 0.000000 -1.000000 0.000000
vn -0.018482 -0.999829 0.000044
vn -0.004633 -0.999981 -0.004051
vn -0.000039 -0.999868 -0.016240
vn -0.009278 -0.999825 -0.016217
vn -0.007420 -0.999888 -0.012971
vn -0.012332 -0.999909 -0.005381
vn 0.000003 -1.000000 0.000003
vn 0.018482 -0.999829 -0.000044
vn 0.000019 -0.999967 0.008116
vn 0.000000 -1.000000 0.000000
vn 0.000000 -1.000000 0.000000
vn 0.000000 -1.000000 0.000000
vn 0.000000 -1.000000 0.000000
vn 0.000000 -1.000000 0.000000
vn 0.000000 -1.000000 0.000000
vn 0.000000 -1.000000 0.000000
vn 0.000000 -1.000000 0.000000
vn 0.000000 -1.000000 0.000000
vn -0.005291 -0.999975 -0.004628
vn -0.000038 -0.999868 -0.016240
vn -0.000043 -0.999828 -0.018560
vn -0.014814 -0.999806 -0.012955
vn -0.015902 -0.999487 -0.027799
vn 0.006123 -0.999849 -0.016256
vn -0.000045 -0.999810 -0.019488
vn -0.018501 -0.999796 -0.008075
vn -0.018503 -0.999771 -0.010778
vn -0.007408 -0.999952 -0.006479
vn -0.012354 -0.999792 -0.016207
vn -0.066369 -0.997274 -0.032251
vn -0.004630 -0.999916 -0.012118
vn 0.066362 -0.997609 0.019299
vn 0.018506 -0.999771 0.010782
vn 0.026415 -0.999641 0.004580
vn 0.007410 -0.999952 0.006481
vn 0.000030 -0.999916 0.012992
vn 0.013874 -0.999896 0.004029
vn 0.014788 -0.999891 -0.000029
vn 0.012307 -0.999909 -0.005438
vn 0.316221 -0.948685 -0.000724
vn -0.036959 -0.999317 0.000091
vn -0.013833 -0.999830 0.012216
vn 0.018511 -0.999771 0.010783
vn 0.014786 -0.999891 -0.000036
vn 0.000000 -1.000000 0.000000
vn 0.000000 -1.000000 0.000000
vn 0.000000 -1.000000 0.000000
vn 0.000000 -1.000000 0.000000
vn -0.012317 -0.999924 0.000030
vn 0.000000 -1.000000 -0.000000
vn 0.010557 -0.999944 -0.000026
vn 0.000000 -1.000000 0.000000
vn -0.018482 -0.999829 0.000045
vn -0.036959 -0.999317 0.000090
vn -0.018482 -0.999829 0.000045
vn 0.024643 -0.999696 -0.000060
vn 0.012321 -0.999924 -0.000030
vn -0.006174 -0.999966 -0.005399
vn -0.000039 -0.999868 -0.016240
vn 0.004589 -0.999915 -0.012189
vn 0.000000 -1.000000 0.000000
vn 0.006148 -0.999966 -0.005428
vn -0.000034 -0.999903 -0.013920
vn -0.000039 -0.999868 -0.016240
vn 0.009201 -0.999825 -0.016261
vn 0.014737 -0.999701 -0.019522
vn -0.000031 -0.999916 -0.012992
vn 0.004611 -0.999981 -0.004071
vn -0.018482 -0.999829 0.000044
vn -0.018462 -0.999796 0.008163
vn 0.000000 -1.000000 0.000000
vn 0.000000 -1.000000 0.000000
vn 0.000000 -1.000000 0.000000
vn -0.005292 -0.999975 -0.004627
vn -0.000039 -0.999868 -0.016240
vn -0.000022 -0.999957 -0.009282
vn -0.000026 -0.999941 -0.010826
vn -0.012368 -0.999690 -0.021620
vn -0.014826 -0.999701 -0.019447
vn -0.010593 -0.999847 -0.013894
vn -0.006160 -0.999981 0.000011
vn -0.000004 -1.000000 -0.000004
vn 0.012317 -0.999924 -0.000029
vn 0.000000 -1.000000 0.000000
vn 0.000000 -1.000000 0.000000
vn 0.000000 -1.000000 0.000000
vn 0.000000 -1.000000 0.000000
vn 0.000000 -1.000000 0.000000
vn 0.000000 -1.000000 0.000000
vn 0.000000 -1.000000 0.000000
vn 0.000000 -1.000000 0.000000
vn 0.000000 -1.000000 0.000000
vn 0.000000 -1.000000 0.000000
vn 0.000000 -1.000000 0.000000
vn -0.006173 -0.999966 -0.005399
vn -0.000038 -0.999868 -0.016240
vn -0.000038 -0.999868 -0.016240
vn -0.014818 -0.999806 -0.012960
vn -0.024635 -0.999682 -0.005344
vn -0.024628 -0.999682 0.005473
vn -0.012305 -0.999909 0.005443
vn 0.000000 -1.000000 0.000029
vn -0.036913 -0.999189 -0.016068
vn -0.029615 -0.999040 -0.032273
vn 0.012253 -0.999910 -0.005412
vn 0.032368 -0.999403 0.012101
vn 0.029584 -0.999542 0.006424
vn 0.012339 -0.999909 0.005385
vn 0.000000 -1.000000 0.000007
vn 0.024641 -0.999696 -0.000057
vn 0.018482 -0.999829 -0.000042
vn 0.007408 -0.999952 0.006479
vn -0.447206 -0.894430 0.001024
vn -0.036930 -0.999258 0.010910
vn -0.014767 -0.999870 0.006529
vn 0.012321 -0.999924 -0.000030
vn 0.024643 -0.999696 -0.000060
vn 0.000000 -1.000000 0.000000
vn 0.005244 -0.999889 -0.013931
vn -0.000032 -0.999916 -0.012992
vn -0.006174 -0.999966 -0.005398
vn 0.000000 -1.000000 0.000000
vn -0.000020 -0.999967 -0.008116
vn 0.000000 -1.000000 0.000000
vn 0.000000 -1.000000 0.000000
vn -0.012332 -0.999909 -0.005380
vn -0.026434 -0.999555 -0.013851
vn -0.018519 -0.999697 -0.016192
vn -0.000031 -0.999903 -0.013922
vn 0.018482 -0.999829 -0.000045
vn 0.000000 -1.000000 0.000000
vn 0.000000 -1.000000 0.000000
vn 0.006148 -0.999966 -0.005428
vn -0.000026 -0.999941 -0.010826
vn 0.014737 -0.999701 -0.019522
vn 0.012281 -0.999792 -0.016268
vn -0.000039 -0.999868 -0.016240
vn -0.000031 -0.999916 -0.012992
vn 0.006148 -0.999966 -0.005428
vn 0.000000 -1.000000 0.000000
vn -0.006119 -0.999849 0.016253
vn -0.015821 -0.999831 0.009319
vn -0.018482 -0.999829 0.000044
vn 0.000000 -1.000000 0.000000
vn 0.000000 -1.000000 0.000000
vn 0.000000 -1.000000 0.000000
vn 0.000000 -1.000000 0.000000
vn 0.000000 -1.000000 0.000000
vn 0.000000 -1.000000 0.000000
vn 0.000000 -1.000000 0.000000
vn 0.000000 -1.000000 0.000000
vn -0.013887 -0.999830 -0.012143
vn -0.018518 -0.999697 -0.016193
vn -0.009278 -0.999825 -0.016217
vn 0.007359 -0.999888 -0.013006
vn 0.000000 -1.000000 0.000000
vn 0.000000 -1.000000 0.000000
vn 0.000000 -1.000000 0.000000
vn 0.000000 -1.000000 0.000000
vn 0.000000 -1.000000 0.000000
vn 0.000000 -1.000000 0.000000
vn 0.000000 -1.000000 0.000000
vn 0.000000 -1.000000 0.000000
vn 0.000000 -1.000000 0.000000
vn 0.000000 -1.000000 0.000000
vn 0.000000 -1.000000 0.000000
vn 0.000000 -1.000000 0.000000
vn 0.000000 -1.000000 0.000000
vn 0.000000 -1.000000 0.000000
vn 0.000000 -1.000000 0.000000
vn -0.006173 -0.999966 -0.005399
vn -0.030775 -0.999512 -0.005321
vn -0.044321 -0.998997 -0.006363
vn 0.005195 -0.999890 -0.013893
vn -0.006255 -0.999615 -0.027016
vn -0.026388 -0.999609 -0.009204
vn -0.022208 -0.999670 -0.012938
vn -0.000034 -0.999868 -0.016240
vn 0.024791 -0.999174 0.032196
vn 0.022208 -0.999670 0.012939
vn 0.021160 -0.999605 0.018505
vn 0.010583 -0.999901 0.009261
vn 0.000037 -0.999868 0.016240
vn 0.018517 -0.999697 0.016195
vn 0.014814 -0.999806 0.012956
vn -0.305718 -0.952059 0.011010
vn -0.018477 -0.999829 0.000045
vn 0.000000 -1.000000 0.000000
vn 0.024612 -0.999638 -0.010881
vn 0.010548 -0.999934 -0.004663
vn 0.012317 -0.999924 -0.000030
vn 0.014801 -0.999870 0.006463
vn -0.012337 -0.999909 -0.005389
vn -0.012306 -0.999909 0.005440
vn 0.000000 -1.000000 0.000000
vn 0.000000 -1.000000 0.000000
vn 0.000000 -1.000000 0.000000
vn 0.000000 -1.000000 0.000000
vn 0.000000 -1.000000 0.000000
vn -0.022205 -0.999670 -0.012931
vn -0.018501 -0.999796 -0.008073
vn -0.000031 -0.999916 -0.012992
vn 0.006148 -0.999966 -0.005428
vn 0.000000 -1.000000 0.000000
vn 0.005269 -0.999975 -0.004653
vn 0.018441 -0.999697 -0.016282
vn 0.009200 -0.999825 -0.016262
vn 0.007358 -0.999888 -0.013007
vn 0.000000 -1.000000 0.000000
vn 0.000000 -1.000000 0.000000
vn 0.000000 -1.000000 0.000000
vn 0.000000 -1.000000 0.000000
vn -0.015829 -0.999864 0.004675
vn -0.018441 -0.999697 0.016281
vn 0.000033 -0.999903 0.013920
vn -0.006148 -0.999966 0.005428
vn 0.000000 -1.000000 0.000000
vn 0.000000 -1.000000 0.000000
vn 0.000000 -1.000000 0.000000
vn 0.000000 -1.000000 0.000000
vn 0.000000 -1.000000 0.000000
vn 0.000000 -1.000000 0.000000
vn 0.000000 -1.000000 0.000000
vn 0.000000 -1.000000 0.000000
vn 0.000000 -1.000000 0.000000
vn -0.006196 -0.999849 -0.016223
vn -0.012355 -0.999792 -0.016206
vn -0.010601 -0.999772 -0.018531
vn -0.000038 -0.999868 -0.016240
vn -0.004630 -0.999981 -0.004049
vn 0.000000 -1.000000 0.000000
vn 0.000000 -1.000000 0.000000
vn 0.000000 -1.000000 0.000000
vn 0.000000 -1.000000 0.000000
vn 0.000000 -1.000000 0.000000
vn 0.000000 -1.000000 0.000000
vn 0.000000 -1.000000 0.000000
vn 0.000000 -1.000000 0.000000
vn 0.000000 -1.000000 0.000000
vn 0.000000 -1.000000 0.000000
vn 0.000000 -1.000000 0.000000
vn 0.000000 -1.000000 0.000000
vn 0.000000 -1.000000 0.000000
vn -0.009209 -0.999826 0.016211
vn -0.014801 -0.999870 -0.006465
vn -0.018522 -0.999464 -0.027007
vn 0.006052 -0.999616 -0.027040
vn -0.018482 -0.999829 0.000043
vn -0.029574 -0.999479 -0.012911
vn -0.018517 -0.999697 -0.016195
vn -0.042905 -0.999021 -0.010753
vn 0.000000 -1.000000 -0.000000
vn 0.041440 -0.998936 0.020239
vn 0.018517 -0.999697 0.016195
vn 0.012357 -0.999792 0.016210
vn 0.013891 -0.999830 0.012150
vn 0.018482 -0.999829 -0.000042
vn 0.013886 -0.999830 0.012145
vn -0.420437 -0.907186 0.015697
vn -0.024686 -0.999462 -0.021581
vn 0.005223 -0.999717 -0.023207
vn 0.022105 -0.999417 -0.026028
vn -0.000048 -0.999810 -0.019488
vn -0.000023 -0.999957 -0.009282
vn 0.007392 -0.999973 -0.000023
vn -0.009240 -0.999957 0.000023
vn 0.000000 -1.000000 0.000000
vn 0.000023 -0.999957 0.009275
vn 0.000000 -1.000000 0.000000
vn 0.000000 -1.000000 0.000000
vn 0.000000 -1.000000 0.000000
vn 0.000000 -1.000000 0.000000
vn -0.018482 -0.999829 0.000045
vn -0.014819 -0.999806 -0.012958
vn -0.000045 -0.999828 -0.018560
vn -0.000031 -0.999916 -0.012992
vn -0.000039 -0.999868 -0.016240
vn 0.018441 -0.999697 -0.016282
vn 0.015805 -0.999778 -0.013954
vn 0.000000 -1.000000 0.000000
vn 0.000000 -1.000000 0.000000
vn 0.000000 -1.000000 0.000000
vn 0.000000 -1.000000 0.000000
vn 0.000000 -1.000000 0.000000
vn -0.006148 -0.999966 0.005428
vn -0.018441 -0.999697 0.016281
vn -0.013850 -0.999896 0.004091
vn 0.000000 -1.000000 0.000000
vn 0.000000 -1.000000 0.000000
vn 0.000000 -1.000000 0.000000
vn 0.000000 -1.000000 0.000000
vn 0.000000 -1.000000 0.000000
vn 0.000000 -1.000000 0.000000
vn 0.000000 -1.000000 0.000000
vn 0.000000 -1.000000 0.000000
vn 0.000000 -1.000000 0.000000
vn 0.000000 -1.000000 0.000000
vn 0.000000 -1.000000 0.000000
vn -0.004611 -0.999981 0.004071
vn 0.000038 -0.999868 0.016240
vn -0.006147 -0.999966 0.005434
vn -0.009244 -0.999957 0.000022
vn -0.018482 -0.999829 0.000044
vn 0.000000 -1.000000 0.000000
vn 0.000000 -1.000000 0.000000
vn 0.000000 -1.000000 0.000000
vn 0.000000 -1.000000 0.000000
vn 0.000000 -1.000000 0.000000
vn 0.000000 -1.000000 0.000000
vn 0.000000 -1.000000 0.000000
vn 0.000000 -1.000000 0.000000
vn 0.000000 -1.000000 0.000000
vn 0.000000 -1.000000 0.000000
vn 0.000000 -1.000000 0.000000
vn 0.000000 -1.000000 0.000000
vn -0.029474 -0.999481 0.013016
vn -0.000000 -1.000000 -0.000059
vn 0.022123 -0.999755 -0.000103
vn -0.010595 -0.999847 -0.013897
vn -0.012348 -0.999865 -0.010800
vn -0.022196 -0.999733 -0.006445
vn -0.013891 -0.999830 -0.012150
vn -0.018517 -0.999697 -0.016195
vn -0.024677 -0.999565 -0.016178
vn -0.018582 -0.999536 -0.024133
vn 0.000041 -0.999810 0.019485
vn 0.030853 -0.999160 0.026982
vn 0.021149 -0.999680 0.013864
vn 0.018482 -0.999829 -0.000042
vn 0.013891 -0.999830 0.012150
vn 0.007419 -0.999888 0.012972
vn 0.012341 -0.999866 0.010793
vn -0.000053 -0.999766 -0.021653
vn 0.007327 -0.999635 -0.025997
vn 0.018417 -0.999533 -0.024400
vn -0.014847 -0.999553 -0.025946
vn -0.007441 -0.999783 -0.019469
vn 0.010514 -0.999772 -0.018585
vn -0.014815 -0.999806 -0.012953
vn -0.018497 -0.999796 -0.008061
vn -0.000040 -0.999869 -0.016206
vn 0.005238 -0.999889 -0.013920
vn 0.000000 -1.000000 0.000000
vn 0.000000 -1.000000 0.000000
vn 0.000000 -1.000000 0.000000
vn -0.004630 -0.999981 -0.004049
vn -0.000047 -0.999810 -0.019488
vn -0.000031 -0.999916 -0.012992
vn -0.000045 -0.999828 -0.018560
vn -0.000026 -0.999941 -0.010826
vn 0.006119 -0.999849 -0.016253
vn 0.000000 -1.000000 0.000000
vn 0.000000 -1.000000 0.000000
vn 0.000000 -1.000000 0.000000
vn 0.000000 -1.000000 0.000000
vn 0.000000 -1.000000 0.000000
vn 0.000000 -1.000000 0.000000
vn -0.015819 -0.999831 0.009316
vn -0.018455 -0.999771 0.010869
vn 0.000000 -1.000000 0.000000
vn 0.000000 -1.000000 0.000000
vn 0.000000 -1.000000 0.000000
vn 0.000000 -1.000000 0.000000
vn 0.000000 -1.000000 0.000000
vn 0.000000 -1.000000 0.000000
vn 0.000000 -1.000000 0.000000
vn 0.000000 -1.000000 0.000000
vn 0.000000 -1.000000 0.000000
vn 0.000000 -1.000000 0.000000
vn 0.000000 -1.000000 0.000000
vn 0.000000 -1.000000 0.000000
vn -0.018482 -0.999829 0.000044
vn -0.013854 -0.999896 0.004097
vn 0.000046 -0.999810 0.019488
vn 0.000026 -0.999941 0.010826
vn -0.006148 -0.999966 0.005428
vn 0.000000 -1.000000 0.000000
vn 0.000000 -1.000000 0.000000
vn 0.000000 -1.000000 0.000000
vn 0.000000 -1.000000 0.000000
vn 0.000000 -1.000000 0.000000
vn 0.000000 -1.000000 0.000000
vn 0.000000 -1.000000 0.000000
vn 0.000000 -1.000000 0.000000
vn 0.000000 -1.000000 0.000000
vn 0.005246 -0.999889 -0.013930
vn -0.000025 -0.999941 -0.010826
vn -0.007408 -0.999952 -0.006479
vn -0.010566 -0.999901 -0.009245
vn 0.006100 -0.999615 -0.027057
vn 0.005222 -0.999814 -0.018566
vn -0.006173 -0.999966 -0.005399
vn -0.014818 -0.999806 -0.012960
vn -0.021135 -0.999766 -0.004592
vn -0.000030 -0.999916 -0.012992
vn -0.021163 -0.999605 -0.018508
vn -0.030827 -0.999467 -0.010753
vn -0.036958 -0.999317 0.000085
vn -0.018509 -0.999771 -0.010786
vn 0.013886 -0.999830 0.012143
vn 0.037013 -0.998790 0.032369
vn 0.018528 -0.999595 0.021607
vn 0.000075 -0.999473 0.032476
vn 0.015891 -0.999605 0.023161
vn -0.295078 -0.955234 0.021359
vn -0.000027 -0.999941 -0.010826
vn 0.006118 -0.999849 -0.016253
vn 0.012332 -0.999909 0.005380
vn -0.006172 -0.999966 -0.005403
vn -0.006173 -0.999966 -0.005397
vn 0.000000 -1.000000 0.000000
vn -0.021099 -0.999734 0.009330
vn 0.000000 -1.000000 -0.000000
vn 0.015795 -0.999606 -0.023212
vn -0.018507 -0.999771 -0.010780
vn -0.012332 -0.999909 -0.005380
vn 0.000000 -1.000000 0.000000
vn 0.000000 -1.000000 0.000000
vn 0.000000 -1.000000 0.000000
vn 0.000000 -1.000000 0.000000
vn 0.000000 -1.000000 0.000000
vn 0.000000 -1.000000 0.000000
vn 0.000000 -1.000000 0.000000
vn 0.000000 -1.000000 0.000000
vn 0.000000 -1.000000 0.000000
vn 0.000000 -1.000000 0.000000
vn 0.000000 -1.000000 0.000000
vn 0.000000 -1.000000 0.000000
vn 0.000000 -1.000000 0.000000
vn -0.014767 -0.999870 0.006528
vn -0.018482 -0.999829 0.000044
vn -0.006148 -0.999966 0.005428
vn 0.000000 -1.000000 0.000000
vn 0.000000 -1.000000 0.000000
vn 0.000000 -1.000000 0.000000
vn 0.000000 -1.000000 0.000000
vn 0.000000 -1.000000 0.000000
vn 0.000000 -1.000000 0.000000
vn 0.000000 -1.000000 0.000000
vn 0.000000 -1.000000 0.000000
vn 0.000000 -1.000000 0.000000
vn 0.000000 -1.000000 0.000000
vn 0.000000 -1.000000 0.000000
vn 0.000000 -1.000000 0.000000
vn -0.004630 -0.999981 -0.004049
vn -0.022208 -0.999670 -0.012937
vn -0.012332 -0.999909 -0.005381
vn 0.000000 -1.000000 0.000000
vn 0.000019 -0.999967 0.008116
vn 0.000000 -1.000000 0.000000
vn 0.000000 -1.000000 0.000000
vn 0.000000 -1.000000 0.000000
vn 0.006120 -0.999849 -0.016252
vn -0.000030 -0.999916 -0.012992
vn 0.004571 -0.999783 -0.020299
vn -0.000061 -0.999663 -0.025953
vn -0.006222 -0.999615 -0.027037
vn 0.012278 -0.999792 -0.016264
vn 0.006227 -0.999923 0.010766
vn -0.012336 -0.999909 -0.005391
vn -0.010548 -0.999934 0.004662
vn 0.000000 -1.000000 0.000000
vn 0.018456 -0.999771 -0.010868
vn -0.000026 -0.999916 -0.012995
vn -0.018493 -0.999815 -0.005367
vn -0.013869 -0.999896 -0.004025
vn -0.018517 -0.999697 -0.016194
vn -0.005291 -0.999975 -0.004628
vn -0.014786 -0.999891 0.000034
vn -0.036958 -0.999317 0.000085
vn -0.027728 -0.999583 -0.008048
vn -0.012326 -0.999924 0.000028
vn -0.018482 -0.999829 0.000043
vn 0.015892 -0.999606 0.023156
vn 0.018547 -0.999302 0.032428
vn 0.015901 -0.999487 0.027800
vn 0.022203 -0.999670 0.012934
vn 0.012341 -0.999866 0.010793
vn 0.000040 -0.999868 0.016240
vn 0.000040 -0.999868 0.016240
vn 0.000040 -0.999868 0.016240
vn 0.000040 -0.999868 0.016240
vn 0.006184 -0.999922 0.010809
vn -0.014767 -0.999870 0.006528
vn -0.012311 -0.999909 0.005442
vn 0.012311 -0.999909 -0.005442
vn 0.012306 -0.999909 -0.005440
vn -0.014786 -0.999891 0.000036
vn -0.021144 -0.999734 -0.009227
vn 0.000000 -1.000000 0.000000
vn 0.000000 -1.000000 0.000000
vn 0.000000 -1.000000 0.000000
vn 0.000000 -1.000000 0.000000
vn 0.000000 -1.000000 0.000000
vn 0.000000 -1.000000 0.000000
vn 0.000000 -1.000000 0.000000
vn 0.000000 -1.000000 0.000000
vn 0.000000 -1.000000 0.000000
vn 0.000000 -1.000000 0.000000
vn 0.000000 -1.000000 0.000000
vn 0.000000 -1.000000 0.000000
vn 0.000000 -1.000000 0.000000
vn -0.009242 -0.999957 0.000022
vn -0.018482 -0.999829 0.000044
vn -0.009237 -0.999957 0.000022
vn 0.000000 -1.000000 0.000000
vn 0.000000 -1.000000 0.000000
vn 0.000000 -1.000000 0.000000
vn 0.000000 -1.000000 0.000000
vn 0.000000 -1.000000 0.000000
vn 0.000000 -1.000000 0.000000
vn 0.000000 -1.000000 0.000000
vn 0.000000 -1.000000 0.000000
vn 0.000000 -1.000000 0.000000
vn 0.000000 -1.000000 0.000000
vn 0.000000 -1.000000 0.000000
vn 0.000000 -1.000000 0.000000
vn 0.000000 -1.000000 0.000000
vn -0.014786 -0.999891 0.000035
vn -0.018482 -0.999829 0.000044
vn -0.018467 -0.999815 0.005454
vn 0.007428 -0.999888 0.012974
vn 0.012332 -0.999909 0.005381
vn 0.000000 -1.000000 0.000000
vn 0.014768 -0.999870 -0.006527
vn 0.018482 -0.999829 -0.000043
vn -0.000051 -0.999766 -0.021653
vn 0.014753 -0.999806 -0.013024
vn -0.000038 -0.999868 -0.016223
vn -0.018518 -0.999697 -0.016194
vn -0.021067 -0.999767 0.004643
vn -0.007348 -0.999952 0.006489
vn 0.004598 -0.999981 -0.004077
vn -0.000038 -0.999868 -0.016240
vn 0.009202 -0.999825 -0.016261
vn 0.018442 -0.999697 -0.016280
vn -0.013855 -0.999896 0.004091
vn -0.014786 -0.999891 0.000034
vn 0.000000 -1.000000 0.000000
vn -0.018500 -0.999796 -0.008076
vn -0.018482 -0.999829 0.000043
vn -0.015842 -0.999875 0.000037
vn -0.026406 -0.999651 0.000061
vn -0.036908 -0.999319 0.000085
vn -0.030736 -0.999468 0.010905
vn -0.013850 -0.999896 0.004093
vn 0.000000 -1.000000 -0.000000
vn 0.013907 -0.999698 0.020269
vn 0.018517 -0.999697 0.016195
vn 0.036990 -0.999185 0.016144
vn -0.225624 -0.974078 0.016338
vn 0.000040 -0.999868 0.016240
vn 0.000040 -0.999868 0.016240
vn 0.009279 -0.999825 0.016217
vn 0.000028 -0.999916 0.012995
vn 0.006187 -0.999922 0.010814
vn -0.006153 -0.999966 0.005427
vn -0.000036 -0.999916 -0.012995
vn 0.010553 -0.999933 -0.004665
vn 0.005312 -0.999889 0.013905
vn -0.007409 -0.999952 -0.006478
vn -0.014815 -0.999806 -0.012954
vn -0.013888 -0.999830 -0.012143
vn 0.000000 -1.000000 0.000000
vn 0.000000 -1.000000 0.000000
vn 0.000000 -1.000000 0.000000
vn 0.000000 -1.000000 0.000000
vn 0.000000 -1.000000 0.000000
vn 0.005255 -0.999943 -0.009290
vn -0.007409 -0.999952 -0.006479
vn 0.000000 -1.000000 0.000000
vn 0.000000 -1.000000 0.000000
vn 0.000000 -1.000000 0.000000
vn -0.005245 -0.999889 0.013931
vn 0.000031 -0.999916 0.012992
vn -0.012284 -0.999792 0.016272
vn -0.015818 -0.999831 0.009316
vn 0.000000 -1.000000 0.000000
vn 0.000000 -1.000000 0.000000
vn 0.000000 -1.000000 0.000000
vn 0.000000 -1.000000 0.000000
vn 0.000000 -1.000000 0.000000
vn 0.000000 -1.000000 0.000000
vn 0.000000 -1.000000 0.000000
vn 0.000000 -1.000000 0.000000
vn 0.000000 -1.000000 0.000000
vn 0.000000 -1.000000 0.000000
vn 0.000000 -1.000000 0.000000
vn 0.000000 -1.000000 0.000000
vn -0.006132 -0.999922 0.010838
vn 0.000044 -0.999828 0.018560
vn -0.018455 -0.999771 0.010868
vn -0.006189 -0.999922 -0.010817
vn -0.014814 -0.999806 -0.012955
vn -0.012363 -0.999792 -0.016210
vn 0.021087 -0.999680 -0.013966
vn -0.006123 -0.999967 0.005413
vn 0.006173 -0.999966 0.005399
vn 0.014814 -0.999806 0.012955
vn 0.013887 -0.999830 0.012144
vn 0.007408 -0.999952 0.006479
vn 0.000025 -0.999941 0.010826
vn -0.018456 -0.999771 0.010868
vn -0.010576 -0.999901 -0.009261
vn 0.018401 -0.999464 -0.027073
vn -0.000038 -0.999868 -0.016240
vn -0.000043 -0.999828 -0.018560
vn -0.006174 -0.999966 -0.005400
vn -0.006132 -0.999922 0.010839
vn -0.012279 -0.999792 0.016264
vn -0.006148 -0.999966 0.005428
vn 0.000000 -1.000000 0.000000
vn -0.018482 -0.999829 0.000043
vn -0.018482 -0.999829 0.000043
vn -0.024642 -0.999696 0.000057
vn -0.029583 -0.999542 -0.006424
vn -0.036954 -0.999307 -0.004560
vn -0.014813 -0.999806 -0.012956
vn -0.007408 -0.999952 -0.006479
vn -0.010573 -0.999933 -0.004614
vn -0.000004 -1.000000 -0.000004
vn 0.023109 -0.999725 0.004005
vn 0.018531 -0.999595 0.021611
vn 0.707155 -0.706737 0.021345
vn 0.000000 -1.000000 0.000000
vn 0.000000 -1.000000 0.000000
vn 0.007377 -0.999952 -0.006515
vn 0.007392 -0.999973 -0.000023
vn 0.000009 -0.999989 0.004639
vn 0.010586 -0.999901 0.009255
vn -0.007378 -0.999952 0.006515
vn -0.012263 -0.999690 0.021679
vn 0.022176 -0.999754 -0.000050
vn 0.009237 -0.999957 -0.000023
vn -0.006174 -0.999966 -0.005399
vn -0.018519 -0.999697 -0.016192
vn -0.015851 -0.999864 -0.004599
vn 0.005244 -0.999889 -0.013931
vn -0.000039 -0.999868 -0.016240
vn -0.000039 -0.999868 -0.016240
vn 0.009200 -0.999825 -0.016262
vn -0.006193 -0.999922 -0.010814
vn -0.012321 -0.999924 0.000030
vn 0.000000 -1.000000 0.000000
vn 0.000000 -1.000000 0.000000
vn -0.013829 -0.999830 0.012210
vn -0.018441 -0.999697 0.016282
vn 0.000039 -0.999868 0.016240
vn 0.000031 -0.999916 0.012992
vn -0.006148 -0.999966 0.005428
vn 0.000000 -1.000000 0.000000
vn 0.000000 -1.000000 0.000000
vn 0.000000 -1.000000 0.000000
vn 0.000000 -1.000000 0.000000
vn 0.000000 -1.000000 0.000000
vn 0.000000 -1.000000 0.000000
vn 0.000000 -1.000000 0.000000
vn 0.000000 -1.000000 0.000000
vn 0.000000 -1.000000 0.000000
vn 0.000000 -1.000000 0.000000
vn 0.000000 -1.000000 0.000000
vn -0.009237 -0.999957 0.000022
vn -0.012321 -0.999924 0.000029
vn -0.000015 -0.999979 -0.006498
vn 0.006162 -0.999981 -0.000011
vn 0.006162 -0.999981 -0.000011
vn -0.018507 -0.999771 -0.010785
vn 0.010521 -0.999772 -0.018588
vn -0.018470 -0.999771 -0.010793
vn -0.014736 -0.999891 0.000030
vn 0.012332 -0.999909 0.005381
vn 0.006173 -0.999966 0.005399
vn 0.018482 -0.999829 -0.000043
vn 0.012331 -0.999909 0.005381
vn 0.000000 -1.000000 0.000000
vn -0.005291 -0.999975 -0.004628
vn -0.000038 -0.999868 -0.016240
vn 0.000000 -1.000000 0.000000
vn 0.000025 -0.999941 0.010826
vn 0.000038 -0.999868 0.016240
vn -0.024546 -0.999331 0.027098
vn -0.018397 -0.999303 0.032490
vn 0.000100 -0.999064 0.043253
vn 0.000050 -0.999766 0.021626
vn 0.012327 -0.999866 0.010787
vn -0.021122 -0.999777 0.000049
vn -0.018482 -0.999829 0.000043
vn -0.010569 -0.999934 -0.004613
vn -0.022207 -0.999670 -0.012938
vn -0.024676 -0.999565 -0.016178
vn -0.032368 -0.999403 -0.012101
vn -0.012321 -0.999924 0.000028
vn -0.006173 -0.999966 -0.005399
vn 0.012282 -0.999792 -0.016267
vn -0.000037 -0.999868 -0.016240
vn 0.000053 -0.999903 0.013911
vn 0.316307 -0.948450 0.019818
vn 0.000000 -1.000000 0.000000
vn 0.000000 -1.000000 0.000000
vn 0.012321 -0.999924 -0.000030
vn 0.005260 -0.999943 -0.009297
vn -0.012362 -0.999792 -0.016212
vn 0.007392 -0.999973 -0.000023
vn -0.009220 -0.999924 0.008142
vn 0.012317 -0.999924 -0.000030
vn 0.024638 -0.999696 -0.000060
vn 0.000000 -1.000000 0.000000
vn 0.000000 -1.000000 0.000000
vn -0.013870 -0.999896 -0.004024
vn -0.000039 -0.999868 -0.016240
vn 0.018440 -0.999697 -0.016282
vn -0.000039 -0.999868 -0.016240
vn -0.004651 -0.999915 -0.012171
vn 0.000016 -0.999979 0.006498
vn -0.006150 -0.999966 0.005431
vn -0.022178 -0.999754 0.000054
vn 0.000000 -1.000000 0.000000
vn -0.009237 -0.999957 0.000022
vn -0.022176 -0.999754 0.000058
vn -0.006148 -0.999966 0.005428
vn 0.000000 -1.000000 0.000000
vn 0.000000 -1.000000 0.000000
vn 0.000000 -1.000000 0.000000
vn 0.000000 -1.000000 0.000000
vn 0.000000 -1.000000 0.000000
vn 0.006119 -0.999849 -0.016253
vn -0.000031 -0.999916 -0.012992
vn -0.004630 -0.999981 -0.004049
vn 0.000000 -1.000000 0.000000
vn 0.000000 -1.000000 0.000000
vn 0.000000 -1.000000 0.000000
vn 0.000000 -1.000000 0.000000
vn 0.000000 -1.000000 0.000000
vn 0.006132 -0.999922 -0.010838
vn -0.006173 -0.999966 -0.005399
vn -0.006183 -0.999922 -0.010809
vn -0.000046 -0.999810 -0.019488
vn -0.004648 -0.999915 -0.012171
vn -0.014801 -0.999870 -0.006465
vn 0.006162 -0.999981 -0.000011
vn 0.006162 -0.999981 -0.000011
vn -0.006150 -0.999966 0.005430
vn -0.029574 -0.999479 -0.012910
vn 0.005270 -0.999975 -0.004652
vn 0.012306 -0.999909 -0.005439
vn 0.012336 -0.999909 0.005391
vn 0.006174 -0.999966 0.005400
vn 0.006173 -0.999966 0.005399
vn -0.006148 -0.999966 0.005428
vn 0.000025 -0.999941 0.010826
vn -0.007380 -0.999952 0.006515
vn -0.015811 -0.999778 0.013959
vn 0.000032 -0.999903 0.013920
vn -0.036865 -0.999187 0.016315
vn -0.026359 -0.999555 0.013974
vn -0.014747 -0.999806 0.013025
vn 0.018516 -0.999304 0.032393
vn 0.036962 -0.998793 0.032336
vn -0.014753 -0.999806 0.013024
vn -0.013873 -0.999896 -0.004027
vn -0.007378 -0.999952 0.006513
vn -0.018482 -0.999829 0.000043
vn -0.030788 -0.999511 0.005481
vn -0.036958 -0.999317 0.000085
vn -0.021122 -0.999777 0.000049
vn 0.000000 -1.000000 0.000000
vn 0.014786 -0.999891 -0.000034
vn -0.009203 -0.999958 0.000021
vn -0.018432 -0.999830 0.000042
vn 0.600705 -0.799387 0.011573
vn 0.000000 -1.000000 0.000000
vn 0.000000 -1.000000 0.000000
vn 0.022178 -0.999754 -0.000054
vn 0.010552 -0.999933 -0.004667
vn -0.000040 -0.999868 -0.016240
vn -0.013893 -0.999830 -0.012148
vn -0.007411 -0.999952 -0.006480
vn -0.000032 -0.999916 -0.012992
vn 0.015854 -0.999864 0.004597
vn 0.012332 -0.999909 0.005380
vn 0.000000 -1.000000 0.000000
vn 0.000000 -1.000000 0.000000
vn -0.006184 -0.999922 -0.010809
vn 0.006147 -0.999966 -0.005428
vn 0.000000 -1.000000 0.000000
vn -0.018482 -0.999829 0.000045
vn -0.014756 -0.999806 0.013030
vn -0.005236 -0.999814 0.018574
vn -0.006122 -0.999849 0.016256
vn 0.000039 -0.999868 0.016240
vn 0.000052 -0.999766 0.021653
vn -0.022176 -0.999754 0.000058
vn -0.009237 -0.999957 0.000022
vn 0.000000 -1.000000 0.000000
vn 0.000000 -1.000000 0.000000
vn 0.000000 -1.000000 0.000000
vn 0.004589 -0.999915 -0.012189
vn 0.006134 -0.999922 -0.010843
vn 0.022176 -0.999754 -0.000057
vn -0.012362 -0.999792 -0.016213
vn -0.018482 -0.999829 0.000044
vn 0.000000 -1.000000 0.000000
vn 0.000000 -1.000000 0.000000
vn 0.000000 -1.000000 0.000000
vn 0.000000 -1.000000 0.000000
vn 0.013829 -0.999830 -0.012209
vn -0.000035 -0.999916 -0.012995
vn -0.018507 -0.999771 -0.010781
vn 0.000000 -1.000000 0.000000
vn 0.000000 -1.000000 0.000000
vn -0.006148 -0.999966 0.005428
vn -0.007392 -0.999973 0.000022
vn -0.000011 -0.999989 -0.004643
vn -0.012336 -0.999909 -0.005390
vn 0.000015 -0.999979 0.006498
vn -0.009242 -0.999957 0.000022
vn 0.000000 -1.000000 0.000000
vn 0.005291 -0.999975 0.004628
vn 0.007410 -0.999952 0.006480
vn 0.010576 -0.999933 0.004617
vn 0.018482 -0.999829 -0.000043
vn -0.010570 -0.999934 -0.004612
vn 0.000000 -1.000000 0.000007
vn -0.005304 -0.999943 -0.009266
vn -0.018503 -0.999771 -0.010778
vn 0.000000 -1.000000 0.000000
vn -0.012327 -0.999866 -0.010787
vn -0.021141 -0.999391 -0.027748
vn -0.029569 -0.999228 -0.025866
vn -0.000100 -0.999064 -0.043253
vn 0.018465 -0.999829 -0.000072
vn 0.015881 -0.999703 0.018511
vn -0.000004 -1.000000 0.000004
vn -0.030812 -0.999511 -0.005339
vn -0.018456 -0.999771 0.010867
vn -0.021122 -0.999777 0.000049
vn -0.036958 -0.999317 0.000085
vn -0.014817 -0.999806 -0.012960
vn -0.005291 -0.999975 -0.004628
vn 0.006173 -0.999966 0.005399
vn 0.000000 -1.000000 0.000007
vn -0.030730 -0.999513 0.005464
vn 0.274196 -0.961674 -0.000684
vn 0.000000 -1.000000 0.000000
vn 0.000000 -1.000000 0.000000
vn 0.015851 -0.999864 0.004598
vn 0.018519 -0.999697 0.016192
vn 0.004630 -0.999981 0.004049
vn -0.018482 -0.999829 0.000045
vn -0.006193 -0.999922 -0.010814
vn -0.004654 -0.999915 -0.012171
vn 0.007396 -0.999973 -0.000018
vn 0.015842 -0.999875 -0.000039
vn 0.000000 -1.000000 0.000000
vn 0.000000 -1.000000 0.000000
vn 0.000000 -1.000000 0.000000
vn 0.000000 -1.000000 0.000000
vn 0.000000 -1.000000 0.000000
vn -0.022142 -0.999670 0.013039
vn -0.013850 -0.999896 0.004091
vn -0.018482 -0.999829 0.000045
vn -0.013834 -0.999830 0.012215
vn 0.006188 -0.999922 0.010815
vn -0.000000 -1.000000 -0.000000
vn -0.004629 -0.999981 -0.004053
vn -0.000039 -0.999868 -0.016240
vn -0.000045 -0.999828 -0.018560
vn -0.000026 -0.999941 -0.010826
vn 0.012264 -0.999690 -0.021678
vn 0.006162 -0.999981 -0.000011
vn -0.006187 -0.999922 -0.010815
vn 0.007381 -0.999952 -0.006516
vn -0.005289 -0.999986 0.000013
vn -0.014818 -0.999806 -0.012959
vn -0.000033 -0.999903 -0.013920
vn -0.006174 -0.999966 -0.005399
vn 0.000000 -1.000000 0.000000
vn 0.010538 -0.999901 -0.009303
vn 0.022176 -0.999754 -0.000057
vn -0.000026 -0.999941 -0.010829
vn -0.018506 -0.999771 -0.010781
vn -0.012332 -0.999909 -0.005381
vn 0.000000 -1.000000 0.000000
vn -0.014785 -0.999891 0.000035
vn -0.005261 -0.999943 0.009297
vn 0.010573 -0.999933 0.004614
vn -0.000031 -0.999916 -0.012992
vn -0.012361 -0.999792 -0.016213
vn -0.018482 -0.999829 0.000043
vn 0.000000 -1.000000 0.000000
vn 0.000000 -1.000000 0.000000
vn 0.014785 -0.999891 -0.000035
vn 0.015822 -0.999831 -0.009318
vn 0.005270 -0.999975 -0.004652
vn 0.000000 -1.000000 0.000000
vn -0.000025 -0.999941 -0.010822
vn 0.000025 -0.999941 0.010822
vn -0.022203 -0.999670 -0.012933
vn -0.030662 -0.999398 0.016236
vn 0.009244 -0.999925 0.008089
vn 0.000000 -1.000000 0.000000
vn -0.009265 -0.999662 -0.024294
vn -0.000075 -0.999474 -0.032441
vn -0.010627 -0.999418 -0.032417
vn -0.007437 -0.999636 -0.025947
vn 0.000008 -0.999989 0.004638
vn -0.022165 -0.999733 0.006548
vn -0.018482 -0.999829 0.000043
vn -0.018482 -0.999829 0.000043
vn -0.026414 -0.999641 -0.004579
vn -0.010591 -0.999847 -0.013894
vn -0.018517 -0.999697 -0.016195
vn 0.009202 -0.999825 -0.016260
vn -0.000037 -0.999868 -0.016240
vn -0.023135 -0.999527 -0.020238
vn 0.707232 -0.706555 -0.024553
vn 0.000000 -1.000000 0.000000
vn 0.000000 -1.000000 0.000000
vn 0.000000 -1.000000 0.000000
vn 0.018482 -0.999829 -0.000045
vn 0.018482 -0.999829 -0.000045
vn -0.004630 -0.999981 -0.004049
vn 0.007358 -0.999888 -0.013007
vn -0.012332 -0.999909 -0.005380
vn -0.007429 -0.999888 -0.012973
vn 0.018467 -0.999815 -0.005455
vn 0.000000 -1.000000 0.000000
vn 0.000000 -1.000000 0.000000
vn 0.000000 -1.000000 0.000000
vn 0.000000 -1.000000 0.000000
vn -0.013829 -0.999830 0.012210
vn -0.022142 -0.999670 0.013039
vn 0.000000 -1.000000 0.000000
vn -0.018482 -0.999829 0.000045
vn -0.012362 -0.999792 -0.016213
vn 0.014752 -0.999806 -0.013025
vn 0.010515 -0.999772 -0.018585
vn -0.000026 -0.999941 -0.010826
vn -0.000045 -0.999828 -0.018560
vn -0.000039 -0.999868 -0.016240
vn -0.000045 -0.999828 -0.018560
vn -0.010576 -0.999933 -0.004617
vn -0.018440 -0.999697 0.016281
vn 0.012358 -0.999792 0.016209
vn 0.013873 -0.999896 0.004029
vn -0.012323 -0.999924 0.000029
vn -0.000016 -0.999979 -0.006498
vn -0.010554 -0.999933 0.004667
vn -0.014785 -0.999891 0.000035
vn 0.010557 -0.999944 -0.000025
vn -0.007381 -0.999952 0.006516
vn 0.006217 -0.999615 0.027043
vn 0.010629 -0.999418 0.032416
vn -0.018395 -0.999303 0.032480
vn -0.009215 -0.999925 0.008127
vn 0.000000 -1.000000 0.000000
vn -0.018482 -0.999829 0.000044
vn -0.006176 -0.999966 -0.005401
vn 0.006162 -0.999981 -0.000018
vn 0.014825 -0.999701 0.019447
vn -0.013834 -0.999830 0.012214
vn -0.007410 -0.999952 -0.006481
vn -0.000038 -0.999868 -0.016240
vn -0.000031 -0.999916 -0.012992
vn 0.010553 -0.999933 -0.004666
vn 0.018482 -0.999829 -0.000043
vn 0.000000 -1.000000 0.000000
vn 0.000000 -1.000000 0.000000
vn -0.012306 -0.999909 0.005439
vn -0.000004 -1.000000 -0.000004
vn -0.027574 -0.999620 0.000064
vn -0.014616 -0.999893 0.000069
vn 0.036833 -0.998982 -0.026028
vn -0.000032 -0.999903 -0.013920
vn -0.006195 -0.999849 -0.016224
vn 0.000000 -1.000000 0.000000
vn 0.000000 -1.000000 0.000000
vn -0.018500 -0.999796 -0.008076
vn -0.014785 -0.999891 0.000034
vn -0.018482 -0.999829 0.000043
vn -0.018506 -0.999771 -0.010782
vn -0.018482 -0.999829 0.000043
vn -0.015842 -0.999875 0.000036
vn 0.000000 -1.000000 0.000000
vn -0.006195 -0.999849 -0.016224
vn -0.000025 -0.999941 -0.010826
vn -0.000021 -0.999957 -0.009282
vn -0.018517 -0.999697 -0.016195
vn -0.018517 -0.999697 -0.016195
vn 0.000000 -1.000000 0.000000
vn 0.000000 -1.000000 0.000000
vn 0.012305 -0.999909 -0.005440
vn 0.022145 -0.999670 -0.013044
vn 0.000000 -1.000000 0.000000
vn 0.000040 -0.999868 0.016240
vn 0.004630 -0.999981 0.004049
vn 0.000000 -1.000000 0.000000
vn -0.000026 -0.999941 -0.010822
vn 0.000000 -1.000000 0.000000
vn 0.000000 -1.000000 0.000000
vn -0.006147 -0.999966 0.005429
vn 0.000026 -0.999941 0.010826
vn -0.010514 -0.999772 0.018585
vn -0.014752 -0.999806 0.013025
vn -0.006147 -0.999966 0.005428
vn 0.000000 -1.000000 0.000000
vn -0.004630 -0.999981 -0.004049
vn -0.000039 -0.999868 -0.016240
vn 0.004589 -0.999915 -0.012189
vn 0.000000 -1.000000 0.000000
vn 0.000000 -1.000000 0.000000
vn 0.000000 -1.000000 0.000000
vn 0.000000 -1.000000 0.000000
vn 0.000000 -1.000000 0.000000
vn -0.022178 -0.999754 0.000053
vn -0.010575 -0.999933 -0.004616
vn 0.007379 -0.999952 -0.006515
vn 0.006183 -0.999922 0.010810
vn 0.000032 -0.999868 0.016240
vn -0.012284 -0.999792 0.016272
vn 0.000031 -0.999916 0.012992
vn -0.005269 -0.999975 0.004653
vn 0.000000 -1.000000 0.000000
vn -0.006147 -0.999966 0.005427
vn -0.022162 -0.999733 0.006548
vn 0.005285 -0.999975 0.004596
vn 0.005341 -0.999814 0.018516
vn 0.018482 -0.999829 -0.000044
vn 0.000000 -1.000000 0.000000
vn -0.007408 -0.999952 -0.006479
vn -0.000038 -0.999868 -0.016240
vn -0.018506 -0.999771 -0.010781
vn -0.006138 -0.999922 0.010846
vn 0.000025 -0.999941 0.010826
vn 0.006184 -0.999922 0.010812
vn 0.014788 -0.999891 -0.000039
vn -0.004648 -0.999915 -0.012171
vn 0.007367 -0.999888 -0.013009
vn 0.006189 -0.999922 0.010817
vn 0.005300 -0.999943 0.009265
vn 0.000000 -1.000000 0.000000
vn -0.004612 -0.999981 0.004066
vn 0.007359 -0.999888 -0.013006
vn -0.012331 -0.999909 -0.005381
vn -0.006177 -0.999266 -0.037815
vn 0.010513 -0.999772 -0.018581
vn -0.000045 -0.999810 -0.019488
vn -0.014813 -0.999806 -0.012955
vn -0.013886 -0.999830 -0.012144
vn 0.000000 -1.000000 0.000000
vn -0.018482 -0.999829 0.000043
vn -0.021122 -0.999777 0.000049
vn -0.005291 -0.999975 -0.004628
vn -0.022207 -0.999670 -0.012938
vn -0.030812 -0.999511 -0.005339
vn -0.018482 -0.999829 0.000043
vn 0.000000 -1.000000 0.000000
vn 0.000000 -1.000000 0.000000
vn 0.000000 -1.000000 0.000000
vn 0.006148 -0.999966 -0.005428
vn -0.006198 -0.999849 -0.016227
vn -0.326834 -0.944876 -0.019721
vn -0.000040 -0.999868 -0.016240
vn -0.004630 -0.999981 -0.004049
vn 0.024642 -0.999696 -0.000060
vn 0.014785 -0.999891 -0.000036
vn -0.022141 -0.999670 0.013039
vn 0.004633 -0.999981 0.004051
vn 0.018482 -0.999829 -0.000045
vn 0.000000 -1.000000 0.000000
vn 0.000000 -1.000000 0.000000
vn 0.000000 -1.000000 0.000000
vn 0.000000 -1.000000 0.000000
vn -0.014785 -0.999891 0.000036
vn -0.013833 -0.999830 0.012216
vn 0.000039 -0.999868 0.016240
vn -0.005269 -0.999975 0.004653
vn 0.000000 -1.000000 0.000000
vn 0.000000 -1.000000 0.000000
vn 0.000000 -1.000000 0.000000
vn 0.000000 -1.000000 0.000000
vn 0.000000 -1.000000 0.000000
vn 0.000000 -1.000000 0.000000
vn 0.000000 -1.000000 0.000000
vn -0.006148 -0.999966 0.005428
vn 0.000039 -0.999868 0.016240
vn 0.000031 -0.999916 0.012992
vn -0.012280 -0.999792 0.016268
vn -0.006147 -0.999966 0.005427
vn -0.000000 -1.000000 -0.000000
vn -0.014785 -0.999891 0.000035
vn 0.007420 -0.999888 0.012971
vn -0.004631 -0.999981 -0.004045
vn 0.000000 -1.000000 0.000000
vn 0.000000 -1.000000 0.000000
vn 0.000000 -1.000000 0.000000
vn 0.000000 -1.000000 0.000000
vn -0.005311 -0.999889 -0.013905
vn -0.000039 -0.999868 -0.016240
vn -0.000033 -0.999903 -0.013920
vn 0.006148 -0.999966 -0.005428
vn 0.000000 -1.000000 0.000000
vn 0.000000 -1.000000 0.000000
vn -0.006132 -0.999922 0.010838
vn -0.012284 -0.999792 0.016272
vn -0.015841 -0.999875 0.000037
vn 0.000000 -1.000000 0.000000
vn 0.005269 -0.999975 -0.004652
vn 0.018482 -0.999829 -0.000043
vn 0.007412 -0.999952 0.006482
vn -0.004628 -0.999981 -0.004046
vn -0.018482 -0.999829 0.000043
vn 0.005310 -0.999889 0.013907
vn 0.005313 -0.999889 0.013907
vn 0.000004 -1.000000 -0.000004
vn 0.012331 -0.999909 0.005381
vn 0.000000 -1.000000 0.000000
vn -0.004631 -0.999981 -0.004045
vn 0.000038 -0.999868 0.016240
vn 0.000038 -0.999868 0.016240
vn -0.007379 -0.999952 0.006515
vn -0.014770 -0.999870 0.006534
vn -0.010557 -0.999944 0.000024
vn -0.018482 -0.999829 0.000043
vn -0.022178 -0.999754 0.000051
vn 0.000000 -1.000000 0.000000
vn -0.012321 -0.999924 0.000028
vn -0.036957 -0.999317 0.000085
vn -0.018482 -0.999829 0.000043
vn 0.000000 -1.000000 0.000000
vn 0.006148 -0.999966 -0.005428
vn -0.000045 -0.999810 -0.019488
vn 0.014753 -0.999806 -0.013024
vn -0.000037 -0.999868 -0.016240
vn -0.897813 -0.440347 -0.005097
vn -0.024644 -0.999696 0.000053
vn -0.006159 -0.999981 0.000011
vn 0.006150 -0.999966 -0.005431
vn 0.010590 -0.999901 0.009254
vn -0.007412 -0.999952 -0.006480
vn 0.014732 -0.999701 -0.019518
vn 0.004610 -0.999981 -0.004071
vn 0.000000 -1.000000 0.000000
vn 0.000000 -1.000000 0.000000
vn 0.000000 -1.000000 0.000000
vn 0.000000 -1.000000 0.000000
vn -0.018482 -0.999829 0.000045
vn -0.018482 -0.999829 0.000045
vn 0.000000 -1.000000 0.000000
vn 0.000000 -1.000000 0.000000
vn 0.000000 -1.000000 0.000000
vn 0.000000 -1.000000 0.000000
vn 0.000000 -1.000000 0.000000
vn 0.000000 -1.000000 0.000000
vn 0.000000 -1.000000 0.000000
vn 0.000000 -1.000000 0.000000
vn 0.000020 -0.999967 0.008116
vn -0.018482 -0.999829 0.000044
vn -0.015821 -0.999831 0.009319
vn 0.000052 -0.999766 0.021653
vn -0.005234 -0.999814 0.018568
vn 0.006174 -0.999966 0.005399
vn 0.000039 -0.999868 0.016240
vn -0.005248 -0.999889 0.013930
vn 0.010557 -0.999944 -0.000025
vn -0.000000 -1.000000 0.000000
vn -0.012317 -0.999924 0.000029
vn 0.000000 -1.000000 0.000000
vn 0.000000 -1.000000 0.000000
vn 0.000000 -1.000000 0.000000
vn 0.000000 -1.000000 0.000000
vn 0.000000 -1.000000 0.000000
vn 0.000000 -1.000000 0.000000
vn 0.000000 -1.000000 0.000000
vn 0.000000 -1.000000 0.000000
vn -0.013829 -0.999830 0.012209
vn -0.014737 -0.999701 0.019522
vn 0.000026 -0.999941 0.010826
vn -0.007378 -0.999952 0.006514
vn 0.000000 -1.000000 0.000000
vn 0.018482 -0.999829 -0.000043
vn 0.005264 -0.999943 -0.009295
vn 0.000006 -1.000000 0.000000
vn 0.018482 -0.999829 -0.000043
vn -0.018500 -0.999796 -0.008075
vn -0.018482 -0.999829 0.000043
vn 0.018503 -0.999771 0.010778
vn 0.006177 -0.999966 0.005402
vn 0.004650 -0.999915 0.012172
vn 0.000030 -0.999916 0.012992
vn -0.007380 -0.999952 0.006515
vn -0.013834 -0.999830 0.012214
vn 0.000038 -0.999868 0.016240
vn 0.000043 -0.999828 0.018560
vn -0.005256 -0.999943 0.009290
vn 0.000000 -1.000000 0.000000
vn -0.018482 -0.999829 0.000043
vn -0.012321 -0.999924 0.000028
vn 0.000000 -1.000000 0.000000
vn -0.021100 -0.999734 0.009327
vn -0.036957 -0.999317 0.000085
vn -0.018482 -0.999829 0.000043
vn 0.006148 -0.999966 -0.005428
vn 0.014753 -0.999806 -0.013024
vn 0.010527 -0.999847 -0.013943
vn 0.006120 -0.999849 -0.016252
vn 0.000000 -1.000000 0.000000
vn -0.326805 -0.945044 -0.009479
vn -0.012289 -0.999866 0.010851
vn 0.022141 -0.999670 -0.013040
vn -0.000040 -0.999868 -0.016240
vn 0.006146 -0.999966 -0.005433
vn 0.009219 -0.999924 -0.008140
vn 0.000000 -1.000000 0.000000
vn 0.000000 -1.000000 0.000000
vn 0.000000 -1.000000 0.000000
vn 0.000000 -1.000000 0.000000
vn 0.000000 -1.000000 0.000000
vn 0.000000 -1.000000 0.000000
vn -0.014785 -0.999891 0.000036
vn -0.013874 -0.999896 -0.004027
vn -0.000039 -0.999868 -0.016240
vn -0.004630 -0.999981 -0.004049
vn 0.000000 -1.000000 0.000000
vn 0.000000 -1.000000 0.000000
vn 0.000000 -1.000000 0.000000
vn 0.000000 -1.000000 0.000000
vn 0.000000 -1.000000 0.000000
vn -0.013850 -0.999896 0.004091
vn 0.000043 -0.999810 0.019485
vn -0.006128 -0.999849 0.016253
vn -0.012306 -0.999909 0.005440
vn -0.012306 -0.999909 0.005440
vn -0.000004 -1.000000 -0.000004
vn 0.012317 -0.999924 -0.000030
vn -0.009237 -0.999957 0.000022
vn 0.000000 -1.000000 -0.000000
vn 0.010582 -0.999901 0.009253
vn 0.000026 -0.999941 0.010822
vn 0.000022 -0.999957 0.009275
vn 0.000000 -1.000000 0.000000
vn 0.000000 -1.000000 0.000000
vn 0.000000 -1.000000 0.000000
vn 0.000000 -1.000000 0.000000
vn 0.000000 -1.000000 0.000000
vn 0.000000 -1.000000 0.000000
vn 0.000000 -1.000000 0.000000
vn -0.009220 -0.999924 0.008140
vn -0.022175 -0.999754 0.000057
vn -0.006148 -0.999966 0.005428
vn 0.000000 -1.000000 0.000000
vn 0.000000 -1.000000 0.000000
vn 0.000000 -1.000000 0.000000
vn 0.012331 -0.999909 0.005381
vn 0.022207 -0.999670 0.012937
vn -0.006147 -0.999966 0.005434
vn 0.009242 -0.999957 -0.000022
vn -0.018482 -0.999829 0.000043
vn -0.013891 -0.999830 -0.012149
vn -0.000009 -0.999985 -0.005412
vn 0.000046 -0.999810 0.019488
vn 0.000025 -0.999941 0.010826
vn 0.012360 -0.999792 0.016214
vn -0.010528 -0.999847 0.013946
vn -0.018441 -0.999697 0.016280
vn -0.004546 -0.999586 0.028398
vn 0.000060 -0.999663 0.025953
vn 0.012327 -0.999866 0.010787
vn 0.000000 -1.000000 0.000000
vn -0.014785 -0.999891 0.000034
vn -0.021122 -0.999777 0.000049
vn -0.012306 -0.999909 0.005439
vn -0.024604 -0.999564 0.016296
vn -0.024604 -0.999564 0.016296
vn -0.014768 -0.999870 0.006526
vn 0.015841 -0.999875 -0.000036
vn 0.018456 -0.999771 -0.010867
vn 0.000000 -1.000000 0.000000
vn 0.000000 -1.000000 0.000000
vn 0.000000 -1.000000 0.000000
vn -0.554698 -0.832051 0.001270
vn 0.018439 -0.999697 -0.016283
vn 0.012307 -0.999909 -0.005439
vn 0.000010 -0.999985 0.005412
vn 0.006131 -0.999922 -0.010839
vn 0.000000 -1.000000 0.000000
vn 0.000000 -1.000000 0.000000
vn 0.000000 -1.000000 0.000000
vn 0.000000 -1.000000 0.000000
vn 0.000000 -1.000000 0.000000
vn 0.000000 -1.000000 0.000000
vn 0.000000 -1.000000 0.000000
vn -0.022178 -0.999754 0.000054
vn -0.000035 -0.999916 -0.012995
vn -0.000039 -0.999868 -0.016240
vn -0.022204 -0.999670 -0.012931
vn 0.000000 -1.000000 0.000000
vn 0.000000 -1.000000 0.000000
vn 0.000000 -1.000000 0.000000
vn 0.000000 -1.000000 0.000000
vn 0.000000 -1.000000 0.000000
vn -0.018482 -0.999829 0.000045
vn -0.021122 -0.999777 0.000051
vn 0.000026 -0.999941 0.010822
vn 0.000000 -1.000000 0.000000
vn -0.006174 -0.999966 -0.005399
vn 0.006132 -0.999922 -0.010839
vn 0.000000 -1.000000 0.000000
vn 0.000000 -1.000000 0.000000
vn -0.009259 -0.999924 -0.008096
vn 0.000000 -1.000000 -0.000000
vn -0.000000 -1.000000 -0.000000
vn 0.000000 -1.000000 -0.000000
vn 0.009237 -0.999957 -0.000022
vn 0.000000 -1.000000 0.000000
vn 0.000000 -1.000000 0.000000
vn 0.000000 -1.000000 0.000000
vn 0.000000 -1.000000 0.000000
vn -0.005245 -0.999889 0.013930
vn -0.014733 -0.999701 0.019517
vn 0.006178 -0.999966 0.005396
vn -0.007410 -0.999952 -0.006479
vn -0.013887 -0.999830 -0.012144
vn 0.000000 -1.000000 0.000000
vn 0.000000 -1.000000 0.000000
vn 0.000000 -1.000000 0.000000
vn 0.000000 -1.000000 0.000000
vn 0.005311 -0.999889 0.013906
vn 0.014818 -0.999806 0.012959
vn 0.014818 -0.999806 0.012959
vn -0.000000 -1.000000 0.000000
vn -0.000030 -0.999916 -0.012992
vn -0.014829 -0.999701 -0.019452
vn -0.015850 -0.999864 -0.004600
vn 0.000000 -1.000000 0.000000
vn 0.006173 -0.999966 0.005399
vn -0.024508 -0.998981 0.037898
vn -0.030689 -0.998809 0.037927
vn -0.012247 -0.999559 0.027062
vn 0.031715 -0.999112 0.027752
vn 0.029524 -0.999564 -0.000068
vn 0.000000 -1.000000 0.000000
vn -0.021100 -0.999734 0.009327
vn -0.022165 -0.999733 0.006548
vn -0.015822 -0.999831 0.009318
vn -0.044308 -0.998996 0.006594
vn -0.018427 -0.999595 0.021692
vn 0.005291 -0.999975 0.004628
vn 0.018482 -0.999829 -0.000043
vn 0.018482 -0.999829 -0.000042
vn 0.000000 -1.000000 0.000000
vn 0.000000 -1.000000 0.000000
vn 0.000000 -1.000000 0.000000
vn -0.447212 -0.894427 0.001024
vn -0.000040 -0.999868 -0.016240
vn -0.005302 -0.999943 -0.009266
vn 0.000000 -1.000000 0.000000
vn 0.014798 -0.999870 0.006456
vn 0.000000 -1.000000 0.000000
vn -0.006147 -0.999966 0.005429
vn 0.000032 -0.999916 0.012992
vn 0.004648 -0.999915 0.012167
vn 0.000000 -1.000000 0.000000
vn 0.000000 -1.000000 0.000000
vn 0.000000 -1.000000 0.000000
vn -0.004630 -0.999981 -0.004049
vn 0.006131 -0.999922 -0.010839
vn 0.000000 -1.000000 0.000000
vn -0.015869 -0.999778 -0.013874
vn -0.015869 -0.999778 -0.013874
vn 0.000000 -1.000000 0.000000
vn 0.000000 -1.000000 0.000000
vn 0.000052 -0.999767 0.021587
vn -0.006147 -0.999966 0.005428
vn -0.018454 -0.999771 0.010869
vn -0.014767 -0.999870 0.006528
vn 0.000000 -1.000000 0.000000
vn 0.000000 -1.000000 0.000000
vn 0.000000 -1.000000 0.000000
vn 0.000000 -1.000000 0.000000
vn 0.000000 -1.000000 0.000000
vn 0.000000 -1.000000 0.000000
vn 0.000000 -1.000000 0.000000
vn -0.000019 -0.999967 -0.008116
vn 0.000000 -1.000000 0.000000
vn -0.000019 -0.999967 -0.008116
vn 0.000000 -1.000000 0.000000
vn 0.000000 -1.000000 0.000000
vn 0.000000 -1.000000 0.000000
vn 0.000000 -1.000000 0.000000
vn -0.012306 -0.999909 0.005439
vn -0.014787 -0.999891 0.000031
vn 0.004613 -0.999981 -0.004073
vn 0.018441 -0.999697 -0.016281
vn -0.000022 -0.999957 -0.009282
vn -0.014814 -0.999806 -0.012955
vn -0.013869 -0.999896 -0.004025
vn 0.000000 -1.000000 0.000000
vn 0.000000 -1.000000 0.000000
vn 0.000000 -1.000000 0.000000
vn 0.000000 -1.000000 0.000000
vn 0.006173 -0.999966 0.005399
vn 0.012348 -0.999865 0.010799
vn 0.018482 -0.999829 -0.000043
vn 0.000000 -1.000000 0.000000
vn -0.018482 -0.999829 0.000043
vn -0.012321 -0.999924 0.000029
vn 0.000000 -1.000000 0.000000
vn -0.024559 -0.999640 0.010846
vn -0.036848 -0.999085 0.021698
vn -0.010515 -0.999772 0.018569
vn 0.007378 -0.999952 -0.006514
vn 0.029490 -0.999480 -0.013051
vn 0.031639 -0.999499 -0.000061
vn -0.010527 -0.999847 0.013943
vn -0.018442 -0.999697 0.016280
vn -0.024601 -0.999565 0.016292
vn -0.012282 -0.999792 0.016267
vn -0.042969 -0.998709 0.027096
vn -0.009154 -0.999826 0.016242
vn 0.018482 -0.999829 -0.000043
vn 0.013869 -0.999896 0.004026
vn 0.018516 -0.999697 0.016195
vn 0.000043 -0.999828 0.018560
vn 0.000025 -0.999941 0.010827
vn 0.000037 -0.999868 0.016240
vn -0.554697 -0.831829 0.019285
vn 0.000000 -1.000000 0.000000
vn 0.000000 -1.000000 0.000000
vn -0.012369 -0.999690 -0.021619
vn 0.009221 -0.999924 -0.008143
vn 0.000000 -1.000000 0.000000
vn -0.018481 -0.999829 0.000045
vn -0.009182 -0.999660 0.024385
vn 0.018551 -0.999302 0.032425
vn 0.009256 -0.999924 0.008093
vn 0.000000 -1.000000 0.000000
vn 0.000000 -1.000000 0.000000
vn 0.000000 -1.000000 0.000000
vn 0.000000 -1.000000 0.000000
vn 0.000000 -1.000000 0.000000
vn 0.000000 -1.000000 0.000000
vn -0.024684 -0.999462 -0.021582
vn -0.009256 -0.999924 -0.008093
vn -0.024510 -0.999465 0.021640
vn 0.000157 -0.997895 0.064849
vn 0.012288 -0.999692 0.021561
vn -0.018440 -0.999697 0.016282
vn 0.000000 -1.000000 0.000000
vn 0.000000 -1.000000 0.000000
vn 0.000000 -1.000000 0.000000
vn 0.000000 -1.000000 0.000000
vn 0.000000 -1.000000 0.000000
vn 0.000000 -1.000000 0.000000
vn 0.000000 -1.000000 0.000000
vn 0.000000 -1.000000 0.000000
vn 0.000000 -1.000000 0.000000
vn 0.000000 -1.000000 0.000000
vn 0.000000 -1.000000 0.000000
vn 0.000000 -1.000000 0.000000
vn 0.000000 -1.000000 0.000000
vn 0.000000 -1.000000 0.000000
vn 0.000000 -1.000000 0.000000
vn -0.009261 -0.999924 -0.008099
vn -0.000077 -0.999473 -0.032476
vn -0.000077 -0.999473 -0.032476
vn 0.009222 -0.999924 -0.008143
vn 0.000000 -1.000000 0.000000
vn -0.024642 -0.999696 0.000058
vn -0.018481 -0.999829 0.000044
vn 0.000000 -1.000000 0.000000
vn 0.000000 -1.000000 0.000000
vn 0.000000 -1.000000 0.000000
vn 0.000000 -1.000000 0.000000
vn 0.000000 -1.000000 0.000000
vn 0.024642 -0.999696 -0.000058
vn 0.018482 -0.999829 -0.000043
vn 0.000000 -1.000000 0.000000
vn -0.018482 -0.999829 0.000043
vn -0.024642 -0.999696 0.000058
vn 0.000000 -1.000000 0.000000
vn -0.036906 -0.999319 0.000086
vn -0.036906 -0.999319 0.000086
vn 0.000000 -1.000000 0.000000
vn 0.012321 -0.999924 -0.000029
vn 0.036889 -0.999186 -0.016309
vn -0.000000 -1.000000 0.000000
vn -0.012272 -0.999690 0.021685
vn -0.018442 -0.999697 0.016280
vn -0.024581 -0.999462 0.021698
vn -0.024512 -0.999465 0.021637
vn -0.049025 -0.997860 0.043275
vn 0.018482 -0.999829 -0.000043
vn 0.018482 -0.999829 -0.000043
vn 0.000000 -1.000000 0.000000
vn 0.009292 -0.999661 0.024336
vn 0.000075 -0.999473 0.032476
vn 0.000074 -0.999473 0.032476
vn 0.000074 -0.999473 0.032476
vn -0.986361 -0.164422 0.007597
f 1//1 72//72 73//73
f 146//146 2701//2701 73//73
f 146//146 365//365 2701//2701
f 949//949 1022//1022 2701//2701
f 64//64 66//66 1//1
f 66//66 72//72 1//1
f 54//54 2//2 49//49
f 2//2 54//54 59//59
f 40//40 2//2 39//39
f 2//2 64//64 1//1
f 64//64 2//2 59//59
f 2//2 38//38 39//39
f 146//146 219//219 365//365
f 365//365 438//438 2701//2701
f 438//438 511//511 2701//2701
f 1314//1314 1387//1387 2701//2701
f 1241//1241 1314//1314 2701//2701
f 1022//1022 1095//1095 2701//2701
f 1095//1095 1241//1241 2701//2701
f 65//65 66//66 64//64
f 2//2 30//30 38//38
f 2046//2046 1972//1972 2045//2045
f 219//219 292//292 365//365
f 1582//1582 1510//1510 1509//1509
f 1591//1591 1663//1663 1664//1664
f 2//2 10//10 18//18
f 63//63 137//137 64//64
f 62//62 63//63 64//64
f 38//38 33//33 37//37
f 30//30 33//33 38//38
f 33//33 35//35 37//37
f 35//35 33//33 34//34
f 22//22 21//21 95//95
f 30//30 28//28 29//29
f 1200//1200 1272//1272 1273//1273
f 2046//2046 1973//1973 1972//1972
f 145//145 219//219 146//146
f 2591//2591 2664//2664 2665//2665
f 1792//1792 1793//1793 1719//1719
f 1793//1793 1792//1792 1866//1866
f 1868//1868 1796//1796 1795//1795
f 1722//1722 1721//1721 1795//1795
f 1867//1867 1941//1941 1868//1868
f 2180//2180 2253//2253 2254//2254
f 1387//1387 1533//1533 2701//2701
f 1533//1533 1679//1679 2701//2701
f 1872//1872 1873//1873 1800//1800
f 1510//1510 1583//1583 1584//1584
f 1582//1582 1583//1583 1510//1510
f 1872//1872 1799//1799 1798//1798
f 1799//1799 1872//1872 1800//1800
f 1727//1727 1799//1799 1800//1800
f 1799//1799 1727//1727 1726//1726
f 1590//1590 1663//1663 1591//1591
f 1590//1590 1518//1518 1517//1517
f 1590//1590 1591//1591 1518//1518
f 2559//2559 2560//2560 2486//2486
f 2632//2632 2558//2558 2631//2631
f 2632//2632 2559//2559 2558//2558
f 512//512 585//585 586//586
f 1021//1021 1095//1095 1022//1022
f 135//135 63//63 62//62
f 112//112 40//40 39//39
f 38//38 112//112 39//39
f 1261//1261 1334//1334 1335//1335
f 612//612 686//686 613//613
f 684//684 612//612 611//611
f 20//20 18//18 19//19
f 20//20 22//22 18//18
f 22//22 20//20 21//21
f 686//686 759//759 687//687
f 1199//1199 1272//1272 1200//1200
f 1511//1511 1510//1510 1584//1584
f 1057//1057 985//985 984//984
f 1981//1981 1980//1980 2054//2054
f 2119//2119 2046//2046 2045//2045
f 2118//2118 2119//2119 2045//2045
f 2119//2119 2118//2118 2191//2191
f 2192//2192 2119//2119 2191//2191
f 2560//2560 2487//2487 2486//2486
f 2233//2233 2306//2306 2307//2307
f 2577//2577 2576//2576 2649//2649
f 145//145 218//218 219//219
f 218//218 292//292 219//219
f 2608//2608 2681//2681 2682//2682
f 2548//2548 2476//2476 2475//2475
f 2476//2476 2548//2548 2549//2549
f 2011//2011 2084//2084 2012//2012
f 1792//1792 1865//1865 1866//1866
f 1937//1937 1936//1936 2010//2010
f 1648//1648 1647//1647 1721//1721
f 1647//1647 1720//1720 1721//1721
f 1793//1793 1720//1720 1719//1719
f 1720//1720 1793//1793 1721//1721
f 1721//1721 1794//1794 1795//1795
f 1793//1793 1794//1794 1721//1721
f 1794//1794 1868//1868 1795//1795
f 1794//1794 1867//1867 1868//1868
f 1794//1794 1793//1793 1866//1866
f 1867//1867 1794//1794 1866//1866
f 2175//2175 2247//2247 2248//2248
f 2610//2610 2537//2537 2536//2536
f 2401//2401 2474//2474 2475//2475
f 2402//2402 2401//2401 2475//2475
f 2479//2479 2406//2406 2478//2478
f 2333//2333 2407//2407 2334//2334
f 2333//2333 2406//2406 2407//2407
f 2255//2255 2182//2182 2254//2254
f 1460//1460 1533//1533 1387//1387
f 1679//1679 1825//1825 2701//2701
f 1652//1652 1580//1580 1579//1579
f 1724//1724 1652//1652 1651//1651
f 1648//1648 1576//1576 1575//1575
f 1880//1880 1806//1806 1879//1879
f 1806//1806 1880//1880 1807//1807
f 2021//2021 1947//1947 2020//2020
f 1588//1588 1515//1515 1514//1514
f 1516//1516 1590//1590 1517//1517
f 1516//1516 1515//1515 1588//1588
f 1444//1444 1516//1516 1517//1517
f 1589//1589 1588//1588 1661//1661
f 1589//1589 1516//1516 1588//1588
f 1516//1516 1589//1589 1590//1590
f 659//659 732//732 660//660
f 513//513 512//512 586//586
f 1174//1174 1246//1246 1247//1247
f 1021//1021 1094//1094 1095//1095
f 1015//1015 1016//1016 943//943
f 63//63 136//136 137//137
f 135//135 136//136 63//63
f 111//111 112//112 38//38
f 112//112 111//111 185//185
f 35//35 36//36 37//37
f 1400//1400 1401//1401 1327//1327
f 1487//1487 1486//1486 1560//1560
f 1413//1413 1412//1412 1485//1485
f 1486//1486 1413//1413 1485//1485
f 1407//1407 1334//1334 1406//1406
f 1334//1334 1333//1333 1406//1406
f 253//253 325//325 326//326
f 604//604 677//677 678//678
f 390//390 317//317 316//316
f 317//317 390//390 318//318
f 612//612 685//685 686//686
f 685//685 612//612 684//684
f 685//685 759//759 686//686
f 23//23 22//22 95//95
f 96//96 23//23 95//95
f 21//21 94//94 95//95
f 396//396 323//323 322//322
f 32//32 33//33 30//30
f 31//31 32//32 30//30
f 103//103 31//31 30//30
f 103//103 30//30 29//29
f 102//102 103//103 29//29
f 22//22 26//26 18//18
f 26//26 2//2 18//18
f 1262//1262 1261//1261 1335//1335
f 1127//1127 1054//1054 1126//1126
f 1051//1051 1052//1052 978//978
f 50//50 54//54 49//49
f 50//50 51//51 54//54
f 51//51 52//52 54//54
f 498//498 426//426 425//425
f 1444//1444 1445//1445 1371//1371
f 762//762 763//763 690//690
f 759//759 760//760 687//687
f 760//760 761//761 687//687
f 761//761 688//688 687//687
f 762//762 688//688 761//761
f 1058//1058 985//985 1057//1057
f 985//985 912//912 984//984
f 1060//1060 986//986 1059//1059
f 982//982 910//910 909//909
f 908//908 907//907 981//981
f 1580//1580 1507//1507 1579//1579
f 1281//1281 1208//1208 1207//1207
f 2194//2194 2266//2266 2267//2267
f 2126//2126 2125//2125 2199//2199
f 2125//2125 2198//2198 2199//2199
f 2596//2596 2668//2668 2669//2669
f 2668//2668 2596//2596 2595//2595
f 2306//2306 2380//2380 2307//2307
f 2305//2305 2378//2378 2306//2306
f 2305//2305 2306//2306 2233//2233
f 2666//2666 2593//2593 2665//2665
f 2592//2592 2591//2591 2665//2665
f 2593//2593 2592//2592 2665//2665
f 2591//2591 2592//2592 2518//2518
f 2592//2592 2593//2593 2520//2520
f 2650//2650 2577//2577 2649//2649
f 2358//2358 2431//2431 2432//2432
f 2576//2576 2504//2504 2503//2503
f 2504//2504 2576//2576 2577//2577
f 2360//2360 2433//2433 2434//2434
f 2433//2433 2360//2360 2432//2432
f 2506//2506 2579//2579 2580//2580
f 2579//2579 2653//2653 2580//2580
f 2579//2579 2652//2652 2653//2653
f 2076//2076 2075//2075 2148//2148
f 2356//2356 2430//2430 2357//2357
f 2430//2430 2356//2356 2429//2429
f 1484//1484 1558//1558 1485//1485
f 1631//1631 1558//1558 1630//1630
f 1555//1555 1627//1627 1628//1628
f 1629//1629 1555//1555 1628//1628
f 1555//1555 1629//1629 1556//1556
f 509//509 436//436 508//508
f 2661//2661 2587//2587 2660//2660
f 2661//2661 2588//2588 2587//2587
f 2615//2615 2616//2616 2542//2542
f 2609//2609 2608//2608 2682//2682
f 2683//2683 2609//2609 2682//2682
f 2609//2609 2683//2683 2610//2610
f 2609//2609 2610//2610 2536//2536
f 2608//2608 2609//2609 2536//2536
f 2535//2535 2608//2608 2536//2536
f 2678//2678 2605//2605 2677//2677
f 2537//2537 2463//2463 2536//2536
f 2463//2463 2535//2535 2536//2536
f 2535//2535 2463//2463 2462//2462
f 2404//2404 2477//2477 2478//2478
f 2551//2551 2479//2479 2478//2478
f 2479//2479 2551//2551 2552//2552
f 2551//2551 2477//2477 2550//2550
f 2477//2477 2551//2551 2478//2478
f 2232//2232 2159//2159 2231//2231
f 2232//2232 2305//2305 2233//2233
f 2084//2084 2085//2085 2012//2012
f 2157//2157 2085//2085 2084//2084
f 2160//2160 2232//2232 2233//2233
f 2232//2232 2160//2160 2159//2159
f 2159//2159 2160//2160 2087//2087
f 2160//2160 2161//2161 2087//2087
f 2308//2308 2235//2235 2307//2307
f 1566//1566 1567//1567 1493//1493
f 1566//1566 1639//1639 1640//1640
f 1567//1567 1566//1566 1640//1640
f 1567//1567 1494//1494 1493//1493
f 1936//1936 2009//2009 2010//2010
f 2008//2008 2009//2009 1936//1936
f 2082//2082 2009//2009 2081//2081
f 2009//2009 2008//2008 2081//2081
f 1644//1644 1571//1571 1643//1643
f 1940//1940 1941//1941 1867//1867
f 1940//1940 2014//2014 1941//1941
f 2014//2014 1940//1940 2013//2013
f 2090//2090 2162//2162 2163//2163
f 2162//2162 2090//2090 2089//2089
f 1941//1941 1869//1869 1868//1868
f 1869//1869 1796//1796 1868//1868
f 1797//1797 1870//1870 1798//1798
f 1161//1161 1234//1234 1162//1162
f 1234//1234 1160//1160 1233//1233
f 1160//1160 1234//1234 1161//1161
f 2032//2032 2033//2033 1959//1959
f 2033//2033 2032//2032 2106//2106
f 2176//2176 2175//2175 2248//2248
f 2249//2249 2176//2176 2248//2248
f 2169//2169 2170//2170 2096//2096
f 2174//2174 2247//2247 2175//2175
f 2247//2247 2174//2174 2246//2246
f 2544//2544 2616//2616 2617//2617
f 2406//2406 2405//2405 2478//2478
f 2405//2405 2404//2404 2478//2478
f 2403//2403 2404//2404 2330//2330
f 2402//2402 2403//2403 2330//2330
f 2476//2476 2403//2403 2475//2475
f 2403//2403 2402//2402 2475//2475
f 2185//2185 2258//2258 2259//2259
f 1533//1533 1606//1606 1679//1679
f 1606//1606 1605//1605 1679//1679
f 1606//1606 1533//1533 1532//1532
f 1605//1605 1606//1606 1532//1532
f 1605//1605 1678//1678 1679//1679
f 1604//1604 1603//1603 1676//1676
f 1947//1947 1874//1874 1946//1946
f 1874//1874 1873//1873 1946//1946
f 2021//2021 1948//1948 1947//1947
f 1948//1948 2021//2021 1949//1949
f 1948//1948 1874//1874 1947//1947
f 1874//1874 1948//1948 1875//1875
f 1588//1588 1587//1587 1661//1661
f 1587//1587 1588//1588 1514//1514
f 1657//1657 1585//1585 1584//1584
f 1652//1652 1653//1653 1580//1580
f 1725//1725 1652//1652 1724//1724
f 1653//1653 1725//1725 1726//1726
f 1725//1725 1653//1653 1652//1652
f 1797//1797 1725//1725 1724//1724
f 1725//1725 1797//1797 1798//1798
f 1649//1649 1576//1576 1648//1648
f 1949//1949 2022//2022 2023//2023
f 2021//2021 2022//2022 1949//1949
f 1877//1877 1804//1804 1803//1803
f 1876//1876 1948//1948 1949//1949
f 1948//1948 1876//1876 1875//1875
f 1875//1875 1876//1876 1803//1803
f 1876//1876 1877//1877 1803//1803
f 1950//1950 1949//1949 2023//2023
f 2024//2024 1950//1950 2023//2023
f 1950//1950 1876//1876 1949//1949
f 1876//1876 1950//1950 1877//1877
f 1662//1662 1589//1589 1661//1661
f 1809//1809 1881//1881 1882//1882
f 1883//1883 1809//1809 1882//1882
f 78//78 79//79 5//5
f 79//79 6//6 5//5
f 8//8 9//9 10//10
f 7//7 8//8 10//10
f 7//7 10//10 2//2
f 732//732 733//733 660//660
f 1246//1246 1172//1172 1245//1245
f 954//954 880//880 953//953
f 954//954 955//955 882//882
f 1093//1093 1021//1021 1020//1020
f 1093//1093 1094//1094 1021//1021
f 1240//1240 1314//1314 1241//1241
f 1240//1240 1313//1313 1314//1314
f 1313//1313 1240//1240 1312//1312
f 942//942 1015//1015 943//943
f 1015//1015 942//942 941//941
f 1014//1014 1015//1015 941//941
f 1014//1014 941//941 940//940
f 1013//1013 1014//1014 940//940
f 724//724 798//798 725//725
f 942//942 868//868 941//941
f 652//652 579//579 651//651
f 578//578 579//579 506//506
f 579//579 578//578 651//651
f 1087//1087 1161//1161 1088//1088
f 1087//1087 1160//1160 1161//1161
f 41//41 42//42 40//40
f 254//254 181//181 253//253
f 254//254 253//253 326//326
f 181//181 180//180 253//253
f 621//621 549//549 548//548
f 765//765 691//691 764//764
f 765//765 766//766 693//693
f 1187//1187 1260//1260 1261//1261
f 1260//1260 1187//1187 1259//1259
f 1474//1474 1401//1401 1400//1400
f 1413//1413 1414//1414 1341//1341
f 1334//1334 1408//1408 1335//1335
f 1407//1407 1408//1408 1334//1334
f 736//736 737//737 663//663
f 810//810 737//737 736//736
f 821//821 749//749 748//748
f 252//252 325//325 253//253
f 180//180 252//252 253//253
f 541//541 540//540 613//613
f 390//390 391//391 318//318
f 391//391 392//392 318//318
f 320//320 248//248 247//247
f 616//616 543//543 615//615
f 688//688 616//616 615//615
f 683//683 684//684 611//611
f 610//610 683//683 611//611
f 157//157 156//156 229//229
f 754//754 827//827 755//755
f 751//751 750//750 824//824
f 398//398 470//470 471//471
f 397//397 470//470 398//398
f 395//395 396//396 322//322
f 25//25 26//26 22//22
f 97//97 25//25 24//24
f 25//25 99//99 26//26
f 27//27 28//28 30//30
f 99//99 98//98 172//172
f 98//98 25//25 97//97
f 25//25 98//98 99//99
f 1120//1120 1046//1046 1119//1119
f 1413//1413 1339//1339 1412//1412
f 1128//1128 1127//1127 1200//1200
f 685//685 758//758 759//759
f 1124//1124 1052//1052 1051//1051
f 1053//1053 1054//1054 981//981
f 1054//1054 1053//1053 1126//1126
f 1201//1201 1128//1128 1200//1200
f 1420//1420 1419//1419 1493//1493
f 1419//1419 1492//1492 1493//1493
f 1270//1270 1269//1269 1343//1343
f 1269//1269 1342//1342 1343//1343
f 1342//1342 1269//1269 1341//1341
f 1195//1195 1269//1269 1196//1196
f 342//342 269//269 268//268
f 52//52 53//53 54//54
f 133//133 207//207 134//134
f 428//428 427//427 500//500
f 427//427 426//426 500//500
f 769//769 842//842 843//843
f 842//842 769//769 841//841
f 843//843 842//842 916//916
f 842//842 915//915 916//916
f 915//915 987//987 988//988
f 987//987 1060//1060 988//988
f 1060//1060 987//987 986//986
f 770//770 769//769 843//843
f 912//912 911//911 984//984
f 1052//1052 979//979 978//978
f 979//979 905//905 978//978
f 905//905 979//979 906//906
f 906//906 979//979 907//907
f 1439//1439 1438//1438 1511//1511
f 1291//1291 1217//1217 1290//1290
f 999//999 1071//1071 1072//1072
f 1577//1577 1505//1505 1504//1504
f 1505//1505 1577//1577 1578//1578
f 1432//1432 1505//1505 1433//1433
f 1505//1505 1578//1578 1579//1579
f 1359//1359 1431//1431 1432//1432
f 1431//1431 1359//1359 1358//1358
f 1280//1280 1281//1281 1207//1207
f 707//707 635//635 634//634
f 921//921 922//922 849//849
f 921//921 847//847 920//920
f 1981//1981 1907//1907 1980//1980
f 2193//2193 2266//2266 2194//2194
f 2340//2340 2268//2268 2267//2267
f 1980//1980 2053//2053 2054//2054
f 2378//2378 2379//2379 2306//2306
f 2379//2379 2380//2380 2306//2306
f 2451//2451 2379//2379 2378//2378
f 2452//2452 2379//2379 2451//2451
f 2380//2380 2379//2379 2453//2453
f 2379//2379 2452//2452 2453//2453
f 2592//2592 2519//2519 2518//2518
f 2519//2519 2592//2592 2520//2520
f 2519//2519 2445//2445 2518//2518
f 2445//2445 2519//2519 2446//2446
f 2149//2149 2076//2076 2148//2148
f 2221//2221 2149//2149 2148//2148
f 2149//2149 2221//2221 2222//2222
f 2581//2581 2508//2508 2580//2580
f 2433//2433 2507//2507 2434//2434
f 2507//2507 2433//2433 2506//2506
f 2507//2507 2506//2506 2580//2580
f 2508//2508 2507//2507 2580//2580
f 2360//2360 2359//2359 2432//2432
f 2359//2359 2358//2358 2432//2432
f 2505//2505 2433//2433 2432//2432
f 2433//2433 2505//2505 2506//2506
f 2361//2361 2360//2360 2434//2434
f 2499//2499 2571//2571 2572//2572
f 2499//2499 2498//2498 2571//2571
f 2203//2203 2129//2129 2202//2202
f 2278//2278 2279//2279 2205//2205
f 1556//1556 1557//1557 1484//1484
f 1557//1557 1558//1558 1484//1484
f 1558//1558 1557//1557 1630//1630
f 1557//1557 1629//1629 1630//1630
f 1629//1629 1557//1557 1556//1556
f 1633//1633 1561//1561 1560//1560
f 1486//1486 1559//1559 1560//1560
f 1555//1555 1554//1554 1627//1627
f 1482//1482 1555//1555 1556//1556
f 1701//1701 1629//1629 1628//1628
f 1629//1629 1701//1701 1702//1702
f 2207//2207 2279//2279 2280//2280
f 2066//2066 1992//1992 2065//2065
f 501//501 428//428 500//500
f 2464//2464 2537//2537 2465//2465
f 2464//2464 2463//2463 2537//2537
f 2388//2388 2314//2314 2387//2387
f 2243//2243 2169//2169 2242//2242
f 2243//2243 2170//2170 2169//2169
f 2317//2317 2245//2245 2244//2244
f 2245//2245 2317//2317 2318//2318
f 2243//2243 2317//2317 2244//2244
f 2317//2317 2243//2243 2316//2316
f 2009//2009 2083//2083 2010//2010
f 2083//2083 2009//2009 2082//2082
f 2158//2158 2085//2085 2157//2157
f 2159//2159 2158//2158 2231//2231
f 2086//2086 2159//2159 2087//2087
f 2234//2234 2233//2233 2307//2307
f 2235//2235 2234//2234 2307//2307
f 2234//2234 2160//2160 2233//2233
f 2160//2160 2234//2234 2161//2161
f 2234//2234 2162//2162 2161//2161
f 2162//2162 2234//2234 2235//2235
f 1932//1932 1858//1858 1931//1931
f 1858//1858 1932//1932 1859//1859
f 1714//1714 1641//1641 1640//1640
f 1495//1495 1494//1494 1567//1567
f 1494//1494 1495//1495 1422//1422
f 1935//1935 2008//2008 1936//1936
f 1861//1861 1788//1788 1787//1787
f 1424//1424 1425//1425 1351//1351
f 1140//1140 1068//1068 1067//1067
f 1136//1136 1062//1062 1135//1135
f 1570//1570 1498//1498 1497//1497
f 1570//1570 1571//1571 1498//1498
f 1571//1571 1570//1570 1643//1643
f 2015//2015 2014//2014 2087//2087
f 2016//2016 2015//2015 2089//2089
f 1869//1869 1943//1943 1870//1870
f 1374//1374 1447//1447 1375//1375
f 1449//1449 1450//1450 1376//1376
f 1591//1591 1592//1592 1518//1518
f 1810//1810 1809//1809 1883//1883
f 1736//1736 1810//1810 1737//1737
f 1809//1809 1810//1810 1736//1736
f 1234//1234 1235//1235 1162//1162
f 2033//2033 1960//1960 1959//1959
f 2171//2171 2243//2243 2244//2244
f 2243//2243 2171//2171 2170//2170
f 2172//2172 2245//2245 2246//2246
f 2032//2032 2105//2105 2106//2106
f 2104//2104 2103//2103 2177//2177
f 2103//2103 2176//2176 2177//2177
f 1878//1878 1951//1951 1879//1879
f 1951//1951 1950//1950 2024//2024
f 1877//1877 1951//1951 1878//1878
f 1950//1950 1951//1951 1877//1877
f 2172//2172 2100//2100 2099//2099
f 2399//2399 2327//2327 2326//2326
f 2399//2399 2400//2400 2327//2327
f 2616//2616 2543//2543 2542//2542
f 2544//2544 2543//2543 2616//2616
f 2329//2329 2402//2402 2330//2330
f 2257//2257 2329//2329 2330//2330
f 2329//2329 2257//2257 2256//2256
f 2186//2186 2185//2185 2259//2259
f 2184//2184 2185//2185 2112//2112
f 2181//2181 2180//2180 2254//2254
f 2182//2182 2181//2181 2254//2254
f 2107//2107 2108//2108 2034//2034
f 2181//2181 2107//2107 2180//2180
f 2107//2107 2181//2181 2108//2108
f 1677//1677 1604//1604 1676//1676
f 1603//1603 1602//1602 1676//1676
f 1380//1380 1452//1452 1453//1453
f 1602//1602 1675//1675 1676//1676
f 2115//2115 2116//2116 2042//2042
f 2315//2315 2243//2243 2242//2242
f 2243//2243 2315//2315 2316//2316
f 2388//2388 2315//2315 2314//2314
f 2237//2237 2164//2164 2163//2163
f 2164//2164 2090//2090 2163//2163
f 2236//2236 2237//2237 2163//2163
f 1512//1512 1439//1439 1511//1511
f 1512//1512 1511//1511 1584//1584
f 1585//1585 1512//1512 1584//1584
f 1724//1724 1650//1650 1723//1723
f 1650//1650 1724//1724 1651//1651
f 1581//1581 1507//1507 1580//1580
f 1581//1581 1508//1508 1507//1507
f 1587//1587 1660//1660 1661//1661
f 1805//1805 1877//1877 1878//1878
f 1805//1805 1804//1804 1877//1877
f 1733//1733 1805//1805 1806//1806
f 1809//1809 1808//1808 1881//1881
f 298//298 371//371 299//299
f 3//3 7//7 2//2
f 1325//1325 1326//1326 1252//1252
f 1326//1326 1253//1253 1252//1252
f 1253//1253 1179//1179 1252//1252
f 1179//1179 1253//1253 1180//1180
f 1318//1318 1317//1317 1390//1390
f 1173//1173 1246//1246 1174//1174
f 1173//1173 1172//1172 1246//1246
f 883//883 884//884 811//811
f 810//810 883//883 811//811
f 881//881 954//954 882//882
f 954//954 881//881 880//880
f 1095//1095 1168//1168 1241//1241
f 1094//1094 1168//1168 1095//1095
f 1240//1240 1239//1239 1312//1312
f 803//803 876//876 949//949
f 876//876 948//948 949//949
f 948//948 876//876 875//875
f 869//869 868//868 942//942
f 870//870 942//942 943//943
f 870//870 869//869 942//942
f 724//724 797//797 798//798
f 869//869 797//797 796//796
f 870//870 797//797 869//869
f 726//726 652//652 725//725
f 584//584 657//657 730//730
f 657//657 656//656 730//730
f 656//656 729//729 730//730
f 116//116 43//43 42//42
f 45//45 43//43 44//44
f 42//42 43//43 40//40
f 115//115 116//116 42//42
f 108//108 181//181 182//182
f 109//109 108//108 182//182
f 111//111 184//184 185//185
f 110//110 109//109 182//182
f 183//183 110//110 182//182
f 112//112 113//113 40//40
f 113//113 41//41 40//40
f 113//113 112//112 185//185
f 186//186 113//113 185//185
f 257//257 184//184 183//183
f 33//33 106//106 34//34
f 32//32 106//106 33//33
f 550//550 549//549 623//623
f 692//692 765//765 693//693
f 765//765 692//692 691//691
f 1187//1187 1186//1186 1259//1259
f 893//893 966//966 894//894
f 821//821 893//893 894//894
f 1105//1105 1104//1104 1177//1177
f 1178//1178 1105//1105 1177//1177
f 1475//1475 1548//1548 1476//1476
f 883//883 809//809 882//882
f 809//809 883//883 810//810
f 809//809 810//810 736//736
f 153//153 154//154 81//81
f 80//80 153//153 81//81
f 8//8 80//80 81//81
f 7//7 80//80 8//8
f 152//152 78//78 151//151
f 78//78 152//152 79//79
f 737//737 664//664 663//663
f 671//671 744//744 745//745
f 821//821 822//822 749//749
f 818//818 746//746 745//745
f 383//383 311//311 310//310
f 813//813 814//814 741//741
f 668//668 742//742 669//669
f 742//742 668//668 741//741
f 740//740 813//813 741//741
f 668//668 740//740 741//741
f 740//740 668//668 667//667
f 179//179 252//252 180//180
f 472//472 545//545 473//473
f 545//545 546//546 473//473
f 614//614 541//541 613//613
f 541//541 614//614 615//615
f 686//686 614//614 613//613
f 614//614 686//686 687//687
f 688//688 614//614 687//687
f 614//614 688//688 615//615
f 393//393 320//320 392//392
f 392//392 319//319 318//318
f 320//320 319//319 392//392
f 246//246 319//319 247//247
f 319//319 320//320 247//247
f 320//320 321//321 248//248
f 689//689 616//616 688//688
f 689//689 762//762 690//690
f 689//689 688//688 762//762
f 1046//1046 973//973 972//972
f 161//161 89//89 88//88
f 1046//1046 1118//1118 1119//1119
f 1045//1045 1046//1046 972//972
f 1045//1045 1118//1118 1046//1046
f 897//897 825//825 824//824
f 825//825 897//897 898//898
f 605//605 604//604 678//678
f 90//90 164//164 91//91
f 163//163 164//164 90//90
f 244//244 243//243 317//317
f 317//317 243//243 316//316
f 541//541 542//542 468//468
f 470//470 542//542 543//543
f 543//543 542//542 615//615
f 542//542 541//541 615//615
f 103//103 104//104 31//31
f 1120//1120 1121//1121 1048//1048
f 1121//1121 1193//1193 1194//1194
f 1193//1193 1121//1121 1120//1120
f 1193//1193 1120//1120 1119//1119
f 1192//1192 1193//1193 1119//1119
f 1267//1267 1195//1195 1194//1194
f 1265//1265 1192//1192 1264//1264
f 1482//1482 1410//1410 1409//1409
f 983//983 910//910 982//982
f 827//827 828//828 755//755
f 756//756 829//829 830//830
f 976//976 975//975 1048//1048
f 1049//1049 976//976 1048//1048
f 760//760 832//832 833//833
f 832//832 760//760 759//759
f 832//832 906//906 833//833
f 832//832 905//905 906//906
f 758//758 832//832 759//759
f 1348//1348 1275//1275 1274//1274
f 1347//1347 1348//1348 1274//1274
f 1421//1421 1494//1494 1422//1422
f 1490//1490 1416//1416 1489//1489
f 1488//1488 1416//1416 1415//1415
f 1416//1416 1488//1488 1489//1489
f 1710//1710 1636//1636 1709//1709
f 1636//1636 1710//1710 1637//1637
f 1710//1710 1783//1783 1784//1784
f 1711//1711 1710//1710 1784//1784
f 343//343 415//415 416//416
f 415//415 343//343 342//342
f 561//561 560//560 634//634
f 626//626 625//625 698//698
f 638//638 710//710 711//711
f 710//710 638//638 637//637
f 564//564 490//490 563//563
f 720//720 719//719 793//793
f 715//715 716//716 642//642
f 929//929 856//856 928//928
f 351//351 352//352 279//279
f 421//421 422//422 349//349
f 348//348 421//421 349//349
f 54//54 55//55 59//59
f 55//55 56//56 59//59
f 127//127 201//201 128//128
f 201//201 200//200 274//274
f 127//127 200//200 201//201
f 133//133 206//206 207//207
f 914//914 987//987 915//915
f 914//914 842//842 841//841
f 842//842 914//914 915//915
f 834//834 760//760 833//833
f 760//760 834//834 761//761
f 980//980 1053//1053 981//981
f 907//907 980//980 981//981
f 979//979 980//980 907//907
f 1053//1053 980//980 1052//1052
f 980//980 979//979 1052//1052
f 1441//1441 1440//1440 1514//1514
f 1294//1294 1367//1367 1295//1295
f 1367//1367 1368//1368 1295//1295
f 1510//1510 1437//1437 1509//1509
f 1437//1437 1436//1436 1509//1509
f 1511//1511 1437//1437 1510//1510
f 1438//1438 1437//1437 1511//1511
f 562//562 561//561 634//634
f 635//635 562//562 634//634
f 490//490 562//562 563//563
f 489//489 562//562 490//490
f 636//636 635//635 709//709
f 1291//1291 1292//1292 1219//1219
f 1218//1218 1291//1291 1219//1219
f 1291//1291 1218//1218 1217//1217
f 999//999 998//998 1071//1071
f 1507//1507 1506//1506 1579//1579
f 1506//1506 1505//1505 1579//1579
f 1505//1505 1506//1506 1433//1433
f 1506//1506 1434//1434 1433//1433
f 1434//1434 1506//1506 1507//1507
f 1287//1287 1288//1288 1214//1214
f 1359//1359 1287//1287 1286//1286
f 1288//1288 1287//1287 1361//1361
f 1205//1205 1133//1133 1132//1132
f 1133//1133 1205//1205 1206//1206
f 635//635 708//708 709//709
f 707//707 708//708 635//635
f 848//848 921//921 849//849
f 921//921 848//848 847//847
f 848//848 774//774 847//847
f 1908//1908 1907//1907 1981//1981
f 1686//1686 1613//1613 1685//1685
f 1833//1833 1834//1834 1761//1761
f 1613//1613 1612//1612 1685//1685
f 1612//1612 1684//1684 1685//1685
f 1684//1684 1612//1612 1611//1611
f 1612//1612 1539//1539 1611//1611
f 2340//2340 2341//2341 2268//2268
f 2526//2526 2454//2454 2453//2453
f 2454//2454 2526//2526 2527//2527
f 2452//2452 2526//2526 2453//2453
f 2526//2526 2452//2452 2525//2525
f 2223//2223 2296//2296 2297//2297
f 2224//2224 2223//2223 2297//2297
f 2223//2223 2224//2224 2150//2150
f 1929//1929 2002//2002 2003//2003
f 1930//1930 1929//1929 2003//2003
f 1855//1855 1854//1854 1928//1928
f 2286//2286 2359//2359 2360//2360
f 2578//2578 2650//2650 2651//2651
f 2650//2650 2578//2578 2577//2577
f 2347//2347 2274//2274 2346//2346
f 2274//2274 2273//2273 2346//2346
f 2498//2498 2497//2497 2571//2571
f 1635//1635 1634//1634 1707//1707
f 1633//1633 1634//1634 1561//1561
f 1629//1629 1703//1703 1630//1630
f 1703//1703 1629//1629 1702//1702
f 1702//1702 1774//1774 1775//1775
f 1701//1701 1774//1774 1702//1702
f 1483//1483 1556//1556 1484//1484
f 1483//1483 1482//1482 1556//1556
f 1410//1410 1483//1483 1484//1484
f 1483//1483 1410//1410 1482//1482
f 1553//1553 1554//1554 1481//1481
f 1993//1993 1992//1992 2066//2066
f 432//432 360//360 359//359
f 430//430 429//429 503//503
f 431//431 430//430 503//503
f 218//218 291//291 292//292
f 432//432 433//433 360//360
f 429//429 502//502 503//503
f 426//426 499//499 500//500
f 499//499 426//426 498//498
f 2605//2605 2604//2604 2677//2677
f 2604//2604 2676//2676 2677//2677
f 2384//2384 2385//2385 2312//2312
f 2236//2236 2310//2310 2237//2237
f 2156//2156 2230//2230 2157//2157
f 2230//2230 2156//2156 2229//2229
f 1714//1714 1713//1713 1787//1787
f 1713//1713 1714//1714 1640//1640
f 1639//1639 1713//1713 1640//1640
f 1712//1712 1713//1713 1639//1639
f 1932//1932 1860//1860 1859//1859
f 1860//1860 1861//1861 1787//1787
f 1568//1568 1495//1495 1567//1567
f 1495//1495 1568//1568 1569//1569
f 1568//1568 1567//1567 1640//1640
f 1641//1641 1568//1568 1640//1640
f 1496//1496 1495//1495 1569//1569
f 1860//1860 1934//1934 1861//1861
f 1934//1934 1862//1862 1861//1861
f 1862//1862 1934//1934 1935//1935
f 1716//1716 1717//1717 1644//1644
f 1716//1716 1644//1644 1643//1643
f 1642//1642 1716//1716 1643//1643
f 1425//1425 1352//1352 1351//1351
f 1355//1355 1282//1282 1281//1281
f 1355//1355 1281//1281 1354//1354
f 1355//1355 1356//1356 1283//1283
f 1282//1282 1355//1355 1283//1283
f 1140//1140 1141//1141 1068//1068
f 1288//1288 1215//1215 1214//1214
f 1215//1215 1141//1141 1214//1214
f 1141//1141 1215//1215 1142//1142
f 1063//1063 1062//1062 1136//1136
f 1064//1064 1063//1063 1137//1137
f 1063//1063 1136//1136 1137//1137
f 915//915 989//989 916//916
f 989//989 915//915 988//988
f 1060//1060 1061//1061 988//988
f 1061//1061 1134//1134 1135//1135
f 1062//1062 1061//1061 1135//1135
f 1139//1139 1211//1211 1212//1212
f 2019//2019 2091//2091 2092//2092
f 2164//2164 2091//2091 2090//2090
f 2088//2088 2015//2015 2087//2087
f 2015//2015 2088//2088 2089//2089
f 2161//2161 2088//2088 2087//2087
f 2162//2162 2088//2088 2161//2161
f 2088//2088 2162//2162 2089//2089
f 1943//1943 1944//1944 1870//1870
f 1942//1942 1869//1869 1941//1941
f 1942//1942 1943//1943 1869//1869
f 2014//2014 1942//1942 1941//1941
f 2015//2015 1942//1942 2014//2014
f 1942//1942 2015//2015 2016//2016
f 1943//1943 1942//1942 2016//2016
f 1450//1450 1377//1377 1376//1376
f 1449//1449 1448//1448 1521//1521
f 1447//1447 1448//1448 1375//1375
f 1448//1448 1376//1376 1375//1375
f 1448//1448 1449//1449 1376//1376
f 1522//1522 1449//1449 1521//1521
f 1592//1592 1519//1519 1518//1518
f 1522//1522 1594//1594 1595//1595
f 1594//1594 1522//1522 1521//1521
f 1597//1597 1596//1596 1670//1670
f 1958//1958 1884//1884 1957//1957
f 1884//1884 1958//1958 1885//1885
f 1886//1886 1958//1958 1959//1959
f 1958//1958 1886//1886 1885//1885
f 1960//1960 1886//1886 1959//1959
f 2108//2108 2035//2035 2034//2034
f 2393//2393 2392//2392 2465//2465
f 2172//2172 2098//2098 2171//2171
f 2098//2098 2172//2172 2099//2099
f 2171//2171 2098//2098 2170//2170
f 2174//2174 2173//2173 2246//2246
f 2173//2173 2172//2172 2246//2246
f 2173//2173 2100//2100 2172//2172
f 1953//1953 1880//1880 1879//1879
f 2537//2537 2538//2538 2465//2465
f 2538//2538 2539//2539 2465//2465
f 2538//2538 2537//2537 2610//2610
f 2538//2538 2612//2612 2539//2539
f 2540//2540 2612//2612 2613//2613
f 2612//2612 2540//2540 2539//2539
f 2395//2395 2323//2323 2322//2322
f 2404//2404 2331//2331 2330//2330
f 1380//1380 1379//1379 1452//1452
f 1752//1752 1825//1825 1679//1679
f 2116//2116 2117//2117 2044//2044
f 2117//2117 2336//2336 2628//2628
f 2116//2116 2043//2043 2042//2042
f 2043//2043 2116//2116 2044//2044
f 858//858 931//931 859//859
f 2241//2241 2168//2168 2167//2167
f 2241//2241 2315//2315 2242//2242
f 2315//2315 2241//2241 2314//2314
f 2169//2169 2241//2241 2242//2242
f 2168//2168 2241//2241 2169//2169
f 2168//2168 2094//2094 2167//2167
f 1513//1513 1587//1587 1514//1514
f 1587//1587 1513//1513 1586//1586
f 1440//1440 1513//1513 1514//1514
f 1802//1802 1875//1875 1803//1803
f 1804//1804 1730//1730 1803//1803
f 1731//1731 1730//1730 1804//1804
f 1660//1660 1732//1732 1733//1733
f 1732//1732 1805//1805 1733//1733
f 1658//1658 1585//1585 1657//1657
f 1732//1732 1658//1658 1731//1731
f 1539//1539 1538//1538 1611//1611
f 516//516 443//443 515//515
f 371//371 372//372 299//299
f 371//371 297//297 370//370
f 298//298 297//297 371//371
f 443//443 442//442 515//515
f 1323//1323 1322//1322 1396//1396
f 1394//1394 1322//1322 1321//1321
f 1024//1024 1023//1023 1096//1096
f 867//867 866//866 940//940
f 867//867 794//794 793//793
f 866//866 867//867 793//793
f 795//795 867//867 868//868
f 867//867 795//795 794//794
f 581//581 509//509 508//508
f 1013//1013 1085//1085 1086//1086
f 113//113 114//114 41//41
f 407//407 481//481 408//408
f 334//334 262//262 261//261
f 260//260 334//334 261//261
f 256//256 255//255 329//329
f 256//256 257//257 183//183
f 476//476 403//403 402//402
f 475//475 476//476 402//402
f 106//106 107//107 34//34
f 549//549 622//622 623//623
f 621//621 622//622 549//549
f 694//694 621//621 693//693
f 766//766 694//694 693//693
f 1263//1263 1190//1190 1262//1262
f 1190//1190 1263//1263 1264//1264
f 1472//1472 1399//1399 1398//1398
f 1399//1399 1472//1472 1400//1400
f 1399//1399 1325//1325 1398//1398
f 1325//1325 1399//1399 1326//1326
f 1399//1399 1400//1400 1327//1327
f 1326//1326 1399//1399 1327//1327
f 968//968 895//895 894//894
f 822//822 895//895 896//896
f 966//966 967//967 894//894
f 967//967 968//968 894//894
f 968//968 967//967 1041//1041
f 1039//1039 967//967 966//966
f 820//820 893//893 821//821
f 961//961 1034//1034 1035//1035
f 962//962 961//961 1035//1035
f 961//961 1033//1033 1034//1034
f 961//961 960//960 1033//1033
f 1401//1401 1328//1328 1327//1327
f 1548//1548 1549//1549 1476//1476
f 1474//1474 1402//1402 1401//1401
f 1475//1475 1402//1402 1474//1474
f 230//230 157//157 229//229
f 302//302 230//230 229//229
f 230//230 302//302 303//303
f 665//665 664//664 737//737
f 823//823 822//822 896//896
f 823//823 897//897 824//824
f 897//897 823//823 896//896
f 750//750 823//823 824//824
f 823//823 750//750 749//749
f 822//822 823//823 749//749
f 965//965 964//964 1038//1038
f 964//964 1037//1037 1038//1038
f 1037//1037 964//964 1036//1036
f 311//311 384//384 385//385
f 383//383 384//384 311//311
f 384//384 458//458 385//385
f 749//749 676//676 748//748
f 674//674 747//747 748//748
f 451//451 523//523 524//524
f 668//668 595//595 667//667
f 595//595 668//668 669//669
f 327//327 254//254 326//326
f 620//620 547//547 546//546
f 621//621 620//620 693//693
f 616//616 617//617 543//543
f 619//619 620//620 546//546
f 619//619 692//692 693//693
f 620//620 619//619 693//693
f 825//825 899//899 826//826
f 899//899 825//825 898//898
f 15//15 16//16 18//18
f 89//89 16//16 88//88
f 16//16 15//15 88//88
f 161//161 162//162 89//89
f 752//752 751//751 824//824
f 825//825 752//752 824//824
f 605//605 532//532 604//604
f 532//532 605//605 606//606
f 389//389 390//390 316//316
f 462//462 461//461 534//534
f 312//312 311//311 385//385
f 170//170 98//98 97//97
f 170//170 97//97 96//96
f 169//169 170//170 96//96
f 542//542 469//469 468//468
f 469//469 542//542 470//470
f 179//179 105//105 178//178
f 105//105 179//179 106//106
f 105//105 177//177 178//178
f 105//105 104//104 177//177
f 105//105 106//106 32//32
f 1340//1340 1413//1413 1341//1341
f 1340//1340 1339//1339 1413//1413
f 1269//1269 1268//1268 1341//1341
f 1268//1268 1340//1340 1341//1341
f 1340//1340 1268//1268 1267//1267
f 1268//1268 1269//1269 1195//1195
f 1267//1267 1268//1268 1195//1195
f 1340//1340 1266//1266 1339//1339
f 1266//1266 1340//1340 1267//1267
f 1411//1411 1410//1410 1484//1484
f 1412//1412 1411//1411 1485//1485
f 1411//1411 1484//1484 1485//1485
f 1708//1708 1781//1781 1709//1709
f 1708//1708 1635//1635 1707//1707
f 1636//1636 1708//1708 1709//1709
f 1708//1708 1636//1636 1635//1635
f 1781//1781 1782//1782 1709//1709
f 758//758 757//757 830//830
f 757//757 756//756 830//830
f 1047//1047 1120//1120 1048//1048
f 1120//1120 1047//1047 1046//1046
f 829//829 903//903 830//830
f 904//904 903//903 976//976
f 831//831 758//758 830//830
f 831//831 832//832 758//758
f 903//903 831//831 830//830
f 831//831 903//903 904//904
f 832//832 831//831 905//905
f 831//831 904//904 905//905
f 977//977 904//904 976//976
f 905//905 977//977 978//978
f 904//904 977//977 905//905
f 1124//1124 1125//1125 1052//1052
f 1271//1271 1197//1197 1270//1270
f 1197//1197 1271//1271 1198//1198
f 1125//1125 1197//1197 1198//1198
f 1197//1197 1125//1125 1124//1124
f 1418//1418 1490//1490 1491//1491
f 1565//1565 1638//1638 1566//1566
f 1566//1566 1638//1638 1639//1639
f 341//341 342//342 268//268
f 270//270 343//343 271//271
f 343//343 344//344 271//271
f 704//704 631//631 630//630
f 487//487 560//560 561//561
f 560//560 559//559 632//632
f 556//556 557//557 484//484
f 626//626 554//554 553//553
f 481//481 554//554 482//482
f 556//556 483//483 482//482
f 483//483 556//556 484//484
f 409//409 481//481 482//482
f 481//481 409//409 408//408
f 483//483 409//409 482//482
f 409//409 483//483 410//410
f 409//409 410//410 336//336
f 410//410 337//337 336//336
f 263//263 337//337 264//264
f 337//337 263//263 336//336
f 699//699 626//626 698//698
f 702//702 703//703 630//630
f 703//703 704//704 630//630
f 704//704 777//777 778//778
f 565//565 564//564 637//637
f 638//638 565//565 637//637
f 1153//1153 1152//1152 1225//1225
f 1447//1447 1373//1373 1446//1446
f 1373//1373 1447//1447 1374//1374
f 1373//1373 1445//1445 1446//1446
f 1226//1226 1153//1153 1225//1225
f 1298//1298 1226//1226 1225//1225
f 1226//1226 1298//1298 1299//1299
f 277//277 350//350 351//351
f 276//276 348//348 349//349
f 350//350 276//276 349//349
f 276//276 350//350 277//277
f 56//56 57//57 59//59
f 57//57 58//58 59//59
f 421//421 347//347 420//420
f 348//348 347//347 421//421
f 347//347 348//348 274//274
f 564//564 491//491 490//490
f 347//347 419//419 420//420
f 419//419 347//347 346//346
f 419//419 346//346 345//345
f 418//418 419//419 345//345
f 206//206 278//278 279//279
f 278//278 351//351 279//279
f 278//278 277//277 351//351
f 716//716 643//643 642//642
f 355//355 427//427 428//428
f 355//355 354//354 427//427
f 352//352 353//353 279//279
f 696//696 622//622 695//695
f 622//622 696//696 623//623
f 1366//1366 1438//1438 1439//1439
f 1367//1367 1366//1366 1440//1440
f 1440//1440 1366//1366 1439//1439
f 1364//1364 1437//1437 1438//1438
f 1435//1435 1362//1362 1361//1361
f 1434//1434 1435//1435 1361//1361
f 1282//1282 1210//1210 1209//1209
f 1210//1210 1282//1282 1283//1283
f 1287//1287 1360//1360 1361//1361
f 1360//1360 1287//1287 1359//1359
f 560//560 633//633 634//634
f 633//633 560//560 632//632
f 633//633 707//707 634//634
f 633//633 706//706 707//707
f 705//705 633//633 632//632
f 633//633 705//705 706//706
f 705//705 704//704 778//778
f 706//706 705//705 778//778
f 779//779 706//706 778//778
f 781//781 708//708 707//707
f 919//919 846//846 918//918
f 776//776 848//848 849//849
f 1068//1068 995//995 1067//1067
f 995//995 994//994 1067//1067
f 1983//1983 2055//2055 2056//2056
f 1906//1906 1907//1907 1834//1834
f 1833//1833 1906//1906 1834//1834
f 1760//1760 1833//1833 1761//1761
f 1688//1688 1760//1760 1761//1761
f 1759//1759 1760//1760 1686//1686
f 1619//1619 1546//1546 1618//1618
f 1617//1617 1691//1691 1618//1618
f 1691//1691 1619//1619 1618//1618
f 1691//1691 1692//1692 1619//1619
f 1546//1546 1545//1545 1618//1618
f 2343//2343 2271//2271 2270//2270
f 2343//2343 2344//2344 2271//2271
f 2602//2602 2528//2528 2601//2601
f 2676//2676 2602//2602 2675//2675
f 2602//2602 2529//2529 2528//2528
f 2224//2224 2151//2151 2150//2150
f 2151//2151 2077//2077 2150//2150
f 2079//2079 2151//2151 2152//2152
f 2436//2436 2435//2435 2508//2508
f 2361//2361 2362//2362 2289//2289
f 2440//2440 2441//2441 2368//2368
f 2367//2367 2440//2440 2368//2368
f 2361//2361 2287//2287 2360//2360
f 2287//2287 2286//2286 2360//2360
f 2201//2201 2200//2200 2273//2273
f 2274//2274 2201//2201 2273//2273
f 2348//2348 2274//2274 2347//2347
f 2497//2497 2570//2570 2571//2571
f 2644//2644 2570//2570 2643//2643
f 2571//2571 2570//2570 2644//2644
f 2204//2204 2131//2131 2203//2203
f 2203//2203 2130//2130 2129//2129
f 2131//2131 2130//2130 2203//2203
f 2129//2129 2130//2130 2056//2056
f 2425//2425 2424//2424 2498//2498
f 2424//2424 2497//2497 2498//2498
f 1921//1921 1849//1849 1848//1848
f 1695//1695 1696//1696 1622//1622
f 1696//1696 1623//1623 1622//1622
f 1625//1625 1624//1624 1697//1697
f 1480//1480 1553//1553 1481//1481
f 505//505 578//578 506//506
f 433//433 505//505 506//506
f 505//505 433//433 432//432
f 505//505 432//432 431//431
f 430//430 356//356 429//429
f 436//436 435//435 508//508
f 507//507 581//581 508//508
f 2382//2382 2381//2381 2454//2454
f 2455//2455 2382//2382 2454//2454
f 2382//2382 2455//2455 2456//2456
f 2311//2311 2384//2384 2312//2312
f 1785//1785 1713//1713 1712//1712
f 1864//1864 1863//1863 1937//1937
f 1937//1937 1863//1863 1936//1936
f 1935//1935 2007//2007 2008//2008
f 1934//1934 2007//2007 1935//1935
f 2007//2007 1933//1933 2006//2006
f 1933//1933 2007//2007 1934//1934
f 1933//1933 1860//1860 1932//1932
f 1933//1933 1934//1934 1860//1860
f 1715//1715 1714//1714 1787//1787
f 1788//1788 1715//1715 1787//1787
f 1715//1715 1716//1716 1642//1642
f 992//992 1066//1066 993//993
f 1066//1066 992//992 1065//1065
f 1139//1139 1138//1138 1211//1211
f 1944//1944 1871//1871 1870//1870
f 1871//1871 1872//1872 1798//1798
f 1870//1870 1871//1871 1798//1798
f 1871//1871 1945//1945 1872//1872
f 1945//1945 1871//1871 1944//1944
f 1520//1520 1519//1519 1592//1592
f 1812//1812 1811//1811 1885//1885
f 1811//1811 1884//1884 1885//1885
f 1884//1884 1811//1811 1883//1883
f 1811//1811 1810//1810 1883//1883
f 1887//1887 1886//1886 1960//1960
f 2539//2539 2466//2466 2465//2465
f 2466//2466 2393//2393 2465//2465
f 2170//2170 2097//2097 2096//2096
f 2098//2098 2097//2097 2170//2170
f 2097//2097 2023//2023 2096//2096
f 2097//2097 2024//2024 2023//2023
f 1952//1952 1951//1951 2024//2024
f 1951//1951 1952//1952 1879//1879
f 1952//1952 1953//1953 1879//1879
f 2611//2611 2538//2538 2610//2610
f 2611//2611 2612//2612 2538//2538
f 2176//2176 2250//2250 2177//2177
f 2250//2250 2176//2176 2249//2249
f 2396//2396 2323//2323 2395//2395
f 2111//2111 2184//2184 2112//2112
f 1454//1454 1380//1380 1453//1453
f 1825//1825 1971//1971 2701//2701
f 1898//1898 1971//1971 1825//1825
f 2117//2117 1971//1971 2044//2044
f 1747//1747 1746//1746 1819//1819
f 1820//1820 1747//1747 1819//1819
f 719//719 792//792 793//793
f 865//865 938//938 866//866
f 857//857 931//931 858//858
f 2239//2239 2240//2240 2167//2167
f 2240//2240 2241//2241 2167//2167
f 2095//2095 2094//2094 2168//2168
f 2166//2166 2239//2239 2167//2167
f 1801//1801 1728//1728 1727//1727
f 1801//1801 1727//1727 1800//1800
f 1728//1728 1801//1801 1729//1729
f 1801//1801 1802//1802 1729//1729
f 1659//1659 1587//1587 1586//1586
f 1659//1659 1660//1660 1587//1587
f 1585//1585 1659//1659 1586//1586
f 1658//1658 1659//1659 1585//1585
f 1659//1659 1732//1732 1660//1660
f 1659//1659 1658//1658 1732//1732
f 1465//1465 1539//1539 1466//1466
f 1465//1465 1538//1538 1539//1539
f 1465//1465 1464//1464 1537//1537
f 1538//1538 1465//1465 1537//1537
f 1608//1608 1536//1536 1535//1535
f 520//520 447//447 446//446
f 519//519 520//520 446//446
f 1249//1249 1248//1248 1321//1321
f 1322//1322 1249//1249 1321//1321
f 1251//1251 1324//1324 1252//1252
f 1324//1324 1325//1325 1252//1252
f 1322//1322 1395//1395 1396//1396
f 1394//1394 1395//1395 1322//1322
f 1097//1097 1024//1024 1096//1096
f 878//878 951//951 879//879
f 951//951 952//952 879//879
f 1167//1167 1168//1168 1094//1094
f 1167//1167 1166//1166 1239//1239
f 1167//1167 1239//1239 1240//1240
f 581//581 582//582 509//509
f 726//726 653//653 652//652
f 407//407 480//480 481//481
f 333//333 334//334 260//260
f 334//334 335//335 262//262
f 767//767 694//694 766//766
f 841//841 767//767 840//840
f 1188//1188 1187//1187 1261//1261
f 1192//1192 1191//1191 1264//1264
f 1191//1191 1190//1190 1264//1264
f 1191//1191 1192//1192 1119//1119
f 1118//1118 1191//1191 1119//1119
f 1117//1117 1191//1191 1118//1118
f 1191//1191 1117//1117 1190//1190
f 1473//1473 1474//1474 1400//1400
f 1472//1472 1473//1473 1400//1400
f 1545//1545 1473//1473 1472//1472
f 1473//1473 1545//1545 1546//1546
f 1547//1547 1475//1475 1474//1474
f 1475//1475 1547//1547 1548//1548
f 967//967 1040//1040 1041//1041
f 1040//1040 967//967 1039//1039
f 818//818 819//819 746//746
f 1037//1037 1109//1109 1110//1110
f 1109//1109 1037//1037 1036//1036
f 447//447 373//373 446//446
f 373//373 445//445 446//446
f 445//445 373//373 372//372
f 159//159 231//231 232//232
f 231//231 159//159 158//158
f 231//231 158//158 157//157
f 230//230 231//231 157//157
f 670//670 597//597 669//669
f 597//597 670//670 671//671
f 525//525 451//451 524//524
f 964//964 963//963 1036//1036
f 530//530 603//603 604//604
f 676//676 603//603 602//602
f 384//384 457//457 458//458
f 676//676 675//675 748//748
f 675//675 674//674 748//748
f 675//675 676//676 602//602
f 672//672 671//671 745//745
f 450//450 523//523 451//451
f 595//595 594//594 667//667
f 596//596 597//597 524//524
f 523//523 596//596 524//524
f 597//597 596//596 669//669
f 596//596 595//595 669//669
f 255//255 328//328 329//329
f 617//617 544//544 543//543
f 545//545 618//618 546//546
f 618//618 619//619 546//546
f 828//828 900//900 901//901
f 900//900 828//828 827//827
f 900//900 827//827 826//826
f 899//899 900//900 826//826
f 16//16 17//17 18//18
f 17//17 91//91 18//18
f 17//17 90//90 91//91
f 14//14 15//15 18//18
f 457//457 531//531 458//458
f 531//531 457//457 530//530
f 531//531 530//530 604//604
f 532//532 531//531 604//604
f 533//533 532//532 606//606
f 679//679 607//607 606//606
f 680//680 607//607 679//679
f 460//460 533//533 534//534
f 461//461 460//460 534//534
f 535//535 462//462 534//534
f 98//98 171//171 172//172
f 170//170 171//171 98//98
f 173//173 100//100 172//172
f 100//100 99//99 172//172
f 1337//1337 1336//1336 1409//1409
f 1410//1410 1337//1337 1409//1409
f 902//902 903//903 829//829
f 1123//1123 1122//1122 1196//1196
f 1122//1122 1195//1195 1196//1196
f 1417//1417 1416//1416 1490//1490
f 1418//1418 1417//1417 1490//1490
f 190//190 117//117 116//116
f 189//189 190//190 116//116
f 46//46 47//47 49//49
f 43//43 46//46 49//49
f 46//46 43//43 45//45
f 47//47 48//48 49//49
f 267//267 339//339 340//340
f 488//488 487//487 561//561
f 555//555 556//556 482//482
f 554//554 555//555 482//482
f 774//774 700//700 773//773
f 700//700 699//699 772//772
f 700//700 772//772 773//773
f 1443//1443 1444//1444 1371//1371
f 1443//1443 1516//1516 1444//1444
f 1300//1300 1373//1373 1374//1374
f 1445//1445 1372//1372 1371//1371
f 1373//1373 1372//1372 1445//1445
f 1372//1372 1298//1298 1371//1371
f 1298//1298 1372//1372 1299//1299
f 1372//1372 1300//1300 1299//1299
f 1300//1300 1372//1372 1373//1373
f 202//202 201//201 274//274
f 348//348 275//275 274//274
f 276//276 275//275 348//348
f 275//275 202//202 274//274
f 205//205 278//278 206//206
f 280//280 206//206 279//279
f 206//206 280//280 207//207
f 353//353 280//280 279//279
f 1073//1073 999//999 1072//1072
f 999//999 1073//1073 1000//1000
f 1366//1366 1365//1365 1438//1438
f 1365//1365 1364//1364 1438//1438
f 1292//1292 1365//1365 1293//1293
f 1365//1365 1366//1366 1293//1293
f 1364//1364 1365//1365 1291//1291
f 1365//1365 1292//1292 1291//1291
f 780//780 781//781 707//707
f 706//706 780//780 707//707
f 779//779 780//780 706//706
f 856//856 855//855 928//928
f 855//855 856//856 783//783
f 845//845 846//846 773//773
f 772//772 845//845 773//773
f 846//846 845//845 918//918
f 775//775 776//776 703//703
f 775//775 703//703 702//702
f 848//848 775//775 774//774
f 776//776 775//775 848//848
f 1983//1983 1982//1982 2055//2055
f 1687//1687 1760//1760 1688//1688
f 1760//1760 1687//1687 1686//1686
f 1613//1613 1687//1687 1614//1614
f 1686//1686 1687//1687 1613//1613
f 1830//1830 1903//1903 1904//1904
f 1839//1839 1766//1766 1838//1838
f 1766//1766 1765//1765 1838//1838
f 2604//2604 2603//2603 2676//2676
f 2603//2603 2602//2602 2676//2676
f 2509//2509 2436//2436 2508//2508
f 2583//2583 2509//2509 2582//2582
f 2509//2509 2583//2583 2510//2510
f 2513//2513 2585//2585 2586//2586
f 2585//2585 2513//2513 2512//2512
f 2584//2584 2511//2511 2583//2583
f 2583//2583 2511//2511 2510//2510
f 2585//2585 2511//2511 2584//2584
f 2511//2511 2585//2585 2512//2512
f 2219//2219 2291//2291 2292//2292
f 2291//2291 2219//2219 2218//2218
f 2292//2292 2366//2366 2293//2293
f 2288//2288 2361//2361 2289//2289
f 2288//2288 2287//2287 2361//2361
f 2002//2002 2074//2074 2075//2075
f 1854//1854 1927//1927 1928//1928
f 2348//2348 2275//2275 2274//2274
f 1772//1772 1698//1698 1771//1771
f 1698//1698 1625//1625 1697//1697
f 1549//1549 1550//1550 1476//1476
f 2279//2279 2206//2206 2205//2205
f 2207//2207 2206//2206 2279//2279
f 1986//1986 2059//2059 1987//1987
f 2134//2134 2206//2206 2207//2207
f 2206//2206 2134//2134 2133//2133
f 1990//1990 2063//2063 1991//1991
f 2063//2063 2064//2064 1991//1991
f 504//504 431//431 503//503
f 504//504 505//505 431//431
f 358//358 430//430 431//431
f 358//358 432//432 359//359
f 432//432 358//358 431//431
f 434//434 361//361 360//360
f 433//433 434//434 360//360
f 434//434 435//435 362//362
f 361//361 434//434 362//362
f 507//507 580//580 581//581
f 2309//2309 2310//2310 2236//2236
f 2383//2383 2382//2382 2456//2456
f 1713//1713 1786//1786 1787//1787
f 1785//1785 1786//1786 1713//1713
f 2151//2151 2078//2078 2077//2077
f 2078//2078 2151//2151 2079//2079
f 2078//2078 2004//2004 2077//2077
f 2078//2078 2005//2005 2004//2004
f 2078//2078 2079//2079 2006//2006
f 2005//2005 2078//2078 2006//2006
f 2018//2018 2091//2091 2019//2019
f 2018//2018 2019//2019 1946//1946
f 1945//1945 2018//2018 1946//1946
f 1593//1593 1520//1520 1592//1592
f 2109//2109 2181//2181 2182//2182
f 2181//2181 2109//2109 2108//2108
f 2025//2025 1952//1952 2024//2024
f 2321//2321 2394//2394 2395//2395
f 2321//2321 2395//2395 2322//2322
f 1307//1307 1306//1306 1379//1379
f 1307//1307 1379//1379 1380//1380
f 1454//1454 1381//1381 1380//1380
f 1307//1307 1381//1381 1308//1308
f 1381//1381 1307//1307 1380//1380
f 1596//1596 1669//1669 1670//1670
f 1012//1012 1085//1085 1013//1013
f 1012//1012 1013//1013 940//940
f 931//931 932//932 859//859
f 932//932 931//931 1004//1004
f 1005//1005 932//932 1004//1004
f 857//857 930//930 931//931
f 1608//1608 1609//1609 1536//1536
f 518//518 444//444 517//517
f 444//444 518//518 445//445
f 445//445 518//518 446//446
f 518//518 519//519 446//446
f 405//405 332//332 404//404
f 332//332 331//331 404//404
f 769//769 768//768 841//841
f 768//768 767//767 841//841
f 694//694 768//768 695//695
f 767//767 768//768 694//694
f 1190//1190 1189//1189 1262//1262
f 1110//1110 1182//1182 1183//1183
f 1109//1109 1182//1182 1110//1110
f 1693//1693 1765//1765 1766//1766
f 1765//1765 1693//1693 1692//1692
f 738//738 665//665 737//737
f 738//738 810//810 811//811
f 738//738 737//737 810//810
f 525//525 452//452 451//451
f 452//452 525//525 453//453
f 452//452 453//453 380//380
f 452//452 378//378 451//451
f 453//453 454//454 380//380
f 746//746 673//673 745//745
f 673//673 672//672 745//745
f 598//598 597//597 671//671
f 597//597 598//598 524//524
f 598//598 525//525 524//524
f 159//159 86//86 158//158
f 11//11 12//12 10//10
f 10//10 12//12 18//18
f 12//12 14//14 18//18
f 387//387 461//461 388//388
f 387//387 460//460 461//461
f 531//531 459//459 458//458
f 459//459 531//531 532//532
f 555//555 629//629 556//556
f 629//629 702//702 630//630
f 557//557 629//629 630//630
f 629//629 557//557 556//556
f 701//701 700//700 774//774
f 701//701 775//775 702//702
f 775//775 701//701 774//774
f 629//629 701//701 702//702
f 1370//1370 1443//1443 1371//1371
f 1370//1370 1298//1298 1297//1297
f 1298//1298 1370//1370 1371//1371
f 1077//1077 1078//1078 1004//1004
f 1078//1078 1005//1005 1004//1004
f 1224//1224 1150//1150 1223//1223
f 1223//1223 1150//1150 1222//1222
f 1150//1150 1149//1149 1222//1222
f 1301//1301 1300//1300 1374//1374
f 200//200 273//273 274//274
f 782//782 855//855 783//783
f 2130//2130 2057//2057 2056//2056
f 2057//2057 1983//1983 2056//2056
f 2057//2057 1984//1984 1983//1983
f 1831//1831 1830//1830 1904//1904
f 1690//1690 1691//1691 1617//1617
f 2365//2365 2366//2366 2292//2292
f 2001//2001 2074//2074 2002//2002
f 2001//2001 1929//1929 1928//1928
f 1929//1929 2001//2001 2002//2002
f 1927//1927 2001//2001 1928//1928
f 1926//1926 1927//1927 1854//1854
f 1849//1849 1923//1923 1850//1850
f 1843//1843 1844//1844 1771//1771
f 1699//1699 1698//1698 1772//1772
f 1551//1551 1625//1625 1552//1552
f 1551//1551 1624//1624 1625//1625
f 1624//1624 1551//1551 1623//1623
f 1551//1551 1550//1550 1623//1623
f 1550//1550 1477//1477 1476//1476
f 2059//2059 2060//2060 1987//1987
f 2138//2138 2211//2211 2139//2139
f 2211//2211 2212//2212 2139//2139
f 1456//1456 1382//1382 1455//1455
f 1382//1382 1454//1454 1455//1455
f 1382//1382 1381//1381 1454//1454
f 939//939 1012//1012 940//940
f 866//866 939//939 940//940
f 938//938 939//939 866//866
f 936//936 1010//1010 937//937
f 1010//1010 936//936 1009//1009
f 1463//1463 1391//1391 1390//1390
f 1464//1464 1391//1391 1463//1463
f 1391//1391 1318//1318 1390//1390
f 1536//1536 1610//1610 1537//1537
f 1609//1609 1610//1610 1536//1536
f 374//374 373//373 447//447
f 374//374 300//300 373//373
f 300//300 374//374 301//301
f 454//454 381//381 380//380
f 525//525 526//526 453//453
f 598//598 526//526 525//525
f 12//12 13//13 14//14
f 86//86 85//85 158//158
f 265//265 338//338 339//339
f 266//266 267//267 194//194
f 193//193 266//266 194//194
f 266//266 339//339 267//267
f 266//266 265//265 339//339
f 628//628 629//629 555//555
f 628//628 701//701 629//629
f 1151//1151 1150//1150 1224//1224
f 1150//1150 1151//1151 1077//1077
f 1151//1151 1078//1078 1077//1077
f 201//201 129//129 128//128
f 202//202 129//129 201//201
f 1910//1910 1909//1909 1982//1982
f 1910//1910 1982//1982 1983//1983
f 1471//1471 1472//1472 1398//1398
f 1471//1471 1470//1470 1544//1544
f 1470//1470 1543//1543 1544//1544
f 2000//2000 2001//2001 1927//1927
f 2074//2074 2000//2000 2073//2073
f 2001//2001 2000//2000 2074//2074
f 1924//1924 1923//1923 1996//1996
f 1922//1922 1849//1849 1921//1921
f 1922//1922 1923//1923 1849//1849
f 1923//1923 1922//1922 1996//1996
f 1994//1994 1922//1922 1921//1921
f 1770//1770 1843//1843 1771//1771
f 1770//1770 1698//1698 1697//1697
f 1698//1698 1770//1770 1771//1771
f 1551//1551 1478//1478 1550//1550
f 1478//1478 1477//1477 1550//1550
f 357//357 356//356 430//430
f 358//358 357//357 430//430
f 286//286 285//285 359//359
f 285//285 358//358 359//359
f 2449//2449 2521//2521 2522//2522
f 2449//2449 2448//2448 2521//2521
f 1383//1383 1382//1382 1456//1456
f 1383//1383 1310//1310 1309//1309
f 1382//1382 1383//1383 1309//1309
f 1083//1083 1155//1155 1156//1156
f 1155//1155 1083//1083 1082//1082
f 1683//1683 1610//1610 1609//1609
f 1682//1682 1683//1683 1609//1609
f 599//599 526//526 598//598
f 379//379 452//452 380//380
f 452//452 379//379 378//378
f 307//307 379//379 380//380
f 306//306 379//379 307//307
f 627//627 554//554 626//626
f 701//701 627//627 700//700
f 628//628 627//627 701//701
f 204//204 131//131 130//130
f 1853//1853 1926//1926 1854//1854
f 1925//1925 1852//1852 1851//1851
f 1924//1924 1925//1925 1851//1851
f 2068//2068 1994//1994 2067//2067
f 1156//1156 1228//1228 1229//1229
f 1155//1155 1228//1228 1156//1156
f 203//203 275//275 276//276
f 275//275 203//203 202//202
f 204//204 203//203 277//277
f 203//203 276//276 277//277
f 203//203 204//204 130//130
f 1926//1926 1999//1999 1927//1927
f 1999//1999 2000//2000 1927//1927
f 2068//2068 1995//1995 1994//1994
f 1922//1922 1995//1995 1996//1996
f 1994//1994 1995//1995 1922//1922
f 2287//2287 2213//2213 2286//2286
f 2213//2213 2140//2140 2139//2139
f 2212//2212 2213//2213 2139//2139
f 1227//1227 1226//1226 1299//1299
f 1300//1300 1227//1227 1299//1299
f 1228//1228 1227//1227 1301//1301
f 1301//1301 1227//1227 1300//1300
f 1997//1997 1924//1924 1996//1996
f 2214//2214 2213//2213 2287//2287
f 2069//2069 2142//2142 2070//2070
f 1998//1998 1925//1925 1924//1924
f 1997//1997 1998//1998 1924//1924
f 2142//2142 2143//2143 2070//2070
f 2143//2143 2215//2215 2216//2216
f 2143//2143 2142//2142 2215//2215
f 511//511 584//584 2701//2701
f 584//584 730//730 2701//2701
f 2630//2630 2557//2557 2629//2629
f 2557//2557 2556//2556 2629//2629
f 2558//2558 2557//2557 2631//2631
f 2557//2557 2630//2630 2631//2631
f 2485//2485 2559//2559 2486//2486
f 2559//2559 2485//2485 2558//2558
f 60//60 62//62 64//64
f 62//62 60//60 61//61
f 60//60 64//64 59//59
f 2587//2587 2659//2659 2660//2660
f 2659//2659 2587//2587 2586//2586
f 145//145 146//146 73//73
f 72//72 145//145 73//73
f 2691//2691 2618//2618 2690//2690
f 2690//2690 2618//2618 2617//2617
f 1722//1722 1796//1796 1723//1723
f 1796//1796 1722//1722 1795//1795
f 2327//2327 2253//2253 2326//2326
f 2253//2253 2327//2327 2254//2254
f 2179//2179 2253//2253 2180//2180
f 2253//2253 2179//2179 2252//2252
f 2632//2632 2560//2560 2559//2559
f 2560//2560 2632//2632 2633//2633
f 2485//2485 2484//2484 2558//2558
f 2484//2484 2557//2557 2558//2558
f 585//585 659//659 586//586
f 659//659 585//585 658//658
f 135//135 62//62 61//61
f 134//134 135//135 61//61
f 763//763 837//837 764//764
f 837//837 763//763 836//836
f 1973//1973 1899//1899 1972//1972
f 1899//1899 1973//1973 1900//1900
f 2616//2616 2690//2690 2617//2617
f 2616//2616 2689//2689 2690//2690
f 2481//2481 2555//2555 2482//2482
f 2555//2555 2481//2481 2554//2554
f 2555//2555 2627//2627 2628//2628
f 2555//2555 2554//2554 2627//2627
f 2474//2474 2546//2546 2547//2547
f 2546//2546 2474//2474 2473//2473
f 2548//2548 2474//2474 2547//2547
f 2474//2474 2548//2548 2475//2475
f 1937//1937 2011//2011 1938//1938
f 2011//2011 1937//1937 2010//2010
f 2474//2474 2401//2401 2473//2473
f 2401//2401 2400//2400 2473//2473
f 2256//2256 2182//2182 2255//2255
f 2182//2182 2256//2256 2183//2183
f 1652//1652 1578//1578 1651//1651
f 1578//1578 1652//1652 1579//1579
f 2557//2557 2483//2483 2556//2556
f 2484//2484 2483//2483 2557//2557
f 2483//2483 2484//2484 2411//2411
f 2410//2410 2483//2483 2411//2411
f 1316//1316 1388//1388 1389//1389
f 1388//1388 1316//1316 1315//1315
f 1388//1388 1462//1462 1389//1389
f 1462//1462 1388//1388 1461//1461
f 1462//1462 1463//1463 1390//1390
f 1389//1389 1462//1462 1390//1390
f 804//804 732//732 731//731
f 732//732 804//804 805//805
f 732//732 659//659 658//658
f 731//731 732//732 658//658
f 878//878 804//804 877//877
f 804//804 878//878 805//805
f 806//806 878//878 879//879
f 878//878 806//806 805//805
f 730//730 803//803 2701//2701
f 803//803 949//949 2701//2701
f 691//691 763//763 764//764
f 763//763 691//691 690//690
f 1260//1260 1333//1333 1261//1261
f 1333//1333 1334//1334 1261//1261
f 1333//1333 1260//1260 1259//1259
f 1332//1332 1333//1333 1259//1259
f 97//97 23//23 96//96
f 23//23 97//97 24//24
f 1054//1054 982//982 981//981
f 1055//1055 982//982 1054//1054
f 1127//1127 1199//1199 1200//1200
f 1199//1199 1127//1127 1126//1126
f 1203//1203 1276//1276 1277//1277
f 1203//1203 1277//1277 1204//1204
f 1202//1202 1203//1203 1129//1129
f 1203//1203 1130//1130 1129//1129
f 1203//1203 1131//1131 1130//1130
f 1131//1131 1203//1203 1204//1204
f 208//208 135//135 134//134
f 207//207 208//208 134//134
f 1445//1445 1444//1444 1517//1517
f 1518//1518 1445//1445 1517//1517
f 1131//1131 1058//1058 1130//1130
f 1058//1058 1057//1057 1130//1130
f 1132//1132 1058//1058 1131//1131
f 1058//1058 1132//1132 1059//1059
f 986//986 1058//1058 1059//1059
f 1058//1058 986//986 985//985
f 986//986 912//912 985//985
f 912//912 986//986 913//913
f 910//910 837//837 836//836
f 909//909 910//910 836//836
f 982//982 908//908 981//981
f 908//908 982//982 909//909
f 1278//1278 1277//1277 1350//1350
f 1278//1278 1350//1350 1351//1351
f 2419//2419 2345//2345 2418//2418
f 2345//2345 2419//2419 2346//2346
f 2491//2491 2418//2418 2417//2417
f 2490//2490 2491//2491 2417//2417
f 2419//2419 2491//2491 2492//2492
f 2491//2491 2419//2419 2418//2418
f 2412//2412 2484//2484 2485//2485
f 2484//2484 2412//2412 2411//2411
f 2338//2338 2410//2410 2411//2411
f 2410//2410 2338//2338 2337//2337
f 2338//2338 2412//2412 2339//2339
f 2412//2412 2338//2338 2411//2411
f 2051//2051 1978//1978 1977//1977
f 2051//2051 1977//1977 2050//2050
f 2595//2595 2596//2596 2522//2522
f 2596//2596 2523//2523 2522//2522
f 2430//2430 2504//2504 2431//2431
f 2504//2504 2430//2430 2503//2503
f 2358//2358 2430//2430 2431//2431
f 2430//2430 2358//2358 2357//2357
f 2575//2575 2648//2648 2649//2649
f 2576//2576 2575//2575 2649//2649
f 2571//2571 2645//2645 2572//2572
f 2571//2571 2644//2644 2645//2645
f 71//71 145//145 72//72
f 145//145 71//71 144//144
f 575//575 574//574 647//647
f 575//575 647//647 648//648
f 2661//2661 2589//2589 2588//2588
f 2589//2589 2661//2661 2662//2662
f 2591//2591 2590//2590 2664//2664
f 2590//2590 2663//2663 2664//2664
f 2590//2590 2589//2589 2662//2662
f 2590//2590 2662//2662 2663//2663
f 2688//2688 2615//2615 2687//2687
f 2615//2615 2614//2614 2687//2687
f 2541//2541 2615//2615 2542//2542
f 2615//2615 2541//2541 2614//2614
f 2689//2689 2615//2615 2688//2688
f 2616//2616 2615//2615 2689//2689
f 2535//2535 2607//2607 2608//2608
f 2607//2607 2535//2535 2534//2534
f 2681//2681 2607//2607 2680//2680
f 2608//2608 2607//2607 2681//2681
f 2461//2461 2535//2535 2462//2462
f 2535//2535 2461//2461 2534//2534
f 2408//2408 2481//2481 2482//2482
f 2408//2408 2482//2482 2409//2409
f 2696//2696 2623//2623 2695//2695
f 2695//2695 2623//2623 2622//2622
f 2623//2623 2549//2549 2622//2622
f 2623//2623 2550//2550 2549//2549
f 2550//2550 2477//2477 2549//2549
f 2477//2477 2476//2476 2549//2549
f 2623//2623 2551//2551 2550//2550
f 2551//2551 2623//2623 2624//2624
f 2625//2625 2551//2551 2624//2624
f 2551//2551 2625//2625 2552//2552
f 2627//2627 2700//2700 2628//2628
f 2628//2628 2700//2700 2701//2701
f 2697//2697 2623//2623 2696//2696
f 2623//2623 2697//2697 2624//2624
f 2697//2697 2625//2625 2624//2624
f 2625//2625 2697//2697 2698//2698
f 2619//2619 2618//2618 2691//2691
f 2619//2619 2691//2691 2692//2692
f 2619//2619 2546//2546 2545//2545
f 2618//2618 2619//2619 2545//2545
f 2546//2546 2620//2620 2547//2547
f 2619//2619 2620//2620 2546//2546
f 2620//2620 2619//2619 2692//2692
f 2693//2693 2620//2620 2692//2692
f 2154//2154 2081//2081 2080//2080
f 2154//2154 2080//2080 2153//2153
f 2154//2154 2082//2082 2081//2081
f 2082//2082 2154//2154 2155//2155
f 2226//2226 2225//2225 2299//2299
f 2299//2299 2225//2225 2298//2298
f 1350//1350 1424//1424 1351//1351
f 1423//1423 1424//1424 1350//1350
f 1718//1718 1791//1791 1792//1792
f 1718//1718 1792//1792 1719//1719
f 1791//1791 1864//1864 1792//1792
f 1864//1864 1865//1865 1792//1792
f 1864//1864 1937//1937 1938//1938
f 1865//1865 1864//1864 1938//1938
f 1576//1576 1503//1503 1575//1575
f 1503//1503 1502//1502 1575//1575
f 1503//1503 1430//1430 1429//1429
f 1502//1502 1503//1503 1429//1429
f 1796//1796 1797//1797 1723//1723
f 1797//1797 1724//1724 1723//1723
f 1797//1797 1869//1869 1870//1870
f 1869//1869 1797//1797 1796//1796
f 1955//1955 1956//1956 1882//1882
f 1956//1956 1883//1883 1882//1882
f 2613//2613 2686//2686 2687//2687
f 2614//2614 2613//2613 2687//2687
f 2472//2472 2546//2546 2473//2473
f 2546//2546 2472//2472 2545//2545
f 2618//2618 2544//2544 2617//2617
f 2544//2544 2618//2618 2545//2545
f 2472//2472 2544//2544 2545//2545
f 2544//2544 2472//2472 2471//2471
f 2325//2325 2253//2253 2252//2252
f 2253//2253 2325//2325 2326//2326
f 2327//2327 2328//2328 2254//2254
f 2328//2328 2255//2255 2254//2254
f 2400//2400 2328//2328 2327//2327
f 2401//2401 2328//2328 2400//2400
f 2477//2477 2403//2403 2476//2476
f 2403//2403 2477//2477 2404//2404
f 2408//2408 2480//2480 2481//2481
f 2480//2480 2408//2408 2407//2407
f 2481//2481 2480//2480 2554//2554
f 2554//2554 2480//2480 2553//2553
f 2406//2406 2480//2480 2407//2407
f 2479//2479 2480//2480 2406//2406
f 2480//2480 2552//2552 2553//2553
f 2480//2480 2479//2479 2552//2552
f 2261//2261 2260//2260 2334//2334
f 2260//2260 2333//2333 2334//2334
f 1725//1725 1799//1799 1726//1726
f 1799//1799 1725//1725 1798//1798
f 1722//1722 1649//1649 1721//1721
f 1649//1649 1648//1648 1721//1721
f 1577//1577 1503//1503 1576//1576
f 1503//1503 1577//1577 1504//1504
f 1583//1583 1656//1656 1584//1584
f 1656//1656 1657//1657 1584//1584
f 1655//1655 1656//1656 1582//1582
f 1656//1656 1583//1583 1582//1582
f 1654//1654 1653//1653 1726//1726
f 1727//1727 1654//1654 1726//1726
f 1736//1736 1737//1737 1664//1664
f 1663//1663 1736//1736 1664//1664
f 2031//2031 1958//1958 2030//2030
f 1958//1958 1957//1957 2030//2030
f 1958//1958 2032//2032 1959//1959
f 1958//1958 2031//2031 2032//2032
f 1662//1662 1736//1736 1663//1663
f 1736//1736 1662//1662 1735//1735
f 1590//1590 1662//1662 1663//1663
f 1589//1589 1662//1662 1590//1590
f 1973//1973 1901//1901 1900//1900
f 1974//1974 1901//1901 1973//1973
f 9//9 8//8 81//81
f 82//82 9//9 81//81
f 1317//1317 1316//1316 1389//1389
f 1317//1317 1389//1389 1390//1390
f 661//661 733//733 734//734
f 733//733 661//661 660//660
f 733//733 732//732 805//805
f 806//806 733//733 805//805
f 1172//1172 1244//1244 1245//1245
f 1244//1244 1172//1172 1171//1171
f 1019//1019 947//947 946//946
f 947//947 1019//1019 1020//1020
f 948//948 1021//1021 1022//1022
f 949//949 948//948 1022//1022
f 948//948 875//875 874//874
f 947//947 948//948 874//874
f 1021//1021 948//948 1020//1020
f 948//948 947//947 1020//1020
f 1016//1016 944//944 943//943
f 1017//1017 944//944 1016//1016
f 1017//1017 1090//1090 1018//1018
f 1090//1090 1091//1091 1018//1018
f 724//724 652//652 651//651
f 652//652 724//724 725//725
f 1014//1014 1087//1087 1015//1015
f 1015//1015 1087//1087 1088//1088
f 1087//1087 1014//1014 1013//1013
f 1087//1087 1013//1013 1086//1086
f 1159//1159 1087//1087 1086//1086
f 1087//1087 1159//1159 1160//1160
f 478//478 551//551 479//479
f 551//551 552//552 479//479
f 839//839 912//912 913//913
f 839//839 913//913 840//840
f 837//837 765//765 764//764
f 765//765 837//837 838//838
f 765//765 839//839 766//766
f 839//839 765//765 838//838
f 1258//1258 1332//1332 1259//1259
f 1332//1332 1258//1258 1331//1331
f 1414//1414 1413//1413 1486//1486
f 1487//1487 1414//1414 1486//1486
f 1342//1342 1414//1414 1415//1415
f 1414//1414 1342//1342 1341//1341
f 1336//1336 1408//1408 1409//1409
f 1408//1408 1336//1336 1335//1335
f 399//399 325//325 398//398
f 325//325 399//399 326//326
f 472//472 399//399 398//398
f 472//472 398//398 471//471
f 541//541 467//467 540//540
f 467//467 541//541 468//468
f 467//467 539//539 540//540
f 539//539 467//467 466//466
f 540//540 539//539 613//613
f 539//539 612//612 613//613
f 391//391 465//465 392//392
f 465//465 391//391 464//464
f 827//827 754//754 826//826
f 754//754 753//753 826//826
f 750//750 751//751 677//677
f 677//677 751//751 678//678
f 391//391 463//463 464//464
f 463//463 391//391 390//390
f 311//311 238//238 310//310
f 310//310 238//238 237//237
f 18//18 92//92 19//19
f 91//91 92//92 18//18
f 325//325 397//397 398//398
f 397//397 325//325 324//324
f 323//323 397//397 324//324
f 396//396 397//397 323//323
f 395//395 467//467 468//468
f 467//467 395//395 394//394
f 250//250 249//249 323//323
f 323//323 249//249 322//322
f 23//23 25//25 22//22
f 25//25 23//23 24//24
f 26//26 27//27 2//2
f 27//27 30//30 2//2
f 1130//1130 1056//1056 1129//1129
f 1057//1057 1056//1056 1130//1130
f 1056//1056 1128//1128 1129//1129
f 1128//1128 1056//1056 1055//1055
f 1128//1128 1055//1055 1054//1054
f 1127//1127 1128//1128 1054//1054
f 1274//1274 1201//1201 1273//1273
f 1201//1201 1200//1200 1273//1273
f 1201//1201 1202//1202 1129//1129
f 1128//1128 1201//1201 1129//1129
f 122//122 123//123 49//49
f 123//123 50//50 49//49
f 123//123 124//124 50//50
f 50//50 124//124 51//51
f 551//551 625//625 552//552
f 625//625 551//551 624//624
f 717//717 645//645 644//644
f 645//645 717//717 718//718
f 208//208 209//209 135//135
f 209//209 136//136 135//135
f 283//283 209//209 282//282
f 210//210 209//209 283//283
f 136//136 209//209 137//137
f 209//209 210//210 137//137
f 133//133 60//60 59//59
f 132//132 133//133 59//59
f 133//133 134//134 61//61
f 60//60 133//133 61//61
f 910//910 911//911 837//837
f 837//837 911//911 838//838
f 839//839 911//911 912//912
f 911//911 839//839 838//838
f 763//763 835//835 836//836
f 762//762 835//835 763//763
f 835//835 908//908 909//909
f 835//835 909//909 836//836
f 1294//1294 1222//1222 1221//1221
f 1222//1222 1294//1294 1295//1295
f 710//710 784//784 711//711
f 784//784 710//710 783//783
f 1220//1220 1294//1294 1221//1221
f 1294//1294 1220//1220 1293//1293
f 1503//1503 1431//1431 1430//1430
f 1431//1431 1503//1503 1504//1504
f 1505//1505 1431//1431 1504//1504
f 1431//1431 1505//1505 1432//1432
f 1280//1280 1206//1206 1279//1279
f 1206//1206 1280//1280 1207//1207
f 1135//1135 1134//1134 1208//1208
f 1208//1208 1134//1134 1207//1207
f 1205//1205 1131//1131 1204//1204
f 1205//1205 1132//1132 1131//1131
f 1277//1277 1205//1205 1204//1204
f 1278//1278 1205//1205 1277//1277
f 1206//1206 1205//1205 1279//1279
f 1205//1205 1278//1278 1279//1279
f 2565//2565 2639//2639 2566//2566
f 2639//2639 2565//2565 2638//2638
f 2565//2565 2637//2637 2638//2638
f 2565//2565 2564//2564 2637//2637
f 2491//2491 2565//2565 2492//2492
f 2565//2565 2491//2491 2564//2564
f 2564//2564 2563//2563 2637//2637
f 2637//2637 2563//2563 2636//2636
f 2563//2563 2635//2635 2636//2636
f 2635//2635 2563//2563 2562//2562
f 2563//2563 2491//2491 2490//2490
f 2491//2491 2563//2563 2564//2564
f 2561//2561 2560//2560 2633//2633
f 2634//2634 2561//2561 2633//2633
f 2561//2561 2635//2635 2562//2562
f 2635//2635 2561//2561 2634//2634
f 2268//2268 2195//2195 2267//2267
f 2195//2195 2194//2194 2267//2267
f 2340//2340 2266//2266 2339//2339
f 2266//2266 2340//2340 2267//2267
f 2563//2563 2489//2489 2562//2562
f 2489//2489 2563//2563 2490//2490
f 2489//2489 2490//2490 2417//2417
f 2416//2416 2489//2489 2417//2417
f 2670//2670 2597//2597 2669//2669
f 2597//2597 2596//2596 2669//2669
f 2593//2593 2594//2594 2520//2520
f 2594//2594 2521//2521 2520//2520
f 2666//2666 2594//2594 2593//2593
f 2594//2594 2666//2666 2667//2667
f 2668//2668 2594//2594 2667//2667
f 2594//2594 2668//2668 2595//2595
f 2594//2594 2595//2595 2522//2522
f 2521//2521 2594//2594 2522//2522
f 2519//2519 2447//2447 2446//2446
f 2447//2447 2519//2519 2520//2520
f 2445//2445 2372//2372 2444//2444
f 2372//2372 2371//2371 2444//2444
f 2372//2372 2299//2299 2298//2298
f 2371//2371 2372//2372 2298//2298
f 2077//2077 2149//2149 2150//2150
f 2149//2149 2077//2077 2076//2076
f 2149//2149 2223//2223 2150//2150
f 2223//2223 2149//2149 2222//2222
f 2589//2589 2515//2515 2588//2588
f 2515//2515 2589//2589 2516//2516
f 2443//2443 2515//2515 2516//2516
f 2515//2515 2443//2443 2442//2442
f 2588//2588 2515//2515 2587//2587
f 2515//2515 2514//2514 2587//2587
f 2370//2370 2371//2371 2298//2298
f 2297//2297 2370//2370 2298//2298
f 2371//2371 2370//2370 2444//2444
f 2370//2370 2443//2443 2444//2444
f 2443//2443 2370//2370 2442//2442
f 2442//2442 2370//2370 2369//2369
f 2654//2654 2581//2581 2653//2653
f 2653//2653 2581//2581 2580//2580
f 2581//2581 2654//2654 2655//2655
f 2581//2581 2655//2655 2582//2582
f 2435//2435 2507//2507 2508//2508
f 2507//2507 2435//2435 2434//2434
f 2655//2655 2583//2583 2582//2582
f 2583//2583 2655//2655 2656//2656
f 2504//2504 2505//2505 2431//2431
f 2431//2431 2505//2505 2432//2432
f 2002//2002 2075//2075 2076//2076
f 2002//2002 2076//2076 2003//2003
f 2646//2646 2573//2573 2645//2645
f 2645//2645 2573//2573 2572//2572
f 2502//2502 2575//2575 2576//2576
f 2502//2502 2576//2576 2503//2503
f 2430//2430 2502//2502 2503//2503
f 2502//2502 2430//2430 2429//2429
f 2419//2419 2347//2347 2346//2346
f 2420//2420 2347//2347 2419//2419
f 2567//2567 2641//2641 2568//2568
f 2641//2641 2567//2567 2640//2640
f 2567//2567 2568//2568 2495//2495
f 2494//2494 2567//2567 2495//2495
f 2639//2639 2567//2567 2566//2566
f 2567//2567 2639//2639 2640//2640
f 2493//2493 2494//2494 2421//2421
f 2420//2420 2493//2493 2421//2421
f 2567//2567 2493//2493 2566//2566
f 2493//2493 2567//2567 2494//2494
f 2565//2565 2493//2493 2492//2492
f 2493//2493 2565//2565 2566//2566
f 2493//2493 2419//2419 2492//2492
f 2493//2493 2420//2420 2419//2419
f 2573//2573 2499//2499 2572//2572
f 2499//2499 2573//2573 2500//2500
f 2427//2427 2499//2499 2500//2500
f 2499//2499 2427//2427 2426//2426
f 2422//2422 2494//2494 2495//2495
f 2494//2494 2422//2422 2421//2421
f 2427//2427 2354//2354 2426//2426
f 2354//2354 2353//2353 2426//2426
f 2279//2279 2352//2352 2280//2280
f 2352//2352 2353//2353 2280//2280
f 2278//2278 2352//2352 2279//2279
f 2352//2352 2278//2278 2351//2351
f 1558//1558 1559//1559 1485//1485
f 1559//1559 1486//1486 1485//1485
f 1559//1559 1633//1633 1560//1560
f 1633//1633 1559//1559 1632//1632
f 1559//1559 1558//1558 1631//1631
f 1632//1632 1559//1559 1631//1631
f 1482//1482 1554//1554 1555//1555
f 1554//1554 1482//1482 1481//1481
f 1482//1482 1408//1408 1481//1481
f 1408//1408 1482//1482 1409//1409
f 1336//1336 1263//1263 1335//1335
f 1263//1263 1262//1262 1335//1335
f 1990//1990 1916//1916 1989//1989
f 1916//1916 1990//1990 1917//1917
f 67//67 68//68 66//66
f 66//66 68//68 72//72
f 68//68 71//71 72//72
f 71//71 68//68 70//70
f 70//70 68//68 69//69
f 140//140 68//68 67//67
f 68//68 140//140 141//141
f 140//140 67//67 66//66
f 139//139 140//140 66//66
f 65//65 138//138 66//66
f 138//138 139//139 66//66
f 137//137 138//138 64//64
f 138//138 65//65 64//64
f 437//437 510//510 511//511
f 438//438 437//437 511//511
f 437//437 436//436 509//509
f 510//510 437//437 509//509
f 719//719 646//646 718//718
f 646//646 645//645 718//718
f 2590//2590 2517//2517 2589//2589
f 2589//2589 2517//2517 2516//2516
f 2517//2517 2443//2443 2516//2516
f 2443//2443 2517//2517 2444//2444
f 2517//2517 2445//2445 2444//2444
f 2445//2445 2517//2517 2518//2518
f 2517//2517 2591//2591 2518//2518
f 2517//2517 2590//2590 2591//2591
f 2626//2626 2554//2554 2553//2553
f 2554//2554 2626//2626 2627//2627
f 2552//2552 2626//2626 2553//2553
f 2625//2625 2626//2626 2552//2552
f 2621//2621 2695//2695 2622//2622
f 2621//2621 2694//2694 2695//2695
f 2694//2694 2621//2621 2693//2693
f 2621//2621 2620//2620 2693//2693
f 2549//2549 2621//2621 2622//2622
f 2548//2548 2621//2621 2549//2549
f 2621//2621 2548//2548 2547//2547
f 2620//2620 2621//2621 2547//2547
f 2083//2083 2011//2011 2010//2010
f 2011//2011 2083//2083 2084//2084
f 2014//2014 2086//2086 2087//2087
f 2086//2086 2014//2014 2013//2013
f 2085//2085 2086//2086 2012//2012
f 2086//2086 2013//2013 2012//2012
f 2158//2158 2086//2086 2085//2085
f 2086//2086 2158//2158 2159//2159
f 2227//2227 2226//2226 2299//2299
f 2300//2300 2227//2227 2299//2299
f 2227//2227 2154//2154 2153//2153
f 2226//2226 2227//2227 2153//2153
f 2152//2152 2225//2225 2226//2226
f 2152//2152 2226//2226 2153//2153
f 1717//1717 1718//1718 1645//1645
f 1717//1717 1645//1645 1644//1644
f 1717//1717 1790//1790 1791//1791
f 1718//1718 1717//1717 1791//1791
f 1425//1425 1424//1424 1497//1497
f 1498//1498 1425//1425 1497//1497
f 1136//1136 1135//1135 1208//1208
f 1209//1209 1136//1136 1208//1208
f 1282//1282 1209//1209 1208//1208
f 1281//1281 1282//1282 1208//1208
f 1357//1357 1356//1356 1429//1429
f 1430//1430 1357//1357 1429//1429
f 1357//1357 1431//1431 1358//1358
f 1431//1431 1357//1357 1430//1430
f 1428//1428 1502//1502 1429//1429
f 1428//1428 1501//1501 1502//1502
f 1939//1939 1865//1865 1938//1938
f 1865//1865 1939//1939 1866//1866
f 2013//2013 1939//1939 2012//2012
f 1940//1940 1939//1939 2013//2013
f 1939//1939 1867//1867 1866//1866
f 1939//1939 1940//1940 1867//1867
f 2011//2011 1939//1939 1938//1938
f 1939//1939 2011//2011 2012//2012
f 2019//2019 1947//1947 1946//1946
f 1947//1947 2019//2019 2020//2020
f 2179//2179 2251//2251 2252//2252
f 2178//2178 2251//2251 2179//2179
f 2325//2325 2251//2251 2324//2324
f 2251//2251 2325//2325 2252//2252
f 1957//1957 2029//2029 2030//2030
f 1956//1956 2029//2029 1957//1957
f 2392//2392 2464//2464 2465//2465
f 2464//2464 2392//2392 2391//2391
f 2172//2172 2171//2171 2244//2244
f 2245//2245 2172//2172 2244//2244
f 2031//2031 2105//2105 2032//2032
f 2104//2104 2105//2105 2031//2031
f 2105//2105 2104//2104 2177//2177
f 2178//2178 2105//2105 2177//2177
f 2105//2105 2178//2178 2179//2179
f 2105//2105 2179//2179 2106//2106
f 2176//2176 2103//2103 2175//2175
f 2103//2103 2102//2102 2175//2175
f 2103//2103 2029//2029 2102//2102
f 2029//2029 2103//2103 2030//2030
f 2103//2103 2104//2104 2031//2031
f 2103//2103 2031//2031 2030//2030
f 1954//1954 1955//1955 1882//1882
f 1881//1881 1954//1954 1882//1882
f 2469//2469 2468//2468 2541//2541
f 2469//2469 2541//2541 2542//2542
f 2400//2400 2399//2399 2473//2473
f 2399//2399 2472//2472 2473//2473
f 2543//2543 2471//2471 2470//2470
f 2543//2543 2544//2544 2471//2471
f 2543//2543 2469//2469 2542//2542
f 2469//2469 2543//2543 2470//2470
f 2329//2329 2328//2328 2401//2401
f 2402//2402 2329//2329 2401//2401
f 2329//2329 2256//2256 2255//2255
f 2328//2328 2329//2329 2255//2255
f 2260//2260 2332//2332 2333//2333
f 2332//2332 2260//2260 2259//2259
f 2333//2333 2332//2332 2406//2406
f 2332//2332 2405//2405 2406//2406
f 1894//1894 1895//1895 1822//1822
f 1894//1894 1822//1822 1821//1821
f 2185//2185 2186//2186 2112//2112
f 2112//2112 2186//2186 2113//2113
f 2256//2256 2184//2184 2183//2183
f 2257//2257 2184//2184 2256//2256
f 2184//2184 2257//2257 2258//2258
f 2185//2185 2184//2184 2258//2258
f 2107//2107 2179//2179 2180//2180
f 2179//2179 2107//2107 2106//2106
f 2033//2033 2107//2107 2034//2034
f 2107//2107 2033//2033 2106//2106
f 1677//1677 1678//1678 1605//1605
f 1677//1677 1605//1605 1604//1604
f 1897//1897 1823//1823 1896//1896
f 1823//1823 1897//1897 1824//1824
f 1823//1823 1895//1895 1896//1896
f 1895//1895 1823//1823 1822//1822
f 1677//1677 1751//1751 1678//1678
f 1751//1751 1677//1677 1750//1750
f 1751//1751 1823//1823 1824//1824
f 1823//1823 1751//1751 1750//1750
f 1823//1823 1749//1749 1822//1822
f 1749//1749 1823//1823 1750//1750
f 1677//1677 1749//1749 1750//1750
f 1749//1749 1677//1677 1676//1676
f 1675//1675 1749//1749 1676//1676
f 1749//1749 1675//1675 1748//1748
f 1822//1822 1749//1749 1821//1821
f 1749//1749 1748//1748 1821//1821
f 1894//1894 1968//1968 1895//1895
f 1968//1968 1894//1894 1967//1967
f 2040//2040 2112//2112 2113//2113
f 2040//2040 2039//2039 2112//2112
f 1965//1965 2037//2037 2038//2038
f 2037//2037 1965//1965 1964//1964
f 2188//2188 2116//2116 2115//2115
f 2116//2116 2188//2188 2189//2189
f 2188//2188 2262//2262 2189//2189
f 2262//2262 2188//2188 2261//2261
f 2482//2482 2336//2336 2409//2409
f 2336//2336 2555//2555 2628//2628
f 2555//2555 2336//2336 2482//2482
f 864//864 791//791 863//863
f 863//863 791//791 790//790
f 717//717 791//791 718//718
f 791//791 717//717 790//790
f 2019//2019 2093//2093 2020//2020
f 2093//2093 2019//2019 2092//2092
f 2236//2236 2162//2162 2235//2235
f 2162//2162 2236//2236 2163//2163
f 1650//1650 1722//1722 1723//1723
f 1650//1650 1649//1649 1722//1722
f 1650//1650 1577//1577 1576//1576
f 1649//1649 1650//1650 1576//1576
f 1578//1578 1650//1650 1651//1651
f 1577//1577 1650//1650 1578//1578
f 1581//1581 1655//1655 1582//1582
f 1581//1581 1654//1654 1655//1655
f 1653//1653 1581//1581 1580//1580
f 1654//1654 1581//1581 1653//1653
f 1581//1581 1582//1582 1509//1509
f 1508//1508 1581//1581 1509//1509
f 1662//1662 1734//1734 1735//1735
f 1734//1734 1662//1662 1661//1661
f 1734//1734 1806//1806 1807//1807
f 1734//1734 1733//1733 1806//1806
f 1660//1660 1734//1734 1661//1661
f 1734//1734 1660//1660 1733//1733
f 1806//1806 1805//1805 1879//1879
f 1805//1805 1878//1878 1879//1879
f 1734//1734 1808//1808 1735//1735
f 1808//1808 1734//1734 1807//1807
f 1880//1880 1808//1808 1807//1807
f 1881//1881 1808//1808 1880//1880
f 1808//1808 1736//1736 1735//1735
f 1808//1808 1809//1809 1736//1736
f 1902//1902 1901//1901 1974//1974
f 1902//1902 1974//1974 1975//1975
f 1902//1902 1828//1828 1901//1901
f 1828//1828 1902//1902 1829//1829
f 1535//1535 1462//1462 1461//1461
f 1534//1534 1535//1535 1461//1461
f 587//587 659//659 660//660
f 659//659 587//587 586//586
f 661//661 587//587 660//660
f 588//588 587//587 661//661
f 589//589 662//662 663//663
f 590//590 589//589 663//663
f 589//589 588//588 661//661
f 662//662 589//589 661//661
f 3//3 75//75 76//76
f 75//75 3//3 2//2
f 74//74 75//75 1//1
f 75//75 2//2 1//1
f 1316//1316 1243//1243 1315//1315
f 1243//1243 1242//1242 1315//1315
f 1242//1242 1243//1243 1169//1169
f 1243//1243 1170//1170 1169//1169
f 1170//1170 1243//1243 1171//1171
f 1243//1243 1244//1244 1171//1171
f 1317//1317 1243//1243 1316//1316
f 1243//1243 1317//1317 1244//1244
f 1248//1248 1320//1320 1321//1321
f 1320//1320 1248//1248 1247//1247
f 1104//1104 1103//1103 1177//1177
f 1103//1103 1176//1176 1177//1177
f 1317//1317 1318//1318 1244//1244
f 1244//1244 1318//1318 1245//1245
f 1027//1027 954//954 953//953
f 1026//1026 1027//1027 953//953
f 955//955 883//883 882//882
f 956//956 883//883 955//955
f 883//883 956//956 957//957
f 884//884 883//883 957//957
f 1164//1164 1092//1092 1091//1091
f 1092//1092 1164//1164 1165//1165
f 1092//1092 1019//1019 1018//1018
f 1091//1091 1092//1092 1018//1018
f 1019//1019 1092//1092 1020//1020
f 1092//1092 1093//1093 1020//1020
f 876//876 802//802 875//875
f 802//802 876//876 803//803
f 947//947 873//873 946//946
f 873//873 947//947 874//874
f 1089//1089 1161//1161 1162//1162
f 1161//1161 1089//1089 1088//1088
f 1089//1089 1017//1017 1016//1016
f 1089//1089 1090//1090 1017//1017
f 1015//1015 1089//1089 1016//1016
f 1089//1089 1015//1015 1088//1088
f 1163//1163 1089//1089 1162//1162
f 1089//1089 1163//1163 1090//1090
f 1235//1235 1163//1163 1162//1162
f 1163//1163 1235//1235 1236//1236
f 1163//1163 1237//1237 1164//1164
f 1237//1237 1163//1163 1236//1236
f 1090//1090 1163//1163 1091//1091
f 1163//1163 1164//1164 1091//1091
f 729//729 802//802 803//803
f 729//729 803//803 730//730
f 583//583 584//584 511//511
f 510//510 583//583 511//511
f 583//583 657//657 584//584
f 657//657 583//583 656//656
f 1159//1159 1232//1232 1160//1160
f 1160//1160 1232//1232 1233//1233
f 1304//1304 1232//1232 1231//1231
f 1232//1232 1304//1304 1305//1305
f 1158//1158 1232//1232 1159//1159
f 1232//1232 1158//1158 1231//1231
f 117//117 118//118 45//45
f 117//117 45//45 44//44
f 43//43 117//117 44//44
f 117//117 43//43 116//116
f 2//2 43//43 49//49
f 43//43 2//2 40//40
f 108//108 109//109 36//36
f 108//108 36//36 35//35
f 254//254 255//255 181//181
f 181//181 255//255 182//182
f 110//110 111//111 38//38
f 110//110 38//38 37//37
f 110//110 184//184 111//111
f 184//184 110//110 183//183
f 109//109 110//110 36//36
f 36//36 110//110 37//37
f 402//402 403//403 329//329
f 403//403 330//330 329//329
f 550//550 551//551 478//478
f 550//550 478//478 477//477
f 551//551 550//550 624//624
f 624//624 550//550 623//623
f 1186//1186 1258//1258 1259//1259
f 1258//1258 1186//1186 1185//1185
f 1112//1112 1186//1186 1113//1113
f 1186//1186 1112//1112 1185//1185
f 1330//1330 1404//1404 1331//1331
f 1330//1330 1403//1403 1404//1404
f 965//965 1039//1039 966//966
f 1039//1039 965//965 1038//1038
f 965//965 893//893 892//892
f 893//893 965//965 966//966
f 1251//1251 1178//1178 1250//1250
f 1178//1178 1177//1177 1250//1250
f 1105//1105 1178//1178 1106//1106
f 1178//1178 1179//1179 1106//1106
f 1179//1179 1178//1178 1252//1252
f 1178//1178 1251//1251 1252//1252
f 881//881 809//809 808//808
f 809//809 881//881 882//882
f 735//735 661//661 734//734
f 735//735 662//662 661//661
f 662//662 735//735 663//663
f 735//735 736//736 663//663
f 809//809 735//735 808//808
f 735//735 809//809 736//736
f 807//807 806//806 879//879
f 880//880 807//807 879//879
f 807//807 881//881 808//808
f 881//881 807//807 880//880
f 735//735 807//807 808//808
f 807//807 735//735 734//734
f 807//807 733//733 806//806
f 733//733 807//807 734//734
f 80//80 7//7 6//6
f 80//80 6//6 79//79
f 152//152 80//80 79//79
f 80//80 152//152 153//153
f 226//226 154//154 153//153
f 154//154 226//226 227//227
f 664//664 591//591 590//590
f 664//664 590//590 663//663
f 818//818 744//744 817//817
f 744//744 818//818 745//745
f 744//744 816//816 817//817
f 816//816 744//744 743//743
f 816//816 890//890 817//817
f 890//890 816//816 889//889
f 885//885 958//958 959//959
f 886//886 885//885 959//959
f 884//884 885//885 811//811
f 885//885 812//812 811//811
f 813//813 885//885 886//886
f 812//812 885//885 813//813
f 885//885 884//884 957//957
f 958//958 885//885 957//957
f 177//177 251//251 178//178
f 251//251 177//177 250//250
f 251//251 323//323 324//324
f 251//251 250//250 323//323
f 179//179 251//251 252//252
f 251//251 179//179 178//178
f 252//252 251//251 325//325
f 325//325 251//251 324//324
f 472//472 400//400 399//399
f 400//400 472//472 473//473
f 475//475 547//547 548//548
f 547//547 475//475 474//474
f 546//546 547//547 473//473
f 473//473 547//547 474//474
f 610//610 538//538 537//537
f 538//538 610//610 611//611
f 539//539 538//538 612//612
f 612//612 538//538 611//611
f 538//538 465//465 464//464
f 537//537 538//538 464//464
f 538//538 539//539 466//466
f 465//465 538//538 466//466
f 465//465 393//393 392//392
f 393//393 465//465 466//466
f 467//467 393//393 466//466
f 393//393 467//467 394//394
f 395//395 321//321 394//394
f 321//321 395//395 322//322
f 321//321 393//393 394//394
f 393//393 321//321 320//320
f 249//249 321//321 322//322
f 321//321 249//249 248//248
f 83//83 9//9 82//82
f 9//9 83//83 10//10
f 1045//1045 971//971 1044//1044
f 971//971 1045//1045 972//972
f 605//605 679//679 606//606
f 679//679 605//605 678//678
f 245//245 319//319 246//246
f 319//319 245//245 318//318
f 173//173 245//245 246//246
f 245//245 173//173 172//172
f 245//245 244//244 317//317
f 245//245 317//317 318//318
f 683//683 609//609 682//682
f 609//609 683//683 610//610
f 92//92 93//93 19//19
f 93//93 20//20 19//19
f 20//20 93//93 21//21
f 93//93 94//94 21//21
f 164//164 236//236 237//237
f 164//164 163//163 236//236
f 243//243 242//242 315//315
f 243//243 315//315 316//316
f 249//249 176//176 248//248
f 248//248 176//176 175//175
f 104//104 176//176 177//177
f 176//176 104//104 103//103
f 176//176 249//249 250//250
f 177//177 176//176 250//250
f 176//176 102//102 175//175
f 176//176 103//103 102//102
f 174//174 248//248 175//175
f 248//248 174//174 247//247
f 174//174 173//173 246//246
f 174//174 246//246 247//247
f 1706//1706 1778//1778 1779//1779
f 1778//1778 1706//1706 1705//1705
f 1706//1706 1633//1633 1632//1632
f 1706//1706 1632//1632 1705//1705
f 983//983 1056//1056 1057//1057
f 983//983 1057//1057 984//984
f 983//983 911//911 910//910
f 911//911 983//983 984//984
f 1056//1056 983//983 1055//1055
f 983//983 982//982 1055//1055
f 756//756 683//683 682//682
f 755//755 756//756 682//682
f 828//828 756//756 755//755
f 756//756 828//828 829//829
f 1203//1203 1275//1275 1276//1276
f 1275//1275 1203//1203 1202//1202
f 1201//1201 1275//1275 1202//1202
f 1275//1275 1201//1201 1274//1274
f 1347//1347 1274//1274 1273//1273
f 1346//1346 1347//1347 1273//1273
f 1419//1419 1347//1347 1346//1346
f 1347//1347 1419//1419 1420//1420
f 1494//1494 1421//1421 1493//1493
f 1421//1421 1420//1420 1493//1493
f 1421//1421 1347//1347 1420//1420
f 1347//1347 1421//1421 1348//1348
f 1349//1349 1423//1423 1350//1350
f 1423//1423 1349//1349 1422//1422
f 1276//1276 1349//1349 1277//1277
f 1277//1277 1349//1349 1350//1350
f 1275//1275 1349//1349 1276//1276
f 1349//1349 1275//1275 1348//1348
f 1349//1349 1421//1421 1422//1422
f 1421//1421 1349//1349 1348//1348
f 1345//1345 1346//1346 1273//1273
f 1272//1272 1345//1345 1273//1273
f 1271//1271 1345//1345 1272//1272
f 1345//1345 1271//1271 1344//1344
f 1271//1271 1270//1270 1343//1343
f 1344//1344 1271//1271 1343//1343
f 1198//1198 1271//1271 1199//1199
f 1199//1199 1271//1271 1272//1272
f 1416//1416 1342//1342 1415//1415
f 1342//1342 1416//1416 1343//1343
f 1489//1489 1488//1488 1562//1562
f 1488//1488 1561//1561 1562//1562
f 1488//1488 1487//1487 1560//1560
f 1561//1561 1488//1488 1560//1560
f 1488//1488 1414//1414 1487//1487
f 1414//1414 1488//1488 1415//1415
f 1565//1565 1566//1566 1493//1493
f 1492//1492 1565//1565 1493//1493
f 1564//1564 1565//1565 1491//1491
f 1565//1565 1492//1492 1491//1491
f 124//124 125//125 51//51
f 125//125 52//52 51//51
f 125//125 124//124 197//197
f 198//198 125//125 197//197
f 125//125 53//53 52//52
f 53//53 125//125 126//126
f 196//196 124//124 123//123
f 124//124 196//196 197//197
f 196//196 123//123 122//122
f 195//195 196//196 122//122
f 196//196 195//195 268//268
f 269//269 196//196 268//268
f 625//625 626//626 552//552
f 626//626 553//553 552//552
f 720//720 794//794 721//721
f 794//794 720//720 793//793
f 647//647 720//720 648//648
f 720//720 721//721 648//648
f 720//720 646//646 719//719
f 646//646 720//720 647//647
f 127//127 53//53 126//126
f 53//53 127//127 54//54
f 127//127 55//55 54//54
f 55//55 127//127 128//128
f 424//424 352//352 351//351
f 352//352 424//424 425//425
f 424//424 498//498 425//425
f 424//424 497//497 498//498
f 569//569 570//570 496//496
f 570//570 497//497 496//496
f 913//913 914//914 840//840
f 914//914 841//841 840//840
f 986//986 914//914 913//913
f 987//987 914//914 986//986
f 697//697 625//625 624//624
f 625//625 697//697 698//698
f 697//697 771//771 698//698
f 771//771 697//697 770//770
f 834//834 835//835 762//762
f 834//834 762//762 761//761
f 834//834 906//906 907//907
f 906//906 834//834 833//833
f 835//835 834//834 908//908
f 908//908 834//834 907//907
f 1441//1441 1367//1367 1440//1440
f 1367//1367 1441//1441 1368//1368
f 636//636 562//562 635//635
f 562//562 636//636 563//563
f 710//710 636//636 709//709
f 636//636 710//710 637//637
f 564//564 636//636 637//637
f 636//636 564//564 563//563
f 1220//1220 1292//1292 1293//1293
f 1292//1292 1220//1220 1219//1219
f 1289//1289 1288//1288 1361//1361
f 1362//1362 1289//1289 1361//1361
f 1132//1132 1133//1133 1059//1059
f 1133//1133 1060//1060 1059//1059
f 1133//1133 1206//1206 1207//1207
f 1134//1134 1133//1133 1207//1207
f 994//994 921//921 920//920
f 993//993 994//994 920//920
f 2641//2641 2642//2642 2568//2568
f 2568//2568 2642//2642 2569//2569
f 2265//2265 2338//2338 2339//2339
f 2266//2266 2265//2265 2339//2339
f 2265//2265 2193//2193 2192//2192
f 2193//2193 2265//2265 2266//2266
f 2264//2264 2265//2265 2191//2191
f 2265//2265 2192//2192 2191//2191
f 2338//2338 2265//2265 2337//2337
f 2265//2265 2264//2264 2337//2337
f 2413//2413 2485//2485 2486//2486
f 2413//2413 2412//2412 2485//2485
f 2412//2412 2413//2413 2339//2339
f 2413//2413 2340//2340 2339//2339
f 2488//2488 2489//2489 2416//2416
f 2415//2415 2488//2488 2416//2416
f 2488//2488 2561//2561 2562//2562
f 2489//2489 2488//2488 2562//2562
f 2488//2488 2487//2487 2560//2560
f 2561//2561 2488//2488 2560//2560
f 2051//2051 2052//2052 1978//1978
f 1978//1978 2052//2052 1979//1979
f 2052//2052 2124//2124 2125//2125
f 2124//2124 2052//2052 2051//2051
f 2126//2126 2052//2052 2125//2125
f 2053//2053 2052//2052 2126//2126
f 2052//2052 1980//1980 1979//1979
f 2052//2052 2053//2053 1980//1980
f 2195//2195 2123//2123 2122//2122
f 2123//2123 2195//2195 2196//2196
f 2123//2123 2051//2051 2050//2050
f 2123//2123 2124//2124 2051//2051
f 2124//2124 2197//2197 2125//2125
f 2197//2197 2198//2198 2125//2125
f 2123//2123 2197//2197 2124//2124
f 2197//2197 2123//2123 2196//2196
f 2271//2271 2197//2197 2270//2270
f 2197//2197 2271//2271 2198//2198
f 2269//2269 2195//2195 2268//2268
f 2195//2195 2269//2269 2196//2196
f 2269//2269 2197//2197 2196//2196
f 2197//2197 2269//2269 2270//2270
f 2341//2341 2269//2269 2268//2268
f 2269//2269 2341//2341 2342//2342
f 2271//2271 2272//2272 2198//2198
f 2198//2198 2272//2272 2199//2199
f 2272//2272 2200//2200 2199//2199
f 2200//2200 2272//2272 2273//2273
f 2272//2272 2345//2345 2346//2346
f 2273//2273 2272//2272 2346//2346
f 2345//2345 2344//2344 2418//2418
f 2418//2418 2344//2344 2417//2417
f 2344//2344 2272//2272 2271//2271
f 2272//2272 2344//2344 2345//2345
f 2380//2380 2381//2381 2307//2307
f 2381//2381 2308//2308 2307//2307
f 2381//2381 2380//2380 2453//2453
f 2454//2454 2381//2381 2453//2453
f 2600//2600 2526//2526 2599//2599
f 2526//2526 2600//2600 2527//2527
f 2600//2600 2528//2528 2527//2527
f 2528//2528 2600//2600 2601//2601
f 2600//2600 2672//2672 2673//2673
f 2672//2672 2600//2600 2599//2599
f 2600//2600 2674//2674 2601//2601
f 2600//2600 2673//2673 2674//2674
f 2524//2524 2452//2452 2451//2451
f 2452//2452 2524//2524 2525//2525
f 2596//2596 2524//2524 2523//2523
f 2597//2597 2524//2524 2596//2596
f 2598//2598 2597//2597 2670//2670
f 2598//2598 2670//2670 2671//2671
f 2524//2524 2598//2598 2525//2525
f 2598//2598 2524//2524 2597//2597
f 2598//2598 2672//2672 2599//2599
f 2672//2672 2598//2598 2671//2671
f 2526//2526 2598//2598 2599//2599
f 2598//2598 2526//2526 2525//2525
f 2296//2296 2370//2370 2297//2297
f 2370//2370 2296//2296 2369//2369
f 2224//2224 2297//2297 2298//2298
f 2225//2225 2224//2224 2298//2298
f 2296//2296 2295//2295 2369//2369
f 2295//2295 2368//2368 2369//2369
f 2295//2295 2296//2296 2223//2223
f 2295//2295 2223//2223 2222//2222
f 1855//1855 1929//1929 1856//1856
f 1929//1929 1855//1855 1928//1928
f 2657//2657 2584//2584 2656//2656
f 2584//2584 2583//2583 2656//2656
f 2286//2286 2285//2285 2358//2358
f 2359//2359 2286//2286 2358//2358
f 2578//2578 2505//2505 2504//2504
f 2578//2578 2504//2504 2577//2577
f 2579//2579 2578//2578 2652//2652
f 2652//2652 2578//2578 2651//2651
f 2505//2505 2578//2578 2506//2506
f 2578//2578 2579//2579 2506//2506
f 2575//2575 2574//2574 2648//2648
f 2648//2648 2574//2574 2647//2647
f 2574//2574 2573//2573 2646//2646
f 2574//2574 2646//2646 2647//2647
f 2127//2127 2053//2053 2126//2126
f 2053//2053 2127//2127 2054//2054
f 2127//2127 2126//2126 2199//2199
f 2200//2200 2127//2127 2199//2199
f 2568//2568 2496//2496 2495//2495
f 2496//2496 2568//2568 2569//2569
f 2496//2496 2422//2422 2495//2495
f 2422//2422 2496//2496 2423//2423
f 2355//2355 2354//2354 2427//2427
f 2355//2355 2427//2427 2428//2428
f 2429//2429 2355//2355 2428//2428
f 2356//2356 2355//2355 2429//2429
f 2425//2425 2499//2499 2426//2426
f 2425//2425 2498//2498 2499//2499
f 2352//2352 2425//2425 2353//2353
f 2353//2353 2425//2425 2426//2426
f 1706//1706 1634//1634 1633//1633
f 1634//1634 1706//1706 1707//1707
f 1561//1561 1634//1634 1562//1562
f 1634//1634 1635//1635 1562//1562
f 1776//1776 1703//1703 1775//1775
f 1703//1703 1702//1702 1775//1775
f 1990//1990 1918//1918 1917//1917
f 1918//1918 1990//1990 1991//1991
f 1553//1553 1625//1625 1626//1626
f 1625//1625 1553//1553 1552//1552
f 1554//1554 1553//1553 1627//1627
f 1553//1553 1626//1626 1627//1627
f 1405//1405 1332//1332 1331//1331
f 1404//1404 1405//1405 1331//1331
f 1405//1405 1333//1333 1332//1332
f 1333//1333 1405//1405 1406//1406
f 210//210 211//211 137//137
f 211//211 138//138 137//137
f 68//68 142//142 69//69
f 142//142 68//68 141//141
f 140//140 214//214 141//141
f 214//214 140//140 213//213
f 214//214 142//142 141//141
f 142//142 214//214 215//215
f 575//575 502//502 574//574
f 502//502 501//501 574//574
f 502//502 429//429 428//428
f 501//501 502//502 428//428
f 576//576 502//502 575//575
f 502//502 576//576 503//503
f 573//573 499//499 572//572
f 499//499 573//573 500//500
f 501//501 573//573 574//574
f 573//573 501//501 500//500
f 574//574 573//573 647//647
f 573//573 646//646 647//647
f 646//646 573//573 645//645
f 573//573 572//572 645//645
f 2533//2533 2607//2607 2534//2534
f 2533//2533 2606//2606 2607//2607
f 2607//2607 2679//2679 2680//2680
f 2606//2606 2679//2679 2607//2607
f 2679//2679 2606//2606 2605//2605
f 2678//2678 2679//2679 2605//2605
f 2389//2389 2461//2461 2462//2462
f 2389//2389 2388//2388 2461//2461
f 2389//2389 2315//2315 2388//2388
f 2315//2315 2389//2389 2316//2316
f 2699//2699 2625//2625 2698//2698
f 2699//2699 2626//2626 2625//2625
f 2699//2699 2700//2700 2627//2627
f 2626//2626 2699//2699 2627//2627
f 2083//2083 2156//2156 2084//2084
f 2156//2156 2157//2157 2084//2084
f 2156//2156 2082//2082 2155//2155
f 2156//2156 2083//2083 2082//2082
f 2158//2158 2230//2230 2231//2231
f 2230//2230 2158//2158 2157//2157
f 2228//2228 2156//2156 2155//2155
f 2156//2156 2228//2228 2229//2229
f 2154//2154 2228//2228 2155//2155
f 2227//2227 2228//2228 2154//2154
f 2080//2080 2079//2079 2153//2153
f 2079//2079 2152//2152 2153//2153
f 2077//2077 2004//2004 2076//2076
f 2076//2076 2004//2004 2003//2003
f 1930//1930 2004//2004 1931//1931
f 2004//2004 1930//1930 2003//2003
f 1857//1857 1930//1930 1931//1931
f 1858//1858 1857//1857 1931//1931
f 1929//1929 1857//1857 1856//1856
f 1857//1857 1929//1929 1930//1930
f 1783//1783 1857//1857 1784//1784
f 1856//1856 1857//1857 1783//1783
f 1642//1642 1570//1570 1569//1569
f 1570//1570 1642//1642 1643//1643
f 1568//1568 1642//1642 1569//1569
f 1642//1642 1568//1568 1641//1641
f 1496//1496 1424//1424 1423//1423
f 1424//1424 1496//1496 1497//1497
f 1496//1496 1423//1423 1422//1422
f 1495//1495 1496//1496 1422//1422
f 1570//1570 1496//1496 1569//1569
f 1496//1496 1570//1570 1497//1497
f 1352//1352 1278//1278 1351//1351
f 1278//1278 1352//1352 1279//1279
f 1428//1428 1355//1355 1427//1427
f 1427//1427 1355//1355 1354//1354
f 1356//1356 1355//1355 1429//1429
f 1355//1355 1428//1428 1429//1429
f 1287//1287 1213//1213 1286//1286
f 1213//1213 1287//1287 1214//1214
f 1141//1141 1213//1213 1214//1214
f 1213//1213 1141//1141 1140//1140
f 1133//1133 1061//1061 1060//1060
f 1061//1061 1133//1133 1134//1134
f 989//989 1061//1061 1062//1062
f 1061//1061 989//989 988//988
f 1139//1139 1213//1213 1140//1140
f 1213//1213 1139//1139 1212//1212
f 1304//1304 1377//1377 1305//1305
f 1305//1305 1377//1377 1378//1378
f 1519//1519 1445//1445 1518//1518
f 1445//1445 1519//1519 1446//1446
f 1884//1884 1956//1956 1957//1957
f 1956//1956 1884//1884 1883//1883
f 1961//1961 2035//2035 1962//1962
f 2035//2035 1961//1961 2034//2034
f 1961//1961 2033//2033 2034//2034
f 1961//1961 1960//1960 2033//2033
f 1954//1954 2028//2028 1955//1955
f 2028//2028 1954//1954 2027//2027
f 2028//2028 1956//1956 1955//1955
f 2028//2028 2029//2029 1956//1956
f 2392//2392 2319//2319 2391//2391
f 2319//2319 2318//2318 2391//2391
f 2245//2245 2319//2319 2246//2246
f 2319//2319 2245//2245 2318//2318
f 2319//2319 2247//2247 2246//2246
f 2319//2319 2320//2320 2247//2247
f 2393//2393 2319//2319 2392//2392
f 2319//2319 2393//2393 2320//2320
f 1953//1953 1881//1881 1880//1880
f 1953//1953 1954//1954 1881//1881
f 2102//2102 2101//2101 2175//2175
f 2101//2101 2174//2174 2175//2175
f 2101//2101 2173//2173 2174//2174
f 2173//2173 2101//2101 2100//2100
f 2029//2029 2101//2101 2102//2102
f 2028//2028 2101//2101 2029//2029
f 2101//2101 2028//2028 2027//2027
f 2100//2100 2101//2101 2027//2027
f 2541//2541 2540//2540 2614//2614
f 2540//2540 2613//2613 2614//2614
f 2686//2686 2612//2612 2685//2685
f 2613//2613 2612//2612 2686//2686
f 2472//2472 2398//2398 2471//2471
f 2399//2399 2398//2398 2472//2472
f 2471//2471 2398//2398 2470//2470
f 2398//2398 2397//2397 2470//2470
f 2398//2398 2325//2325 2324//2324
f 2397//2397 2398//2398 2324//2324
f 2398//2398 2399//2399 2326//2326
f 2325//2325 2398//2398 2326//2326
f 2257//2257 2331//2331 2258//2258
f 2331//2331 2257//2257 2330//2330
f 2405//2405 2331//2331 2404//2404
f 2332//2332 2331//2331 2405//2405
f 2258//2258 2331//2331 2259//2259
f 2331//2331 2332//2332 2259//2259
f 1889//1889 1961//1961 1962//1962
f 1961//1961 1889//1889 1888//1888
f 1890//1890 1889//1889 1963//1963
f 1889//1889 1962//1962 1963//1963
f 1601//1601 1527//1527 1600//1600
f 1527//1527 1601//1601 1528//1528
f 1601//1601 1675//1675 1602//1602
f 1675//1675 1601//1601 1674//1674
f 1673//1673 1601//1601 1600//1600
f 1601//1601 1673//1673 1674//1674
f 1605//1605 1531//1531 1604//1604
f 1531//1531 1605//1605 1532//1532
f 1531//1531 1530//1530 1603//1603
f 1531//1531 1603//1603 1604//1604
f 1314//1314 1386//1386 1387//1387
f 1313//1313 1386//1386 1314//1314
f 1377//1377 1451//1451 1378//1378
f 1451//1451 1377//1377 1450//1450
f 1451//1451 1525//1525 1452//1452
f 1525//1525 1451//1451 1524//1524
f 1597//1597 1525//1525 1524//1524
f 1525//1525 1597//1597 1598//1598
f 1451//1451 1379//1379 1378//1378
f 1379//1379 1451//1451 1452//1452
f 1824//1824 1898//1898 1825//1825
f 1897//1897 1898//1898 1824//1824
f 1752//1752 1824//1824 1825//1825
f 1752//1752 1751//1751 1824//1824
f 1751//1751 1752//1752 1678//1678
f 1678//1678 1752//1752 1679//1679
f 1671//1671 1743//1743 1744//1744
f 1743//1743 1671//1671 1670//1670
f 1597//1597 1671//1671 1598//1598
f 1671//1671 1597//1597 1670//1670
f 1744//1744 1818//1818 1745//1745
f 1818//1818 1744//1744 1817//1817
f 1818//1818 1746//1746 1745//1745
f 1746//1746 1818//1818 1819//1819
f 2041//2041 1968//1968 1967//1967
f 2040//2040 2041//2041 1967//1967
f 2040//2040 1966//1966 2039//2039
f 1966//1966 2040//2040 1967//1967
f 1966//1966 1965//1965 2038//2038
f 2039//2039 1966//1966 2038//2038
f 2188//2188 2187//2187 2261//2261
f 2187//2187 2260//2260 2261//2261
f 2187//2187 2186//2186 2259//2259
f 2260//2260 2187//2187 2259//2259
f 2335//2335 2408//2408 2409//2409
f 2336//2336 2335//2335 2409//2409
f 2262//2262 2335//2335 2263//2263
f 2335//2335 2336//2336 2263//2263
f 2408//2408 2335//2335 2407//2407
f 2407//2407 2335//2335 2334//2334
f 2335//2335 2261//2261 2334//2334
f 2335//2335 2262//2262 2261//2261
f 2093//2093 2094//2094 2020//2020
f 2094//2094 2021//2021 2020//2020
f 2165//2165 2091//2091 2164//2164
f 2091//2091 2165//2165 2092//2092
f 1513//1513 1512//1512 1585//1585
f 1513//1513 1585//1585 1586//1586
f 1512//1512 1513//1513 1439//1439
f 1513//1513 1440//1440 1439//1439
f 1728//1728 1654//1654 1727//1727
f 1654//1654 1728//1728 1655//1655
f 1728//1728 1656//1656 1655//1655
f 1728//1728 1729//1729 1656//1656
f 1656//1656 1730//1730 1657//1657
f 1729//1729 1730//1730 1656//1656
f 1802//1802 1730//1730 1729//1729
f 1730//1730 1802//1802 1803//1803
f 1732//1732 1731//1731 1804//1804
f 1805//1805 1732//1732 1804//1804
f 1730//1730 1658//1658 1657//1657
f 1658//1658 1730//1730 1731//1731
f 1901//1901 1827//1827 1900//1900
f 1828//1828 1827//1827 1901//1901
f 1826//1826 1827//1827 1753//1753
f 1827//1827 1754//1754 1753//1753
f 1827//1827 1899//1899 1900//1900
f 1899//1899 1827//1827 1826//1826
f 1755//1755 1827//1827 1828//1828
f 1827//1827 1755//1755 1754//1754
f 1756//1756 1755//1755 1829//1829
f 1755//1755 1828//1828 1829//1829
f 1464//1464 1536//1536 1537//1537
f 1536//1536 1464//1464 1463//1463
f 1462//1462 1536//1536 1463//1463
f 1535//1535 1536//1536 1462//1462
f 516//516 589//589 590//590
f 516//516 590//590 517//517
f 589//589 516//516 588//588
f 516//516 515//515 588//588
f 513//513 440//440 512//512
f 440//440 439//439 512//512
f 439//439 440//440 366//366
f 440//440 367//367 366//366
f 150//150 77//77 149//149
f 77//77 76//76 149//149
f 78//78 77//77 151//151
f 77//77 150//150 151//151
f 148//148 75//75 74//74
f 148//148 74//74 147//147
f 75//75 148//148 76//76
f 76//76 148//148 149//149
f 220//220 148//148 147//147
f 148//148 220//220 221//221
f 148//148 222//222 149//149
f 222//222 148//148 221//221
f 1248//1248 1175//1175 1247//1247
f 1175//1175 1174//1174 1247//1247
f 1101//1101 1175//1175 1102//1102
f 1175//1175 1101//1101 1174//1174
f 1103//1103 1175//1175 1176//1176
f 1175//1175 1103//1103 1102//1102
f 956//956 1030//1030 957//957
f 1030//1030 956//956 1029//1029
f 1103//1103 1030//1030 1102//1102
f 1030//1030 1029//1029 1102//1102
f 1612//1612 1540//1540 1539//1539
f 1540//1540 1612//1612 1613//1613
f 1320//1320 1394//1394 1321//1321
f 1394//1394 1320//1320 1393//1393
f 1319//1319 1320//1320 1247//1247
f 1246//1246 1319//1319 1247//1247
f 1318//1318 1319//1319 1245//1245
f 1319//1319 1246//1246 1245//1245
f 1098//1098 1172//1172 1099//1099
f 1172//1172 1098//1098 1171//1171
f 952//952 880//880 879//879
f 880//880 952//952 953//953
f 1172//1172 1100//1100 1099//1099
f 1173//1173 1100//1100 1172//1172
f 1101//1101 1100//1100 1174//1174
f 1100//1100 1173//1173 1174//1174
f 1100//1100 1027//1027 1026//1026
f 1099//1099 1100//1100 1026//1026
f 1028//1028 1101//1101 1102//1102
f 1029//1029 1028//1028 1102//1102
f 956//956 1028//1028 1029//1029
f 1028//1028 956//956 955//955
f 1100//1100 1028//1028 1027//1027
f 1028//1028 1100//1100 1101//1101
f 1027//1027 1028//1028 954//954
f 954//954 1028//1028 955//955
f 1166//1166 1092//1092 1165//1165
f 1092//1092 1166//1166 1093//1093
f 1239//1239 1238//1238 1312//1312
f 1238//1238 1311//1311 1312//1312
f 1238//1238 1166//1166 1165//1165
f 1166//1166 1238//1238 1239//1239
f 1164//1164 1238//1238 1165//1165
f 1237//1237 1238//1238 1164//1164
f 723//723 797//797 724//724
f 797//797 723//723 796//796
f 941//941 867//867 940//940
f 868//868 867//867 941//941
f 869//869 795//795 868//868
f 795//795 869//869 796//796
f 795//795 722//722 721//721
f 794//794 795//795 721//721
f 723//723 795//795 796//796
f 795//795 723//723 722//722
f 721//721 649//649 648//648
f 722//722 649//649 721//721
f 649//649 575//575 648//648
f 649//649 576//576 575//575
f 1085//1085 1159//1159 1086//1086
f 1085//1085 1158//1158 1159//1159
f 114//114 115//115 42//42
f 41//41 114//114 42//42
f 114//114 113//113 186//186
f 114//114 186//186 187//187
f 115//115 114//114 188//188
f 114//114 187//187 188//188
f 478//478 405//405 477//477
f 477//477 405//405 404//404
f 406//406 405//405 479//479
f 405//405 478//478 479//479
f 187//187 260//260 188//188
f 260//260 261//261 188//188
f 186//186 260//260 187//187
f 259//259 260//260 186//186
f 258//258 259//259 186//186
f 258//258 186//186 185//185
f 184//184 258//258 185//185
f 257//257 258//258 184//184
f 261//261 189//189 188//188
f 262//262 189//189 261//261
f 115//115 189//189 116//116
f 189//189 115//115 188//188
f 255//255 256//256 182//182
f 256//256 183//183 182//182
f 330//330 256//256 329//329
f 257//257 256//256 330//330
f 476//476 550//550 477//477
f 550//550 476//476 549//549
f 476//476 477//477 404//404
f 403//403 476//476 404//404
f 476//476 475//475 548//548
f 549//549 476//476 548//548
f 107//107 108//108 35//35
f 107//107 35//35 34//34
f 107//107 179//179 180//180
f 179//179 107//107 106//106
f 107//107 180//180 181//181
f 108//108 107//107 181//181
f 622//622 694//694 695//695
f 694//694 622//622 621//621
f 1043//1043 1115//1115 1116//1116
f 1115//1115 1043//1043 1042//1042
f 969//969 968//968 1041//1041
f 969//969 1041//1041 1042//1042
f 895//895 822//822 821//821
f 895//895 821//821 894//894
f 969//969 895//895 968//968
f 895//895 969//969 896//896
f 820//820 821//821 748//748
f 747//747 820//820 748//748
f 1184//1184 1111//1111 1183//1183
f 1111//1111 1110//1110 1183//1183
f 1111//1111 1039//1039 1038//1038
f 1039//1039 1111//1111 1112//1112
f 1112//1112 1111//1111 1185//1185
f 1111//1111 1184//1184 1185//1185
f 1037//1037 1111//1111 1038//1038
f 1111//1111 1037//1037 1110//1110
f 1258//1258 1257//1257 1331//1331
f 1257//1257 1330//1330 1331//1331
f 1184//1184 1257//1257 1185//1185
f 1257//1257 1258//1258 1185//1185
f 1254//1254 1253//1253 1326//1326
f 1254//1254 1326//1326 1327//1327
f 1328//1328 1254//1254 1327//1327
f 1254//1254 1328//1328 1255//1255
f 1032//1032 1105//1105 1106//1106
f 1033//1033 1032//1032 1106//1106
f 1032//1032 960//960 959//959
f 960//960 1032//1032 1033//1033
f 1621//1621 1549//1549 1548//1548
f 1549//1549 1621//1621 1622//1622
f 1402//1402 1475//1475 1476//1476
f 1403//1403 1402//1402 1476//1476
f 1330//1330 1402//1402 1403//1403
f 1402//1402 1330//1330 1329//1329
f 1328//1328 1402//1402 1329//1329
f 1402//1402 1328//1328 1401//1401
f 155//155 154//154 227//227
f 228//228 155//155 227//227
f 155//155 228//228 229//229
f 156//156 155//155 229//229
f 155//155 82//82 81//81
f 154//154 155//155 81//81
f 155//155 83//83 82//82
f 83//83 155//155 156//156
f 225//225 297//297 298//298
f 297//297 225//225 224//224
f 225//225 298//298 299//299
f 226//226 225//225 299//299
f 225//225 226//226 153//153
f 152//152 225//225 153//153
f 225//225 152//152 151//151
f 224//224 225//225 151//151
f 891//891 965//965 892//892
f 891//891 964//964 965//965
f 890//890 891//891 817//817
f 891//891 818//818 817//817
f 676//676 750//750 677//677
f 750//750 676//676 749//749
f 475//475 401//401 474//474
f 401//401 475//475 402//402
f 401//401 473//473 474//474
f 401//401 400//400 473//473
f 399//399 327//327 326//326
f 400//400 327//327 399//399
f 547//547 620//620 548//548
f 620//620 621//621 548//548
f 689//689 617//617 616//616
f 617//617 689//689 690//690
f 899//899 971//971 972//972
f 971//971 899//899 898//898
f 309//309 310//310 237//237
f 236//236 309//309 237//237
f 83//83 84//84 10//10
f 84//84 11//11 10//10
f 84//84 83//83 156//156
f 84//84 156//156 157//157
f 162//162 163//163 90//90
f 162//162 90//90 89//89
f 159//159 233//233 160//160
f 233//233 159//159 232//232
f 751//751 752//752 678//678
f 752//752 679//679 678//678
f 753//753 752//752 826//826
f 752//752 825//825 826//826
f 1117//1117 1045//1045 1044//1044
f 1045//1045 1117//1117 1118//1118
f 1117//1117 1043//1043 1116//1116
f 1043//1043 1117//1117 1044//1044
f 752//752 680//680 679//679
f 680//680 752//752 753//753
f 389//389 463//463 390//390
f 389//389 462//462 463//463
f 315//315 389//389 316//316
f 388//388 389//389 315//315
f 389//389 461//461 462//462
f 461//461 389//389 388//388
f 463//463 536//536 464//464
f 536//536 537//537 464//464
f 536//536 610//610 537//537
f 536//536 609//609 610//610
f 241//241 240//240 313//313
f 314//314 241//241 313//313
f 242//242 241//241 315//315
f 241//241 314//314 315//315
f 312//312 386//386 313//313
f 386//386 312//312 385//385
f 238//238 165//165 237//237
f 165//165 164//164 237//237
f 165//165 92//92 91//91
f 164//164 165//165 91//91
f 165//165 166//166 92//92
f 166//166 93//93 92//92
f 170//170 169//169 242//242
f 243//243 170//170 242//242
f 469//469 470//470 397//397
f 469//469 397//397 396//396
f 469//469 395//395 468//468
f 395//395 469//469 396//396
f 104//104 105//105 31//31
f 31//31 105//105 32//32
f 102//102 101//101 175//175
f 101//101 174//174 175//175
f 101//101 102//102 29//29
f 28//28 101//101 29//29
f 1266//1266 1267//1267 1194//1194
f 1193//1193 1266//1266 1194//1194
f 1265//1265 1266//1266 1192//1192
f 1266//1266 1193//1193 1192//1192
f 1778//1778 1777//1777 1851//1851
f 1777//1777 1850//1850 1851//1851
f 1710//1710 1782//1782 1783//1783
f 1782//1782 1710//1710 1709//1709
f 1782//1782 1855//1855 1856//1856
f 1782//1782 1856//1856 1783//1783
f 1855//1855 1782//1782 1854//1854
f 1782//1782 1781//1781 1854//1854
f 1706//1706 1780//1780 1707//1707
f 1780//1780 1706//1706 1779//1779
f 1780//1780 1708//1708 1707//1707
f 1708//1708 1780//1780 1781//1781
f 756//756 757//757 683//683
f 683//683 757//757 684//684
f 757//757 758//758 685//685
f 757//757 685//685 684//684
f 1125//1125 1199//1199 1126//1126
f 1125//1125 1198//1198 1199//1199
f 1053//1053 1125//1125 1126//1126
f 1125//1125 1053//1053 1052//1052
f 1197//1197 1269//1269 1270//1270
f 1269//1269 1197//1197 1196//1196
f 1197//1197 1123//1123 1196//1196
f 1123//1123 1197//1197 1124//1124
f 1418//1418 1419//1419 1346//1346
f 1345//1345 1418//1418 1346//1346
f 1492//1492 1418//1418 1491//1491
f 1419//1419 1418//1418 1492//1492
f 1710//1710 1638//1638 1637//1637
f 1638//1638 1710//1710 1711//1711
f 1638//1638 1564//1564 1637//1637
f 1638//1638 1565//1565 1564//1564
f 1638//1638 1712//1712 1639//1639
f 1712//1712 1638//1638 1711//1711
f 1563//1563 1489//1489 1562//1562
f 1563//1563 1490//1490 1489//1489
f 1635//1635 1563//1563 1562//1562
f 1636//1636 1563//1563 1635//1635
f 1564//1564 1563//1563 1637//1637
f 1563//1563 1636//1636 1637//1637
f 1490//1490 1563//1563 1491//1491
f 1563//1563 1564//1564 1491//1491
f 121//121 195//195 122//122
f 195//195 121//121 194//194
f 341//341 267//267 340//340
f 267//267 341//341 268//268
f 195//195 267//267 268//268
f 267//267 195//195 194//194
f 343//343 270//270 342//342
f 342//342 270//270 269//269
f 196//196 270//270 197//197
f 270//270 196//196 269//269
f 270//270 198//198 197//197
f 198//198 270//270 271//271
f 631//631 559//559 558//558
f 559//559 631//631 632//632
f 485//485 559//559 486//486
f 559//559 485//485 558//558
f 559//559 487//487 486//486
f 487//487 559//559 560//560
f 485//485 557//557 558//558
f 557//557 485//485 484//484
f 631//631 557//557 630//630
f 557//557 631//631 558//558
f 771//771 699//699 698//698
f 699//699 771//771 772//772
f 717//717 789//789 790//790
f 716//716 789//789 717//717
f 789//789 863//863 790//790
f 789//789 862//862 863//863
f 784//784 712//712 711//711
f 785//785 712//712 784//784
f 1368//1368 1369//1369 1295//1295
f 1295//1295 1369//1369 1296//1296
f 1223//1223 1222//1222 1295//1295
f 1223//1223 1295//1295 1296//1296
f 1303//1303 1302//1302 1375//1375
f 1376//1376 1303//1303 1375//1375
f 1303//1303 1377//1377 1304//1304
f 1377//1377 1303//1303 1376//1376
f 417//417 491//491 418//418
f 491//491 417//417 490//490
f 417//417 344//344 343//343
f 417//417 343//343 416//416
f 344//344 417//417 345//345
f 417//417 418//418 345//345
f 489//489 417//417 416//416
f 417//417 489//489 490//490
f 199//199 125//125 198//198
f 125//125 199//199 126//126
f 199//199 200//200 127//127
f 199//199 127//127 126//126
f 645//645 571//571 644//644
f 572//572 571//571 645//645
f 497//497 571//571 498//498
f 570//570 571//571 497//497
f 499//499 571//571 572//572
f 571//571 499//499 498//498
f 571//571 643//643 644//644
f 643//643 571//571 570//570
f 643//643 570//570 569//569
f 643//643 569//569 642//642
f 643//643 717//717 644//644
f 643//643 716//716 717//717
f 353//353 352//352 425//425
f 426//426 353//353 425//425
f 427//427 353//353 426//426
f 354//354 353//353 427//427
f 355//355 281//281 354//354
f 281//281 355//355 282//282
f 281//281 209//209 208//208
f 209//209 281//281 282//282
f 844//844 771//771 770//770
f 844//844 770//770 843//843
f 844//844 843//843 916//916
f 917//917 844//844 916//916
f 697//697 696//696 770//770
f 770//770 696//696 769//769
f 696//696 697//697 624//624
f 696//696 624//624 623//623
f 1366//1366 1294//1294 1293//1293
f 1366//1366 1367//1367 1294//1294
f 1363//1363 1289//1289 1362//1362
f 1289//1289 1363//1363 1290//1290
f 1146//1146 1218//1218 1219//1219
f 1218//1218 1146//1146 1145//1145
f 1363//1363 1364//1364 1290//1290
f 1364//1364 1291//1291 1290//1290
f 1364//1364 1363//1363 1436//1436
f 1437//1437 1364//1364 1436//1436
f 1435//1435 1363//1363 1362//1362
f 1363//1363 1435//1435 1436//1436
f 1435//1435 1434//1434 1507//1507
f 1508//1508 1435//1435 1507//1507
f 1435//1435 1508//1508 1509//1509
f 1436//1436 1435//1435 1509//1509
f 1210//1210 1136//1136 1209//1209
f 1136//1136 1210//1210 1137//1137
f 1357//1357 1284//1284 1356//1356
f 1356//1356 1284//1284 1283//1283
f 1284//1284 1210//1210 1283//1283
f 1210//1210 1284//1284 1211//1211
f 1360//1360 1434//1434 1361//1361
f 1434//1434 1360//1360 1433//1433
f 1360//1360 1432//1432 1433//1433
f 1360//1360 1359//1359 1432//1432
f 631//631 705//705 632//632
f 705//705 631//631 704//704
f 1001//1001 927//927 1000//1000
f 927//927 1001//1001 928//928
f 992//992 993//993 920//920
f 919//919 992//992 920//920
f 1065//1065 992//992 1064//1064
f 1064//1064 992//992 991//991
f 992//992 918//918 991//991
f 992//992 919//919 918//918
f 774//774 846//846 847//847
f 846//846 774//774 773//773
f 846//846 919//919 920//920
f 847//847 846//846 920//920
f 776//776 777//777 704//704
f 703//703 776//776 704//704
f 994//994 995//995 921//921
f 921//921 995//995 922//922
f 1980//1980 1906//1906 1979//1979
f 1907//1907 1906//1906 1980//1980
f 1758//1758 1684//1684 1757//1757
f 1684//1684 1758//1758 1685//1685
f 1758//1758 1759//1759 1686//1686
f 1758//1758 1686//1686 1685//1685
f 1760//1760 1759//1759 1832//1832
f 1833//1833 1760//1760 1832//1832
f 1904//1904 1903//1903 1977//1977
f 1903//1903 1976//1976 1977//1977
f 1903//1903 1902//1902 1975//1975
f 1976//1976 1903//1903 1975//1975
f 2123//2123 2049//2049 2122//2122
f 2049//2049 2123//2123 2050//2050
f 2049//2049 1976//1976 1975//1975
f 2048//2048 2049//2049 1975//1975
f 1977//1977 2049//2049 2050//2050
f 1976//1976 2049//2049 1977//1977
f 2047//2047 1974//1974 1973//1973
f 2047//2047 1973//1973 2046//2046
f 1974//1974 2047//2047 1975//1975
f 2047//2047 2048//2048 1975//1975
f 2341//2341 2414//2414 2342//2342
f 2414//2414 2415//2415 2342//2342
f 2413//2413 2414//2414 2340//2340
f 2414//2414 2341//2341 2340//2340
f 2414//2414 2413//2413 2486//2486
f 2487//2487 2414//2414 2486//2486
f 2414//2414 2488//2488 2415//2415
f 2488//2488 2414//2414 2487//2487
f 2343//2343 2415//2415 2416//2416
f 2415//2415 2343//2343 2342//2342
f 2344//2344 2343//2343 2417//2417
f 2343//2343 2416//2416 2417//2417
f 2343//2343 2269//2269 2342//2342
f 2269//2269 2343//2343 2270//2270
f 2528//2528 2455//2455 2527//2527
f 2455//2455 2454//2454 2527//2527
f 2675//2675 2602//2602 2674//2674
f 2674//2674 2602//2602 2601//2601
f 2457//2457 2529//2529 2530//2530
f 2529//2529 2457//2457 2456//2456
f 2455//2455 2529//2529 2456//2456
f 2529//2529 2455//2455 2528//2528
f 2373//2373 2372//2372 2445//2445
f 2373//2373 2445//2445 2446//2446
f 2372//2372 2373//2373 2299//2299
f 2373//2373 2300//2300 2299//2299
f 2447//2447 2373//2373 2446//2446
f 2374//2374 2373//2373 2447//2447
f 2152//2152 2151//2151 2225//2225
f 2151//2151 2224//2224 2225//2225
f 2290//2290 2362//2362 2363//2363
f 2362//2362 2290//2290 2289//2289
f 2436//2436 2362//2362 2435//2435
f 2362//2362 2436//2436 2363//2363
f 2435//2435 2362//2362 2434//2434
f 2362//2362 2361//2361 2434//2434
f 2441//2441 2442//2442 2369//2369
f 2368//2368 2441//2441 2369//2369
f 2441//2441 2515//2515 2442//2442
f 2515//2515 2441//2441 2514//2514
f 2358//2358 2284//2284 2357//2357
f 2285//2285 2284//2284 2358//2358
f 2284//2284 2356//2356 2357//2357
f 2284//2284 2283//2283 2356//2356
f 2354//2354 2281//2281 2353//2353
f 2353//2353 2281//2281 2280//2280
f 2219//2219 2292//2292 2293//2293
f 2219//2219 2293//2293 2220//2220
f 2573//2573 2501//2501 2500//2500
f 2574//2574 2501//2501 2573//2573
f 2502//2502 2501//2501 2575//2575
f 2501//2501 2574//2574 2575//2575
f 2501//2501 2427//2427 2500//2500
f 2427//2427 2501//2501 2428//2428
f 2501//2501 2502//2502 2429//2429
f 2501//2501 2429//2429 2428//2428
f 2350//2350 2422//2422 2423//2423
f 2350//2350 2349//2349 2422//2422
f 2278//2278 2350//2350 2351//2351
f 2350//2350 2278//2278 2277//2277
f 2348//2348 2347//2347 2420//2420
f 2348//2348 2420//2420 2421//2421
f 2422//2422 2348//2348 2421//2421
f 2349//2349 2348//2348 2422//2422
f 2570//2570 2496//2496 2569//2569
f 2570//2570 2497//2497 2496//2496
f 2642//2642 2570//2570 2569//2569
f 2570//2570 2642//2642 2643//2643
f 2278//2278 2204//2204 2277//2277
f 2204//2204 2278//2278 2205//2205
f 2424//2424 2350//2350 2423//2423
f 2350//2350 2424//2424 2351//2351
f 2424//2424 2352//2352 2351//2351
f 2424//2424 2425//2425 2352//2352
f 2496//2496 2424//2424 2423//2423
f 2497//2497 2424//2424 2496//2496
f 1777//1777 1849//1849 1850//1850
f 1849//1849 1777//1777 1776//1776
f 1848//1848 1849//1849 1775//1775
f 1849//1849 1776//1776 1775//1775
f 1768//1768 1840//1840 1841//1841
f 1840//1840 1768//1768 1767//1767
f 1847//1847 1848//1848 1775//1775
f 1774//1774 1847//1847 1775//1775
f 1847//1847 1921//1921 1848//1848
f 1921//1921 1847//1847 1920//1920
f 1846//1846 1847//1847 1773//1773
f 1847//1847 1774//1774 1773//1773
f 1993//1993 1919//1919 1992//1992
f 1919//1919 1993//1993 1920//1920
f 1992//1992 1919//1919 1991//1991
f 1919//1919 1918//1918 1991//1991
f 1919//1919 1847//1847 1846//1846
f 1847//1847 1919//1919 1920//1920
f 1919//1919 1846//1846 1845//1845
f 1918//1918 1919//1919 1845//1845
f 1772//1772 1846//1846 1773//1773
f 1846//1846 1772//1772 1845//1845
f 1918//1918 1844//1844 1917//1917
f 1844//1844 1918//1918 1845//1845
f 1844//1844 1772//1772 1771//1771
f 1772//1772 1844//1844 1845//1845
f 1696//1696 1624//1624 1623//1623
f 1624//1624 1696//1696 1697//1697
f 1479//1479 1480//1480 1406//1406
f 1480//1480 1407//1407 1406//1406
f 1408//1408 1480//1480 1481//1481
f 1480//1480 1408//1408 1407//1407
f 1553//1553 1480//1480 1552//1552
f 1480//1480 1479//1479 1552//1552
f 2064//2064 1992//1992 1991//1991
f 1992//1992 2064//2064 2065//2065
f 356//356 283//283 282//282
f 355//355 356//356 282//282
f 429//429 356//356 428//428
f 356//356 355//355 428//428
f 212//212 140//140 139//139
f 140//140 212//212 213//213
f 138//138 212//212 139//139
f 211//211 212//212 138//138
f 364//364 437//437 438//438
f 364//364 438//438 365//365
f 292//292 364//364 365//365
f 291//291 364//364 292//292
f 217//217 145//145 144//144
f 217//217 218//218 145//145
f 217//217 291//291 218//218
f 291//291 217//217 290//290
f 217//217 216//216 289//289
f 290//290 217//217 289//289
f 286//286 214//214 213//213
f 214//214 286//286 287//287
f 360//360 286//286 359//359
f 287//287 286//286 360//360
f 143//143 70//70 69//69
f 142//142 143//143 69//69
f 143//143 142//142 215//215
f 216//216 143//143 215//215
f 143//143 217//217 144//144
f 217//217 143//143 216//216
f 143//143 71//71 70//70
f 71//71 143//143 144//144
f 2388//2388 2460//2460 2461//2461
f 2460//2460 2388//2388 2387//2387
f 2461//2461 2460//2460 2534//2534
f 2460//2460 2533//2533 2534//2534
f 2385//2385 2386//2386 2312//2312
f 2386//2386 2313//2313 2312//2312
f 2313//2313 2386//2386 2314//2314
f 2314//2314 2386//2386 2387//2387
f 2460//2460 2386//2386 2459//2459
f 2386//2386 2460//2460 2387//2387
f 2458//2458 2386//2386 2385//2385
f 2386//2386 2458//2458 2459//2459
f 2457//2457 2458//2458 2384//2384
f 2458//2458 2385//2385 2384//2384
f 2458//2458 2457//2457 2530//2530
f 2531//2531 2458//2458 2530//2530
f 2318//2318 2390//2390 2391//2391
f 2317//2317 2390//2390 2318//2318
f 2390//2390 2389//2389 2462//2462
f 2463//2463 2390//2390 2462//2462
f 2390//2390 2464//2464 2391//2391
f 2464//2464 2390//2390 2463//2463
f 2389//2389 2390//2390 2316//2316
f 2390//2390 2317//2317 2316//2316
f 2373//2373 2301//2301 2300//2300
f 2301//2301 2373//2373 2374//2374
f 2301//2301 2228//2228 2227//2227
f 2301//2301 2227//2227 2300//2300
f 1785//1785 1712//1712 1711//1711
f 1785//1785 1711//1711 1784//1784
f 1785//1785 1857//1857 1858//1858
f 1857//1857 1785//1785 1784//1784
f 2004//2004 2005//2005 1931//1931
f 2005//2005 1932//1932 1931//1931
f 1863//1863 1864//1864 1791//1791
f 1790//1790 1863//1863 1791//1791
f 1863//1863 1862//1862 1935//1935
f 1863//1863 1935//1935 1936//1936
f 1789//1789 1788//1788 1861//1861
f 1862//1862 1789//1789 1861//1861
f 1863//1863 1789//1789 1862//1862
f 1789//1789 1863//1863 1790//1790
f 1717//1717 1789//1789 1790//1790
f 1716//1716 1789//1789 1717//1717
f 2081//2081 2007//2007 2080//2080
f 2008//2008 2007//2007 2081//2081
f 2007//2007 2079//2079 2080//2080
f 2079//2079 2007//2007 2006//2006
f 2005//2005 1933//1933 1932//1932
f 1933//1933 2005//2005 2006//2006
f 1789//1789 1715//1715 1788//1788
f 1715//1715 1789//1789 1716//1716
f 1715//1715 1642//1642 1641//1641
f 1715//1715 1641//1641 1714//1714
f 1645//1645 1572//1572 1644//1644
f 1572//1572 1571//1571 1644//1644
f 1572//1572 1646//1646 1573//1573
f 1646//1646 1572//1572 1645//1645
f 1720//1720 1646//1646 1719//1719
f 1646//1646 1720//1720 1647//1647
f 1718//1718 1646//1646 1645//1645
f 1646//1646 1718//1718 1719//1719
f 1648//1648 1574//1574 1647//1647
f 1574//1574 1648//1648 1575//1575
f 1574//1574 1646//1646 1647//1647
f 1646//1646 1574//1574 1573//1573
f 1502//1502 1574//1574 1575//1575
f 1501//1501 1574//1574 1502//1502
f 1280//1280 1353//1353 1281//1281
f 1281//1281 1353//1353 1354//1354
f 1352//1352 1353//1353 1279//1279
f 1353//1353 1280//1280 1279//1279
f 1353//1353 1426//1426 1427//1427
f 1353//1353 1427//1427 1354//1354
f 1353//1353 1352//1352 1425//1425
f 1426//1426 1353//1353 1425//1425
f 1144//1144 1145//1145 1072//1072
f 1071//1071 1144//1144 1072//1072
f 1144//1144 1218//1218 1145//1145
f 1218//1218 1144//1144 1217//1217
f 1144//1144 1216//1216 1217//1217
f 1216//1216 1144//1144 1143//1143
f 1215//1215 1216//1216 1142//1142
f 1216//1216 1143//1143 1142//1142
f 1217//1217 1216//1216 1290//1290
f 1216//1216 1289//1289 1290//1290
f 1289//1289 1216//1216 1288//1288
f 1216//1216 1215//1215 1288//1288
f 918//918 990//990 991//991
f 990//990 918//918 917//917
f 990//990 917//917 916//916
f 989//989 990//990 916//916
f 990//990 1064//1064 991//991
f 990//990 1063//1063 1064//1064
f 1063//1063 990//990 1062//1062
f 990//990 989//989 1062//1062
f 1066//1066 994//994 993//993
f 994//994 1066//1066 1067//1067
f 1066//1066 1139//1139 1140//1140
f 1066//1066 1140//1140 1067//1067
f 1066//1066 1138//1138 1139//1139
f 1138//1138 1066//1066 1065//1065
f 1138//1138 1210//1210 1211//1211
f 1210//1210 1138//1138 1137//1137
f 1138//1138 1065//1065 1064//1064
f 1138//1138 1064//1064 1137//1137
f 1945//1945 1873//1873 1872//1872
f 1873//1873 1945//1945 1946//1946
f 1523//1523 1522//1522 1595//1595
f 1596//1596 1523//1523 1595//1595
f 1522//1522 1523//1523 1449//1449
f 1449//1449 1523//1523 1450//1450
f 1523//1523 1451//1451 1450//1450
f 1451//1451 1523//1523 1524//1524
f 1523//1523 1597//1597 1524//1524
f 1597//1597 1523//1523 1596//1596
f 1520//1520 1448//1448 1447//1447
f 1448//1448 1520//1520 1521//1521
f 1519//1519 1520//1520 1446//1446
f 1520//1520 1447//1447 1446//1446
f 1665//1665 1592//1592 1591//1591
f 1665//1665 1591//1591 1664//1664
f 1886//1886 1813//1813 1885//1885
f 1813//1813 1812//1812 1885//1885
f 1887//1887 1813//1813 1886//1886
f 1813//1813 1887//1887 1814//1814
f 1961//1961 1887//1887 1960//1960
f 1887//1887 1961//1961 1888//1888
f 2036//2036 2037//2037 1964//1964
f 2036//2036 1964//1964 1963//1963
f 2035//2035 2036//2036 1962//1962
f 1962//1962 2036//2036 1963//1963
f 2026//2026 2100//2100 2027//2027
f 2100//2100 2026//2026 2099//2099
f 1954//1954 2026//2026 2027//2027
f 1953//1953 2026//2026 1954//1954
f 2684//2684 2611//2611 2683//2683
f 2683//2683 2611//2611 2610//2610
f 2612//2612 2611//2611 2685//2685
f 2611//2611 2684//2684 2685//2685
f 2251//2251 2250//2250 2324//2324
f 2250//2250 2323//2323 2324//2324
f 2323//2323 2250//2250 2322//2322
f 2322//2322 2250//2250 2249//2249
f 2250//2250 2251//2251 2178//2178
f 2250//2250 2178//2178 2177//2177
f 2396//2396 2469//2469 2470//2470
f 2397//2397 2396//2396 2470//2470
f 2396//2396 2397//2397 2324//2324
f 2323//2323 2396//2396 2324//2324
f 2469//2469 2396//2396 2468//2468
f 2396//2396 2395//2395 2468//2468
f 2037//2037 2111//2111 2038//2038
f 2110//2110 2111//2111 2037//2037
f 2184//2184 2111//2111 2183//2183
f 2111//2111 2110//2110 2183//2183
f 2111//2111 2039//2039 2038//2038
f 2039//2039 2111//2111 2112//2112
f 1527//1527 1526//1526 1600//1600
f 1600//1600 1526//1526 1599//1599
f 1526//1526 1525//1525 1598//1598
f 1526//1526 1598//1598 1599//1599
f 1525//1525 1526//1526 1452//1452
f 1452//1452 1526//1526 1453//1453
f 1306//1306 1305//1305 1378//1378
f 1379//1379 1306//1306 1378//1378
f 1232//1232 1306//1306 1233//1233
f 1306//1306 1232//1232 1305//1305
f 1235//1235 1309//1309 1236//1236
f 1308//1308 1309//1309 1235//1235
f 1454//1454 1527//1527 1528//1528
f 1455//1455 1454//1454 1528//1528
f 1454//1454 1526//1526 1527//1527
f 1526//1526 1454//1454 1453//1453
f 1530//1530 1529//1529 1603//1603
f 1529//1529 1602//1602 1603//1603
f 1529//1529 1601//1601 1602//1602
f 1601//1601 1529//1529 1528//1528
f 1969//1969 1897//1897 1896//1896
f 1969//1969 1970//1970 1897//1897
f 2043//2043 1969//1969 2042//2042
f 1969//1969 2043//2043 1970//1970
f 2041//2041 1969//1969 1968//1968
f 1969//1969 2041//2041 2042//2042
f 1968//1968 1969//1969 1895//1895
f 1895//1895 1969//1969 1896//1896
f 2043//2043 1971//1971 1970//1970
f 1971//1971 2043//2043 2044//2044
f 1971//1971 1898//1898 1897//1897
f 1970//1970 1971//1971 1897//1897
f 1971//1971 2117//2117 2628//2628
f 1971//1971 2628//2628 2701//2701
f 1816//1816 1889//1889 1890//1890
f 1816//1816 1890//1890 1817//1817
f 1743//1743 1816//1816 1744//1744
f 1744//1744 1816//1816 1817//1817
f 1671//1671 1672//1672 1598//1598
f 1598//1598 1672//1672 1599//1599
f 1672//1672 1671//1671 1744//1744
f 1672//1672 1744//1744 1745//1745
f 1672//1672 1600//1600 1599//1599
f 1672//1672 1673//1673 1600//1600
f 1746//1746 1672//1672 1745//1745
f 1672//1672 1746//1746 1673//1673
f 1891//1891 1890//1890 1963//1963
f 1964//1964 1891//1891 1963//1963
f 1891//1891 1818//1818 1817//1817
f 1890//1890 1891//1891 1817//1817
f 1675//1675 1747//1747 1748//1748
f 1747//1747 1675//1675 1674//1674
f 1746//1746 1747//1747 1673//1673
f 1673//1673 1747//1747 1674//1674
f 1747//1747 1820//1820 1821//1821
f 1748//1748 1747//1747 1821//1821
f 1893//1893 1894//1894 1821//1821
f 1820//1820 1893//1893 1821//1821
f 1894//1894 1893//1893 1967//1967
f 1893//1893 1966//1966 1967//1967
f 2186//2186 2114//2114 2113//2113
f 2187//2187 2114//2114 2186//2186
f 2114//2114 2040//2040 2113//2113
f 2114//2114 2041//2041 2040//2040
f 2041//2041 2114//2114 2042//2042
f 2114//2114 2115//2115 2042//2042
f 2114//2114 2187//2187 2188//2188
f 2114//2114 2188//2188 2115//2115
f 2262//2262 2190//2190 2189//2189
f 2190//2190 2262//2262 2263//2263
f 2190//2190 2116//2116 2189//2189
f 2190//2190 2117//2117 2116//2116
f 2336//2336 2190//2190 2263//2263
f 2117//2117 2190//2190 2336//2336
f 792//792 865//865 866//866
f 792//792 866//866 793//793
f 792//792 791//791 864//864
f 865//865 792//792 864//864
f 791//791 792//792 718//718
f 792//792 719//719 718//718
f 938//938 865//865 864//864
f 937//937 938//938 864//864
f 1152//1152 1080//1080 1079//1079
f 1080//1080 1152//1152 1153//1153
f 857//857 785//785 784//784
f 857//857 858//858 785//785
f 857//857 784//784 783//783
f 856//856 857//857 783//783
f 2240//2240 2313//2313 2314//2314
f 2241//2241 2240//2240 2314//2314
f 2313//2313 2240//2240 2312//2312
f 2240//2240 2239//2239 2312//2312
f 2022//2022 2095//2095 2023//2023
f 2023//2023 2095//2095 2096//2096
f 2094//2094 2095//2095 2021//2021
f 2095//2095 2022//2022 2021//2021
f 2095//2095 2169//2169 2096//2096
f 2095//2095 2168//2168 2169//2169
f 2166//2166 2093//2093 2092//2092
f 2165//2165 2166//2166 2092//2092
f 2094//2094 2166//2166 2167//2167
f 2166//2166 2094//2094 2093//2093
f 1874//1874 1801//1801 1873//1873
f 1873//1873 1801//1801 1800//1800
f 1802//1802 1801//1801 1875//1875
f 1801//1801 1874//1874 1875//1875
f 1608//1608 1535//1535 1534//1534
f 1607//1607 1608//1608 1534//1534
f 294//294 293//293 366//366
f 367//367 294//294 366//366
f 220//220 294//294 221//221
f 293//293 294//294 220//220
f 369//369 442//442 443//443
f 369//369 443//443 370//370
f 297//297 369//369 370//370
f 296//296 369//369 297//297
f 587//587 514//514 586//586
f 514//514 513//513 586//586
f 514//514 587//587 588//588
f 515//515 514//514 588//588
f 3//3 4//4 7//7
f 7//7 4//4 6//6
f 6//6 4//4 5//5
f 4//4 77//77 78//78
f 4//4 78//78 5//5
f 4//4 3//3 76//76
f 77//77 4//4 76//76
f 1176//1176 1249//1249 1177//1177
f 1177//1177 1249//1249 1250//1250
f 1249//1249 1323//1323 1250//1250
f 1249//1249 1322//1322 1323//1323
f 1249//1249 1175//1175 1248//1248
f 1175//1175 1249//1249 1176//1176
f 1324//1324 1251//1251 1250//1250
f 1323//1323 1324//1324 1250//1250
f 1324//1324 1397//1397 1398//1398
f 1325//1325 1324//1324 1398//1398
f 1397//1397 1324//1324 1396//1396
f 1324//1324 1323//1323 1396//1396
f 1467//1467 1394//1394 1393//1393
f 1466//1466 1467//1467 1393//1393
f 1540//1540 1467//1467 1539//1539
f 1539//1539 1467//1467 1466//1466
f 1395//1395 1467//1467 1468//1468
f 1467//1467 1395//1395 1394//1394
f 1025//1025 1026//1026 953//953
f 952//952 1025//1025 953//953
f 1025//1025 1098//1098 1099//1099
f 1025//1025 1099//1099 1026//1026
f 1025//1025 1097//1097 1098//1098
f 1097//1097 1025//1025 1024//1024
f 1098//1098 1097//1097 1171//1171
f 1097//1097 1170//1170 1171//1171
f 1170//1170 1097//1097 1169//1169
f 1169//1169 1097//1097 1096//1096
f 951//951 878//878 877//877
f 950//950 951//951 877//877
f 951//951 1025//1025 952//952
f 1025//1025 951//951 1024//1024
f 951//951 1023//1023 1024//1024
f 1023//1023 951//951 950//950
f 1093//1093 1167//1167 1094//1094
f 1166//1166 1167//1167 1093//1093
f 1168//1168 1167//1167 1241//1241
f 1167//1167 1240//1240 1241//1241
f 944//944 871//871 943//943
f 871//871 870//870 943//943
f 871//871 797//797 870//870
f 797//797 871//871 798//798
f 873//873 945//945 946//946
f 872//872 945//945 873//873
f 945//945 944//944 1017//1017
f 945//945 1017//1017 1018//1018
f 945//945 1019//1019 946//946
f 1019//1019 945//945 1018//1018
f 871//871 945//945 872//872
f 945//945 871//871 944//944
f 723//723 650//650 722//722
f 650//650 649//649 722//722
f 577//577 650//650 578//578
f 578//578 650//650 651//651
f 649//649 650//650 576//576
f 650//650 577//577 576//576
f 650//650 723//723 724//724
f 650//650 724//724 651//651
f 582//582 583//583 510//510
f 582//582 510//510 509//509
f 801//801 873//873 874//874
f 801//801 800//800 873//873
f 729//729 801//801 802//802
f 801//801 729//729 728//728
f 727//727 801//801 728//728
f 800//800 801//801 727//727
f 875//875 801//801 874//874
f 802//802 801//801 875//875
f 799//799 800//800 727//727
f 799//799 727//727 726//726
f 799//799 872//872 873//873
f 800//800 799//799 873//873
f 871//871 799//799 798//798
f 799//799 871//871 872//872
f 798//798 799//799 725//725
f 799//799 726//726 725//725
f 552//552 480//480 479//479
f 553//553 480//480 552//552
f 554//554 480//480 553//553
f 480//480 554//554 481//481
f 480//480 406//406 479//479
f 480//480 407//407 406//406
f 407//407 333//333 406//406
f 334//334 333//333 407//407
f 403//403 331//331 330//330
f 331//331 403//403 404//404
f 331//331 258//258 257//257
f 331//331 257//257 330//330
f 335//335 409//409 336//336
f 409//409 335//335 408//408
f 335//335 334//334 407//407
f 335//335 407//407 408//408
f 263//263 335//335 336//336
f 335//335 263//263 262//262
f 839//839 767//767 766//766
f 767//767 839//839 840//840
f 1186//1186 1114//1114 1113//1113
f 1114//1114 1186//1186 1187//1187
f 1041//1041 1114//1114 1042//1042
f 1114//1114 1115//1115 1042//1042
f 1188//1188 1114//1114 1187//1187
f 1114//1114 1188//1188 1115//1115
f 1621//1621 1547//1547 1620//1620
f 1547//1547 1621//1621 1548//1548
f 1547//1547 1619//1619 1620//1620
f 1619//1619 1547//1547 1546//1546
f 1547//1547 1473//1473 1546//1546
f 1473//1473 1547//1547 1474//1474
f 971//971 970//970 1044//1044
f 970//970 1043//1043 1044//1044
f 970//970 971//971 898//898
f 897//897 970//970 898//898
f 1043//1043 970//970 1042//1042
f 970//970 969//969 1042//1042
f 969//969 970//970 896//896
f 970//970 897//897 896//896
f 1114//1114 1040//1040 1113//1113
f 1040//1040 1114//1114 1041//1041
f 1040//1040 1039//1039 1112//1112
f 1040//1040 1112//1112 1113//1113
f 819//819 820//820 747//747
f 746//746 819//819 747//747
f 891//891 819//819 818//818
f 819//819 891//891 892//892
f 893//893 819//819 892//892
f 820//820 819//819 893//893
f 815//815 816//816 743//743
f 742//742 815//815 743//743
f 815//815 742//742 741//741
f 814//814 815//815 741//741
f 1108//1108 1109//1109 1035//1035
f 1109//1109 1036//1036 1035//1035
f 1107//1107 1033//1033 1106//1106
f 1033//1033 1107//1107 1034//1034
f 1107//1107 1108//1108 1035//1035
f 1034//1034 1107//1107 1035//1035
f 1179//1179 1107//1107 1106//1106
f 1107//1107 1179//1179 1180//1180
f 1328//1328 1256//1256 1255//1255
f 1256//1256 1328//1328 1329//1329
f 1257//1257 1256//1256 1330//1330
f 1330//1330 1256//1256 1329//1329
f 1256//1256 1257//1257 1184//1184
f 1256//1256 1184//1184 1183//1183
f 1031//1031 958//958 957//957
f 1030//1030 1031//1031 957//957
f 958//958 1031//1031 959//959
f 1031//1031 1032//1032 959//959
f 1032//1032 1031//1031 1105//1105
f 1105//1105 1031//1031 1104//1104
f 1031//1031 1103//1103 1104//1104
f 1031//1031 1030//1030 1103//1103
f 1621//1621 1694//1694 1622//1622
f 1694//1694 1695//1695 1622//1622
f 1768//1768 1694//1694 1767//1767
f 1694//1694 1768//1768 1695//1695
f 231//231 303//303 304//304
f 231//231 230//230 303//303
f 664//664 592//592 591//591
f 665//665 592//592 664//664
f 519//519 592//592 520//520
f 520//520 592//592 593//593
f 592//592 666//666 593//593
f 666//666 592//592 665//665
f 670//670 742//742 743//743
f 742//742 670//670 669//669
f 744//744 670//670 743//743
f 670//670 744//744 671//671
f 963//963 890//890 889//889
f 962//962 963//963 889//889
f 891//891 963//963 964//964
f 963//963 891//891 890//890
f 1036//1036 963//963 1035//1035
f 963//963 962//962 1035//1035
f 603//603 676//676 677//677
f 603//603 677//677 604//604
f 602//602 603//603 529//529
f 603//603 530//530 529//529
f 666//666 594//594 593//593
f 594//594 666//666 667//667
f 328//328 402//402 329//329
f 328//328 401//401 402//402
f 328//328 255//255 254//254
f 327//327 328//328 254//254
f 328//328 327//327 400//400
f 401//401 328//328 400//400
f 544//544 470//470 543//543
f 470//470 544//544 471//471
f 544//544 472//472 471//471
f 544//544 545//545 472//472
f 544//544 618//618 545//545
f 618//618 544//544 617//617
f 619//619 618//618 692//692
f 692//692 618//618 691//691
f 618//618 617//617 690//690
f 691//691 618//618 690//690
f 900//900 899//899 972//972
f 973//973 900//900 972//972
f 90//90 17//17 89//89
f 17//17 16//16 89//89
f 235//235 309//309 236//236
f 309//309 235//235 308//308
f 163//163 235//235 236//236
f 162//162 235//235 163//163
f 607//607 533//533 606//606
f 533//533 607//607 534//534
f 681//681 755//755 682//682
f 681//681 754//754 755//755
f 681//681 609//609 608//608
f 609//609 681//681 682//682
f 607//607 681//681 608//608
f 681//681 607//607 680//680
f 754//754 681//681 753//753
f 681//681 680//680 753//753
f 607//607 535//535 534//534
f 535//535 607//607 608//608
f 462//462 535//535 463//463
f 535//535 536//536 463//463
f 609//609 535//535 608//608
f 536//536 535//535 609//609
f 168//168 169//169 96//96
f 168//168 96//96 95//95
f 169//169 168//168 242//242
f 168//168 241//241 242//242
f 239//239 238//238 311//311
f 312//312 239//239 311//311
f 239//239 166//166 165//165
f 239//239 165//165 238//238
f 239//239 312//312 313//313
f 240//240 239//239 313//313
f 171//171 170//170 243//243
f 171//171 243//243 244//244
f 245//245 171//171 244//244
f 171//171 245//245 172//172
f 174//174 100//100 173//173
f 101//101 100//100 174//174
f 100//100 101//101 28//28
f 27//27 100//100 28//28
f 100//100 27//27 26//26
f 99//99 100//100 26//26
f 1337//1337 1263//1263 1336//1336
f 1263//1263 1337//1337 1264//1264
f 1704//1704 1778//1778 1705//1705
f 1704//1704 1777//1777 1778//1778
f 1704//1704 1703//1703 1776//1776
f 1777//1777 1704//1704 1776//1776
f 1704//1704 1632//1632 1631//1631
f 1632//1632 1704//1704 1705//1705
f 1704//1704 1631//1631 1630//1630
f 1703//1703 1704//1704 1630//1630
f 1047//1047 974//974 1046//1046
f 974//974 973//973 1046//1046
f 975//975 974//974 1048//1048
f 974//974 1047//1047 1048//1048
f 974//974 900//900 973//973
f 900//900 974//974 901//901
f 828//828 902//902 829//829
f 902//902 828//828 901//901
f 902//902 974//974 975//975
f 974//974 902//902 901//901
f 902//902 975//975 976//976
f 903//903 902//902 976//976
f 1050//1050 977//977 976//976
f 1049//1049 1050//1050 976//976
f 977//977 1050//1050 978//978
f 1050//1050 1051//1051 978//978
f 1050//1050 1123//1123 1124//1124
f 1050//1050 1124//1124 1051//1051
f 1122//1122 1121//1121 1194//1194
f 1195//1195 1122//1122 1194//1194
f 1121//1121 1122//1122 1048//1048
f 1122//1122 1049//1049 1048//1048
f 1050//1050 1122//1122 1123//1123
f 1122//1122 1050//1050 1049//1049
f 1416//1416 1417//1417 1343//1343
f 1417//1417 1344//1344 1343//1343
f 1417//1417 1345//1345 1344//1344
f 1417//1417 1418//1418 1345//1345
f 190//190 189//189 262//262
f 263//263 190//190 262//262
f 117//117 190//190 118//118
f 190//190 191//191 118//118
f 190//190 263//263 264//264
f 191//191 190//190 264//264
f 48//48 47//47 120//120
f 121//121 48//48 120//120
f 48//48 122//122 49//49
f 48//48 121//121 122//122
f 121//121 193//193 194//194
f 193//193 121//121 120//120
f 488//488 489//489 416//416
f 415//415 488//488 416//416
f 488//488 562//562 489//489
f 562//562 488//488 561//561
f 414//414 488//488 415//415
f 488//488 414//414 487//487
f 414//414 415//415 342//342
f 341//341 414//414 342//342
f 414//414 341//341 340//340
f 413//413 414//414 340//340
f 414//414 413//413 486//486
f 487//487 414//414 486//486
f 1077//1077 1003//1003 1076//1076
f 1003//1003 1077//1077 1004//1004
f 1298//1298 1224//1224 1297//1297
f 1224//1224 1298//1298 1225//1225
f 1224//1224 1223//1223 1296//1296
f 1297//1297 1224//1224 1296//1296
f 1230//1230 1304//1304 1231//1231
f 1230//1230 1303//1303 1304//1304
f 1303//1303 1230//1230 1302//1302
f 1230//1230 1229//1229 1302//1302
f 423//423 424//424 351//351
f 350//350 423//423 351//351
f 424//424 423//423 497//497
f 497//497 423//423 496//496
f 423//423 350//350 349//349
f 422//422 423//423 349//349
f 641//641 714//714 715//715
f 641//641 715//715 642//642
f 714//714 641//641 713//713
f 641//641 640//640 713//713
f 569//569 641//641 642//642
f 641//641 569//569 568//568
f 567//567 641//641 568//568
f 640//640 641//641 567//567
f 639//639 565//565 638//638
f 565//565 639//639 566//566
f 639//639 640//640 567//567
f 639//639 567//567 566//566
f 640//640 639//639 713//713
f 639//639 712//712 713//713
f 639//639 638//638 711//711
f 712//712 639//639 711//711
f 495//495 569//569 496//496
f 569//569 495//495 568//568
f 423//423 495//495 496//496
f 495//495 423//423 422//422
f 495//495 422//422 421//421
f 494//494 495//495 421//421
f 495//495 567//567 568//568
f 495//495 494//494 567//567
f 492//492 491//491 564//564
f 565//565 492//492 564//564
f 492//492 419//419 418//418
f 491//491 492//492 418//418
f 272//272 344//344 345//345
f 344//344 272//272 271//271
f 272//272 198//198 271//271
f 272//272 199//199 198//198
f 205//205 133//133 132//132
f 205//205 206//206 133//133
f 280//280 353//353 354//354
f 281//281 280//280 354//354
f 280//280 208//208 207//207
f 280//280 281//281 208//208
f 1220//1220 1147//1147 1219//1219
f 1147//1147 1146//1146 1219//1219
f 1145//1145 1073//1073 1072//1072
f 1146//1146 1073//1073 1145//1145
f 998//998 1070//1070 1071//1071
f 997//997 1070//1070 998//998
f 1070//1070 1144//1144 1071//1071
f 1144//1144 1070//1070 1143//1143
f 995//995 923//923 922//922
f 923//923 995//995 996//996
f 1213//1213 1285//1285 1286//1286
f 1285//1285 1213//1213 1212//1212
f 1284//1284 1285//1285 1211//1211
f 1211//1211 1285//1285 1212//1212
f 1359//1359 1285//1285 1358//1358
f 1285//1285 1359//1359 1286//1286
f 1285//1285 1284//1284 1357//1357
f 1285//1285 1357//1357 1358//1358
f 918//918 845//845 917//917
f 845//845 844//844 917//917
f 771//771 845//845 772//772
f 844//844 845//845 771//771
f 2055//2055 1982//1982 2054//2054
f 1982//1982 1981//1981 2054//2054
f 1905//1905 1833//1833 1832//1832
f 1905//1905 1906//1906 1833//1833
f 1978//1978 1905//1905 1977//1977
f 1905//1905 1904//1904 1977//1977
f 1905//1905 1978//1978 1979//1979
f 1906//1906 1905//1905 1979//1979
f 1830//1830 1756//1756 1829//1829
f 1756//1756 1830//1830 1757//1757
f 1903//1903 1830//1830 1902//1902
f 1902//1902 1830//1830 1829//1829
f 1839//1839 1840//1840 1767//1767
f 1766//1766 1839//1839 1767//1767
f 1762//1762 1689//1689 1761//1761
f 1689//1689 1688//1688 1761//1761
f 1908//1908 1835//1835 1907//1907
f 1907//1907 1835//1835 1834//1834
f 1762//1762 1835//1835 1763//1763
f 1835//1835 1836//1836 1763//1763
f 1834//1834 1835//1835 1761//1761
f 1835//1835 1762//1762 1761//1761
f 1541//1541 1540//1540 1613//1613
f 1541//1541 1613//1613 1614//1614
f 1467//1467 1541//1541 1468//1468
f 1541//1541 1467//1467 1540//1540
f 1615//1615 1541//1541 1614//1614
f 1541//1541 1615//1615 1542//1542
f 1615//1615 1687//1687 1688//1688
f 1687//1687 1615//1615 1614//1614
f 1541//1541 1469//1469 1468//1468
f 1469//1469 1541//1541 1542//1542
f 1469//1469 1395//1395 1468//1468
f 1395//1395 1469//1469 1396//1396
f 1545//1545 1544//1544 1618//1618
f 1544//1544 1617//1617 1618//1618
f 2193//2193 2120//2120 2192//2192
f 2120//2120 2119//2119 2192//2192
f 2120//2120 2047//2047 2046//2046
f 2119//2119 2120//2120 2046//2046
f 2529//2529 2603//2603 2530//2530
f 2603//2603 2529//2529 2602//2602
f 2531//2531 2603//2603 2604//2604
f 2603//2603 2531//2531 2530//2530
f 2509//2509 2581//2581 2582//2582
f 2581//2581 2509//2509 2508//2508
f 2436//2436 2437//2437 2363//2363
f 2363//2363 2437//2437 2364//2364
f 2509//2509 2437//2437 2436//2436
f 2437//2437 2509//2509 2510//2510
f 2659//2659 2585//2585 2658//2658
f 2585//2585 2659//2659 2586//2586
f 2585//2585 2584//2584 2657//2657
f 2585//2585 2657//2657 2658//2658
f 2512//2512 2513//2513 2439//2439
f 2513//2513 2440//2440 2439//2439
f 2514//2514 2513//2513 2587//2587
f 2587//2587 2513//2513 2586//2586
f 2441//2441 2513//2513 2514//2514
f 2513//2513 2441//2441 2440//2440
f 2511//2511 2437//2437 2510//2510
f 2437//2437 2511//2511 2438//2438
f 2511//2511 2512//2512 2439//2439
f 2438//2438 2511//2511 2439//2439
f 2291//2291 2290//2290 2363//2363
f 2291//2291 2363//2363 2364//2364
f 2367//2367 2366//2366 2440//2440
f 2440//2440 2366//2366 2439//2439
f 2295//2295 2294//2294 2368//2368
f 2294//2294 2367//2367 2368//2368
f 2294//2294 2295//2295 2222//2222
f 2221//2221 2294//2294 2222//2222
f 2294//2294 2366//2366 2367//2367
f 2366//2366 2294//2294 2293//2293
f 2293//2293 2294//2294 2220//2220
f 2294//2294 2221//2221 2220//2220
f 2291//2291 2217//2217 2290//2290
f 2217//2217 2291//2291 2218//2218
f 2145//2145 2217//2217 2218//2218
f 2144//2144 2217//2217 2145//2145
f 2128//2128 2201//2201 2202//2202
f 2129//2129 2128//2128 2202//2202
f 2128//2128 2127//2127 2200//2200
f 2201//2201 2128//2128 2200//2200
f 2055//2055 2128//2128 2056//2056
f 2128//2128 2129//2129 2056//2056
f 2128//2128 2055//2055 2054//2054
f 2127//2127 2128//2128 2054//2054
f 2201//2201 2275//2275 2202//2202
f 2275//2275 2201//2201 2274//2274
f 1768//1768 1769//1769 1695//1695
f 1769//1769 1696//1696 1695//1695
f 1700//1700 1701//1701 1628//1628
f 1627//1627 1700//1700 1628//1628
f 1774//1774 1700//1700 1773//1773
f 1700//1700 1774//1774 1701//1701
f 1550//1550 1549//1549 1622//1622
f 1623//1623 1550//1550 1622//1622
f 1916//1916 1915//1915 1989//1989
f 1915//1915 1988//1988 1989//1989
f 1839//1839 1913//1913 1840//1840
f 1913//1913 1839//1839 1912//1912
f 1913//1913 1912//1912 1985//1985
f 1986//1986 1913//1913 1985//1985
f 2063//2063 1990//1990 1989//1989
f 2062//2062 2063//2063 1989//1989
f 2063//2063 2137//2137 2064//2064
f 2137//2137 2063//2063 2136//2136
f 2063//2063 2062//2062 2135//2135
f 2136//2136 2063//2063 2135//2135
f 576//576 504//504 503//503
f 577//577 504//504 576//576
f 504//504 577//577 578//578
f 505//505 504//504 578//578
f 435//435 363//363 362//362
f 363//363 435//435 436//436
f 437//437 363//363 436//436
f 364//364 363//363 437//437
f 363//363 290//290 289//289
f 362//362 363//363 289//289
f 363//363 364//364 291//291
f 363//363 291//291 290//290
f 288//288 287//287 360//360
f 361//361 288//288 360//360
f 288//288 214//214 287//287
f 214//214 288//288 215//215
f 288//288 362//362 289//289
f 288//288 361//361 362//362
f 288//288 216//216 215//215
f 216//216 288//288 289//289
f 434//434 507//507 508//508
f 435//435 434//434 508//508
f 434//434 433//433 506//506
f 507//507 434//434 506//506
f 580//580 507//507 506//506
f 579//579 580//580 506//506
f 652//652 580//580 579//579
f 653//653 580//580 652//652
f 2532//2532 2531//2531 2604//2604
f 2532//2532 2604//2604 2605//2605
f 2458//2458 2532//2532 2459//2459
f 2532//2532 2458//2458 2531//2531
f 2532//2532 2460//2460 2459//2459
f 2460//2460 2532//2532 2533//2533
f 2606//2606 2532//2532 2605//2605
f 2533//2533 2532//2532 2606//2606
f 2309//2309 2236//2236 2235//2235
f 2309//2309 2235//2235 2308//2308
f 2382//2382 2309//2309 2381//2381
f 2381//2381 2309//2309 2308//2308
f 2457//2457 2383//2383 2456//2456
f 2383//2383 2457//2457 2384//2384
f 2383//2383 2311//2311 2310//2310
f 2311//2311 2383//2383 2384//2384
f 2383//2383 2309//2309 2382//2382
f 2309//2309 2383//2383 2310//2310
f 2311//2311 2238//2238 2310//2310
f 2310//2310 2238//2238 2237//2237
f 2238//2238 2164//2164 2237//2237
f 2238//2238 2165//2165 2164//2164
f 2239//2239 2238//2238 2312//2312
f 2238//2238 2311//2311 2312//2312
f 2238//2238 2166//2166 2165//2165
f 2166//2166 2238//2238 2239//2239
f 2230//2230 2304//2304 2231//2231
f 2303//2303 2304//2304 2230//2230
f 2304//2304 2232//2232 2231//2231
f 2232//2232 2304//2304 2305//2305
f 2302//2302 2303//2303 2230//2230
f 2302//2302 2230//2230 2229//2229
f 2228//2228 2302//2302 2229//2229
f 2301//2301 2302//2302 2228//2228
f 1786//1786 1785//1785 1858//1858
f 1786//1786 1858//1858 1859//1859
f 1860//1860 1786//1786 1859//1859
f 1786//1786 1860//1860 1787//1787
f 1499//1499 1425//1425 1498//1498
f 1499//1499 1426//1426 1425//1425
f 1571//1571 1499//1499 1498//1498
f 1572//1572 1499//1499 1571//1571
f 1520//1520 1593//1593 1521//1521
f 1593//1593 1594//1594 1521//1521
f 1737//1737 1738//1738 1664//1664
f 1738//1738 1665//1665 1664//1664
f 1811//1811 1738//1738 1810//1810
f 1810//1810 1738//1738 1737//1737
f 1738//1738 1811//1811 1812//1812
f 1739//1739 1738//1738 1812//1812
f 1813//1813 1740//1740 1812//1812
f 1740//1740 1739//1739 1812//1812
f 2109//2109 2036//2036 2035//2035
f 2109//2109 2035//2035 2108//2108
f 2109//2109 2110//2110 2037//2037
f 2036//2036 2109//2109 2037//2037
f 2109//2109 2182//2182 2183//2183
f 2110//2110 2109//2109 2183//2183
f 2025//2025 2097//2097 2098//2098
f 2097//2097 2025//2025 2024//2024
f 2025//2025 2026//2026 1953//1953
f 1952//1952 2025//2025 1953//1953
f 2025//2025 2098//2098 2099//2099
f 2026//2026 2025//2025 2099//2099
f 2468//2468 2467//2467 2541//2541
f 2467//2467 2540//2540 2541//2541
f 2395//2395 2467//2467 2468//2468
f 2394//2394 2467//2467 2395//2395
f 2467//2467 2466//2466 2539//2539
f 2540//2540 2467//2467 2539//2539
f 2466//2466 2467//2467 2393//2393
f 2467//2467 2394//2394 2393//2393
f 2393//2393 2321//2321 2320//2320
f 2394//2394 2321//2321 2393//2393
f 2321//2321 2322//2322 2249//2249
f 2321//2321 2249//2249 2248//2248
f 2247//2247 2321//2321 2248//2248
f 2320//2320 2321//2321 2247//2247
f 1385//1385 1386//1386 1313//1313
f 1385//1385 1313//1313 1312//1312
f 1311//1311 1385//1385 1312//1312
f 1384//1384 1385//1385 1311//1311
f 1459//1459 1531//1531 1532//1532
f 1459//1459 1458//1458 1531//1531
f 1386//1386 1459//1459 1387//1387
f 1459//1459 1460//1460 1387//1387
f 1385//1385 1459//1459 1386//1386
f 1459//1459 1385//1385 1458//1458
f 1533//1533 1459//1459 1532//1532
f 1460//1460 1459//1459 1533//1533
f 1307//1307 1235//1235 1234//1234
f 1307//1307 1308//1308 1235//1235
f 1306//1306 1307//1307 1233//1233
f 1307//1307 1234//1234 1233//1233
f 1310//1310 1238//1238 1237//1237
f 1238//1238 1310//1310 1311//1311
f 1309//1309 1310//1310 1236//1236
f 1310//1310 1237//1237 1236//1236
f 1456//1456 1455//1455 1528//1528
f 1529//1529 1456//1456 1528//1528
f 1887//1887 1815//1815 1814//1814
f 1815//1815 1887//1887 1888//1888
f 1815//1815 1816//1816 1743//1743
f 1742//1742 1815//1815 1743//1743
f 1816//1816 1815//1815 1889//1889
f 1889//1889 1815//1815 1888//1888
f 1669//1669 1742//1742 1743//1743
f 1669//1669 1743//1743 1670//1670
f 1668//1668 1669//1669 1595//1595
f 1669//1669 1596//1596 1595//1595
f 1965//1965 1892//1892 1964//1964
f 1892//1892 1891//1891 1964//1964
f 1892//1892 1893//1893 1820//1820
f 1892//1892 1820//1820 1819//1819
f 1818//1818 1892//1892 1819//1819
f 1891//1891 1892//1892 1818//1818
f 1893//1893 1892//1892 1966//1966
f 1966//1966 1892//1892 1965//1965
f 934//934 935//935 861//861
f 935//935 862//862 861//861
f 1080//1080 1006//1006 1079//1079
f 1006//1006 1080//1080 1007//1007
f 930//930 857//857 856//856
f 929//929 930//930 856//856
f 930//930 1003//1003 1004//1004
f 931//931 930//930 1004//1004
f 1003//1003 1002//1002 1076//1076
f 1076//1076 1002//1002 1075//1075
f 1002//1002 930//930 929//929
f 930//930 1002//1002 1003//1003
f 1002//1002 929//929 928//928
f 1001//1001 1002//1002 928//928
f 1320//1320 1392//1392 1393//1393
f 1319//1319 1392//1392 1320//1320
f 1392//1392 1466//1466 1393//1393
f 1392//1392 1465//1465 1466//1466
f 444//444 516//516 517//517
f 516//516 444//444 443//443
f 444//444 445//445 372//372
f 444//444 372//372 371//371
f 444//444 371//371 370//370
f 443//443 444//444 370//370
f 591//591 518//518 590//590
f 590//590 518//518 517//517
f 592//592 518//518 591//591
f 518//518 592//592 519//519
f 223//223 297//297 224//224
f 223//223 296//296 297//297
f 150//150 223//223 151//151
f 223//223 224//224 151//151
f 223//223 150//150 149//149
f 222//222 223//223 149//149
f 369//369 295//295 368//368
f 295//295 369//369 296//296
f 295//295 294//294 367//367
f 368//368 295//295 367//367
f 295//295 222//222 221//221
f 294//294 295//295 221//221
f 223//223 295//295 296//296
f 295//295 223//223 222//222
f 441//441 514//514 515//515
f 442//442 441//441 515//515
f 441//441 440//440 513//513
f 514//514 441//441 513//513
f 369//369 441//441 442//442
f 441//441 369//369 368//368
f 440//440 441//441 367//367
f 441//441 368//368 367//367
f 729//729 655//655 728//728
f 655//655 729//729 656//656
f 583//583 655//655 656//656
f 582//582 655//655 583//583
f 332//332 260//260 259//259
f 332//332 333//333 260//260
f 332//332 405//405 406//406
f 333//333 332//332 406//406
f 258//258 332//332 259//259
f 331//331 332//332 258//258
f 768//768 696//696 695//695
f 696//696 768//768 769//769
f 1188//1188 1189//1189 1115//1115
f 1115//1115 1189//1189 1116//1116
f 1117//1117 1189//1189 1190//1190
f 1189//1189 1117//1117 1116//1116
f 1189//1189 1188//1188 1261//1261
f 1262//1262 1189//1189 1261//1261
f 887//887 886//886 959//959
f 960//960 887//887 959//959
f 887//887 813//813 886//886
f 887//887 814//814 813//813
f 1256//1256 1182//1182 1255//1255
f 1182//1182 1256//1256 1183//1183
f 1693//1693 1621//1621 1620//1620
f 1693//1693 1694//1694 1621//1621
f 1619//1619 1693//1693 1620//1620
f 1692//1692 1693//1693 1619//1619
f 1694//1694 1693//1693 1767//1767
f 1693//1693 1766//1766 1767//1767
f 228//228 301//301 229//229
f 301//301 302//302 229//229
f 378//378 450//450 451//451
f 450//450 378//378 377//377
f 309//309 382//382 310//310
f 382//382 383//383 310//310
f 382//382 456//456 383//383
f 456//456 382//382 455//455
f 456//456 384//384 383//383
f 456//456 457//457 384//384
f 530//530 456//456 529//529
f 457//457 456//456 530//530
f 673//673 746//746 747//747
f 674//674 673//673 747//747
f 387//387 314//314 313//313
f 386//386 387//387 313//313
f 387//387 388//388 315//315
f 314//314 387//387 315//315
f 459//459 387//387 386//386
f 387//387 459//459 460//460
f 533//533 459//459 532//532
f 460//460 459//459 533//533
f 458//458 459//459 385//385
f 459//459 386//386 385//385
f 93//93 167//167 94//94
f 166//166 167//167 93//93
f 167//167 239//239 240//240
f 239//239 167//167 166//166
f 167//167 168//168 95//95
f 94//94 167//167 95//95
f 168//168 167//167 241//241
f 241//241 167//167 240//240
f 1337//1337 1338//1338 1264//1264
f 1338//1338 1265//1265 1264//1264
f 1338//1338 1411//1411 1412//1412
f 1339//1339 1338//1338 1412//1412
f 1411//1411 1338//1338 1410//1410
f 1338//1338 1337//1337 1410//1410
f 1266//1266 1338//1338 1339//1339
f 1338//1338 1266//1266 1265//1265
f 47//47 119//119 120//120
f 46//46 119//119 47//47
f 118//118 119//119 45//45
f 119//119 46//46 45//45
f 119//119 193//193 120//120
f 193//193 119//119 192//192
f 119//119 191//191 192//192
f 191//191 119//119 118//118
f 483//483 411//411 410//410
f 411//411 483//483 484//484
f 265//265 191//191 264//264
f 191//191 265//265 192//192
f 789//789 788//788 862//862
f 862//862 788//788 861//861
f 788//788 860//860 861//861
f 788//788 787//787 860//860
f 714//714 788//788 715//715
f 787//787 788//788 714//714
f 715//715 788//788 716//716
f 788//788 789//789 716//716
f 858//858 786//786 785//785
f 786//786 858//858 859//859
f 787//787 786//786 860//860
f 860//860 786//786 859//859
f 786//786 712//712 785//785
f 712//712 786//786 713//713
f 786//786 714//714 713//713
f 786//786 787//787 714//714
f 1370//1370 1297//1297 1296//1296
f 1369//1369 1370//1370 1296//1296
f 1441//1441 1442//1442 1368//1368
f 1442//1442 1369//1369 1368//1368
f 1442//1442 1370//1370 1369//1369
f 1370//1370 1442//1442 1443//1443
f 1515//1515 1442//1442 1514//1514
f 1442//1442 1441//1441 1514//1514
f 1516//1516 1442//1442 1515//1515
f 1443//1443 1442//1442 1516//1516
f 1006//1006 1078//1078 1079//1079
f 1078//1078 1006//1006 1005//1005
f 1150//1150 1076//1076 1149//1149
f 1150//1150 1077//1077 1076//1076
f 1302//1302 1301//1301 1375//1375
f 1301//1301 1374//1374 1375//1375
f 1158//1158 1157//1157 1231//1231
f 1157//1157 1230//1230 1231//1231
f 1230//1230 1157//1157 1229//1229
f 1157//1157 1156//1156 1229//1229
f 1085//1085 1157//1157 1158//1158
f 1084//1084 1157//1157 1085//1085
f 493//493 565//565 566//566
f 493//493 492//492 565//565
f 492//492 493//493 419//419
f 419//419 493//493 420//420
f 567//567 493//493 566//566
f 494//494 493//493 567//567
f 493//493 494//494 421//421
f 493//493 421//421 420//420
f 273//273 272//272 345//345
f 346//346 273//273 345//345
f 347//347 273//273 346//346
f 273//273 347//347 274//274
f 272//272 273//273 199//199
f 199//199 273//273 200//200
f 1148//1148 1076//1076 1075//1075
f 1076//1076 1148//1148 1149//1149
f 1148//1148 1220//1220 1221//1221
f 1148//1148 1147//1147 1220//1220
f 1222//1222 1148//1148 1221//1221
f 1149//1149 1148//1148 1222//1222
f 1074//1074 1001//1001 1000//1000
f 1073//1073 1074//1074 1000//1000
f 1147//1147 1074//1074 1146//1146
f 1074//1074 1073//1073 1146//1146
f 1002//1002 1074//1074 1075//1075
f 1074//1074 1002//1002 1001//1001
f 1074//1074 1148//1148 1075//1075
f 1148//1148 1074//1074 1147//1147
f 1069//1069 1141//1141 1142//1142
f 1141//1141 1069//1069 1068//1068
f 1143//1143 1069//1069 1142//1142
f 1070//1070 1069//1069 1143//1143
f 1069//1069 1070//1070 997//997
f 1069//1069 997//997 996//996
f 995//995 1069//1069 996//996
f 1069//1069 995//995 1068//1068
f 776//776 850//850 777//777
f 850//850 776//776 849//849
f 923//923 850//850 922//922
f 922//922 850//850 849//849
f 781//781 782//782 708//708
f 708//708 782//782 709//709
f 782//782 710//710 709//709
f 710//710 782//782 783//783
f 780//780 854//854 781//781
f 854//854 780//780 853//853
f 854//854 782//782 781//781
f 782//782 854//854 855//855
f 854//854 927//927 928//928
f 855//855 854//854 928//928
f 1982//1982 1909//1909 1981//1981
f 1909//1909 1908//1908 1981//1981
f 1909//1909 1835//1835 1908//1908
f 1835//1835 1909//1909 1836//1836
f 1831//1831 1905//1905 1832//1832
f 1905//1905 1831//1831 1904//1904
f 1831//1831 1758//1758 1757//1757
f 1830//1830 1831//1831 1757//1757
f 1759//1759 1831//1831 1832//1832
f 1758//1758 1831//1831 1759//1759
f 1690//1690 1689//1689 1762//1762
f 1690//1690 1762//1762 1763//1763
f 1912//1912 1911//1911 1985//1985
f 1911//1911 1984//1984 1985//1985
f 1839//1839 1911//1911 1912//1912
f 1911//1911 1839//1839 1838//1838
f 1765//1765 1764//1764 1838//1838
f 1764//1764 1837//1837 1838//1838
f 1691//1691 1764//1764 1692//1692
f 1764//1764 1765//1765 1692//1692
f 1836//1836 1764//1764 1763//1763
f 1837//1837 1764//1764 1836//1836
f 1764//1764 1690//1690 1763//1763
f 1690//1690 1764//1764 1691//1691
f 1469//1469 1470//1470 1396//1396
f 1470//1470 1397//1397 1396//1396
f 1690//1690 1616//1616 1689//1689
f 1616//1616 1690//1690 1617//1617
f 1689//1689 1616//1616 1688//1688
f 1616//1616 1615//1615 1688//1688
f 2121//2121 2120//2120 2193//2193
f 2121//2121 2193//2193 2194//2194
f 2049//2049 2121//2121 2122//2122
f 2121//2121 2049//2049 2048//2048
f 2047//2047 2121//2121 2048//2048
f 2120//2120 2121//2121 2047//2047
f 2195//2195 2121//2121 2194//2194
f 2121//2121 2195//2195 2122//2122
f 2365//2365 2291//2291 2364//2364
f 2291//2291 2365//2365 2292//2292
f 2365//2365 2437//2437 2438//2438
f 2437//2437 2365//2365 2364//2364
f 2365//2365 2438//2438 2439//2439
f 2366//2366 2365//2365 2439//2439
f 2355//2355 2282//2282 2354//2354
f 2282//2282 2281//2281 2354//2354
f 2282//2282 2355//2355 2356//2356
f 2283//2283 2282//2282 2356//2356
f 2208//2208 2134//2134 2207//2207
f 2134//2134 2208//2208 2135//2135
f 2208//2208 2136//2136 2135//2135
f 2208//2208 2209//2209 2136//2136
f 2281//2281 2208//2208 2280//2280
f 2208//2208 2207//2207 2280//2280
f 2208//2208 2282//2282 2209//2209
f 2282//2282 2208//2208 2281//2281
f 2074//2074 2147//2147 2075//2075
f 2075//2075 2147//2147 2148//2148
f 2147//2147 2221//2221 2148//2148
f 2221//2221 2147//2147 2220//2220
f 2290//2290 2216//2216 2289//2289
f 2217//2217 2216//2216 2290//2290
f 2275//2275 2276//2276 2202//2202
f 2276//2276 2203//2203 2202//2202
f 2350//2350 2276//2276 2349//2349
f 2276//2276 2350//2350 2277//2277
f 2276//2276 2204//2204 2203//2203
f 2204//2204 2276//2276 2277//2277
f 2276//2276 2348//2348 2349//2349
f 2276//2276 2275//2275 2348//2348
f 1843//1843 1916//1916 1917//1917
f 1844//1844 1843//1843 1917//1917
f 1625//1625 1699//1699 1626//1626
f 1698//1698 1699//1699 1625//1625
f 1700//1700 1699//1699 1773//1773
f 1699//1699 1772//1772 1773//1773
f 1699//1699 1700//1700 1627//1627
f 1626//1626 1699//1699 1627//1627
f 1403//1403 1477//1477 1404//1404
f 1477//1477 1403//1403 1476//1476
f 1915//1915 1914//1914 1988//1988
f 1988//1988 1914//1914 1987//1987
f 1840//1840 1914//1914 1841//1841
f 1913//1913 1914//1914 1840//1840
f 1914//1914 1986//1986 1987//1987
f 1914//1914 1913//1913 1986//1986
f 2132//2132 2060//2060 2059//2059
f 2060//2060 2132//2132 2133//2133
f 2132//2132 2204//2204 2205//2205
f 2204//2204 2132//2132 2131//2131
f 2132//2132 2206//2206 2133//2133
f 2206//2206 2132//2132 2205//2205
f 2210//2210 2282//2282 2283//2283
f 2282//2282 2210//2210 2209//2209
f 2210//2210 2137//2137 2136//2136
f 2209//2209 2210//2210 2136//2136
f 2284//2284 2210//2210 2283//2283
f 2211//2211 2210//2210 2284//2284
f 2138//2138 2210//2210 2211//2211
f 2210//2210 2138//2138 2137//2137
f 2138//2138 2139//2139 2066//2066
f 2138//2138 2066//2066 2065//2065
f 2064//2064 2138//2138 2065//2065
f 2137//2137 2138//2138 2064//2064
f 2212//2212 2284//2284 2285//2285
f 2212//2212 2211//2211 2284//2284
f 284//284 211//211 210//210
f 284//284 210//210 283//283
f 2450//2450 2524//2524 2451//2451
f 2524//2524 2450//2450 2523//2523
f 2377//2377 2304//2304 2303//2303
f 2376//2376 2377//2377 2303//2303
f 2377//2377 2450//2450 2451//2451
f 2377//2377 2451//2451 2378//2378
f 2304//2304 2377//2377 2305//2305
f 2305//2305 2377//2377 2378//2378
f 2521//2521 2448//2448 2520//2520
f 2448//2448 2447//2447 2520//2520
f 1428//1428 1500//1500 1501//1501
f 1500//1500 1428//1428 1427//1427
f 1426//1426 1500//1500 1427//1427
f 1499//1499 1500//1500 1426//1426
f 1500//1500 1572//1572 1573//1573
f 1500//1500 1499//1499 1572//1572
f 1574//1574 1500//1500 1573//1573
f 1500//1500 1574//1574 1501//1501
f 2017//2017 1944//1944 1943//1943
f 2017//2017 1943//1943 2016//2016
f 2018//2018 2017//2017 2091//2091
f 2091//2091 2017//2017 2090//2090
f 2017//2017 2016//2016 2089//2089
f 2090//2090 2017//2017 2089//2089
f 2017//2017 1945//1945 1944//1944
f 2017//2017 2018//2018 1945//1945
f 1815//1815 1741//1741 1814//1814
f 1741//1741 1815//1815 1742//1742
f 1669//1669 1741//1741 1742//1742
f 1741//1741 1669//1669 1668//1668
f 1741//1741 1740//1740 1813//1813
f 1741//1741 1813//1813 1814//1814
f 1738//1738 1666//1666 1665//1665
f 1666//1666 1738//1738 1739//1739
f 1665//1665 1666//1666 1592//1592
f 1666//1666 1593//1593 1592//1592
f 1381//1381 1382//1382 1308//1308
f 1382//1382 1309//1309 1308//1308
f 1457//1457 1529//1529 1530//1530
f 1457//1457 1456//1456 1529//1529
f 1457//1457 1385//1385 1384//1384
f 1385//1385 1457//1457 1458//1458
f 1531//1531 1457//1457 1530//1530
f 1458//1458 1457//1457 1531//1531
f 1008//1008 1081//1081 1082//1082
f 1009//1009 1008//1008 1082//1082
f 1008//1008 934//934 1007//1007
f 1008//1008 935//935 934//934
f 1080//1080 1008//1008 1007//1007
f 1081//1081 1008//1008 1080//1080
f 1154//1154 1080//1080 1153//1153
f 1154//1154 1081//1081 1080//1080
f 862//862 936//936 863//863
f 935//935 936//936 862//862
f 1008//1008 936//936 935//935
f 936//936 1008//1008 1009//1009
f 936//936 937//937 864//864
f 936//936 864//864 863//863
f 933//933 1006//1006 1007//1007
f 934//934 933//933 1007//1007
f 1006//1006 933//933 1005//1005
f 933//933 932//932 1005//1005
f 860//860 933//933 861//861
f 933//933 934//934 861//861
f 933//933 860//860 859//859
f 932//932 933//933 859//859
f 1392//1392 1391//1391 1465//1465
f 1465//1465 1391//1391 1464//1464
f 1391//1391 1392//1392 1319//1319
f 1391//1391 1319//1319 1318//1318
f 1538//1538 1610//1610 1611//1611
f 1610//1610 1538//1538 1537//1537
f 376//376 450//450 377//377
f 450//450 376//376 449//449
f 303//303 376//376 304//304
f 376//376 377//377 304//304
f 521//521 520//520 593//593
f 594//594 521//521 593//593
f 521//521 448//448 447//447
f 521//521 447//447 520//520
f 654//654 580//580 653//653
f 580//580 654//654 581//581
f 654//654 727//727 728//728
f 655//655 654//654 728//728
f 654//654 653//653 726//726
f 727//727 654//654 726//726
f 654//654 582//582 581//581
f 654//654 655//655 582//582
f 888//888 962//962 889//889
f 888//888 961//961 962//962
f 888//888 815//815 814//814
f 887//887 888//888 814//814
f 888//888 887//887 960//960
f 961//961 888//888 960//960
f 816//816 888//888 889//889
f 815//815 888//888 816//816
f 1181//1181 1109//1109 1108//1108
f 1181//1181 1182//1182 1109//1109
f 1181//1181 1254//1254 1255//1255
f 1182//1182 1181//1181 1255//1255
f 1253//1253 1181//1181 1180//1180
f 1254//1254 1181//1181 1253//1253
f 1107//1107 1181//1181 1108//1108
f 1181//1181 1107//1107 1180//1180
f 226//226 300//300 227//227
f 300//300 226//226 299//299
f 300//300 301//301 228//228
f 300//300 228//228 227//227
f 373//373 300//300 372//372
f 372//372 300//300 299//299
f 812//812 739//739 811//811
f 739//739 738//738 811//811
f 739//739 666//666 665//665
f 738//738 739//739 665//665
f 666//666 739//739 667//667
f 739//739 740//740 667//667
f 739//739 812//812 813//813
f 740//740 739//739 813//813
f 307//307 381//381 308//308
f 381//381 307//307 380//380
f 381//381 309//309 308//308
f 381//381 382//382 309//309
f 382//382 381//381 455//455
f 381//381 454//454 455//455
f 14//14 87//87 15//15
f 15//15 87//87 88//88
f 87//87 161//161 88//88
f 161//161 87//87 160//160
f 87//87 159//159 160//160
f 87//87 86//86 159//159
f 13//13 87//87 14//14
f 87//87 13//13 86//86
f 84//84 85//85 11//11
f 85//85 12//12 11//11
f 85//85 13//13 12//12
f 13//13 85//85 86//86
f 158//158 85//85 157//157
f 85//85 84//84 157//157
f 235//235 234//234 308//308
f 234//234 307//307 308//308
f 233//233 234//234 160//160
f 234//234 161//161 160//160
f 234//234 235//235 162//162
f 234//234 162//162 161//161
f 306//306 234//234 233//233
f 234//234 306//306 307//307
f 413//413 412//412 486//486
f 412//412 485//485 486//486
f 412//412 411//411 484//484
f 485//485 412//412 484//484
f 339//339 412//412 340//340
f 412//412 413//413 340//340
f 411//411 338//338 410//410
f 338//338 337//337 410//410
f 412//412 338//338 411//411
f 338//338 412//412 339//339
f 337//337 338//338 264//264
f 338//338 265//265 264//264
f 266//266 193//193 192//192
f 265//265 266//266 192//192
f 1151//1151 1224//1224 1225//1225
f 1152//1152 1151//1151 1225//1225
f 1151//1151 1152//1152 1079//1079
f 1078//1078 1151//1151 1079//1079
f 1011//1011 1084//1084 1085//1085
f 1012//1012 1011//1011 1085//1085
f 1011//1011 939//939 938//938
f 939//939 1011//1011 1012//1012
f 1011//1011 938//938 937//937
f 1010//1010 1011//1011 937//937
f 1157//1157 1083//1083 1156//1156
f 1083//1083 1157//1157 1084//1084
f 1083//1083 1009//1009 1082//1082
f 1083//1083 1010//1010 1009//1009
f 1011//1011 1083//1083 1084//1084
f 1083//1083 1011//1011 1010//1010
f 130//130 131//131 57//57
f 57//57 131//131 58//58
f 58//58 131//131 59//59
f 131//131 132//132 59//59
f 129//129 130//130 57//57
f 129//129 57//57 56//56
f 129//129 55//55 128//128
f 55//55 129//129 56//56
f 924//924 997//997 998//998
f 925//925 924//924 998//998
f 924//924 923//923 996//996
f 997//997 924//924 996//996
f 927//927 926//926 1000//1000
f 926//926 999//999 1000//1000
f 926//926 925//925 998//998
f 926//926 998//998 999//999
f 926//926 854//854 853//853
f 854//854 926//926 927//927
f 1984//1984 2058//2058 1985//1985
f 2057//2057 2058//2058 1984//1984
f 2058//2058 2132//2132 2059//2059
f 2132//2132 2058//2058 2131//2131
f 2058//2058 1986//1986 1985//1985
f 2058//2058 2059//2059 1986//1986
f 2058//2058 2130//2130 2131//2131
f 2058//2058 2057//2057 2130//2130
f 1910//1910 1911//1911 1838//1838
f 1837//1837 1910//1910 1838//1838
f 1909//1909 1910//1910 1836//1836
f 1910//1910 1837//1837 1836//1836
f 1911//1911 1910//1910 1984//1984
f 1984//1984 1910//1910 1983//1983
f 1471//1471 1544//1544 1545//1545
f 1471//1471 1545//1545 1472//1472
f 1397//1397 1471//1471 1398//1398
f 1470//1470 1471//1471 1397//1397
f 1544//1544 1543//1543 1617//1617
f 1543//1543 1616//1616 1617//1617
f 1543//1543 1470//1470 1469//1469
f 1543//1543 1469//1469 1542//1542
f 1615//1615 1543//1543 1542//1542
f 1616//1616 1543//1543 1615//1615
f 2146//2146 2145//2145 2218//2218
f 2219//2219 2146//2146 2218//2218
f 2147//2147 2146//2146 2220//2220
f 2146//2146 2219//2219 2220//2220
f 2146//2146 2147//2147 2074//2074
f 2146//2146 2074//2074 2073//2073
f 1778//1778 1852//1852 1779//1779
f 1852//1852 1778//1778 1851//1851
f 1850//1850 1924//1924 1851//1851
f 1923//1923 1924//1924 1850//1850
f 2067//2067 1994//1994 2066//2066
f 1994//1994 1993//1993 2066//2066
f 1994//1994 1921//1921 1920//1920
f 1993//1993 1994//1994 1920//1920
f 1696//1696 1770//1770 1697//1697
f 1769//1769 1770//1770 1696//1696
f 1842//1842 1770//1770 1769//1769
f 1770//1770 1842//1842 1843//1843
f 1914//1914 1842//1842 1841//1841
f 1842//1842 1914//1914 1915//1915
f 1842//1842 1769//1769 1768//1768
f 1842//1842 1768//1768 1841//1841
f 1842//1842 1915//1915 1916//1916
f 1843//1843 1842//1842 1916//1916
f 1478//1478 1405//1405 1404//1404
f 1477//1477 1478//1478 1404//1404
f 1405//1405 1478//1478 1406//1406
f 1478//1478 1479//1479 1406//1406
f 1479//1479 1478//1478 1552//1552
f 1478//1478 1551//1551 1552//1552
f 2062//2062 2061//2061 2135//2135
f 2061//2061 2134//2134 2135//2135
f 2061//2061 2060//2060 2133//2133
f 2134//2134 2061//2061 2133//2133
f 1988//1988 2061//2061 1989//1989
f 2061//2061 2062//2062 1989//1989
f 2061//2061 1988//1988 1987//1987
f 2060//2060 2061//2061 1987//1987
f 356//356 357//357 283//283
f 357//357 284//284 283//283
f 285//285 212//212 211//211
f 284//284 285//285 211//211
f 285//285 286//286 213//213
f 212//212 285//285 213//213
f 357//357 285//285 284//284
f 285//285 357//357 358//358
f 2375//2375 2374//2374 2447//2447
f 2448//2448 2375//2375 2447//2447
f 2302//2302 2375//2375 2303//2303
f 2375//2375 2376//2376 2303//2303
f 2375//2375 2301//2301 2374//2374
f 2375//2375 2302//2302 2301//2301
f 2523//2523 2449//2449 2522//2522
f 2450//2450 2449//2449 2523//2523
f 2449//2449 2375//2375 2448//2448
f 2375//2375 2449//2449 2376//2376
f 2449//2449 2377//2377 2376//2376
f 2377//2377 2449//2449 2450//2450
f 1667//1667 1668//1668 1595//1595
f 1594//1594 1667//1667 1595//1595
f 1593//1593 1667//1667 1594//1594
f 1666//1666 1667//1667 1593//1593
f 1667//1667 1741//1741 1668//1668
f 1741//1741 1667//1667 1740//1740
f 1740//1740 1667//1667 1739//1739
f 1667//1667 1666//1666 1739//1739
f 1383//1383 1457//1457 1384//1384
f 1457//1457 1383//1383 1456//1456
f 1383//1383 1384//1384 1311//1311
f 1310//1310 1383//1383 1311//1311
f 1154//1154 1155//1155 1081//1081
f 1081//1081 1155//1155 1082//1082
f 1610//1610 1683//1683 1611//1611
f 1683//1683 1684//1684 1611//1611
f 1684//1684 1683//1683 1757//1757
f 1683//1683 1756//1756 1757//1757
f 1683//1683 1682//1682 1755//1755
f 1683//1683 1755//1755 1756//1756
f 1681//1681 1680//1680 1753//1753
f 1754//1754 1681//1681 1753//1753
f 1755//1755 1681//1681 1754//1754
f 1682//1682 1681//1681 1755//1755
f 1681//1681 1607//1607 1680//1680
f 1681//1681 1608//1608 1607//1607
f 1681//1681 1609//1609 1608//1608
f 1681//1681 1682//1682 1609//1609
f 522//522 450//450 449//449
f 450//450 522//522 523//523
f 521//521 522//522 448//448
f 448//448 522//522 449//449
f 522//522 596//596 523//523
f 596//596 522//522 595//595
f 522//522 521//521 594//594
f 522//522 594//594 595//595
f 375//375 376//376 303//303
f 302//302 375//375 303//303
f 301//301 375//375 302//302
f 374//374 375//375 301//301
f 448//448 375//375 447//447
f 375//375 374//374 447//447
f 376//376 375//375 449//449
f 375//375 448//448 449//449
f 599//599 598//598 671//671
f 672//672 599//599 671//671
f 305//305 231//231 304//304
f 231//231 305//305 232//232
f 378//378 305//305 377//377
f 377//377 305//305 304//304
f 305//305 306//306 233//233
f 305//305 233//233 232//232
f 305//305 379//379 306//306
f 379//379 305//305 378//378
f 627//627 628//628 555//555
f 627//627 555//555 554//554
f 700//700 627//627 699//699
f 699//699 627//627 626//626
f 205//205 204//204 278//278
f 278//278 204//204 277//277
f 204//204 205//205 132//132
f 131//131 204//204 132//132
f 851//851 850//850 923//923
f 924//924 851//851 923//923
f 777//777 851//851 778//778
f 850//850 851//851 777//777
f 2146//2146 2072//2072 2145//2145
f 2072//2072 2146//2146 2073//2073
f 1853//1853 1780//1780 1779//1779
f 1852//1852 1853//1853 1779//1779
f 1781//1781 1853//1853 1854//1854
f 1780//1780 1853//1853 1781//1781
f 1925//1925 1853//1853 1852//1852
f 1853//1853 1925//1925 1926//1926
f 2068//2068 2140//2140 2141//2141
f 2140//2140 2068//2068 2067//2067
f 2139//2139 2140//2140 2066//2066
f 2140//2140 2067//2067 2066//2066
f 2215//2215 2288//2288 2289//2289
f 2216//2216 2215//2215 2289//2289
f 1228//1228 1301//1301 1302//1302
f 1229//1229 1228//1228 1302//1302
f 600//600 599//599 672//672
f 673//673 600//600 672//672
f 129//129 203//203 130//130
f 203//203 129//129 202//202
f 852//852 924//924 925//925
f 852//852 851//851 924//924
f 851//851 852//852 778//778
f 852//852 779//779 778//778
f 852//852 926//926 853//853
f 926//926 852//852 925//925
f 780//780 852//852 853//853
f 852//852 780//780 779//779
f 2000//2000 1999//1999 2073//2073
f 1999//1999 2072//2072 2073//2073
f 2213//2213 2212//2212 2285//2285
f 2286//2286 2213//2213 2285//2285
f 1227//1227 1155//1155 1154//1154
f 1227//1227 1228//1228 1155//1155
f 1227//1227 1154//1154 1153//1153
f 1226//1226 1227//1227 1153//1153
f 526//526 527//527 453//453
f 527//527 454//454 453//453
f 600//600 527//527 599//599
f 599//599 527//527 526//526
f 2069//2069 1995//1995 2068//2068
f 1995//1995 2069//2069 1996//1996
f 2072//2072 2071//2071 2145//2145
f 2071//2071 2144//2144 2145//2145
f 1997//1997 2069//2069 2070//2070
f 2069//2069 1997//1997 1996//1996
f 2215//2215 2214//2214 2288//2288
f 2288//2288 2214//2214 2287//2287
f 2140//2140 2214//2214 2141//2141
f 2213//2213 2214//2214 2140//2140
f 528//528 456//456 455//455
f 456//456 528//528 529//529
f 454//454 528//528 455//455
f 527//527 528//528 454//454
f 2142//2142 2069//2069 2068//2068
f 2142//2142 2068//2068 2141//2141
f 2142//2142 2214//2214 2215//2215
f 2214//2214 2142//2142 2141//2141
f 1925//1925 1998//1998 1926//1926
f 1998//1998 1999//1999 1926//1926
f 1998//1998 2071//2071 2072//2072
f 1999//1999 1998//1998 2072//2072
f 2071//2071 1998//1998 2070//2070
f 1998//1998 1997//1997 2070//2070
f 601//601 673//673 674//674
f 601//601 600//600 673//673
f 675//675 601//601 674//674
f 601//601 675//675 602//602
f 601//601 528//528 527//527
f 601//601 527//527 600//600
f 601//601 602//602 529//529
f 528//528 601//601 529//529
f 2071//2071 2143//2143 2144//2144
f 2143//2143 2071//2071 2070//2070
f 2143//2143 2217//2217 2144//2144
f 2143//2143 2216//2216 2217//2217
