[ERROR] hub_preflight: Guardian failed: Command '['/usr/bin/python3', 'hub_guardian.py']' timed out after 30 seconds
WorkerThreadPool: 4 threads, 1 max low-priority.
Godot Engine v4.6.3.stable.fedora.7d41c59c4 - https://godotengine.org
TextServer: Added interface "Dummy"
TextServer: Added interface "ICU / HarfBuzz / Graphite (Built-in)"
Unrecognized output string "misc2" in mapping:
030000008a2e0000dd10000011010000,Hand Held Legend GC Ultimate,a:b0,b:b2,back:b17,dpdown:b5,dpleft:b6,dpright:b7,dpup:b4,guide:b18,leftshoulder:b10,leftstick:b8,lefttrigger:a3,leftx:a0,lefty:a1,misc1:b19,misc2:b24,paddle1:b13,paddle2:b12,rightshoulder:b11,rightstick:b9,righttrigger:a4,rightx:a2,righty:a5,start:b16,x:b1,y:b3,platform:Linux,
Unrecognized output string "misc2" in mapping:
030000000d0f0000ab01000011010000,Horipad Steam,a:b0,b:b1,back:b10,dpdown:h0.4,dpleft:h0.8,dpright:h0.2,dpup:h0.1,guide:b12,leftshoulder:b6,leftstick:b13,lefttrigger:a5,leftx:a0,lefty:a1,misc2:b2,paddle1:b19,paddle2:b18,paddle3:b15,paddle4:b5,rightshoulder:b7,rightstick:b14,righttrigger:a4,rightx:a2,righty:a3,start:b11,x:b3,y:b4,platform:Linux,
Unrecognized output string "misc2" in mapping:
050000000d0f00009601000091000000,Horipad Steam,a:b0,b:b1,back:b10,dpdown:h0.4,dpleft:h0.8,dpright:h0.2,dpup:h0.1,guide:b12,leftshoulder:b6,leftstick:b13,lefttrigger:a5,leftx:a0,lefty:a1,misc2:b2,paddle1:b19,paddle2:b18,paddle3:b15,paddle4:b5,rightshoulder:b7,rightstick:b14,righttrigger:a4,rightx:a2,righty:a3,start:b11,x:b3,y:b4,platform:Linux,
Unrecognized output string "misc2" in mapping:
030000007e0500006920000011010000,Nintendo Switch 2 Pro Controller,a:b0,b:b1,back:b14,dpdown:b8,dpleft:b10,dpright:b9,dpup:b11,guide:b16,leftshoulder:b12,leftstick:b15,lefttrigger:b13,leftx:a0,lefty:a1~,misc1:b17,misc2:b20,paddle1:b18,paddle2:b19,rightshoulder:b4,rightstick:b7,righttrigger:b5,rightx:a2,righty:a3~,start:b6,x:b2,y:b3,platform:Linux,
SDL: Init OK!
Xshape 1.1 detected.
Xinerama 1.1 detected.
Xrandr 1.6 detected.
Xrender 0.11 detected.
Xinput 2.2 detected.
XInput: Refreshing devices.
XInput: No touch devices found.
Detecting GPUs, set DRI_PRIME in the environment to override GPU detection logic.
Inconsistent value (1) for DRI_PRIME. Should be < 1 (GPU devices count). Using: 0
Only one GPU found, using default.
Failed loading custom cursor: crossed_circle
DBus 1.16.2 detected.
Using "default" pen tablet driver...
Shader 'CanvasSdfShaderGLES3' SHA256: 4178a370fca21ad6216db6f7823dc24d65f8d4ad71442bbaa5d6f9a230a081ea
Shader 'SkeletonShaderGLES3' SHA256: 8bc0ec35c83978cd6d65ef8fc16df8e916ba1e2a9d5a98423fd53815bae40b65
Shader 'ParticlesShaderGLES3' SHA256: 6afaaf25f8938f1e43e69699472011afc51b674c0df4cd381d188953d85ec5a3
Shader 'ParticlesCopyShaderGLES3' SHA256: 39392086598b90ead64d3323c81c8ade94c690b12d308ef31d5b9690c172fb22
Shader 'CopyShaderGLES3' SHA256: 997ec09347cd52d2f6dc09d2a1ab366d3ba8485a46f43f593451013172c4c0ad
Shader 'CubemapFilterShaderGLES3' SHA256: 32dcf4d8e16f18e32b807a2d1406cca20c37a1e6fcccf8420addb836c4d08aa5
Shader 'GlowShaderGLES3' SHA256: a6700f3ac665fc4867995c9fcc2052c36df9c7d4909f0d5b8d1092726671dbd0
Shader 'PostShaderGLES3' SHA256: 6eedbef0b87035bc14ebaf4f413c9e32fa64d5e88a36f1d51dbd0c2be5e54df3
Shader 'FeedShaderGLES3' SHA256: bddb9e1271cb1ff96bb0f53b92f2724c49e525ede46d8de0d776819eca048a2d
Shader 'CanvasShaderGLES3' SHA256: f4ec43ced4296bc56a0508da1fd428b360690cb08bcc44b1135a42a01b3844af
Shader 'CanvasOcclusionShaderGLES3' SHA256: 578a45ce760a0ed6361559f46e9aedf93aa4cc3580d835d6dbc5ae8e4265557c
Shader 'SceneShaderGLES3' SHA256: 23ab6aea89cc6db38dee15711362af8e7ad9c08bbe99cb758445c4ca6f910f83
Shader 'SkyShaderGLES3' SHA256: 5d5d48528e786bc9445620d0ef25bddc8d0c7ce6aa74df01c30eb96e7c51f67e
OpenGL API 4.2 (Core Profile) Mesa 25.3.6 - Compatibility - Using Device: Intel - Mesa Intel(R) HD Graphics 4000 (IVB GT2)
PulseAudio 17.0.0 detected.
PulseAudio: context other
PulseAudio: context other
PulseAudio: context other
PulseAudio: context ready
PulseAudio: Detecting channels for device: alsa_output.pci-0000_00_1b.0.analog-stereo
PulseAudio: detected 2 output channels
PulseAudio: audio buffer frames: 512 calculated output latency: 11ms

TextServer: Primary interface set to: "ICU / HarfBuzz / Graphite (Built-in)".
CORE API HASH: 2475187701
EDITOR API HASH: 3867286884
SceneTreeFTI: traversal method DEFAULT
Loading resource: res://TelemetryLogger.gd
Loading resource: res://scripts/SqliteDb.gd
Loading resource: res://autoloads/HealthChecker.gd
Loading resource: res://scripts/HubManager.gd
Loading resource: res://scripts/DatabaseGuard.gd
Loading resource: res://scripts/ResourceThrottle.gd
Loading resource: res://scripts/PerformanceMonitor.gd
Loading resource: res://addons/godot_aerodynamic_physics/core/singletons/aero_units.gd
Loading resource: res://scripts/SqliteWatchdog.gd
Loading resource: res://scripts/StructuredLogger.gd
Loading resource: res://scripts/InputManager.gd
Loading resource: res://scripts/GameIntegrity.gd
Loading resource: res://scripts/altimeter_hud.gd
Loading resource: res://scripts/forensic_hud.gd
Loading resource: res://scripts/audit.gd
Loading resource: res://scripts/wind_field.gd
Loading resource: res://autoloads/CursorManager.gd
Loading resource: res://autoloads/Gamification.gd
Loading resource: res://autoloads/forensic_panel.gd
Loaded system CA certificates
Loading resource: res://scenes/main.tscn
Loading resource: res://scripts/build_terrain.gd
Loading resource: res://assets/terrain/black_env.tres
[VERBATIM] SqliteDb.gd _ready() called
[VERBATIM] SqliteDb.gd _ready() called
[VERBATIM] SqliteDb.gd _ready() called
[VERBATIM] SqliteDb: _ready started
[VERBATIM] DB OPEN OK /home/owner/Documents/69f7bcc6-1f68-83ea-b9b2-95a4db8629ac/parachute-cfd-game/parachute_mutations.db
[VERBATIM] DB OPEN OK /home/owner/Documents/69f7bcc6-1f68-83ea-b9b2-95a4db8629ac/parachute-cfd-game/parachute_mutations.db
[HealthChecker] Control hierarchy dumped to DB in 0ms
[VERBATIM] DatabaseGuard.gd _ready() called
[VERBATIM] DatabaseGuard: _ready ok=true
[VERBATIM] ResourceThrottle.gd _ready() called
[VERBATIM] ResourceThrottle: table ensured
[VERBATIM] ResourceThrottle: _ready ok=true
[VERBATIM] SqliteWatchdog.gd _ready() called
[VERBATIM] SqliteWatchdog.gd _ready() called
[VERBATIM] SqliteWatchdog.gd _ready() called
[VERBATIM] Watchdog: _ready started
[VERBATIM] Watchdog: started, polling user://screenshots/
[VERBATIM] Watchdog: scan disabled — single-launch screenshot mode
[VERBATIM] Watchdog: _ready completed
[StructuredLogger] log file: /home/owner/.local/share/godot/app_userdata/Parachute Landing Pattern v314/logs/godot_logs.jsonl
[StructuredLogger] sentry_available=false
[VERBATIM] 2026-08-04T14:42:35 GameIntegrity autoload initialized
[VERBATIM] 2026-08-04T14:42:35 Log file: /home/owner/.local/share/godot/app_userdata/Parachute Landing Pattern v314/game_integrity.log
[ALTIMETER] ready: layer=1 visible=true panel.pos=(50.0, 200.0) panel.size=(200.0, 100.0) panel.visible=true
[AUDIT] _ready: ENTER
[HUD_DIAG] _ready called
[HUD_DIAG] is_processing_input()=true is_inside_tree()=true frame=0 process_mode=0
[AUDIT] _resolve_hub_url: ENTER
[AUDIT] _build_ui: ENTER
[AUDIT] _load_saved_position: ENTER
[AUDIT] _mklabel: ENTER
[AUDIT] _mklabel: ENTER
[AUDIT] _mklabel: ENTER
[AUDIT] _mklabel: ENTER
[AUDIT] _mklabel: ENTER
[AUDIT] _mklabel: ENTER
[AUDIT] _mklabel: ENTER
[AUDIT] _mklabel: ENTER
[AUDIT] _mklabel: ENTER
[AUDIT] _poll_fast: ENTER
[AUDIT] _poll_slow: ENTER
Wind field loaded:
  Grid: 31 x 31 x 21
  Spacing: 10.0 m
  Bounds: (0.0, 0.0, 0.0) to (300.0, 300.0, 200.0)
  Velocities: 20181 vectors
[FPANEL] ready. Toggle: F3 / F9 / ` / T (polled in _process, not _input)
[FPANEL_DIAG] is_inside_tree()=true process_mode=0 frame=0 layer=100 visible=false
[CAMERA] Loaded plane camera distance from DB: 175.0
[INIT] Press SPACE to start
[DIAG] _ready: ENTER
[VERBATIM] 2026-08-04T14:42:35 ENTER _ready gate=none
[VERBATIM] Baked colours loaded: 50331648
[VERBATIM] Terrain: 1024 vertex-colour, colour=baked_colours_4096.bin, verts: 262144
[VERBATIM] Runways: placeholder positions disabled pending georef
[DEBUG] _character position after set: (100.0, 1828.8, -100.0)
[DEBUG] _character global_position: (100.0, 1828.8, -100.0)
[VERBATIM] ENTER _load_character gate=none
Loading resource: res://assets/characters/parachutist.fbx
Loading resource: res://.godot/imported/parachutist.fbx-4e97eacb181e599e676b61e7205a47ee.scn
[VERBATIM] FBX loaded
[DEBUG] FBX instance visible: true
[DEBUG] FBX instance added. Node: parachutist:<Node3D#38755370589>
[DEBUG] Instance position: (0.0, 0.0, 0.0)
[DEBUG] Instance scale: (1.0, 1.0, 1.0)
[DEBUG] Instance visible: true
[DEBUG] _character position: (100.0, 1828.8, -100.0)
[VERBATIM] Left arm bone found index 8
[VERBATIM] Right arm bone found index 32
[VERBATIM] _setup_anim_player: clips=["Take 001", "mixamo_com"]
[VERBATIM] _setup_anim_player: deferring play of mixamo_com
[VERBATIM] RESET animation not available – using fallback
[VERBATIM] EXIT _load_character ok=true
[DIAG] _ready: character loaded
[VERBATIM] [VERBATIM] Creating plane node...
Loading resource: res://scripts/plane.gd
[VERBATIM] [VERBATIM] Plane script attached
Loading resource: res://assets/aircraft/cesna_airplane.glb
Loading resource: res://.godot/imported/cesna_airplane.glb-0df84a10403a8c08167e1e07258c4378.scn
Loading resource: res://assets/aircraft/cesna_airplane_2.png
Loading resource: res://.godot/imported/cesna_airplane_2.png-a0ae2ab0bf25959dd0beafc4e856bc3b.s3tc.ctex
Loading resource: res://assets/aircraft/cesna_airplane_0.png
Loading resource: res://.godot/imported/cesna_airplane_0.png-e0456c27d48acd63e1dd01ab23117de6.s3tc.ctex
Loading resource: res://assets/aircraft/cesna_airplane_1.png
Loading resource: res://.godot/imported/cesna_airplane_1.png-40e4f0bad9835f0987c7e03e2e3ca5b0.s3tc.ctex
[VERBATIM] Cessna model loaded. visible=true scale=(15.0, 15.0, 15.0)
[VERBATIM] [VERBATIM] Plane created at altitude 6000
[DIAG] _ready: plane created, _plane_node=FlyingPlane:<CharacterBody3D#38889588332>
[CAMERA] Loaded plane camera distance from DB: 175.0
[DEBUG] Plane position: (0.0, 1828.8, 0.0)
[DEBUG] Camera position: (0.0, 1880.516, -167.1839)
[DIAG] _ready: camera positioned
[VERBATIM] Camera attached to root, following plane
[VERBATIM] Drop zone created
[VERBATIM] ENTER _load_faa_obstacles gate=none
[VERBATIM] _load_faa_obstacles read_bytes=9568
[VERBATIM] _load_faa_obstacles obstacle_count=41
[VERBATIM] FAA obstacles loaded: 41
[VERBATIM] EXIT _load_faa_obstacles ok=true placed=41
[VERBATIM] HUD created
[DIAG] _ready: HUD created, _hud_labels size=8
[VERBATIM] Initial heading set to 0.0
[VERBATIM] ENTER _setup_pip_overlay gate=none
Loading resource: res://scripts/pip_draggable.gd
[PIP] _ready: size=(320.0, 240.0) position=(10.0, 10.0)
[VERBATIM] PiP canopy path=res://assets/canopy/parachute_sanitized.glb
Loading resource: res://assets/canopy/parachute_sanitized.glb
Loading resource: res://.godot/imported/parachute_sanitized.glb-5999240e51474abb946895cc5af216d6.scn
[VERBATIM] main canopy attached offset=(0,2.5,0) path=res://assets/canopy/parachute_sanitized.glb
[CANOPYSYNC] main canopy attached HIDDEN, awaiting deploy
[VERBATIM] EXIT _setup_pip_overlay ok=true
[VERBATIM] ENTER _init_achievements gate=none
[VERBATIM] Unlocked achievements: ["first_jump", "malfunction_ace"]
[VERBATIM] EXIT _init_achievements ok=true
[VERBATIM] ENTER _init_mission gate=none
[VERBATIM] Mission updated: Training
[VERBATIM] EXIT _init_mission ok=true
[VERBATIM] ENTER _init_leaderboard gate=none
[VERBATIM] EXIT _init_leaderboard ok=true
[VERBATIM] ENTER _init_controller gate=none
[VERBATIM] EXIT _init_controller ok=true
[VERBATIM] ENTER _init_sentry gate=none
[VERBATIM] Sentry not configured
[VERBATIM] EXIT _init_sentry ok=true
Loading resource: res://assets/canopy/parachute_sanitized.glb
Loading resource: res://.godot/imported/parachute_sanitized.glb-5999240e51474abb946895cc5af216d6.scn
[VERBATIM] Clean GLB loaded from: res://assets/canopy/parachute_sanitized.glb
[VERBATIM] ENTER _randomize_malfunction gate=none
[VERBATIM] Canopy visuals updated for LINE TWISTS
[VERBATIM] EXIT _randomize_malfunction ok=true
[VERBATIM] Initial malfunction: LINE TWISTS
[VERBATIM] Game ready – press SPACE at ~4000 ft to deploy
[VERBATIM] Headless auto‑start triggered.
[VERBATIM] Headless auto‑start triggered.
[VERBATIM] ARM GATE: Left arm rotation = (1.570796, 1.570796, 0.0)
[VERBATIM] ARM GATE: Right arm rotation = (1.570796, -1.570796, 0.0)
[VERBATIM] ARM GATE: Arms are lowered
[VERBATIM] ... EXIT _ready ok=true
[DIAG] _ready: EXIT
[AUDIT] poll_forensic_hud: ENTER
[FPANEL] _process() alive, frame=0
[ALTIMETER] update_altitude FIRST CALL: alt_ft=6000.00035219727
[ARMTEL] rest captured L_idx=8 R_idx=32 restL=(-0.010452, -0.001063, 0.101151, 0.994816) restR=(-0.010455, 0.001063, -0.101149, 0.994816)
[AXISSOLVE] bones OK on attempt 1  hips=0 head=5 foot=57 toe=59 handL=10 handR=34
[ANIMDIAG] current='' is_playing=false speed_scale=1.0 active=true process_mode=1 list=["Take 001", "mixamo_com"]
[AXISSOLVE] up=(-0.000073, 0.999984, -0.005653) forward=(0.009652, 0.005654, 0.999937) right=(-0.999953, -0.000019, 0.009652)
[AXISSOLVE] orthogonality up.dot(fwd)=-0.000000028871 (want ~0); desired hand dir (fwd+down)=(0.006877, -0.703098, 0.71106)
[AXISSOLVE_HDR] side,label,angle_deg,d_forward,d_up,d_right
[AXISSOLVE] L lever=(0.550191, 0.000049, 0.0) len=0.5501914024353 axis_global=(0.000063, -0.711076, -0.703115) AXIS_LOCAL_APPLIED=(0.703115, -0.0, 0.711076)
[AXISSOLVE],L,SOLVED,15.0,0.10050402581692,-0.10069465637207,0.01971686445177
[AXISSOLVE],L,+X,15.0,-0.00098592438735,-0.14239792525768,0.01873648166656
[AXISSOLVE],L,-X,15.0,0.00062396959402,0.14239744842052,0.01875631324947
[AXISSOLVE],L,+Y,15.0,0.00000001184914,0.0000001191442,0.00000000010565
[AXISSOLVE],L,-Y,15.0,0.00000000745011,-0.00000000004212,0.00000000007191
[AXISSOLVE],L,+Z,15.0,0.14221015572548,-0.00080531829735,0.02012093178928
[AXISSOLVE],L,-Z,15.0,-0.14257210493088,0.00080472708214,0.01737180165946
[AXISSOLVE],L,SOLVED,60.0,0.33424305915833,-0.336934030056,0.27832999825478
[AXISSOLVE],L,+X,60.0,-0.00534905865788,-0.47647625207901,0.27504971623421
[AXISSOLVE],L,-X,60.0,0.00003785827721,0.4764678478241,0.27511608600616
[AXISSOLVE],L,+Y,60.0,0.00000007145006,0.00000011880724,0.00000000068096
[AXISSOLVE],L,-Y,60.0,0.00000008500235,-0.00000011969176,0.00000000082924
[AXISSOLVE],L,+Z,60.0,0.47379446029663,-0.00269782519899,0.27968221902847
[AXISSOLVE],L,-Z,60.0,-0.47910553216934,0.00268949149176,0.27048355340958
[AXISSOLVE] R lever=(-0.550191, -0.000048, 0.0) len=0.5501914024353 axis_global=(-0.000061, 0.711076, 0.703115) AXIS_LOCAL_APPLIED=(0.703115, 0.0, -0.711076)
[AXISSOLVE],R,SOLVED,15.0,0.10086593776941,-0.10069417953491,-0.01777581125498
[AXISSOLVE],R,+X,15.0,-0.00062398682348,-0.14239744842052,-0.01875607483089
[AXISSOLVE],R,-X,15.0,0.00098590110429,0.14239792525768,-0.01873677968979
[AXISSOLVE],R,+Y,15.0,0.00000003352552,-0.00000000018954,0.00000000032362
[AXISSOLVE],R,-Y,15.0,-0.00000005587586,0.0000000003159,-0.00000000053936
[AXISSOLVE],R,+Z,15.0,-0.14221015572548,0.00080531829735,-0.02012087218463
[AXISSOLVE],R,-Z,15.0,0.14257207512856,-0.00080472690752,-0.01737192086875
[AXISSOLVE],R,SOLVED,60.0,0.33955377340317,-0.33692640066147,-0.27183523774147
[AXISSOLVE],R,+X,60.0,-0.00003805011875,-0.47646844387054,-0.27511510252953
[AXISSOLVE],R,-X,60.0,0.00534880580381,0.47647559642792,-0.27505052089691
[AXISSOLVE],R,+Y,60.0,0.00000007584908,0.00000023799356,0.00000000071469
[AXISSOLVE],R,-Y,60.0,-0.00000019370299,0.00000000109512,-0.00000000186978
[AXISSOLVE],R,+Z,60.0,-0.47379460930824,0.00269723008387,-0.27968180179596
[AXISSOLVE],R,-Z,60.0,0.47910526394844,-0.0026900859084,-0.27048382163048
[ELBOWSOLVE] L reference=pull_dir
[ELBOWSOLVE] L fore_idx=9 lever=(0.276145, 0.000024, 0.0) len=0.27614459395409 d_want=(0.000062, -0.703115, 0.711076) ELBOW_AXIS_LOCAL=(0.703115, 0.0, 0.711077)
[ELBOWSOLVE_HDR] side,angle_deg,dist_before,dist_after,delta_want_negative,along_pulldir_want_positive
[ELBOWSOLVE],L,30.0,0.5501914024353,0.53144437074661,-0.01874703168869,0.13781696557999
[ELBOWSOLVE],L,75.0,0.5501914024353,0.436498016119,-0.1136933863163,0.26533415913582
[ELBOWSOLVE] R reference=pull_dir
[ELBOWSOLVE] R fore_idx=33 lever=(-0.276145, -0.000024, 0.0) len=0.27614462375641 d_want=(0.000061, -0.703115, 0.711076) ELBOW_AXIS_LOCAL=(0.703115, 0.0, -0.711076)
[ELBOWSOLVE_HDR] side,angle_deg,dist_before,dist_after,delta_want_negative,along_pulldir_want_positive
[ELBOWSOLVE],R,30.0,0.5501914024353,0.53144431114197,-0.01874709129333,0.13832128047943
[ELBOWSOLVE],R,75.0,0.5501914024353,0.43649789690971,-0.11369350552559,0.26812392473221
[AXISSOLVE] solved L=true R=true - axes now APPLIED live, pose restored
[ARMTEL_HDR] t,side,held,dt,force,tension,damping,accel,vel,pull,deg,anim_pos,elbow_deg,hold_t
[CONTROLS] ---- InputMap audit and repair ----
[CONTROLS] deploy  action_existed=true  keys_before=[]  wanted=Space  added=true
[CONTROLS] turnleft  action_existed=true  keys_before=[]  wanted=Q  added=true
[CONTROLS] turnright  action_existed=true  keys_before=[]  wanted=E  added=true
[CONTROLS] camera_cycle  action_existed=true  keys_before=[]  wanted=C  added=true
[CONTROLS] cutaway  action_existed=true  keys_before=[]  wanted=X  added=true
[CONTROLS] reserve  action_existed=true  keys_before=[]  wanted=V  added=true
[CONTROLS] flare  action_existed=true  keys_before=[]  wanted=F  added=true
[CONTROLS] togglehud  action_existed=true  keys_before=[]  wanted=H  added=true
[CONTROLS] flightcheck  action_existed=true  keys_before=[]  wanted=G  added=true
[CONTROLS] restart  action_existed=true  keys_before=[]  wanted=R  added=true
[CONTROLS] j  action_existed=true  keys_before=["J"]  wanted=J  added=false
[CONTROLS] pause  action_existed=true  keys_before=[]  wanted=Escape  added=true
[CONTROLS] ---- 11 binding(s) added ----
[CANOPYSYNC] transition at state=0 deployed=false visible=false
[PIPLIVE] SubViewport now shares the main World3D
[PIPLIVE] hid 2 standalone PiP prop(s); camera kept
[DIAG] _physics_process: ENTER, state=0
[DIAG] _physics_process: IN_PLANE branch entered
[VERBATIM] Headless auto-start triggered (IN_PLANE frame 1).
[DIAG] _physics_process: plane position updated to (799.9964, 1853.8, 2.399997)
[DIAG] _physics_process: checking camera follow
[DIAG] _physics_process: plane and camera valid, updating camera
[DIAG] _physics_process: camera moved from (0.0, 1880.516, -167.1839) to (799.9964, 1905.516, -164.7839)
[DIAG] _physics_process: IN_PLANE returning
[HubManager] Hub spawn requested pid=566160 non-blocking
[FPANEL] Adopted existing pip container
[AUDIT] poll_forensic_hud: ENTER
[CTRL] pressed=deploy  key=Space  state=0  deployed=false  alt_m=1828.8
[DIAG] _physics_process: ENTER, state=0
[DIAG] _physics_process: IN_PLANE branch entered
[DIAG] _physics_process: plane position updated to (799.9856, 1853.8, 4.799971)
[DIAG] _physics_process: checking camera follow
[DIAG] _physics_process: plane and camera valid, updating camera
[DIAG] _physics_process: camera moved from (799.9964, 1905.516, -164.7839) to (799.9856, 1905.516, -162.3839)
[DIAG] _physics_process: IN_PLANE returning
[AUDIT] poll_forensic_hud: ENTER
[DIAG] _physics_process: ENTER, state=0
[DIAG] _physics_process: IN_PLANE branch entered
[DIAG] _physics_process: plane position updated to (799.9676, 1853.8, 7.199903)
[DIAG] _physics_process: checking camera follow
[DIAG] _physics_process: plane and camera valid, updating camera
[DIAG] _physics_process: camera moved from (799.9856, 1905.516, -162.3839) to (799.9676, 1905.516, -159.984)
[DIAG] _physics_process: IN_PLANE returning
[AUDIT] poll_forensic_hud: ENTER
[DIAG] _physics_process: ENTER, state=0
[DIAG] _physics_process: IN_PLANE branch entered
[DIAG] _physics_process: plane position updated to (799.9424, 1853.8, 9.59977)
[DIAG] _physics_process: checking camera follow
[DIAG] _physics_process: plane and camera valid, updating camera
[DIAG] _physics_process: camera moved from (799.9676, 1905.516, -159.984) to (799.9424, 1905.516, -157.5841)
[DIAG] _physics_process: IN_PLANE returning
[AUDIT] poll_forensic_hud: ENTER
[DIAG] _physics_process: ENTER, state=0
[DIAG] _physics_process: IN_PLANE branch entered
[DIAG] _physics_process: plane position updated to (799.91, 1853.8, 11.99955)
[DIAG] _physics_process: checking camera follow
[DIAG] _physics_process: plane and camera valid, updating camera
[DIAG] _physics_process: camera moved from (799.9424, 1905.516, -157.5841) to (799.91, 1905.516, -155.1843)
[DIAG] _physics_process: IN_PLANE returning
[AUDIT] poll_forensic_hud: ENTER
[DIAG] _physics_process: ENTER, state=0
[DIAG] _physics_process: IN_PLANE branch entered
[DIAG] _physics_process: plane position updated to (799.8704, 1853.8, 14.39922)
[DIAG] _physics_process: checking camera follow
[DIAG] _physics_process: plane and camera valid, updating camera
[DIAG] _physics_process: camera moved from (799.91, 1905.516, -155.1843) to (799.8704, 1905.516, -152.7847)
[DIAG] _physics_process: IN_PLANE returning
[AUDIT] poll_forensic_hud: ENTER
[DIAG] _physics_process: ENTER, state=0
[DIAG] _physics_process: IN_PLANE branch entered
[DIAG] _physics_process: plane position updated to (799.8236, 1853.8, 16.79877)
[DIAG] _physics_process: checking camera follow
[DIAG] _physics_process: plane and camera valid, updating camera
[DIAG] _physics_process: camera moved from (799.8704, 1905.516, -152.7847) to (799.8236, 1905.516, -150.3851)
[DIAG] _physics_process: IN_PLANE returning
[AUDIT] poll_forensic_hud: ENTER
[DIAG] _physics_process: ENTER, state=0
[DIAG] _physics_process: IN_PLANE branch entered
[DIAG] _physics_process: plane position updated to (799.7696, 1853.8, 19.19816)
[DIAG] _physics_process: checking camera follow
[DIAG] _physics_process: plane and camera valid, updating camera
[DIAG] _physics_process: camera moved from (799.8236, 1905.516, -150.3851) to (799.7696, 1905.516, -147.9857)
[DIAG] _physics_process: IN_PLANE returning
[DIAG] _poll_controls: ENTER, state=0
[VERBATIM] POLL: _poll_controls() entered, game_state=0
[DIAG] _poll_controls: exit aircraft triggered
[VERBATIM] EXIT AIRCRAFT - transitioning FREEFALL
[CAMERA] Switched to character after exit
[DIAG] _poll_controls: EXIT (IN_PLANE branch)
[VERBATIM] Entering BASE
[AUDIT] poll_forensic_hud: ENTER
[DIAG] _physics_process: ENTER, state=1
[DIAG] _physics_process: camera target set to character (state: 1)
[WIND] speed 11.2294329642263 kts  dir 120°  gust 0.0  vec_ms (5.002954, 0.0, -2.888457)
[AUDIT] poll_forensic_hud: ENTER
[DIAG] _physics_process: ENTER, state=1
[DIAG] _physics_process: camera target set to character (state: 1)
[AUDIT] poll_forensic_hud: ENTER
[DIAG] _physics_process: ENTER, state=1
[DIAG] _physics_process: camera target set to character (state: 1)
[AUDIT] poll_forensic_hud: ENTER
[DIAG] _physics_process: ENTER, state=1
[DIAG] _physics_process: camera target set to character (state: 1)
[AUDIT] poll_forensic_hud: ENTER
[DIAG] _physics_process: ENTER, state=1
[DIAG] _physics_process: camera target set to character (state: 1)
[AUDIT] poll_forensic_hud: ENTER
[DIAG] _physics_process: ENTER, state=1
[DIAG] _physics_process: camera target set to character (state: 1)
[AUDIT] poll_forensic_hud: ENTER
[DIAG] _physics_process: ENTER, state=1
[DIAG] _physics_process: camera target set to character (state: 1)
[AUDIT] poll_forensic_hud: ENTER
[DIAG] _physics_process: ENTER, state=1
[DIAG] _physics_process: camera target set to character (state: 1)
[VERBATIM] _setup_anim_player: playing mixamo_com pos=0.0
[DIAG] _poll_controls: ENTER, state=1
[VERBATIM] POLL: _poll_controls() entered, game_state=1
[VERBATIM] POLL: checking deploy state=1 canopy=false
[VERBATIM] Headless auto-deploy triggered (FREEFALL).
[VERBATIM] ENTER _deploy_canopy gate=none
[VERBATIM] Parachute deployment started — state=OPENING_ANIM
[VERBATIM] EXIT _deploy_canopy ok=true
[VERBATIM] Screenshot saved: /home/owner/Documents/69f7bcc6-1f68-83ea-b9b2-95a4db8629ac/parachute-cfd-game/godot_project/../audit_logs/screenshots/v314_20260804T144241.png
/builddir/build/BUILD/mbedtls-3.6.6-build/mbedtls-3.6.6/library/ssl_tls13_generic.c:1552: 0x203ce618: Perform PSA-based ECDH/FFDH computation.
[AUDIT] poll_forensic_hud: ENTER
[CANOPYSYNC] main canopy visible -> true  state=2  deployed=true
[CANOPYSYNC] transition at state=2 deployed=true visible=true
[DIAG] _physics_process: ENTER, state=2
[DIAG] _physics_process: camera target set to character (state: 2)
[GLIDE_HDR] t,brake_L,brake_R,sym,diff,fwd_speed,turn_rate_deg_s,heading_deg,descent_m_s,glide_ratio,x,z,raw_descent
[VERBATIM] DIAGNOSIS turning block executed
[DIAG] _turn_input = 0.0
[AUDIT] poll_forensic_hud: ENTER
[DIAG] _physics_process: ENTER, state=2
[DIAG] _physics_process: camera target set to character (state: 2)
[VERBATIM] DIAGNOSIS turning block executed
[DIAG] _turn_input = 0.0
[DIAG] _poll_controls: ENTER, state=2
[VERBATIM] POLL: _poll_controls() entered, game_state=2
[VERBATIM] POLL: checking deploy state=2 canopy=true
/builddir/build/BUILD/mbedtls-3.6.6-build/mbedtls-3.6.6/library/ssl_tls13_client.c:1950: 0x203ce618: Switch to handshake keys for inbound traffic
/builddir/build/BUILD/mbedtls-3.6.6-build/mbedtls-3.6.6/library/ssl_tls13_generic.c:0403: 0x203ce618: mbedtls_ssl_tls13_process_certificate_verify() returned 0 (-0x0000)
/builddir/build/BUILD/mbedtls-3.6.6-build/mbedtls-3.6.6/library/ssl_tls13_client.c:2642: 0x203ce618: Switch to handshake traffic keys for outbound traffic
/builddir/build/BUILD/mbedtls-3.6.6-build/mbedtls-3.6.6/library/ssl_tls13_generic.c:1235: 0x203ce618: Switch to application keys for inbound traffic
/builddir/build/BUILD/mbedtls-3.6.6-build/mbedtls-3.6.6/library/ssl_tls13_generic.c:1238: 0x203ce618: Switch to application keys for outbound traffic
[AUDIT] poll_forensic_hud: ENTER
[DIAG] _physics_process: ENTER, state=2
[DIAG] _physics_process: camera target set to character (state: 2)
[VERBATIM] DIAGNOSIS turning block executed
[DIAG] _turn_input = 0.0
[AUDIT] poll_forensic_hud: ENTER
[DIAG] _physics_process: ENTER, state=2
[DIAG] _physics_process: camera target set to character (state: 2)
[VERBATIM] DIAGNOSIS turning block executed
[DIAG] _turn_input = 0.0
[AUDIT] poll_forensic_hud: ENTER
[DIAG] _physics_process: ENTER, state=2
[DIAG] _physics_process: camera target set to character (state: 2)
[VERBATIM] DIAGNOSIS turning block executed
[DIAG] _turn_input = 0.0
[AUDIT] poll_forensic_hud: ENTER
[DIAG] _physics_process: ENTER, state=2
[DIAG] _physics_process: camera target set to character (state: 2)
[VERBATIM] DIAGNOSIS turning block executed
[DIAG] _turn_input = 0.0
[AUDIT] poll_forensic_hud: ENTER
[DIAG] _physics_process: ENTER, state=2
[DIAG] _physics_process: camera target set to character (state: 2)
[VERBATIM] DIAGNOSIS turning block executed
[DIAG] _turn_input = 0.0
[AUDIT] poll_forensic_hud: ENTER
[DIAG] _physics_process: ENTER, state=2
[DIAG] _physics_process: camera target set to character (state: 2)
[VERBATIM] DIAGNOSIS turning block executed
[DIAG] _turn_input = 0.0
[AUDIT] poll_forensic_hud: ENTER
[DIAG] _physics_process: ENTER, state=2
[DIAG] _physics_process: camera target set to character (state: 2)
[VERBATIM] DIAGNOSIS turning block executed
[DIAG] _turn_input = 0.0
[AUDIT] poll_forensic_hud: ENTER
[DIAG] _physics_process: ENTER, state=2
[DIAG] _physics_process: camera target set to character (state: 2)
[VERBATIM] DIAGNOSIS turning block executed
[DIAG] _turn_input = 0.0
[DIAG] _poll_controls: ENTER, state=2
[VERBATIM] POLL: _poll_controls() entered, game_state=2
[VERBATIM] POLL: checking deploy state=2 canopy=true
[AUDIT] poll_forensic_hud: ENTER
[DIAG] _physics_process: ENTER, state=2
[DIAG] _physics_process: camera target set to character (state: 2)
[VERBATIM] DIAGNOSIS turning block executed
[DIAG] _turn_input = 0.0
[AUDIT] poll_forensic_hud: ENTER
[DIAG] _physics_process: ENTER, state=2
[DIAG] _physics_process: camera target set to character (state: 2)
[VERBATIM] DIAGNOSIS turning block executed
[DIAG] _turn_input = 0.0
[DIAG] _poll_controls: ENTER, state=2
[VERBATIM] POLL: _poll_controls() entered, game_state=2
[VERBATIM] POLL: checking deploy state=2 canopy=true
[AUDIT] poll_forensic_hud: ENTER
[DIAG] _physics_process: ENTER, state=2
[DIAG] _physics_process: camera target set to character (state: 2)
[VERBATIM] DIAGNOSIS turning block executed
[DIAG] _turn_input = 0.0
[DIAG] _poll_controls: ENTER, state=2
[VERBATIM] POLL: _poll_controls() entered, game_state=2
[VERBATIM] POLL: checking deploy state=2 canopy=true
[AUDIT] poll_forensic_hud: ENTER
[DIAG] _physics_process: ENTER, state=2
[DIAG] _physics_process: camera target set to character (state: 2)
[VERBATIM] DIAGNOSIS turning block executed
[DIAG] _turn_input = 0.0
[DIAG] _poll_controls: ENTER, state=2
[VERBATIM] POLL: _poll_controls() entered, game_state=2
[VERBATIM] POLL: checking deploy state=2 canopy=true
[AUDIT] poll_forensic_hud: ENTER
[DIAG] _physics_process: ENTER, state=2
[DIAG] _physics_process: camera target set to character (state: 2)
[VERBATIM] DIAGNOSIS turning block executed
[DIAG] _turn_input = 0.0
[DIAG] _poll_controls: ENTER, state=2
[VERBATIM] POLL: _poll_controls() entered, game_state=2
[VERBATIM] POLL: checking deploy state=2 canopy=true
[DIAG] _poll_controls: ENTER, state=2
[VERBATIM] POLL: _poll_controls() entered, game_state=2
[VERBATIM] POLL: checking deploy state=2 canopy=true
[AUDIT] poll_forensic_hud: ENTER
[DIAG] _physics_process: ENTER, state=2
[DIAG] _physics_process: camera target set to character (state: 2)
[VERBATIM] DIAGNOSIS turning block executed
[DIAG] _turn_input = 0.0
[DIAG] _poll_controls: ENTER, state=2
[VERBATIM] POLL: _poll_controls() entered, game_state=2
[VERBATIM] POLL: checking deploy state=2 canopy=true
[AUDIT] poll_forensic_hud: ENTER
[DIAG] _physics_process: ENTER, state=2
[DIAG] _physics_process: camera target set to character (state: 2)
[VERBATIM] DIAGNOSIS turning block executed
[DIAG] _turn_input = 0.0
[DIAG] _poll_controls: ENTER, state=2
[VERBATIM] POLL: _poll_controls() entered, game_state=2
[VERBATIM] POLL: checking deploy state=2 canopy=true
/builddir/build/BUILD/mbedtls-3.6.6-build/mbedtls-3.6.6/library/ssl_tls13_generic.c:1552: 0x1f94e3d8: Perform PSA-based ECDH/FFDH computation.
[AUDIT] poll_forensic_hud: ENTER
[DIAG] _physics_process: ENTER, state=2
[DIAG] _physics_process: camera target set to character (state: 2)
[VERBATIM] DIAGNOSIS turning block executed
[DIAG] _turn_input = 0.0
[DIAG] _poll_controls: ENTER, state=2
[VERBATIM] POLL: _poll_controls() entered, game_state=2
[VERBATIM] POLL: checking deploy state=2 canopy=true
[AUDIT] poll_forensic_hud: ENTER
[DIAG] _physics_process: ENTER, state=2
[DIAG] _physics_process: camera target set to character (state: 2)
[VERBATIM] DIAGNOSIS turning block executed
[DIAG] _turn_input = 0.0
[DIAG] _poll_controls: ENTER, state=2
[VERBATIM] POLL: _poll_controls() entered, game_state=2
[VERBATIM] POLL: checking deploy state=2 canopy=true
/builddir/build/BUILD/mbedtls-3.6.6-build/mbedtls-3.6.6/library/ssl_tls13_client.c:1950: 0x1f94e3d8: Switch to handshake keys for inbound traffic
/builddir/build/BUILD/mbedtls-3.6.6-build/mbedtls-3.6.6/library/ssl_tls13_generic.c:0403: 0x1f94e3d8: mbedtls_ssl_tls13_process_certificate_verify() returned 0 (-0x0000)
/builddir/build/BUILD/mbedtls-3.6.6-build/mbedtls-3.6.6/library/ssl_tls13_client.c:2642: 0x1f94e3d8: Switch to handshake traffic keys for outbound traffic
/builddir/build/BUILD/mbedtls-3.6.6-build/mbedtls-3.6.6/library/ssl_tls13_generic.c:1235: 0x1f94e3d8: Switch to application keys for inbound traffic
/builddir/build/BUILD/mbedtls-3.6.6-build/mbedtls-3.6.6/library/ssl_tls13_generic.c:1238: 0x1f94e3d8: Switch to application keys for outbound traffic
[AUDIT] poll_forensic_hud: ENTER
[DIAG] _physics_process: ENTER, state=2
[DIAG] _physics_process: camera target set to character (state: 2)
[VERBATIM] DIAGNOSIS turning block executed
[DIAG] _turn_input = 0.0
[DIAG] _poll_controls: ENTER, state=2
[VERBATIM] POLL: _poll_controls() entered, game_state=2
[VERBATIM] POLL: checking deploy state=2 canopy=true
[AUDIT] poll_forensic_hud: ENTER
[DIAG] _physics_process: ENTER, state=2
[DIAG] _physics_process: camera target set to character (state: 2)
[VERBATIM] DIAGNOSIS turning block executed
[DIAG] _turn_input = 0.0
[DIAG] _poll_controls: ENTER, state=2
[VERBATIM] POLL: _poll_controls() entered, game_state=2
[VERBATIM] POLL: checking deploy state=2 canopy=true
[AUDIT] poll_forensic_hud: ENTER
[DIAG] _physics_process: ENTER, state=2
[DIAG] _physics_process: camera target set to character (state: 2)
[VERBATIM] DIAGNOSIS turning block executed
[DIAG] _turn_input = 0.0
[DIAG] _poll_controls: ENTER, state=2
[VERBATIM] POLL: _poll_controls() entered, game_state=2
[VERBATIM] POLL: checking deploy state=2 canopy=true
[AUDIT] poll_forensic_hud: ENTER
[DIAG] _physics_process: ENTER, state=2
[DIAG] _physics_process: camera target set to character (state: 2)
[VERBATIM] DIAGNOSIS turning block executed
[DIAG] _turn_input = 0.0
[DIAG] _poll_controls: ENTER, state=2
[VERBATIM] POLL: _poll_controls() entered, game_state=2
[VERBATIM] POLL: checking deploy state=2 canopy=true
[AUDIT] poll_forensic_hud: ENTER
[DIAG] _physics_process: ENTER, state=2
[DIAG] _physics_process: camera target set to character (state: 2)
[VERBATIM] DIAGNOSIS turning block executed
[DIAG] _turn_input = 0.0
[DIAG] _poll_controls: ENTER, state=2
[VERBATIM] POLL: _poll_controls() entered, game_state=2
[VERBATIM] POLL: checking deploy state=2 canopy=true
[AUDIT] poll_forensic_hud: ENTER
[DIAG] _physics_process: ENTER, state=2
[DIAG] _physics_process: camera target set to character (state: 2)
[VERBATIM] DIAGNOSIS turning block executed
[DIAG] _turn_input = 0.0
[DIAG] _poll_controls: ENTER, state=2
[VERBATIM] POLL: _poll_controls() entered, game_state=2
[VERBATIM] POLL: checking deploy state=2 canopy=true
[AUDIT] poll_forensic_hud: ENTER
[DIAG] _physics_process: ENTER, state=2
[DIAG] _physics_process: camera target set to character (state: 2)
[VERBATIM] DIAGNOSIS turning block executed
[DIAG] _turn_input = 0.0
[DIAG] _poll_controls: ENTER, state=2
[VERBATIM] POLL: _poll_controls() entered, game_state=2
[VERBATIM] POLL: checking deploy state=2 canopy=true
[VERBATIM] Real wind loaded: SSW 4.34488 kts
[DIAG] _poll_controls: ENTER, state=2
[VERBATIM] POLL: _poll_controls() entered, game_state=2
[VERBATIM] POLL: checking deploy state=2 canopy=true
[AUDIT] poll_forensic_hud: ENTER
[DIAG] _physics_process: ENTER, state=2
[DIAG] _physics_process: camera target set to character (state: 2)
[VERBATIM] DIAGNOSIS turning block executed
[DIAG] _turn_input = 0.0
[DIAG] _poll_controls: ENTER, state=2
[VERBATIM] POLL: _poll_controls() entered, game_state=2
[VERBATIM] POLL: checking deploy state=2 canopy=true
[AUDIT] poll_forensic_hud: ENTER
[DIAG] _physics_process: ENTER, state=2
[DIAG] _physics_process: camera target set to character (state: 2)
[VERBATIM] DIAGNOSIS turning block executed
[DIAG] _turn_input = 0.0
[DIAG] _poll_controls: ENTER, state=2
[VERBATIM] POLL: _poll_controls() entered, game_state=2
[VERBATIM] POLL: checking deploy state=2 canopy=true
[AUDIT] poll_forensic_hud: ENTER
[DIAG] _physics_process: ENTER, state=2
[DIAG] _physics_process: camera target set to character (state: 2)
[VERBATIM] DIAGNOSIS turning block executed
[DIAG] _turn_input = 0.0
[DIAG] _poll_controls: ENTER, state=2
[VERBATIM] POLL: _poll_controls() entered, game_state=2
[VERBATIM] POLL: checking deploy state=2 canopy=true
[AUDIT] poll_forensic_hud: ENTER
[DIAG] _physics_process: ENTER, state=2
[DIAG] _physics_process: camera target set to character (state: 2)
[VERBATIM] DIAGNOSIS turning block executed
[DIAG] _turn_input = 0.0
[DIAG] _poll_controls: ENTER, state=2
[VERBATIM] POLL: _poll_controls() entered, game_state=2
[VERBATIM] POLL: checking deploy state=2 canopy=true
[AUDIT] poll_forensic_hud: ENTER
[DIAG] _physics_process: ENTER, state=2
[DIAG] _physics_process: camera target set to character (state: 2)
[GLIDE],0.51666666666667,0.0,0.0,0.0,0.0,11.0,0.0,0.0,4.23076923076923,2.6,802.077819824219,23.72239112854,18.0
[VERBATIM] DIAGNOSIS turning block executed
[DIAG] _turn_input = 0.0
[DIAG] _poll_controls: ENTER, state=2
[VERBATIM] POLL: _poll_controls() entered, game_state=2
[VERBATIM] POLL: checking deploy state=2 canopy=true
[AUDIT] poll_forensic_hud: ENTER
[DIAG] _physics_process: ENTER, state=2
[DIAG] _physics_process: camera target set to character (state: 2)
[VERBATIM] DIAGNOSIS turning block executed
[DIAG] _turn_input = 0.0
[DIAG] _poll_controls: ENTER, state=2
[VERBATIM] POLL: _poll_controls() entered, game_state=2
[VERBATIM] POLL: checking deploy state=2 canopy=true
[AUDIT] poll_forensic_hud: ENTER
[DIAG] _physics_process: ENTER, state=2
[DIAG] _physics_process: camera target set to character (state: 2)
[VERBATIM] DIAGNOSIS turning block executed
[DIAG] _turn_input = 0.0
[DIAG] _poll_controls: ENTER, state=2
[VERBATIM] POLL: _poll_controls() entered, game_state=2
[VERBATIM] POLL: checking deploy state=2 canopy=true
[AUDIT] poll_forensic_hud: ENTER
[DIAG] _physics_process: ENTER, state=2
[DIAG] _physics_process: camera target set to character (state: 2)
[VERBATIM] DIAGNOSIS turning block executed
[DIAG] _turn_input = 0.0
[DIAG] _poll_controls: ENTER, state=2
[VERBATIM] POLL: _poll_controls() entered, game_state=2
[VERBATIM] POLL: checking deploy state=2 canopy=true
[AUDIT] poll_forensic_hud: ENTER
[DIAG] _physics_process: ENTER, state=2
[DIAG] _physics_process: camera target set to character (state: 2)
[VERBATIM] DIAGNOSIS turning block executed
[DIAG] _turn_input = 0.0
[DIAG] _poll_controls: ENTER, state=2
[VERBATIM] POLL: _poll_controls() entered, game_state=2
[VERBATIM] POLL: checking deploy state=2 canopy=true
[AUDIT] poll_forensic_hud: ENTER
[DIAG] _physics_process: ENTER, state=2
[DIAG] _physics_process: camera target set to character (state: 2)
[VERBATIM] DIAGNOSIS turning block executed
[DIAG] _turn_input = 0.0
[DIAG] _poll_controls: ENTER, state=2
[VERBATIM] POLL: _poll_controls() entered, game_state=2
[VERBATIM] POLL: checking deploy state=2 canopy=true
[AUDIT] poll_forensic_hud: ENTER
[DIAG] _physics_process: ENTER, state=2
[DIAG] _physics_process: camera target set to character (state: 2)
[VERBATIM] DIAGNOSIS turning block executed
[DIAG] _turn_input = 0.0
[DIAG] _poll_controls: ENTER, state=2
[VERBATIM] POLL: _poll_controls() entered, game_state=2
[VERBATIM] POLL: checking deploy state=2 canopy=true
[AUDIT] poll_forensic_hud: ENTER
[DIAG] _physics_process: ENTER, state=2
[DIAG] _physics_process: camera target set to character (state: 2)
[VERBATIM] DIAGNOSIS turning block executed
[DIAG] _turn_input = 0.0
[DIAG] _poll_controls: ENTER, state=2
[VERBATIM] POLL: _poll_controls() entered, game_state=2
[VERBATIM] POLL: checking deploy state=2 canopy=true
[AUDIT] poll_forensic_hud: ENTER
[DIAG] _physics_process: ENTER, state=2
[DIAG] _physics_process: camera target set to character (state: 2)
[VERBATIM] DIAGNOSIS turning block executed
[DIAG] _turn_input = 0.0
[DIAG] _poll_controls: ENTER, state=2
[VERBATIM] POLL: _poll_controls() entered, game_state=2
[VERBATIM] POLL: checking deploy state=2 canopy=true
[AUDIT] poll_forensic_hud: ENTER
[DIAG] _physics_process: ENTER, state=2
[DIAG] _physics_process: camera target set to character (state: 2)
[VERBATIM] DIAGNOSIS turning block executed
[DIAG] _turn_input = 0.0
[DIAG] _poll_controls: ENTER, state=2
[VERBATIM] POLL: _poll_controls() entered, game_state=2
[VERBATIM] POLL: checking deploy state=2 canopy=true
[AUDIT] poll_forensic_hud: ENTER
[DIAG] _physics_process: ENTER, state=2
[DIAG] _physics_process: camera target set to character (state: 2)
[VERBATIM] DIAGNOSIS turning block executed
[DIAG] _turn_input = 0.0
[DIAG] _poll_controls: ENTER, state=2
[VERBATIM] POLL: _poll_controls() entered, game_state=2
[VERBATIM] POLL: checking deploy state=2 canopy=true
[AUDIT] poll_forensic_hud: ENTER
[DIAG] _physics_process: ENTER, state=2
[DIAG] _physics_process: camera target set to character (state: 2)
[VERBATIM] DIAGNOSIS turning block executed
[DIAG] _turn_input = 0.0
[DIAG] _poll_controls: ENTER, state=2
[VERBATIM] POLL: _poll_controls() entered, game_state=2
[VERBATIM] POLL: checking deploy state=2 canopy=true
[AUDIT] poll_forensic_hud: ENTER
[DIAG] _physics_process: ENTER, state=2
[DIAG] _physics_process: camera target set to character (state: 2)
[VERBATIM] DIAGNOSIS turning block executed
[DIAG] _turn_input = 0.0
[DIAG] _poll_controls: ENTER, state=2
[VERBATIM] POLL: _poll_controls() entered, game_state=2
[VERBATIM] POLL: checking deploy state=2 canopy=true
[AUDIT] poll_forensic_hud: ENTER
[DIAG] _physics_process: ENTER, state=2
[DIAG] _physics_process: camera target set to character (state: 2)
[VERBATIM] DIAGNOSIS turning block executed
[DIAG] _turn_input = 0.0
[DIAG] _poll_controls: ENTER, state=2
[VERBATIM] POLL: _poll_controls() entered, game_state=2
[VERBATIM] POLL: checking deploy state=2 canopy=true
[VERBATIM] Wind updated: 12.5 kts @ 240.0°
[AUDIT] poll_forensic_hud: ENTER
[DIAG] _physics_process: ENTER, state=2
[DIAG] _physics_process: camera target set to character (state: 2)
[VERBATIM] DIAGNOSIS turning block executed
[DIAG] _turn_input = 0.0
[AUDIT] poll_forensic_hud: ENTER
[DIAG] _physics_process: ENTER, state=2
[DIAG] _physics_process: camera target set to character (state: 2)
[VERBATIM] DIAGNOSIS turning block executed
[DIAG] _turn_input = 0.0
[AUDIT] poll_forensic_hud: ENTER
[DIAG] _physics_process: ENTER, state=2
[DIAG] _physics_process: camera target set to character (state: 2)
[VERBATIM] DIAGNOSIS turning block executed
[DIAG] _turn_input = 0.0
[AUDIT] poll_forensic_hud: ENTER
[DIAG] _physics_process: ENTER, state=2
[DIAG] _physics_process: camera target set to character (state: 2)
[VERBATIM] DIAGNOSIS turning block executed
[DIAG] _turn_input = 0.0
[AUDIT] poll_forensic_hud: ENTER
[DIAG] _physics_process: ENTER, state=2
[DIAG] _physics_process: camera target set to character (state: 2)
[VERBATIM] DIAGNOSIS turning block executed
[DIAG] _turn_input = 0.0
[AUDIT] poll_forensic_hud: ENTER
[DIAG] _physics_process: ENTER, state=2
[DIAG] _physics_process: camera target set to character (state: 2)
[VERBATIM] DIAGNOSIS turning block executed
[DIAG] _turn_input = 0.0
[DIAG] _poll_controls: ENTER, state=2
[VERBATIM] POLL: _poll_controls() entered, game_state=2
[VERBATIM] POLL: checking deploy state=2 canopy=true
[AUDIT] poll_forensic_hud: ENTER
[DIAG] _physics_process: ENTER, state=2
[DIAG] _physics_process: camera target set to character (state: 2)
[VERBATIM] DIAGNOSIS turning block executed
[DIAG] _turn_input = 0.0
[AUDIT] poll_forensic_hud: ENTER
[DIAG] _physics_process: ENTER, state=2
[DIAG] _physics_process: camera target set to character (state: 2)
[VERBATIM] DIAGNOSIS turning block executed
[DIAG] _turn_input = 0.0
[AUDIT] poll_forensic_hud: ENTER
[DIAG] _physics_process: ENTER, state=2
[DIAG] _physics_process: camera target set to character (state: 2)
[VERBATIM] DIAGNOSIS turning block executed
[DIAG] _turn_input = 0.0
[DIAG] _poll_controls: ENTER, state=2
[VERBATIM] POLL: _poll_controls() entered, game_state=2
[VERBATIM] POLL: checking deploy state=2 canopy=true
[AUDIT] poll_forensic_hud: ENTER
[DIAG] _physics_process: ENTER, state=2
[DIAG] _physics_process: camera target set to character (state: 2)
[VERBATIM] DIAGNOSIS turning block executed
[DIAG] _turn_input = 0.0
[DIAG] _poll_controls: ENTER, state=2
[VERBATIM] POLL: _poll_controls() entered, game_state=2
[VERBATIM] POLL: checking deploy state=2 canopy=true
[AUDIT] poll_forensic_hud: ENTER
[DIAG] _physics_process: ENTER, state=2
[DIAG] _physics_process: camera target set to character (state: 2)
[VERBATIM] DIAGNOSIS turning block executed
[DIAG] _turn_input = 0.0
[DIAG] _poll_controls: ENTER, state=2
[VERBATIM] POLL: _poll_controls() entered, game_state=2
[VERBATIM] POLL: checking deploy state=2 canopy=true
[DIAG] _poll_controls: ENTER, state=2
[VERBATIM] POLL: _poll_controls() entered, game_state=2
[VERBATIM] POLL: checking deploy state=2 canopy=true
[AUDIT] poll_forensic_hud: ENTER
[DIAG] _physics_process: ENTER, state=2
[DIAG] _physics_process: camera target set to character (state: 2)
[VERBATIM] DIAGNOSIS turning block executed
[DIAG] _turn_input = 0.0
[DIAG] _poll_controls: ENTER, state=2
[VERBATIM] POLL: _poll_controls() entered, game_state=2
[VERBATIM] POLL: checking deploy state=2 canopy=true
[AUDIT] poll_forensic_hud: ENTER
[DIAG] _physics_process: ENTER, state=2
[DIAG] _physics_process: camera target set to character (state: 2)
[VERBATIM] DIAGNOSIS turning block executed
[DIAG] _turn_input = 0.0
[DIAG] _poll_controls: ENTER, state=2
[VERBATIM] POLL: _poll_controls() entered, game_state=2
[VERBATIM] POLL: checking deploy state=2 canopy=true
[AUDIT] poll_forensic_hud: ENTER
[DIAG] _physics_process: ENTER, state=2
[DIAG] _physics_process: camera target set to character (state: 2)
[VERBATIM] DIAGNOSIS turning block executed
[DIAG] _turn_input = 0.0
[DIAG] _poll_controls: ENTER, state=2
[VERBATIM] POLL: _poll_controls() entered, game_state=2
[VERBATIM] POLL: checking deploy state=2 canopy=true
[AUDIT] poll_forensic_hud: ENTER
[DIAG] _physics_process: ENTER, state=2
[DIAG] _physics_process: camera target set to character (state: 2)
[VERBATIM] DIAGNOSIS turning block executed
[DIAG] _turn_input = 0.0
[DIAG] _poll_controls: ENTER, state=2
[VERBATIM] POLL: _poll_controls() entered, game_state=2
[VERBATIM] POLL: checking deploy state=2 canopy=true
[AUDIT] poll_forensic_hud: ENTER
[DIAG] _physics_process: ENTER, state=2
[DIAG] _physics_process: camera target set to character (state: 2)
[VERBATIM] DIAGNOSIS turning block executed
[DIAG] _turn_input = 0.0
[DIAG] _poll_controls: ENTER, state=2
[VERBATIM] POLL: _poll_controls() entered, game_state=2
[VERBATIM] POLL: checking deploy state=2 canopy=true
[AUDIT] poll_forensic_hud: ENTER
[DIAG] _physics_process: ENTER, state=2
[DIAG] _physics_process: camera target set to character (state: 2)
[GLIDE],1.01666666666667,0.0,0.0,0.0,0.0,11.0,0.0,0.0,4.23076923076923,2.6,802.077819824219,30.7904071807861,18.0
[VERBATIM] DIAGNOSIS turning block executed
[DIAG] _turn_input = 0.0
[DIAG] _poll_controls: ENTER, state=2
[VERBATIM] POLL: _poll_controls() entered, game_state=2
[VERBATIM] POLL: checking deploy state=2 canopy=true
[AUDIT] poll_forensic_hud: ENTER
[DIAG] _physics_process: ENTER, state=2
[DIAG] _physics_process: camera target set to character (state: 2)
[VERBATIM] DIAGNOSIS turning block executed
[DIAG] _turn_input = 0.0
[DIAG] _poll_controls: ENTER, state=2
[VERBATIM] POLL: _poll_controls() entered, game_state=2
[VERBATIM] POLL: checking deploy state=2 canopy=true
[AUDIT] poll_forensic_hud: ENTER
[DIAG] _physics_process: ENTER, state=2
[DIAG] _physics_process: camera target set to character (state: 2)
[VERBATIM] DIAGNOSIS turning block executed
[DIAG] _turn_input = 0.0
[DIAG] _poll_controls: ENTER, state=2
[VERBATIM] POLL: _poll_controls() entered, game_state=2
[VERBATIM] POLL: checking deploy state=2 canopy=true
[AUDIT] poll_forensic_hud: ENTER
[DIAG] _physics_process: ENTER, state=2
[DIAG] _physics_process: camera target set to character (state: 2)
[VERBATIM] DIAGNOSIS turning block executed
[DIAG] _turn_input = 0.0
[DIAG] _poll_controls: ENTER, state=2
[VERBATIM] POLL: _poll_controls() entered, game_state=2
[VERBATIM] POLL: checking deploy state=2 canopy=true
[AUDIT] poll_forensic_hud: ENTER
[DIAG] _physics_process: ENTER, state=2
[DIAG] _physics_process: camera target set to character (state: 2)
[VERBATIM] DIAGNOSIS turning block executed
[DIAG] _turn_input = 0.0
[DIAG] _poll_controls: ENTER, state=2
[VERBATIM] POLL: _poll_controls() entered, game_state=2
[VERBATIM] POLL: checking deploy state=2 canopy=true
[AUDIT] poll_forensic_hud: ENTER
[DIAG] _physics_process: ENTER, state=2
[DIAG] _physics_process: camera target set to character (state: 2)
[VERBATIM] DIAGNOSIS turning block executed
[DIAG] _turn_input = 0.0
[DIAG] _poll_controls: ENTER, state=2
[VERBATIM] POLL: _poll_controls() entered, game_state=2
[VERBATIM] POLL: checking deploy state=2 canopy=true
[AUDIT] poll_forensic_hud: ENTER
[DIAG] _physics_process: ENTER, state=2
[DIAG] _physics_process: camera target set to character (state: 2)
[VERBATIM] DIAGNOSIS turning block executed
[DIAG] _turn_input = 0.0
[DIAG] _poll_controls: ENTER, state=2
[VERBATIM] POLL: _poll_controls() entered, game_state=2
[VERBATIM] POLL: checking deploy state=2 canopy=true
[DIAG] _poll_controls: ENTER, state=2
[VERBATIM] POLL: _poll_controls() entered, game_state=2
[VERBATIM] POLL: checking deploy state=2 canopy=true
[AUDIT] poll_forensic_hud: ENTER
[DIAG] _physics_process: ENTER, state=2
[DIAG] _physics_process: camera target set to character (state: 2)
[VERBATIM] DIAGNOSIS turning block executed
[DIAG] _turn_input = 0.0
[DIAG] _poll_controls: ENTER, state=2
[VERBATIM] POLL: _poll_controls() entered, game_state=2
[VERBATIM] POLL: checking deploy state=2 canopy=true
[AUDIT] poll_forensic_hud: ENTER
[DIAG] _physics_process: ENTER, state=2
[DIAG] _physics_process: camera target set to character (state: 2)
[VERBATIM] DIAGNOSIS turning block executed
[DIAG] _turn_input = 0.0
[DIAG] _poll_controls: ENTER, state=2
[VERBATIM] POLL: _poll_controls() entered, game_state=2
[VERBATIM] POLL: checking deploy state=2 canopy=true
[AUDIT] poll_forensic_hud: ENTER
[DIAG] _physics_process: ENTER, state=2
[DIAG] _physics_process: camera target set to character (state: 2)
[VERBATIM] DIAGNOSIS turning block executed
[DIAG] _turn_input = 0.0
[DIAG] _poll_controls: ENTER, state=2
[VERBATIM] POLL: _poll_controls() entered, game_state=2
[VERBATIM] POLL: checking deploy state=2 canopy=true
[AUDIT] poll_forensic_hud: ENTER
[DIAG] _physics_process: ENTER, state=2
[DIAG] _physics_process: camera target set to character (state: 2)
[VERBATIM] DIAGNOSIS turning block executed
[DIAG] _turn_input = 0.0
[DIAG] _poll_controls: ENTER, state=2
[VERBATIM] POLL: _poll_controls() entered, game_state=2
[VERBATIM] POLL: checking deploy state=2 canopy=true
[AUDIT] poll_forensic_hud: ENTER
[DIAG] _physics_process: ENTER, state=2
[DIAG] _physics_process: camera target set to character (state: 2)
[VERBATIM] DIAGNOSIS turning block executed
[DIAG] _turn_input = 0.0
[DIAG] _poll_controls: ENTER, state=2
[VERBATIM] POLL: _poll_controls() entered, game_state=2
[VERBATIM] POLL: checking deploy state=2 canopy=true
[AUDIT] poll_forensic_hud: ENTER
[DIAG] _physics_process: ENTER, state=2
[DIAG] _physics_process: camera target set to character (state: 2)
[VERBATIM] DIAGNOSIS turning block executed
[DIAG] _turn_input = 0.0
[DIAG] _poll_controls: ENTER, state=2
[VERBATIM] POLL: _poll_controls() entered, game_state=2
[VERBATIM] POLL: checking deploy state=2 canopy=true
[AUDIT] poll_forensic_hud: ENTER
[DIAG] _physics_process: ENTER, state=2
[DIAG] _physics_process: camera target set to character (state: 2)
[VERBATIM] DIAGNOSIS turning block executed
[DIAG] _turn_input = 0.0
[DIAG] _poll_controls: ENTER, state=2
[VERBATIM] POLL: _poll_controls() entered, game_state=2
[VERBATIM] POLL: checking deploy state=2 canopy=true
[AUDIT] poll_forensic_hud: ENTER
[DIAG] _physics_process: ENTER, state=2
[DIAG] _physics_process: camera target set to character (state: 2)
[VERBATIM] DIAGNOSIS turning block executed
[DIAG] _turn_input = 0.0
[DIAG] _poll_controls: ENTER, state=2
[VERBATIM] POLL: _poll_controls() entered, game_state=2
[VERBATIM] POLL: checking deploy state=2 canopy=true
[AUDIT] poll_forensic_hud: ENTER
[DIAG] _physics_process: ENTER, state=2
[DIAG] _physics_process: camera target set to character (state: 2)
[VERBATIM] DIAGNOSIS turning block executed
[DIAG] _turn_input = 0.0
[DIAG] _poll_controls: ENTER, state=2
[VERBATIM] POLL: _poll_controls() entered, game_state=2
[VERBATIM] POLL: checking deploy state=2 canopy=true
[AUDIT] poll_forensic_hud: ENTER
[DIAG] _physics_process: ENTER, state=2
[DIAG] _physics_process: camera target set to character (state: 2)
[VERBATIM] DIAGNOSIS turning block executed
[DIAG] _turn_input = 0.0
[DIAG] _poll_controls: ENTER, state=2
[VERBATIM] POLL: _poll_controls() entered, game_state=2
[VERBATIM] POLL: checking deploy state=2 canopy=true
[AUDIT] poll_forensic_hud: ENTER
[DIAG] _physics_process: ENTER, state=2
[DIAG] _physics_process: camera target set to character (state: 2)
[VERBATIM] DIAGNOSIS turning block executed
[DIAG] _turn_input = 0.0
[DIAG] _poll_controls: ENTER, state=2
[VERBATIM] POLL: _poll_controls() entered, game_state=2
[VERBATIM] POLL: checking deploy state=2 canopy=true
[AUDIT] poll_forensic_hud: ENTER
[DIAG] _physics_process: ENTER, state=2
[DIAG] _physics_process: camera target set to character (state: 2)
[VERBATIM] DIAGNOSIS turning block executed
[DIAG] _turn_input = 0.0
[DIAG] _poll_controls: ENTER, state=2
[VERBATIM] POLL: _poll_controls() entered, game_state=2
[VERBATIM] POLL: checking deploy state=2 canopy=true
[AUDIT] poll_forensic_hud: ENTER
[DIAG] _physics_process: ENTER, state=2
[DIAG] _physics_process: camera target set to character (state: 2)
[VERBATIM] DIAGNOSIS turning block executed
[DIAG] _turn_input = 0.0
[DIAG] _poll_controls: ENTER, state=2
[VERBATIM] POLL: _poll_controls() entered, game_state=2
[VERBATIM] POLL: checking deploy state=2 canopy=true
[AUDIT] poll_forensic_hud: ENTER
[DIAG] _physics_process: ENTER, state=2
[DIAG] _physics_process: camera target set to character (state: 2)
[VERBATIM] DIAGNOSIS turning block executed
[DIAG] _turn_input = 0.0
[DIAG] _poll_controls: ENTER, state=2
[VERBATIM] POLL: _poll_controls() entered, game_state=2
[VERBATIM] POLL: checking deploy state=2 canopy=true
[AUDIT] poll_forensic_hud: ENTER
[DIAG] _physics_process: ENTER, state=2
[DIAG] _physics_process: camera target set to character (state: 2)
[VERBATIM] DIAGNOSIS turning block executed
[DIAG] _turn_input = 0.0
[DIAG] _poll_controls: ENTER, state=2
[VERBATIM] POLL: _poll_controls() entered, game_state=2
[VERBATIM] POLL: checking deploy state=2 canopy=true
[AUDIT] poll_forensic_hud: ENTER
[DIAG] _physics_process: ENTER, state=2
[DIAG] _physics_process: camera target set to character (state: 2)
[VERBATIM] DIAGNOSIS turning block executed
[DIAG] _turn_input = 0.0
[DIAG] _poll_controls: ENTER, state=2
[VERBATIM] POLL: _poll_controls() entered, game_state=2
[VERBATIM] POLL: checking deploy state=2 canopy=true
[AUDIT] poll_forensic_hud: ENTER
[DIAG] _physics_process: ENTER, state=2
[DIAG] _physics_process: camera target set to character (state: 2)
[VERBATIM] DIAGNOSIS turning block executed
[DIAG] _turn_input = 0.0
[DIAG] _poll_controls: ENTER, state=2
[VERBATIM] POLL: _poll_controls() entered, game_state=2
[VERBATIM] POLL: checking deploy state=2 canopy=true
[AUDIT] poll_forensic_hud: ENTER
[DIAG] _physics_process: ENTER, state=2
[DIAG] _physics_process: camera target set to character (state: 2)
[VERBATIM] DIAGNOSIS turning block executed
[DIAG] _turn_input = 0.0
[DIAG] _poll_controls: ENTER, state=2
[VERBATIM] POLL: _poll_controls() entered, game_state=2
[VERBATIM] POLL: checking deploy state=2 canopy=true
[AUDIT] poll_forensic_hud: ENTER
[DIAG] _physics_process: ENTER, state=2
[DIAG] _physics_process: camera target set to character (state: 2)
[VERBATIM] DIAGNOSIS turning block executed
[DIAG] _turn_input = 0.0
[DIAG] _poll_controls: ENTER, state=2
[VERBATIM] POLL: _poll_controls() entered, game_state=2
[VERBATIM] POLL: checking deploy state=2 canopy=true
[AUDIT] poll_forensic_hud: ENTER
[DIAG] _physics_process: ENTER, state=2
[DIAG] _physics_process: camera target set to character (state: 2)
[VERBATIM] DIAGNOSIS turning block executed
[DIAG] _turn_input = 0.0
[DIAG] _poll_controls: ENTER, state=2
[VERBATIM] POLL: _poll_controls() entered, game_state=2
[VERBATIM] POLL: checking deploy state=2 canopy=true
[AUDIT] poll_forensic_hud: ENTER
[DIAG] _physics_process: ENTER, state=2
[DIAG] _physics_process: camera target set to character (state: 2)
[VERBATIM] DIAGNOSIS turning block executed
[DIAG] _turn_input = 0.0
[DIAG] _poll_controls: ENTER, state=2
[VERBATIM] POLL: _poll_controls() entered, game_state=2
[VERBATIM] POLL: checking deploy state=2 canopy=true
[AUDIT] poll_forensic_hud: ENTER
[DIAG] _physics_process: ENTER, state=2
[DIAG] _physics_process: camera target set to character (state: 2)
[VERBATIM] DIAGNOSIS turning block executed
[DIAG] _turn_input = 0.0
[DIAG] _poll_controls: ENTER, state=2
[VERBATIM] POLL: _poll_controls() entered, game_state=2
[VERBATIM] POLL: checking deploy state=2 canopy=true
[AUDIT] poll_forensic_hud: ENTER
[DIAG] _physics_process: ENTER, state=2
[DIAG] _physics_process: camera target set to character (state: 2)
[VERBATIM] DIAGNOSIS turning block executed
[DIAG] _turn_input = 0.0
[DIAG] _poll_controls: ENTER, state=2
[VERBATIM] POLL: _poll_controls() entered, game_state=2
[VERBATIM] POLL: checking deploy state=2 canopy=true
[AUDIT] poll_forensic_hud: ENTER
[DIAG] _physics_process: ENTER, state=2
[DIAG] _physics_process: camera target set to character (state: 2)
[VERBATIM] DIAGNOSIS turning block executed
[DIAG] _turn_input = 0.0
[DIAG] _poll_controls: ENTER, state=2
[VERBATIM] POLL: _poll_controls() entered, game_state=2
[VERBATIM] POLL: checking deploy state=2 canopy=true
[AUDIT] poll_forensic_hud: ENTER
[DIAG] _physics_process: ENTER, state=2
[DIAG] _physics_process: camera target set to character (state: 2)
[GLIDE],1.53333333333333,0.0,0.0,0.0,0.0,11.0,0.0,0.0,4.23076923076923,2.6,802.077819824219,38.093936920166,18.0
[VERBATIM] DIAGNOSIS turning block executed
[DIAG] _turn_input = 0.0
[DIAG] _poll_controls: ENTER, state=2
[VERBATIM] POLL: _poll_controls() entered, game_state=2
[VERBATIM] POLL: checking deploy state=2 canopy=true
[AUDIT] poll_forensic_hud: ENTER
[DIAG] _physics_process: ENTER, state=2
[DIAG] _physics_process: camera target set to character (state: 2)
[VERBATIM] DIAGNOSIS turning block executed
[DIAG] _turn_input = 0.0
[DIAG] _poll_controls: ENTER, state=2
[VERBATIM] POLL: _poll_controls() entered, game_state=2
[VERBATIM] POLL: checking deploy state=2 canopy=true
[AUDIT] poll_forensic_hud: ENTER
[DIAG] _physics_process: ENTER, state=2
[DIAG] _physics_process: camera target set to character (state: 2)
[VERBATIM] DIAGNOSIS turning block executed
[DIAG] _turn_input = 0.0
[DIAG] _poll_controls: ENTER, state=2
[VERBATIM] POLL: _poll_controls() entered, game_state=2
[VERBATIM] POLL: checking deploy state=2 canopy=true
[AUDIT] poll_forensic_hud: ENTER
[DIAG] _physics_process: ENTER, state=2
[DIAG] _physics_process: camera target set to character (state: 2)
[VERBATIM] DIAGNOSIS turning block executed
[DIAG] _turn_input = 0.0
[DIAG] _poll_controls: ENTER, state=2
[VERBATIM] POLL: _poll_controls() entered, game_state=2
[VERBATIM] POLL: checking deploy state=2 canopy=true
[AUDIT] poll_forensic_hud: ENTER
[DIAG] _physics_process: ENTER, state=2
[DIAG] _physics_process: camera target set to character (state: 2)
[VERBATIM] DIAGNOSIS turning block executed
[DIAG] _turn_input = 0.0
[DIAG] _poll_controls: ENTER, state=2
[VERBATIM] POLL: _poll_controls() entered, game_state=2
[VERBATIM] POLL: checking deploy state=2 canopy=true
[AUDIT] poll_forensic_hud: ENTER
[DIAG] _physics_process: ENTER, state=2
[DIAG] _physics_process: camera target set to character (state: 2)
[VERBATIM] DIAGNOSIS turning block executed
[DIAG] _turn_input = 0.0
[DIAG] _poll_controls: ENTER, state=2
[VERBATIM] POLL: _poll_controls() entered, game_state=2
[VERBATIM] POLL: checking deploy state=2 canopy=true
[AUDIT] poll_forensic_hud: ENTER
[DIAG] _physics_process: ENTER, state=2
[DIAG] _physics_process: camera target set to character (state: 2)
[VERBATIM] DIAGNOSIS turning block executed
[DIAG] _turn_input = 0.0
[DIAG] _poll_controls: ENTER, state=2
[VERBATIM] POLL: _poll_controls() entered, game_state=2
[VERBATIM] POLL: checking deploy state=2 canopy=true
[AUDIT] poll_forensic_hud: ENTER
[DIAG] _physics_process: ENTER, state=2
[DIAG] _physics_process: camera target set to character (state: 2)
[VERBATIM] DIAGNOSIS turning block executed
[DIAG] _turn_input = 0.0
[DIAG] _poll_controls: ENTER, state=2
[VERBATIM] POLL: _poll_controls() entered, game_state=2
[VERBATIM] POLL: checking deploy state=2 canopy=true
[AUDIT] poll_forensic_hud: ENTER
[DIAG] _physics_process: ENTER, state=2
[DIAG] _physics_process: camera target set to character (state: 2)
[VERBATIM] DIAGNOSIS turning block executed
[DIAG] _turn_input = 0.0
[DIAG] _poll_controls: ENTER, state=2
[VERBATIM] POLL: _poll_controls() entered, game_state=2
[VERBATIM] POLL: checking deploy state=2 canopy=true
[AUDIT] poll_forensic_hud: ENTER
[DIAG] _physics_process: ENTER, state=2
[DIAG] _physics_process: camera target set to character (state: 2)
[VERBATIM] DIAGNOSIS turning block executed
[DIAG] _turn_input = 0.0
[DIAG] _poll_controls: ENTER, state=2
[VERBATIM] POLL: _poll_controls() entered, game_state=2
[VERBATIM] POLL: checking deploy state=2 canopy=true
[AUDIT] poll_forensic_hud: ENTER
[DIAG] _physics_process: ENTER, state=2
[DIAG] _physics_process: camera target set to character (state: 2)
[VERBATIM] DIAGNOSIS turning block executed
[DIAG] _turn_input = 0.0
[DIAG] _poll_controls: ENTER, state=2
[VERBATIM] POLL: _poll_controls() entered, game_state=2
[VERBATIM] POLL: checking deploy state=2 canopy=true
[AUDIT] poll_forensic_hud: ENTER
[DIAG] _physics_process: ENTER, state=2
[DIAG] _physics_process: camera target set to character (state: 2)
[VERBATIM] DIAGNOSIS turning block executed
[DIAG] _turn_input = 0.0
[DIAG] _poll_controls: ENTER, state=2
[VERBATIM] POLL: _poll_controls() entered, game_state=2
[VERBATIM] POLL: checking deploy state=2 canopy=true
[AUDIT] poll_forensic_hud: ENTER
[DIAG] _physics_process: ENTER, state=2
[DIAG] _physics_process: camera target set to character (state: 2)
[VERBATIM] DIAGNOSIS turning block executed
[DIAG] _turn_input = 0.0
[DIAG] _poll_controls: ENTER, state=2
[VERBATIM] POLL: _poll_controls() entered, game_state=2
[VERBATIM] POLL: checking deploy state=2 canopy=true
[VERBATIM] Wind updated: 12.5 kts @ 240.0°
[LABELDUMP_HDR] idx,name,parent_path,script,text
[LABELDUMP],0,WindLabel,/root/Main/PiPLayer,none,WIND: 12.5 kts @ 240°
[LABELDUMP],1,@Label@108,/root/Main/@CanvasLayer@96,none,>>> CLICK WINDOW THEN PRESS KEYS: Q/E turn; C FC check; X cutaway; V reserve; F flare; R restart; C cycle views; H toggle HUD <<<
[LABELDUMP],2,@Label@107,/root/Main/@CanvasLayer@96,none,Jumped! Deploy parachute (SPACE) above 2000 ft AGL
[LABELDUMP],3,@Label@106,/root/Main/@CanvasLayer@96,none,
[LABELDUMP],4,@Label@104,/root/Main/@CanvasLayer@96,none,EP: Press J or SPACE to exit aircraft
[LABELDUMP],5,@Label@103,/root/Main/@CanvasLayer@96,none,MALF: LINE TWISTS
[LABELDUMP],6,@Label@102,/root/Main/@CanvasLayer@96,none,LEG: BASE
[LABELDUMP],7,@Label@101,/root/Main/@CanvasLayer@96,none,TURN: 0
[LABELDUMP],8,@Label@100,/root/Main/@CanvasLayer@96,none,BRG: -93°
[LABELDUMP],9,@Label@99,/root/Main/@CanvasLayer@96,none,HDG: 0°
[LABELDUMP],10,@Label@98,/root/Main/@CanvasLayer@96,none,SPD: 27 kts | VARIO: -4.2 m/s
[LABELDUMP],11,@Label@97,/root/Main/@CanvasLayer@96,none,ALT: 6019 ft
[LABELDUMP],12,@Label@39,/root/ForensicPanel/@PanelContainer@37/@VBoxContainer@38,none,FORENSIC PANEL
[LABELDUMP],13,@Label@24,/root/ForensicHUD/@CanvasLayer@6/@PanelContainer@7/@VBoxContainer@8,none,t: --:--:--
[LABELDUMP],14,@Label@22,/root/ForensicHUD/@CanvasLayer@6/@PanelContainer@7/@VBoxContainer@8,none,control_health: (loading...)
[LABELDUMP],15,@Label@21,/root/ForensicHUD/@CanvasLayer@6/@PanelContainer@7/@VBoxContainer@8,none,Controls
[LABELDUMP],16,@Label@18,/root/ForensicHUD/@CanvasLayer@6/@PanelContainer@7/@VBoxContainer@8,none,Citations
[LABELDUMP],17,@Label@15,/root/ForensicHUD/@CanvasLayer@6/@PanelContainer@7/@VBoxContainer@8,none,Top strategies (UCB1)
[LABELDUMP],18,@Label@13,/root/ForensicHUD/@CanvasLayer@6/@PanelContainer@7/@VBoxContainer@8,none,Level - / XP - / Streak -
[LABELDUMP],19,@Label@12,/root/ForensicHUD/@CanvasLayer@6/@PanelContainer@7/@VBoxContainer@8,none,status: (starting)
[LABELDUMP],20,@Label@10,/root/ForensicHUD/@CanvasLayer@6/@PanelContainer@7/@VBoxContainer@8,none,hub: http://127.0.0.1:8765
[LABELDUMP],21,@Label@9,/root/ForensicHUD/@CanvasLayer@6/@PanelContainer@7/@VBoxContainer@8,none,FORENSIC HUB
[LABELDUMP],22,@Label@5,/root/AltimeterHUD/@Panel@2/@VBoxContainer@3,none,VARIO: 0.00 m/s
[LABELDUMP],23,@Label@4,/root/AltimeterHUD/@Panel@2/@VBoxContainer@3,none,ALT: 6020 ft
[LABELDUMP] total Label nodes in tree: 24
[LABELDUMP] _hud_labels.size()=8
[AUDIT] poll_forensic_hud: ENTER
[PIPLIVE] eye=(802.0778, 1836.425, 40.97335) state=2 deployed=true framing=canopy
[DIAG] _physics_process: ENTER, state=2
[DIAG] _physics_process: camera target set to character (state: 2)
[VERBATIM] DIAGNOSIS turning block executed
[DIAG] _turn_input = 0.0
[DIAG] _poll_controls: ENTER, state=2
[VERBATIM] POLL: _poll_controls() entered, game_state=2
[VERBATIM] POLL: checking deploy state=2 canopy=true
[AUDIT] poll_forensic_hud: ENTER
[DIAG] _physics_process: ENTER, state=2
[DIAG] _physics_process: camera target set to character (state: 2)
[VERBATIM] DIAGNOSIS turning block executed
[DIAG] _turn_input = 0.0
[DIAG] _poll_controls: ENTER, state=2
[VERBATIM] POLL: _poll_controls() entered, game_state=2
[VERBATIM] POLL: checking deploy state=2 canopy=true
[AUDIT] poll_forensic_hud: ENTER
[DIAG] _physics_process: ENTER, state=2
[DIAG] _physics_process: camera target set to character (state: 2)
[VERBATIM] DIAGNOSIS turning block executed
[DIAG] _turn_input = 0.0
[DIAG] _poll_controls: ENTER, state=2
[VERBATIM] POLL: _poll_controls() entered, game_state=2
[VERBATIM] POLL: checking deploy state=2 canopy=true
[AUDIT] poll_forensic_hud: ENTER
[DIAG] _physics_process: ENTER, state=2
[DIAG] _physics_process: camera target set to character (state: 2)
[VERBATIM] DIAGNOSIS turning block executed
[DIAG] _turn_input = 0.0
[DIAG] _poll_controls: ENTER, state=2
[VERBATIM] POLL: _poll_controls() entered, game_state=2
[VERBATIM] POLL: checking deploy state=2 canopy=true
[AUDIT] poll_forensic_hud: ENTER
[DIAG] _physics_process: ENTER, state=2
[DIAG] _physics_process: camera target set to character (state: 2)
[VERBATIM] DIAGNOSIS turning block executed
[DIAG] _turn_input = 0.0
[DIAG] _poll_controls: ENTER, state=2
[VERBATIM] POLL: _poll_controls() entered, game_state=2
[VERBATIM] POLL: checking deploy state=2 canopy=true
[AUDIT] poll_forensic_hud: ENTER
[DIAG] _physics_process: ENTER, state=2
[DIAG] _physics_process: camera target set to character (state: 2)
[VERBATIM] DIAGNOSIS turning block executed
[DIAG] _turn_input = 0.0
[DIAG] _poll_controls: ENTER, state=2
[VERBATIM] POLL: _poll_controls() entered, game_state=2
[VERBATIM] POLL: checking deploy state=2 canopy=true
[AUDIT] poll_forensic_hud: ENTER
[DIAG] _physics_process: ENTER, state=2
[DIAG] _physics_process: camera target set to character (state: 2)
[VERBATIM] DIAGNOSIS turning block executed
[DIAG] _turn_input = 0.0
[DIAG] _poll_controls: ENTER, state=2
[VERBATIM] POLL: _poll_controls() entered, game_state=2
[VERBATIM] POLL: checking deploy state=2 canopy=true
[AUDIT] poll_forensic_hud: ENTER
[DIAG] _physics_process: ENTER, state=2
[DIAG] _physics_process: camera target set to character (state: 2)
[VERBATIM] DIAGNOSIS turning block executed
[DIAG] _turn_input = 0.0
[DIAG] _poll_controls: ENTER, state=2
[VERBATIM] POLL: _poll_controls() entered, game_state=2
[VERBATIM] POLL: checking deploy state=2 canopy=true
[AUDIT] poll_forensic_hud: ENTER
[DIAG] _physics_process: ENTER, state=2
[DIAG] _physics_process: camera target set to character (state: 2)
[VERBATIM] DIAGNOSIS turning block executed
[DIAG] _turn_input = 0.0
[DIAG] _poll_controls: ENTER, state=2
[VERBATIM] POLL: _poll_controls() entered, game_state=2
[VERBATIM] POLL: checking deploy state=2 canopy=true
[AUDIT] poll_forensic_hud: ENTER
[DIAG] _physics_process: ENTER, state=2
[DIAG] _physics_process: camera target set to character (state: 2)
[VERBATIM] DIAGNOSIS turning block executed
[DIAG] _turn_input = 0.0
[DIAG] _poll_controls: ENTER, state=2
[VERBATIM] POLL: _poll_controls() entered, game_state=2
[VERBATIM] POLL: checking deploy state=2 canopy=true
[AUDIT] poll_forensic_hud: ENTER
[DIAG] _physics_process: ENTER, state=2
[DIAG] _physics_process: camera target set to character (state: 2)
[VERBATIM] DIAGNOSIS turning block executed
[DIAG] _turn_input = 0.0
[DIAG] _poll_controls: ENTER, state=2
[VERBATIM] POLL: _poll_controls() entered, game_state=2
[VERBATIM] POLL: checking deploy state=2 canopy=true
[AUDIT] poll_forensic_hud: ENTER
[DIAG] _physics_process: ENTER, state=2
[DIAG] _physics_process: camera target set to character (state: 2)
[VERBATIM] DIAGNOSIS turning block executed
[DIAG] _turn_input = 0.0
[DIAG] _poll_controls: ENTER, state=2
[VERBATIM] POLL: _poll_controls() entered, game_state=2
[VERBATIM] POLL: checking deploy state=2 canopy=true
[AUDIT] poll_forensic_hud: ENTER
[DIAG] _physics_process: ENTER, state=2
[DIAG] _physics_process: camera target set to character (state: 2)
[VERBATIM] DIAGNOSIS turning block executed
[DIAG] _turn_input = 0.0
[DIAG] _poll_controls: ENTER, state=2
[VERBATIM] POLL: _poll_controls() entered, game_state=2
[VERBATIM] POLL: checking deploy state=2 canopy=true
[AUDIT] poll_forensic_hud: ENTER
[DIAG] _physics_process: ENTER, state=2
[DIAG] _physics_process: camera target set to character (state: 2)
[VERBATIM] DIAGNOSIS turning block executed
[DIAG] _turn_input = 0.0
[DIAG] _poll_controls: ENTER, state=2
[VERBATIM] POLL: _poll_controls() entered, game_state=2
[VERBATIM] POLL: checking deploy state=2 canopy=true
[AUDIT] poll_forensic_hud: ENTER
[DIAG] _physics_process: ENTER, state=2
[DIAG] _physics_process: camera target set to character (state: 2)
[VERBATIM] DIAGNOSIS turning block executed
[DIAG] _turn_input = 0.0
[DIAG] _poll_controls: ENTER, state=2
[VERBATIM] POLL: _poll_controls() entered, game_state=2
[VERBATIM] POLL: checking deploy state=2 canopy=true
[AUDIT] poll_forensic_hud: ENTER
[DIAG] _physics_process: ENTER, state=2
[DIAG] _physics_process: camera target set to character (state: 2)
[VERBATIM] DIAGNOSIS turning block executed
[DIAG] _turn_input = 0.0
[DIAG] _poll_controls: ENTER, state=2
[VERBATIM] POLL: _poll_controls() entered, game_state=2
[VERBATIM] POLL: checking deploy state=2 canopy=true
[AUDIT] poll_forensic_hud: ENTER
[DIAG] _physics_process: ENTER, state=2
[DIAG] _physics_process: camera target set to character (state: 2)
[VERBATIM] OPENING_ANIM -> DIAGNOSIS (canopy fully open)
[VERBATIM] DIAGNOSIS turning block executed
[DIAG] _turn_input = 0.0
[DIAG] _poll_controls: ENTER, state=3
[VERBATIM] POLL: _poll_controls() entered, game_state=3
[VERBATIM] POLL: checking deploy state=3 canopy=true
[AUDIT] poll_forensic_hud: ENTER
[DIAG] _physics_process: ENTER, state=3
[DIAG] _physics_process: camera target set to character (state: 3)
[VERBATIM] DIAGNOSIS turning block executed
[DIAG] _turn_input = 0.0
[DIAG] _poll_controls: ENTER, state=3
[VERBATIM] POLL: _poll_controls() entered, game_state=3
[VERBATIM] POLL: checking deploy state=3 canopy=true
[AUDIT] poll_forensic_hud: ENTER
[DIAG] _physics_process: ENTER, state=3
[DIAG] _physics_process: camera target set to character (state: 3)
[GLIDE],2.05,0.0,0.0,0.0,0.0,11.0,0.0,0.0,4.23076923076923,2.6,802.077819824219,45.3450813293457,26.4
[VERBATIM] DIAGNOSIS turning block executed
[DIAG] _turn_input = 0.0
[DIAG] _poll_controls: ENTER, state=3
[VERBATIM] POLL: _poll_controls() entered, game_state=3
[VERBATIM] POLL: checking deploy state=3 canopy=true
[AUDIT] poll_forensic_hud: ENTER
[DIAG] _physics_process: ENTER, state=3
[DIAG] _physics_process: camera target set to character (state: 3)
[VERBATIM] DIAGNOSIS turning block executed
[DIAG] _turn_input = 0.0
[DIAG] _poll_controls: ENTER, state=3
[VERBATIM] POLL: _poll_controls() entered, game_state=3
[VERBATIM] POLL: checking deploy state=3 canopy=true
[AUDIT] poll_forensic_hud: ENTER
[DIAG] _physics_process: ENTER, state=3
[DIAG] _physics_process: camera target set to character (state: 3)
[VERBATIM] DIAGNOSIS turning block executed
[DIAG] _turn_input = 0.0
[DIAG] _poll_controls: ENTER, state=3
[VERBATIM] POLL: _poll_controls() entered, game_state=3
[VERBATIM] POLL: checking deploy state=3 canopy=true
[AUDIT] poll_forensic_hud: ENTER
[DIAG] _physics_process: ENTER, state=3
[DIAG] _physics_process: camera target set to character (state: 3)
[VERBATIM] DIAGNOSIS turning block executed
[DIAG] _turn_input = 0.0
[DIAG] _poll_controls: ENTER, state=3
[VERBATIM] POLL: _poll_controls() entered, game_state=3
[VERBATIM] POLL: checking deploy state=3 canopy=true
[AUDIT] poll_forensic_hud: ENTER
[DIAG] _physics_process: ENTER, state=3
[DIAG] _physics_process: camera target set to character (state: 3)
[VERBATIM] DIAGNOSIS turning block executed
[DIAG] _turn_input = 0.0
[DIAG] _poll_controls: ENTER, state=3
[VERBATIM] POLL: _poll_controls() entered, game_state=3
[VERBATIM] POLL: checking deploy state=3 canopy=true
[AUDIT] poll_forensic_hud: ENTER
[DIAG] _physics_process: ENTER, state=3
[DIAG] _physics_process: camera target set to character (state: 3)
[VERBATIM] DIAGNOSIS turning block executed
[DIAG] _turn_input = 0.0
[DIAG] _poll_controls: ENTER, state=3
[VERBATIM] POLL: _poll_controls() entered, game_state=3
[VERBATIM] POLL: checking deploy state=3 canopy=true
[AUDIT] poll_forensic_hud: ENTER
[DIAG] _physics_process: ENTER, state=3
[DIAG] _physics_process: camera target set to character (state: 3)
[VERBATIM] DIAGNOSIS turning block executed
[DIAG] _turn_input = 0.0
[DIAG] _poll_controls: ENTER, state=3
[VERBATIM] POLL: _poll_controls() entered, game_state=3
[VERBATIM] POLL: checking deploy state=3 canopy=true
[AUDIT] poll_forensic_hud: ENTER
[DIAG] _physics_process: ENTER, state=3
[DIAG] _physics_process: camera target set to character (state: 3)
[VERBATIM] DIAGNOSIS turning block executed
[DIAG] _turn_input = 0.0
[DIAG] _poll_controls: ENTER, state=3
[VERBATIM] POLL: _poll_controls() entered, game_state=3
[VERBATIM] POLL: checking deploy state=3 canopy=true
[AUDIT] poll_forensic_hud: ENTER
[DIAG] _physics_process: ENTER, state=3
[DIAG] _physics_process: camera target set to character (state: 3)
[VERBATIM] DIAGNOSIS turning block executed
[DIAG] _turn_input = 0.0
[DIAG] _poll_controls: ENTER, state=3
[VERBATIM] POLL: _poll_controls() entered, game_state=3
[VERBATIM] POLL: checking deploy state=3 canopy=true
[AUDIT] poll_forensic_hud: ENTER
[DIAG] _physics_process: ENTER, state=3
[DIAG] _physics_process: camera target set to character (state: 3)
[VERBATIM] DIAGNOSIS turning block executed
[DIAG] _turn_input = 0.0
[DIAG] _poll_controls: ENTER, state=3
[VERBATIM] POLL: _poll_controls() entered, game_state=3
[VERBATIM] POLL: checking deploy state=3 canopy=true
[AUDIT] poll_forensic_hud: ENTER
[DIAG] _physics_process: ENTER, state=3
[DIAG] _physics_process: camera target set to character (state: 3)
[VERBATIM] DIAGNOSIS turning block executed
[DIAG] _turn_input = 0.0
[DIAG] _poll_controls: ENTER, state=3
[VERBATIM] POLL: _poll_controls() entered, game_state=3
[VERBATIM] POLL: checking deploy state=3 canopy=true
[AUDIT] poll_forensic_hud: ENTER
[DIAG] _physics_process: ENTER, state=3
[DIAG] _physics_process: camera target set to character (state: 3)
[VERBATIM] DIAGNOSIS turning block executed
[DIAG] _turn_input = 0.0
[DIAG] _poll_controls: ENTER, state=3
[VERBATIM] POLL: _poll_controls() entered, game_state=3
[VERBATIM] POLL: checking deploy state=3 canopy=true
[AUDIT] poll_forensic_hud: ENTER
[DIAG] _physics_process: ENTER, state=3
[DIAG] _physics_process: camera target set to character (state: 3)
[VERBATIM] DIAGNOSIS turning block executed
[DIAG] _turn_input = 0.0
[DIAG] _poll_controls: ENTER, state=3
[VERBATIM] POLL: _poll_controls() entered, game_state=3
[VERBATIM] POLL: checking deploy state=3 canopy=true
[AUDIT] poll_forensic_hud: ENTER
[DIAG] _physics_process: ENTER, state=3
[DIAG] _physics_process: camera target set to character (state: 3)
[VERBATIM] DIAGNOSIS turning block executed
[DIAG] _turn_input = 0.0
[DIAG] _poll_controls: ENTER, state=3
[VERBATIM] POLL: _poll_controls() entered, game_state=3
[VERBATIM] POLL: checking deploy state=3 canopy=true
[AUDIT] poll_forensic_hud: ENTER
[DIAG] _physics_process: ENTER, state=3
[DIAG] _physics_process: camera target set to character (state: 3)
[VERBATIM] DIAGNOSIS turning block executed
[DIAG] _turn_input = 0.0
[DIAG] _poll_controls: ENTER, state=3
[VERBATIM] POLL: _poll_controls() entered, game_state=3
[VERBATIM] POLL: checking deploy state=3 canopy=true
[AUDIT] poll_forensic_hud: ENTER
[DIAG] _physics_process: ENTER, state=3
[DIAG] _physics_process: camera target set to character (state: 3)
[VERBATIM] DIAGNOSIS turning block executed
[DIAG] _turn_input = 0.0
[DIAG] _poll_controls: ENTER, state=3
[VERBATIM] POLL: _poll_controls() entered, game_state=3
[VERBATIM] POLL: checking deploy state=3 canopy=true
[AUDIT] poll_forensic_hud: ENTER
[DIAG] _physics_process: ENTER, state=3
[DIAG] _physics_process: camera target set to character (state: 3)
[VERBATIM] DIAGNOSIS turning block executed
[DIAG] _turn_input = 0.0
[DIAG] _poll_controls: ENTER, state=3
[VERBATIM] POLL: _poll_controls() entered, game_state=3
[VERBATIM] POLL: checking deploy state=3 canopy=true
[AUDIT] poll_forensic_hud: ENTER
[DIAG] _physics_process: ENTER, state=3
[DIAG] _physics_process: camera target set to character (state: 3)
[VERBATIM] DIAGNOSIS turning block executed
[DIAG] _turn_input = 0.0
[DIAG] _poll_controls: ENTER, state=3
[VERBATIM] POLL: _poll_controls() entered, game_state=3
[VERBATIM] POLL: checking deploy state=3 canopy=true
[AUDIT] poll_forensic_hud: ENTER
[DIAG] _physics_process: ENTER, state=3
[DIAG] _physics_process: camera target set to character (state: 3)
[VERBATIM] DIAGNOSIS turning block executed
[DIAG] _turn_input = 0.0
[DIAG] _poll_controls: ENTER, state=3
[VERBATIM] POLL: _poll_controls() entered, game_state=3
[VERBATIM] POLL: checking deploy state=3 canopy=true
[AUDIT] poll_forensic_hud: ENTER
[DIAG] _physics_process: ENTER, state=3
[DIAG] _physics_process: camera target set to character (state: 3)
[VERBATIM] DIAGNOSIS turning block executed
[DIAG] _turn_input = 0.0
[DIAG] _poll_controls: ENTER, state=3
[VERBATIM] POLL: _poll_controls() entered, game_state=3
[VERBATIM] POLL: checking deploy state=3 canopy=true
[AUDIT] poll_forensic_hud: ENTER
[DIAG] _physics_process: ENTER, state=3
[DIAG] _physics_process: camera target set to character (state: 3)
[VERBATIM] DIAGNOSIS turning block executed
[DIAG] _turn_input = 0.0
[DIAG] _poll_controls: ENTER, state=3
[VERBATIM] POLL: _poll_controls() entered, game_state=3
[VERBATIM] POLL: checking deploy state=3 canopy=true
[AUDIT] poll_forensic_hud: ENTER
[DIAG] _physics_process: ENTER, state=3
[DIAG] _physics_process: camera target set to character (state: 3)
[VERBATIM] DIAGNOSIS turning block executed
[DIAG] _turn_input = 0.0
[DIAG] _poll_controls: ENTER, state=3
[VERBATIM] POLL: _poll_controls() entered, game_state=3
[VERBATIM] POLL: checking deploy state=3 canopy=true
[AUDIT] poll_forensic_hud: ENTER
[DIAG] _physics_process: ENTER, state=3
[DIAG] _physics_process: camera target set to character (state: 3)
[VERBATIM] DIAGNOSIS turning block executed
[DIAG] _turn_input = 0.0
[DIAG] _poll_controls: ENTER, state=3
[VERBATIM] POLL: _poll_controls() entered, game_state=3
[VERBATIM] POLL: checking deploy state=3 canopy=true
[DIAG] _poll_controls: ENTER, state=3
[VERBATIM] POLL: _poll_controls() entered, game_state=3
[VERBATIM] POLL: checking deploy state=3 canopy=true
[AUDIT] poll_forensic_hud: ENTER
[DIAG] _physics_process: ENTER, state=3
[DIAG] _physics_process: camera target set to character (state: 3)
[VERBATIM] DIAGNOSIS turning block executed
[DIAG] _turn_input = 0.0
[DIAG] _poll_controls: ENTER, state=3
[VERBATIM] POLL: _poll_controls() entered, game_state=3
[VERBATIM] POLL: checking deploy state=3 canopy=true
[AUDIT] poll_forensic_hud: ENTER
[DIAG] _physics_process: ENTER, state=3
[DIAG] _physics_process: camera target set to character (state: 3)
[VERBATIM] DIAGNOSIS turning block executed
[DIAG] _turn_input = 0.0
[DIAG] _poll_controls: ENTER, state=3
[VERBATIM] POLL: _poll_controls() entered, game_state=3
[VERBATIM] POLL: checking deploy state=3 canopy=true
[AUDIT] poll_forensic_hud: ENTER
[DIAG] _physics_process: ENTER, state=3
[DIAG] _physics_process: camera target set to character (state: 3)
[VERBATIM] DIAGNOSIS turning block executed
[DIAG] _turn_input = 0.0
[DIAG] _poll_controls: ENTER, state=3
[VERBATIM] POLL: _poll_controls() entered, game_state=3
[VERBATIM] POLL: checking deploy state=3 canopy=true
[AUDIT] poll_forensic_hud: ENTER
[DIAG] _physics_process: ENTER, state=3
[DIAG] _physics_process: camera target set to character (state: 3)
[VERBATIM] DIAGNOSIS turning block executed
[DIAG] _turn_input = 0.0
[DIAG] _poll_controls: ENTER, state=3
[VERBATIM] POLL: _poll_controls() entered, game_state=3
[VERBATIM] POLL: checking deploy state=3 canopy=true
[AUDIT] poll_forensic_hud: ENTER
[DIAG] _physics_process: ENTER, state=3
[DIAG] _physics_process: camera target set to character (state: 3)
[VERBATIM] DIAGNOSIS turning block executed
[DIAG] _turn_input = 0.0
[DIAG] _poll_controls: ENTER, state=3
[VERBATIM] POLL: _poll_controls() entered, game_state=3
[VERBATIM] POLL: checking deploy state=3 canopy=true
[AUDIT] poll_forensic_hud: ENTER
[DIAG] _physics_process: ENTER, state=3
[DIAG] _physics_process: camera target set to character (state: 3)
[VERBATIM] DIAGNOSIS turning block executed
[DIAG] _turn_input = 0.0
[DIAG] _poll_controls: ENTER, state=3
[VERBATIM] POLL: _poll_controls() entered, game_state=3
[VERBATIM] POLL: checking deploy state=3 canopy=true
[AUDIT] poll_forensic_hud: ENTER
[DIAG] _physics_process: ENTER, state=3
[DIAG] _physics_process: camera target set to character (state: 3)
[VERBATIM] DIAGNOSIS turning block executed
[DIAG] _turn_input = 0.0
[DIAG] _poll_controls: ENTER, state=3
[VERBATIM] POLL: _poll_controls() entered, game_state=3
[VERBATIM] POLL: checking deploy state=3 canopy=true
[AUDIT] poll_forensic_hud: ENTER
[DIAG] _physics_process: ENTER, state=3
[DIAG] _physics_process: camera target set to character (state: 3)
[VERBATIM] DIAGNOSIS turning block executed
[DIAG] _turn_input = 0.0
[DIAG] _poll_controls: ENTER, state=3
[VERBATIM] POLL: _poll_controls() entered, game_state=3
[VERBATIM] POLL: checking deploy state=3 canopy=true
[AUDIT] poll_forensic_hud: ENTER
[DIAG] _physics_process: ENTER, state=3
[DIAG] _physics_process: camera target set to character (state: 3)
[GLIDE],2.56666666666666,0.0,0.0,0.0,0.0,11.0,0.0,0.0,4.23076923076923,2.6,802.077819824219,51.0284461975098,26.4
[VERBATIM] DIAGNOSIS turning block executed
[DIAG] _turn_input = 0.0
[DIAG] _poll_controls: ENTER, state=3
[VERBATIM] POLL: _poll_controls() entered, game_state=3
[VERBATIM] POLL: checking deploy state=3 canopy=true
[AUDIT] poll_forensic_hud: ENTER
[DIAG] _physics_process: ENTER, state=3
[DIAG] _physics_process: camera target set to character (state: 3)
[VERBATIM] DIAGNOSIS turning block executed
[DIAG] _turn_input = 0.0
[DIAG] _poll_controls: ENTER, state=3
[VERBATIM] POLL: _poll_controls() entered, game_state=3
[VERBATIM] POLL: checking deploy state=3 canopy=true
[AUDIT] poll_forensic_hud: ENTER
[DIAG] _physics_process: ENTER, state=3
[DIAG] _physics_process: camera target set to character (state: 3)
[VERBATIM] DIAGNOSIS turning block executed
[DIAG] _turn_input = 0.0
[DIAG] _poll_controls: ENTER, state=3
[VERBATIM] POLL: _poll_controls() entered, game_state=3
[VERBATIM] POLL: checking deploy state=3 canopy=true
[AUDIT] poll_forensic_hud: ENTER
[DIAG] _physics_process: ENTER, state=3
[DIAG] _physics_process: camera target set to character (state: 3)
[VERBATIM] DIAGNOSIS turning block executed
[DIAG] _turn_input = 0.0
[DIAG] _poll_controls: ENTER, state=3
[VERBATIM] POLL: _poll_controls() entered, game_state=3
[VERBATIM] POLL: checking deploy state=3 canopy=true
[AUDIT] poll_forensic_hud: ENTER
[DIAG] _physics_process: ENTER, state=3
[DIAG] _physics_process: camera target set to character (state: 3)
[VERBATIM] DIAGNOSIS turning block executed
[DIAG] _turn_input = 0.0
[DIAG] _poll_controls: ENTER, state=3
[VERBATIM] POLL: _poll_controls() entered, game_state=3
[VERBATIM] POLL: checking deploy state=3 canopy=true
[AUDIT] poll_forensic_hud: ENTER
[DIAG] _physics_process: ENTER, state=3
[DIAG] _physics_process: camera target set to character (state: 3)
[VERBATIM] DIAGNOSIS turning block executed
[DIAG] _turn_input = 0.0
[DIAG] _poll_controls: ENTER, state=3
[VERBATIM] POLL: _poll_controls() entered, game_state=3
[VERBATIM] POLL: checking deploy state=3 canopy=true
[AUDIT] poll_forensic_hud: ENTER
[DIAG] _physics_process: ENTER, state=3
[DIAG] _physics_process: camera target set to character (state: 3)
[VERBATIM] DIAGNOSIS turning block executed
[DIAG] _turn_input = 0.0
[DIAG] _poll_controls: ENTER, state=3
[VERBATIM] POLL: _poll_controls() entered, game_state=3
[VERBATIM] POLL: checking deploy state=3 canopy=true
[AUDIT] poll_forensic_hud: ENTER
[DIAG] _physics_process: ENTER, state=3
[DIAG] _physics_process: camera target set to character (state: 3)
[VERBATIM] DIAGNOSIS turning block executed
[DIAG] _turn_input = 0.0
[DIAG] _poll_controls: ENTER, state=3
[VERBATIM] POLL: _poll_controls() entered, game_state=3
[VERBATIM] POLL: checking deploy state=3 canopy=true
[AUDIT] poll_forensic_hud: ENTER
[DIAG] _physics_process: ENTER, state=3
[DIAG] _physics_process: camera target set to character (state: 3)
[VERBATIM] DIAGNOSIS turning block executed
[DIAG] _turn_input = 0.0
[DIAG] _poll_controls: ENTER, state=3
[VERBATIM] POLL: _poll_controls() entered, game_state=3
[VERBATIM] POLL: checking deploy state=3 canopy=true
[AUDIT] poll_forensic_hud: ENTER
[DIAG] _physics_process: ENTER, state=3
[DIAG] _physics_process: camera target set to character (state: 3)
[VERBATIM] DIAGNOSIS turning block executed
[DIAG] _turn_input = 0.0
[DIAG] _poll_controls: ENTER, state=3
[VERBATIM] POLL: _poll_controls() entered, game_state=3
[VERBATIM] POLL: checking deploy state=3 canopy=true
[AUDIT] poll_forensic_hud: ENTER
[DIAG] _physics_process: ENTER, state=3
[DIAG] _physics_process: camera target set to character (state: 3)
[VERBATIM] DIAGNOSIS turning block executed
[DIAG] _turn_input = 0.0
[DIAG] _poll_controls: ENTER, state=3
[VERBATIM] POLL: _poll_controls() entered, game_state=3
[VERBATIM] POLL: checking deploy state=3 canopy=true
[VERBATIM] Wind updated: 12.5 kts @ 240.0°
[AUDIT] poll_forensic_hud: ENTER
[DIAG] _physics_process: ENTER, state=3
[DIAG] _physics_process: camera target set to character (state: 3)
[VERBATIM] DIAGNOSIS turning block executed
[DIAG] _turn_input = 0.0
[DIAG] _poll_controls: ENTER, state=3
[VERBATIM] POLL: _poll_controls() entered, game_state=3
[VERBATIM] POLL: checking deploy state=3 canopy=true
[AUDIT] poll_forensic_hud: ENTER
[DIAG] _physics_process: ENTER, state=3
[DIAG] _physics_process: camera target set to character (state: 3)
[VERBATIM] DIAGNOSIS turning block executed
[DIAG] _turn_input = 0.0
[DIAG] _poll_controls: ENTER, state=3
[VERBATIM] POLL: _poll_controls() entered, game_state=3
[VERBATIM] POLL: checking deploy state=3 canopy=true
[AUDIT] poll_forensic_hud: ENTER
[DIAG] _physics_process: ENTER, state=3
[DIAG] _physics_process: camera target set to character (state: 3)
[VERBATIM] DIAGNOSIS turning block executed
[DIAG] _turn_input = 0.0
[DIAG] _poll_controls: ENTER, state=3
[VERBATIM] POLL: _poll_controls() entered, game_state=3
[VERBATIM] POLL: checking deploy state=3 canopy=true
[AUDIT] poll_forensic_hud: ENTER
[DIAG] _physics_process: ENTER, state=3
[DIAG] _physics_process: camera target set to character (state: 3)
[VERBATIM] DIAGNOSIS turning block executed
[DIAG] _turn_input = 0.0
[DIAG] _poll_controls: ENTER, state=3
[VERBATIM] POLL: _poll_controls() entered, game_state=3
[VERBATIM] POLL: checking deploy state=3 canopy=true
[AUDIT] poll_forensic_hud: ENTER
[DIAG] _physics_process: ENTER, state=3
[DIAG] _physics_process: camera target set to character (state: 3)
[VERBATIM] DIAGNOSIS turning block executed
[DIAG] _turn_input = 0.0
[DIAG] _poll_controls: ENTER, state=3
[VERBATIM] POLL: _poll_controls() entered, game_state=3
[VERBATIM] POLL: checking deploy state=3 canopy=true
[AUDIT] poll_forensic_hud: ENTER
[DIAG] _physics_process: ENTER, state=3
[DIAG] _physics_process: camera target set to character (state: 3)
[VERBATIM] DIAGNOSIS turning block executed
[DIAG] _turn_input = 0.0
[DIAG] _poll_controls: ENTER, state=3
[VERBATIM] POLL: _poll_controls() entered, game_state=3
[VERBATIM] POLL: checking deploy state=3 canopy=true
[AUDIT] poll_forensic_hud: ENTER
[DIAG] _physics_process: ENTER, state=3
[DIAG] _physics_process: camera target set to character (state: 3)
[VERBATIM] DIAGNOSIS turning block executed
[DIAG] _turn_input = 0.0
[DIAG] _poll_controls: ENTER, state=3
[VERBATIM] POLL: _poll_controls() entered, game_state=3
[VERBATIM] POLL: checking deploy state=3 canopy=true
[AUDIT] poll_forensic_hud: ENTER
[DIAG] _physics_process: ENTER, state=3
[DIAG] _physics_process: camera target set to character (state: 3)
[VERBATIM] DIAGNOSIS turning block executed
[DIAG] _turn_input = 0.0
[DIAG] _poll_controls: ENTER, state=3
[VERBATIM] POLL: _poll_controls() entered, game_state=3
[VERBATIM] POLL: checking deploy state=3 canopy=true
[AUDIT] poll_forensic_hud: ENTER
[DIAG] _physics_process: ENTER, state=3
[DIAG] _physics_process: camera target set to character (state: 3)
[VERBATIM] DIAGNOSIS turning block executed
[DIAG] _turn_input = 0.0
[DIAG] _poll_controls: ENTER, state=3
[VERBATIM] POLL: _poll_controls() entered, game_state=3
[VERBATIM] POLL: checking deploy state=3 canopy=true
[AUDIT] poll_forensic_hud: ENTER
[DIAG] _physics_process: ENTER, state=3
[DIAG] _physics_process: camera target set to character (state: 3)
[VERBATIM] DIAGNOSIS turning block executed
[DIAG] _turn_input = 0.0
[DIAG] _poll_controls: ENTER, state=3
[VERBATIM] POLL: _poll_controls() entered, game_state=3
[VERBATIM] POLL: checking deploy state=3 canopy=true
[AUDIT] poll_forensic_hud: ENTER
[DIAG] _physics_process: ENTER, state=3
[DIAG] _physics_process: camera target set to character (state: 3)
[VERBATIM] DIAGNOSIS turning block executed
[DIAG] _turn_input = 0.0
[DIAG] _poll_controls: ENTER, state=3
[VERBATIM] POLL: _poll_controls() entered, game_state=3
[VERBATIM] POLL: checking deploy state=3 canopy=true
[AUDIT] poll_forensic_hud: ENTER
[DIAG] _physics_process: ENTER, state=3
[DIAG] _physics_process: camera target set to character (state: 3)
[VERBATIM] DIAGNOSIS turning block executed
[DIAG] _turn_input = 0.0
[DIAG] _poll_controls: ENTER, state=3
[VERBATIM] POLL: _poll_controls() entered, game_state=3
[VERBATIM] POLL: checking deploy state=3 canopy=true
[AUDIT] poll_forensic_hud: ENTER
[DIAG] _physics_process: ENTER, state=3
[DIAG] _physics_process: camera target set to character (state: 3)
[VERBATIM] DIAGNOSIS turning block executed
[DIAG] _turn_input = 0.0
[DIAG] _poll_controls: ENTER, state=3
[VERBATIM] POLL: _poll_controls() entered, game_state=3
[VERBATIM] POLL: checking deploy state=3 canopy=true
[AUDIT] poll_forensic_hud: ENTER
[DIAG] _physics_process: ENTER, state=3
[DIAG] _physics_process: camera target set to character (state: 3)
[VERBATIM] DIAGNOSIS turning block executed
[DIAG] _turn_input = 0.0
[DIAG] _poll_controls: ENTER, state=3
[VERBATIM] POLL: _poll_controls() entered, game_state=3
[VERBATIM] POLL: checking deploy state=3 canopy=true
[AUDIT] poll_forensic_hud: ENTER
[DIAG] _physics_process: ENTER, state=3
[DIAG] _physics_process: camera target set to character (state: 3)
[VERBATIM] DIAGNOSIS turning block executed
[DIAG] _turn_input = 0.0
[DIAG] _poll_controls: ENTER, state=3
[VERBATIM] POLL: _poll_controls() entered, game_state=3
[VERBATIM] POLL: checking deploy state=3 canopy=true
[AUDIT] poll_forensic_hud: ENTER
[DIAG] _physics_process: ENTER, state=3
[DIAG] _physics_process: camera target set to character (state: 3)
[VERBATIM] DIAGNOSIS turning block executed
[DIAG] _turn_input = 0.0
[DIAG] _poll_controls: ENTER, state=3
[VERBATIM] POLL: _poll_controls() entered, game_state=3
[VERBATIM] POLL: checking deploy state=3 canopy=true
[AUDIT] poll_forensic_hud: ENTER
[DIAG] _physics_process: ENTER, state=3
[DIAG] _physics_process: camera target set to character (state: 3)
[VERBATIM] DIAGNOSIS turning block executed
[DIAG] _turn_input = 0.0
[DIAG] _poll_controls: ENTER, state=3
[VERBATIM] POLL: _poll_controls() entered, game_state=3
[VERBATIM] POLL: checking deploy state=3 canopy=true
[AUDIT] poll_forensic_hud: ENTER
[DIAG] _physics_process: ENTER, state=3
[DIAG] _physics_process: camera target set to character (state: 3)
[VERBATIM] DIAGNOSIS turning block executed
[DIAG] _turn_input = 0.0
[DIAG] _poll_controls: ENTER, state=3
[VERBATIM] POLL: _poll_controls() entered, game_state=3
[VERBATIM] POLL: checking deploy state=3 canopy=true
[AUDIT] poll_forensic_hud: ENTER
[DIAG] _physics_process: ENTER, state=3
[DIAG] _physics_process: camera target set to character (state: 3)
[VERBATIM] DIAGNOSIS turning block executed
[DIAG] _turn_input = 0.0
[DIAG] _poll_controls: ENTER, state=3
[VERBATIM] POLL: _poll_controls() entered, game_state=3
[VERBATIM] POLL: checking deploy state=3 canopy=true
[AUDIT] poll_forensic_hud: ENTER
[DIAG] _physics_process: ENTER, state=3
[DIAG] _physics_process: camera target set to character (state: 3)
[VERBATIM] DIAGNOSIS turning block executed
[DIAG] _turn_input = 0.0
[DIAG] _poll_controls: ENTER, state=3
[VERBATIM] POLL: _poll_controls() entered, game_state=3
[VERBATIM] POLL: checking deploy state=3 canopy=true
[DEBUG] _input (build_terrain) called, event=InputEventMouseMotion: button_mask=0, position=((731.0, 596.0)), relative=((0.0, 0.0)), velocity=((0.0, 0.0)), pressure=0.00, tilt=((0.0, 0.0)), pen_inverted=(false)
[AUDIT] poll_forensic_hud: ENTER
[DIAG] _physics_process: ENTER, state=3
[DIAG] _physics_process: camera target set to character (state: 3)
[GLIDE],3.08333333333333,0.0,0.0,0.0,0.0,11.0,0.0,0.0,4.23076923076923,2.6,802.077819824219,56.7118110656738,26.4
[VERBATIM] DIAGNOSIS turning block executed
[DIAG] _turn_input = 0.0
[DIAG] _poll_controls: ENTER, state=3
[VERBATIM] POLL: _poll_controls() entered, game_state=3
[VERBATIM] POLL: checking deploy state=3 canopy=true
[AUDIT] poll_forensic_hud: ENTER
[DIAG] _physics_process: ENTER, state=3
[DIAG] _physics_process: camera target set to character (state: 3)
[VERBATIM] DIAGNOSIS turning block executed
[DIAG] _turn_input = 0.0
[DIAG] _poll_controls: ENTER, state=3
[VERBATIM] POLL: _poll_controls() entered, game_state=3
[VERBATIM] POLL: checking deploy state=3 canopy=true
[AUDIT] poll_forensic_hud: ENTER
[DIAG] _physics_process: ENTER, state=3
[DIAG] _physics_process: camera target set to character (state: 3)
[VERBATIM] DIAGNOSIS turning block executed
[DIAG] _turn_input = 0.0
[DIAG] _poll_controls: ENTER, state=3
[VERBATIM] POLL: _poll_controls() entered, game_state=3
[VERBATIM] POLL: checking deploy state=3 canopy=true
[AUDIT] poll_forensic_hud: ENTER
[DIAG] _physics_process: ENTER, state=3
[DIAG] _physics_process: camera target set to character (state: 3)
[VERBATIM] DIAGNOSIS turning block executed
[DIAG] _turn_input = 0.0
[DIAG] _poll_controls: ENTER, state=3
[VERBATIM] POLL: _poll_controls() entered, game_state=3
[VERBATIM] POLL: checking deploy state=3 canopy=true
[AUDIT] poll_forensic_hud: ENTER
[DIAG] _physics_process: ENTER, state=3
[DIAG] _physics_process: camera target set to character (state: 3)
[VERBATIM] DIAGNOSIS turning block executed
[DIAG] _turn_input = 0.0
[DIAG] _poll_controls: ENTER, state=3
[VERBATIM] POLL: _poll_controls() entered, game_state=3
[VERBATIM] POLL: checking deploy state=3 canopy=true
[AUDIT] poll_forensic_hud: ENTER
[DIAG] _physics_process: ENTER, state=3
[DIAG] _physics_process: camera target set to character (state: 3)
[VERBATIM] DIAGNOSIS turning block executed
[DIAG] _turn_input = 0.0
[DIAG] _poll_controls: ENTER, state=3
[VERBATIM] POLL: _poll_controls() entered, game_state=3
[VERBATIM] POLL: checking deploy state=3 canopy=true
[AUDIT] poll_forensic_hud: ENTER
[DIAG] _physics_process: ENTER, state=3
[DIAG] _physics_process: camera target set to character (state: 3)
[VERBATIM] DIAGNOSIS turning block executed
[DIAG] _turn_input = 0.0
[DIAG] _poll_controls: ENTER, state=3
[VERBATIM] POLL: _poll_controls() entered, game_state=3
[VERBATIM] POLL: checking deploy state=3 canopy=true
[AUDIT] poll_forensic_hud: ENTER
[DIAG] _physics_process: ENTER, state=3
[DIAG] _physics_process: camera target set to character (state: 3)
[VERBATIM] DIAGNOSIS turning block executed
[DIAG] _turn_input = 0.0
[DIAG] _poll_controls: ENTER, state=3
[VERBATIM] POLL: _poll_controls() entered, game_state=3
[VERBATIM] POLL: checking deploy state=3 canopy=true
[AUDIT] poll_forensic_hud: ENTER
[DIAG] _physics_process: ENTER, state=3
[DIAG] _physics_process: camera target set to character (state: 3)
[VERBATIM] DIAGNOSIS turning block executed
[DIAG] _turn_input = 0.0
[DIAG] _poll_controls: ENTER, state=3
[VERBATIM] POLL: _poll_controls() entered, game_state=3
[VERBATIM] POLL: checking deploy state=3 canopy=true
[AUDIT] poll_forensic_hud: ENTER
[DIAG] _physics_process: ENTER, state=3
[DIAG] _physics_process: camera target set to character (state: 3)
[VERBATIM] DIAGNOSIS turning block executed
[DIAG] _turn_input = 0.0
[DIAG] _poll_controls: ENTER, state=3
[VERBATIM] POLL: _poll_controls() entered, game_state=3
[VERBATIM] POLL: checking deploy state=3 canopy=true
[AUDIT] poll_forensic_hud: ENTER
[DIAG] _physics_process: ENTER, state=3
[DIAG] _physics_process: camera target set to character (state: 3)
[VERBATIM] DIAGNOSIS turning block executed
[DIAG] _turn_input = 0.0
[DIAG] _poll_controls: ENTER, state=3
[VERBATIM] POLL: _poll_controls() entered, game_state=3
[VERBATIM] POLL: checking deploy state=3 canopy=true
[AUDIT] poll_forensic_hud: ENTER
[DIAG] _physics_process: ENTER, state=3
[DIAG] _physics_process: camera target set to character (state: 3)
[VERBATIM] DIAGNOSIS turning block executed
[DIAG] _turn_input = 0.0
[DIAG] _poll_controls: ENTER, state=3
[VERBATIM] POLL: _poll_controls() entered, game_state=3
[VERBATIM] POLL: checking deploy state=3 canopy=true
[AUDIT] poll_forensic_hud: ENTER
[DIAG] _physics_process: ENTER, state=3
[DIAG] _physics_process: camera target set to character (state: 3)
[VERBATIM] DIAGNOSIS turning block executed
[DIAG] _turn_input = 0.0
[DIAG] _poll_controls: ENTER, state=3
[VERBATIM] POLL: _poll_controls() entered, game_state=3
[VERBATIM] POLL: checking deploy state=3 canopy=true
[DEBUG] _input (build_terrain) called, event=InputEventMouseMotion: button_mask=0, position=((762.0, 593.0)), relative=((31.0, -3.0)), velocity=((0.0, 0.0)), pressure=0.00, tilt=((0.0, 0.0)), pen_inverted=(false)
[AUDIT] poll_forensic_hud: ENTER
[DIAG] _physics_process: ENTER, state=3
[DIAG] _physics_process: camera target set to character (state: 3)
[VERBATIM] DIAGNOSIS turning block executed
[DIAG] _turn_input = 0.0
[DIAG] _poll_controls: ENTER, state=3
[VERBATIM] POLL: _poll_controls() entered, game_state=3
[VERBATIM] POLL: checking deploy state=3 canopy=true
[DEBUG] _input (build_terrain) called, event=InputEventMouseMotion: button_mask=0, position=((806.0, 585.0)), relative=((44.0, -8.0)), velocity=((0.0, 0.0)), pressure=0.00, tilt=((0.0, 0.0)), pen_inverted=(false)
[AUDIT] poll_forensic_hud: ENTER
[DIAG] _physics_process: ENTER, state=3
[DIAG] _physics_process: camera target set to character (state: 3)
[VERBATIM] DIAGNOSIS turning block executed
[DIAG] _turn_input = 0.0
[DIAG] _poll_controls: ENTER, state=3
[VERBATIM] POLL: _poll_controls() entered, game_state=3
[VERBATIM] POLL: checking deploy state=3 canopy=true
[DEBUG] _input (build_terrain) called, event=InputEventMouseMotion: button_mask=0, position=((807.0, 585.0)), relative=((1.0, 0.0)), velocity=((0.0, 0.0)), pressure=0.00, tilt=((0.0, 0.0)), pen_inverted=(false)
[AUDIT] poll_forensic_hud: ENTER
[DIAG] _physics_process: ENTER, state=3
[DIAG] _physics_process: camera target set to character (state: 3)
[VERBATIM] DIAGNOSIS turning block executed
[DIAG] _turn_input = 0.0
[DIAG] _poll_controls: ENTER, state=3
[VERBATIM] POLL: _poll_controls() entered, game_state=3
[VERBATIM] POLL: checking deploy state=3 canopy=true
[AUDIT] poll_forensic_hud: ENTER
[DIAG] _physics_process: ENTER, state=3
[DIAG] _physics_process: camera target set to character (state: 3)
[VERBATIM] DIAGNOSIS turning block executed
[DIAG] _turn_input = 0.0
[DIAG] _poll_controls: ENTER, state=3
[VERBATIM] POLL: _poll_controls() entered, game_state=3
[VERBATIM] POLL: checking deploy state=3 canopy=true
[AUDIT] poll_forensic_hud: ENTER
[DIAG] _physics_process: ENTER, state=3
[DIAG] _physics_process: camera target set to character (state: 3)
[VERBATIM] DIAGNOSIS turning block executed
[DIAG] _turn_input = 0.0
[DIAG] _poll_controls: ENTER, state=3
[VERBATIM] POLL: _poll_controls() entered, game_state=3
[VERBATIM] POLL: checking deploy state=3 canopy=true
[AUDIT] poll_forensic_hud: ENTER
[DIAG] _physics_process: ENTER, state=3
[DIAG] _physics_process: camera target set to character (state: 3)
[VERBATIM] DIAGNOSIS turning block executed
[DIAG] _turn_input = 0.0
[DIAG] _poll_controls: ENTER, state=3
[VERBATIM] POLL: _poll_controls() entered, game_state=3
[VERBATIM] POLL: checking deploy state=3 canopy=true
[AUDIT] poll_forensic_hud: ENTER
[DIAG] _physics_process: ENTER, state=3
[DIAG] _physics_process: camera target set to character (state: 3)
[VERBATIM] DIAGNOSIS turning block executed
[DIAG] _turn_input = 0.0
[DIAG] _poll_controls: ENTER, state=3
[VERBATIM] POLL: _poll_controls() entered, game_state=3
[VERBATIM] POLL: checking deploy state=3 canopy=true
[AUDIT] poll_forensic_hud: ENTER
[DIAG] _physics_process: ENTER, state=3
[DIAG] _physics_process: camera target set to character (state: 3)
[VERBATIM] DIAGNOSIS turning block executed
[DIAG] _turn_input = 0.0
[DIAG] _poll_controls: ENTER, state=3
[VERBATIM] POLL: _poll_controls() entered, game_state=3
[VERBATIM] POLL: checking deploy state=3 canopy=true
[AUDIT] poll_forensic_hud: ENTER
[DIAG] _physics_process: ENTER, state=3
[DIAG] _physics_process: camera target set to character (state: 3)
[VERBATIM] DIAGNOSIS turning block executed
[DIAG] _turn_input = 0.0
[DIAG] _poll_controls: ENTER, state=3
[VERBATIM] POLL: _poll_controls() entered, game_state=3
[VERBATIM] POLL: checking deploy state=3 canopy=true
[DEBUG] _input (build_terrain) called, event=InputEventMouseMotion: button_mask=0, position=((801.0, 583.0)), relative=((-6.0, -2.0)), velocity=((510.6154, -73.90487)), pressure=0.00, tilt=((0.0, 0.0)), pen_inverted=(false)
[AUDIT] poll_forensic_hud: ENTER
[DIAG] _physics_process: ENTER, state=3
[DIAG] _physics_process: camera target set to character (state: 3)
[VERBATIM] DIAGNOSIS turning block executed
[DIAG] _turn_input = 0.0
[DIAG] _poll_controls: ENTER, state=3
[VERBATIM] POLL: _poll_controls() entered, game_state=3
[VERBATIM] POLL: checking deploy state=3 canopy=true
[DEBUG] _input (build_terrain) called, event=InputEventMouseMotion: button_mask=0, position=((757.0, 570.0)), relative=((-44.0, -13.0)), velocity=((510.6154, -73.90487)), pressure=0.00, tilt=((0.0, 0.0)), pen_inverted=(false)
[AUDIT] poll_forensic_hud: ENTER
[DIAG] _physics_process: ENTER, state=3
[DIAG] _physics_process: camera target set to character (state: 3)
[VERBATIM] DIAGNOSIS turning block executed
[DIAG] _turn_input = 0.0
[DIAG] _poll_controls: ENTER, state=3
[VERBATIM] POLL: _poll_controls() entered, game_state=3
[VERBATIM] POLL: checking deploy state=3 canopy=true
[DEBUG] _input (build_terrain) called, event=InputEventMouseMotion: button_mask=0, position=((695.0, 556.0)), relative=((-62.0, -14.0)), velocity=((510.6154, -73.90487)), pressure=0.00, tilt=((0.0, 0.0)), pen_inverted=(false)
[AUDIT] poll_forensic_hud: ENTER
[DIAG] _physics_process: ENTER, state=3
[DIAG] _physics_process: camera target set to character (state: 3)
[VERBATIM] DIAGNOSIS turning block executed
[DIAG] _turn_input = 0.0
[DIAG] _poll_controls: ENTER, state=3
[VERBATIM] POLL: _poll_controls() entered, game_state=3
[VERBATIM] POLL: checking deploy state=3 canopy=true
[DEBUG] _input (build_terrain) called, event=InputEventMouseMotion: button_mask=0, position=((647.0, 548.0)), relative=((-48.0, -8.0)), velocity=((510.6154, -73.90487)), pressure=0.00, tilt=((0.0, 0.0)), pen_inverted=(false)
[AUDIT] poll_forensic_hud: ENTER
[DIAG] _physics_process: ENTER, state=3
[DIAG] _physics_process: camera target set to character (state: 3)
[VERBATIM] DIAGNOSIS turning block executed
[DIAG] _turn_input = 0.0
[DIAG] _poll_controls: ENTER, state=3
[VERBATIM] POLL: _poll_controls() entered, game_state=3
[VERBATIM] POLL: checking deploy state=3 canopy=true
[DEBUG] _input (build_terrain) called, event=InputEventMouseMotion: button_mask=0, position=((613.0, 548.0)), relative=((-34.0, 0.0)), velocity=((510.6154, -73.90487)), pressure=0.00, tilt=((0.0, 0.0)), pen_inverted=(false)
[AUDIT] poll_forensic_hud: ENTER
[DIAG] _physics_process: ENTER, state=3
[DIAG] _physics_process: camera target set to character (state: 3)
[VERBATIM] DIAGNOSIS turning block executed
[DIAG] _turn_input = 0.0
[DIAG] _poll_controls: ENTER, state=3
[VERBATIM] POLL: _poll_controls() entered, game_state=3
[VERBATIM] POLL: checking deploy state=3 canopy=true
[DEBUG] _input (build_terrain) called, event=InputEventMouseMotion: button_mask=0, position=((604.0, 549.0)), relative=((-9.0, 1.0)), velocity=((510.6154, -73.90487)), pressure=0.00, tilt=((0.0, 0.0)), pen_inverted=(false)
[AUDIT] poll_forensic_hud: ENTER
[DIAG] _physics_process: ENTER, state=3
[DIAG] _physics_process: camera target set to character (state: 3)
[VERBATIM] DIAGNOSIS turning block executed
[DIAG] _turn_input = 0.0
[DIAG] _poll_controls: ENTER, state=3
[VERBATIM] POLL: _poll_controls() entered, game_state=3
[VERBATIM] POLL: checking deploy state=3 canopy=true
[DEBUG] _input (build_terrain) called, event=InputEventMouseMotion: button_mask=0, position=((590.0, 550.0)), relative=((-14.0, 1.0)), velocity=((510.6154, -73.90487)), pressure=0.00, tilt=((0.0, 0.0)), pen_inverted=(false)
[AUDIT] poll_forensic_hud: ENTER
[DIAG] _physics_process: ENTER, state=3
[DIAG] _physics_process: camera target set to character (state: 3)
[VERBATIM] DIAGNOSIS turning block executed
[DIAG] _turn_input = 0.0
[DIAG] _poll_controls: ENTER, state=3
[VERBATIM] POLL: _poll_controls() entered, game_state=3
[VERBATIM] POLL: checking deploy state=3 canopy=true
[DEBUG] _input (build_terrain) called, event=InputEventMouseMotion: button_mask=0, position=((558.0, 557.0)), relative=((-32.0, 7.0)), velocity=((-1869.11, -301.4694)), pressure=0.00, tilt=((0.0, 0.0)), pen_inverted=(false)
[AUDIT] poll_forensic_hud: ENTER
[DIAG] _physics_process: ENTER, state=3
[DIAG] _physics_process: camera target set to character (state: 3)
[VERBATIM] DIAGNOSIS turning block executed
[DIAG] _turn_input = 0.0
[DIAG] _poll_controls: ENTER, state=3
[VERBATIM] POLL: _poll_controls() entered, game_state=3
[VERBATIM] POLL: checking deploy state=3 canopy=true
[DEBUG] _input (build_terrain) called, event=InputEventMouseMotion: button_mask=0, position=((506.0, 563.0)), relative=((-52.0, 6.0)), velocity=((-1869.11, -301.4694)), pressure=0.00, tilt=((0.0, 0.0)), pen_inverted=(false)
[AUDIT] poll_forensic_hud: ENTER
[DIAG] _physics_process: ENTER, state=3
[DIAG] _physics_process: camera target set to character (state: 3)
[VERBATIM] DIAGNOSIS turning block executed
[DIAG] _turn_input = 0.0
[DIAG] _poll_controls: ENTER, state=3
[VERBATIM] POLL: _poll_controls() entered, game_state=3
[VERBATIM] POLL: checking deploy state=3 canopy=true
[DEBUG] _input (build_terrain) called, event=InputEventMouseMotion: button_mask=0, position=((452.0, 571.0)), relative=((-54.0, 8.0)), velocity=((-1869.11, -301.4694)), pressure=0.00, tilt=((0.0, 0.0)), pen_inverted=(false)
[AUDIT] poll_forensic_hud: ENTER
[DIAG] _physics_process: ENTER, state=3
[DIAG] _physics_process: camera target set to character (state: 3)
[GLIDE],3.59999999999999,0.0,0.0,0.0,0.0,11.0,0.0,0.0,4.23076923076923,2.6,802.077819824219,62.3951759338379,26.4
[VERBATIM] DIAGNOSIS turning block executed
[DIAG] _turn_input = 0.0
[DIAG] _poll_controls: ENTER, state=3
[VERBATIM] POLL: _poll_controls() entered, game_state=3
[VERBATIM] POLL: checking deploy state=3 canopy=true
[DEBUG] _input (build_terrain) called, event=InputEventMouseMotion: button_mask=0, position=((394.0, 581.0)), relative=((-58.0, 10.0)), velocity=((-1869.11, -301.4694)), pressure=0.00, tilt=((0.0, 0.0)), pen_inverted=(false)
[AUDIT] poll_forensic_hud: ENTER
[DIAG] _physics_process: ENTER, state=3
[DIAG] _physics_process: camera target set to character (state: 3)
[VERBATIM] DIAGNOSIS turning block executed
[DIAG] _turn_input = 0.0
[DIAG] _poll_controls: ENTER, state=3
[VERBATIM] POLL: _poll_controls() entered, game_state=3
[VERBATIM] POLL: checking deploy state=3 canopy=true
[DEBUG] _input (build_terrain) called, event=InputEventMouseMotion: button_mask=0, position=((342.0, 597.0)), relative=((-52.0, 16.0)), velocity=((-1869.11, -301.4694)), pressure=0.00, tilt=((0.0, 0.0)), pen_inverted=(false)
[AUDIT] poll_forensic_hud: ENTER
[DIAG] _physics_process: ENTER, state=3
[DIAG] _physics_process: camera target set to character (state: 3)
[VERBATIM] DIAGNOSIS turning block executed
[DIAG] _turn_input = 0.0
[DIAG] _poll_controls: ENTER, state=3
[VERBATIM] POLL: _poll_controls() entered, game_state=3
[VERBATIM] POLL: checking deploy state=3 canopy=true
[DEBUG] _input (build_terrain) called, event=InputEventMouseMotion: button_mask=0, position=((278.0, 609.0)), relative=((-64.0, 12.0)), velocity=((-1869.11, -301.4694)), pressure=0.00, tilt=((0.0, 0.0)), pen_inverted=(false)
[AUDIT] poll_forensic_hud: ENTER
[DIAG] _physics_process: ENTER, state=3
[DIAG] _physics_process: camera target set to character (state: 3)
[VERBATIM] DIAGNOSIS turning block executed
[DIAG] _turn_input = 0.0
[DIAG] _poll_controls: ENTER, state=3
[VERBATIM] POLL: _poll_controls() entered, game_state=3
[VERBATIM] POLL: checking deploy state=3 canopy=true
[DEBUG] _input (build_terrain) called, event=InputEventMouseMotion: button_mask=0, position=((208.0, 617.0)), relative=((-70.0, 8.0)), velocity=((-3101.484, 586.4987)), pressure=0.00, tilt=((0.0, 0.0)), pen_inverted=(false)
[AUDIT] poll_forensic_hud: ENTER
[DIAG] _physics_process: ENTER, state=3
[DIAG] _physics_process: camera target set to character (state: 3)
[VERBATIM] DIAGNOSIS turning block executed
[DIAG] _turn_input = 0.0
[DIAG] _poll_controls: ENTER, state=3
[VERBATIM] POLL: _poll_controls() entered, game_state=3
[VERBATIM] POLL: checking deploy state=3 canopy=true
[DEBUG] _input (build_terrain) called, event=InputEventMouseMotion: button_mask=0, position=((146.0, 617.0)), relative=((-62.0, 0.0)), velocity=((-3101.484, 586.4987)), pressure=0.00, tilt=((0.0, 0.0)), pen_inverted=(false)
[AUDIT] poll_forensic_hud: ENTER
[DIAG] _physics_process: ENTER, state=3
[DIAG] _physics_process: camera target set to character (state: 3)
[VERBATIM] DIAGNOSIS turning block executed
[DIAG] _turn_input = 0.0
[DIAG] _poll_controls: ENTER, state=3
[VERBATIM] POLL: _poll_controls() entered, game_state=3
[VERBATIM] POLL: checking deploy state=3 canopy=true
[DEBUG] _input (build_terrain) called, event=InputEventMouseMotion: button_mask=0, position=((115.0, 608.0)), relative=((-31.0, -9.0)), velocity=((-3101.484, 586.4987)), pressure=0.00, tilt=((0.0, 0.0)), pen_inverted=(false)
[AUDIT] poll_forensic_hud: ENTER
[DIAG] _physics_process: ENTER, state=3
[DIAG] _physics_process: camera target set to character (state: 3)
[VERBATIM] DIAGNOSIS turning block executed
[DIAG] _turn_input = 0.0
[DIAG] _poll_controls: ENTER, state=3
[VERBATIM] POLL: _poll_controls() entered, game_state=3
[VERBATIM] POLL: checking deploy state=3 canopy=true
[DEBUG] _input (build_terrain) called, event=InputEventMouseMotion: button_mask=0, position=((108.0, 604.0)), relative=((-7.0, -4.0)), velocity=((-3101.484, 586.4987)), pressure=0.00, tilt=((0.0, 0.0)), pen_inverted=(false)
[AUDIT] poll_forensic_hud: ENTER
[DIAG] _physics_process: ENTER, state=3
[DIAG] _physics_process: camera target set to character (state: 3)
[VERBATIM] DIAGNOSIS turning block executed
[DIAG] _turn_input = 0.0
[DIAG] _poll_controls: ENTER, state=3
[VERBATIM] POLL: _poll_controls() entered, game_state=3
[VERBATIM] POLL: checking deploy state=3 canopy=true
[DEBUG] _input (build_terrain) called, event=InputEventMouseMotion: button_mask=0, position=((104.0, 600.0)), relative=((-4.0, -4.0)), velocity=((-3101.484, 586.4987)), pressure=0.00, tilt=((0.0, 0.0)), pen_inverted=(false)
[AUDIT] poll_forensic_hud: ENTER
[DIAG] _physics_process: ENTER, state=3
[DIAG] _physics_process: camera target set to character (state: 3)
[VERBATIM] DIAGNOSIS turning block executed
[DIAG] _turn_input = 0.0
[DIAG] _poll_controls: ENTER, state=3
[VERBATIM] POLL: _poll_controls() entered, game_state=3
[VERBATIM] POLL: checking deploy state=3 canopy=true
[VERBATIM] Wind updated: 12.5 kts @ 240.0°
[DEBUG] _input (build_terrain) called, event=InputEventMouseMotion: button_mask=0, position=((96.0, 594.0)), relative=((-8.0, -6.0)), velocity=((-3101.484, 586.4987)), pressure=0.00, tilt=((0.0, 0.0)), pen_inverted=(false)
[AUDIT] poll_forensic_hud: ENTER
[DIAG] _physics_process: ENTER, state=3
[DIAG] _physics_process: camera target set to character (state: 3)
[VERBATIM] DIAGNOSIS turning block executed
[DIAG] _turn_input = 0.0
[DIAG] _poll_controls: ENTER, state=3
[VERBATIM] POLL: _poll_controls() entered, game_state=3
[VERBATIM] POLL: checking deploy state=3 canopy=true
[DEBUG] _input (build_terrain) called, event=InputEventMouseMotion: button_mask=0, position=((76.0, 563.0)), relative=((-20.0, -31.0)), velocity=((-3101.484, 586.4987)), pressure=0.00, tilt=((0.0, 0.0)), pen_inverted=(false)
[AUDIT] poll_forensic_hud: ENTER
[PIPLIVE] eye=(802.0778, 1827.9, 64.04518) state=3 deployed=true framing=canopy
[DIAG] _physics_process: ENTER, state=3
[DIAG] _physics_process: camera target set to character (state: 3)
[VERBATIM] DIAGNOSIS turning block executed
[DIAG] _turn_input = 0.0
[DIAG] _poll_controls: ENTER, state=3
[VERBATIM] POLL: _poll_controls() entered, game_state=3
[VERBATIM] POLL: checking deploy state=3 canopy=true
[DEBUG] _input (build_terrain) called, event=InputEventMouseMotion: button_mask=0, position=((65.0, 527.0)), relative=((-11.0, -36.0)), velocity=((-1760.502, -400.9064)), pressure=0.00, tilt=((0.0, 0.0)), pen_inverted=(false)
[AUDIT] poll_forensic_hud: ENTER
[DIAG] _physics_process: ENTER, state=3
[DIAG] _physics_process: camera target set to character (state: 3)
[VERBATIM] DIAGNOSIS turning block executed
[DIAG] _turn_input = 0.0
[DIAG] _poll_controls: ENTER, state=3
[VERBATIM] POLL: _poll_controls() entered, game_state=3
[VERBATIM] POLL: checking deploy state=3 canopy=true
[DEBUG] _input (build_terrain) called, event=InputEventMouseMotion: button_mask=0, position=((55.0, 490.0)), relative=((-10.0, -37.0)), velocity=((-1760.502, -400.9064)), pressure=0.00, tilt=((0.0, 0.0)), pen_inverted=(false)
[AUDIT] poll_forensic_hud: ENTER
[DIAG] _physics_process: ENTER, state=3
[DIAG] _physics_process: camera target set to character (state: 3)
[VERBATIM] DIAGNOSIS turning block executed
[DIAG] _turn_input = 0.0
[DIAG] _poll_controls: ENTER, state=3
[VERBATIM] POLL: _poll_controls() entered, game_state=3
[VERBATIM] POLL: checking deploy state=3 canopy=true
[DEBUG] _input (build_terrain) called, event=InputEventMouseMotion: button_mask=0, position=((55.0, 462.0)), relative=((0.0, -28.0)), velocity=((-1760.502, -400.9064)), pressure=0.00, tilt=((0.0, 0.0)), pen_inverted=(false)
[AUDIT] poll_forensic_hud: ENTER
[DIAG] _physics_process: ENTER, state=3
[DIAG] _physics_process: camera target set to character (state: 3)
[VERBATIM] DIAGNOSIS turning block executed
[DIAG] _turn_input = 0.0
[DIAG] _poll_controls: ENTER, state=3
[VERBATIM] POLL: _poll_controls() entered, game_state=3
[VERBATIM] POLL: checking deploy state=3 canopy=true
[DEBUG] _input (build_terrain) called, event=InputEventMouseMotion: button_mask=0, position=((55.0, 447.0)), relative=((0.0, -15.0)), velocity=((-1760.502, -400.9064)), pressure=0.00, tilt=((0.0, 0.0)), pen_inverted=(false)
[AUDIT] poll_forensic_hud: ENTER
[DIAG] _physics_process: ENTER, state=3
[DIAG] _physics_process: camera target set to character (state: 3)
[VERBATIM] DIAGNOSIS turning block executed
[DIAG] _turn_input = 0.0
[DIAG] _poll_controls: ENTER, state=3
[VERBATIM] POLL: _poll_controls() entered, game_state=3
[VERBATIM] POLL: checking deploy state=3 canopy=true
[DEBUG] _input (build_terrain) called, event=InputEventMouseMotion: button_mask=0, position=((57.0, 438.0)), relative=((2.0, -9.0)), velocity=((-1760.502, -400.9064)), pressure=0.00, tilt=((0.0, 0.0)), pen_inverted=(false)
[AUDIT] poll_forensic_hud: ENTER
[DIAG] _physics_process: ENTER, state=3
[DIAG] _physics_process: camera target set to character (state: 3)
[VERBATIM] DIAGNOSIS turning block executed
[DIAG] _turn_input = 0.0
[DIAG] _poll_controls: ENTER, state=3
[VERBATIM] POLL: _poll_controls() entered, game_state=3
[VERBATIM] POLL: checking deploy state=3 canopy=true
[DEBUG] _input (build_terrain) called, event=InputEventMouseMotion: button_mask=0, position=((57.0, 436.0)), relative=((0.0, -2.0)), velocity=((-1760.502, -400.9064)), pressure=0.00, tilt=((0.0, 0.0)), pen_inverted=(false)
[AUDIT] poll_forensic_hud: ENTER
[DIAG] _physics_process: ENTER, state=3
[DIAG] _physics_process: camera target set to character (state: 3)
[VERBATIM] DIAGNOSIS turning block executed
[DIAG] _turn_input = 0.0
[DIAG] _poll_controls: ENTER, state=3
[VERBATIM] POLL: _poll_controls() entered, game_state=3
[VERBATIM] POLL: checking deploy state=3 canopy=true
[AUDIT] poll_forensic_hud: ENTER
[DIAG] _physics_process: ENTER, state=3
[DIAG] _physics_process: camera target set to character (state: 3)
[VERBATIM] DIAGNOSIS turning block executed
[DIAG] _turn_input = 0.0
[DIAG] _poll_controls: ENTER, state=3
[VERBATIM] POLL: _poll_controls() entered, game_state=3
[VERBATIM] POLL: checking deploy state=3 canopy=true
[AUDIT] poll_forensic_hud: ENTER
[DIAG] _physics_process: ENTER, state=3
[DIAG] _physics_process: camera target set to character (state: 3)
[VERBATIM] DIAGNOSIS turning block executed
[DIAG] _turn_input = 0.0
[DIAG] _poll_controls: ENTER, state=3
[VERBATIM] POLL: _poll_controls() entered, game_state=3
[VERBATIM] POLL: checking deploy state=3 canopy=true
[AUDIT] poll_forensic_hud: ENTER
[DIAG] _physics_process: ENTER, state=3
[DIAG] _physics_process: camera target set to character (state: 3)
[VERBATIM] DIAGNOSIS turning block executed
[DIAG] _turn_input = 0.0
[DIAG] _poll_controls: ENTER, state=3
[VERBATIM] POLL: _poll_controls() entered, game_state=3
[VERBATIM] POLL: checking deploy state=3 canopy=true
[AUDIT] poll_forensic_hud: ENTER
[DIAG] _physics_process: ENTER, state=3
[DIAG] _physics_process: camera target set to character (state: 3)
[VERBATIM] DIAGNOSIS turning block executed
[DIAG] _turn_input = 0.0
[DIAG] _poll_controls: ENTER, state=3
[VERBATIM] POLL: _poll_controls() entered, game_state=3
[VERBATIM] POLL: checking deploy state=3 canopy=true
[AUDIT] poll_forensic_hud: ENTER
[DIAG] _physics_process: ENTER, state=3
[DIAG] _physics_process: camera target set to character (state: 3)
[VERBATIM] DIAGNOSIS turning block executed
[DIAG] _turn_input = 0.0
[DIAG] _poll_controls: ENTER, state=3
[VERBATIM] POLL: _poll_controls() entered, game_state=3
[VERBATIM] POLL: checking deploy state=3 canopy=true
[DEBUG] _input (build_terrain) called, event=InputEventMouseMotion: button_mask=0, position=((57.0, 426.0)), relative=((0.0, -10.0)), velocity=((-104.0788, -695.6845)), pressure=0.00, tilt=((0.0, 0.0)), pen_inverted=(false)
[AUDIT] poll_forensic_hud: ENTER
[DIAG] _physics_process: ENTER, state=3
[DIAG] _physics_process: camera target set to character (state: 3)
[VERBATIM] DIAGNOSIS turning block executed
[DIAG] _turn_input = 0.0
[DIAG] _poll_controls: ENTER, state=3
[VERBATIM] POLL: _poll_controls() entered, game_state=3
[VERBATIM] POLL: checking deploy state=3 canopy=true
[DEBUG] _input (build_terrain) called, event=InputEventMouseMotion: button_mask=0, position=((60.0, 403.0)), relative=((3.0, -23.0)), velocity=((-104.0788, -695.6845)), pressure=0.00, tilt=((0.0, 0.0)), pen_inverted=(false)
[AUDIT] poll_forensic_hud: ENTER
[DIAG] _physics_process: ENTER, state=3
[DIAG] _physics_process: camera target set to character (state: 3)
[VERBATIM] DIAGNOSIS turning block executed
[DIAG] _turn_input = 0.0
[DIAG] _poll_controls: ENTER, state=3
[VERBATIM] POLL: _poll_controls() entered, game_state=3
[VERBATIM] POLL: checking deploy state=3 canopy=true
[DEBUG] _input (build_terrain) called, event=InputEventMouseMotion: button_mask=0, position=((64.0, 390.0)), relative=((4.0, -13.0)), velocity=((-104.0788, -695.6845)), pressure=0.00, tilt=((0.0, 0.0)), pen_inverted=(false)
[AUDIT] poll_forensic_hud: ENTER
[DIAG] _physics_process: ENTER, state=3
[DIAG] _physics_process: camera target set to character (state: 3)
[VERBATIM] DIAGNOSIS turning block executed
[DIAG] _turn_input = 0.0
[DIAG] _poll_controls: ENTER, state=3
[VERBATIM] POLL: _poll_controls() entered, game_state=3
[VERBATIM] POLL: checking deploy state=3 canopy=true
[DEBUG] _input (build_terrain) called, event=InputEventMouseMotion: button_mask=0, position=((71.0, 374.0)), relative=((7.0, -16.0)), velocity=((-104.0788, -695.6845)), pressure=0.00, tilt=((0.0, 0.0)), pen_inverted=(false)
[AUDIT] poll_forensic_hud: ENTER
[DIAG] _physics_process: ENTER, state=3
[DIAG] _physics_process: camera target set to character (state: 3)
[VERBATIM] DIAGNOSIS turning block executed
[DIAG] _turn_input = 0.0
[DIAG] _poll_controls: ENTER, state=3
[VERBATIM] POLL: _poll_controls() entered, game_state=3
[VERBATIM] POLL: checking deploy state=3 canopy=true
[DEBUG] _input (build_terrain) called, event=InputEventMouseMotion: button_mask=0, position=((79.0, 349.0)), relative=((8.0, -25.0)), velocity=((-104.0788, -695.6845)), pressure=0.00, tilt=((0.0, 0.0)), pen_inverted=(false)
[AUDIT] poll_forensic_hud: ENTER
[DIAG] _physics_process: ENTER, state=3
[DIAG] _physics_process: camera target set to character (state: 3)
[VERBATIM] DIAGNOSIS turning block executed
[DIAG] _turn_input = 0.0
[DIAG] _poll_controls: ENTER, state=3
[VERBATIM] POLL: _poll_controls() entered, game_state=3
[VERBATIM] POLL: checking deploy state=3 canopy=true
[DEBUG] _input (build_terrain) called, event=InputEventMouseMotion: button_mask=0, position=((93.0, 297.0)), relative=((14.0, -52.0)), velocity=((-104.0788, -695.6845)), pressure=0.00, tilt=((0.0, 0.0)), pen_inverted=(false)
[AUDIT] poll_forensic_hud: ENTER
[DIAG] _physics_process: ENTER, state=3
[DIAG] _physics_process: camera target set to character (state: 3)
[VERBATIM] DIAGNOSIS turning block executed
[DIAG] _turn_input = 0.0
[DIAG] _poll_controls: ENTER, state=3
[VERBATIM] POLL: _poll_controls() entered, game_state=3
[VERBATIM] POLL: checking deploy state=3 canopy=true
[DEBUG] _input (build_terrain) called, event=InputEventMouseMotion: button_mask=0, position=((119.0, 229.0)), relative=((26.0, -68.0)), velocity=((-104.0788, -695.6845)), pressure=0.00, tilt=((0.0, 0.0)), pen_inverted=(false)
[AUDIT] poll_forensic_hud: ENTER
[DIAG] _physics_process: ENTER, state=3
[DIAG] _physics_process: camera target set to character (state: 3)
[VERBATIM] DIAGNOSIS turning block executed
[DIAG] _turn_input = 0.0
[DIAG] _poll_controls: ENTER, state=3
[VERBATIM] POLL: _poll_controls() entered, game_state=3
[VERBATIM] POLL: checking deploy state=3 canopy=true
[DEBUG] _input (build_terrain) called, event=InputEventMouseMotion: button_mask=0, position=((151.0, 159.0)), relative=((32.0, -70.0)), velocity=((536.7407, -1792.021)), pressure=0.00, tilt=((0.0, 0.0)), pen_inverted=(false)
[AUDIT] poll_forensic_hud: ENTER
[DIAG] _physics_process: ENTER, state=3
[DIAG] _physics_process: camera target set to character (state: 3)
[VERBATIM] DIAGNOSIS turning block executed
[DIAG] _turn_input = 0.0
[DIAG] _poll_controls: ENTER, state=3
[VERBATIM] POLL: _poll_controls() entered, game_state=3
[VERBATIM] POLL: checking deploy state=3 canopy=true
[DEBUG] _input (build_terrain) called, event=InputEventMouseMotion: button_mask=0, position=((173.0, 115.0)), relative=((22.0, -44.0)), velocity=((536.7407, -1792.021)), pressure=0.00, tilt=((0.0, 0.0)), pen_inverted=(false)
[AUDIT] poll_forensic_hud: ENTER
[DIAG] _physics_process: ENTER, state=3
[DIAG] _physics_process: camera target set to character (state: 3)
[VERBATIM] DIAGNOSIS turning block executed
[DIAG] _turn_input = 0.0
[DIAG] _poll_controls: ENTER, state=3
[VERBATIM] POLL: _poll_controls() entered, game_state=3
[VERBATIM] POLL: checking deploy state=3 canopy=true
[DEBUG] _input (build_terrain) called, event=InputEventMouseMotion: button_mask=0, position=((191.0, 67.0)), relative=((18.0, -48.0)), velocity=((536.7407, -1792.021)), pressure=0.00, tilt=((0.0, 0.0)), pen_inverted=(false)
[AUDIT] poll_forensic_hud: ENTER
[DIAG] _physics_process: ENTER, state=3
[DIAG] _physics_process: camera target set to character (state: 3)
[GLIDE],4.11666666666666,0.0,0.0,0.0,0.0,11.0,0.0,0.0,4.23076923076923,2.6,802.077819824219,68.0785369873047,26.4
[VERBATIM] DIAGNOSIS turning block executed
[DIAG] _turn_input = 0.0
[DIAG] _poll_controls: ENTER, state=3
[VERBATIM] POLL: _poll_controls() entered, game_state=3
[VERBATIM] POLL: checking deploy state=3 canopy=true
[DEBUG] _input (build_terrain) called, event=InputEventMouseMotion: button_mask=0, position=((209.0, 19.0)), relative=((18.0, -48.0)), velocity=((536.7407, -1792.021)), pressure=0.00, tilt=((0.0, 0.0)), pen_inverted=(false)
[AUDIT] poll_forensic_hud: ENTER
[DIAG] _physics_process: ENTER, state=3
[DIAG] _physics_process: camera target set to character (state: 3)
[VERBATIM] DIAGNOSIS turning block executed
[DIAG] _turn_input = 0.0
[DIAG] _poll_controls: ENTER, state=3
[VERBATIM] POLL: _poll_controls() entered, game_state=3
[VERBATIM] POLL: checking deploy state=3 canopy=true
[AUDIT] poll_forensic_hud: ENTER
[DIAG] _physics_process: ENTER, state=3
[DIAG] _physics_process: camera target set to character (state: 3)
[VERBATIM] DIAGNOSIS turning block executed
[DIAG] _turn_input = 0.0
[DIAG] _poll_controls: ENTER, state=3
[VERBATIM] POLL: _poll_controls() entered, game_state=3
[VERBATIM] POLL: checking deploy state=3 canopy=true
[AUDIT] poll_forensic_hud: ENTER
[DIAG] _physics_process: ENTER, state=3
[DIAG] _physics_process: camera target set to character (state: 3)
[VERBATIM] DIAGNOSIS turning block executed
[DIAG] _turn_input = 0.0
[DIAG] _poll_controls: ENTER, state=3
[VERBATIM] POLL: _poll_controls() entered, game_state=3
[VERBATIM] POLL: checking deploy state=3 canopy=true
[AUDIT] poll_forensic_hud: ENTER
[DIAG] _physics_process: ENTER, state=3
[DIAG] _physics_process: camera target set to character (state: 3)
[VERBATIM] DIAGNOSIS turning block executed
[DIAG] _turn_input = 0.0
[DIAG] _poll_controls: ENTER, state=3
[VERBATIM] POLL: _poll_controls() entered, game_state=3
[VERBATIM] POLL: checking deploy state=3 canopy=true
[AUDIT] poll_forensic_hud: ENTER
[DIAG] _physics_process: ENTER, state=3
[DIAG] _physics_process: camera target set to character (state: 3)
[VERBATIM] DIAGNOSIS turning block executed
[DIAG] _turn_input = 0.0
[DIAG] _poll_controls: ENTER, state=3
[VERBATIM] POLL: _poll_controls() entered, game_state=3
[VERBATIM] POLL: checking deploy state=3 canopy=true
[AUDIT] poll_forensic_hud: ENTER
[DIAG] _physics_process: ENTER, state=3
[DIAG] _physics_process: camera target set to character (state: 3)
[VERBATIM] DIAGNOSIS turning block executed
[DIAG] _turn_input = 0.0
[DIAG] _poll_controls: ENTER, state=3
[VERBATIM] POLL: _poll_controls() entered, game_state=3
[VERBATIM] POLL: checking deploy state=3 canopy=true
[AUDIT] poll_forensic_hud: ENTER
[DIAG] _physics_process: ENTER, state=3
[DIAG] _physics_process: camera target set to character (state: 3)
[VERBATIM] DIAGNOSIS turning block executed
[DIAG] _turn_input = 0.0
[DIAG] _poll_controls: ENTER, state=3
[VERBATIM] POLL: _poll_controls() entered, game_state=3
[VERBATIM] POLL: checking deploy state=3 canopy=true
[AUDIT] poll_forensic_hud: ENTER
[DIAG] _physics_process: ENTER, state=3
[DIAG] _physics_process: camera target set to character (state: 3)
[VERBATIM] DIAGNOSIS turning block executed
[DIAG] _turn_input = 0.0
[DIAG] _poll_controls: ENTER, state=3
[VERBATIM] POLL: _poll_controls() entered, game_state=3
[VERBATIM] POLL: checking deploy state=3 canopy=true
[AUDIT] poll_forensic_hud: ENTER
[DIAG] _physics_process: ENTER, state=3
[DIAG] _physics_process: camera target set to character (state: 3)
[VERBATIM] DIAGNOSIS turning block executed
[DIAG] _turn_input = 0.0
[DIAG] _poll_controls: ENTER, state=3
[VERBATIM] POLL: _poll_controls() entered, game_state=3
[VERBATIM] POLL: checking deploy state=3 canopy=true
[AUDIT] poll_forensic_hud: ENTER
[DIAG] _physics_process: ENTER, state=3
[DIAG] _physics_process: camera target set to character (state: 3)
[VERBATIM] DIAGNOSIS turning block executed
[DIAG] _turn_input = 0.0
[DIAG] _poll_controls: ENTER, state=3
[VERBATIM] POLL: _poll_controls() entered, game_state=3
[VERBATIM] POLL: checking deploy state=3 canopy=true
[AUDIT] poll_forensic_hud: ENTER
[DIAG] _physics_process: ENTER, state=3
[DIAG] _physics_process: camera target set to character (state: 3)
[VERBATIM] DIAGNOSIS turning block executed
[DIAG] _turn_input = 0.0
[DIAG] _poll_controls: ENTER, state=3
[VERBATIM] POLL: _poll_controls() entered, game_state=3
[VERBATIM] POLL: checking deploy state=3 canopy=true
[AUDIT] poll_forensic_hud: ENTER
[DIAG] _physics_process: ENTER, state=3
[DIAG] _physics_process: camera target set to character (state: 3)
[VERBATIM] DIAGNOSIS turning block executed
[DIAG] _turn_input = 0.0
[DIAG] _poll_controls: ENTER, state=3
[VERBATIM] POLL: _poll_controls() entered, game_state=3
[VERBATIM] POLL: checking deploy state=3 canopy=true
[AUDIT] poll_forensic_hud: ENTER
[DIAG] _physics_process: ENTER, state=3
[DIAG] _physics_process: camera target set to character (state: 3)
[VERBATIM] DIAGNOSIS turning block executed
[DIAG] _turn_input = 0.0
[DIAG] _poll_controls: ENTER, state=3
[VERBATIM] POLL: _poll_controls() entered, game_state=3
[VERBATIM] POLL: checking deploy state=3 canopy=true
[AUDIT] poll_forensic_hud: ENTER
[DIAG] _physics_process: ENTER, state=3
[DIAG] _physics_process: camera target set to character (state: 3)
[VERBATIM] DIAGNOSIS turning block executed
[DIAG] _turn_input = 0.0
[DIAG] _poll_controls: ENTER, state=3
[VERBATIM] POLL: _poll_controls() entered, game_state=3
[VERBATIM] POLL: checking deploy state=3 canopy=true
[AUDIT] poll_forensic_hud: ENTER
[DIAG] _physics_process: ENTER, state=3
[DIAG] _physics_process: camera target set to character (state: 3)
[VERBATIM] DIAGNOSIS turning block executed
[DIAG] _turn_input = 0.0
[DIAG] _poll_controls: ENTER, state=3
[VERBATIM] POLL: _poll_controls() entered, game_state=3
[VERBATIM] POLL: checking deploy state=3 canopy=true
[AUDIT] poll_forensic_hud: ENTER
[DIAG] _physics_process: ENTER, state=3
[DIAG] _physics_process: camera target set to character (state: 3)
[VERBATIM] DIAGNOSIS turning block executed
[DIAG] _turn_input = 0.0
[DIAG] _poll_controls: ENTER, state=3
[VERBATIM] POLL: _poll_controls() entered, game_state=3
[VERBATIM] POLL: checking deploy state=3 canopy=true
[DEBUG] _input (build_terrain) called, event=InputEventMouseMotion: button_mask=0, position=((222.0, 6.0)), relative=((13.0, -13.0)), velocity=((285.6771, -666.5799)), pressure=0.00, tilt=((0.0, 0.0)), pen_inverted=(false)
[AUDIT] poll_forensic_hud: ENTER
[DIAG] _physics_process: ENTER, state=3
[DIAG] _physics_process: camera target set to character (state: 3)
[VERBATIM] DIAGNOSIS turning block executed
[DIAG] _turn_input = 0.0
[DIAG] _poll_controls: ENTER, state=3
[VERBATIM] POLL: _poll_controls() entered, game_state=3
[VERBATIM] POLL: checking deploy state=3 canopy=true
[DEBUG] _input (build_terrain) called, event=InputEventMouseMotion: button_mask=0, position=((212.0, 20.0)), relative=((-10.0, 14.0)), velocity=((285.6771, -666.5799)), pressure=0.00, tilt=((0.0, 0.0)), pen_inverted=(false)
[AUDIT] poll_forensic_hud: ENTER
[DIAG] _physics_process: ENTER, state=3
[DIAG] _physics_process: camera target set to character (state: 3)
[VERBATIM] DIAGNOSIS turning block executed
[DIAG] _turn_input = 0.0
[DIAG] _poll_controls: ENTER, state=3
[VERBATIM] POLL: _poll_controls() entered, game_state=3
[VERBATIM] POLL: checking deploy state=3 canopy=true
[DEBUG] _input (build_terrain) called, event=InputEventMouseMotion: button_mask=0, position=((203.0, 35.0)), relative=((-9.0, 15.0)), velocity=((285.6771, -666.5799)), pressure=0.00, tilt=((0.0, 0.0)), pen_inverted=(false)
[AUDIT] poll_forensic_hud: ENTER
[DIAG] _physics_process: ENTER, state=3
[DIAG] _physics_process: camera target set to character (state: 3)
[VERBATIM] DIAGNOSIS turning block executed
[DIAG] _turn_input = 0.0
[DIAG] _poll_controls: ENTER, state=3
[VERBATIM] POLL: _poll_controls() entered, game_state=3
[VERBATIM] POLL: checking deploy state=3 canopy=true
[DEBUG] _input (build_terrain) called, event=InputEventMouseMotion: button_mask=0, position=((199.0, 39.0)), relative=((-4.0, 4.0)), velocity=((285.6771, -666.5799)), pressure=0.00, tilt=((0.0, 0.0)), pen_inverted=(false)
[AUDIT] poll_forensic_hud: ENTER
[DIAG] _physics_process: ENTER, state=3
[DIAG] _physics_process: camera target set to character (state: 3)
[VERBATIM] DIAGNOSIS turning block executed
[DIAG] _turn_input = 0.0
[DIAG] _poll_controls: ENTER, state=3
[VERBATIM] POLL: _poll_controls() entered, game_state=3
[VERBATIM] POLL: checking deploy state=3 canopy=true
[AUDIT] poll_forensic_hud: ENTER
[DIAG] _physics_process: ENTER, state=3
[DIAG] _physics_process: camera target set to character (state: 3)
[VERBATIM] DIAGNOSIS turning block executed
[DIAG] _turn_input = 0.0
[DIAG] _poll_controls: ENTER, state=3
[VERBATIM] POLL: _poll_controls() entered, game_state=3
[VERBATIM] POLL: checking deploy state=3 canopy=true
[AUDIT] poll_forensic_hud: ENTER
[DIAG] _physics_process: ENTER, state=3
[DIAG] _physics_process: camera target set to character (state: 3)
[VERBATIM] DIAGNOSIS turning block executed
[DIAG] _turn_input = 0.0
[DIAG] _poll_controls: ENTER, state=3
[VERBATIM] POLL: _poll_controls() entered, game_state=3
[VERBATIM] POLL: checking deploy state=3 canopy=true
[AUDIT] poll_forensic_hud: ENTER
[DIAG] _physics_process: ENTER, state=3
[DIAG] _physics_process: camera target set to character (state: 3)
[VERBATIM] DIAGNOSIS turning block executed
[DIAG] _turn_input = 0.0
[DIAG] _poll_controls: ENTER, state=3
[VERBATIM] POLL: _poll_controls() entered, game_state=3
[VERBATIM] POLL: checking deploy state=3 canopy=true
[AUDIT] poll_forensic_hud: ENTER
[DIAG] _physics_process: ENTER, state=3
[DIAG] _physics_process: camera target set to character (state: 3)
[VERBATIM] DIAGNOSIS turning block executed
[DIAG] _turn_input = 0.0
[DIAG] _poll_controls: ENTER, state=3
[VERBATIM] POLL: _poll_controls() entered, game_state=3
[VERBATIM] POLL: checking deploy state=3 canopy=true
[AUDIT] poll_forensic_hud: ENTER
[DIAG] _physics_process: ENTER, state=3
[DIAG] _physics_process: camera target set to character (state: 3)
[VERBATIM] DIAGNOSIS turning block executed
[DIAG] _turn_input = 0.0
[DIAG] _poll_controls: ENTER, state=3
[VERBATIM] POLL: _poll_controls() entered, game_state=3
[VERBATIM] POLL: checking deploy state=3 canopy=true
[DEBUG] _input (build_terrain) called, event=InputEventMouseMotion: button_mask=0, position=((198.0, 40.0)), relative=((-1.0, 1.0)), velocity=((-67.10419, 134.2084)), pressure=0.00, tilt=((0.0, 0.0)), pen_inverted=(false)
[AUDIT] poll_forensic_hud: ENTER
[DIAG] _physics_process: ENTER, state=3
[DIAG] _physics_process: camera target set to character (state: 3)
[VERBATIM] DIAGNOSIS turning block executed
[DIAG] _turn_input = 0.0
[DIAG] _poll_controls: ENTER, state=3
[VERBATIM] POLL: _poll_controls() entered, game_state=3
[VERBATIM] POLL: checking deploy state=3 canopy=true
[DEBUG] _input (build_terrain) called, event=InputEventMouseMotion: button_mask=0, position=((196.0, 41.0)), relative=((-2.0, 1.0)), velocity=((-67.10419, 134.2084)), pressure=0.00, tilt=((0.0, 0.0)), pen_inverted=(false)
[AUDIT] poll_forensic_hud: ENTER
[DIAG] _physics_process: ENTER, state=3
[DIAG] _physics_process: camera target set to character (state: 3)
[VERBATIM] DIAGNOSIS turning block executed
[DIAG] _turn_input = 0.0
[DIAG] _poll_controls: ENTER, state=3
[VERBATIM] POLL: _poll_controls() entered, game_state=3
[VERBATIM] POLL: checking deploy state=3 canopy=true
[DEBUG] _input (build_terrain) called, event=InputEventMouseMotion: button_mask=0, position=((195.0, 42.0)), relative=((-1.0, 1.0)), velocity=((-67.10419, 134.2084)), pressure=0.00, tilt=((0.0, 0.0)), pen_inverted=(false)
[AUDIT] poll_forensic_hud: ENTER
[DIAG] _physics_process: ENTER, state=3
[DIAG] _physics_process: camera target set to character (state: 3)
[VERBATIM] DIAGNOSIS turning block executed
[DIAG] _turn_input = 0.0
[DIAG] _poll_controls: ENTER, state=3
[VERBATIM] POLL: _poll_controls() entered, game_state=3
[VERBATIM] POLL: checking deploy state=3 canopy=true
[DEBUG] _input (build_terrain) called, event=InputEventMouseMotion: button_mask=0, position=((194.0, 43.0)), relative=((-1.0, 1.0)), velocity=((-67.10419, 134.2084)), pressure=0.00, tilt=((0.0, 0.0)), pen_inverted=(false)
[AUDIT] poll_forensic_hud: ENTER
[DIAG] _physics_process: ENTER, state=3
[DIAG] _physics_process: camera target set to character (state: 3)
[VERBATIM] DIAGNOSIS turning block executed
[DIAG] _turn_input = 0.0
[DIAG] _poll_controls: ENTER, state=3
[VERBATIM] POLL: _poll_controls() entered, game_state=3
[VERBATIM] POLL: checking deploy state=3 canopy=true
[AUDIT] poll_forensic_hud: ENTER
[DIAG] _physics_process: ENTER, state=3
[DIAG] _physics_process: camera target set to character (state: 3)
[VERBATIM] DIAGNOSIS turning block executed
[DIAG] _turn_input = 0.0
[DIAG] _poll_controls: ENTER, state=3
[VERBATIM] POLL: _poll_controls() entered, game_state=3
[VERBATIM] POLL: checking deploy state=3 canopy=true
[AUDIT] poll_forensic_hud: ENTER
[DIAG] _physics_process: ENTER, state=3
[DIAG] _physics_process: camera target set to character (state: 3)
[GLIDE],4.63333333333332,0.0,0.0,0.0,0.0,11.0,0.0,0.0,4.23076923076923,2.6,802.077819824219,73.7619018554688,26.4
[VERBATIM] DIAGNOSIS turning block executed
[DIAG] _turn_input = 0.0
[DIAG] _poll_controls: ENTER, state=3
[VERBATIM] POLL: _poll_controls() entered, game_state=3
[VERBATIM] POLL: checking deploy state=3 canopy=true
[DEBUG] _input (build_terrain) called, event=InputEventMouseButton: button_index=1, mods=none, pressed=true, canceled=false, position=((194.0, 43.0)), button_mask=1, double_click=false
[PIP] drag start offset=(184.0, 33.0)
[DEBUG] _input (build_terrain) called, event=InputEventMouseMotion: button_mask=1 (Left Mouse Button), position=((194.0, 44.0)), relative=((0.0, 1.0)), velocity=((-67.10419, 134.2084)), pressure=1.00, tilt=((0.0, 0.0)), pen_inverted=(false)
[AUDIT] poll_forensic_hud: ENTER
[AUDIT] _panel_rect: ENTER
[DIAG] _physics_process: ENTER, state=3
[DIAG] _physics_process: camera target set to character (state: 3)
[VERBATIM] DIAGNOSIS turning block executed
[DIAG] _turn_input = 0.0
[DIAG] _poll_controls: ENTER, state=3
[VERBATIM] POLL: _poll_controls() entered, game_state=3
[VERBATIM] POLL: checking deploy state=3 canopy=true
[DEBUG] _input (build_terrain) called, event=InputEventMouseMotion: button_mask=1 (Left Mouse Button), position=((195.0, 55.0)), relative=((1.0, 11.0)), velocity=((-42.846, 42.846)), pressure=1.00, tilt=((0.0, 0.0)), pen_inverted=(false)
[AUDIT] poll_forensic_hud: ENTER
[AUDIT] _panel_rect: ENTER
[DIAG] _physics_process: ENTER, state=3
[DIAG] _physics_process: camera target set to character (state: 3)
[VERBATIM] DIAGNOSIS turning block executed
[DIAG] _turn_input = 0.0
[DIAG] _poll_controls: ENTER, state=3
[VERBATIM] POLL: _poll_controls() entered, game_state=3
[VERBATIM] POLL: checking deploy state=3 canopy=true
[DEBUG] _input (build_terrain) called, event=InputEventMouseMotion: button_mask=1 (Left Mouse Button), position=((211.0, 91.0)), relative=((16.0, 36.0)), velocity=((-42.846, 42.846)), pressure=1.00, tilt=((0.0, 0.0)), pen_inverted=(false)
[AUDIT] poll_forensic_hud: ENTER
[AUDIT] _panel_rect: ENTER
[DIAG] _physics_process: ENTER, state=3
[DIAG] _physics_process: camera target set to character (state: 3)
[VERBATIM] DIAGNOSIS turning block executed
[DIAG] _turn_input = 0.0
[DIAG] _poll_controls: ENTER, state=3
[VERBATIM] POLL: _poll_controls() entered, game_state=3
[VERBATIM] POLL: checking deploy state=3 canopy=true
[DEBUG] _input (build_terrain) called, event=InputEventMouseMotion: button_mask=1 (Left Mouse Button), position=((235.0, 133.0)), relative=((24.0, 42.0)), velocity=((-42.846, 42.846)), pressure=1.00, tilt=((0.0, 0.0)), pen_inverted=(false)
[AUDIT] poll_forensic_hud: ENTER
[AUDIT] _panel_rect: ENTER
[DIAG] _physics_process: ENTER, state=3
[DIAG] _physics_process: camera target set to character (state: 3)
[VERBATIM] DIAGNOSIS turning block executed
[DIAG] _turn_input = 0.0
[DIAG] _poll_controls: ENTER, state=3
[VERBATIM] POLL: _poll_controls() entered, game_state=3
[VERBATIM] POLL: checking deploy state=3 canopy=true
[DEBUG] _input (build_terrain) called, event=InputEventMouseMotion: button_mask=1 (Left Mouse Button), position=((257.0, 177.0)), relative=((22.0, 44.0)), velocity=((-42.846, 42.846)), pressure=1.00, tilt=((0.0, 0.0)), pen_inverted=(false)
[AUDIT] poll_forensic_hud: ENTER
[AUDIT] _panel_rect: ENTER
[DIAG] _physics_process: ENTER, state=3
[DIAG] _physics_process: camera target set to character (state: 3)
[VERBATIM] DIAGNOSIS turning block executed
[DIAG] _turn_input = 0.0
[DIAG] _poll_controls: ENTER, state=3
[VERBATIM] POLL: _poll_controls() entered, game_state=3
[VERBATIM] POLL: checking deploy state=3 canopy=true
[DEBUG] _input (build_terrain) called, event=InputEventMouseMotion: button_mask=1 (Left Mouse Button), position=((277.0, 217.0)), relative=((20.0, 40.0)), velocity=((-42.846, 42.846)), pressure=1.00, tilt=((0.0, 0.0)), pen_inverted=(false)
[AUDIT] poll_forensic_hud: ENTER
[AUDIT] _panel_rect: ENTER
[DIAG] _physics_process: ENTER, state=3
[DIAG] _physics_process: camera target set to character (state: 3)
[VERBATIM] DIAGNOSIS turning block executed
[DIAG] _turn_input = 0.0
[DIAG] _poll_controls: ENTER, state=3
[VERBATIM] POLL: _poll_controls() entered, game_state=3
[VERBATIM] POLL: checking deploy state=3 canopy=true
[VERBATIM] Wind updated: 12.5 kts @ 240.0°
[DEBUG] _input (build_terrain) called, event=InputEventMouseMotion: button_mask=1 (Left Mouse Button), position=((297.0, 248.0)), relative=((20.0, 31.0)), velocity=((-42.846, 42.846)), pressure=1.00, tilt=((0.0, 0.0)), pen_inverted=(false)
[AUDIT] poll_forensic_hud: ENTER
[AUDIT] _panel_rect: ENTER
[DIAG] _physics_process: ENTER, state=3
[DIAG] _physics_process: camera target set to character (state: 3)
[VERBATIM] DIAGNOSIS turning block executed
[DIAG] _turn_input = 0.0
[DIAG] _poll_controls: ENTER, state=3
[VERBATIM] POLL: _poll_controls() entered, game_state=3
[VERBATIM] POLL: checking deploy state=3 canopy=true
[DEBUG] _input (build_terrain) called, event=InputEventMouseMotion: button_mask=1 (Left Mouse Button), position=((308.0, 287.0)), relative=((11.0, 39.0)), velocity=((-42.846, 42.846)), pressure=1.00, tilt=((0.0, 0.0)), pen_inverted=(false)
[AUDIT] poll_forensic_hud: ENTER
[AUDIT] _panel_rect: ENTER
[DIAG] _physics_process: ENTER, state=3
[DIAG] _physics_process: camera target set to character (state: 3)
[VERBATIM] DIAGNOSIS turning block executed
[DIAG] _turn_input = 0.0
[DIAG] _poll_controls: ENTER, state=3
[VERBATIM] POLL: _poll_controls() entered, game_state=3
[VERBATIM] POLL: checking deploy state=3 canopy=true
[DEBUG] _input (build_terrain) called, event=InputEventMouseMotion: button_mask=1 (Left Mouse Button), position=((320.0, 321.0)), relative=((12.0, 34.0)), velocity=((993.0573, 2116.78)), pressure=1.00, tilt=((0.0, 0.0)), pen_inverted=(false)
[AUDIT] poll_forensic_hud: ENTER
[AUDIT] _panel_rect: ENTER
[DIAG] _physics_process: ENTER, state=3
[DIAG] _physics_process: camera target set to character (state: 3)
[VERBATIM] DIAGNOSIS turning block executed
[DIAG] _turn_input = 0.0
[DIAG] _poll_controls: ENTER, state=3
[VERBATIM] POLL: _poll_controls() entered, game_state=3
[VERBATIM] POLL: checking deploy state=3 canopy=true
[DEBUG] _input (build_terrain) called, event=InputEventMouseMotion: button_mask=1 (Left Mouse Button), position=((326.0, 345.0)), relative=((6.0, 24.0)), velocity=((993.0573, 2116.78)), pressure=1.00, tilt=((0.0, 0.0)), pen_inverted=(false)
[AUDIT] poll_forensic_hud: ENTER
[AUDIT] _panel_rect: ENTER
[DIAG] _physics_process: ENTER, state=3
[DIAG] _physics_process: camera target set to character (state: 3)
[VERBATIM] DIAGNOSIS turning block executed
[DIAG] _turn_input = 0.0
[DIAG] _poll_controls: ENTER, state=3
[VERBATIM] POLL: _poll_controls() entered, game_state=3
[VERBATIM] POLL: checking deploy state=3 canopy=true
[DEBUG] _input (build_terrain) called, event=InputEventMouseMotion: button_mask=1 (Left Mouse Button), position=((333.0, 379.0)), relative=((7.0, 34.0)), velocity=((993.0573, 2116.78)), pressure=1.00, tilt=((0.0, 0.0)), pen_inverted=(false)
[AUDIT] poll_forensic_hud: ENTER
[AUDIT] _panel_rect: ENTER
[DIAG] _physics_process: ENTER, state=3
[DIAG] _physics_process: camera target set to character (state: 3)
[VERBATIM] DIAGNOSIS turning block executed
[DIAG] _turn_input = 0.0
[DIAG] _poll_controls: ENTER, state=3
[VERBATIM] POLL: _poll_controls() entered, game_state=3
[VERBATIM] POLL: checking deploy state=3 canopy=true
[DEBUG] _input (build_terrain) called, event=InputEventMouseMotion: button_mask=1 (Left Mouse Button), position=((345.0, 423.0)), relative=((12.0, 44.0)), velocity=((993.0573, 2116.78)), pressure=1.00, tilt=((0.0, 0.0)), pen_inverted=(false)
[AUDIT] poll_forensic_hud: ENTER
[AUDIT] _panel_rect: ENTER
[DIAG] _physics_process: ENTER, state=3
[DIAG] _physics_process: camera target set to character (state: 3)
[VERBATIM] DIAGNOSIS turning block executed
[DIAG] _turn_input = 0.0
[DIAG] _poll_controls: ENTER, state=3
[VERBATIM] POLL: _poll_controls() entered, game_state=3
[VERBATIM] POLL: checking deploy state=3 canopy=true
[DEBUG] _input (build_terrain) called, event=InputEventMouseMotion: button_mask=1 (Left Mouse Button), position=((355.0, 465.0)), relative=((10.0, 42.0)), velocity=((993.0573, 2116.78)), pressure=1.00, tilt=((0.0, 0.0)), pen_inverted=(false)
[AUDIT] poll_forensic_hud: ENTER
[AUDIT] _panel_rect: ENTER
[DIAG] _physics_process: ENTER, state=3
[DIAG] _physics_process: camera target set to character (state: 3)
[VERBATIM] DIAGNOSIS turning block executed
[DIAG] _turn_input = 0.0
[DIAG] _poll_controls: ENTER, state=3
[VERBATIM] POLL: _poll_controls() entered, game_state=3
[VERBATIM] POLL: checking deploy state=3 canopy=true
[DEBUG] _input (build_terrain) called, event=InputEventMouseMotion: button_mask=1 (Left Mouse Button), position=((357.0, 479.0)), relative=((2.0, 14.0)), velocity=((993.0573, 2116.78)), pressure=1.00, tilt=((0.0, 0.0)), pen_inverted=(false)
[AUDIT] poll_forensic_hud: ENTER
[AUDIT] _panel_rect: ENTER
[DIAG] _physics_process: ENTER, state=3
[DIAG] _physics_process: camera target set to character (state: 3)
[VERBATIM] DIAGNOSIS turning block executed
[DIAG] _turn_input = 0.0
[DIAG] _poll_controls: ENTER, state=3
[VERBATIM] POLL: _poll_controls() entered, game_state=3
[VERBATIM] POLL: checking deploy state=3 canopy=true
[DEBUG] _input (build_terrain) called, event=InputEventMouseMotion: button_mask=1 (Left Mouse Button), position=((358.0, 483.0)), relative=((1.0, 4.0)), velocity=((993.0573, 2116.78)), pressure=1.00, tilt=((0.0, 0.0)), pen_inverted=(false)
[AUDIT] poll_forensic_hud: ENTER
[AUDIT] _panel_rect: ENTER
[DIAG] _physics_process: ENTER, state=3
[DIAG] _physics_process: camera target set to character (state: 3)
[VERBATIM] DIAGNOSIS turning block executed
[DIAG] _turn_input = 0.0
[DIAG] _poll_controls: ENTER, state=3
[VERBATIM] POLL: _poll_controls() entered, game_state=3
[VERBATIM] POLL: checking deploy state=3 canopy=true
[AUDIT] poll_forensic_hud: ENTER
[AUDIT] _panel_rect: ENTER
[DIAG] _physics_process: ENTER, state=3
[DIAG] _physics_process: camera target set to character (state: 3)
[WIND] speed 6.09192210381158 kts  dir 0°  gust 0.0  vec_ms (0.0, 0.0, 3.133953)
[VERBATIM] DIAGNOSIS turning block executed
[DIAG] _turn_input = 0.0
[DIAG] _poll_controls: ENTER, state=3
[VERBATIM] POLL: _poll_controls() entered, game_state=3
[VERBATIM] POLL: checking deploy state=3 canopy=true
[AUDIT] poll_forensic_hud: ENTER
[AUDIT] _panel_rect: ENTER
[DIAG] _physics_process: ENTER, state=3
[DIAG] _physics_process: camera target set to character (state: 3)
[VERBATIM] DIAGNOSIS turning block executed
[DIAG] _turn_input = 0.0
[DIAG] _poll_controls: ENTER, state=3
[VERBATIM] POLL: _poll_controls() entered, game_state=3
[VERBATIM] POLL: checking deploy state=3 canopy=true
[AUDIT] poll_forensic_hud: ENTER
[AUDIT] _panel_rect: ENTER
[DIAG] _physics_process: ENTER, state=3
[DIAG] _physics_process: camera target set to character (state: 3)
[VERBATIM] DIAGNOSIS turning block executed
[DIAG] _turn_input = 0.0
[DIAG] _poll_controls: ENTER, state=3
[VERBATIM] POLL: _poll_controls() entered, game_state=3
[VERBATIM] POLL: checking deploy state=3 canopy=true
[AUDIT] poll_forensic_hud: ENTER
[AUDIT] _panel_rect: ENTER
[DIAG] _physics_process: ENTER, state=3
[DIAG] _physics_process: camera target set to character (state: 3)
[VERBATIM] DIAGNOSIS turning block executed
[DIAG] _turn_input = 0.0
[DIAG] _poll_controls: ENTER, state=3
[VERBATIM] POLL: _poll_controls() entered, game_state=3
[VERBATIM] POLL: checking deploy state=3 canopy=true
[AUDIT] poll_forensic_hud: ENTER
[AUDIT] _panel_rect: ENTER
[DIAG] _physics_process: ENTER, state=3
[DIAG] _physics_process: camera target set to character (state: 3)
[VERBATIM] DIAGNOSIS turning block executed
[DIAG] _turn_input = 0.0
[DIAG] _poll_controls: ENTER, state=3
[VERBATIM] POLL: _poll_controls() entered, game_state=3
[VERBATIM] POLL: checking deploy state=3 canopy=true
[AUDIT] poll_forensic_hud: ENTER
[AUDIT] _panel_rect: ENTER
[DIAG] _physics_process: ENTER, state=3
[DIAG] _physics_process: camera target set to character (state: 3)
[VERBATIM] DIAGNOSIS turning block executed
[DIAG] _turn_input = 0.0
[DIAG] _poll_controls: ENTER, state=3
[VERBATIM] POLL: _poll_controls() entered, game_state=3
[VERBATIM] POLL: checking deploy state=3 canopy=true
[AUDIT] poll_forensic_hud: ENTER
[AUDIT] _panel_rect: ENTER
[DIAG] _physics_process: ENTER, state=3
[DIAG] _physics_process: camera target set to character (state: 3)
[VERBATIM] DIAGNOSIS turning block executed
[DIAG] _turn_input = 0.0
[DIAG] _poll_controls: ENTER, state=3
[VERBATIM] POLL: _poll_controls() entered, game_state=3
[VERBATIM] POLL: checking deploy state=3 canopy=true
[AUDIT] poll_forensic_hud: ENTER
[AUDIT] _panel_rect: ENTER
[DIAG] _physics_process: ENTER, state=3
[DIAG] _physics_process: camera target set to character (state: 3)
[VERBATIM] DIAGNOSIS turning block executed
[DIAG] _turn_input = 0.0
[DIAG] _poll_controls: ENTER, state=3
[VERBATIM] POLL: _poll_controls() entered, game_state=3
[VERBATIM] POLL: checking deploy state=3 canopy=true
[AUDIT] poll_forensic_hud: ENTER
[AUDIT] _panel_rect: ENTER
[DIAG] _physics_process: ENTER, state=3
[DIAG] _physics_process: camera target set to character (state: 3)
[VERBATIM] DIAGNOSIS turning block executed
[DIAG] _turn_input = 0.0
[DIAG] _poll_controls: ENTER, state=3
[VERBATIM] POLL: _poll_controls() entered, game_state=3
[VERBATIM] POLL: checking deploy state=3 canopy=true
[AUDIT] poll_forensic_hud: ENTER
[AUDIT] _panel_rect: ENTER
[DIAG] _physics_process: ENTER, state=3
[DIAG] _physics_process: camera target set to character (state: 3)
[VERBATIM] DIAGNOSIS turning block executed
[DIAG] _turn_input = 0.0
[DIAG] _poll_controls: ENTER, state=3
[VERBATIM] POLL: _poll_controls() entered, game_state=3
[VERBATIM] POLL: checking deploy state=3 canopy=true
[DEBUG] _input (build_terrain) called, event=InputEventMouseButton: button_index=1, mods=none, pressed=false, canceled=false, position=((358.0, 483.0)), button_mask=0, double_click=false
[PIP] drag end position=(174.0, 450.0)
[VERBATIM] PiP position saved: (174.0, 450.0)
[PIP] position saved: (174.0, 450.0)
[AUDIT] poll_forensic_hud: ENTER
[DIAG] _physics_process: ENTER, state=3
[DIAG] _physics_process: camera target set to character (state: 3)
[VERBATIM] DIAGNOSIS turning block executed
[DIAG] _turn_input = 0.0
[DIAG] _poll_controls: ENTER, state=3
[VERBATIM] POLL: _poll_controls() entered, game_state=3
[VERBATIM] POLL: checking deploy state=3 canopy=true
[DEBUG] _input (build_terrain) called, event=InputEventMouseMotion: button_mask=0, position=((357.0, 482.0)), relative=((-1.0, -1.0)), velocity=((167.7363, 657.5262)), pressure=0.00, tilt=((0.0, 0.0)), pen_inverted=(false)
[AUDIT] poll_forensic_hud: ENTER
[DIAG] _physics_process: ENTER, state=3
[DIAG] _physics_process: camera target set to character (state: 3)
[VERBATIM] DIAGNOSIS turning block executed
[DIAG] _turn_input = 0.0
[DIAG] _poll_controls: ENTER, state=3
[VERBATIM] POLL: _poll_controls() entered, game_state=3
[VERBATIM] POLL: checking deploy state=3 canopy=true
[DEBUG] _input (build_terrain) called, event=InputEventMouseMotion: button_mask=0, position=((356.0, 481.0)), relative=((-1.0, -1.0)), velocity=((167.7363, 657.5262)), pressure=0.00, tilt=((0.0, 0.0)), pen_inverted=(false)
[AUDIT] poll_forensic_hud: ENTER
[DIAG] _physics_process: ENTER, state=3
[DIAG] _physics_process: camera target set to character (state: 3)
[VERBATIM] DIAGNOSIS turning block executed
[DIAG] _turn_input = 0.0
[DIAG] _poll_controls: ENTER, state=3
[VERBATIM] POLL: _poll_controls() entered, game_state=3
[VERBATIM] POLL: checking deploy state=3 canopy=true
[DEBUG] _input (build_terrain) called, event=InputEventMouseMotion: button_mask=0, position=((356.0, 478.0)), relative=((0.0, -3.0)), velocity=((167.7363, 657.5262)), pressure=0.00, tilt=((0.0, 0.0)), pen_inverted=(false)
[AUDIT] poll_forensic_hud: ENTER
[DIAG] _physics_process: ENTER, state=3
[DIAG] _physics_process: camera target set to character (state: 3)
[VERBATIM] DIAGNOSIS turning block executed
[DIAG] _turn_input = 0.0
[DIAG] _poll_controls: ENTER, state=3
[VERBATIM] POLL: _poll_controls() entered, game_state=3
[VERBATIM] POLL: checking deploy state=3 canopy=true
[DEBUG] _input (build_terrain) called, event=InputEventMouseMotion: button_mask=0, position=((361.0, 469.0)), relative=((5.0, -9.0)), velocity=((167.7363, 657.5262)), pressure=0.00, tilt=((0.0, 0.0)), pen_inverted=(false)
[AUDIT] poll_forensic_hud: ENTER
[DIAG] _physics_process: ENTER, state=3
[DIAG] _physics_process: camera target set to character (state: 3)
[VERBATIM] DIAGNOSIS turning block executed
[DIAG] _turn_input = 0.0
[DIAG] _poll_controls: ENTER, state=3
[VERBATIM] POLL: _poll_controls() entered, game_state=3
[VERBATIM] POLL: checking deploy state=3 canopy=true
[DEBUG] _input (build_terrain) called, event=InputEventMouseMotion: button_mask=0, position=((403.0, 436.0)), relative=((42.0, -33.0)), velocity=((167.7363, 657.5262)), pressure=0.00, tilt=((0.0, 0.0)), pen_inverted=(false)
[AUDIT] poll_forensic_hud: ENTER
[DIAG] _physics_process: ENTER, state=3
[DIAG] _physics_process: camera target set to character (state: 3)
[GLIDE],5.14999999999999,0.0,0.0,0.0,0.0,11.0,0.0,0.0,4.23076923076923,2.6,802.077819824219,79.4452667236328,26.4
[VERBATIM] DIAGNOSIS turning block executed
[DIAG] _turn_input = 0.0
[DIAG] _poll_controls: ENTER, state=3
[VERBATIM] POLL: _poll_controls() entered, game_state=3
[VERBATIM] POLL: checking deploy state=3 canopy=true
[DEBUG] _input (build_terrain) called, event=InputEventMouseMotion: button_mask=0, position=((457.0, 398.0)), relative=((54.0, -38.0)), velocity=((167.7363, 657.5262)), pressure=0.00, tilt=((0.0, 0.0)), pen_inverted=(false)
[AUDIT] poll_forensic_hud: ENTER
[DIAG] _physics_process: ENTER, state=3
[DIAG] _physics_process: camera target set to character (state: 3)
[VERBATIM] DIAGNOSIS turning block executed
[DIAG] _turn_input = 0.0
[DIAG] _poll_controls: ENTER, state=3
[VERBATIM] POLL: _poll_controls() entered, game_state=3
[VERBATIM] POLL: checking deploy state=3 canopy=true
[DEBUG] _input (build_terrain) called, event=InputEventMouseMotion: button_mask=0, position=((509.0, 348.0)), relative=((52.0, -50.0)), velocity=((167.7363, 657.5262)), pressure=0.00, tilt=((0.0, 0.0)), pen_inverted=(false)
[AUDIT] poll_forensic_hud: ENTER
[DIAG] _physics_process: ENTER, state=3
[DIAG] _physics_process: camera target set to character (state: 3)
[VERBATIM] DIAGNOSIS turning block executed
[DIAG] _turn_input = 0.0
[DIAG] _poll_controls: ENTER, state=3
[VERBATIM] POLL: _poll_controls() entered, game_state=3
[VERBATIM] POLL: checking deploy state=3 canopy=true
[DEBUG] _input (build_terrain) called, event=InputEventMouseMotion: button_mask=0, position=((545.0, 292.0)), relative=((36.0, -56.0)), velocity=((1298.143, -1160.591)), pressure=0.00, tilt=((0.0, 0.0)), pen_inverted=(false)
[AUDIT] poll_forensic_hud: ENTER
[DIAG] _physics_process: ENTER, state=3
[DIAG] _physics_process: camera target set to character (state: 3)
[VERBATIM] DIAGNOSIS turning block executed
[DIAG] _turn_input = 0.0
[DIAG] _poll_controls: ENTER, state=3
[VERBATIM] POLL: _poll_controls() entered, game_state=3
[VERBATIM] POLL: checking deploy state=3 canopy=true
[DEBUG] _input (build_terrain) called, event=InputEventMouseMotion: button_mask=0, position=((569.0, 246.0)), relative=((24.0, -46.0)), velocity=((1298.143, -1160.591)), pressure=0.00, tilt=((0.0, 0.0)), pen_inverted=(false)
[AUDIT] poll_forensic_hud: ENTER
[DIAG] _physics_process: ENTER, state=3
[DIAG] _physics_process: camera target set to character (state: 3)
[VERBATIM] DIAGNOSIS turning block executed
[DIAG] _turn_input = 0.0
[DIAG] _poll_controls: ENTER, state=3
[VERBATIM] POLL: _poll_controls() entered, game_state=3
[VERBATIM] POLL: checking deploy state=3 canopy=true
[DEBUG] _input (build_terrain) called, event=InputEventMouseMotion: button_mask=0, position=((578.0, 229.0)), relative=((9.0, -17.0)), velocity=((1298.143, -1160.591)), pressure=0.00, tilt=((0.0, 0.0)), pen_inverted=(false)
[AUDIT] poll_forensic_hud: ENTER
[DIAG] _physics_process: ENTER, state=3
[DIAG] _physics_process: camera target set to character (state: 3)
[VERBATIM] DIAGNOSIS turning block executed
[DIAG] _turn_input = 0.0
[DIAG] _poll_controls: ENTER, state=3
[VERBATIM] POLL: _poll_controls() entered, game_state=3
[VERBATIM] POLL: checking deploy state=3 canopy=true
[DEBUG] _input (build_terrain) called, event=InputEventMouseMotion: button_mask=0, position=((580.0, 224.0)), relative=((2.0, -5.0)), velocity=((1298.143, -1160.591)), pressure=0.00, tilt=((0.0, 0.0)), pen_inverted=(false)
[AUDIT] poll_forensic_hud: ENTER
[DIAG] _physics_process: ENTER, state=3
[DIAG] _physics_process: camera target set to character (state: 3)
[VERBATIM] DIAGNOSIS turning block executed
[DIAG] _turn_input = 0.0
[DIAG] _poll_controls: ENTER, state=3
[VERBATIM] POLL: _poll_controls() entered, game_state=3
[VERBATIM] POLL: checking deploy state=3 canopy=true
[DEBUG] _input (build_terrain) called, event=InputEventMouseMotion: button_mask=0, position=((580.0, 223.0)), relative=((0.0, -1.0)), velocity=((1298.143, -1160.591)), pressure=0.00, tilt=((0.0, 0.0)), pen_inverted=(false)
[AUDIT] poll_forensic_hud: ENTER
[DIAG] _physics_process: ENTER, state=3
[DIAG] _physics_process: camera target set to character (state: 3)
[VERBATIM] DIAGNOSIS turning block executed
[DIAG] _turn_input = 0.0
[DIAG] _poll_controls: ENTER, state=3
[VERBATIM] POLL: _poll_controls() entered, game_state=3
[VERBATIM] POLL: checking deploy state=3 canopy=true
[AUDIT] poll_forensic_hud: ENTER
[DIAG] _physics_process: ENTER, state=3
[DIAG] _physics_process: camera target set to character (state: 3)
[VERBATIM] DIAGNOSIS turning block executed
[DIAG] _turn_input = 0.0
[DIAG] _poll_controls: ENTER, state=3
[VERBATIM] POLL: _poll_controls() entered, game_state=3
[VERBATIM] POLL: checking deploy state=3 canopy=true
[AUDIT] poll_forensic_hud: ENTER
[DIAG] _physics_process: ENTER, state=3
[DIAG] _physics_process: camera target set to character (state: 3)
[VERBATIM] DIAGNOSIS turning block executed
[DIAG] _turn_input = 0.0
[DIAG] _poll_controls: ENTER, state=3
[VERBATIM] POLL: _poll_controls() entered, game_state=3
[VERBATIM] POLL: checking deploy state=3 canopy=true
[AUDIT] poll_forensic_hud: ENTER
[DIAG] _physics_process: ENTER, state=3
[DIAG] _physics_process: camera target set to character (state: 3)
[VERBATIM] DIAGNOSIS turning block executed
[DIAG] _turn_input = 0.0
[DIAG] _poll_controls: ENTER, state=3
[VERBATIM] POLL: _poll_controls() entered, game_state=3
[VERBATIM] POLL: checking deploy state=3 canopy=true
[AUDIT] poll_forensic_hud: ENTER
[DIAG] _physics_process: ENTER, state=3
[DIAG] _physics_process: camera target set to character (state: 3)
[VERBATIM] DIAGNOSIS turning block executed
[DIAG] _turn_input = 0.0
[DIAG] _poll_controls: ENTER, state=3
[VERBATIM] POLL: _poll_controls() entered, game_state=3
[VERBATIM] POLL: checking deploy state=3 canopy=true
[DEBUG] _input (build_terrain) called, event=InputEventMouseMotion: button_mask=0, position=((580.0, 221.0)), relative=((0.0, -2.0)), velocity=((476.1426, -838.2792)), pressure=0.00, tilt=((0.0, 0.0)), pen_inverted=(false)
[AUDIT] poll_forensic_hud: ENTER
[DIAG] _physics_process: ENTER, state=3
[DIAG] _physics_process: camera target set to character (state: 3)
[VERBATIM] DIAGNOSIS turning block executed
[DIAG] _turn_input = 0.0
[DIAG] _poll_controls: ENTER, state=3
[VERBATIM] POLL: _poll_controls() entered, game_state=3
[VERBATIM] POLL: checking deploy state=3 canopy=true
[DEBUG] _input (build_terrain) called, event=InputEventMouseMotion: button_mask=0, position=((580.0, 221.0)), relative=((0.0, 0.0)), velocity=((476.1426, -838.2792)), pressure=0.00, tilt=((0.0, 0.0)), pen_inverted=(false)
[AUDIT] poll_forensic_hud: ENTER
[DIAG] _physics_process: ENTER, state=3
[DIAG] _physics_process: camera target set to character (state: 3)
[VERBATIM] DIAGNOSIS turning block executed
[DIAG] _turn_input = 0.0
[DIAG] _poll_controls: ENTER, state=3
[VERBATIM] POLL: _poll_controls() entered, game_state=3
[VERBATIM] POLL: checking deploy state=3 canopy=true
[DEBUG] _input (build_terrain) called, event=InputEventMouseMotion: button_mask=0, position=((578.0, 219.0)), relative=((-2.0, -2.0)), velocity=((476.1426, -838.2792)), pressure=0.00, tilt=((0.0, 0.0)), pen_inverted=(false)
[AUDIT] poll_forensic_hud: ENTER
[DIAG] _physics_process: ENTER, state=3
[DIAG] _physics_process: camera target set to character (state: 3)
[VERBATIM] DIAGNOSIS turning block executed
[DIAG] _turn_input = 0.0
[DIAG] _poll_controls: ENTER, state=3
[VERBATIM] POLL: _poll_controls() entered, game_state=3
[VERBATIM] POLL: checking deploy state=3 canopy=true
[AUDIT] poll_forensic_hud: ENTER
[DIAG] _physics_process: ENTER, state=3
[DIAG] _physics_process: camera target set to character (state: 3)
[VERBATIM] DIAGNOSIS turning block executed
[DIAG] _turn_input = 0.0
[DIAG] _poll_controls: ENTER, state=3
[VERBATIM] POLL: _poll_controls() entered, game_state=3
[VERBATIM] POLL: checking deploy state=3 canopy=true
[DEBUG] _input (build_terrain) called, event=InputEventMouseMotion: button_mask=0, position=((578.0, 217.0)), relative=((0.0, -2.0)), velocity=((476.1426, -838.2792)), pressure=0.00, tilt=((0.0, 0.0)), pen_inverted=(false)
[AUDIT] poll_forensic_hud: ENTER
[DIAG] _physics_process: ENTER, state=3
[DIAG] _physics_process: camera target set to character (state: 3)
[VERBATIM] DIAGNOSIS turning block executed
[DIAG] _turn_input = 0.0
[DIAG] _poll_controls: ENTER, state=3
[VERBATIM] POLL: _poll_controls() entered, game_state=3
[VERBATIM] POLL: checking deploy state=3 canopy=true
[DEBUG] _input (build_terrain) called, event=InputEventMouseMotion: button_mask=0, position=((577.0, 216.0)), relative=((-1.0, -1.0)), velocity=((476.1426, -838.2792)), pressure=0.00, tilt=((0.0, 0.0)), pen_inverted=(false)
[AUDIT] poll_forensic_hud: ENTER
[DIAG] _physics_process: ENTER, state=3
[DIAG] _physics_process: camera target set to character (state: 3)
[VERBATIM] DIAGNOSIS turning block executed
[DIAG] _turn_input = 0.0
[DIAG] _poll_controls: ENTER, state=3
[VERBATIM] POLL: _poll_controls() entered, game_state=3
[VERBATIM] POLL: checking deploy state=3 canopy=true
[AUDIT] poll_forensic_hud: ENTER
[DIAG] _physics_process: ENTER, state=3
[DIAG] _physics_process: camera target set to character (state: 3)
[VERBATIM] DIAGNOSIS turning block executed
[DIAG] _turn_input = 0.0
[DIAG] _poll_controls: ENTER, state=3
[VERBATIM] POLL: _poll_controls() entered, game_state=3
[VERBATIM] POLL: checking deploy state=3 canopy=true
[AUDIT] poll_forensic_hud: ENTER
[DIAG] _physics_process: ENTER, state=3
[DIAG] _physics_process: camera target set to character (state: 3)
[VERBATIM] DIAGNOSIS turning block executed
[DIAG] _turn_input = 0.0
[DIAG] _poll_controls: ENTER, state=3
[VERBATIM] POLL: _poll_controls() entered, game_state=3
[VERBATIM] POLL: checking deploy state=3 canopy=true
[AUDIT] poll_forensic_hud: ENTER
[DIAG] _physics_process: ENTER, state=3
[DIAG] _physics_process: camera target set to character (state: 3)
[VERBATIM] DIAGNOSIS turning block executed
[DIAG] _turn_input = 0.0
[DIAG] _poll_controls: ENTER, state=3
[VERBATIM] POLL: _poll_controls() entered, game_state=3
[VERBATIM] POLL: checking deploy state=3 canopy=true
[AUDIT] poll_forensic_hud: ENTER
[DIAG] _physics_process: ENTER, state=3
[DIAG] _physics_process: camera target set to character (state: 3)
[VERBATIM] DIAGNOSIS turning block executed
[DIAG] _turn_input = 0.0
[DIAG] _poll_controls: ENTER, state=3
[VERBATIM] POLL: _poll_controls() entered, game_state=3
[VERBATIM] POLL: checking deploy state=3 canopy=true
[AUDIT] poll_forensic_hud: ENTER
[DIAG] _physics_process: ENTER, state=3
[DIAG] _physics_process: camera target set to character (state: 3)
[VERBATIM] DIAGNOSIS turning block executed
[DIAG] _turn_input = 0.0
[DIAG] _poll_controls: ENTER, state=3
[VERBATIM] POLL: _poll_controls() entered, game_state=3
[VERBATIM] POLL: checking deploy state=3 canopy=true
[AUDIT] poll_forensic_hud: ENTER
[DIAG] _physics_process: ENTER, state=3
[DIAG] _physics_process: camera target set to character (state: 3)
[VERBATIM] DIAGNOSIS turning block executed
[DIAG] _turn_input = 0.0
[DIAG] _poll_controls: ENTER, state=3
[VERBATIM] POLL: _poll_controls() entered, game_state=3
[VERBATIM] POLL: checking deploy state=3 canopy=true
[DEBUG] _input (build_terrain) called, event=InputEventMouseButton: button_index=2, mods=none, pressed=true, canceled=false, position=((577.0, 216.0)), button_mask=2, double_click=false
[AUDIT] poll_forensic_hud: ENTER
[DIAG] _physics_process: ENTER, state=3
[DIAG] _physics_process: camera target set to character (state: 3)
[VERBATIM] DIAGNOSIS turning block executed
[DIAG] _turn_input = 0.0
[DIAG] _poll_controls: ENTER, state=3
[VERBATIM] POLL: _poll_controls() entered, game_state=3
[VERBATIM] POLL: checking deploy state=3 canopy=true
[AUDIT] poll_forensic_hud: ENTER
[DIAG] _physics_process: ENTER, state=3
[DIAG] _physics_process: camera target set to character (state: 3)
[VERBATIM] DIAGNOSIS turning block executed
[DIAG] _turn_input = 0.0
[DIAG] _poll_controls: ENTER, state=3
[VERBATIM] POLL: _poll_controls() entered, game_state=3
[VERBATIM] POLL: checking deploy state=3 canopy=true
[AUDIT] poll_forensic_hud: ENTER
[DIAG] _physics_process: ENTER, state=3
[DIAG] _physics_process: camera target set to character (state: 3)
[VERBATIM] DIAGNOSIS turning block executed
[DIAG] _turn_input = 0.0
[DIAG] _poll_controls: ENTER, state=3
[VERBATIM] POLL: _poll_controls() entered, game_state=3
[VERBATIM] POLL: checking deploy state=3 canopy=true
[AUDIT] poll_forensic_hud: ENTER
[DIAG] _physics_process: ENTER, state=3
[DIAG] _physics_process: camera target set to character (state: 3)
[VERBATIM] DIAGNOSIS turning block executed
[DIAG] _turn_input = 0.0
[DIAG] _poll_controls: ENTER, state=3
[VERBATIM] POLL: _poll_controls() entered, game_state=3
[VERBATIM] POLL: checking deploy state=3 canopy=true
[AUDIT] poll_forensic_hud: ENTER
[DIAG] _physics_process: ENTER, state=3
[DIAG] _physics_process: camera target set to character (state: 3)
[VERBATIM] DIAGNOSIS turning block executed
[DIAG] _turn_input = 0.0
[DIAG] _poll_controls: ENTER, state=3
[VERBATIM] POLL: _poll_controls() entered, game_state=3
[VERBATIM] POLL: checking deploy state=3 canopy=true
[AUDIT] poll_forensic_hud: ENTER
[DIAG] _physics_process: ENTER, state=3
[DIAG] _physics_process: camera target set to character (state: 3)
[VERBATIM] DIAGNOSIS turning block executed
[DIAG] _turn_input = 0.0
[DIAG] _poll_controls: ENTER, state=3
[VERBATIM] POLL: _poll_controls() entered, game_state=3
[VERBATIM] POLL: checking deploy state=3 canopy=true
[AUDIT] poll_forensic_hud: ENTER
[DIAG] _physics_process: ENTER, state=3
[DIAG] _physics_process: camera target set to character (state: 3)
[VERBATIM] DIAGNOSIS turning block executed
[DIAG] _turn_input = 0.0
[DIAG] _poll_controls: ENTER, state=3
[VERBATIM] POLL: _poll_controls() entered, game_state=3
[VERBATIM] POLL: checking deploy state=3 canopy=true
[DEBUG] _input (build_terrain) called, event=InputEventMouseMotion: button_mask=2 (Right Mouse Button), position=((577.0, 215.0)), relative=((0.0, -1.0)), velocity=((-9.525927, -22.22716)), pressure=0.00, tilt=((0.0, 0.0)), pen_inverted=(false)
[DEBUG] Camera updated: pos=(799.7696, 1852.299, 23.96739) target=(799.7696, 1853.8, 19.19816)
[VERBATIM] cam_orbit az=0.0 el=17.4752127514901
[AUDIT] poll_forensic_hud: ENTER
[DIAG] _physics_process: ENTER, state=3
[DIAG] _physics_process: camera target set to character (state: 3)
[GLIDE],5.66666666666665,0.0,0.0,0.0,0.0,11.0,0.0,0.0,4.23076923076923,2.6,802.077819824219,85.1286315917969,26.4
[VERBATIM] DIAGNOSIS turning block executed
[DIAG] _turn_input = 0.0
[DIAG] _poll_controls: ENTER, state=3
[VERBATIM] POLL: _poll_controls() entered, game_state=3
[VERBATIM] POLL: checking deploy state=3 canopy=true
[AUDIT] poll_forensic_hud: ENTER
[DIAG] _physics_process: ENTER, state=3
[DIAG] _physics_process: camera target set to character (state: 3)
[VERBATIM] DIAGNOSIS turning block executed
[DIAG] _turn_input = 0.0
[DIAG] _poll_controls: ENTER, state=3
[VERBATIM] POLL: _poll_controls() entered, game_state=3
[VERBATIM] POLL: checking deploy state=3 canopy=true
[DEBUG] _input (build_terrain) called, event=InputEventMouseMotion: button_mask=2 (Right Mouse Button), position=((573.0, 193.0)), relative=((-4.0, -22.0)), velocity=((-9.525927, -22.22716)), pressure=0.00, tilt=((0.0, 0.0)), pen_inverted=(false)
[DEBUG] Camera updated: pos=(799.8611, 1851.784, 23.77282) target=(799.7696, 1853.8, 19.19816)
[VERBATIM] cam_orbit az=1.14591559026165 el=23.7777484979292
[AUDIT] poll_forensic_hud: ENTER
[DIAG] _physics_process: ENTER, state=3
[DIAG] _physics_process: camera target set to character (state: 3)
[VERBATIM] DIAGNOSIS turning block executed
[DIAG] _turn_input = 0.0
[DIAG] _poll_controls: ENTER, state=3
[VERBATIM] POLL: _poll_controls() entered, game_state=3
[VERBATIM] POLL: checking deploy state=3 canopy=true
[DEBUG] _input (build_terrain) called, event=InputEventMouseMotion: button_mask=2 (Right Mouse Button), position=((565.0, 163.0)), relative=((-8.0, -30.0)), velocity=((-9.525927, -22.22716)), pressure=0.00, tilt=((0.0, 0.0)), pen_inverted=(false)
[DEBUG] Camera updated: pos=(800.0228, 1851.123, 23.4135) target=(799.7696, 1853.8, 19.19816)
[VERBATIM] cam_orbit az=3.43774677078494 el=32.3721154248915
[AUDIT] poll_forensic_hud: ENTER
[DIAG] _physics_process: ENTER, state=3
[DIAG] _physics_process: camera target set to character (state: 3)
[VERBATIM] DIAGNOSIS turning block executed
[DIAG] _turn_input = 0.0
[DIAG] _poll_controls: ENTER, state=3
[VERBATIM] POLL: _poll_controls() entered, game_state=3
[VERBATIM] POLL: checking deploy state=3 canopy=true
[DEBUG] _input (build_terrain) called, event=InputEventMouseMotion: button_mask=2 (Right Mouse Button), position=((564.0, 131.0)), relative=((-1.0, -32.0)), velocity=((-9.525927, -22.22716)), pressure=0.00, tilt=((0.0, 0.0)), pen_inverted=(false)
[DEBUG] Camera updated: pos=(800.0127, 1850.484, 22.93275) target=(799.7696, 1853.8, 19.19816)
[VERBATIM] cam_orbit az=3.72422566835035 el=41.5394401469847
[AUDIT] poll_forensic_hud: ENTER
[DIAG] _physics_process: ENTER, state=3
[DIAG] _physics_process: camera target set to character (state: 3)
[VERBATIM] DIAGNOSIS turning block executed
[DIAG] _turn_input = 0.0
[DIAG] _poll_controls: ENTER, state=3
[VERBATIM] POLL: _poll_controls() entered, game_state=3
[VERBATIM] POLL: checking deploy state=3 canopy=true
[VERBATIM] Wind updated: 12.5 kts @ 240.0°
[DEBUG] _input (build_terrain) called, event=InputEventMouseMotion: button_mask=2 (Right Mouse Button), position=((554.0, 97.0)), relative=((-10.0, -34.0)), velocity=((-9.525927, -22.22716)), pressure=0.00, tilt=((0.0, 0.0)), pen_inverted=(false)
[DEBUG] Camera updated: pos=(800.1285, 1849.899, 22.30509) target=(799.7696, 1853.8, 19.19816)
[VERBATIM] cam_orbit az=6.58901464400447 el=51.2797226642087
[AUDIT] poll_forensic_hud: ENTER
[DIAG] _physics_process: ENTER, state=3
[DIAG] _physics_process: camera target set to character (state: 3)
[VERBATIM] DIAGNOSIS turning block executed
[DIAG] _turn_input = 0.0
[DIAG] _poll_controls: ENTER, state=3
[VERBATIM] POLL: _poll_controls() entered, game_state=3
[VERBATIM] POLL: checking deploy state=3 canopy=true
[DEBUG] _input (build_terrain) called, event=InputEventMouseMotion: button_mask=2 (Right Mouse Button), position=((550.0, 64.0)), relative=((-4.0, -33.0)), velocity=((-9.525927, -22.22716)), pressure=0.00, tilt=((0.0, 0.0)), pen_inverted=(false)
[DEBUG] Camera updated: pos=(800.0986, 1849.438, 21.62028) target=(799.7696, 1853.8, 19.19816)
[VERBATIM] cam_orbit az=7.73493023426611 el=60.7335262838673
[AUDIT] poll_forensic_hud: ENTER
[DIAG] _physics_process: ENTER, state=3
[DIAG] _physics_process: camera target set to character (state: 3)
[VERBATIM] DIAGNOSIS turning block executed
[DIAG] _turn_input = 0.0
[DIAG] _poll_controls: ENTER, state=3
[VERBATIM] POLL: _poll_controls() entered, game_state=3
[VERBATIM] POLL: checking deploy state=3 canopy=true
[DEBUG] _input (build_terrain) called, event=InputEventMouseMotion: button_mask=2 (Right Mouse Button), position=((548.0, 48.0)), relative=((-2.0, -16.0)), velocity=((-231.0417, -1300.679)), pressure=0.00, tilt=((0.0, 0.0)), pen_inverted=(false)
[DEBUG] Camera updated: pos=(800.0713, 1849.257, 21.26422) target=(799.7696, 1853.8, 19.19816)
[VERBATIM] cam_orbit az=8.30788802939694 el=65.3171886449139
[AUDIT] poll_forensic_hud: ENTER
[PIPLIVE] eye=(802.0778, 1819.378, 86.22864) state=3 deployed=true framing=canopy
[DIAG] _physics_process: ENTER, state=3
[DIAG] _physics_process: camera target set to character (state: 3)
[VERBATIM] DIAGNOSIS turning block executed
[DIAG] _turn_input = 0.0
[DIAG] _poll_controls: ENTER, state=3
[VERBATIM] POLL: _poll_controls() entered, game_state=3
[VERBATIM] POLL: checking deploy state=3 canopy=true
[DEBUG] _input (build_terrain) called, event=InputEventMouseMotion: button_mask=2 (Right Mouse Button), position=((540.0, 0.0)), relative=((-8.0, -48.0)), velocity=((-3.736614, -29.89291)), pressure=0.00, tilt=((0.0, 0.0)), pen_inverted=(false)
[DEBUG] Camera updated: pos=(800.0156, 1848.982, 20.51283) target=(799.7696, 1853.8, 19.19816)
[VERBATIM] cam_orbit az=10.5997192099202 el=74.484513367007
[DEBUG] _input (build_terrain) called, event=InputEventMouseMotion: button_mask=2 (Right Mouse Button), position=((534.0, -59.0)), relative=((-6.0, -59.0)), velocity=((-3.736614, -29.89291)), pressure=0.00, tilt=((0.0, 0.0)), pen_inverted=(false)
[DEBUG] Camera updated: pos=(800.0549, 1848.982, 20.50486) target=(799.7696, 1853.8, 19.19816)
[VERBATIM] cam_orbit az=12.3185925953127 el=74.484513367007
[AUDIT] poll_forensic_hud: ENTER
[DIAG] _physics_process: ENTER, state=3
[DIAG] _physics_process: camera target set to character (state: 3)
[VERBATIM] DIAGNOSIS turning block executed
[DIAG] _turn_input = 0.0
[AUDIT] poll_forensic_hud: ENTER
[DIAG] _physics_process: ENTER, state=3
[DIAG] _physics_process: camera target set to character (state: 3)
[VERBATIM] DIAGNOSIS turning block executed
[DIAG] _turn_input = 0.0
[AUDIT] poll_forensic_hud: ENTER
[DIAG] _physics_process: ENTER, state=3
[DIAG] _physics_process: camera target set to character (state: 3)
[VERBATIM] DIAGNOSIS turning block executed
[DIAG] _turn_input = 0.0
[AUDIT] poll_forensic_hud: ENTER
[DIAG] _physics_process: ENTER, state=3
[DIAG] _physics_process: camera target set to character (state: 3)
[VERBATIM] DIAGNOSIS turning block executed
[DIAG] _turn_input = 0.0
[AUDIT] poll_forensic_hud: ENTER
[DIAG] _physics_process: ENTER, state=3
[DIAG] _physics_process: camera target set to character (state: 3)
[VERBATIM] DIAGNOSIS turning block executed
[DIAG] _turn_input = 0.0
[AUDIT] poll_forensic_hud: ENTER
[DIAG] _physics_process: ENTER, state=3
[DIAG] _physics_process: camera target set to character (state: 3)
[VERBATIM] DIAGNOSIS turning block executed
[DIAG] _turn_input = 0.0
[AUDIT] poll_forensic_hud: ENTER
[DIAG] _physics_process: ENTER, state=3
[DIAG] _physics_process: camera target set to character (state: 3)
[VERBATIM] DIAGNOSIS turning block executed
[DIAG] _turn_input = 0.0
[AUDIT] poll_forensic_hud: ENTER
[DIAG] _physics_process: ENTER, state=3
[DIAG] _physics_process: camera target set to character (state: 3)
[VERBATIM] DIAGNOSIS turning block executed
[DIAG] _turn_input = 0.0
[DIAG] _poll_controls: ENTER, state=3
[VERBATIM] POLL: _poll_controls() entered, game_state=3
[VERBATIM] POLL: checking deploy state=3 canopy=true
[AUDIT] poll_forensic_hud: ENTER
[DIAG] _physics_process: ENTER, state=3
[DIAG] _physics_process: camera target set to character (state: 3)
[VERBATIM] DIAGNOSIS turning block executed
[DIAG] _turn_input = 0.0
[DIAG] _poll_controls: ENTER, state=3
[VERBATIM] POLL: _poll_controls() entered, game_state=3
[VERBATIM] POLL: checking deploy state=3 canopy=true
[AUDIT] poll_forensic_hud: ENTER
[DIAG] _physics_process: ENTER, state=3
[DIAG] _physics_process: camera target set to character (state: 3)
[VERBATIM] DIAGNOSIS turning block executed
[DIAG] _turn_input = 0.0
[DIAG] _poll_controls: ENTER, state=3
[VERBATIM] POLL: _poll_controls() entered, game_state=3
[VERBATIM] POLL: checking deploy state=3 canopy=true
[DEBUG] _input (build_terrain) called, event=InputEventMouseButton: button_index=2, mods=none, pressed=false, canceled=false, position=((534.0, -59.0)), button_mask=0, double_click=false
[CAMERA] Saved camera distance to DB (camera_distance_freefall): 5.0
[AUDIT] poll_forensic_hud: ENTER
[DIAG] _physics_process: ENTER, state=3
[DIAG] _physics_process: camera target set to character (state: 3)
[VERBATIM] DIAGNOSIS turning block executed
[DIAG] _turn_input = 0.0
[AUDIT] poll_forensic_hud: ENTER
[DIAG] _physics_process: ENTER, state=3
[DIAG] _physics_process: camera target set to character (state: 3)
[VERBATIM] DIAGNOSIS turning block executed
[DIAG] _turn_input = 0.0
[AUDIT] poll_forensic_hud: ENTER
[DIAG] _physics_process: ENTER, state=3
[DIAG] _physics_process: camera target set to character (state: 3)
[VERBATIM] DIAGNOSIS turning block executed
[DIAG] _turn_input = 0.0
[AUDIT] poll_forensic_hud: ENTER
[DIAG] _physics_process: ENTER, state=3
[DIAG] _physics_process: camera target set to character (state: 3)
[VERBATIM] DIAGNOSIS turning block executed
[DIAG] _turn_input = 0.0
[AUDIT] poll_forensic_hud: ENTER
[DIAG] _physics_process: ENTER, state=3
[DIAG] _physics_process: camera target set to character (state: 3)
[VERBATIM] DIAGNOSIS turning block executed
[DIAG] _turn_input = 0.0
[DIAG] _poll_controls: ENTER, state=3
[VERBATIM] POLL: _poll_controls() entered, game_state=3
[VERBATIM] POLL: checking deploy state=3 canopy=true
[AUDIT] poll_forensic_hud: ENTER
[DIAG] _physics_process: ENTER, state=3
[DIAG] _physics_process: camera target set to character (state: 3)
[VERBATIM] DIAGNOSIS turning block executed
[DIAG] _turn_input = 0.0
[AUDIT] poll_forensic_hud: ENTER
[DIAG] _physics_process: ENTER, state=3
[DIAG] _physics_process: camera target set to character (state: 3)
[VERBATIM] DIAGNOSIS turning block executed
[DIAG] _turn_input = 0.0
[DIAG] _poll_controls: ENTER, state=3
[VERBATIM] POLL: _poll_controls() entered, game_state=3
[VERBATIM] POLL: checking deploy state=3 canopy=true
[AUDIT] poll_forensic_hud: ENTER
[DIAG] _physics_process: ENTER, state=3
[DIAG] _physics_process: camera target set to character (state: 3)
[VERBATIM] DIAGNOSIS turning block executed
[DIAG] _turn_input = 0.0
[DIAG] _poll_controls: ENTER, state=3
[VERBATIM] POLL: _poll_controls() entered, game_state=3
[VERBATIM] POLL: checking deploy state=3 canopy=true
[AUDIT] poll_forensic_hud: ENTER
[DIAG] _physics_process: ENTER, state=3
[DIAG] _physics_process: camera target set to character (state: 3)
[VERBATIM] DIAGNOSIS turning block executed
[DIAG] _turn_input = 0.0
[DIAG] _poll_controls: ENTER, state=3
[VERBATIM] POLL: _poll_controls() entered, game_state=3
[VERBATIM] POLL: checking deploy state=3 canopy=true
[AUDIT] poll_forensic_hud: ENTER
[DIAG] _physics_process: ENTER, state=3
[DIAG] _physics_process: camera target set to character (state: 3)
[VERBATIM] DIAGNOSIS turning block executed
[DIAG] _turn_input = 0.0
[DIAG] _poll_controls: ENTER, state=3
[VERBATIM] POLL: _poll_controls() entered, game_state=3
[VERBATIM] POLL: checking deploy state=3 canopy=true
[AUDIT] poll_forensic_hud: ENTER
[DIAG] _physics_process: ENTER, state=3
[DIAG] _physics_process: camera target set to character (state: 3)
[VERBATIM] DIAGNOSIS turning block executed
[DIAG] _turn_input = 0.0
[DIAG] _poll_controls: ENTER, state=3
[VERBATIM] POLL: _poll_controls() entered, game_state=3
[VERBATIM] POLL: checking deploy state=3 canopy=true
[AUDIT] poll_forensic_hud: ENTER
[DIAG] _physics_process: ENTER, state=3
[DIAG] _physics_process: camera target set to character (state: 3)
[VERBATIM] DIAGNOSIS turning block executed
[DIAG] _turn_input = 0.0
[DIAG] _poll_controls: ENTER, state=3
[VERBATIM] POLL: _poll_controls() entered, game_state=3
[VERBATIM] POLL: checking deploy state=3 canopy=true
[AUDIT] poll_forensic_hud: ENTER
[DIAG] _physics_process: ENTER, state=3
[DIAG] _physics_process: camera target set to character (state: 3)
[VERBATIM] DIAGNOSIS turning block executed
[DIAG] _turn_input = 0.0
[DIAG] _poll_controls: ENTER, state=3
[VERBATIM] POLL: _poll_controls() entered, game_state=3
[VERBATIM] POLL: checking deploy state=3 canopy=true
[AUDIT] poll_forensic_hud: ENTER
[DIAG] _physics_process: ENTER, state=3
[DIAG] _physics_process: camera target set to character (state: 3)
[GLIDE],6.18333333333332,0.0,0.0,0.0,0.0,11.0,0.0,0.0,4.23076923076923,2.6,802.077819824219,90.8119964599609,26.4
[VERBATIM] DIAGNOSIS turning block executed
[DIAG] _turn_input = 0.0
[DIAG] _poll_controls: ENTER, state=3
[VERBATIM] POLL: _poll_controls() entered, game_state=3
[VERBATIM] POLL: checking deploy state=3 canopy=true
[AUDIT] poll_forensic_hud: ENTER
[DIAG] _physics_process: ENTER, state=3
[DIAG] _physics_process: camera target set to character (state: 3)
[VERBATIM] DIAGNOSIS turning block executed
[DIAG] _turn_input = 0.0
[DIAG] _poll_controls: ENTER, state=3
[VERBATIM] POLL: _poll_controls() entered, game_state=3
[VERBATIM] POLL: checking deploy state=3 canopy=true
[AUDIT] poll_forensic_hud: ENTER
[DIAG] _physics_process: ENTER, state=3
[DIAG] _physics_process: camera target set to character (state: 3)
[VERBATIM] DIAGNOSIS turning block executed
[DIAG] _turn_input = 0.0
[DIAG] _poll_controls: ENTER, state=3
[VERBATIM] POLL: _poll_controls() entered, game_state=3
[VERBATIM] POLL: checking deploy state=3 canopy=true
[AUDIT] poll_forensic_hud: ENTER
[DIAG] _physics_process: ENTER, state=3
[DIAG] _physics_process: camera target set to character (state: 3)
[VERBATIM] DIAGNOSIS turning block executed
[DIAG] _turn_input = 0.0
[DIAG] _poll_controls: ENTER, state=3
[VERBATIM] POLL: _poll_controls() entered, game_state=3
[VERBATIM] POLL: checking deploy state=3 canopy=true
[AUDIT] poll_forensic_hud: ENTER
[DIAG] _physics_process: ENTER, state=3
[DIAG] _physics_process: camera target set to character (state: 3)
[VERBATIM] DIAGNOSIS turning block executed
[DIAG] _turn_input = 0.0
[DIAG] _poll_controls: ENTER, state=3
[VERBATIM] POLL: _poll_controls() entered, game_state=3
[VERBATIM] POLL: checking deploy state=3 canopy=true
[DEBUG] _input (build_terrain) called, event=InputEventMouseMotion: button_mask=0, position=((537.0, 0.0)), relative=((3.0, 59.0)), velocity=((-42.90464, -327.9141)), pressure=0.00, tilt=((0.0, 0.0)), pen_inverted=(false)
[AUDIT] poll_forensic_hud: ENTER
[DIAG] _physics_process: ENTER, state=3
[DIAG] _physics_process: camera target set to character (state: 3)
[VERBATIM] DIAGNOSIS turning block executed
[DIAG] _turn_input = 0.0
[DIAG] _poll_controls: ENTER, state=3
[VERBATIM] POLL: _poll_controls() entered, game_state=3
[VERBATIM] POLL: checking deploy state=3 canopy=true
[DEBUG] _input (build_terrain) called, event=InputEventMouseMotion: button_mask=0, position=((540.0, 11.0)), relative=((3.0, 11.0)), velocity=((-42.90464, -327.9141)), pressure=0.00, tilt=((0.0, 0.0)), pen_inverted=(false)
[AUDIT] poll_forensic_hud: ENTER
[DIAG] _physics_process: ENTER, state=3
[DIAG] _physics_process: camera target set to character (state: 3)
[VERBATIM] DIAGNOSIS turning block executed
[DIAG] _turn_input = 0.0
[DIAG] _poll_controls: ENTER, state=3
[VERBATIM] POLL: _poll_controls() entered, game_state=3
[VERBATIM] POLL: checking deploy state=3 canopy=true
[DEBUG] _input (build_terrain) called, event=InputEventMouseMotion: button_mask=0, position=((550.0, 26.0)), relative=((10.0, 15.0)), velocity=((-42.90464, -327.9141)), pressure=0.00, tilt=((0.0, 0.0)), pen_inverted=(false)
[AUDIT] poll_forensic_hud: ENTER
[DIAG] _physics_process: ENTER, state=3
[DIAG] _physics_process: camera target set to character (state: 3)
[VERBATIM] DIAGNOSIS turning block executed
[DIAG] _turn_input = 0.0
[DIAG] _poll_controls: ENTER, state=3
[VERBATIM] POLL: _poll_controls() entered, game_state=3
[VERBATIM] POLL: checking deploy state=3 canopy=true
[DEBUG] _input (build_terrain) called, event=InputEventMouseMotion: button_mask=0, position=((559.0, 36.0)), relative=((9.0, 10.0)), velocity=((-42.90464, -327.9141)), pressure=0.00, tilt=((0.0, 0.0)), pen_inverted=(false)
[AUDIT] poll_forensic_hud: ENTER
[DIAG] _physics_process: ENTER, state=3
[DIAG] _physics_process: camera target set to character (state: 3)
[VERBATIM] DIAGNOSIS turning block executed
[DIAG] _turn_input = 0.0
[DIAG] _poll_controls: ENTER, state=3
[VERBATIM] POLL: _poll_controls() entered, game_state=3
[VERBATIM] POLL: checking deploy state=3 canopy=true
[DEBUG] _input (build_terrain) called, event=InputEventMouseMotion: button_mask=0, position=((567.0, 46.0)), relative=((8.0, 10.0)), velocity=((-42.90464, -327.9141)), pressure=0.00, tilt=((0.0, 0.0)), pen_inverted=(false)
[AUDIT] poll_forensic_hud: ENTER
[DIAG] _physics_process: ENTER, state=3
[DIAG] _physics_process: camera target set to character (state: 3)
[VERBATIM] DIAGNOSIS turning block executed
[DIAG] _turn_input = 0.0
[DIAG] _poll_controls: ENTER, state=3
[VERBATIM] POLL: _poll_controls() entered, game_state=3
[VERBATIM] POLL: checking deploy state=3 canopy=true
[DEBUG] _input (build_terrain) called, event=InputEventMouseMotion: button_mask=0, position=((573.0, 50.0)), relative=((6.0, 4.0)), velocity=((-42.90464, -327.9141)), pressure=0.00, tilt=((0.0, 0.0)), pen_inverted=(false)
[AUDIT] poll_forensic_hud: ENTER
[DIAG] _physics_process: ENTER, state=3
[DIAG] _physics_process: camera target set to character (state: 3)
[VERBATIM] DIAGNOSIS turning block executed
[DIAG] _turn_input = 0.0
[DIAG] _poll_controls: ENTER, state=3
[VERBATIM] POLL: _poll_controls() entered, game_state=3
[VERBATIM] POLL: checking deploy state=3 canopy=true
[DEBUG] _input (build_terrain) called, event=InputEventMouseMotion: button_mask=0, position=((575.0, 51.0)), relative=((2.0, 1.0)), velocity=((378.8283, 1058.777)), pressure=0.00, tilt=((0.0, 0.0)), pen_inverted=(false)
[AUDIT] poll_forensic_hud: ENTER
[DIAG] _physics_process: ENTER, state=3
[DIAG] _physics_process: camera target set to character (state: 3)
[VERBATIM] DIAGNOSIS turning block executed
[DIAG] _turn_input = 0.0
[DIAG] _poll_controls: ENTER, state=3
[VERBATIM] POLL: _poll_controls() entered, game_state=3
[VERBATIM] POLL: checking deploy state=3 canopy=true
[AUDIT] poll_forensic_hud: ENTER
[DIAG] _physics_process: ENTER, state=3
[DIAG] _physics_process: camera target set to character (state: 3)
[VERBATIM] DIAGNOSIS turning block executed
[DIAG] _turn_input = 0.0
[DIAG] _poll_controls: ENTER, state=3
[VERBATIM] POLL: _poll_controls() entered, game_state=3
[VERBATIM] POLL: checking deploy state=3 canopy=true
[AUDIT] poll_forensic_hud: ENTER
[DIAG] _physics_process: ENTER, state=3
[DIAG] _physics_process: camera target set to character (state: 3)
[VERBATIM] DIAGNOSIS turning block executed
[DIAG] _turn_input = 0.0
[DIAG] _poll_controls: ENTER, state=3
[VERBATIM] POLL: _poll_controls() entered, game_state=3
[VERBATIM] POLL: checking deploy state=3 canopy=true
[AUDIT] poll_forensic_hud: ENTER
[DIAG] _physics_process: ENTER, state=3
[DIAG] _physics_process: camera target set to character (state: 3)
[VERBATIM] DIAGNOSIS turning block executed
[DIAG] _turn_input = 0.0
[DIAG] _poll_controls: ENTER, state=3
[VERBATIM] POLL: _poll_controls() entered, game_state=3
[VERBATIM] POLL: checking deploy state=3 canopy=true
[AUDIT] poll_forensic_hud: ENTER
[DIAG] _physics_process: ENTER, state=3
[DIAG] _physics_process: camera target set to character (state: 3)
[VERBATIM] DIAGNOSIS turning block executed
[DIAG] _turn_input = 0.0
[DIAG] _poll_controls: ENTER, state=3
[VERBATIM] POLL: _poll_controls() entered, game_state=3
[VERBATIM] POLL: checking deploy state=3 canopy=true
[AUDIT] poll_forensic_hud: ENTER
[DIAG] _physics_process: ENTER, state=3
[DIAG] _physics_process: camera target set to character (state: 3)
[VERBATIM] DIAGNOSIS turning block executed
[DIAG] _turn_input = 0.0
[DIAG] _poll_controls: ENTER, state=3
[VERBATIM] POLL: _poll_controls() entered, game_state=3
[VERBATIM] POLL: checking deploy state=3 canopy=true
[DEBUG] _input (build_terrain) called, event=InputEventMouseMotion: button_mask=0, position=((576.0, 54.0)), relative=((1.0, 3.0)), velocity=((378.8283, 1058.777)), pressure=0.00, tilt=((0.0, 0.0)), pen_inverted=(false)
[AUDIT] poll_forensic_hud: ENTER
[DIAG] _physics_process: ENTER, state=3
[DIAG] _physics_process: camera target set to character (state: 3)
[VERBATIM] DIAGNOSIS turning block executed
[DIAG] _turn_input = 0.0
[DIAG] _poll_controls: ENTER, state=3
[VERBATIM] POLL: _poll_controls() entered, game_state=3
[VERBATIM] POLL: checking deploy state=3 canopy=true
[DEBUG] _input (build_terrain) called, event=InputEventMouseMotion: button_mask=0, position=((572.0, 57.0)), relative=((-4.0, 3.0)), velocity=((26.92225, 35.89633)), pressure=0.00, tilt=((0.0, 0.0)), pen_inverted=(false)
[AUDIT] poll_forensic_hud: ENTER
[DIAG] _physics_process: ENTER, state=3
[DIAG] _physics_process: camera target set to character (state: 3)
[VERBATIM] DIAGNOSIS turning block executed
[DIAG] _turn_input = 0.0
[DIAG] _poll_controls: ENTER, state=3
[VERBATIM] POLL: _poll_controls() entered, game_state=3
[VERBATIM] POLL: checking deploy state=3 canopy=true
[DEBUG] _input (build_terrain) called, event=InputEventMouseMotion: button_mask=0, position=((565.0, 62.0)), relative=((-7.0, 5.0)), velocity=((26.92225, 35.89633)), pressure=0.00, tilt=((0.0, 0.0)), pen_inverted=(false)
[AUDIT] poll_forensic_hud: ENTER
[DIAG] _physics_process: ENTER, state=3
[DIAG] _physics_process: camera target set to character (state: 3)
[VERBATIM] DIAGNOSIS turning block executed
[DIAG] _turn_input = 0.0
[DIAG] _poll_controls: ENTER, state=3
[VERBATIM] POLL: _poll_controls() entered, game_state=3
[VERBATIM] POLL: checking deploy state=3 canopy=true
[DEBUG] _input (build_terrain) called, event=InputEventMouseMotion: button_mask=0, position=((556.0, 69.0)), relative=((-9.0, 7.0)), velocity=((26.92225, 35.89633)), pressure=0.00, tilt=((0.0, 0.0)), pen_inverted=(false)
[AUDIT] poll_forensic_hud: ENTER
[DIAG] _physics_process: ENTER, state=3
[DIAG] _physics_process: camera target set to character (state: 3)
[VERBATIM] DIAGNOSIS turning block executed
[DIAG] _turn_input = 0.0
[DIAG] _poll_controls: ENTER, state=3
[VERBATIM] POLL: _poll_controls() entered, game_state=3
[VERBATIM] POLL: checking deploy state=3 canopy=true
[DEBUG] _input (build_terrain) called, event=InputEventMouseMotion: button_mask=0, position=((544.0, 77.0)), relative=((-12.0, 8.0)), velocity=((26.92225, 35.89633)), pressure=0.00, tilt=((0.0, 0.0)), pen_inverted=(false)
[AUDIT] poll_forensic_hud: ENTER
[DIAG] _physics_process: ENTER, state=3
[DIAG] _physics_process: camera target set to character (state: 3)
[VERBATIM] DIAGNOSIS turning block executed
[DIAG] _turn_input = 0.0
[DIAG] _poll_controls: ENTER, state=3
[VERBATIM] POLL: _poll_controls() entered, game_state=3
[VERBATIM] POLL: checking deploy state=3 canopy=true
[DEBUG] _input (build_terrain) called, event=InputEventMouseMotion: button_mask=0, position=((533.0, 81.0)), relative=((-11.0, 4.0)), velocity=((26.92225, 35.89633)), pressure=0.00, tilt=((0.0, 0.0)), pen_inverted=(false)
[AUDIT] poll_forensic_hud: ENTER
[DIAG] _physics_process: ENTER, state=3
[DIAG] _physics_process: camera target set to character (state: 3)
[VERBATIM] DIAGNOSIS turning block executed
[DIAG] _turn_input = 0.0
[DIAG] _poll_controls: ENTER, state=3
[VERBATIM] POLL: _poll_controls() entered, game_state=3
[VERBATIM] POLL: checking deploy state=3 canopy=true
[DEBUG] _input (build_terrain) called, event=InputEventMouseMotion: button_mask=0, position=((519.0, 87.0)), relative=((-14.0, 6.0)), velocity=((26.92225, 35.89633)), pressure=0.00, tilt=((0.0, 0.0)), pen_inverted=(false)
[AUDIT] poll_forensic_hud: ENTER
[DIAG] _physics_process: ENTER, state=3
[DIAG] _physics_process: camera target set to character (state: 3)
[VERBATIM] DIAGNOSIS turning block executed
[DIAG] _turn_input = 0.0
[DIAG] _poll_controls: ENTER, state=3
[VERBATIM] POLL: _poll_controls() entered, game_state=3
[VERBATIM] POLL: checking deploy state=3 canopy=true
[DEBUG] _input (build_terrain) called, event=InputEventMouseMotion: button_mask=0, position=((504.0, 90.0)), relative=((-15.0, 3.0)), velocity=((-547.4348, 316.9359)), pressure=0.00, tilt=((0.0, 0.0)), pen_inverted=(false)
[AUDIT] poll_forensic_hud: ENTER
[DIAG] _physics_process: ENTER, state=3
[DIAG] _physics_process: camera target set to character (state: 3)
[VERBATIM] DIAGNOSIS turning block executed
[DIAG] _turn_input = 0.0
[DIAG] _poll_controls: ENTER, state=3
[VERBATIM] POLL: _poll_controls() entered, game_state=3
[VERBATIM] POLL: checking deploy state=3 canopy=true
[DEBUG] _input (build_terrain) called, event=InputEventMouseMotion: button_mask=0, position=((494.0, 91.0)), relative=((-10.0, 1.0)), velocity=((-547.4348, 316.9359)), pressure=0.00, tilt=((0.0, 0.0)), pen_inverted=(false)
[AUDIT] poll_forensic_hud: ENTER
[DIAG] _physics_process: ENTER, state=3
[DIAG] _physics_process: camera target set to character (state: 3)
[VERBATIM] DIAGNOSIS turning block executed
[DIAG] _turn_input = 0.0
[DIAG] _poll_controls: ENTER, state=3
[VERBATIM] POLL: _poll_controls() entered, game_state=3
[VERBATIM] POLL: checking deploy state=3 canopy=true
[DEBUG] _input (build_terrain) called, event=InputEventMouseMotion: button_mask=0, position=((475.0, 92.0)), relative=((-19.0, 1.0)), velocity=((-547.4348, 316.9359)), pressure=0.00, tilt=((0.0, 0.0)), pen_inverted=(false)
[AUDIT] poll_forensic_hud: ENTER
[DIAG] _physics_process: ENTER, state=3
[DIAG] _physics_process: camera target set to character (state: 3)
[VERBATIM] DIAGNOSIS turning block executed
[DIAG] _turn_input = 0.0
[DIAG] _poll_controls: ENTER, state=3
[VERBATIM] POLL: _poll_controls() entered, game_state=3
[VERBATIM] POLL: checking deploy state=3 canopy=true
[DEBUG] _input (build_terrain) called, event=InputEventMouseMotion: button_mask=0, position=((456.0, 94.0)), relative=((-19.0, 2.0)), velocity=((-547.4348, 316.9359)), pressure=0.00, tilt=((0.0, 0.0)), pen_inverted=(false)
[AUDIT] poll_forensic_hud: ENTER
[DIAG] _physics_process: ENTER, state=3
[DIAG] _physics_process: camera target set to character (state: 3)
[VERBATIM] DIAGNOSIS turning block executed
[DIAG] _turn_input = 0.0
[DIAG] _poll_controls: ENTER, state=3
[VERBATIM] POLL: _poll_controls() entered, game_state=3
[VERBATIM] POLL: checking deploy state=3 canopy=true
[DEBUG] _input (build_terrain) called, event=InputEventMouseMotion: button_mask=0, position=((434.0, 99.0)), relative=((-22.0, 5.0)), velocity=((-547.4348, 316.9359)), pressure=0.00, tilt=((0.0, 0.0)), pen_inverted=(false)
[AUDIT] poll_forensic_hud: ENTER
[DIAG] _physics_process: ENTER, state=3
[DIAG] _physics_process: camera target set to character (state: 3)
[VERBATIM] DIAGNOSIS turning block executed
[DIAG] _turn_input = 0.0
[DIAG] _poll_controls: ENTER, state=3
[VERBATIM] POLL: _poll_controls() entered, game_state=3
[VERBATIM] POLL: checking deploy state=3 canopy=true
[DEBUG] _input (build_terrain) called, event=InputEventMouseMotion: button_mask=0, position=((400.0, 99.0)), relative=((-34.0, 0.0)), velocity=((-547.4348, 316.9359)), pressure=0.00, tilt=((0.0, 0.0)), pen_inverted=(false)
[AUDIT] poll_forensic_hud: ENTER
[DIAG] _physics_process: ENTER, state=3
[DIAG] _physics_process: camera target set to character (state: 3)
[VERBATIM] DIAGNOSIS turning block executed
[DIAG] _turn_input = 0.0
[DIAG] _poll_controls: ENTER, state=3
[VERBATIM] POLL: _poll_controls() entered, game_state=3
[VERBATIM] POLL: checking deploy state=3 canopy=true
[DEBUG] _input (build_terrain) called, event=InputEventMouseMotion: button_mask=0, position=((383.0, 99.0)), relative=((-17.0, 0.0)), velocity=((-547.4348, 316.9359)), pressure=0.00, tilt=((0.0, 0.0)), pen_inverted=(false)
[AUDIT] poll_forensic_hud: ENTER
[DIAG] _physics_process: ENTER, state=3
[DIAG] _physics_process: camera target set to character (state: 3)
[VERBATIM] DIAGNOSIS turning block executed
[DIAG] _turn_input = 0.0
[DIAG] _poll_controls: ENTER, state=3
[VERBATIM] POLL: _poll_controls() entered, game_state=3
[VERBATIM] POLL: checking deploy state=3 canopy=true
[DEBUG] _input (build_terrain) called, event=InputEventMouseMotion: button_mask=0, position=((371.0, 101.0)), relative=((-12.0, 2.0)), velocity=((-1217.743, 107.4479)), pressure=0.00, tilt=((0.0, 0.0)), pen_inverted=(false)
[AUDIT] poll_forensic_hud: ENTER
[DIAG] _physics_process: ENTER, state=3
[DIAG] _physics_process: camera target set to character (state: 3)
[GLIDE],6.69999999999998,0.0,0.0,0.0,0.0,11.0,0.0,0.0,4.23076923076923,2.6,802.077819824219,96.495361328125,26.4
[VERBATIM] DIAGNOSIS turning block executed
[DIAG] _turn_input = 0.0
[DIAG] _poll_controls: ENTER, state=3
[VERBATIM] POLL: _poll_controls() entered, game_state=3
[VERBATIM] POLL: checking deploy state=3 canopy=true
[DEBUG] _input (build_terrain) called, event=InputEventMouseMotion: button_mask=0, position=((366.0, 104.0)), relative=((-5.0, 3.0)), velocity=((-1217.743, 107.4479)), pressure=0.00, tilt=((0.0, 0.0)), pen_inverted=(false)
[AUDIT] poll_forensic_hud: ENTER
[DIAG] _physics_process: ENTER, state=3
[DIAG] _physics_process: camera target set to character (state: 3)
[VERBATIM] DIAGNOSIS turning block executed
[DIAG] _turn_input = 0.0
[DIAG] _poll_controls: ENTER, state=3
[VERBATIM] POLL: _poll_controls() entered, game_state=3
[VERBATIM] POLL: checking deploy state=3 canopy=true
[DEBUG] _input (build_terrain) called, event=InputEventMouseMotion: button_mask=0, position=((363.0, 106.0)), relative=((-3.0, 2.0)), velocity=((-1217.743, 107.4479)), pressure=0.00, tilt=((0.0, 0.0)), pen_inverted=(false)
[AUDIT] poll_forensic_hud: ENTER
[DIAG] _physics_process: ENTER, state=3
[DIAG] _physics_process: camera target set to character (state: 3)
[VERBATIM] DIAGNOSIS turning block executed
[DIAG] _turn_input = 0.0
[DIAG] _poll_controls: ENTER, state=3
[VERBATIM] POLL: _poll_controls() entered, game_state=3
[VERBATIM] POLL: checking deploy state=3 canopy=true
[VERBATIM] Wind updated: 12.5 kts @ 240.0°
[DEBUG] _input (build_terrain) called, event=InputEventMouseMotion: button_mask=0, position=((363.0, 107.0)), relative=((0.0, 1.0)), velocity=((-1217.743, 107.4479)), pressure=0.00, tilt=((0.0, 0.0)), pen_inverted=(false)
[AUDIT] poll_forensic_hud: ENTER
[DIAG] _physics_process: ENTER, state=3
[DIAG] _physics_process: camera target set to character (state: 3)
[VERBATIM] DIAGNOSIS turning block executed
[DIAG] _turn_input = 0.0
[DIAG] _poll_controls: ENTER, state=3
[VERBATIM] POLL: _poll_controls() entered, game_state=3
[VERBATIM] POLL: checking deploy state=3 canopy=true
[DEBUG] _input (build_terrain) called, event=InputEventMouseMotion: button_mask=0, position=((363.0, 109.0)), relative=((0.0, 2.0)), velocity=((-1217.743, 107.4479)), pressure=0.00, tilt=((0.0, 0.0)), pen_inverted=(false)
[AUDIT] poll_forensic_hud: ENTER
[DIAG] _physics_process: ENTER, state=3
[DIAG] _physics_process: camera target set to character (state: 3)
[VERBATIM] DIAGNOSIS turning block executed
[DIAG] _turn_input = 0.0
[DIAG] _poll_controls: ENTER, state=3
[VERBATIM] POLL: _poll_controls() entered, game_state=3
[VERBATIM] POLL: checking deploy state=3 canopy=true
[DEBUG] _input (build_terrain) called, event=InputEventMouseMotion: button_mask=0, position=((363.0, 113.0)), relative=((0.0, 4.0)), velocity=((-1217.743, 107.4479)), pressure=0.00, tilt=((0.0, 0.0)), pen_inverted=(false)
[AUDIT] poll_forensic_hud: ENTER
[DIAG] _physics_process: ENTER, state=3
[DIAG] _physics_process: camera target set to character (state: 3)
[VERBATIM] DIAGNOSIS turning block executed
[DIAG] _turn_input = 0.0
[DIAG] _poll_controls: ENTER, state=3
[VERBATIM] POLL: _poll_controls() entered, game_state=3
[VERBATIM] POLL: checking deploy state=3 canopy=true
[DEBUG] _input (build_terrain) called, event=InputEventMouseMotion: button_mask=0, position=((364.0, 115.0)), relative=((1.0, 2.0)), velocity=((-1217.743, 107.4479)), pressure=0.00, tilt=((0.0, 0.0)), pen_inverted=(false)
[AUDIT] poll_forensic_hud: ENTER
[DIAG] _physics_process: ENTER, state=3
[DIAG] _physics_process: camera target set to character (state: 3)
[VERBATIM] DIAGNOSIS turning block executed
[DIAG] _turn_input = 0.0
[DIAG] _poll_controls: ENTER, state=3
[VERBATIM] POLL: _poll_controls() entered, game_state=3
[VERBATIM] POLL: checking deploy state=3 canopy=true
[DEBUG] _input (build_terrain) called, event=InputEventMouseMotion: button_mask=0, position=((369.0, 118.0)), relative=((5.0, 3.0)), velocity=((-165.1427, 139.0676)), pressure=0.00, tilt=((0.0, 0.0)), pen_inverted=(false)
[AUDIT] poll_forensic_hud: ENTER
[DIAG] _physics_process: ENTER, state=3
[DIAG] _physics_process: camera target set to character (state: 3)
[VERBATIM] DIAGNOSIS turning block executed
[DIAG] _turn_input = 0.0
[DIAG] _poll_controls: ENTER, state=3
[VERBATIM] POLL: _poll_controls() entered, game_state=3
[VERBATIM] POLL: checking deploy state=3 canopy=true
[DEBUG] _input (build_terrain) called, event=InputEventMouseMotion: button_mask=0, position=((378.0, 120.0)), relative=((9.0, 2.0)), velocity=((-165.1427, 139.0676)), pressure=0.00, tilt=((0.0, 0.0)), pen_inverted=(false)
[AUDIT] poll_forensic_hud: ENTER
[DIAG] _physics_process: ENTER, state=3
[DIAG] _physics_process: camera target set to character (state: 3)
[VERBATIM] DIAGNOSIS turning block executed
[DIAG] _turn_input = 0.0
[DIAG] _poll_controls: ENTER, state=3
[VERBATIM] POLL: _poll_controls() entered, game_state=3
[VERBATIM] POLL: checking deploy state=3 canopy=true
[DEBUG] _input (build_terrain) called, event=InputEventMouseMotion: button_mask=0, position=((392.0, 124.0)), relative=((14.0, 4.0)), velocity=((-165.1427, 139.0676)), pressure=0.00, tilt=((0.0, 0.0)), pen_inverted=(false)
[AUDIT] poll_forensic_hud: ENTER
[DIAG] _physics_process: ENTER, state=3
[DIAG] _physics_process: camera target set to character (state: 3)
[VERBATIM] DIAGNOSIS turning block executed
[DIAG] _turn_input = 0.0
[DIAG] _poll_controls: ENTER, state=3
[VERBATIM] POLL: _poll_controls() entered, game_state=3
[VERBATIM] POLL: checking deploy state=3 canopy=true
[DEBUG] _input (build_terrain) called, event=InputEventMouseMotion: button_mask=0, position=((407.0, 127.0)), relative=((15.0, 3.0)), velocity=((-165.1427, 139.0676)), pressure=0.00, tilt=((0.0, 0.0)), pen_inverted=(false)
[AUDIT] poll_forensic_hud: ENTER
[DIAG] _physics_process: ENTER, state=3
[DIAG] _physics_process: camera target set to character (state: 3)
[VERBATIM] DIAGNOSIS turning block executed
[DIAG] _turn_input = 0.0
[DIAG] _poll_controls: ENTER, state=3
[VERBATIM] POLL: _poll_controls() entered, game_state=3
[VERBATIM] POLL: checking deploy state=3 canopy=true
[DEBUG] _input (build_terrain) called, event=InputEventMouseMotion: button_mask=0, position=((423.0, 129.0)), relative=((16.0, 2.0)), velocity=((-165.1427, 139.0676)), pressure=0.00, tilt=((0.0, 0.0)), pen_inverted=(false)
[AUDIT] poll_forensic_hud: ENTER
[DIAG] _physics_process: ENTER, state=3
[DIAG] _physics_process: camera target set to character (state: 3)
[VERBATIM] DIAGNOSIS turning block executed
[DIAG] _turn_input = 0.0
[DIAG] _poll_controls: ENTER, state=3
[VERBATIM] POLL: _poll_controls() entered, game_state=3
[VERBATIM] POLL: checking deploy state=3 canopy=true
[DEBUG] _input (build_terrain) called, event=InputEventMouseMotion: button_mask=0, position=((434.0, 132.0)), relative=((11.0, 3.0)), velocity=((-165.1427, 139.0676)), pressure=0.00, tilt=((0.0, 0.0)), pen_inverted=(false)
[AUDIT] poll_forensic_hud: ENTER
[DIAG] _physics_process: ENTER, state=3
[DIAG] _physics_process: camera target set to character (state: 3)
[VERBATIM] DIAGNOSIS turning block executed
[DIAG] _turn_input = 0.0
[DIAG] _poll_controls: ENTER, state=3
[VERBATIM] POLL: _poll_controls() entered, game_state=3
[VERBATIM] POLL: checking deploy state=3 canopy=true
[AUDIT] poll_forensic_hud: ENTER
[DIAG] _physics_process: ENTER, state=3
[DIAG] _physics_process: camera target set to character (state: 3)
[VERBATIM] DIAGNOSIS turning block executed
[DIAG] _turn_input = 0.0
[DIAG] _poll_controls: ENTER, state=3
[VERBATIM] POLL: _poll_controls() entered, game_state=3
[VERBATIM] POLL: checking deploy state=3 canopy=true
[AUDIT] poll_forensic_hud: ENTER
[DIAG] _physics_process: ENTER, state=3
[DIAG] _physics_process: camera target set to character (state: 3)
[VERBATIM] DIAGNOSIS turning block executed
[DIAG] _turn_input = 0.0
[DIAG] _poll_controls: ENTER, state=3
[VERBATIM] POLL: _poll_controls() entered, game_state=3
[VERBATIM] POLL: checking deploy state=3 canopy=true
[AUDIT] poll_forensic_hud: ENTER
[DIAG] _physics_process: ENTER, state=3
[DIAG] _physics_process: camera target set to character (state: 3)
[VERBATIM] DIAGNOSIS turning block executed
[DIAG] _turn_input = 0.0
[DIAG] _poll_controls: ENTER, state=3
[VERBATIM] POLL: _poll_controls() entered, game_state=3
[VERBATIM] POLL: checking deploy state=3 canopy=true
[AUDIT] poll_forensic_hud: ENTER
[DIAG] _physics_process: ENTER, state=3
[DIAG] _physics_process: camera target set to character (state: 3)
[VERBATIM] DIAGNOSIS turning block executed
[DIAG] _turn_input = 0.0
[DIAG] _poll_controls: ENTER, state=3
[VERBATIM] POLL: _poll_controls() entered, game_state=3
[VERBATIM] POLL: checking deploy state=3 canopy=true
[AUDIT] poll_forensic_hud: ENTER
[DIAG] _physics_process: ENTER, state=3
[DIAG] _physics_process: camera target set to character (state: 3)
[VERBATIM] DIAGNOSIS turning block executed
[DIAG] _turn_input = 0.0
[DIAG] _poll_controls: ENTER, state=3
[VERBATIM] POLL: _poll_controls() entered, game_state=3
[VERBATIM] POLL: checking deploy state=3 canopy=true
[AUDIT] poll_forensic_hud: ENTER
[DIAG] _physics_process: ENTER, state=3
[DIAG] _physics_process: camera target set to character (state: 3)
[VERBATIM] DIAGNOSIS turning block executed
[DIAG] _turn_input = 0.0
[DIAG] _poll_controls: ENTER, state=3
[VERBATIM] POLL: _poll_controls() entered, game_state=3
[VERBATIM] POLL: checking deploy state=3 canopy=true
[AUDIT] poll_forensic_hud: ENTER
[DIAG] _physics_process: ENTER, state=3
[DIAG] _physics_process: camera target set to character (state: 3)
[VERBATIM] DIAGNOSIS turning block executed
[DIAG] _turn_input = 0.0
[DIAG] _poll_controls: ENTER, state=3
[VERBATIM] POLL: _poll_controls() entered, game_state=3
[VERBATIM] POLL: checking deploy state=3 canopy=true
[AUDIT] poll_forensic_hud: ENTER
[DIAG] _physics_process: ENTER, state=3
[DIAG] _physics_process: camera target set to character (state: 3)
[VERBATIM] DIAGNOSIS turning block executed
[DIAG] _turn_input = 0.0
[DIAG] _poll_controls: ENTER, state=3
[VERBATIM] POLL: _poll_controls() entered, game_state=3
[VERBATIM] POLL: checking deploy state=3 canopy=true
[AUDIT] poll_forensic_hud: ENTER
[DIAG] _physics_process: ENTER, state=3
[DIAG] _physics_process: camera target set to character (state: 3)
[VERBATIM] DIAGNOSIS turning block executed
[DIAG] _turn_input = 0.0
[DIAG] _poll_controls: ENTER, state=3
[VERBATIM] POLL: _poll_controls() entered, game_state=3
[VERBATIM] POLL: checking deploy state=3 canopy=true
[AUDIT] poll_forensic_hud: ENTER
[DIAG] _physics_process: ENTER, state=3
[DIAG] _physics_process: camera target set to character (state: 3)
[VERBATIM] DIAGNOSIS turning block executed
[DIAG] _turn_input = 0.0
[DIAG] _poll_controls: ENTER, state=3
[VERBATIM] POLL: _poll_controls() entered, game_state=3
[VERBATIM] POLL: checking deploy state=3 canopy=true
[AUDIT] poll_forensic_hud: ENTER
[DIAG] _physics_process: ENTER, state=3
[DIAG] _physics_process: camera target set to character (state: 3)
[VERBATIM] DIAGNOSIS turning block executed
[DIAG] _turn_input = 0.0
[DIAG] _poll_controls: ENTER, state=3
[VERBATIM] POLL: _poll_controls() entered, game_state=3
[VERBATIM] POLL: checking deploy state=3 canopy=true
[AUDIT] poll_forensic_hud: ENTER
[DIAG] _physics_process: ENTER, state=3
[DIAG] _physics_process: camera target set to character (state: 3)
[VERBATIM] DIAGNOSIS turning block executed
[DIAG] _turn_input = 0.0
[DIAG] _poll_controls: ENTER, state=3
[VERBATIM] POLL: _poll_controls() entered, game_state=3
[VERBATIM] POLL: checking deploy state=3 canopy=true
[AUDIT] poll_forensic_hud: ENTER
[DIAG] _physics_process: ENTER, state=3
[DIAG] _physics_process: camera target set to character (state: 3)
[VERBATIM] DIAGNOSIS turning block executed
[DIAG] _turn_input = 0.0
[DIAG] _poll_controls: ENTER, state=3
[VERBATIM] POLL: _poll_controls() entered, game_state=3
[VERBATIM] POLL: checking deploy state=3 canopy=true
[AUDIT] poll_forensic_hud: ENTER
[DIAG] _physics_process: ENTER, state=3
[DIAG] _physics_process: camera target set to character (state: 3)
[VERBATIM] DIAGNOSIS turning block executed
[DIAG] _turn_input = 0.0
[DIAG] _poll_controls: ENTER, state=3
[VERBATIM] POLL: _poll_controls() entered, game_state=3
[VERBATIM] POLL: checking deploy state=3 canopy=true
[DEBUG] _input (build_terrain) called, event=InputEventMouseMotion: button_mask=0, position=((435.0, 133.0)), relative=((1.0, 1.0)), velocity=((210.865, 51.21006)), pressure=0.00, tilt=((0.0, 0.0)), pen_inverted=(false)
[AUDIT] poll_forensic_hud: ENTER
[DIAG] _physics_process: ENTER, state=3
[DIAG] _physics_process: camera target set to character (state: 3)
[VERBATIM] DIAGNOSIS turning block executed
[DIAG] _turn_input = 0.0
[DIAG] _poll_controls: ENTER, state=3
[VERBATIM] POLL: _poll_controls() entered, game_state=3
[VERBATIM] POLL: checking deploy state=3 canopy=true
[AUDIT] poll_forensic_hud: ENTER
[DIAG] _physics_process: ENTER, state=3
[DIAG] _physics_process: camera target set to character (state: 3)
[VERBATIM] DIAGNOSIS turning block executed
[DIAG] _turn_input = 0.0
[DIAG] _poll_controls: ENTER, state=3
[VERBATIM] POLL: _poll_controls() entered, game_state=3
[VERBATIM] POLL: checking deploy state=3 canopy=true
[AUDIT] poll_forensic_hud: ENTER
[DIAG] _physics_process: ENTER, state=3
[DIAG] _physics_process: camera target set to character (state: 3)
[VERBATIM] DIAGNOSIS turning block executed
[DIAG] _turn_input = 0.0
[DIAG] _poll_controls: ENTER, state=3
[VERBATIM] POLL: _poll_controls() entered, game_state=3
[VERBATIM] POLL: checking deploy state=3 canopy=true
[AUDIT] poll_forensic_hud: ENTER
[DIAG] _physics_process: ENTER, state=3
[DIAG] _physics_process: camera target set to character (state: 3)
[VERBATIM] DIAGNOSIS turning block executed
[DIAG] _turn_input = 0.0
[DIAG] _poll_controls: ENTER, state=3
[VERBATIM] POLL: _poll_controls() entered, game_state=3
[VERBATIM] POLL: checking deploy state=3 canopy=true
[AUDIT] poll_forensic_hud: ENTER
[DIAG] _physics_process: ENTER, state=3
[DIAG] _physics_process: camera target set to character (state: 3)
[GLIDE],7.21666666666665,0.0,0.0,0.0,0.0,11.0,0.0,0.0,4.23076923076923,2.6,802.077819824219,102.178726196289,26.4
[VERBATIM] DIAGNOSIS turning block executed
[DIAG] _turn_input = 0.0
[DIAG] _poll_controls: ENTER, state=3
[VERBATIM] POLL: _poll_controls() entered, game_state=3
[VERBATIM] POLL: checking deploy state=3 canopy=true
[AUDIT] poll_forensic_hud: ENTER
[DIAG] _physics_process: ENTER, state=3
[DIAG] _physics_process: camera target set to character (state: 3)
[VERBATIM] DIAGNOSIS turning block executed
[DIAG] _turn_input = 0.0
[DIAG] _poll_controls: ENTER, state=3
[VERBATIM] POLL: _poll_controls() entered, game_state=3
[VERBATIM] POLL: checking deploy state=3 canopy=true
[AUDIT] poll_forensic_hud: ENTER
[DIAG] _physics_process: ENTER, state=3
[DIAG] _physics_process: camera target set to character (state: 3)
[VERBATIM] DIAGNOSIS turning block executed
[DIAG] _turn_input = 0.0
[DIAG] _poll_controls: ENTER, state=3
[VERBATIM] POLL: _poll_controls() entered, game_state=3
[VERBATIM] POLL: checking deploy state=3 canopy=true
[AUDIT] poll_forensic_hud: ENTER
[DIAG] _physics_process: ENTER, state=3
[DIAG] _physics_process: camera target set to character (state: 3)
[VERBATIM] DIAGNOSIS turning block executed
[DIAG] _turn_input = 0.0
[DIAG] _poll_controls: ENTER, state=3
[VERBATIM] POLL: _poll_controls() entered, game_state=3
[VERBATIM] POLL: checking deploy state=3 canopy=true
[DEBUG] _input (build_terrain) called, event=InputEventMouseMotion: button_mask=0, position=((435.0, 134.0)), relative=((0.0, 1.0)), velocity=((7.585239, 7.585239)), pressure=0.00, tilt=((0.0, 0.0)), pen_inverted=(false)
[AUDIT] poll_forensic_hud: ENTER
[DIAG] _physics_process: ENTER, state=3
[DIAG] _physics_process: camera target set to character (state: 3)
[VERBATIM] DIAGNOSIS turning block executed
[DIAG] _turn_input = 0.0
[DIAG] _poll_controls: ENTER, state=3
[VERBATIM] POLL: _poll_controls() entered, game_state=3
[VERBATIM] POLL: checking deploy state=3 canopy=true
[AUDIT] poll_forensic_hud: ENTER
[DIAG] _physics_process: ENTER, state=3
[DIAG] _physics_process: camera target set to character (state: 3)
[VERBATIM] DIAGNOSIS turning block executed
[DIAG] _turn_input = 0.0
[DIAG] _poll_controls: ENTER, state=3
[VERBATIM] POLL: _poll_controls() entered, game_state=3
[VERBATIM] POLL: checking deploy state=3 canopy=true
[AUDIT] poll_forensic_hud: ENTER
[DIAG] _physics_process: ENTER, state=3
[DIAG] _physics_process: camera target set to character (state: 3)
[VERBATIM] DIAGNOSIS turning block executed
[DIAG] _turn_input = 0.0
[DIAG] _poll_controls: ENTER, state=3
[VERBATIM] POLL: _poll_controls() entered, game_state=3
[VERBATIM] POLL: checking deploy state=3 canopy=true
[DEBUG] _input (build_terrain) called, event=InputEventMouseMotion: button_mask=0, position=((435.0, 135.0)), relative=((0.0, 1.0)), velocity=((7.585239, 7.585239)), pressure=0.00, tilt=((0.0, 0.0)), pen_inverted=(false)
[AUDIT] poll_forensic_hud: ENTER
[DIAG] _physics_process: ENTER, state=3
[DIAG] _physics_process: camera target set to character (state: 3)
[VERBATIM] DIAGNOSIS turning block executed
[DIAG] _turn_input = 0.0
[DIAG] _poll_controls: ENTER, state=3
[VERBATIM] POLL: _poll_controls() entered, game_state=3
[VERBATIM] POLL: checking deploy state=3 canopy=true
[AUDIT] poll_forensic_hud: ENTER
[DIAG] _physics_process: ENTER, state=3
[DIAG] _physics_process: camera target set to character (state: 3)
[VERBATIM] DIAGNOSIS turning block executed
[DIAG] _turn_input = 0.0
[DIAG] _poll_controls: ENTER, state=3
[VERBATIM] POLL: _poll_controls() entered, game_state=3
[VERBATIM] POLL: checking deploy state=3 canopy=true
[AUDIT] poll_forensic_hud: ENTER
[DIAG] _physics_process: ENTER, state=3
[DIAG] _physics_process: camera target set to character (state: 3)
[VERBATIM] DIAGNOSIS turning block executed
[DIAG] _turn_input = 0.0
[DIAG] _poll_controls: ENTER, state=3
[VERBATIM] POLL: _poll_controls() entered, game_state=3
[VERBATIM] POLL: checking deploy state=3 canopy=true
[AUDIT] poll_forensic_hud: ENTER
[DIAG] _physics_process: ENTER, state=3
[DIAG] _physics_process: camera target set to character (state: 3)
[VERBATIM] DIAGNOSIS turning block executed
[DIAG] _turn_input = 0.0
[DIAG] _poll_controls: ENTER, state=3
[VERBATIM] POLL: _poll_controls() entered, game_state=3
[VERBATIM] POLL: checking deploy state=3 canopy=true
[AUDIT] poll_forensic_hud: ENTER
[DIAG] _physics_process: ENTER, state=3
[DIAG] _physics_process: camera target set to character (state: 3)
[VERBATIM] DIAGNOSIS turning block executed
[DIAG] _turn_input = 0.0
[DIAG] _poll_controls: ENTER, state=3
[VERBATIM] POLL: _poll_controls() entered, game_state=3
[VERBATIM] POLL: checking deploy state=3 canopy=true
[AUDIT] poll_forensic_hud: ENTER
[DIAG] _physics_process: ENTER, state=3
[DIAG] _physics_process: camera target set to character (state: 3)
[VERBATIM] DIAGNOSIS turning block executed
[DIAG] _turn_input = 0.0
[DIAG] _poll_controls: ENTER, state=3
[VERBATIM] POLL: _poll_controls() entered, game_state=3
[VERBATIM] POLL: checking deploy state=3 canopy=true
[AUDIT] poll_forensic_hud: ENTER
[DIAG] _physics_process: ENTER, state=3
[DIAG] _physics_process: camera target set to character (state: 3)
[VERBATIM] DIAGNOSIS turning block executed
[DIAG] _turn_input = 0.0
[DIAG] _poll_controls: ENTER, state=3
[VERBATIM] POLL: _poll_controls() entered, game_state=3
[VERBATIM] POLL: checking deploy state=3 canopy=true
[AUDIT] poll_forensic_hud: ENTER
[DIAG] _physics_process: ENTER, state=3
[DIAG] _physics_process: camera target set to character (state: 3)
[VERBATIM] DIAGNOSIS turning block executed
[DIAG] _turn_input = 0.0
[DIAG] _poll_controls: ENTER, state=3
[VERBATIM] POLL: _poll_controls() entered, game_state=3
[VERBATIM] POLL: checking deploy state=3 canopy=true
[AUDIT] poll_forensic_hud: ENTER
[DIAG] _physics_process: ENTER, state=3
[DIAG] _physics_process: camera target set to character (state: 3)
[VERBATIM] DIAGNOSIS turning block executed
[DIAG] _turn_input = 0.0
[DIAG] _poll_controls: ENTER, state=3
[VERBATIM] POLL: _poll_controls() entered, game_state=3
[VERBATIM] POLL: checking deploy state=3 canopy=true
[AUDIT] poll_forensic_hud: ENTER
[DIAG] _physics_process: ENTER, state=3
[DIAG] _physics_process: camera target set to character (state: 3)
[VERBATIM] DIAGNOSIS turning block executed
[DIAG] _turn_input = 0.0
[DIAG] _poll_controls: ENTER, state=3
[VERBATIM] POLL: _poll_controls() entered, game_state=3
[VERBATIM] POLL: checking deploy state=3 canopy=true
[AUDIT] poll_forensic_hud: ENTER
[DIAG] _physics_process: ENTER, state=3
[DIAG] _physics_process: camera target set to character (state: 3)
[VERBATIM] DIAGNOSIS turning block executed
[DIAG] _turn_input = 0.0
[DIAG] _poll_controls: ENTER, state=3
[VERBATIM] POLL: _poll_controls() entered, game_state=3
[VERBATIM] POLL: checking deploy state=3 canopy=true
[AUDIT] poll_forensic_hud: ENTER
[DIAG] _physics_process: ENTER, state=3
[DIAG] _physics_process: camera target set to character (state: 3)
[VERBATIM] DIAGNOSIS turning block executed
[DIAG] _turn_input = 0.0
[DIAG] _poll_controls: ENTER, state=3
[VERBATIM] POLL: _poll_controls() entered, game_state=3
[VERBATIM] POLL: checking deploy state=3 canopy=true
[AUDIT] poll_forensic_hud: ENTER
[DIAG] _physics_process: ENTER, state=3
[DIAG] _physics_process: camera target set to character (state: 3)
[VERBATIM] DIAGNOSIS turning block executed
[DIAG] _turn_input = 0.0
[DIAG] _poll_controls: ENTER, state=3
[VERBATIM] POLL: _poll_controls() entered, game_state=3
[VERBATIM] POLL: checking deploy state=3 canopy=true
[AUDIT] poll_forensic_hud: ENTER
[DIAG] _physics_process: ENTER, state=3
[DIAG] _physics_process: camera target set to character (state: 3)
[VERBATIM] DIAGNOSIS turning block executed
[DIAG] _turn_input = 0.0
[DIAG] _poll_controls: ENTER, state=3
[VERBATIM] POLL: _poll_controls() entered, game_state=3
[VERBATIM] POLL: checking deploy state=3 canopy=true
[AUDIT] poll_forensic_hud: ENTER
[DIAG] _physics_process: ENTER, state=3
[DIAG] _physics_process: camera target set to character (state: 3)
[VERBATIM] DIAGNOSIS turning block executed
[DIAG] _turn_input = 0.0
[DIAG] _poll_controls: ENTER, state=3
[VERBATIM] POLL: _poll_controls() entered, game_state=3
[VERBATIM] POLL: checking deploy state=3 canopy=true
[DEBUG] _input (build_terrain) called, event=InputEventMouseMotion: button_mask=0, position=((435.0, 135.0)), relative=((0.0, 0.0)), velocity=((0.0, 6.71213)), pressure=0.00, tilt=((0.0, 0.0)), pen_inverted=(false)
[AUDIT] poll_forensic_hud: ENTER
[DIAG] _physics_process: ENTER, state=3
[DIAG] _physics_process: camera target set to character (state: 3)
[VERBATIM] DIAGNOSIS turning block executed
[DIAG] _turn_input = 0.0
[DIAG] _poll_controls: ENTER, state=3
[VERBATIM] POLL: _poll_controls() entered, game_state=3
[VERBATIM] POLL: checking deploy state=3 canopy=true
[AUDIT] poll_forensic_hud: ENTER
[DIAG] _physics_process: ENTER, state=3
[DIAG] _physics_process: camera target set to character (state: 3)
[VERBATIM] DIAGNOSIS turning block executed
[DIAG] _turn_input = 0.0
[DIAG] _poll_controls: ENTER, state=3
[VERBATIM] POLL: _poll_controls() entered, game_state=3
[VERBATIM] POLL: checking deploy state=3 canopy=true
[AUDIT] poll_forensic_hud: ENTER
[DIAG] _physics_process: ENTER, state=3
[DIAG] _physics_process: camera target set to character (state: 3)
[VERBATIM] DIAGNOSIS turning block executed
[DIAG] _turn_input = 0.0
[DIAG] _poll_controls: ENTER, state=3
[VERBATIM] POLL: _poll_controls() entered, game_state=3
[VERBATIM] POLL: checking deploy state=3 canopy=true
[AUDIT] poll_forensic_hud: ENTER
[DIAG] _physics_process: ENTER, state=3
[DIAG] _physics_process: camera target set to character (state: 3)
[VERBATIM] DIAGNOSIS turning block executed
[DIAG] _turn_input = 0.0
[DIAG] _poll_controls: ENTER, state=3
[VERBATIM] POLL: _poll_controls() entered, game_state=3
[VERBATIM] POLL: checking deploy state=3 canopy=true
[DEBUG] _input (build_terrain) called, event=InputEventKey: keycode=81 (Q), mods=none, physical=false, location=unspecified, pressed=true, echo=false
[VERBATIM] INPUT: action=turn_left (Q)
[AUDIT] poll_forensic_hud: ENTER
[ARMTEL],7.91666666666664,L,true,0.01666666666667,5.04791666666667,0.0,0.0,5.04791666666667,0.08413194444444,0.00140219907407,0.13320892895709,2.94157019073486,20.0000085715136,0.01666666666667
[CTRL] pressed=turnleft  key=Q  state=3  deployed=true  alt_m=1809.8
[DIAG] _physics_process: ENTER, state=3
[DIAG] _physics_process: camera target set to character (state: 3)
[VERBATIM] DIAGNOSIS turning block executed
[DIAG] _turn_input = -0.5
[DIAG] _poll_controls: ENTER, state=3
[VERBATIM] POLL: _poll_controls() entered, game_state=3
[VERBATIM] POLL: checking deploy state=3 canopy=true
[VERBATIM] POLL: turnleft pressed - left turn
[VERBATIM] ENTER _rotate_arm gate=left=true
[VERBATIM] EXIT _rotate_arm ok=true shim=physics_driven idx=8
[VERBATIM] ENTER _rotate_arm gate=left=true
[VERBATIM] EXIT _rotate_arm ok=true shim=physics_driven idx=8
[AUDIT] poll_forensic_hud: ENTER
[ARMTEL],7.93333333333331,L,true,0.01666666666667,5.09583333333333,0.01121759259259,0.29446180555556,4.79015393518518,0.1639678433642,0.00413499646348,0.39282471392652,-2.0,20.0000085715136,0.03333333333333
[DIAG] _physics_process: ENTER, state=3
[DIAG] _physics_process: camera target set to character (state: 3)
[GLIDE],7.66666666666664,0.00413499646348,0.0,0.00206749823174,-0.00413499646348,10.9836254140046,0.27225836704874,0.00607711330003,4.22448106299592,2.59999399931391,802.077819824219,107.128387451172,26.4
[VERBATIM] DIAGNOSIS turning block executed
[DIAG] _turn_input = -0.5
[AUDIT] poll_forensic_hud: ENTER
[ARMTEL],7.94999999999998,L,true,0.01666666666667,5.14375,0.03307997170782,0.57388745177469,4.53678257651749,0.23958088630616,0.00812801123525,0.77216116542751,-2.0,20.0000085715136,0.05
[DIAG] _physics_process: ENTER, state=3
[DIAG] _physics_process: camera target set to character (state: 3)
[GLIDE],7.68333333333331,0.00812801123525,0.0,0.00406400561762,-0.00812801123525,10.9678130755084,0.5347940748619,0.01499034788106,4.21842736155939,2.59997675329274,802.077880859375,107.311187744141,26.4
[VERBATIM] DIAGNOSIS turning block executed
[DIAG] _turn_input = -0.5
[AUDIT] poll_forensic_hud: ENTER
[ARMTEL],7.96666666666664,L,true,0.01666666666667,5.19166666666667,0.06502408988197,0.83853310207154,4.28810947471315,0.31104937755137,0.01331216752777,1.26465607577337,-2.0,20.0000085715136,0.06666666666667
[DIAG] _physics_process: ENTER, state=3
[DIAG] _physics_process: camera target set to character (state: 3)
[GLIDE],7.69999999999998,0.01331216752777,0.0,0.00665608376388,-0.01331216752777,10.94728381659,0.8750972552239,0.02957530213479,4.21059510696521,2.5999374289114,802.078002929688,107.493644714355,26.4
[VERBATIM] DIAGNOSIS turning block executed
[DIAG] _turn_input = -0.5
[AUDIT] poll_forensic_hud: ENTER
[ARMTEL],7.98333333333331,L,true,0.01666666666667,5.23958333333333,0.10649734022216,1.08867282142981,4.04441317168136,0.37845626374606,0.01961977192354,1.8638785694839,-2.0,20.0000085715136,0.08333333333333
[DIAG] _physics_process: ENTER, state=3
[DIAG] _physics_process: camera target set to character (state: 3)
[GLIDE],7.71666666666664,0.01961977192354,0.0,0.00980988596177,-0.01961977192354,10.9223057031828,1.28831104085349,0.05104715281569,4.20110733486103,2.59986351992221,802.078186035156,107.675682067871,26.4
[VERBATIM] DIAGNOSIS turning block executed
[DIAG] _turn_input = -0.5
[AUDIT] poll_forensic_hud: ENTER
[ARMTEL],7.99999999999998,L,true,0.01666666666667,5.2875,0.1569581753883,1.32459692311122,3.80594490150048,0.44188867877107,0.02698458323639,2.56353573307447,-2.0,20.0000085715136,0.1
[DIAG] _physics_process: ENTER, state=3
[DIAG] _physics_process: camera target set to character (state: 3)
[GLIDE],7.73333333333331,0.02698458323639,0.0,0.01349229161819,-0.02698458323639,10.8931410503839,1.7696218023276,0.08054084952115,4.19008772573596,2.59974056950576,802.078430175781,107.857231140137,26.4
[VERBATIM] DIAGNOSIS turning block executed
[DIAG] _turn_input = -0.5
[DIAG] _poll_controls: ENTER, state=3
[VERBATIM] POLL: _poll_controls() entered, game_state=3
[VERBATIM] POLL: checking deploy state=3 canopy=true
[VERBATIM] POLL: turnleft pressed - left turn
[VERBATIM] Wind updated: 12.5 kts @ 240.0°
[PAUSETEL] selftest BEGIN tree.paused=true
[PAUSETEL] toggle_pause paused=false PauseMenu=MISSING (node absent from main.tscn)
[PAUSETEL] toggle_pause paused=true PauseMenu=MISSING (node absent from main.tscn)
[PAUSETEL] selftest END tree.paused=true (must be false)
[DEBUG] _input (build_terrain) called, event=InputEventMouseMotion: button_mask=0, position=((576.0, 324.0)), relative=((141.0, 189.0)), velocity=((0.0, 0.0)), pressure=0.00, tilt=((0.0, 0.0)), pen_inverted=(false)
[AUDIT] poll_forensic_hud: ENTER
[ARMTEL],8.01666666666664,L,true,0.01666666666667,5.33541666666667,0.21587666589111,1.54661037569875,3.57292962507681,0.50143750585569,0.03534187500065,3.35747855152507,-2.0,20.0000085715136,0.11666666666667
[DIAG] _physics_process: ENTER, state=3
[DIAG] _physics_process: camera target set to character (state: 3)
[GLIDE],7.74999999999998,0.03534187500065,0.0,0.01767093750032,-0.03534187500065,10.8600461749974,2.3142788255408,0.11911216328016,4.17765982393676,2.59955253244234,802.078796386719,108.038230895996,26.4
[VERBATIM] DIAGNOSIS turning block executed
[DIAG] _turn_input = -0.5
[AUDIT] poll_forensic_hud: ENTER
[ARMTEL],8.03333333333331,L,true,0.01666666666667,5.38333333333333,0.2827350000052,1.7550312704949,3.34556706283323,0.55719695690291,0.04462849094903,4.23970717868108,-2.0,20.0000085715136,0.13333333333333
[DIAG] _physics_process: ENTER, state=3
[DIAG] _physics_process: camera target set to character (state: 3)
[GLIDE],7.76666666666664,0.04462849094903,0.0,0.02231424547452,-0.04462849094903,10.8232711758418,2.91761193279529,0.16773902882675,4.1639463409578,2.59928209674101,802.079345703125,108.218620300293,26.4
[VERBATIM] DIAGNOSIS turning block executed
[DIAG] _turn_input = -0.5
[AUDIT] poll_forensic_hud: ENTER
[ARMTEL],8.04999999999998,L,true,0.01666666666667,5.43125,0.35702792759225,1.95018934916017,3.12403272324758,0.60926416895703,0.05478289376498,5.20437556872752,-2.0,20.0000085715136,0.15
[DIAG] _physics_process: ENTER, state=3
[DIAG] _physics_process: camera target set to character (state: 3)
[GLIDE],7.78333333333331,0.05478289376498,0.0,0.02739144688249,-0.05478289376498,10.7830597406907,3.57504712716908,0.2273231476129,4.14906853559244,2.59891097199024,802.080078125,108.398338317871,26.4
[VERBATIM] DIAGNOSIS turning block executed
[DIAG] _turn_input = -0.5
[DIAG] _poll_controls: ENTER, state=3
[VERBATIM] POLL: _poll_controls() entered, game_state=3
[VERBATIM] POLL: checking deploy state=3 canopy=true
[VERBATIM] POLL: turnleft pressed - left turn
[AUDIT] poll_forensic_hud: ENTER
[ARMTEL],8.06666666666665,L,true,0.01666666666667,5.47916666666667,0.43826315011986,2.13242459134961,2.9084789251972,0.65773881771032,0.06574520739349,6.24579549571557,-2.0,20.0000085715136,0.16666666666667
[PIPLIVE] eye=(802.0801, 1810.86, 108.3983) state=3 deployed=true framing=canopy
[DIAG] _physics_process: ENTER, state=3
[DIAG] _physics_process: camera target set to character (state: 3)
[GLIDE],7.79999999999998,0.06574520739349,0.0,0.03287260369674,-0.06574520739349,10.7396489787218,4.28212034592897,0.29869182004505,4.13314566424382,2.59842015045135,802.080993652344,108.577331542969,26.4
[VERBATIM] DIAGNOSIS turning block executed
[DIAG] _turn_input = -0.5
[DIAG] _poll_controls: ENTER, state=3
[VERBATIM] POLL: _poll_controls() entered, game_state=3
[VERBATIM] POLL: checking deploy state=3 canopy=true
[VERBATIM] POLL: turnleft pressed - left turn
[DIAG] _poll_controls: ENTER, state=3
[VERBATIM] POLL: _poll_controls() entered, game_state=3
[VERBATIM] POLL: checking deploy state=3 canopy=true
[VERBATIM] POLL: turnleft pressed - left turn
[AUDIT] poll_forensic_hud: ENTER
[ARMTEL],8.08333333333331,L,true,0.01666666666667,5.52708333333333,0.5259616591479,2.30208586198612,2.69903581219932,0.70272274791364,0.07745725319205,7.35843998790575,-2.0,20.0000085715136,0.18333333333333
[DIAG] _physics_process: ENTER, state=3
[DIAG] _physics_process: camera target set to character (state: 3)
[GLIDE],7.81666666666664,0.07745725319205,0.0,0.03872862659602,-0.07745725319205,10.6932692773595,5.03448941358484,0.38259997693813,4.11629449532017,2.59779014585004,802.082153320312,108.755546569824,26.4
[VERBATIM] DIAGNOSIS turning block executed
[DIAG] _turn_input = -0.5
[DIAG] _poll_controls: ENTER, state=3
[VERBATIM] POLL: _poll_controls() entered, game_state=3
[VERBATIM] POLL: checking deploy state=3 canopy=true
[VERBATIM] POLL: turnleft pressed - left turn
[AUDIT] poll_forensic_hud: ENTER
[ARMTEL],8.09999999999998,L,true,0.01666666666667,5.575,0.61965802553639,2.45952961769774,2.49581235676587,0.74431962052641,0.08986258020082,8.53694620343182,-2.0,20.0000085715136,0.2
[DIAG] _physics_process: ENTER, state=3
[DIAG] _physics_process: camera target set to character (state: 3)
[GLIDE],7.83333333333331,0.08986258020082,0.0,0.04493129010041,-0.08986258020082,10.6441441824047,5.82794428882093,0.47973238175181,4.0986288822087,2.59700121389589,802.083618164062,108.932945251465,26.4
[VERBATIM] DIAGNOSIS turning block executed
[DIAG] _turn_input = -0.5
[DIAG] _poll_controls: ENTER, state=3
[VERBATIM] POLL: _poll_controls() entered, game_state=3
[VERBATIM] POLL: checking deploy state=3 canopy=true
[VERBATIM] POLL: turnleft pressed - left turn
[AUDIT] poll_forensic_hud: ENTER
[ARMTEL],8.11666666666665,L,true,0.01666666666667,5.62291666666667,0.71890064160657,2.60511867184242,2.29889735321767,0.78263457641337,0.10290648980771,9.77611777348456,-2.0,20.0000085715136,0.21666666666667
[DIAG] _physics_process: ENTER, state=3
[DIAG] _physics_process: camera target set to character (state: 3)
[GLIDE],7.84999999999998,0.10290648980771,0.0,0.05145324490386,-0.10290648980771,10.5924903003615,6.65841570208672,0.59070597678659,4.08025938984913,2.5960335577472,802.08544921875,109.109474182129,26.4
[VERBATIM] DIAGNOSIS turning block executed
[DIAG] _turn_input = -0.5
[DIAG] _poll_controls: ENTER, state=3
[VERBATIM] POLL: _poll_controls() entered, game_state=3
[VERBATIM] POLL: checking deploy state=3 canopy=true
[VERBATIM] POLL: turnleft pressed - left turn
[AUDIT] poll_forensic_hud: ENTER
[ARMTEL],8.13333333333332,L,true,0.01666666666667,5.67083333333333,0.82325191846169,2.73922101744678,2.10836039742486,0.81777391637045,0.11653605508055,11.0709266388697,-2.0,20.0000085715136,0.23333333333333
[DIAG] _physics_process: ENTER, state=3
[DIAG] _physics_process: camera target set to character (state: 3)
[GLIDE],7.86666666666664,0.11653605508055,0.0,0.05826802754028,-0.11653605508055,10.538517221881,7.5219822821801,0.71607234815626,4.06129297042131,2.59486752091853,802.087646484375,109.285102844238,26.4
[VERBATIM] DIAGNOSIS turning block executed
[DIAG] _turn_input = -0.5
[DIAG] _poll_controls: ENTER, state=3
[VERBATIM] POLL: _poll_controls() entered, game_state=3
[VERBATIM] POLL: checking deploy state=3 canopy=true
[VERBATIM] POLL: turnleft pressed - left turn
[AUDIT] poll_forensic_hud: ENTER
[ARMTEL],8.14999999999998,L,true,0.01666666666667,5.71875,0.93228844064441,2.86220870729657,1.92425285205902,0.8498447972381,0.13070013503452,12.4165144054118,-2.0,20.0000085715136,0.25
[DIAG] _physics_process: ENTER, state=3
[DIAG] _physics_process: camera target set to character (state: 3)
[GLIDE],7.88333333333331,0.13070013503452,0.0,0.06535006751726,-0.13070013503452,10.4824274652633,8.41487627080374,0.85632028600299,4.04183268412508,2.5934837694877,802.090270996094,109.45979309082,26.4
[VERBATIM] DIAGNOSIS turning block executed
[DIAG] _turn_input = -0.5
[DIAG] _poll_controls: ENTER, state=3
[VERBATIM] POLL: _poll_controls() entered, game_state=3
[VERBATIM] POLL: checking deploy state=3 canopy=true
[VERBATIM] POLL: turnleft pressed - left turn
[DIAG] _poll_controls: ENTER, state=3
[VERBATIM] POLL: _poll_controls() entered, game_state=3
[VERBATIM] POLL: checking deploy state=3 canopy=true
[VERBATIM] POLL: turnleft pressed - left turn
[AUDIT] poll_forensic_hud: ENTER
[ARMTEL],8.16666666666665,L,true,0.01666666666667,5.76666666666667,1.04560108027616,2.97445679033334,1.74660879605716,0.87895494383905,0.1453493840985,13.8081932432598,-2.0,20.0000085715136,0.26666666666667
[DIAG] _physics_process: ENTER, state=3
[DIAG] _physics_process: camera target set to character (state: 3)
[GLIDE],7.89999999999998,0.1453493840985,0.0,0.07267469204925,-0.1453493840985,10.4244164389699,9.33348792391203,1.01187841806819,4.02197746146368,2.59186346488781,802.093322753906,109.633506774902,26.4
[VERBATIM] DIAGNOSIS turning block executed
[DIAG] _turn_input = -0.5
[DIAG] _poll_controls: ENTER, state=3
[VERBATIM] POLL: _poll_controls() entered, game_state=3
[VERBATIM] POLL: checking deploy state=3 canopy=true
[VERBATIM] POLL: turnleft pressed - left turn
[AUDIT] poll_forensic_hud: ENTER
[ARMTEL],8.18333333333332,L,true,0.01666666666667,5.81458333333333,1.16279507278803,3.07634230343668,1.57544595710862,0.90521237645753,0.16043625703946,15.2414463547012,-2.0,20.0000085715136,0.28333333333333
[DIAG] _physics_process: ENTER, state=3
[DIAG] _physics_process: camera target set to character (state: 3)
[GLIDE],7.91666666666664,0.16043625703946,0.0,0.08021812851973,-0.16043625703946,10.3646724221237,10.2743686977798,1.18311789636452,4.00182190384296,2.58998842806336,802.096862792969,109.806213378906,26.4
[VERBATIM] DIAGNOSIS turning block executed
[DIAG] _turn_input = -0.5
[DIAG] _poll_controls: ENTER, state=3
[VERBATIM] POLL: _poll_controls() entered, game_state=3
[VERBATIM] POLL: checking deploy state=3 canopy=true
[VERBATIM] POLL: turnleft pressed - left turn
[AUDIT] poll_forensic_hud: ENTER
[ARMTEL],8.19999999999999,L,true,0.01666666666667,5.8625,1.28349005631571,3.16824331760135,1.41076662608295,0.92872515355891,0.17591500959878,16.7119280346151,-2.0,20.0000085715136,0.3
[DIAG] _physics_process: ENTER, state=3
[DIAG] _physics_process: camera target set to character (state: 3)
[GLIDE],7.93333333333331,0.17591500959878,0.0,0.08795750479939,-0.17591500959878,10.3033765619888,11.2342333161991,1.37035511830117,3.98145611966376,2.58784129532463,802.100952148438,109.977890014648,26.4
[VERBATIM] DIAGNOSIS turning block executed
[DIAG] _turn_input = -0.5
[DIAG] _poll_controls: ENTER, state=3
[VERBATIM] POLL: _poll_controls() entered, game_state=3
[VERBATIM] POLL: checking deploy state=3 canopy=true
[VERBATIM] POLL: turnleft pressed - left turn
[AUDIT] poll_forensic_hud: ENTER
[ARMTEL],8.21666666666665,L,true,0.01666666666667,5.91041666666667,1.40732007679023,3.25053803745619,1.25255855242025,0.94960112943258,0.19174169508932,18.2154633471942,-2.0,20.0000085715136,0.31666666666667
[DIAG] _physics_process: ENTER, state=3
[DIAG] _physics_process: camera target set to character (state: 3)
[GLIDE],7.94999999999998,0.19174169508932,0.0,0.09587084754466,-0.19174169508932,10.2407028874463,12.2099608131258,1.5738544651866,3.96096559341114,2.58540566585106,802.105651855469,110.148506164551,26.4
[VERBATIM] DIAGNOSIS turning block executed
[DIAG] _turn_input = -0.5
[DIAG] _poll_controls: ENTER, state=3
[VERBATIM] POLL: _poll_controls() entered, game_state=3
[VERBATIM] POLL: checking deploy state=3 canopy=true
[VERBATIM] POLL: turnleft pressed - left turn
[AUDIT] poll_forensic_hud: ENTER
[ARMTEL],8.23333333333332,L,true,0.01666666666667,5.95833333333333,1.53393356071457,3.32360395301403,1.10079581960473,0.96794772642599,0.20787415719642,19.7480474420359,-2.0,20.0000085715136,0.33333333333333
[DIAG] _physics_process: ENTER, state=3
[DIAG] _physics_process: camera target set to character (state: 3)
[GLIDE],7.96666666666664,0.20787415719642,0.0,0.10393707859821,-0.20787415719642,10.1768183375022,13.1985946425351,1.79383104256219,3.94043108552947,2.58266624047169,802.110961914062,110.31803894043,26.4
[VERBATIM] DIAGNOSIS turning block executed
[DIAG] _turn_input = -0.5
[DIAG] _poll_controls: ENTER, state=3
[VERBATIM] POLL: _poll_controls() entered, game_state=3
[VERBATIM] POLL: checking deploy state=3 canopy=true
[VERBATIM] POLL: turnleft pressed - left turn
[DIAG] _poll_controls: ENTER, state=3
[VERBATIM] POLL: _poll_controls() entered, game_state=3
[VERBATIM] POLL: checking deploy state=3 canopy=true
[VERBATIM] POLL: turnleft pressed - left turn
[AUDIT] poll_forensic_hud: ENTER
[ARMTEL],8.24999999999999,L,true,0.01666666666667,6.00625,1.66299325757137,3.38781704249098,0.95543969993765,0.98387172142495,0.22427201922017,21.3058445321618,-2.0,20.0000085715136,0.35
[DIAG] _physics_process: ENTER, state=3
[DIAG] _physics_process: camera target set to character (state: 3)
[GLIDE],7.98333333333331,0.22427201922017,0.0,0.11213600961009,-0.22427201922017,10.1118828038881,14.1973419442652,2.03045340829994,3.91992856111503,2.57960895109063,802.116943359375,110.486465454102,26.4
[VERBATIM] DIAGNOSIS turning block executed
[DIAG] _turn_input = -0.5
[DIAG] _poll_controls: ENTER, state=3
[VERBATIM] POLL: _poll_controls() entered, game_state=3
[VERBATIM] POLL: checking deploy state=3 canopy=true
[VERBATIM] POLL: turnleft pressed - left turn
[AUDIT] poll_forensic_hud: ENTER
[ARMTEL],8.26666666666666,L,true,0.01666666666667,6.05416666666667,1.79417615376136,3.44355102498734,0.81643948791796,0.99747904622359,0.24089666999056,22.8851865559554,-2.0,20.0000085715136,0.36666666666667
[DIAG] _physics_process: ENTER, state=3
[DIAG] _physics_process: camera target set to character (state: 3)
[GLIDE],7.99999999999998,0.24089666999056,0.0,0.12044833499528,-0.24089666999056,10.0460491868374,15.2035720513144,2.28384627582184,3.89952914565818,2.57622107992778,802.123596191406,110.653762817383,26.4
[VERBATIM] DIAGNOSIS turning block executed
[DIAG] _turn_input = -0.5
[DIAG] _poll_controls: ENTER, state=3
[VERBATIM] POLL: _poll_controls() entered, game_state=3
[VERBATIM] POLL: checking deploy state=3 canopy=true
[VERBATIM] POLL: turnleft pressed - left turn
[AUDIT] poll_forensic_hud: ENTER
[ARMTEL],8.28333333333332,L,true,0.01666666666667,6.10208333333333,1.92717335992451,3.49117666178255,0.68373331162627,1.00887460141736,0.25771124668085,24.482571544431,-2.0,20.0000085715136,0.38333333333333
[DIAG] _physics_process: ENTER, state=3
[DIAG] _physics_process: camera target set to character (state: 3)
[GLIDE],8.01666666666664,0.25771124668085,0.0,0.12885562334043,-0.25771124668085,9.97946346314382,16.2148143204563,2.55409318116278,3.87929910622624,2.57249136760991,802.130981445312,110.819923400879,26.4
[VERBATIM] DIAGNOSIS turning block executed
[DIAG] _turn_input = -0.5
[DIAG] _poll_controls: ENTER, state=3
[VERBATIM] POLL: _poll_controls() entered, game_state=3
[VERBATIM] POLL: checking deploy state=3 canopy=true
[VERBATIM] POLL: turnleft pressed - left turn
[AUDIT] poll_forensic_hud: ENTER
[ARMTEL],8.29999999999999,L,true,0.01666666666667,6.15,2.06168997344682,3.53106110496075,0.55724892159242,1.0181620834439,0.27468061473825,26.0946617146499,-2.0,20.0000085715136,0.4
[DIAG] _physics_process: ENTER, state=3
[DIAG] _physics_process: camera target set to character (state: 3)
[GLIDE],8.03333333333331,0.27468061473825,0.0,0.13734030736913,-0.27468061473825,9.91226476563653,17.2287553642187,2.84123910389976,3.85929985659839,2.56841010907436,802.13916015625,110.984924316406,26.4
[VERBATIM] DIAGNOSIS turning block executed
[DIAG] _turn_input = -0.5
[DIAG] _poll_controls: ENTER, state=3
[VERBATIM] POLL: _poll_controls() entered, game_state=3
[VERBATIM] POLL: checking deploy state=3 canopy=true
[VERBATIM] POLL: turnleft pressed - left turn
[AUDIT] poll_forensic_hud: ENTER
[ARMTEL],8.31666666666666,L,true,0.01666666666667,6.19791666666667,2.19744491790601,3.56356729205364,0.43690445670701,1.02544382438902,0.29177134514473,27.7182813094962,-2.0,20.0000085715136,0.41666666666667
[DIAG] _physics_process: ENTER, state=3
[DIAG] _physics_process: camera target set to character (state: 3)
[GLIDE],8.04999999999998,0.29177134514473,0.0,0.14588567257237,-0.29177134514473,9.84458547322685,18.2432357582841,3.1452930332045,3.83958798494951,2.56396923623468,802.148132324219,111.148750305176,26.4
[VERBATIM] DIAGNOSIS turning block executed
[DIAG] _turn_input = -0.5
[DIAG] _poll_controls: ENTER, state=3
[VERBATIM] POLL: _poll_controls() entered, game_state=3
[VERBATIM] POLL: checking deploy state=3 canopy=true
[VERBATIM] POLL: turnleft pressed - left turn
[AUDIT] poll_forensic_hud: ENTER
[ARMTEL],8.33333333333333,L,true,0.01666666666667,6.24583333333333,2.33417076115788,3.58905338536155,0.3226091868139,1.03082064416925,0.30895168921422,29.3504142034093,-2.0,20.0000085715136,0.43333333333333
[DIAG] _physics_process: ENTER, state=3
[DIAG] _physics_process: camera target set to character (state: 3)
[GLIDE],8.06666666666665,0.30895168921422,0.0,0.15447584460711,-0.30895168921422,9.77655131071168,19.2562462942635,3.46623047144222,3.82021530273365,2.55916238640158,802.157958984375,111.311393737793,26.4
[VERBATIM] DIAGNOSIS turning block executed
[DIAG] _turn_input = -0.5
[DIAG] _poll_controls: ENTER, state=3
[VERBATIM] POLL: _poll_controls() entered, game_state=3
[VERBATIM] POLL: checking deploy state=3 canopy=true
[VERBATIM] POLL: turnleft pressed - left turn
[AUDIT] poll_forensic_hud: ENTER
[ARMTEL],8.34999999999999,L,true,0.01666666666667,6.29375,2.47161351371378,3.60787225459236,0.21426423169386,1.03439171469748,0.32619155112585,30.9882012930436,-2.0,20.0000085715136,0.45
[DIAG] _physics_process: ENTER, state=3
[DIAG] _physics_process: camera target set to character (state: 3)
[GLIDE],8.08333333333331,0.32619155112585,0.0,0.16309577556292,-0.32619155112585,9.70828145754165,20.2659238436155,3.80399586883581,3.80122891344617,2.55398495554959,802.168701171875,111.472839355469,26.4
[VERBATIM] DIAGNOSIS turning block executed
[DIAG] _turn_input = -0.5
[DIAG] _poll_controls: ENTER, state=3
[VERBATIM] POLL: _poll_controls() entered, game_state=3
[VERBATIM] POLL: checking deploy state=3 canopy=true
[VERBATIM] POLL: turnleft pressed - left turn
[AUDIT] poll_forensic_hud: ENTER
[ARMTEL],8.36666666666666,L,true,0.01666666666667,6.34166666666667,2.60953240900677,3.62037100144117,0.11176325621872,1.03625443563446,0.34346245838642,32.6289376912027,-2.0,20.0000085715136,0.46666666666667
[DIAG] _physics_process: ENTER, state=3
[DIAG] _physics_process: camera target set to character (state: 3)
[GLIDE],8.09999999999998,0.34346245838642,0.0,0.17173122919321,-0.34346245838642,9.63988866478977,21.2705468942671,4.15850498374026,3.78267129995062,2.54843413566376,802.180358886719,111.633079528809,26.4
[VERBATIM] DIAGNOSIS turning block executed
[DIAG] _turn_input = -0.5
[DIAG] _poll_controls: ENTER, state=3
[VERBATIM] POLL: _poll_controls() entered, game_state=3
[VERBATIM] POLL: checking deploy state=3 canopy=true
[VERBATIM] POLL: turnleft pressed - left turn
[AUDIT] poll_forensic_hud: ENTER
[ARMTEL],8.38333333333333,L,true,0.01666666666667,6.38958333333333,2.74769966709137,3.6268905247206,0.01499314152137,1.03650432132648,0.36073753040853,34.2700697417578,-2.0,21.2389544456219,0.48333333333333
[DIAG] _physics_process: ENTER, state=3
[DIAG] _physics_process: camera target set to character (state: 3)
[GLIDE],8.11666666666665,0.36073753040853,0.0,0.18036876520426,-0.36073753040853,9.57147937958223,22.2685308172853,4.52964716402835,3.76458042904734,2.54250893558525,802.192932128906,111.792106628418,26.4
[VERBATIM] DIAGNOSIS turning block executed
[DIAG] _turn_input = -0.5
[DIAG] _poll_controls: ENTER, state=3
[VERBATIM] POLL: _poll_controls() entered, game_state=3
[VERBATIM] POLL: checking deploy state=3 canopy=true
[VERBATIM] POLL: turnleft pressed - left turn
[DEBUG] _input (build_terrain) called, event=InputEventKey: keycode=81 (Q), mods=none, physical=false, location=unspecified, pressed=true, echo=true
[AUDIT] poll_forensic_hud: ENTER
[ARMTEL],8.4,L,true,0.01666666666667,6.4375,2.88590024326823,3.62776512464268,-0.07616536791091,1.03523489852796,0.377991445384,35.9091918726266,-2.0,23.2297908817255,0.5
[DIAG] _physics_process: ENTER, state=3
[DIAG] _physics_process: camera target set to character (state: 3)
[GLIDE],8.13333333333332,0.377991445384,0.0,0.188995722692,-0.377991445384,9.50315387627938,23.2584229167688,4.9172875459745,3.74698987194131,2.53621018499199,802.206481933594,111.949913024902,26.4
[VERBATIM] DIAGNOSIS turning block executed
[DIAG] _turn_input = -0.5
[DIAG] _poll_controls: ENTER, state=3
[VERBATIM] POLL: _poll_controls() entered, game_state=3
[VERBATIM] POLL: checking deploy state=3 canopy=true
[VERBATIM] POLL: turnleft pressed - left turn
[AUDIT] poll_forensic_hud: ENTER
[ARMTEL],8.41666666666666,L,true,0.01666666666667,6.48541666666667,3.02393156307196,3.62332214484787,-0.16183704125317,1.03253761450708,0.39520040562578,37.5440433032533,-2.0,25.2154402329318,0.51666666666667
[DIAG] _physics_process: ENTER, state=3
[DIAG] _physics_process: camera target set to character (state: 3)
[GLIDE],8.14999999999998,0.39520040562578,0.0,0.19760020281289,-0.39520040562578,9.43500639372191,24.2388973120188,5.32126916784148,3.72992893924055,2.52954052139207,802.221069335938,112.106483459473,26.4
[VERBATIM] DIAGNOSIS turning block executed
[DIAG] _turn_input = -0.5
[DIAG] _poll_controls: ENTER, state=3
[VERBATIM] POLL: _poll_controls() entered, game_state=3
[VERBATIM] POLL: checking deploy state=3 canopy=true
[VERBATIM] POLL: turnleft pressed - left turn
[AUDIT] poll_forensic_hud: ENTER
[ARMTEL],8.43333333333333,L,true,0.01666666666667,6.53333333333333,3.16160324500624,3.61388165077477,-0.24215156244768,1.02850175513295,0.41234210154466,39.1725046223925,-2.0,27.1933283157492,0.53333333333333
[DIAG] _physics_process: ENTER, state=3
[DIAG] _physics_process: camera target set to character (state: 3)
[GLIDE],8.16666666666665,0.41234210154466,0.0,0.20617105077233,-0.41234210154466,9.36712527788314,25.2087496970259,5.74141499612525,3.71342282908847,2.52250436026497,802.236694335938,112.261817932129,26.4
[VERBATIM] DIAGNOSIS turning block executed
[DIAG] _turn_input = -0.5
[DIAG] _poll_controls: ENTER, state=3
[VERBATIM] POLL: _poll_controls() entered, game_state=3
[VERBATIM] POLL: checking deploy state=3 canopy=true
[VERBATIM] POLL: turnleft pressed - left turn
[DEBUG] _input (build_terrain) called, event=InputEventKey: keycode=81 (Q), mods=none, physical=false, location=unspecified, pressed=true, echo=true
[AUDIT] poll_forensic_hud: ENTER
[ARMTEL],8.45,L,true,0.01666666666667,6.58125,3.2987368123573,3.59975614296533,-0.31724295532262,1.02321437254424,0.4293956744204,40.7925942513696,-2.0,29.1610483546529,0.55
[DIAG] _physics_process: ENTER, state=3
[DIAG] _physics_process: camera target set to character (state: 3)
[GLIDE],8.18333333333332,0.4293956744204,0.0,0.2146978372102,-0.4293956744204,9.29959312929522,26.1668920183915,6.17752986309844,3.69749278700757,2.51510784874891,802.253356933594,112.415908813477,26.4
[VERBATIM] DIAGNOSIS turning block executed
[DIAG] _turn_input = -0.5
[DIAG] _poll_controls: ENTER, state=3
[VERBATIM] POLL: _poll_controls() entered, game_state=3
[VERBATIM] POLL: checking deploy state=3 canopy=true
[VERBATIM] POLL: turnleft pressed - left turn
[AUDIT] poll_forensic_hud: ENTER
[ARMTEL],8.46666666666667,L,true,0.01666666666667,6.62916666666667,3.4351653953632,3.58125030390484,-0.38724903260137,1.01676022200088,0.44634167812041,42.402464807355,-2.0,31.1163565650102,0.56666666666667
[DIAG] _physics_process: ENTER, state=3
[DIAG] _physics_process: camera target set to character (state: 3)
[GLIDE],8.19999999999999,0.44634167812041,0.0,0.22317083906021,-0.44634167812041,9.23248695464316,27.1123471090204,6.62940231491544,3.68215627601046,2.5073588035341,802.271118164062,112.568756103516,26.4
[VERBATIM] DIAGNOSIS turning block executed
[DIAG] _turn_input = -0.5
[DIAG] _poll_controls: ENTER, state=3
[VERBATIM] POLL: _poll_controls() entered, game_state=3
[VERBATIM] POLL: checking deploy state=3 canopy=true
[VERBATIM] POLL: turnleft pressed - left turn
[AUDIT] poll_forensic_hud: ENTER
[ARMTEL],8.48333333333333,L,true,0.01666666666667,6.67708333333333,3.57073342496331,3.55866077700309,-0.45231086863307,1.00922170752367,0.46316203991248,44.0003993805688,-2.0,33.0571676314665,0.58333333333333
[DIAG] _physics_process: ENTER, state=3
[DIAG] _physics_process: camera target set to character (state: 3)
[GLIDE],8.21666666666665,0.46316203991248,0.0,0.23158101995624,-0.46316203991248,9.1658783219466,28.0442433112752,7.09680637010336,3.66742715552054,2.49926663387146,802.289978027344,112.720352172852,26.4
[VERBATIM] DIAGNOSIS turning block executed
[DIAG] _turn_input = -0.5
[DIAG] _poll_controls: ENTER, state=3
[VERBATIM] POLL: _poll_controls() entered, game_state=3
[VERBATIM] POLL: checking deploy state=3 canopy=true
[VERBATIM] POLL: turnleft pressed - left turn
[DEBUG] _input (build_terrain) called, event=InputEventKey: keycode=81 (Q), mods=none, physical=false, location=unspecified, pressed=true, echo=true
[AUDIT] poll_forensic_hud: ENTER
[ARMTEL],8.5,L,true,0.01666666666667,6.725,3.7052963192998,3.53227597633283,-0.51257229563263,1.00067883592979,0.47984002051131,45.5848077387075,-2.0,34.9815500979381,0.6
[DIAG] _physics_process: ENTER, state=3
[DIAG] _physics_process: camera target set to character (state: 3)
[GLIDE],8.23333333333332,0.47984002051131,0.0,0.23992001025565,-0.47984002051131,9.09983351877523,28.9618091197947,7.57950318876661,3.65331586764025,2.490842250838,802.309997558594,112.87068939209,26.4
[VERBATIM] DIAGNOSIS turning block executed
[DIAG] _turn_input = -0.5
[DIAG] _poll_controls: ENTER, state=3
[VERBATIM] POLL: _poll_controls() entered, game_state=3
[VERBATIM] POLL: checking deploy state=3 canopy=true
[VERBATIM] POLL: turnleft pressed - left turn
[AUDIT] poll_forensic_hud: ENTER
[ARMTEL],8.51666666666667,L,true,0.01666666666667,6.77291666666667,3.83872016409044,3.50237592575426,-0.56817942317803,0.99120917887682,0.49636017349259,47.1542224712745,-2.0,36.887721684613,0.61666666666667
[DIAG] _physics_process: ENTER, state=3
[DIAG] _physics_process: camera target set to character (state: 3)
[GLIDE],8.24999999999999,0.49636017349259,0.0,0.24818008674629,-0.49636017349259,9.03441371296936,29.8643678708573,8.0772426532809,3.63982962931121,2.48209796420582,802.331176757812,113.01976776123,26.4
[VERBATIM] DIAGNOSIS turning block executed
[DIAG] _turn_input = -0.5
[DIAG] _poll_controls: ENTER, state=3
[VERBATIM] POLL: _poll_controls() entered, game_state=3
[VERBATIM] POLL: checking deploy state=3 canopy=true
[VERBATIM] POLL: turnleft pressed - left turn
[AUDIT] poll_forensic_hud: ENTER
[ARMTEL],8.53333333333334,L,true,0.01666666666667,6.82083333333333,3.97088138794068,3.46923212606887,-0.61928018067622,0.98088784253222,0.51270830420146,48.7072950858868,-2.0,38.7740445466233,0.63333333333333
[DIAG] _physics_process: ENTER, state=3
[DIAG] _physics_process: camera target set to character (state: 3)
[GLIDE],8.26666666666666,0.51270830420146,0.0,0.25635415210073,-0.51270830420146,8.96967511536223,30.7513325020175,8.58976486164785,3.62697262892829,2.47304736843647,802.353515625,113.167587280273,26.4
[VERBATIM] DIAGNOSIS turning block executed
[DIAG] _turn_input = -0.5
[DIAG] _poll_controls: ENTER, state=3
[VERBATIM] POLL: _poll_controls() entered, game_state=3
[VERBATIM] POLL: checking deploy state=3 canopy=true
[VERBATIM] POLL: turnleft pressed - left turn
[DEBUG] _input (build_terrain) called, event=InputEventKey: keycode=81 (Q), mods=none, physical=false, location=unspecified, pressed=true, echo=true
[AUDIT] poll_forensic_hud: ENTER
[ARMTEL],8.55,L,true,0.01666666666667,6.86875,4.10166643361165,3.43310744886276,-0.66602388247441,0.96978744449098,0.52887142827631,50.2427920680347,-2.0,40.6390204883286,0.65
[DIAG] _physics_process: ENTER, state=3
[DIAG] _physics_process: camera target set to character (state: 3)
[GLIDE],8.28333333333332,0.52887142827631,0.0,0.26443571413815,-0.52887142827631,8.90566914402583,31.6222004027686,9.11680153502733,3.61474622599969,2.46370521946195,802.377014160156,113.314140319824,26.4
[VERBATIM] DIAGNOSIS turning block executed
[DIAG] _turn_input = -0.5
[DIAG] _poll_controls: ENTER, state=3
[VERBATIM] POLL: _poll_controls() entered, game_state=3
[VERBATIM] POLL: checking deploy state=3 canopy=true
[VERBATIM] POLL: turnleft pressed - left turn
[AUDIT] poll_forensic_hud: ENTER
[ARMTEL],8.56666666666667,L,true,0.01666666666667,6.91666666666667,4.23097142621044,3.39425605571842,-0.7085608152622,0.95797809756994,0.54483772990247,51.7595909151826,-2.0,42.4812861464351,0.66666666666667
[DIAG] _physics_process: ENTER, state=3
[DIAG] _physics_process: camera target set to character (state: 3)
[GLIDE],8.29999999999999,0.54483772990247,0.0,0.27241886495124,-0.54483772990247,8.84244258958621,32.476548374193,9.65807734126388,3.60314915248606,2.45408730401438,802.401733398438,113.459426879883,26.4
[VERBATIM] DIAGNOSIS turning block executed
[DIAG] _turn_input = -0.5
[DIAG] _poll_controls: ENTER, state=3
[VERBATIM] POLL: _poll_controls() entered, game_state=3
[VERBATIM] POLL: checking deploy state=3 canopy=true
[VERBATIM] POLL: turnleft pressed - left turn
[AUDIT] poll_forensic_hud: ENTER
[ARMTEL],8.58333333333334,L,true,0.01666666666667,6.96458333333333,4.35870183921977,3.35292334149479,-0.74704184738123,0.94552740011359,0.56059651990436,53.2566761555206,-2.0,44.2996081544712,0.68333333333333
[DIAG] _physics_process: ENTER, state=3
[DIAG] _physics_process: camera target set to character (state: 3)
[GLIDE],8.31666666666666,0.56059651990436,0.0,0.28029825995218,-0.56059651990436,8.78003778117872,33.3140277129481,10.2133111364797,3.59217771450462,2.44421030332836,802.427673339844,113.603439331055,26.4
[VERBATIM] DIAGNOSIS turning block executed
[DIAG] _turn_input = -0.5
[DIAG] _poll_controls: ENTER, state=3
[VERBATIM] POLL: _poll_controls() entered, game_state=3
[VERBATIM] POLL: checking deploy state=3 canopy=true
[VERBATIM] POLL: turnleft pressed - left turn
[DEBUG] _input (build_terrain) called, event=InputEventKey: keycode=81 (Q), mods=none, physical=false, location=unspecified, pressed=true, echo=true
[AUDIT] poll_forensic_hud: ENTER
[ARMTEL],8.60000000000001,L,true,0.01666666666667,7.0125,4.48477215923491,3.30934590039755,-0.78161805963247,0.93250043245305,0.57613819377858,54.7331353611095,-2.0,46.0928783004541,0.7
[DIAG] _physics_process: ENTER, state=3
[DIAG] _physics_process: camera target set to character (state: 3)
[GLIDE],8.33333333333333,0.57613819377858,0.0,0.28806909688929,-0.57613819377858,8.71849275263682,34.1343594325033,10.7822171270214,3.58182599314695,2.43409165306125,802.454833984375,113.746185302734,26.4
[VERBATIM] DIAGNOSIS turning block executed
[DIAG] _turn_input = -0.5
[DIAG] _poll_controls: ENTER, state=3
[VERBATIM] POLL: _poll_controls() entered, game_state=3
[VERBATIM] POLL: checking deploy state=3 canopy=true
[VERBATIM] POLL: turnleft pressed - left turn
[AUDIT] poll_forensic_hud: ENTER
[ARMTEL],8.61666666666667,L,true,0.01666666666667,7.06041666666667,4.60910555022865,3.26375151358566,-0.81244039714765,0.91895975916725,0.5914541897647,56.1881551646061,-2.0,47.8601086889047,0.71666666666667
[DIAG] _physics_process: ENTER, state=3
[DIAG] _physics_process: camera target set to character (state: 3)
[GLIDE],8.34999999999999,0.5914541897647,0.0,0.29572709488235,-0.5914541897647,8.65784140853178,34.9373296322949,11.3645059542263,3.57208604323127,2.42374940126022,802.483276367188,113.887657165527,26.4
[VERBATIM] DIAGNOSIS turning block executed
[DIAG] _turn_input = -0.5
[DIAG] _poll_controls: ENTER, state=3
[VERBATIM] POLL: _poll_controls() entered, game_state=3
[VERBATIM] POLL: checking deploy state=3 canopy=true
[VERBATIM] POLL: turnleft pressed - left turn
[AUDIT] poll_forensic_hud: ENTER
[ARMTEL],8.63333333333334,L,true,0.01666666666667,7.10833333333333,4.73163351811762,3.21635915708538,-0.83965934186967,0.90496543680276,0.60653694704475,57.621017288211,-2.0,49.6004269177077,0.73333333333333
[DIAG] _physics_process: ENTER, state=3
[DIAG] _physics_process: camera target set to character (state: 3)
[GLIDE],8.36666666666666,0.60653694704475,0.0,0.30326847352237,-0.60653694704475,8.5981136897028,35.7227850233871,11.9598857046161,3.56294808889039,2.41320206615205,802.513000488281,114.027847290039,26.4
[VERBATIM] DIAGNOSIS turning block executed
[DIAG] _turn_input = -0.5
[DIAG] _poll_controls: ENTER, state=3
[VERBATIM] POLL: _poll_controls() entered, game_state=3
[VERBATIM] POLL: checking deploy state=3 canopy=true
[VERBATIM] POLL: turnleft pressed - left turn
[DEBUG] _input (build_terrain) called, event=InputEventKey: keycode=81 (Q), mods=none, physical=false, location=unspecified, pressed=true, echo=true
[AUDIT] poll_forensic_hud: ENTER
[ARMTEL],8.65000000000001,L,true,0.01666666666667,7.15625,4.85229557635799,3.16737902880965,-0.86342460516764,0.89057502671663,0.62137986415669,59.0310945929522,-2.0,51.3130712796709,0.75
[DIAG] _physics_process: ENTER, state=3
[DIAG] _physics_process: camera target set to character (state: 3)
[GLIDE],8.38333333333333,0.62137986415669,0.0,0.31068993207835,-0.62137986415669,8.5393357379395,36.4906286173283,12.5680628482382,3.55440071498323,2.40246849544643,802.5439453125,114.16675567627,26.4
[VERBATIM] DIAGNOSIS turning block executed
[DIAG] _turn_input = -0.5
[DIAG] _poll_controls: ENTER, state=3
[VERBATIM] POLL: _poll_controls() entered, game_state=3
[VERBATIM] POLL: checking deploy state=3 canopy=true
[VERBATIM] POLL: turnleft pressed - left turn
[AUDIT] poll_forensic_hud: ENTER
[ARMTEL],8.66666666666668,L,true,0.01666666666667,7.20416666666667,4.97103891325354,3.11701259350821,-0.88388484009508,0.87584361271505,0.63597725770194,60.4178471558949,-2.0,52.997385998003,0.76666666666667
[DIAG] _physics_process: ENTER, state=3
[DIAG] _physics_process: camera target set to character (state: 3)
[GLIDE],8.4,0.63597725770194,0.0,0.31798862885097,-0.63597725770194,8.48153005950031,37.2408155831526,13.1887431079575,3.54643105341016,2.39156772872962,802.576171875,114.304382324219,26.4
[VERBATIM] DIAGNOSIS turning block executed
[DIAG] _turn_input = -0.5
[DIAG] _poll_controls: ENTER, state=3
[VERBATIM] POLL: _poll_controls() entered, game_state=3
[VERBATIM] POLL: checking deploy state=3 canopy=true
[VERBATIM] POLL: turnleft pressed - left turn
[AUDIT] poll_forensic_hud: ENTER
[ARMTEL],8.68333333333334,L,true,0.01666666666667,7.25208333333333,5.08781806161555,3.06545264450266,-0.90118737278487,0.86082382316863,0.65032432142142,61.7808183823683,-2.0,54.6528165043228,0.78333333333333
[DIAG] _physics_process: ENTER, state=3
[DIAG] _physics_process: camera target set to character (state: 3)
[GLIDE],8.41666666666666,0.65032432142142,0.0,0.32516216071071,-0.65032432142142,8.42471568717118,37.9733492759079,13.8216322625559,3.53902496350795,2.38051886438813,802.609741210938,114.440727233887,26.4
[VERBATIM] DIAGNOSIS turning block executed
[DIAG] _turn_input = -0.5
[DIAG] _poll_controls: ENTER, state=3
[VERBATIM] POLL: _poll_controls() entered, game_state=3
[VERBATIM] POLL: checking deploy state=3 canopy=true
[VERBATIM] POLL: turnleft pressed - left turn
[DEBUG] _input (build_terrain) called, event=InputEventKey: keycode=81 (Q), mods=none, physical=false, location=unspecified, pressed=true, echo=true
[AUDIT] poll_forensic_hud: ENTER
[ARMTEL],8.70000000000001,L,true,0.01666666666667,7.3,5.20259457137136,3.01288338109021,-0.91547795246157,0.84556585729427,0.66441708570966,63.1196311598055,-2.0,56.2789047672091,0.8
[DIAG] _physics_process: ENTER, state=3
[DIAG] _physics_process: camera target set to character (state: 3)
[GLIDE],8.43333333333333,0.66441708570966,0.0,0.33220854285483,-0.66441708570966,8.36890834058975,38.688277438668,14.4664368865337,3.5321672057989,2.36934093234606,802.644592285156,114.575790405273,26.4
[VERBATIM] DIAGNOSIS turning block executed
[DIAG] _turn_input = -0.5
[DIAG] _poll_controls: ENTER, state=3
[VERBATIM] POLL: _poll_controls() entered, game_state=3
[VERBATIM] POLL: checking deploy state=3 canopy=true
[VERBATIM] POLL: turnleft pressed - left turn
[AUDIT] poll_forensic_hud: ENTER
[ARMTEL],8.71666666666668,L,true,0.01666666666667,7.34791666666667,5.31533668567726,2.95948050052995,-0.92690051954055,0.83011751530193,0.67825237763136,64.4339840593146,-2.0,57.8752846787256,0.81666666666667
[DIAG] _physics_process: ENTER, state=3
[DIAG] _physics_process: camera target set to character (state: 3)
[GLIDE],8.45,0.67825237763136,0.0,0.33912618881568,-0.67825237763136,8.31412058457983,39.3856885787228,15.1228650295124,3.52584160846738,2.35805277373019,802.680725097656,114.70955657959,26.4
[VERBATIM] DIAGNOSIS turning block executed
[DIAG] _turn_input = -0.5
[DIAG] _poll_controls: ENTER, state=3
[VERBATIM] POLL: _poll_controls() entered, game_state=3
[VERBATIM] POLL: checking deploy state=3 canopy=true
[VERBATIM] POLL: turnleft pressed - left turn
[AUDIT] poll_forensic_hud: ENTER
[ARMTEL],8.73333333333335,L,true,0.01666666666667,7.39583333333334,5.42601902105086,2.90541130355675,-0.93559699127427,0.81452423211402,0.69182778149992,65.7236475906401,-2.0,59.4416775057909,0.83333333333333
[DIAG] _physics_process: ENTER, state=3
[DIAG] _physics_process: camera target set to character (state: 3)
[GLIDE],8.46666666666667,0.69182778149992,0.0,0.34591389074996,-0.69182778149992,8.2603619852603,40.0657085175064,15.7906268381375,3.52003122603629,2.34667292839951,802.718200683594,114.84203338623,26.4
[VERBATIM] DIAGNOSIS turning block executed
[DIAG] _turn_input = -0.5
[DIAG] _poll_controls: ENTER, state=3
[VERBATIM] POLL: _poll_controls() entered, game_state=3
[VERBATIM] POLL: checking deploy state=3 canopy=true
[VERBATIM] POLL: turnleft pressed - left turn
[DEBUG] _input (build_terrain) called, event=InputEventKey: keycode=81 (Q), mods=none, physical=false, location=unspecified, pressed=false, echo=false
[AUDIT] poll_forensic_hud: ENTER
[ARMTEL],8.75000000000001,L,false,0.01666666666667,0.0,5.53462225199939,2.85083481239909,-8.38545706439848,0.67476661437405,0.70307389173949,66.7920281991036,-2.0,60.7393056708308,0.0
[DIAG] _physics_process: ENTER, state=3
[DIAG] _physics_process: camera target set to character (state: 3)
[GLIDE],8.48333333333333,0.70307389173949,0.0,0.35153694586975,-0.70307389173949,8.21582738871161,40.6258305772107,16.4677240144244,3.51551836256429,2.33701734463956,802.757019042969,114.973350524902,26.4
[VERBATIM] DIAGNOSIS turning block executed
[DIAG] _turn_input = 0.0
[DIAG] _poll_controls: ENTER, state=3
[VERBATIM] POLL: _poll_controls() entered, game_state=3
[VERBATIM] POLL: checking deploy state=3 canopy=true
[AUDIT] poll_forensic_hud: ENTER
[ARMTEL],8.76666666666668,L,false,0.01666666666667,0.0,5.62459113391593,2.36168315030917,-7.98627428422511,0.5416620429703,0.71210159245566,67.6496598760754,-2.0,61.7809634943189,0.0
[DIAG] _physics_process: ENTER, state=3
[DIAG] _physics_process: camera target set to character (state: 3)
[GLIDE],8.5,0.71210159245566,0.0,0.35605079622783,-0.71210159245566,8.18007769387557,41.0733524383336,17.1522798883966,3.51209462221924,2.32911654547243,802.797241210938,115.103622436523,26.4
[VERBATIM] DIAGNOSIS turning block executed
[DIAG] _turn_input = 0.0
[DIAG] _poll_controls: ENTER, state=3
[VERBATIM] POLL: _poll_controls() entered, game_state=3
[VERBATIM] POLL: checking deploy state=3 canopy=true
[AUDIT] poll_forensic_hud: ENTER
[ARMTEL],8.78333333333335,L,false,0.01666666666667,0.0,5.6968127396453,1.89581715039604,-7.59262989004135,0.41511821146961,0.71902022931349,68.3069304610547,-2.0,62.5792677843491,0.0
[DIAG] _physics_process: ENTER, state=3
[DIAG] _physics_process: camera target set to character (state: 3)
[GLIDE],8.51666666666667,0.71902022931349,0.0,0.35951011465674,-0.71902022931349,8.15267989191858,41.4150514717755,17.8425307462595,3.50959154314581,2.3229711468392,802.8388671875,115.232963562012,26.4
[VERBATIM] DIAGNOSIS turning block executed
[DIAG] _turn_input = 0.0
[DIAG] _poll_controls: ENTER, state=3
[VERBATIM] POLL: _poll_controls() entered, game_state=3
[VERBATIM] POLL: checking deploy state=3 canopy=true
[AUDIT] poll_forensic_hud: ENTER
[ARMTEL],8.80000000000002,L,false,0.01666666666667,0.0,5.75216183450792,1.45291374014363,-7.20507557465155,0.29503361855875,0.72393745628947,68.7740670831079,-2.0,63.146640154173,0.0
[DIAG] _physics_process: ENTER, state=3
[DIAG] _physics_process: camera target set to character (state: 3)
[GLIDE],8.53333333333334,0.72393745628947,0.0,0.36196872814473,-0.72393745628947,8.1332076730937,41.6572333831889,18.5368179693127,3.50787663991925,2.31855578401438,802.881958007812,115.361480712891,26.4
[VERBATIM] DIAGNOSIS turning block executed
[DIAG] _turn_input = 0.0
[DIAG] _poll_controls: ENTER, state=3
[VERBATIM] POLL: _poll_controls() entered, game_state=3
[VERBATIM] POLL: checking deploy state=3 canopy=true
[AUDIT] poll_forensic_hud: ENTER
[ARMTEL],8.81666666666668,L,false,0.01666666666667,0.0,5.79149965031575,1.03261766495562,-6.82411731527138,0.18129832997089,0.72695909512232,69.06112280869,-2.0,63.4952908049809,0.0
[DIAG] _physics_process: ENTER, state=3
[DIAG] _physics_process: camera target set to character (state: 3)
[GLIDE],8.55,0.72695909512232,0.0,0.36347954756116,-0.72695909512232,8.12124198331562,41.8057777037331,19.2335809310416,3.50684935429953,2.31582288339779,802.926574707031,115.489280700684,26.4
[VERBATIM] DIAGNOSIS turning block executed
[DIAG] _turn_input = 0.0
[DIAG] _poll_controls: ENTER, state=3
[VERBATIM] POLL: _poll_controls() entered, game_state=3
[VERBATIM] POLL: checking deploy state=3 canopy=true
[AUDIT] poll_forensic_hud: ENTER
[ARMTEL],8.83333333333335,L,false,0.01666666666667,0.0,5.81567276097854,0.63454415489813,-6.45021691587667,0.07379471470628,0.72818900703409,69.1779644551494,-2.0,63.6372037244912,0.0
[DIAG] _physics_process: ENTER, state=3
[DIAG] _physics_process: camera target set to character (state: 3)
[GLIDE],8.56666666666667,0.72818900703409,0.0,0.36409450351704,-0.72818900703409,8.11637153214501,41.8661801046271,19.931350599452,3.5064370094464,2.31470621325276,802.972717285156,115.61644744873,26.4
[VERBATIM] DIAGNOSIS turning block executed
[DIAG] _turn_input = 0.0
[DIAG] _poll_controls: ENTER, state=3
[VERBATIM] POLL: _poll_controls() entered, game_state=3
[VERBATIM] POLL: checking deploy state=3 canopy=true
[AUDIT] poll_forensic_hud: ENTER
[ARMTEL],8.85000000000002,L,false,0.01666666666667,0.0,5.82551205627271,0.25828150147199,-6.0837935577447,-0.02760184458946,0.72772897629093,69.1342615289983,-2.0,63.5841232516531,0.0
[DIAG] _physics_process: ENTER, state=3
[DIAG] _physics_process: camera target set to character (state: 3)
[GLIDE],8.58333333333334,0.72772897629093,0.0,0.36386448814547,-0.72772897629093,8.11819325388791,41.8435915449601,20.628743791868,3.50659084808937,2.31512417774981,803.020385742188,115.743072509766,26.4
[VERBATIM] DIAGNOSIS turning block executed
[DIAG] _turn_input = 0.0
[DIAG] _poll_controls: ENTER, state=3
[VERBATIM] POLL: _poll_controls() entered, game_state=3
[VERBATIM] POLL: checking deploy state=3 canopy=true
[AUDIT] poll_forensic_hud: ENTER
[ARMTEL],8.86666666666669,L,false,0.01666666666667,0.0,5.82183181032745,-0.09660645606312,-5.72522535426433,-0.12302226716053,0.72567860517159,68.9394762479194,-2.0,63.3475419576265,0.0
[DIAG] _physics_process: ENTER, state=3
[DIAG] _physics_process: camera target set to character (state: 3)
[GLIDE],8.60000000000001,0.72567860517159,0.0,0.36283930258579,-0.72567860517159,8.12631272352051,41.742854290477,21.3244580300426,3.50728222094488,2.31698284072824,803.069641113281,115.869239807129,26.4
[VERBATIM] DIAGNOSIS turning block executed
[DIAG] _turn_input = 0.0
[DIAG] _poll_controls: ENTER, state=3
[VERBATIM] POLL: _poll_controls() entered, game_state=3
[VERBATIM] POLL: checking deploy state=3 canopy=true
[AUDIT] poll_forensic_hud: ENTER
[ARMTEL],8.88333333333335,L,false,0.01666666666667,0.0,5.80542884137271,-0.43057793506187,-5.37485090631084,-0.21260311559905,0.7221352199116,68.6028546054636,-2.0,62.9386897931897,0.0
[DIAG] _physics_process: ENTER, state=3
[DIAG] _physics_process: camera target set to character (state: 3)
[GLIDE],8.61666666666667,0.7221352199116,0.0,0.3610676099558,-0.7221352199116,8.14034452915005,41.568534865681,22.0172669444707,3.50849897823844,2.32017868029626,803.120483398438,115.995018005371,26.4
[VERBATIM] DIAGNOSIS turning block executed
[DIAG] _turn_input = 0.0
[DIAG] _poll_controls: ENTER, state=3
[VERBATIM] POLL: _poll_controls() entered, game_state=3
[VERBATIM] POLL: checking deploy state=3 canopy=true
[AUDIT] poll_forensic_hud: ENTER
[ARMTEL],8.90000000000002,L,false,0.01666666666667,0.0,5.77708175929284,-0.74411090459667,-5.03297085469617,-0.29648596317732,0.71719378719198,68.1334184374722,-2.0,62.3685244528153,0.0
[DIAG] _physics_process: ENTER, state=3
[DIAG] _physics_process: camera target set to character (state: 3)
[GLIDE],8.63333333333334,0.71719378719198,0.0,0.35859689359599,-0.71719378719198,8.15991260271975,41.3249540227888,22.7060161781838,3.51024210473587,2.32460108427015,803.172973632812,116.120475769043,26.4
[VERBATIM] DIAGNOSIS turning block executed
[DIAG] _turn_input = 0.0
[DIAG] _poll_controls: ENTER, state=3
[VERBATIM] POLL: _poll_controls() entered, game_state=3
[VERBATIM] POLL: checking deploy state=3 canopy=true
[AUDIT] poll_forensic_hud: ENTER
[ARMTEL],8.91666666666669,L,false,0.01666666666667,0.0,5.73755029753586,-1.03770087112061,-4.69984942641525,-0.37481678695091,0.7109468407428,67.5399584494193,-2.0,61.647722905856,0.0
[DIAG] _physics_process: ENTER, state=3
[DIAG] _physics_process: camera target set to character (state: 3)
[GLIDE],8.65000000000001,0.7109468407428,0.0,0.3554734203714,-0.7109468407428,8.18465051065851,41.0162138290432,23.3896197420012,3.51252262735576,2.33013460096055,803.227111816406,116.245674133301,26.4
[VERBATIM] DIAGNOSIS turning block executed
[DIAG] _turn_input = 0.0
[DIAG] _poll_controls: ENTER, state=3
[VERBATIM] POLL: _poll_controls() entered, game_state=3
[VERBATIM] POLL: checking deploy state=3 canopy=true
[AUDIT] poll_forensic_hud: ENTER
[ARMTEL],8.93333333333336,L,false,0.01666666666667,0.0,5.68757472594241,-1.31185875432817,-4.37571597161424,-0.44774538647781,0.70348441763484,66.8310281641152,-2.0,60.7866740455782,0.0
[DIAG] _physics_process: ENTER, state=3
[DIAG] _physics_process: camera target set to character (state: 3)
[GLIDE],8.66666666666668,0.70348441763484,0.0,0.35174220881742,-0.70348441763484,8.21420170616605,40.6462219888379,24.0670567751485,3.51535881430608,2.33666096124742,803.282958984375,116.370674133301,26.4
[VERBATIM] DIAGNOSIS turning block executed
[DIAG] _turn_input = 0.0
[DIAG] _poll_controls: ENTER, state=3
[VERBATIM] POLL: _poll_controls() entered, game_state=3
[VERBATIM] POLL: checking deploy state=3 canopy=true
[AUDIT] poll_forensic_hud: ENTER
[ARMTEL],8.95000000000002,L,false,0.01666666666667,0.0,5.6278753410787,-1.56710885267233,-4.06076648840637,-0.51542482795125,0.69489400383565,66.0149387495336,-2.0,59.7954724071705,0.0
[DIAG] _physics_process: ENTER, state=3
[DIAG] _physics_process: camera target set to character (state: 3)
[GLIDE],8.68333333333334,0.69489400383565,0.0,0.34744700191782,-0.69489400383565,8.24821974481083,40.218713529258,24.7373686673028,3.5187736757959,2.3440608873332,803.340515136719,116.495529174805,26.4
[VERBATIM] DIAGNOSIS turning block executed
[DIAG] _turn_input = 0.0
[DIAG] _poll_controls: ENTER, state=3
[VERBATIM] POLL: _poll_controls() entered, game_state=3
[VERBATIM] POLL: checking deploy state=3 canopy=true
[AUDIT] poll_forensic_hud: ENTER
[ARMTEL],8.96666666666669,L,false,0.01666666666667,0.0,5.5591520306852,-1.80398689782937,-3.75516513285583,-0.57801091349885,0.68526048861067,65.0997546869147,-2.0,58.6839129063314,0.0
[DIAG] _physics_process: ENTER, state=3
[DIAG] _physics_process: camera target set to character (state: 3)
[GLIDE],8.70000000000001,0.68526048861067,0.0,0.34263024430533,-0.68526048861067,8.28636846510175,39.7372699871974,25.3996565004227,3.52279276871271,2.35221570189884,803.399780273438,116.62028503418,26.4
[VERBATIM] DIAGNOSIS turning block executed
[DIAG] _turn_input = 0.0
[DIAG] _poll_controls: ENTER, state=3
[VERBATIM] POLL: _poll_controls() entered, game_state=3
[VERBATIM] POLL: checking deploy state=3 canopy=true
[AUDIT] poll_forensic_hud: ENTER
[ARMTEL],8.98333333333336,L,false,0.01666666666667,0.0,5.48208390888535,-2.02303819724596,-3.45904571163939,-0.6356616753595,0.67466612735468,64.0932902397555,-2.0,57.4614865505933,0.0
[DIAG] _physics_process: ENTER, state=3
[DIAG] _physics_process: camera target set to character (state: 3)
[GLIDE],8.71666666666668,0.67466612735468,0.0,0.33733306367734,-0.67466612735468,8.32832213567548,39.2053362433933,26.053078771146,3.52744230119279,2.36100874927402,803.460754394531,116.744987487793,26.4
[VERBATIM] DIAGNOSIS turning block executed
[DIAG] _turn_input = 0.0
[DIAG] _poll_controls: ENTER, state=3
[VERBATIM] POLL: _poll_controls() entered, game_state=3
[VERBATIM] POLL: checking deploy state=3 canopy=true
[AUDIT] poll_forensic_hud: ENTER
[ARMTEL],9.00000000000003,L,false,0.01666666666667,0.0,5.39732901883742,-2.22481586375826,-3.17251315507916,-0.68853689461082,0.6631905124445,63.0031066848144,-2.0,56.1373770761717,0.0
[DIAG] _physics_process: ENTER, state=3
[DIAG] _physics_process: camera target set to character (state: 3)
[GLIDE],8.73333333333335,0.6631905124445,0.0,0.33159525622225,-0.6631905124445,8.37376557071979,38.6262351537289,26.6968493570414,3.53274752768733,2.37032663814546,803.5234375,116.869674682617,26.4
[VERBATIM] DIAGNOSIS turning block executed
[DIAG] _turn_input = 0.0
[DIAG] _poll_controls: ENTER, state=3
[VERBATIM] POLL: _poll_controls() entered, game_state=3
[VERBATIM] POLL: checking deploy state=3 canopy=true
[VERBATIM] Wind updated: 12.5 kts @ 240.0°
[AUDIT] poll_forensic_hud: ENTER
[ARMTEL],9.01666666666669,L,false,0.01666666666667,0.0,5.30552409955598,-2.40987913113788,-2.8956449684181,-0.73679764408446,0.65091055170976,61.8365102668342,-2.0,54.7204584638216,0.0
[DIAG] _physics_process: ENTER, state=3
[DIAG] _physics_process: camera target set to character (state: 3)
[GLIDE],8.75000000000001,0.65091055170976,0.0,0.32545527585488,-0.65091055170976,8.42239421522937,38.0031801311977,27.3302356925614,3.53873142086664,2.38006031358173,803.587890625,116.99437713623,26.4
[VERBATIM] DIAGNOSIS turning block executed
[DIAG] _turn_input = 0.0
[DIAG] _poll_controls: ENTER, state=3
[VERBATIM] POLL: _poll_controls() entered, game_state=3
[VERBATIM] POLL: checking deploy state=3 canopy=true
[AUDIT] poll_forensic_hud: ENTER
[ARMTEL],9.03333333333336,L,false,0.01666666666667,0.0,5.20728441367805,-2.5787917542956,-2.62849265938245,-0.78060585507416,0.63790045412519,60.6005508393098,-2.0,53.2192932879497,0.0
[DIAG] _physics_process: ENTER, state=3
[DIAG] _physics_process: camera target set to character (state: 3)
[GLIDE],8.76666666666668,0.63790045412519,0.0,0.31895022706259,-0.63790045412519,8.47391420166426,37.3392858332006,27.9525571231148,3.54541360342075,2.39010596492559,803.654113769531,117.119132995605,26.4
[VERBATIM] DIAGNOSIS turning block executed
[DIAG] _turn_input = 0.0
[DIAG] _poll_controls: ENTER, state=3
[VERBATIM] POLL: _poll_controls() entered, game_state=3
[VERBATIM] POLL: checking deploy state=3 canopy=true
[AUDIT] poll_forensic_hud: ENTER
[ARMTEL],9.05000000000003,L,false,0.01666666666667,0.0,5.10320363300149,-2.73212049275958,-2.37108314024192,-0.82012390741153,0.62423172233499,59.3020211543037,-2.0,51.6421318540412,0.0
[DIAG] _physics_process: ENTER, state=3
[DIAG] _physics_process: camera target set to character (state: 3)
[GLIDE],8.78333333333335,0.62423172233499,0.0,0.3121158611675,-0.62423172233499,8.52804237955342,36.6375771085453,28.5631834082572,3.55280952041355,2.40036577546683,803.722045898438,117.243965148926,26.4
[VERBATIM] DIAGNOSIS turning block executed
[DIAG] _turn_input = 0.0
[DIAG] _poll_controls: ENTER, state=3
[VERBATIM] POLL: _poll_controls() entered, game_state=3
[VERBATIM] POLL: checking deploy state=3 canopy=true
[AUDIT] poll_forensic_hud: ENTER
[ARMTEL],9.0666666666667,L,false,0.01666666666667,0.0,4.99385377867996,-2.87043367594035,-2.1234201027396,-0.85551424245719,0.60997315162737,57.9474567650245,-2.0,49.9969120803346,0.0
[DIAG] _physics_process: ENTER, state=3
[DIAG] _physics_process: camera target set to character (state: 3)
[GLIDE],8.80000000000002,0.60997315162737,0.0,0.30498657581369,-0.60997315162737,8.5845063195556,35.9009963568259,29.1615333475376,3.56092983123169,2.41074851974444,803.791748046875,117.36890411377,26.4
[VERBATIM] DIAGNOSIS turning block executed
[DIAG] _turn_input = 0.0
[DIAG] _poll_controls: ENTER, state=3
[VERBATIM] POLL: _poll_controls() entered, game_state=3
[VERBATIM] POLL: checking deploy state=3 canopy=true
[AUDIT] poll_forensic_hud: ENTER
[ARMTEL],9.08333333333336,L,false,0.01666666666667,0.0,4.879785213019,-2.99429984860016,-1.88548536441883,-0.88693899853084,0.59519083498519,56.5431365056421,-2.0,48.2912600805931,0.0
[DIAG] _physics_process: ENTER, state=3
[DIAG] _physics_process: camera target set to character (state: 3)
[GLIDE],8.81666666666668,0.59519083498519,0.0,0.2975954174926,-0.59519083498519,8.64304429345863,35.1324094499465,29.7470735050367,3.56977999923952,2.42117001476278,803.863220214844,117.49397277832,26.4
[VERBATIM] DIAGNOSIS turning block executed
[DIAG] _turn_input = 0.0
[DIAG] _poll_controls: ENTER, state=3
[VERBATIM] POLL: _poll_controls() entered, game_state=3
[VERBATIM] POLL: checking deploy state=3 canopy=true
[AUDIT] poll_forensic_hud: ENTER
[ARMTEL],9.10000000000003,L,false,0.01666666666667,0.0,4.76152667988155,-3.10428649485793,-1.65724018502362,-0.91455966828123,0.57994817384717,55.0950835136,-2.0,46.5324914057793,0.0
[DIAG] _physics_process: ENTER, state=3
[DIAG] _physics_process: camera target set to character (state: 3)
[GLIDE],8.83333333333335,0.57994817384717,0.0,0.28997408692359,-0.57994817384717,8.70340523156519,34.3346103615885,30.3193170110632,3.57936005691248,2.43155343222795,803.936462402344,117.619186401367,26.4
[VERBATIM] DIAGNOSIS turning block executed
[DIAG] _turn_input = 0.0
[DIAG] _poll_controls: ENTER, state=3
[VERBATIM] POLL: _poll_controls() entered, game_state=3
[VERBATIM] POLL: checking deploy state=3 canopy=true
[DEBUG] _input (build_terrain) called, event=InputEventKey: keycode=69 (E), mods=none, physical=false, location=unspecified, pressed=true, echo=false
[VERBATIM] INPUT: action=turn_right (E)
[AUDIT] poll_forensic_hud: ENTER
[ARMTEL],9.1166666666667,L,false,0.01666666666667,0.0,4.63958539077739,-3.20095883898431,-1.43862655179308,-0.93853677747778,0.56430589422254,53.6090667605079,-2.0,44.7276129034386,0.0
[ARMTEL],9.1166666666667,R,true,0.01666666666667,5.04791666666667,0.0,0.0,5.04791666666667,0.08413194444444,0.00140219907407,0.13320892895709,-2.0,20.0000085715136,0.01666666666667
[CTRL] pressed=turnright  key=E  state=3  deployed=true  alt_m=1805.3
[DIAG] _physics_process: ENTER, state=3
[DIAG] _physics_process: camera target set to character (state: 3)
[GLIDE],8.85000000000002,0.56430589422254,0.00140219907407,0.28285404664831,-0.56290369514847,8.75979595054539,33.4179562146081,30.8762829479733,3.58872142273334,2.44092391653892,804.011413574219,117.744491577148,26.4
[VERBATIM] DIAGNOSIS turning block executed
[DIAG] _turn_input = 0.5
[DIAG] _poll_controls: ENTER, state=3
[VERBATIM] POLL: _poll_controls() entered, game_state=3
[VERBATIM] POLL: checking deploy state=3 canopy=true
[VERBATIM] POLL: turnright pressed - right turn
[VERBATIM] ENTER _rotate_arm gate=left=false
[VERBATIM] EXIT _rotate_arm ok=true shim=physics_driven idx=32
[VERBATIM] ENTER _rotate_arm gate=left=false
[VERBATIM] EXIT _rotate_arm ok=true shim=physics_driven idx=32
[AUDIT] poll_forensic_hud: ENTER
[ARMTEL],9.13333333333337,L,false,0.01666666666667,0.0,4.51444715378035,-3.28487872117224,-1.22956843260811,-0.95902958468792,0.54832206781108,52.0906030585451,-2.0,42.8833251546263,0.0
[ARMTEL],9.13333333333337,R,true,0.01666666666667,5.09583333333333,0.01121759259259,0.29446180555556,4.79015393518518,0.1639678433642,0.00413499646348,0.39282471392652,-2.0,20.0000085715136,0.03333333333333
[DIAG] _physics_process: ENTER, state=3
[DIAG] _physics_process: camera target set to character (state: 3)
[GLIDE],8.86666666666669,0.54832206781108,0.00413499646348,0.27622853213728,-0.5441870713476,8.81227002547276,32.3899535313116,31.4161155068285,3.59778516943827,2.44935970616851,804.087951660156,117.869834899902,26.4
[VERBATIM] DIAGNOSIS turning block executed
[DIAG] _turn_input = 0.5
[AUDIT] poll_forensic_hud: ENTER
[ARMTEL],9.15000000000003,L,false,0.01666666666667,0.0,4.38657654248863,-3.35660354640771,-1.02997299608092,-0.97619580128927,0.53205213778959,50.5449595101778,-2.0,41.006025449273,0.0
[ARMTEL],9.15000000000003,R,true,0.01666666666667,5.14375,0.03307997170782,0.57388745177469,4.53678257651749,0.23958088630616,0.00812801123525,0.77216116542751,-2.0,20.0000085715136,0.05
[DIAG] _physics_process: ENTER, state=3
[DIAG] _physics_process: camera target set to character (state: 3)
[GLIDE],8.88333333333335,0.53205213778959,0.00812801123525,0.27009007451242,-0.52392412655434,8.86088660986164,31.2580732601708,31.937083394498,3.60648243937969,2.45693324695231,804.166076660156,117.995162963867,26.4
[VERBATIM] DIAGNOSIS turning block executed
[DIAG] _turn_input = 0.5
[AUDIT] poll_forensic_hud: ENTER
[ARMTEL],9.1666666666667,L,false,0.01666666666667,0.0,4.25641710231673,-3.41668530451243,-0.8397317978043,-0.99019133125267,0.51554894893538,48.977156369887,-2.0,39.1018112619666,0.0
[ARMTEL],9.1666666666667,R,true,0.01666666666667,5.19166666666667,0.06502408988197,0.83853310207154,4.28810947471315,0.31104937755137,0.01331216752777,1.26465607577337,-2.0,20.0000085715136,0.06666666666667
[DIAG] _physics_process: ENTER, state=3
[DIAG] _physics_process: camera target set to character (state: 3)
[GLIDE],8.90000000000002,0.51554894893538,0.01331216752777,0.26443055823157,-0.50223678140761,8.90570997880593,30.0297253455107,32.4375788169232,3.61475387098906,2.46371130556924,804.245666503906,118.120429992676,26.4
[VERBATIM] DIAGNOSIS turning block executed
[DIAG] _turn_input = 0.5
[AUDIT] poll_forensic_hud: ENTER
[ARMTEL],9.18333333333337,L,false,0.01666666666667,0.0,4.12439159148304,-3.46566965938435,-0.65872193209869,-1.00117003012098,0.4988627817667,47.3919702875135,-2.0,37.1764841912371,0.0
[ARMTEL],9.18333333333337,R,true,0.01666666666667,5.23958333333333,0.10649734022216,1.08867282142981,4.04441317168136,0.37845626374606,0.01961977192354,1.8638785694839,-2.0,20.0000085715136,0.08333333333333
[DIAG] _physics_process: ENTER, state=3
[DIAG] _physics_process: camera target set to character (state: 3)
[GLIDE],8.91666666666669,0.4988627817667,0.01961977192354,0.25924127684512,-0.47924300984316,8.94680908738667,28.7122348924253,32.9161160651303,3.62254902280244,2.46975514508437,804.326721191406,118.24560546875,26.4
[VERBATIM] DIAGNOSIS turning block executed
[DIAG] _turn_input = 0.5
[DIAG] _poll_controls: ENTER, state=3
[VERBATIM] POLL: _poll_controls() entered, game_state=3
[VERBATIM] POLL: checking deploy state=3 canopy=true
[VERBATIM] POLL: turnright pressed - right turn
[AUDIT] poll_forensic_hud: ENTER
[ARMTEL],9.20000000000004,L,false,0.01666666666667,0.0,3.99090225413357,-3.50409510542344,-0.48680714871013,-1.00928348259948,0.48204139039004,45.7939379037506,-2.0,35.2355543265526,0.0
[ARMTEL],9.20000000000004,R,true,0.01666666666667,5.2875,0.1569581753883,1.32459692311122,3.80594490150048,0.44188867877107,0.02698458323639,2.56353573307447,-2.0,20.0000085715136,0.1
[DIAG] _physics_process: ENTER, state=3
[DIAG] _physics_process: camera target set to character (state: 3)
[GLIDE],8.93333333333336,0.48204139039004,0.02698458323639,0.25451298681321,-0.45505680715365,8.98425714443935,27.3128199822899,33.3713297315018,3.62982580044252,2.47512074638515,804.409057617188,118.370651245117,26.4
[VERBATIM] DIAGNOSIS turning block executed
[DIAG] _turn_input = 0.5
[AUDIT] poll_forensic_hud: ENTER
[ARMTEL],9.2166666666667,L,false,0.01666666666667,0.0,3.85633112312031,-3.5324921890982,-0.32383893402211,-1.01468079816652,0.46513004375393,44.1873597692545,-2.0,33.2842450083708,0.0
[ARMTEL],9.2166666666667,R,true,0.01666666666667,5.33541666666667,0.21587666589111,1.54661037569875,3.57292962507681,0.50143750585569,0.03534187500065,3.35747855152507,-2.0,20.0000085715136,0.11666666666667
[DIAG] _physics_process: ENTER, state=3
[DIAG] _physics_process: camera target set to character (state: 3)
[GLIDE],8.95000000000002,0.46513004375393,0.03534187500065,0.25023595937729,-0.42978816875328,9.01813120173187,25.8385711761451,33.8019725844376,3.63654989098969,2.47985906204014,804.49267578125,118.495544433594,26.4
[VERBATIM] DIAGNOSIS turning block executed
[DIAG] _turn_input = 0.5
[DIAG] _poll_controls: ENTER, state=3
[VERBATIM] POLL: _poll_controls() entered, game_state=3
[VERBATIM] POLL: checking deploy state=3 canopy=true
[VERBATIM] POLL: turnright pressed - right turn
[AUDIT] poll_forensic_hud: ENTER
[ARMTEL],9.23333333333337,L,false,0.01666666666667,0.0,3.72104035003144,-3.55138279358282,-0.16965755644862,-1.01750842410733,0.44817157001881,42.5763045597833,-2.0,31.3274979477418,0.0
[ARMTEL],9.23333333333337,R,true,0.01666666666667,5.38333333333333,0.2827350000052,1.7550312704949,3.34556706283323,0.55719695690291,0.04462849094903,4.23970717868108,-2.0,20.0000085715136,0.13333333333333
[DIAG] _physics_process: ENTER, state=3
[DIAG] _physics_process: camera target set to character (state: 3)
[GLIDE],8.96666666666669,0.44817157001881,0.04462849094903,0.24640003048392,-0.40354307906978,9.04851175856736,24.2964327266322,34.2069131298814,3.64269420833494,2.48401629153038,804.577453613281,118.620262145996,26.4
[VERBATIM] DIAGNOSIS turning block executed
[DIAG] _turn_input = 0.5
[DIAG] _poll_controls: ENTER, state=3
[VERBATIM] POLL: _poll_controls() entered, game_state=3
[VERBATIM] POLL: checking deploy state=3 canopy=true
[VERBATIM] POLL: turnright pressed - right turn
[AUDIT] poll_forensic_hud: ENTER
[ARMTEL],9.25000000000004,L,false,0.01666666666667,0.0,3.58537256015046,-3.56127948437566,-0.02409307577481,-1.01790997537024,0.43120640376264,40.9646135607319,-2.0,29.3699786731096,0.0
[ARMTEL],9.25000000000004,R,true,0.01666666666667,5.43125,0.35702792759225,1.95018934916017,3.12403272324758,0.60926416895703,0.05478289376498,5.20437556872752,-2.0,20.0000085715136,0.15
[DIAG] _physics_process: ENTER, state=3
[DIAG] _physics_process: camera target set to character (state: 3)
[GLIDE],8.98333333333336,0.43120640376264,0.05478289376498,0.24299464876381,-0.37642350999765,9.07548238179063,22.6931855040476,34.5851328882822,3.6482383523815,2.48763416893151,804.663330078125,118.744789123535,26.4
[VERBATIM] DIAGNOSIS turning block executed
[DIAG] _turn_input = 0.5
[DIAG] _poll_controls: ENTER, state=3
[VERBATIM] POLL: _poll_controls() entered, game_state=3
[VERBATIM] POLL: checking deploy state=3 canopy=true
[VERBATIM] POLL: turnright pressed - right turn
[AUDIT] poll_forensic_hud: ENTER
[ARMTEL],9.26666666666671,L,false,0.01666666666667,0.0,3.44965123010109,-3.56268491379585,0.11303368369476,-1.016026080642,0.41427263575194,39.355905395379,-2.0,27.4160822731236,0.0
[ARMTEL],9.26666666666671,R,true,0.01666666666667,5.47916666666667,0.43826315011986,2.13242459134961,2.9084789251972,0.65773881771032,0.06574520739349,6.24579549571557,-2.0,20.0000085715136,0.16666666666667
[DIAG] _physics_process: ENTER, state=3
[DIAG] _physics_process: camera target set to character (state: 3)
[GLIDE],9.00000000000003,0.41427263575194,0.06574520739349,0.24000892157271,-0.34852742835845,9.09912934114412,21.0354316284234,34.9357234154226,3.65316808433862,2.49075025596351,804.750183105469,118.869110107422,26.4
[VERBATIM] DIAGNOSIS turning block executed
[DIAG] _turn_input = 0.5
[DIAG] _poll_controls: ENTER, state=3
[VERBATIM] POLL: _poll_controls() entered, game_state=3
[VERBATIM] POLL: checking deploy state=3 canopy=true
[VERBATIM] POLL: turnright pressed - right turn
[DIAG] _poll_controls: ENTER, state=3
[VERBATIM] POLL: _poll_controls() entered, game_state=3
[VERBATIM] POLL: checking deploy state=3 canopy=true
[VERBATIM] POLL: turnright pressed - right turn
[AUDIT] poll_forensic_hud: ENTER
[ARMTEL],9.28333333333337,L,false,0.01666666666667,0.0,3.3141810860155,-3.55609128224699,0.2419101962315,-1.01199424403814,0.39740606501797,37.7535809721264,-2.0,25.4699394054295,0.0
[ARMTEL],9.28333333333337,R,true,0.01666666666667,5.52708333333333,0.5259616591479,2.30208586198612,2.69903581219932,0.70272274791364,0.07745725319205,7.35843998790575,-2.0,20.0000085715136,0.18333333333333
[DIAG] _physics_process: ENTER, state=3
[DIAG] _physics_process: camera target set to character (state: 3)
[GLIDE],9.01666666666669,0.39740606501797,0.07745725319205,0.23743165910501,-0.31994881182592,9.11954125988834,19.3295807872961,35.2578830952109,3.65747481982042,2.49339823488822,804.837951660156,118.993225097656,26.4
[VERBATIM] DIAGNOSIS turning block executed
[DIAG] _turn_input = 0.5
[DIAG] _poll_controls: ENTER, state=3
[VERBATIM] POLL: _poll_controls() entered, game_state=3
[VERBATIM] POLL: checking deploy state=3 canopy=true
[VERBATIM] POLL: turnright pressed - right turn
[AUDIT] poll_forensic_hud: ENTER
[ARMTEL],9.30000000000004,L,false,0.01666666666667,0.0,3.17924852014374,-3.54197985413349,0.36273133398974,-1.00594872180498,0.38064025298789,36.1608286269588,-2.0,23.5354225425718,0.0
[ARMTEL],9.30000000000004,R,true,0.01666666666667,5.575,0.61965802553639,2.45952961769774,2.49581235676587,0.74431962052641,0.08986258020082,8.53694620343182,-2.0,20.0000085715136,0.2
[DIAG] _physics_process: ENTER, state=3
[DIAG] _physics_process: camera target set to character (state: 3)
[GLIDE],9.03333333333336,0.38064025298789,0.08986258020082,0.23525141659435,-0.29077767278706,9.13680878057272,17.5818382079498,35.55091373201,3.66115514101542,2.49560819704533,804.926513671875,119.117118835449,26.4
[VERBATIM] DIAGNOSIS turning block executed
[DIAG] _turn_input = 0.5
[DIAG] _poll_controls: ENTER, state=3
[VERBATIM] POLL: _poll_controls() entered, game_state=3
[VERBATIM] POLL: checking deploy state=3 canopy=true
[VERBATIM] POLL: turnright pressed - right turn
[AUDIT] poll_forensic_hud: ENTER
[ARMTEL],9.31666666666671,L,false,0.01666666666667,0.0,3.04512202390308,-3.52082052631742,0.47569850241434,-0.9980204134314,0.36400657943069,34.5806294383105,-2.0,21.6161524272969,0.0
[ARMTEL],9.31666666666671,R,true,0.01666666666667,5.62291666666667,0.71890064160657,2.60511867184242,2.29889735321767,0.78263457641337,0.10290648980771,9.77611777348456,-2.0,20.0000085715136,0.21666666666667
[DIAG] _physics_process: ENTER, state=3
[DIAG] _physics_process: camera target set to character (state: 3)
[GLIDE],9.05000000000003,0.36400657943069,0.10290648980771,0.2334565346192,-0.26110008962298,9.15102424581591,15.7981942433627,35.8142169693994,3.66421032881708,2.49740692390061,805.015747070312,119.240798950195,26.4
[VERBATIM] DIAGNOSIS turning block executed
[DIAG] _turn_input = 0.5
[DIAG] _poll_controls: ENTER, state=3
[VERBATIM] POLL: _poll_controls() entered, game_state=3
[VERBATIM] POLL: checking deploy state=3 canopy=true
[VERBATIM] POLL: turnright pressed - right turn
[AUDIT] poll_forensic_hud: ENTER
[ARMTEL],9.33333333333338,L,false,0.01666666666667,0.0,2.91205263544556,-3.49307144700992,0.58101881156436,-0.988336766572,0.34753429998783,33.0157626924705,-2.0,20.0000085715136,0.0
[ARMTEL],9.33333333333338,R,true,0.01666666666667,5.67083333333333,0.82325191846169,2.73922101744678,2.10836039742486,0.81777391637045,0.11653605508055,11.0709266388697,-2.0,20.0000085715136,0.23333333333333
[DIAG] _physics_process: ENTER, state=3
[DIAG] _physics_process: camera target set to character (state: 3)
[GLIDE],9.0666666666667,0.34753429998783,0.11653605508055,0.23203517753419,-0.23099824490728,9.16228139392921,13.9844155227844,36.0472905614458,3.666645915495,2.49881815836376,805.105590820312,119.364265441895,26.4
[VERBATIM] DIAGNOSIS turning block executed
[DIAG] _turn_input = 0.5
[DIAG] _poll_controls: ENTER, state=3
[VERBATIM] POLL: _poll_controls() entered, game_state=3
[VERBATIM] POLL: checking deploy state=3 canopy=true
[VERBATIM] POLL: turnright pressed - right turn
[AUDIT] poll_forensic_hud: ENTER
[ARMTEL],9.35000000000004,L,false,0.01666666666667,0.0,2.78027439990263,-3.459178683002,0.67890428309937,-0.97702169518701,0.33125060506804,31.468811478599,-2.0,20.0000085715136,0.0
[ARMTEL],9.35000000000004,R,true,0.01666666666667,5.71875,0.93228844064441,2.86220870729657,1.92425285205902,0.8498447972381,0.13070013503452,12.4165144054118,-2.0,20.0000085715136,0.25
[DIAG] _physics_process: ENTER, state=3
[DIAG] _physics_process: camera target set to character (state: 3)
[GLIDE],9.08333333333336,0.33125060506804,0.13070013503452,0.23097537005128,-0.20055047003352,9.17067506919384,12.1460376107697,36.2497245216253,3.66847125822998,2.49986286484323,805.195983886719,119.487525939941,26.4
[VERBATIM] DIAGNOSIS turning block executed
[DIAG] _turn_input = 0.5
[DIAG] _poll_controls: ENTER, state=3
[VERBATIM] POLL: _poll_controls() entered, game_state=3
[VERBATIM] POLL: checking deploy state=3 canopy=true
[VERBATIM] POLL: turnright pressed - right turn
[AUDIT] poll_forensic_hud: ENTER
[ARMTEL],9.36666666666671,L,false,0.01666666666667,0.0,2.65000484054436,-3.41957593315453,0.76957109261017,-0.96419551031017,0.31518067989621,29.942168393362,-2.0,20.0000085715136,0.0
[ARMTEL],9.36666666666671,R,true,0.01666666666667,5.76666666666667,1.04560108027616,2.97445679033334,1.74660879605716,0.87895494383905,0.1453493840985,13.8081932432598,-2.0,20.0000085715136,0.26666666666667
[DIAG] _physics_process: ENTER, state=3
[DIAG] _physics_process: camera target set to character (state: 3)
[GLIDE],9.10000000000003,0.31518067989621,0.1453493840985,0.23026503199736,-0.1698312957977,9.17630094658094,10.288359112521,36.4211971735007,3.66969913362758,2.50055947706807,805.286804199219,119.61058807373,26.4
[VERBATIM] DIAGNOSIS turning block executed
[DIAG] _turn_input = 0.5
[DIAG] _poll_controls: ENTER, state=3
[VERBATIM] POLL: _poll_controls() entered, game_state=3
[VERBATIM] POLL: checking deploy state=3 canopy=true
[VERBATIM] POLL: turnright pressed - right turn
[AUDIT] poll_forensic_hud: ENTER
[ARMTEL],9.38333333333338,L,false,0.01666666666667,0.0,2.52144543916967,-3.37468428608561,0.85323884691594,-0.94997486286157,0.29934776551518,28.4380413361119,-2.0,20.0000085715136,0.0
[ARMTEL],9.38333333333338,R,true,0.01666666666667,5.81458333333333,1.16279507278803,3.07634230343668,1.57544595710862,0.90521237645753,0.16043625703946,15.2414463547012,-2.0,20.0000085715136,0.28333333333333
[DIAG] _physics_process: ENTER, state=3
[DIAG] _physics_process: camera target set to character (state: 3)
[GLIDE],9.1166666666667,0.29934776551518,0.16043625703946,0.22989201127732,-0.13891150847572,9.1792552706836,8.41643715848016,36.561471126142,3.67034535315557,2.50092413314506,805.3779296875,119.733467102051,26.4
[VERBATIM] DIAGNOSIS turning block executed
[DIAG] _turn_input = 0.5
[DIAG] _poll_controls: ENTER, state=3
[VERBATIM] POLL: _poll_controls() entered, game_state=3
[VERBATIM] POLL: checking deploy state=3 canopy=true
[VERBATIM] POLL: turnright pressed - right turn
[AUDIT] poll_forensic_hud: ENTER
[ARMTEL],9.40000000000005,L,false,0.01666666666667,0.0,2.39478212412146,-3.32491202001551,0.93012989589405,-0.93447269793001,0.28377322054968,26.9584593764545,-2.0,20.0000085715136,0.0
[ARMTEL],9.40000000000005,R,true,0.01666666666667,5.8625,1.28349005631571,3.16824331760135,1.41076662608295,0.92872515355891,0.17591500959878,16.7119280346151,-2.0,20.0000085715136,0.3
[DIAG] _physics_process: ENTER, state=3
[DIAG] _physics_process: camera target set to character (state: 3)
[GLIDE],9.13333333333337,0.28377322054968,0.17591500959878,0.22984411507423,-0.1078582109509,9.1796346086121,6.53508419719572,36.6703891960953,3.67042839931594,2.50097089765405,805.469299316406,119.856178283691,26.4
[VERBATIM] DIAGNOSIS turning block executed
[DIAG] _turn_input = 0.5
[DIAG] _poll_controls: ENTER, state=3
[VERBATIM] POLL: _poll_controls() entered, game_state=3
[VERBATIM] POLL: checking deploy state=3 canopy=true
[VERBATIM] POLL: turnright pressed - right turn
[DEBUG] _input (build_terrain) called, event=InputEventMouseMotion: button_mask=0, position=((575.0, 324.0)), relative=((-1.0, 0.0)), velocity=((103.2485, 138.3969)), pressure=0.00, tilt=((0.0, 0.0)), pen_inverted=(false)
[AUDIT] poll_forensic_hud: ENTER
[ARMTEL],9.41666666666671,L,false,0.01666666666667,0.0,2.27018576439746,-3.27065444275502,1.00046867835756,-0.91779821995738,0.26847658355039,25.5052786769405,-2.0,20.0000085715136,0.0
[ARMTEL],9.41666666666671,R,true,0.01666666666667,5.91041666666667,1.40732007679023,3.25053803745619,1.25255855242025,0.94960112943258,0.19174169508932,18.2154633471942,-2.0,20.0000085715136,0.31666666666667
[DIAG] _physics_process: ENTER, state=3
[DIAG] _physics_process: camera target set to character (state: 3)
[GLIDE],9.15000000000003,0.26847658355039,0.19174169508932,0.23010913931986,-0.07673488846107,9.17753561658673,4.64886602249039,36.7478702964701,3.66996908225519,2.50071197083414,805.560791015625,119.978736877441,26.4
[VERBATIM] DIAGNOSIS turning block executed
[DIAG] _turn_input = 0.5
[DIAG] _poll_controls: ENTER, state=3
[VERBATIM] POLL: _poll_controls() entered, game_state=3
[VERBATIM] POLL: checking deploy state=3 canopy=true
[VERBATIM] POLL: turnright pressed - right turn
[AUDIT] poll_forensic_hud: ENTER
[ARMTEL],9.43333333333338,L,false,0.01666666666667,0.0,2.14781266840314,-3.21229376985083,1.06448110144769,-0.90005686826659,0.25347563574595,24.080188454505,-2.0,20.0000085715136,0.0
[ARMTEL],9.43333333333338,R,true,0.01666666666667,5.95833333333333,1.53393356071457,3.32360395301403,1.10079581960473,0.96794772642599,0.20787415719642,19.7480474420359,-2.0,20.0000085715136,0.33333333333333
[DIAG] _physics_process: ENTER, state=3
[DIAG] _physics_process: camera target set to character (state: 3)
[GLIDE],9.1666666666667,0.25347563574595,0.20787415719642,0.23067489647119,-0.04560147854953,9.17305481994821,2.76210095881196,36.7939053124503,3.66899021643339,2.50015788509387,805.65234375,120.101165771484,26.4
[VERBATIM] DIAGNOSIS turning block executed
[DIAG] _turn_input = 0.5
[DIAG] _poll_controls: ENTER, state=3
[VERBATIM] POLL: _poll_controls() entered, game_state=3
[VERBATIM] POLL: checking deploy state=3 canopy=true
[VERBATIM] POLL: turnright pressed - right turn
[AUDIT] poll_forensic_hud: ENTER
[ARMTEL],9.45000000000005,L,false,0.01666666666667,0.0,2.0278050859676,-3.15019903893305,1.12239395296545,-0.88135030238383,0.23878646403955,22.6847169651459,-2.0,20.0000085715136,0.0
[ARMTEL],9.45000000000005,R,true,0.01666666666667,6.00625,1.66299325757137,3.38781704249098,0.95543969993765,0.98387172142495,0.22427201922017,21.3058445321618,-2.0,20.0000085715136,0.35
[DIAG] _physics_process: ENTER, state=3
[DIAG] _physics_process: camera target set to character (state: 3)
[GLIDE],9.18333333333337,0.23878646403955,0.22427201922017,0.23152924162986,-0.01451444481938,9.1662884062915,0.87886012728392,36.8085529812384,3.66751631690848,2.49931768920341,805.743896484375,120.223480224609,26.4
[VERBATIM] DIAGNOSIS turning block executed
[DIAG] _turn_input = 0.5
[DIAG] _poll_controls: ENTER, state=3
[VERBATIM] POLL: _poll_controls() entered, game_state=3
[VERBATIM] POLL: checking deploy state=3 canopy=true
[VERBATIM] POLL: turnright pressed - right turn
[AUDIT] poll_forensic_hud: ENTER
[ARMTEL],9.46666666666672,L,false,0.01666666666667,0.0,1.91029171231642,-3.0847260583434,1.17443434602698,-0.86177639661671,0.22442352409594,21.3202374971881,-2.0,20.0000085715136,0.0
[ARMTEL],9.46666666666672,R,true,0.01666666666667,6.05416666666667,1.79417615376136,3.44355102498734,0.81643948791796,0.99747904622359,0.24089666999056,22.8851865559554,-2.0,20.0000085715136,0.36666666666667
[DIAG] _physics_process: ENTER, state=3
[DIAG] _physics_process: camera target set to character (state: 3)
[GLIDE],9.20000000000004,0.22442352409594,0.24089666999056,0.23266009704325,0.01647314589462,9.15733203141744,-0.99703128568126,36.7919357931437,3.66557331474405,2.49819912060792,805.835327148438,120.345703125,26.4
[VERBATIM] DIAGNOSIS turning block executed
[DIAG] _turn_input = 0.5
[DIAG] _poll_controls: ENTER, state=3
[VERBATIM] POLL: _poll_controls() entered, game_state=3
[VERBATIM] POLL: checking deploy state=3 canopy=true
[VERBATIM] POLL: turnright pressed - right turn
[AUDIT] poll_forensic_hud: ENTER
[ARMTEL],9.48333333333338,L,false,0.01666666666667,0.0,1.79538819276752,-3.01621738815849,1.22082919539097,-0.8414292433602,0.21039970337327,19.9879743593118,-2.0,20.0000085715136,0.0
[ARMTEL],9.48333333333338,R,true,0.01666666666667,6.10208333333333,1.92717335992451,3.49117666178255,0.68373331162627,1.00887460141736,0.25771124668085,24.482571544431,-2.0,20.0000085715136,0.38333333333333
[DIAG] _physics_process: ENTER, state=3
[DIAG] _physics_process: camera target set to character (state: 3)
[GLIDE],9.2166666666667,0.21039970337327,0.25771124668085,0.23405547502706,0.04731154330758,9.14628063778567,-2.8619918353535,36.7442359292211,3.66318829101342,2.49680876634801,805.926513671875,120.46785736084,26.4
[VERBATIM] DIAGNOSIS turning block executed
[DIAG] _turn_input = 0.5
[DIAG] _poll_controls: ENTER, state=3
[VERBATIM] POLL: _poll_controls() entered, game_state=3
[VERBATIM] POLL: checking deploy state=3 canopy=true
[VERBATIM] POLL: turnright pressed - right turn
[AUDIT] poll_forensic_hud: ENTER
[ARMTEL],9.50000000000005,L,false,0.01666666666667,0.0,1.68319762698616,-2.94500235176068,1.26180472477452,-0.82039916461395,0.19672638396304,18.6890088503465,-2.0,20.0000085715136,0.0
[ARMTEL],9.50000000000005,R,true,0.01666666666667,6.15,2.06168997344682,3.53106110496075,0.55724892159242,1.0181620834439,0.27468061473825,26.0946617146499,-2.0,20.0000085715136,0.4
[DIAG] _physics_process: ENTER, state=3
[DIAG] _physics_process: camera target set to character (state: 3)
[GLIDE],9.23333333333337,0.19672638396304,0.27468061473825,0.23570349935064,0.07795423077521,9.13322828514289,-4.71268077882092,36.6656912495741,3.66038922884772,2.49515221309347,806.017395019531,120.589958190918,26.4
[VERBATIM] DIAGNOSIS turning block executed
[DIAG] _turn_input = 0.5
[DIAG] _poll_controls: ENTER, state=3
[VERBATIM] POLL: _poll_controls() entered, game_state=3
[VERBATIM] POLL: checking deploy state=3 canopy=true
[VERBATIM] POLL: turnright pressed - right turn
[DEBUG] _input (build_terrain) called, event=InputEventMouseMotion: button_mask=0, position=((575.0, 324.0)), relative=((0.0, 0.0)), velocity=((-9.984624, 0.0)), pressure=0.00, tilt=((0.0, 0.0)), pen_inverted=(false)
[AUDIT] poll_forensic_hud: ENTER
[ARMTEL],9.51666666666672,L,false,0.01666666666667,0.0,1.5738110717043,-2.87139707614884,1.29758600444453,-0.79877273120654,0.1834135051096,17.4242851986256,-2.0,20.0000085715136,0.0
[ARMTEL],9.51666666666672,R,true,0.01666666666667,6.19791666666667,2.19744491790601,3.56356729205364,0.43690445670701,1.02544382438902,0.29177134514473,27.7182813094962,-2.0,20.0000085715136,0.41666666666667
[DIAG] _physics_process: ENTER, state=3
[DIAG] _physics_process: camera target set to character (state: 3)
[GLIDE],9.25000000000004,0.1834135051096,0.29177134514473,0.23759242512717,0.10835784003514,9.11826799299285,-6.54599426478852,36.556591345161,3.65720478295865,2.49323418679778,806.10791015625,120.712028503418,26.4
[VERBATIM] DIAGNOSIS turning block executed
[DIAG] _turn_input = 0.5
[DIAG] _poll_controls: ENTER, state=3
[VERBATIM] POLL: _poll_controls() entered, game_state=3
[VERBATIM] POLL: checking deploy state=3 canopy=true
[VERBATIM] POLL: turnright pressed - right turn
[DEBUG] _input (build_terrain) called, event=InputEventMouseMotion: button_mask=0, position=((571.0, 325.0)), relative=((-4.0, 1.0)), velocity=((-9.984624, 0.0)), pressure=0.00, tilt=((0.0, 0.0)), pen_inverted=(false)
[AUDIT] poll_forensic_hud: ENTER
[ARMTEL],9.53333333333339,L,false,0.01666666666667,0.0,1.46730804087676,-2.79570455922291,1.32839651834614,-0.77663278923411,0.17046962528903,16.1946164594804,-2.0,20.0000085715136,0.0
[ARMTEL],9.53333333333339,R,true,0.01666666666667,6.24583333333333,2.33417076115788,3.58905338536155,0.3226091868139,1.03082064416925,0.30895168921422,29.3504142034093,-2.0,20.0000085715136,0.43333333333333
[DIAG] _physics_process: ENTER, state=3
[DIAG] _physics_process: camera target set to character (state: 3)
[GLIDE],9.26666666666671,0.17046962528903,0.30895168921422,0.23971065725162,0.1384820639252,9.10149159456713,-8.35906082800345,36.4172736646942,3.65366406605576,2.49105868246734,806.197937011719,120.834098815918,26.4
[VERBATIM] DIAGNOSIS turning block executed
[DIAG] _turn_input = 0.5
[DIAG] _poll_controls: ENTER, state=3
[VERBATIM] POLL: _poll_controls() entered, game_state=3
[VERBATIM] POLL: checking deploy state=3 canopy=true
[VERBATIM] POLL: turnright pressed - right turn
[DEBUG] _input (build_terrain) called, event=InputEventMouseMotion: button_mask=0, position=((569.0, 325.0)), relative=((-2.0, 0.0)), velocity=((-9.984624, 0.0)), pressure=0.00, tilt=((0.0, 0.0)), pen_inverted=(false)
[AUDIT] poll_forensic_hud: ENTER
[ARMTEL],9.55000000000005,L,false,0.01666666666667,0.0,1.36375700231222,-2.71821476231938,1.35445776000716,-0.75405849323399,0.15790198373513,15.0006903602087,-2.0,20.0000085715136,0.0
[ARMTEL],9.55000000000005,R,true,0.01666666666667,6.29375,2.47161351371378,3.60787225459236,0.21426423169386,1.03439171469748,0.32619155112585,30.9882012930436,-2.0,20.0000085715136,0.45
[DIAG] _physics_process: ENTER, state=3
[DIAG] _physics_process: camera target set to character (state: 3)
[GLIDE],9.28333333333337,0.15790198373513,0.32619155112585,0.24204676743049,0.16828956739072,9.08298960195054,-10.149236261341,36.2481197270052,3.64979645157285,2.48862908451683,806.287475585938,120.956184387207,26.4
[VERBATIM] DIAGNOSIS turning block executed
[DIAG] _turn_input = 0.5
[DIAG] _poll_controls: ENTER, state=3
[VERBATIM] POLL: _poll_controls() entered, game_state=3
[VERBATIM] POLL: checking deploy state=3 canopy=true
[VERBATIM] POLL: turnright pressed - right turn
[DEBUG] _input (build_terrain) called, event=InputEventMouseMotion: button_mask=0, position=((565.0, 326.0)), relative=((-4.0, 1.0)), velocity=((-9.984624, 0.0)), pressure=0.00, tilt=((0.0, 0.0)), pen_inverted=(false)
[AUDIT] poll_forensic_hud: ENTER
[ARMTEL],9.56666666666672,L,false,0.01666666666667,0.0,1.26321586988102,-2.63920472631896,1.37598885643794,-0.73112534562669,0.14571656130802,13.8430750825941,-2.0,20.0000085715136,0.0
[ARMTEL],9.56666666666672,R,true,0.01666666666667,6.34166666666667,2.60953240900677,3.62037100144117,0.11176325621872,1.03625443563446,0.34346245838642,32.6289376912027,-2.0,20.0000085715136,0.46666666666667
[DIAG] _physics_process: ENTER, state=3
[DIAG] _physics_process: camera target set to character (state: 3)
[GLIDE],9.30000000000004,0.14571656130802,0.34346245838642,0.24458950984722,0.19774589707841,9.06285108201003,-11.9140979363164,36.0495514280666,3.64563139211557,2.48594827815295,806.376342773438,121.078308105469,26.4
[VERBATIM] DIAGNOSIS turning block executed
[DIAG] _turn_input = 0.5
[DIAG] _poll_controls: ENTER, state=3
[VERBATIM] POLL: _poll_controls() entered, game_state=3
[VERBATIM] POLL: checking deploy state=3 canopy=true
[VERBATIM] POLL: turnright pressed - right turn
[DEBUG] _input (build_terrain) called, event=InputEventMouseMotion: button_mask=0, position=((562.0, 328.0)), relative=((-3.0, 2.0)), velocity=((-9.984624, 0.0)), pressure=0.00, tilt=((0.0, 0.0)), pen_inverted=(false)
[AUDIT] poll_forensic_hud: ENTER
[ARMTEL],9.58333333333339,L,false,0.01666666666667,0.0,1.16573249046413,-2.55893870969342,1.39320621922929,-0.70790524197287,0.13391814060847,12.7222249737678,-2.0,20.0000085715136,0.0
[ARMTEL],9.58333333333339,R,true,0.01666666666667,6.38958333333333,2.74769966709137,3.6268905247206,0.01499314152137,1.03650432132648,0.36073753040853,34.2700697417578,-2.0,21.2389544456219,0.48333333333333
[DIAG] _physics_process: ENTER, state=3
[DIAG] _physics_process: camera target set to character (state: 3)
[GLIDE],9.31666666666671,0.13391814060847,0.36073753040853,0.2473278355085,0.22681938980006,9.04116354277269,-13.6514386402306,35.8220274507294,3.64119825304368,2.48301875219653,806.464538574219,121.200492858887,26.4
[VERBATIM] DIAGNOSIS turning block executed
[DIAG] _turn_input = 0.5
[DIAG] _poll_controls: ENTER, state=3
[VERBATIM] POLL: _poll_controls() entered, game_state=3
[VERBATIM] POLL: checking deploy state=3 canopy=true
[VERBATIM] POLL: turnright pressed - right turn
[DEBUG] _input (build_terrain) called, event=InputEventMouseMotion: button_mask=0, position=((557.0, 329.0)), relative=((-5.0, 1.0)), velocity=((-9.984624, 0.0)), pressure=0.00, tilt=((0.0, 0.0)), pen_inverted=(false)
[AUDIT] poll_forensic_hud: ENTER
[ARMTEL],9.60000000000006,L,false,0.01666666666667,0.0,1.07134512486774,-2.47766834690504,1.4063232220373,-0.68446652160558,0.12251036524837,11.6384861769037,-2.0,20.0000085715136,0.0
[ARMTEL],9.60000000000006,R,true,0.01666666666667,6.4375,2.88590024326823,3.62776512464268,-0.07616536791091,1.03523489852796,0.377991445384,35.9091918726266,-2.0,23.2297908817255,0.5
[DIAG] _physics_process: ENTER, state=3
[DIAG] _physics_process: camera target set to character (state: 3)
[GLIDE],9.33333333333338,0.12251036524837,0.377991445384,0.25025090531619,0.25548108013562,9.01801282989581,-15.3592599953632,35.5660397841401,3.63652616060395,2.47984269372013,806.551940917969,121.32275390625,26.4
[VERBATIM] DIAGNOSIS turning block executed
[DIAG] _turn_input = 0.5
[DIAG] _poll_controls: ENTER, state=3
[VERBATIM] POLL: _poll_controls() entered, game_state=3
[VERBATIM] POLL: checking deploy state=3 canopy=true
[VERBATIM] POLL: turnright pressed - right turn
[DEBUG] _input (build_terrain) called, event=InputEventMouseMotion: button_mask=0, position=((551.0, 330.0)), relative=((-6.0, 1.0)), velocity=((-9.984624, 0.0)), pressure=0.00, tilt=((0.0, 0.0)), pen_inverted=(false)
[AUDIT] poll_forensic_hud: ENTER
[ARMTEL],9.61666666666672,L,false,0.01666666666667,0.0,0.980082921987,-2.39563282561953,1.41554990363253,-0.6608740232117,0.11149579819485,10.5921021739079,-2.0,20.0000085715136,0.0
[ARMTEL],9.61666666666672,R,true,0.01666666666667,6.48541666666667,3.02393156307196,3.62332214484787,-0.16183704125317,1.03253761450708,0.39520040562578,37.5440433032533,-2.0,25.2154402329318,0.51666666666667
[DIAG] _physics_process: ENTER, state=3
[DIAG] _physics_process: camera target set to character (state: 3)
[GLIDE],9.35000000000004,0.11149579819485,0.39520040562578,0.25334810191031,0.28370460743093,8.99348303287032,-17.035765522637,35.2821103587628,3.63164386403401,2.4764220748453,806.638488769531,121.445114135742,26.4
[VERBATIM] DIAGNOSIS turning block executed
[DIAG] _turn_input = 0.5
[DIAG] _poll_controls: ENTER, state=3
[VERBATIM] POLL: _poll_controls() entered, game_state=3
[VERBATIM] POLL: checking deploy state=3 canopy=true
[VERBATIM] POLL: turnright pressed - right turn
[DEBUG] _input (build_terrain) called, event=InputEventMouseMotion: button_mask=0, position=((543.0, 332.0)), relative=((-8.0, 2.0)), velocity=((-208.4473, 52.11184)), pressure=0.00, tilt=((0.0, 0.0)), pen_inverted=(false)
[AUDIT] poll_forensic_hud: ENTER
[ARMTEL],9.63333333333339,L,false,0.01666666666667,0.0,0.89196638555877,-2.31305908124097,1.4210926956822,-0.63718914495034,0.10087597911234,9.58321923292263,-2.0,20.0000085715136,0.0
[ARMTEL],9.63333333333339,R,true,0.01666666666667,6.53333333333333,3.16160324500624,3.61388165077477,-0.24215156244768,1.02850175513295,0.41234210154466,39.1725046223925,-2.0,27.1933283157492,0.53333333333333
[DIAG] _physics_process: ENTER, state=3
[DIAG] _physics_process: camera target set to character (state: 3)
[GLIDE],9.36666666666671,0.10087597911234,0.41234210154466,0.2566090403285,0.31146612243232,8.96765640059827,-18.6793534090391,34.9707878019454,3.62657961106261,2.4727587320138,806.724182128906,121.567588806152,26.4
[VERBATIM] DIAGNOSIS turning block executed
[DIAG] _turn_input = 0.5
[DIAG] _poll_controls: ENTER, state=3
[VERBATIM] POLL: _poll_controls() entered, game_state=3
[VERBATIM] POLL: checking deploy state=3 canopy=true
[VERBATIM] POLL: turnright pressed - right turn
[DEBUG] _input (build_terrain) called, event=InputEventKey: keycode=69 (E), mods=none, physical=false, location=unspecified, pressed=true, echo=true
[DEBUG] _input (build_terrain) called, event=InputEventMouseMotion: button_mask=0, position=((538.0, 332.0)), relative=((-5.0, 0.0)), velocity=((-208.4473, 52.11184)), pressure=0.00, tilt=((0.0, 0.0)), pen_inverted=(false)
[AUDIT] poll_forensic_hud: ENTER
[ARMTEL],9.65000000000006,L,false,0.01666666666667,0.0,0.80700783289873,-2.23016200732617,1.42315417442745,-0.61346990870988,0.09065148063384,8.61189175408835,-2.0,20.0000085715136,0.0
[ARMTEL],9.65000000000006,R,true,0.01666666666667,6.58125,3.2987368123573,3.59975614296533,-0.31724295532262,1.02321437254424,0.4293956744204,40.7925942513696,-2.0,29.1610483546529,0.55
[DIAG] _physics_process: ENTER, state=3
[DIAG] _physics_process: camera target set to character (state: 3)
[GLIDE],9.38333333333338,0.09065148063384,0.4293956744204,0.26002357752712,0.33874419378656,8.9406132659852,-20.2886090348347,34.6326443180315,3.62136103623739,2.4688544380194,806.808837890625,121.69019317627,26.4
[VERBATIM] DIAGNOSIS turning block executed
[DIAG] _turn_input = 0.5
[DIAG] _poll_controls: ENTER, state=3
[VERBATIM] POLL: _poll_controls() entered, game_state=3
[VERBATIM] POLL: checking deploy state=3 canopy=true
[VERBATIM] POLL: turnright pressed - right turn
[DEBUG] _input (build_terrain) called, event=InputEventMouseMotion: button_mask=0, position=((534.0, 332.0)), relative=((-4.0, 0.0)), velocity=((-208.4473, 52.11184)), pressure=0.00, tilt=((0.0, 0.0)), pen_inverted=(false)
[AUDIT] poll_forensic_hud: ENTER
[ARMTEL],9.66666666666673,L,false,0.01666666666667,0.0,0.72521184507074,-2.14714468048457,1.42193283541383,-0.58977102811965,0.08082196349852,7.67808750762143,-2.0,20.0000085715136,0.0
[ARMTEL],9.66666666666673,R,true,0.01666666666667,6.62916666666667,3.4351653953632,3.58125030390484,-0.38724903260137,1.01676022200088,0.44634167812041,42.402464807355,-2.0,31.1163565650102,0.56666666666667
[DIAG] _physics_process: ENTER, state=3
[DIAG] _physics_process: camera target set to character (state: 3)
[GLIDE],9.40000000000005,0.08082196349852,0.44634167812041,0.26358182080946,0.3655197146219,8.91243197918904,-21.8622973132808,34.2682726961435,3.61601506151722,2.46471096706371,806.892456054688,121.812950134277,26.4
[VERBATIM] DIAGNOSIS turning block executed
[DIAG] _turn_input = 0.5
[DIAG] _poll_controls: ENTER, state=3
[VERBATIM] POLL: _poll_controls() entered, game_state=3
[VERBATIM] POLL: checking deploy state=3 canopy=true
[VERBATIM] POLL: turnright pressed - right turn
[DEBUG] _input (build_terrain) called, event=InputEventMouseMotion: button_mask=0, position=((533.0, 332.0)), relative=((-1.0, 0.0)), velocity=((-208.4473, 52.11184)), pressure=0.00, tilt=((0.0, 0.0)), pen_inverted=(false)
[AUDIT] poll_forensic_hud: ENTER
[ARMTEL],9.68333333333339,L,false,0.01666666666667,0.0,0.64657570798812,-2.06419859841876,1.41762289043064,-0.5661439799458,0.07138623049942,6.78169275884814,-2.0,20.0000085715136,0.0
[ARMTEL],9.68333333333339,R,true,0.01666666666667,6.67708333333333,3.57073342496331,3.55866077700309,-0.45231086863307,1.00922170752367,0.46316203991248,44.0003993805688,-2.0,33.0571676314665,0.58333333333333
[DIAG] _physics_process: ENTER, state=3
[DIAG] _physics_process: camera target set to character (state: 3)
[GLIDE],9.41666666666671,0.07138623049942,0.46316203991248,0.26727413520595,0.39177580941306,8.8831888491689,-23.3993548921799,33.8782834479405,3.61056780857212,2.46033015307971,806.974975585938,121.93586730957,26.4
[VERBATIM] DIAGNOSIS turning block executed
[DIAG] _turn_input = 0.5
[DIAG] _poll_controls: ENTER, state=3
[VERBATIM] POLL: _poll_controls() entered, game_state=3
[VERBATIM] POLL: checking deploy state=3 canopy=true
[VERBATIM] POLL: turnright pressed - right turn
[DEBUG] _input (build_terrain) called, event=InputEventKey: keycode=69 (E), mods=none, physical=false, location=unspecified, pressed=true, echo=true
[AUDIT] poll_forensic_hud: ENTER
[ARMTEL],9.70000000000006,L,false,0.01666666666667,0.0,0.57108984399535,-1.98150392981031,1.41041408581496,-0.54263707851555,0.06234227919083,5.92251727540029,-2.0,20.0000085715136,0.0
[ARMTEL],9.70000000000006,R,true,0.01666666666667,6.725,3.7052963192998,3.53227597633283,-0.51257229563263,1.00067883592979,0.47984002051131,45.5848077387075,-2.0,34.9815500979381,0.6
[DIAG] _physics_process: ENTER, state=3
[DIAG] _physics_process: camera target set to character (state: 3)
[GLIDE],9.43333333333338,0.06234227919083,0.47984002051131,0.27109114985107,0.41749774132048,8.85295809317956,-24.8988822632281,33.4633020768867,3.60504452223983,2.45571394155187,807.056335449219,122.058959960938,26.4
[VERBATIM] DIAGNOSIS turning block executed
[DIAG] _turn_input = 0.5
[DIAG] _poll_controls: ENTER, state=3
[VERBATIM] POLL: _poll_controls() entered, game_state=3
[VERBATIM] POLL: checking deploy state=3 canopy=true
[VERBATIM] POLL: turnright pressed - right turn
[DEBUG] _input (build_terrain) called, event=InputEventMouseMotion: button_mask=0, position=((531.0, 333.0)), relative=((-2.0, 1.0)), velocity=((-208.4473, 52.11184)), pressure=0.00, tilt=((0.0, 0.0)), pen_inverted=(false)
[AUDIT] poll_forensic_hud: ENTER
[ARMTEL],9.71666666666673,L,false,0.01666666666667,0.0,0.49873823352661,-1.89922977480444,1.40049154127783,-0.51929555282759,0.05368735331037,5.10029921231935,-2.0,20.0000085715136,0.0
[ARMTEL],9.71666666666673,R,true,0.01666666666667,6.77291666666667,3.83872016409044,3.50237592575426,-0.56817942317803,0.99120917887682,0.49636017349259,47.1542224712745,-2.0,36.887721684613,0.61666666666667
[DIAG] _physics_process: ENTER, state=3
[DIAG] _physics_process: camera target set to character (state: 3)
[GLIDE],9.45000000000005,0.05368735331037,0.49636017349259,0.27502376340148,0.44267282018222,8.82181179386031,-26.3601358217434,33.0239664798577,3.59946950459385,2.45086443505117,807.136474609375,122.182235717773,26.4
[VERBATIM] DIAGNOSIS turning block executed
[DIAG] _turn_input = 0.5
[DIAG] _poll_controls: ENTER, state=3
[VERBATIM] POLL: _poll_controls() entered, game_state=3
[VERBATIM] POLL: checking deploy state=3 canopy=true
[VERBATIM] POLL: turnright pressed - right turn
[DEBUG] _input (build_terrain) called, event=InputEventMouseMotion: button_mask=0, position=((531.0, 333.0)), relative=((0.0, 0.0)), velocity=((-208.4473, 52.11184)), pressure=0.00, tilt=((0.0, 0.0)), pen_inverted=(false)
[AUDIT] poll_forensic_hud: ENTER
[ARMTEL],9.7333333333334,L,false,0.01666666666667,0.0,0.42949882648293,-1.81753443489656,1.38803560841363,-0.4961616260207,0.04541799287669,4.3147098713352,-2.0,20.0000085715136,0.0
[ARMTEL],9.7333333333334,R,true,0.01666666666667,6.82083333333333,3.97088138794068,3.46923212606887,-0.61928018067622,0.98088784253222,0.51270830420146,48.7072950858868,-2.0,38.7740445466233,0.63333333333333
[DIAG] _physics_process: ENTER, state=3
[DIAG] _physics_process: camera target set to character (state: 3)
[GLIDE],9.46666666666672,0.04541799287669,0.51270830420146,0.27906314853907,0.46729031132477,8.78981986357055,-27.7825199160256,32.5609244812572,3.59386605908362,2.44578393269665,807.21533203125,122.305709838867,26.4
[VERBATIM] DIAGNOSIS turning block executed
[DIAG] _turn_input = 0.5
[DIAG] _poll_controls: ENTER, state=3
[VERBATIM] POLL: _poll_controls() entered, game_state=3
[VERBATIM] POLL: checking deploy state=3 canopy=true
[VERBATIM] POLL: turnright pressed - right turn
[DEBUG] _input (build_terrain) called, event=InputEventKey: keycode=69 (E), mods=none, physical=false, location=unspecified, pressed=true, echo=true
[DEBUG] _input (build_terrain) called, event=InputEventMouseMotion: button_mask=0, position=((529.0, 334.0)), relative=((-2.0, 1.0)), velocity=((-171.4119, 25.71179)), pressure=0.00, tilt=((0.0, 0.0)), pen_inverted=(false)
[AUDIT] poll_forensic_hud: ENTER
[ARMTEL],9.75000000000006,L,false,0.01666666666667,0.0,0.3633439430135,-1.73656569107244,1.37322174805893,-0.47327459688638,0.03753008292858,3.56535833108327,-2.0,20.0000085715136,0.0
[ARMTEL],9.75000000000006,R,true,0.01666666666667,6.86875,4.10166643361165,3.43310744886276,-0.66602388247441,0.96978744449098,0.52887142827631,50.2427920680347,-2.0,40.6390204883286,0.65
[DIAG] _physics_process: ENTER, state=3
[DIAG] _physics_process: camera target set to character (state: 3)
[GLIDE],9.48333333333338,0.03753008292858,0.52887142827631,0.28320075560244,0.49134134534772,8.75705001562865,-29.1655789223204,32.0748314992186,3.58825644421319,2.44047496375328,807.292846679688,122.429382324219,26.4
[VERBATIM] DIAGNOSIS turning block executed
[DIAG] _turn_input = 0.5
[DIAG] _poll_controls: ENTER, state=3
[VERBATIM] POLL: _poll_controls() entered, game_state=3
[VERBATIM] POLL: checking deploy state=3 canopy=true
[VERBATIM] POLL: turnright pressed - right turn
[DEBUG] _input (build_terrain) called, event=InputEventMouseMotion: button_mask=0, position=((523.0, 338.0)), relative=((-6.0, 4.0)), velocity=((-171.4119, 25.71179)), pressure=0.00, tilt=((0.0, 0.0)), pen_inverted=(false)
[AUDIT] poll_forensic_hud: ENTER
[ARMTEL],9.76666666666673,L,false,0.01666666666667,0.0,0.30024066342865,-1.65646108910233,1.35622042567368,-0.45067092312515,0.0300189008765,2.85179594549918,-2.0,20.0000085715136,0.0
[ARMTEL],9.76666666666673,R,true,0.01666666666667,6.91666666666667,4.23097142621044,3.39425605571842,-0.7085608152622,0.95797809756994,0.54483772990247,51.7595909151826,-2.0,42.4812861464351,0.66666666666667
[DIAG] _physics_process: ENTER, state=3
[DIAG] _physics_process: camera target set to character (state: 3)
[GLIDE],9.50000000000005,0.0300189008765,0.54483772990247,0.28742831538948,0.51481882902598,8.72356774211529,-30.5089893781611,31.5663483429159,3.58266183623041,2.43494031557665,807.368957519531,122.553260803223,26.4
[VERBATIM] DIAGNOSIS turning block executed
[DIAG] _turn_input = 0.5
[DIAG] _poll_controls: ENTER, state=3
[VERBATIM] POLL: _poll_controls() entered, game_state=3
[VERBATIM] POLL: checking deploy state=3 canopy=true
[VERBATIM] POLL: turnright pressed - right turn
[DEBUG] _input (build_terrain) called, event=InputEventMouseMotion: button_mask=0, position=((521.0, 339.0)), relative=((-2.0, 1.0)), velocity=((-171.4119, 25.71179)), pressure=0.00, tilt=((0.0, 0.0)), pen_inverted=(false)
[AUDIT] poll_forensic_hud: ENTER
[ARMTEL],9.7833333333334,L,false,0.01666666666667,0.0,0.24015120701197,-1.57734823093803,1.33719702392607,-0.42838430605972,0.02287916244217,2.17352070808416,-2.0,20.0000085715136,0.0
[ARMTEL],9.7833333333334,R,true,0.01666666666667,6.96458333333333,4.35870183921977,3.35292334149479,-0.74704184738123,0.94552740011359,0.56059651990436,53.2566761555206,-2.0,44.2996081544712,0.68333333333333
[DIAG] _physics_process: ENTER, state=3
[DIAG] _physics_process: camera target set to character (state: 3)
[GLIDE],9.51666666666672,0.02287916244217,0.56059651990436,0.29173784117327,0.5377173574622,8.68943629790774,-31.8125522037487,31.0361391395201,3.57710230030438,2.42918305612013,807.443603515625,122.677352905273,26.4
[VERBATIM] DIAGNOSIS turning block executed
[DIAG] _turn_input = 0.5
[DIAG] _poll_controls: ENTER, state=3
[VERBATIM] POLL: _poll_controls() entered, game_state=3
[VERBATIM] POLL: checking deploy state=3 canopy=true
[VERBATIM] POLL: turnright pressed - right turn
[DEBUG] _input (build_terrain) called, event=InputEventMouseMotion: button_mask=0, position=((520.0, 340.0)), relative=((-1.0, 1.0)), velocity=((-171.4119, 25.71179)), pressure=0.00, tilt=((0.0, 0.0)), pen_inverted=(false)
[DEBUG] _input (build_terrain) called, event=InputEventKey: keycode=69 (E), mods=none, physical=false, location=unspecified, pressed=true, echo=true
[DEBUG] _input (build_terrain) called, event=InputEventMouseMotion: button_mask=0, position=((519.0, 341.0)), relative=((-1.0, 1.0)), velocity=((-171.4119, 25.71179)), pressure=0.00, tilt=((0.0, 0.0)), pen_inverted=(false)
[AUDIT] poll_forensic_hud: ENTER
[ARMTEL],9.80000000000007,L,false,0.01666666666667,0.0,0.18303329953734,-1.49934507120901,1.31631177167168,-0.40644577653186,0.01610506616664,1.52998148016706,-2.0,20.0000085715136,0.0
[ARMTEL],9.80000000000007,R,true,0.01666666666667,7.0125,4.48477215923491,3.30934590039755,-0.78161805963247,0.93250043245305,0.57613819377858,54.7331353611095,-2.0,46.0928783004541,0.7
[DIAG] _physics_process: ENTER, state=3
[DIAG] _physics_process: camera target set to character (state: 3)
[GLIDE],9.53333333333339,0.01610506616664,0.57613819377858,0.29612162997261,0.56003312761195,8.65471669061694,-33.0761850380253,30.4848693888863,3.57159676967489,2.42320655122687,807.516784667969,122.801658630371,26.4
[VERBATIM] DIAGNOSIS turning block executed
[DIAG] _turn_input = 0.5
[DIAG] _poll_controls: ENTER, state=3
[VERBATIM] POLL: _poll_controls() entered, game_state=3
[VERBATIM] POLL: checking deploy state=3 canopy=true
[VERBATIM] POLL: turnright pressed - right turn
[DEBUG] _input (build_terrain) called, event=InputEventMouseMotion: button_mask=0, position=((517.0, 343.0)), relative=((-2.0, 2.0)), velocity=((-171.4119, 25.71179)), pressure=0.00, tilt=((0.0, 0.0)), pen_inverted=(false)
[AUDIT] poll_forensic_hud: ENTER
[ARMTEL],9.81666666666673,L,false,0.01666666666667,0.0,0.12884052933309,-1.4225602178615,1.29371968852841,-0.38488378172305,0.00969033647125,0.9205820817003,-2.0,20.0000085715136,0.0
[ARMTEL],9.81666666666673,R,true,0.01666666666667,7.06041666666667,4.60910555022865,3.26375151358566,-0.81244039714765,0.91895975916725,0.5914541897647,56.1881551646061,-2.0,47.8601086889047,0.71666666666667
[DIAG] _physics_process: ENTER, state=3
[DIAG] _physics_process: camera target set to character (state: 3)
[GLIDE],9.55000000000005,0.00969033647125,0.5914541897647,0.30057226311798,0.58176385329345,8.61946767610562,-34.2999147132035,29.9132041436663,3.56616303226383,2.4170144769388,807.588439941406,122.926177978516,26.4
[VERBATIM] DIAGNOSIS turning block executed
[DIAG] _turn_input = 0.5
[DIAG] _poll_controls: ENTER, state=3
[VERBATIM] POLL: _poll_controls() entered, game_state=3
[VERBATIM] POLL: checking deploy state=3 canopy=true
[VERBATIM] POLL: turnright pressed - right turn
[DEBUG] _input (build_terrain) called, event=InputEventMouseMotion: button_mask=0, position=((515.0, 344.0)), relative=((-2.0, 1.0)), velocity=((-171.4119, 25.71179)), pressure=0.00, tilt=((0.0, 0.0)), pen_inverted=(false)
[AUDIT] poll_forensic_hud: ENTER
[ARMTEL],9.8333333333334,L,false,0.01666666666667,0.0,0.07752269177002,-1.34709323603068,1.26957054426066,-0.36372427265204,0.00362826526038,0.34468524351811,-2.0,20.0000085715136,0.0
[ARMTEL],9.8333333333334,R,true,0.01666666666667,7.10833333333333,4.73163351811762,3.21635915708538,-0.83965934186967,0.90496543680276,0.60653694704475,57.621017288211,-2.0,49.6004269177077,0.73333333333333
[DIAG] _physics_process: ENTER, state=3
[DIAG] _physics_process: camera target set to character (state: 3)
[GLIDE],9.56666666666672,0.00362826526038,0.60653694704475,0.30508260615257,0.60290868178436,8.58374575927167,-35.4838698887481,29.3218063121871,3.56081772424503,2.41061082706547,807.658508300781,123.050910949707,26.4
[VERBATIM] DIAGNOSIS turning block executed
[DIAG] _turn_input = 0.5
[DIAG] _poll_controls: ENTER, state=3
[VERBATIM] POLL: _poll_controls() entered, game_state=3
[VERBATIM] POLL: checking deploy state=3 canopy=true
[VERBATIM] POLL: turnright pressed - right turn
[DEBUG] _input (build_terrain) called, event=InputEventMouseMotion: button_mask=0, position=((514.0, 345.0)), relative=((-1.0, 1.0)), velocity=((-171.4119, 25.71179)), pressure=0.00, tilt=((0.0, 0.0)), pen_inverted=(false)
[DEBUG] _input (build_terrain) called, event=InputEventKey: keycode=69 (E), mods=none, physical=false, location=unspecified, pressed=true, echo=true
[AUDIT] poll_forensic_hud: ENTER
[ARMTEL],9.85000000000007,R,true,0.01666666666667,7.15625,4.85229557635799,3.16737902880965,-0.86342460516764,0.89057502671663,0.62137986415669,59.0310945929522,-2.0,51.3130712796709,0.75
[DIAG] _physics_process: ENTER, state=3
[DIAG] _physics_process: camera target set to character (state: 3)
[GLIDE],9.58333333333339,0.0,0.62137986415669,0.31068993207835,0.62137986415669,8.5393357379395,-36.4906286173283,28.713629168565,3.55440071498323,2.40246849544643,807.726867675781,123.175735473633,26.4
[VERBATIM] DIAGNOSIS turning block executed
[DIAG] _turn_input = 0.5
[DIAG] _poll_controls: ENTER, state=3
[VERBATIM] POLL: _poll_controls() entered, game_state=3
[VERBATIM] POLL: checking deploy state=3 canopy=true
[VERBATIM] POLL: turnright pressed - right turn
[AUDIT] poll_forensic_hud: ENTER
[ARMTEL],9.86666666666674,R,true,0.01666666666667,7.20416666666667,4.97103891325354,3.11701259350821,-0.88388484009508,0.87584361271505,0.63597725770194,60.4178471558949,-2.0,52.997385998003,0.76666666666667
[DIAG] _physics_process: ENTER, state=3
[DIAG] _physics_process: camera target set to character (state: 3)
[GLIDE],9.60000000000006,0.0,0.63597725770194,0.31798862885097,0.63597725770194,8.48153005950031,-37.2408155831526,28.0929489088458,3.54643105341016,2.39156772872962,807.79345703125,123.300437927246,26.4
[VERBATIM] DIAGNOSIS turning block executed
[DIAG] _turn_input = 0.5
[DIAG] _poll_controls: ENTER, state=3
[VERBATIM] POLL: _poll_controls() entered, game_state=3
[VERBATIM] POLL: checking deploy state=3 canopy=true
[VERBATIM] POLL: turnright pressed - right turn
[AUDIT] poll_forensic_hud: ENTER
[ARMTEL],9.8833333333334,R,true,0.01666666666667,7.25208333333333,5.08781806161555,3.06545264450266,-0.90118737278487,0.86082382316863,0.65032432142142,61.7808183823683,-2.0,54.6528165043228,0.78333333333333
[DIAG] _physics_process: ENTER, state=3
[DIAG] _physics_process: camera target set to character (state: 3)
[GLIDE],9.61666666666672,0.0,0.65032432142142,0.32516216071071,0.65032432142142,8.42471568717118,-37.9733492759079,27.4600597542473,3.53902496350795,2.38051886438813,807.858215332031,123.425033569336,26.4
[VERBATIM] DIAGNOSIS turning block executed
[DIAG] _turn_input = 0.5
[DIAG] _poll_controls: ENTER, state=3
[VERBATIM] POLL: _poll_controls() entered, game_state=3
[VERBATIM] POLL: checking deploy state=3 canopy=true
[VERBATIM] POLL: turnright pressed - right turn
[DEBUG] _input (build_terrain) called, event=InputEventKey: keycode=69 (E), mods=none, physical=false, location=unspecified, pressed=true, echo=true
[AUDIT] poll_forensic_hud: ENTER
[ARMTEL],9.90000000000007,R,true,0.01666666666667,7.3,5.20259457137136,3.01288338109021,-0.91547795246157,0.84556585729427,0.66441708570966,63.1196311598055,-2.0,56.2789047672091,0.8
[DIAG] _physics_process: ENTER, state=3
[DIAG] _physics_process: camera target set to character (state: 3)
[GLIDE],9.63333333333339,0.0,0.66441708570966,0.33220854285483,0.66441708570966,8.36890834058975,-38.688277438668,26.8152551302695,3.5321672057989,2.36934093234606,807.921142578125,123.549514770508,26.4
[VERBATIM] DIAGNOSIS turning block executed
[DIAG] _turn_input = 0.5
[DIAG] _poll_controls: ENTER, state=3
[VERBATIM] POLL: _poll_controls() entered, game_state=3
[VERBATIM] POLL: checking deploy state=3 canopy=true
[VERBATIM] POLL: turnright pressed - right turn
[DEBUG] _input (build_terrain) called, event=InputEventMouseMotion: button_mask=0, position=((513.0, 346.0)), relative=((-1.0, 1.0)), velocity=((-102.76, 72.53648)), pressure=0.00, tilt=((0.0, 0.0)), pen_inverted=(false)
[AUDIT] poll_forensic_hud: ENTER
[ARMTEL],9.91666666666674,R,true,0.01666666666667,7.34791666666667,5.31533668567726,2.95948050052995,-0.92690051954055,0.83011751530193,0.67825237763136,64.4339840593146,-2.0,57.8752846787256,0.81666666666667
[DIAG] _physics_process: ENTER, state=3
[DIAG] _physics_process: camera target set to character (state: 3)
[GLIDE],9.65000000000006,0.0,0.67825237763136,0.33912618881568,0.67825237763136,8.31412058457983,-39.3856885787228,26.1588269872908,3.52584160846738,2.35805277373019,807.982238769531,123.673889160156,26.4
[VERBATIM] DIAGNOSIS turning block executed
[DIAG] _turn_input = 0.5
[DIAG] _poll_controls: ENTER, state=3
[VERBATIM] POLL: _poll_controls() entered, game_state=3
[VERBATIM] POLL: checking deploy state=3 canopy=true
[VERBATIM] POLL: turnright pressed - right turn
[AUDIT] poll_forensic_hud: ENTER
[ARMTEL],9.93333333333341,R,true,0.01666666666667,7.39583333333334,5.42601902105086,2.90541130355675,-0.93559699127427,0.81452423211402,0.69182778149992,65.7236475906401,-2.0,59.4416775057909,0.83333333333333
[DIAG] _physics_process: ENTER, state=3
[DIAG] _physics_process: camera target set to character (state: 3)
[GLIDE],9.66666666666673,0.0,0.69182778149992,0.34591389074996,0.69182778149992,8.2603619852603,-40.0657085175064,25.4910651786657,3.52003122603629,2.34667292839951,808.04150390625,123.798156738281,26.4
[VERBATIM] DIAGNOSIS turning block executed
[DIAG] _turn_input = 0.5
[DIAG] _poll_controls: ENTER, state=3
[VERBATIM] POLL: _poll_controls() entered, game_state=3
[VERBATIM] POLL: checking deploy state=3 canopy=true
[VERBATIM] POLL: turnright pressed - right turn
[DEBUG] _input (build_terrain) called, event=InputEventKey: keycode=69 (E), mods=none, physical=false, location=unspecified, pressed=true, echo=true
[AUDIT] poll_forensic_hud: ENTER
[ARMTEL],9.95000000000007,R,true,0.01666666666667,7.44375,5.53462225199939,2.85083481239909,-0.94170706439848,0.79882911437405,0.70514160007282,66.9884605157209,-2.0,60.9778874127188,0.85
[DIAG] _physics_process: ENTER, state=3
[DIAG] _physics_process: camera target set to character (state: 3)
[GLIDE],9.68333333333339,0.0,0.70514160007282,0.35257080003641,0.70514160007282,8.20763926371161,-40.7284971128309,24.8122568934518,3.51471848981302,2.33521953109486,808.098937988281,123.922325134277,26.4
[VERBATIM] DIAGNOSIS turning block executed
[DIAG] _turn_input = 0.5
[DIAG] _poll_controls: ENTER, state=3
[VERBATIM] POLL: _poll_controls() entered, game_state=3
[VERBATIM] POLL: checking deploy state=3 canopy=true
[VERBATIM] POLL: turnright pressed - right turn
[AUDIT] poll_forensic_hud: ENTER
[ARMTEL],9.96666666666674,R,true,0.01666666666667,7.49166666666667,5.6411328005826,2.79590190030917,-0.9453680342251,0.7830729804703,0.718192816414,68.2283262256186,-2.0,62.4837970607275,0.86666666666667
[DIAG] _physics_process: ENTER, state=3
[DIAG] _physics_process: camera target set to character (state: 3)
[GLIDE],9.70000000000006,0.0,0.718192816414,0.359096408207,0.718192816414,8.15595644700057,-41.3742451511248,24.1226861409331,3.50988534976939,2.32371021678427,808.154479980469,124.04638671875,26.4
[VERBATIM] DIAGNOSIS turning block executed
[DIAG] _turn_input = 0.5
[DIAG] _poll_controls: ENTER, state=3
[VERBATIM] POLL: _poll_controls() entered, game_state=3
[VERBATIM] POLL: checking deploy state=3 canopy=true
[VERBATIM] POLL: turnright pressed - right turn
[AUDIT] poll_forensic_hud: ENTER
[ARMTEL],9.98333333333341,R,true,0.01666666666667,7.53958333333334,5.74554253131197,2.74075543164604,-0.94671462962468,0.76729440330989,0.73098105646916,69.4432091851724,-2.0,63.9593632897058,0.88333333333333
[DIAG] _physics_process: ENTER, state=3
[DIAG] _physics_process: camera target set to character (state: 3)
[GLIDE],9.71666666666673,0.0,0.73098105646916,0.36549052823458,0.73098105646916,8.10531501638212,-42.0031714066188,23.4226332841561,3.50551340761071,2.31216203560509,808.208190917969,124.170341491699,26.4
[VERBATIM] DIAGNOSIS turning block executed
[DIAG] _turn_input = 0.5
[DIAG] _poll_controls: ENTER, state=3
[VERBATIM] POLL: _poll_controls() entered, game_state=3
[VERBATIM] POLL: checking deploy state=3 canopy=true
[VERBATIM] POLL: turnright pressed - right turn
[DEBUG] _input (build_terrain) called, event=InputEventKey: keycode=69 (E), mods=none, physical=false, location=unspecified, pressed=true, echo=true
[AUDIT] poll_forensic_hud: ENTER
[ARMTEL],10.0000000000001,R,true,0.01666666666667,7.5875,5.84784845175329,2.6855304115846,-0.94587886333789,0.75152975558759,0.74350655239562,70.6331314493287,-2.0,65.4046128870361,0.9
[DIAG] _physics_process: ENTER, state=3
[DIAG] _physics_process: camera target set to character (state: 3)
[GLIDE],9.7333333333334,0.0,0.74350655239562,0.37175327619781,0.74350655239562,8.05571405251334,-42.6155198637854,22.7123746197597,3.50158404087639,2.30059137763751,808.260009765625,124.294189453125,26.4
[VERBATIM] DIAGNOSIS turning block executed
[DIAG] _turn_input = 0.5
[DIAG] _poll_controls: ENTER, state=3
[VERBATIM] POLL: _poll_controls() entered, game_state=3
[VERBATIM] POLL: checking deploy state=3 canopy=true
[VERBATIM] POLL: turnright pressed - right turn
[VERBATIM] Wind updated: 12.5 kts @ 240.0°
[DEBUG] _input (build_terrain) called, event=InputEventMouseMotion: button_mask=0, position=((520.0, 346.0)), relative=((7.0, 0.0)), velocity=((-102.76, 72.53648)), pressure=0.00, tilt=((0.0, 0.0)), pen_inverted=(false)
[AUDIT] poll_forensic_hud: ENTER
[ARMTEL],10.0166666666667,R,true,0.01666666666667,7.63541666666667,5.94805241916497,2.63035414455656,-0.94298989705486,0.73581325730334,0.75577010668401,71.7981692547075,-2.0,66.8196384477958,0.91666666666667
[DIAG] _physics_process: ENTER, state=3
[DIAG] _physics_process: camera target set to character (state: 3)
[GLIDE],9.75000000000006,0.0,0.75577010668401,0.37788505334201,0.75577010668401,8.00715037753132,-43.2115570987939,21.9921820014465,3.49807851799529,2.28901390758951,808.309997558594,124.417930603027,26.4
[VERBATIM] DIAGNOSIS turning block executed
[DIAG] _turn_input = 0.5
[DIAG] _poll_controls: ENTER, state=3
[VERBATIM] POLL: _poll_controls() entered, game_state=3
[VERBATIM] POLL: checking deploy state=3 canopy=true
[VERBATIM] POLL: turnright pressed - right turn
[DEBUG] _input (build_terrain) called, event=InputEventMouseMotion: button_mask=0, position=((545.0, 343.0)), relative=((25.0, -3.0)), velocity=((52.03907, 8.673178)), pressure=0.00, tilt=((0.0, 0.0)), pen_inverted=(false)
[AUDIT] poll_forensic_hud: ENTER
[ARMTEL],10.0333333333334,R,true,0.01666666666667,7.68333333333334,6.04616085347208,2.57534640056169,-0.93817392070044,0.72017702529167,0.76777305710554,72.9384496895899,-2.0,68.2045943302086,0.93333333333333
[DIAG] _physics_process: ENTER, state=3
[DIAG] _physics_process: camera target set to character (state: 3)
[GLIDE],9.76666666666673,0.0,0.76777305710554,0.38388652855277,0.76777305710554,7.95961869386207,-43.7915698152977,21.2623225045248,3.49497810429561,2.27744450933156,808.358093261719,124.541557312012,26.4
[VERBATIM] DIAGNOSIS turning block executed
[DIAG] _turn_input = 0.5
[DIAG] _poll_controls: ENTER, state=3
[VERBATIM] POLL: _poll_controls() entered, game_state=3
[VERBATIM] POLL: checking deploy state=3 canopy=true
[VERBATIM] POLL: turnright pressed - right turn
[DEBUG] _input (build_terrain) called, event=InputEventMouseMotion: button_mask=0, position=((564.0, 343.0)), relative=((19.0, 0.0)), velocity=((52.03907, 8.673178)), pressure=0.00, tilt=((0.0, 0.0)), pen_inverted=(false)
[DEBUG] _input (build_terrain) called, event=InputEventKey: keycode=69 (E), mods=none, physical=false, location=unspecified, pressed=true, echo=true
[DEBUG] _input (build_terrain) called, event=InputEventMouseMotion: button_mask=0, position=((584.0, 341.0)), relative=((20.0, -2.0)), velocity=((52.03907, 8.673178)), pressure=0.00, tilt=((0.0, 0.0)), pen_inverted=(false)
[AUDIT] poll_forensic_hud: ENTER
[ARMTEL],10.0500000000001,R,true,0.01666666666667,7.73125,6.1421844568443,2.52061958852083,-0.93155404536513,0.70465112453558,0.77951724251446,74.0541474451526,-2.0,69.5596927097759,0.95
[DIAG] _physics_process: ENTER, state=3
[DIAG] _physics_process: camera target set to character (state: 3)
[GLIDE],9.7833333333334,0.0,0.77951724251446,0.38975862125723,0.77951724251446,7.91311171964272,-44.3558625295107,20.523058129033,3.49226415903831,2.2658972400936,808.404357910156,124.665069580078,26.4
[VERBATIM] DIAGNOSIS turning block executed
[DIAG] _turn_input = 0.5
[DIAG] _poll_controls: ENTER, state=3
[VERBATIM] POLL: _poll_controls() entered, game_state=3
[VERBATIM] POLL: checking deploy state=3 canopy=true
[VERBATIM] POLL: turnright pressed - right turn
[DEBUG] _input (build_terrain) called, event=InputEventMouseMotion: button_mask=0, position=((612.0, 338.0)), relative=((28.0, -3.0)), velocity=((52.03907, 8.673178)), pressure=0.00, tilt=((0.0, 0.0)), pen_inverted=(false)
[AUDIT] poll_forensic_hud: ENTER
[ARMTEL],10.0666666666667,R,true,0.01666666666667,7.77916666666667,6.23613794011571,2.46627893587454,-0.92325020932358,0.68926362104686,0.79100496953191,75.1454816504302,-2.0,70.8851997351013,0.96666666666667
[DIAG] _physics_process: ENTER, state=3
[DIAG] _physics_process: camera target set to character (state: 3)
[GLIDE],9.80000000000007,0.0,0.79100496953191,0.39550248476596,0.79100496953191,7.86762032065363,-44.9047553992482,19.7746455390455,3.48991822360681,2.25438529402631,808.44873046875,124.788467407227,26.4
[VERBATIM] DIAGNOSIS turning block executed
[DIAG] _turn_input = 0.5
[DIAG] _poll_controls: ENTER, state=3
[VERBATIM] POLL: _poll_controls() entered, game_state=3
[VERBATIM] POLL: checking deploy state=3 canopy=true
[VERBATIM] POLL: turnright pressed - right turn
[DEBUG] _input (build_terrain) called, event=InputEventMouseMotion: button_mask=0, position=((630.0, 337.0)), relative=((18.0, -1.0)), velocity=((52.03907, 8.673178)), pressure=0.00, tilt=((0.0, 0.0)), pen_inverted=(false)
[AUDIT] poll_forensic_hud: ENTER
[ARMTEL],10.0833333333334,R,true,0.01666666666667,7.82708333333334,6.32803975625529,2.41242267366399,-0.91337909658595,0.67404063610376,0.80223898013364,76.2127127931531,-2.0,72.1814317880178,0.98333333333333
[PIPLIVE] eye=(808.4487, 1803.509, 124.7885) state=3 deployed=true framing=canopy
[DIAG] _physics_process: ENTER, state=3
[DIAG] _physics_process: camera target set to character (state: 3)
[GLIDE],9.81666666666673,0.0,0.80223898013364,0.40111949006682,0.80223898013364,7.82313363867078,-45.4385821913981,19.0173358358555,3.48792210104244,2.24292097473526,808.4912109375,124.911735534668,26.4
[VERBATIM] DIAGNOSIS turning block executed
[DIAG] _turn_input = 0.5
[DIAG] _poll_controls: ENTER, state=3
[VERBATIM] POLL: _poll_controls() entered, game_state=3
[VERBATIM] POLL: checking deploy state=3 canopy=true
[VERBATIM] POLL: turnright pressed - right turn
[DEBUG] _input (build_terrain) called, event=InputEventMouseMotion: button_mask=0, position=((633.0, 337.0)), relative=((3.0, 0.0)), velocity=((52.03907, 8.673178)), pressure=0.00, tilt=((0.0, 0.0)), pen_inverted=(false)
[DEBUG] _input (build_terrain) called, event=InputEventKey: keycode=69 (E), mods=none, physical=false, location=unspecified, pressed=true, echo=true
[DEBUG] _input (build_terrain) called, event=InputEventMouseMotion: button_mask=0, position=((636.0, 337.0)), relative=((3.0, 0.0)), velocity=((52.03907, 8.673178)), pressure=0.00, tilt=((0.0, 0.0)), pen_inverted=(false)
[AUDIT] poll_forensic_hud: ENTER
[ARMTEL],10.1000000000001,R,true,0.01666666666667,7.875,6.41791184106913,2.35914222636315,-0.90205406743227,0.65900640164655,0.81322242016108,77.2561397282951,-2.0,73.4487518502462,1.0
[DIAG] _physics_process: ENTER, state=3
[DIAG] _physics_process: camera target set to character (state: 3)
[GLIDE],9.8333333333334,0.0,0.81322242016108,0.40661121008054,0.81322242016108,7.77963921616211,-45.9576883821407,18.2513743628199,3.4862579271653,2.23151567631939,808.531799316406,125.034873962402,26.4
[VERBATIM] DIAGNOSIS turning block executed
[DIAG] _turn_input = 0.5
[DIAG] _poll_controls: ENTER, state=3
[VERBATIM] POLL: _poll_controls() entered, game_state=3
[VERBATIM] POLL: checking deploy state=3 canopy=true
[VERBATIM] POLL: turnright pressed - right turn
[DEBUG] _input (build_terrain) called, event=InputEventMouseMotion: button_mask=0, position=((641.0, 337.0)), relative=((5.0, 0.0)), velocity=((52.03907, 8.673178)), pressure=0.00, tilt=((0.0, 0.0)), pen_inverted=(false)
[AUDIT] poll_forensic_hud: ENTER
[ARMTEL],10.1166666666667,R,true,0.01666666666667,7.92291666666667,6.50577936128867,2.30652240576293,-0.88938510038493,0.64418331664014,0.82395880877175,78.2760967758625,-2.0,74.6875659784415,1.01666666666667
[DIAG] _physics_process: ENTER, state=3
[DIAG] _physics_process: camera target set to character (state: 3)
[GLIDE],9.85000000000007,0.0,0.82395880877175,0.41197940438588,0.82395880877175,7.73712311726386,-46.4624293841519,17.4770005397507,3.48490823356382,2.22017987238406,808.570556640625,125.157875061035,26.4
[VERBATIM] DIAGNOSIS turning block executed
[DIAG] _turn_input = 0.5
[DIAG] _poll_controls: ENTER, state=3
[VERBATIM] POLL: _poll_controls() entered, game_state=3
[VERBATIM] POLL: checking deploy state=3 canopy=true
[VERBATIM] POLL: turnright pressed - right turn
[DEBUG] _input (build_terrain) called, event=InputEventMouseMotion: button_mask=0, position=((647.0, 337.0)), relative=((6.0, 0.0)), velocity=((52.03907, 8.673178)), pressure=0.00, tilt=((0.0, 0.0)), pen_inverted=(false)
[AUDIT] poll_forensic_hud: ENTER
[ARMTEL],10.1333333333334,R,true,0.01666666666667,7.97083333333334,6.59167047017402,2.25464160824048,-0.87547874508116,0.62959200422212,0.83445200884212,79.2729509091669,-2.0,75.8983198891405,1.03333333333333
[DIAG] _physics_process: ENTER, state=3
[DIAG] _physics_process: camera target set to character (state: 3)
[GLIDE],9.86666666666674,0.0,0.83445200884212,0.41722600442106,0.83445200884212,7.6955700449852,-46.9531688949854,16.6944477248342,3.48385600277348,2.20892311245321,808.607421875,125.280731201172,26.4
[VERBATIM] DIAGNOSIS turning block executed
[DIAG] _turn_input = 0.5
[DIAG] _poll_controls: ENTER, state=3
[VERBATIM] POLL: _poll_controls() entered, game_state=3
[VERBATIM] POLL: checking deploy state=3 canopy=true
[VERBATIM] POLL: turnright pressed - right turn
[DEBUG] _input (build_terrain) called, event=InputEventMouseMotion: button_mask=0, position=((652.0, 337.0)), relative=((5.0, 0.0)), velocity=((1093.103, -77.464)), pressure=0.00, tilt=((0.0, 0.0)), pen_inverted=(false)
[DEBUG] _input (build_terrain) called, event=InputEventKey: keycode=69 (E), mods=none, physical=false, location=unspecified, pressed=true, echo=true
[DEBUG] _input (build_terrain) called, event=InputEventMouseMotion: button_mask=0, position=((659.0, 338.0)), relative=((7.0, 1.0)), velocity=((1093.103, -77.464)), pressure=0.00, tilt=((0.0, 0.0)), pen_inverted=(false)
[AUDIT] poll_forensic_hud: ENTER
[ARMTEL],10.1500000000001,R,true,0.01666666666667,8.01875,6.67561607073697,2.20357201477741,-0.86043808551437,0.61525136946354,0.84470619833318,80.2470990345527,-2.0,77.0814956547878,1.05
[DIAG] _physics_process: ENTER, state=3
[DIAG] _physics_process: camera target set to character (state: 3)
[GLIDE],9.8833333333334,0.0,0.84470619833318,0.42235309916659,0.84470619833318,7.65496345460061,-47.4302773608398,15.9039431021536,3.48308471599596,2.19775402517355,808.642395019531,125.403427124023,26.4
[VERBATIM] DIAGNOSIS turning block executed
[DIAG] _turn_input = 0.5
[DIAG] _poll_controls: ENTER, state=3
[VERBATIM] POLL: _poll_controls() entered, game_state=3
[VERBATIM] POLL: checking deploy state=3 canopy=true
[VERBATIM] POLL: turnright pressed - right turn
[DEBUG] _input (build_terrain) called, event=InputEventMouseMotion: button_mask=0, position=((676.0, 345.0)), relative=((17.0, 7.0)), velocity=((1093.103, -77.464)), pressure=0.00, tilt=((0.0, 0.0)), pen_inverted=(false)
[AUDIT] poll_forensic_hud: ENTER
[ARMTEL],10.1666666666668,R,true,0.01666666666667,8.06666666666667,6.75764958666544,2.1533797931224,-0.84436271312117,0.60117865757819,0.85472584262615,81.1989653632899,-2.0,78.2376085117021,1.06666666666667
[DIAG] _physics_process: ENTER, state=3
[DIAG] _physics_process: camera target set to character (state: 3)
[GLIDE],9.90000000000007,0.0,0.85472584262615,0.42736292131308,0.85472584262615,7.61528566320045,-47.894130549966,15.1057075929875,3.4825783937347,2.18668032768499,808.675476074219,125.52596282959,26.4
[VERBATIM] DIAGNOSIS turning block executed
[DIAG] _turn_input = 0.5
[DIAG] _poll_controls: ENTER, state=3
[VERBATIM] POLL: _poll_controls() entered, game_state=3
[VERBATIM] POLL: checking deploy state=3 canopy=true
[VERBATIM] POLL: turnright pressed - right turn
[DEBUG] _input (build_terrain) called, event=InputEventMouseMotion: button_mask=0, position=((686.0, 349.0)), relative=((10.0, 4.0)), velocity=((1093.103, -77.464)), pressure=0.00, tilt=((0.0, 0.0)), pen_inverted=(false)
[DEBUG] _input (build_terrain) called, event=InputEventKey: keycode=69 (E), mods=none, physical=false, location=unspecified, pressed=false, echo=false
[DEBUG] _input (build_terrain) called, event=InputEventMouseMotion: button_mask=0, position=((695.0, 356.0)), relative=((9.0, 7.0)), velocity=((1093.103, -77.464)), pressure=0.00, tilt=((0.0, 0.0)), pen_inverted=(false)
[AUDIT] poll_forensic_hud: ENTER
[ARMTEL],10.1833333333334,R,false,0.01666666666667,0.0,6.8378067410092,2.10412530152367,-8.94193204253287,0.45214645686931,0.86226161690731,81.9148640109323,-2.0,79.1071209692811,0.0
[DIAG] _physics_process: ENTER, state=3
[DIAG] _physics_process: camera target set to character (state: 3)
[GLIDE],9.91666666666674,0.0,0.86226161690731,0.43113080845365,0.86226161690731,7.58544399704707,-48.2414690759923,14.3016831083876,3.48235981331488,2.17824820055755,808.706726074219,125.648468017578,26.4
[WIND] speed 5.0430734977192 kts  dir 0°  gust -1.04408668151075  vec_ms (0.0, 0.0, 2.594379)
[VERBATIM] DIAGNOSIS turning block executed
[DIAG] _turn_input = 0.0
[DIAG] _poll_controls: ENTER, state=3
[VERBATIM] POLL: _poll_controls() entered, game_state=3
[VERBATIM] POLL: checking deploy state=3 canopy=true
[DEBUG] _input (build_terrain) called, event=InputEventMouseMotion: button_mask=0, position=((713.0, 365.0)), relative=((18.0, 9.0)), velocity=((1093.103, -77.464)), pressure=0.00, tilt=((0.0, 0.0)), pen_inverted=(false)
[AUDIT] poll_forensic_hud: ENTER
[ARMTEL],10.2000000000001,R,false,0.01666666666667,0.0,6.89809293525844,1.58251259904258,-8.48060553430103,0.31080303129763,0.86744166742893,82.4069688729935,-2.0,79.7048191342469,0.0
[DIAG] _physics_process: ENTER, state=3
[DIAG] _physics_process: camera target set to character (state: 3)
[GLIDE],9.93333333333341,0.0,0.86744166742893,0.43372083371447,0.86744166742893,7.56493099698143,-48.4794681857343,13.4936919719587,3.48229080451719,2.17240070449265,808.736145019531,125.771072387695,26.4
[VERBATIM] DIAGNOSIS turning block executed
[DIAG] _turn_input = 0.0
[DIAG] _poll_controls: ENTER, state=3
[VERBATIM] POLL: _poll_controls() entered, game_state=3
[VERBATIM] POLL: checking deploy state=3 canopy=true
[DEBUG] _input (build_terrain) called, event=InputEventMouseMotion: button_mask=0, position=((729.0, 372.0)), relative=((16.0, 7.0)), velocity=((1093.103, -77.464)), pressure=0.00, tilt=((0.0, 0.0)), pen_inverted=(false)
[AUDIT] poll_forensic_hud: ENTER
[ARMTEL],10.2166666666668,R,false,0.01666666666667,0.0,6.93953333943146,1.08781060954169,-8.02734394897315,0.17701396548141,0.87039190018696,82.6872410206056,-2.0,80.045230622191,0.0
[DIAG] _physics_process: ENTER, state=3
[DIAG] _physics_process: camera target set to character (state: 3)
[GLIDE],9.95000000000007,0.0,0.87039190018696,0.43519595009348,0.87039190018696,7.55324807525965,-48.6147410116664,12.6834462884309,3.4822812044237,2.16905173128018,808.763793945312,125.893890380859,26.4
[VERBATIM] DIAGNOSIS turning block executed
[DIAG] _turn_input = 0.0
[DIAG] _poll_controls: ENTER, state=3
[VERBATIM] POLL: _poll_controls() entered, game_state=3
[VERBATIM] POLL: checking deploy state=3 canopy=true
[DEBUG] _input (build_terrain) called, event=InputEventMouseMotion: button_mask=0, position=((740.0, 374.0)), relative=((11.0, 2.0)), velocity=((1093.103, -77.464)), pressure=0.00, tilt=((0.0, 0.0)), pen_inverted=(false)
[AUDIT] poll_forensic_hud: ENTER
[ARMTEL],10.2333333333334,R,false,0.01666666666667,0.0,6.96313520149565,0.61954887918492,-7.58268408068057,0.05063589747006,0.87123583181146,82.7674145351168,-2.0,80.1426073526331,0.0
[DIAG] _physics_process: ENTER, state=3
[DIAG] _physics_process: camera target set to character (state: 3)
[GLIDE],9.96666666666674,0.0,0.87123583181146,0.43561791590573,0.87123583181146,7.54990610602663,-48.6533996862274,11.8725562936605,3.48228243249829,2.16809125979196,808.789672851562,126.017028808594,26.4
[VERBATIM] DIAGNOSIS turning block executed
[DIAG] _turn_input = 0.0
[DIAG] _poll_controls: ENTER, state=3
[VERBATIM] POLL: _poll_controls() entered, game_state=3
[VERBATIM] POLL: checking deploy state=3 canopy=true
[DEBUG] _input (build_terrain) called, event=InputEventMouseMotion: button_mask=0, position=((749.0, 375.0)), relative=((9.0, 1.0)), velocity=((1093.103, -77.464)), pressure=0.00, tilt=((0.0, 0.0)), pen_inverted=(false)
[AUDIT] poll_forensic_hud: ENTER
[ARMTEL],10.2500000000001,R,false,0.01666666666667,0.0,6.96988665449165,0.17722564114522,-7.14711229563688,-0.06848264079055,0.87009445446495,82.6589836734256,-2.0,80.0109099603598,0.0
[DIAG] _physics_process: ENTER, state=3
[DIAG] _physics_process: camera target set to character (state: 3)
[GLIDE],9.98333333333341,0.0,0.87009445446495,0.43504722723247,0.87009445446495,7.55442596031881,-48.6011117545689,11.0625377644177,3.48228119324403,2.16938998923325,808.813842773438,126.140594482422,26.4
[VERBATIM] DIAGNOSIS turning block executed
[DIAG] _turn_input = 0.0
[DIAG] _poll_controls: ENTER, state=3
[VERBATIM] POLL: _poll_controls() entered, game_state=3
[VERBATIM] POLL: checking deploy state=3 canopy=true
[DEBUG] _input (build_terrain) called, event=InputEventMouseMotion: button_mask=0, position=((755.0, 375.0)), relative=((6.0, 0.0)), velocity=((883.1703, 329.0242)), pressure=0.00, tilt=((0.0, 0.0)), pen_inverted=(false)
[AUDIT] poll_forensic_hud: ENTER
[ARMTEL],10.2666666666668,R,false,0.01666666666667,0.0,6.96075563571958,-0.23968924276693,-6.72106639295265,-0.18050041400643,0.86708611423151,82.3731913149477,-2.0,79.6637937634013,0.0
[DIAG] _physics_process: ENTER, state=3
[DIAG] _physics_process: camera target set to character (state: 3)
[GLIDE],10.0000000000001,0.0,0.86708611423151,0.43354305711575,0.86708611423151,7.56633898764323,-48.4631519576741,10.2548185651231,3.48229341879906,2.17280340214773,808.836303710938,126.264686584473,26.4
[VERBATIM] DIAGNOSIS turning block executed
[DIAG] _turn_input = 0.0
[DIAG] _poll_controls: ENTER, state=3
[VERBATIM] POLL: _poll_controls() entered, game_state=3
[VERBATIM] POLL: checking deploy state=3 canopy=true
[DEBUG] _input (build_terrain) called, event=InputEventMouseMotion: button_mask=0, position=((767.0, 374.0)), relative=((12.0, -1.0)), velocity=((883.1703, 329.0242)), pressure=0.00, tilt=((0.0, 0.0)), pen_inverted=(false)
[AUDIT] poll_forensic_hud: ENTER
[ARMTEL],10.2833333333334,R,false,0.01666666666667,0.0,6.93668891385206,-0.6317514490225,-6.30493746482956,-0.28558270508692,0.86232640248006,81.9210186411256,-2.0,79.114596228024,0.0
[DIAG] _physics_process: ENTER, state=3
[DIAG] _physics_process: camera target set to character (state: 3)
[GLIDE],10.0166666666667,0.0,0.86232640248006,0.43116320124003,0.86232640248006,7.58518744617897,-48.244449491496,9.4507444069315,3.4823585407037,2.17817532500436,808.857055664062,126.389389038086,26.4
[VERBATIM] DIAGNOSIS turning block executed
[DIAG] _turn_input = 0.0
[DIAG] _poll_controls: ENTER, state=3
[VERBATIM] POLL: _poll_controls() entered, game_state=3
[VERBATIM] POLL: checking deploy state=3 canopy=true
[DEBUG] _input (build_terrain) called, event=InputEventMouseMotion: button_mask=0, position=((779.0, 372.0)), relative=((12.0, -2.0)), velocity=((883.1703, 329.0242)), pressure=0.00, tilt=((0.0, 0.0)), pen_inverted=(false)
[AUDIT] poll_forensic_hud: ENTER
[ARMTEL],10.3000000000001,R,false,0.01666666666667,0.0,6.89861121984047,-0.99953946780422,-5.89907175203624,-0.38390056762086,0.85592805968638,81.3131759985184,-2.0,78.37632587127,0.0
[DIAG] _physics_process: ENTER, state=3
[DIAG] _physics_process: camera target set to character (state: 3)
[GLIDE],10.0333333333334,0.0,0.85592805968638,0.42796402984319,0.85592805968638,7.61052488364195,-47.9496308766478,8.6515838923207,3.48253415871411,2.18534105820574,808.876159667969,126.514785766602,26.4
[VERBATIM] DIAGNOSIS turning block executed
[DIAG] _turn_input = 0.0
[DIAG] _poll_controls: ENTER, state=3
[VERBATIM] POLL: _poll_controls() entered, game_state=3
[VERBATIM] POLL: checking deploy state=3 canopy=true
[DEBUG] _input (build_terrain) called, event=InputEventMouseMotion: button_mask=0, position=((797.0, 371.0)), relative=((18.0, -1.0)), velocity=((883.1703, 329.0242)), pressure=0.00, tilt=((0.0, 0.0)), pen_inverted=(false)
[AUDIT] poll_forensic_hud: ENTER
[ARMTEL],10.3166666666668,R,false,0.01666666666667,0.0,6.84742447749102,-1.343651986673,-5.50377249081802,-0.47563010913449,0.8480008912008,80.5600948967332,-2.0,77.4616525418456,0.0
[DIAG] _physics_process: ENTER, state=3
[DIAG] _physics_process: camera target set to character (state: 3)
[GLIDE],10.0500000000001,0.0,0.8480008912008,0.4240004456004,0.8480008912008,7.64191647084482,-47.5830585975192,7.85853291569538,3.48289115517385,2.19413014371486,808.8935546875,126.640953063965,26.4
[VERBATIM] DIAGNOSIS turning block executed
[DIAG] _turn_input = 0.0
[DIAG] _poll_controls: ENTER, state=3
[VERBATIM] POLL: _poll_controls() entered, game_state=3
[VERBATIM] POLL: checking deploy state=3 canopy=true
[DEBUG] _input (build_terrain) called, event=InputEventMouseMotion: button_mask=0, position=((821.0, 366.0)), relative=((24.0, -5.0)), velocity=((883.1703, 329.0242)), pressure=0.00, tilt=((0.0, 0.0)), pen_inverted=(false)
[AUDIT] poll_forensic_hud: ENTER
[ARMTEL],10.3333333333334,R,false,0.01666666666667,0.0,6.78400712960642,-1.66470538197072,-5.1193017476357,-0.56095180492842,0.838651694452,79.6719210927817,-2.0,76.3828990205554,0.0
[DIAG] _physics_process: ENTER, state=3
[DIAG] _physics_process: camera target set to character (state: 3)
[GLIDE],10.0666666666667,0.0,0.838651694452,0.419325847226,0.838651694452,7.6789392899701,-47.1488656897999,7.07271848753205,3.4835092862108,2.20436883012386,808.909301757812,126.767959594727,26.4
[VERBATIM] DIAGNOSIS turning block executed
[DIAG] _turn_input = 0.0
[DIAG] _poll_controls: ENTER, state=3
[VERBATIM] POLL: _poll_controls() entered, game_state=3
[VERBATIM] POLL: checking deploy state=3 canopy=true
[DEBUG] _input (build_terrain) called, event=InputEventMouseMotion: button_mask=0, position=((842.0, 363.0)), relative=((21.0, -3.0)), velocity=((883.1703, 329.0242)), pressure=0.00, tilt=((0.0, 0.0)), pen_inverted=(false)
[AUDIT] poll_forensic_hud: ENTER
[ARMTEL],10.3500000000001,R,false,0.01666666666667,0.0,6.70921355561596,-1.96333131724947,-4.74588223836649,-0.64004984223453,0.82798419708142,78.6585087138545,-2.0,75.1520338819722,0.0
[DIAG] _physics_process: ENTER, state=3
[DIAG] _physics_process: camera target set to character (state: 3)
[GLIDE],10.0833333333334,0.0,0.82798419708142,0.41399209854071,0.82798419708142,7.72118257955758,-46.6509864715597,6.29520204633939,3.48447326594926,2.21588228413459,808.923400878906,126.895866394043,26.4
[VERBATIM] DIAGNOSIS turning block executed
[DIAG] _turn_input = 0.0
[DIAG] _poll_controls: ENTER, state=3
[VERBATIM] POLL: _poll_controls() entered, game_state=3
[VERBATIM] POLL: checking deploy state=3 canopy=true
[DEBUG] _input (build_terrain) called, event=InputEventMouseMotion: button_mask=0, position=((850.0, 356.0)), relative=((8.0, -7.0)), velocity=((883.1703, 329.0242)), pressure=0.00, tilt=((0.0, 0.0)), pen_inverted=(false)
[AUDIT] poll_forensic_hud: ENTER
[ARMTEL],10.3666666666668,R,false,0.01666666666667,0.0,6.62387357665136,-2.24017444782085,-4.38369912883051,-0.7131114943817,0.81609900550839,77.5294153710005,-2.0,73.7806655596348,0.0
[DIAG] _physics_process: ENTER, state=3
[DIAG] _physics_process: camera target set to character (state: 3)
[GLIDE],10.1000000000001,0.0,0.81609900550839,0.4080495027542,0.81609900550839,7.76824793818677,-46.0931836255855,5.5269823192463,3.48586934699684,2.22849658575967,808.935852050781,127.02473449707,26.4
[VERBATIM] DIAGNOSIS turning block executed
[DIAG] _turn_input = 0.0
[DIAG] _poll_controls: ENTER, state=3
[VERBATIM] POLL: _poll_controls() entered, game_state=3
[VERBATIM] POLL: checking deploy state=3 canopy=true
[DEBUG] _input (build_terrain) called, event=InputEventMouseMotion: button_mask=0, position=((853.0, 353.0)), relative=((3.0, -3.0)), velocity=((871.5687, -163.9585)), pressure=0.00, tilt=((0.0, 0.0)), pen_inverted=(false)
[AUDIT] poll_forensic_hud: ENTER
[ARMTEL],10.3833333333334,R,false,0.01666666666667,0.0,6.52879204406713,-2.49589023033596,-4.03290181373117,-0.78032652461056,0.80309356343155,76.2938982167664,-2.0,72.2800375577565,0.0
[DIAG] _physics_process: ENTER, state=3
[DIAG] _physics_process: camera target set to character (state: 3)
[GLIDE],10.1166666666667,0.0,0.80309356343155,0.40154678171577,0.80309356343155,7.81974948881107,-45.4790718498937,4.76899778841473,3.48778238961353,2.24204053329071,808.946716308594,127.154609680176,26.4
[VERBATIM] DIAGNOSIS turning block executed
[DIAG] _turn_input = 0.0
[DIAG] _poll_controls: ENTER, state=3
[VERBATIM] POLL: _poll_controls() entered, game_state=3
[VERBATIM] POLL: checking deploy state=3 canopy=true
[DEBUG] _input (build_terrain) called, event=InputEventMouseMotion: button_mask=0, position=((855.0, 348.0)), relative=((2.0, -5.0)), velocity=((871.5687, -163.9585)), pressure=0.00, tilt=((0.0, 0.0)), pen_inverted=(false)
[AUDIT] poll_forensic_hud: ENTER
[ARMTEL],10.4000000000001,R,false,0.01666666666667,0.0,6.42474850745239,-2.73114283613695,-3.69360567131544,-0.84188661913248,0.78906211977934,74.960910900492,-2.0,70.6610247532034,0.0
[DIAG] _physics_process: ENTER, state=3
[DIAG] _physics_process: camera target set to character (state: 3)
[GLIDE],10.1333333333334,0.0,0.78906211977934,0.39453105988967,0.78906211977934,7.87531400567381,-44.8121382995397,4.02212881675574,3.49029340308764,2.25634727404493,808.955932617188,127.285545349121,26.4
[VERBATIM] DIAGNOSIS turning block executed
[DIAG] _turn_input = 0.0
[DIAG] _poll_controls: ENTER, state=3
[VERBATIM] POLL: _poll_controls() entered, game_state=3
[VERBATIM] POLL: checking deploy state=3 canopy=true
[DEBUG] _input (build_terrain) called, event=InputEventMouseMotion: button_mask=0, position=((855.0, 347.0)), relative=((0.0, -1.0)), velocity=((871.5687, -163.9585)), pressure=0.00, tilt=((0.0, 0.0)), pen_inverted=(false)
[AUDIT] poll_forensic_hud: ENTER
[ARMTEL],10.4166666666668,R,false,0.01666666666667,0.0,6.31249695823473,-2.94660316696368,-3.36589379127105,-0.897984848987,0.77409570562956,73.5391013756659,-2.0,68.9341307323639,0.0
[DIAG] _physics_process: ENTER, state=3
[DIAG] _physics_process: camera target set to character (state: 3)
[GLIDE],10.1500000000001,0.0,0.77409570562956,0.38704785281478,0.77409570562956,7.93458100570695,-44.0957600463013,3.28719948265072,3.493477535792,2.27125576861856,808.963500976562,127.417572021484,26.4
[VERBATIM] DIAGNOSIS turning block executed
[DIAG] _turn_input = 0.0
[DIAG] _poll_controls: ENTER, state=3
[VERBATIM] POLL: _poll_controls() entered, game_state=3
[VERBATIM] POLL: checking deploy state=3 canopy=true
[DEBUG] _input (build_terrain) called, event=InputEventMouseMotion: button_mask=0, position=((855.0, 344.0)), relative=((0.0, -3.0)), velocity=((871.5687, -163.9585)), pressure=0.00, tilt=((0.0, 0.0)), pen_inverted=(false)
[AUDIT] poll_forensic_hud: ENTER
[ARMTEL],10.4333333333334,R,false,0.01666666666667,0.0,6.19276564503646,-3.14294697145449,-3.04981867358197,-0.94881516021336,0.758282119626,72.0368105145087,-2.0,67.1094861084567,0.0
[DIAG] _physics_process: ENTER, state=3
[DIAG] _physics_process: camera target set to character (state: 3)
[GLIDE],10.1666666666668,0.0,0.758282119626,0.379141059813,0.758282119626,7.99720280628103,-43.3332187838262,2.56497916958695,3.49740248501687,2.28661209012736,808.969482421875,127.550727844238,26.4
[VERBATIM] DIAGNOSIS turning block executed
[DIAG] _turn_input = 0.0
[DIAG] _poll_controls: ENTER, state=3
[VERBATIM] POLL: _poll_controls() entered, game_state=3
[VERBATIM] POLL: checking deploy state=3 canopy=true
[DEBUG] _input (build_terrain) called, event=InputEventMouseMotion: button_mask=0, position=((853.0, 338.0)), relative=((-2.0, -6.0)), velocity=((871.5687, -163.9585)), pressure=0.00, tilt=((0.0, 0.0)), pen_inverted=(false)
[AUDIT] poll_forensic_hud: ENTER
[ARMTEL],10.4500000000001,R,false,0.01666666666667,0.0,6.06625695700801,-3.32085306074677,-2.74540389626124,-0.99457189181772,0.74170592142904,70.4620714857757,-2.0,65.1968477658248,0.0
[DIAG] _physics_process: ENTER, state=3
[DIAG] _physics_process: camera target set to character (state: 3)
[GLIDE],10.1833333333334,0.0,0.74170592142904,0.37085296071452,0.74170592142904,8.062844551141,-42.5277130046562,1.85618395284268,3.50212729380468,2.302270555786,808.973815917969,127.685035705566,26.4
[VERBATIM] DIAGNOSIS turning block executed
[DIAG] _turn_input = 0.0
[DIAG] _poll_controls: ENTER, state=3
[VERBATIM] POLL: _poll_controls() entered, game_state=3
[VERBATIM] POLL: checking deploy state=3 canopy=true
[DEBUG] _input (build_terrain) called, event=InputEventMouseMotion: button_mask=0, position=((848.0, 328.0)), relative=((-5.0, -10.0)), velocity=((871.5687, -163.9585)), pressure=0.00, tilt=((0.0, 0.0)), pen_inverted=(false)
[AUDIT] poll_forensic_hud: ENTER
[ARMTEL],10.4666666666668,R,false,0.01666666666667,0.0,5.93364737143232,-3.48100162136201,-2.4526457500703,-1.03544932098556,0.72444843274595,68.8226098526392,-2.0,63.205598978822,0.0
[DIAG] _physics_process: ENTER, state=3
[DIAG] _physics_process: camera target set to character (state: 3)
[GLIDE],10.2000000000001,0.0,0.72444843274595,0.36222421637297,0.72444843274595,8.13118420632605,-41.6823678724406,1.16147782163534,3.50770149947141,2.31809468609326,808.9765625,127.820526123047,26.4
[VERBATIM] DIAGNOSIS turning block executed
[DIAG] _turn_input = 0.0
[DIAG] _poll_controls: ENTER, state=3
[VERBATIM] POLL: _poll_controls() entered, game_state=3
[VERBATIM] POLL: checking deploy state=3 canopy=true
[DEBUG] _input (build_terrain) called, event=InputEventMouseMotion: button_mask=0, position=((840.0, 321.0)), relative=((-8.0, -7.0)), velocity=((871.5687, -163.9585)), pressure=0.00, tilt=((0.0, 0.0)), pen_inverted=(false)
[AUDIT] poll_forensic_hud: ENTER
[ARMTEL],10.4833333333334,R,false,0.01666666666667,0.0,5.79558746196758,-3.62407262344945,-2.17151483851813,-1.07164123496086,0.7065877454966,67.1258443484298,-2.0,61.1447503540077,0.0
[DIAG] _physics_process: ENTER, state=3
[DIAG] _physics_process: camera target set to character (state: 3)
[GLIDE],10.2166666666668,0.0,0.7065877454966,0.3532938727483,0.7065877454966,8.20191252783347,-40.8002430078793,0.48147377150401,3.51416459711664,2.33395798664727,808.977722167969,127.957221984863,26.4
[VERBATIM] DIAGNOSIS turning block executed
[DIAG] _turn_input = 0.0
[DIAG] _poll_controls: ENTER, state=3
[VERBATIM] POLL: _poll_controls() entered, game_state=3
[VERBATIM] POLL: checking deploy state=3 canopy=true
[DEBUG] _input (build_terrain) called, event=InputEventMouseMotion: button_mask=0, position=((837.0, 316.0)), relative=((-3.0, -5.0)), velocity=((-86.19872, -301.6955)), pressure=0.00, tilt=((0.0, 0.0)), pen_inverted=(false)
[AUDIT] poll_forensic_hud: ENTER
[ARMTEL],10.5000000000001,R,false,0.01666666666667,0.0,5.6527019639728,-3.75074432236301,-1.90195764160979,-1.10334052898769,0.68819873668014,65.3788882889695,-2.0,59.0229415455316,0.0
[DIAG] _physics_process: ENTER, state=3
[DIAG] _physics_process: camera target set to character (state: 3)
[GLIDE],10.2333333333334,0.0,0.68819873668014,0.34409936834007,0.68819873668014,8.27473300274665,-39.8843384007141,-0.18326520184122,3.52154578102955,2.34974454892007,808.977294921875,128.095138549805,26.4
[VERBATIM] DIAGNOSIS turning block executed
[DIAG] _turn_input = 0.0
[DIAG] _poll_controls: ENTER, state=3
[VERBATIM] POLL: _poll_controls() entered, game_state=3
[VERBATIM] POLL: checking deploy state=3 canopy=true
[DEBUG] _input (build_terrain) called, event=InputEventMouseMotion: button_mask=0, position=((833.0, 310.0)), relative=((-4.0, -6.0)), velocity=((-86.19872, -301.6955)), pressure=0.00, tilt=((0.0, 0.0)), pen_inverted=(false)
[AUDIT] poll_forensic_hud: ENTER
[ARMTEL],10.5166666666668,R,false,0.01666666666667,0.0,5.5055898934411,-3.86169185145691,-1.64389804198419,-1.13073882968743,0.66935308951868,63.5885515812244,-2.0,56.8484436947929,0.0
[DIAG] _physics_process: ENTER, state=3
[DIAG] _physics_process: camera target set to character (state: 3)
[GLIDE],10.2500000000001,0.0,0.66935308951868,0.33467654475934,0.66935308951868,8.34936176550602,-38.9375986526461,-0.83222517938532,3.52986392733035,2.36534946881669,808.975280761719,128.234283447266,26.4
[VERBATIM] DIAGNOSIS turning block executed
[DIAG] _turn_input = 0.0
[DIAG] _poll_controls: ENTER, state=3
[VERBATIM] POLL: _poll_controls() entered, game_state=3
[VERBATIM] POLL: checking deploy state=3 canopy=true
[DEBUG] _input (build_terrain) called, event=InputEventMouseMotion: button_mask=0, position=((831.0, 300.0)), relative=((-2.0, -10.0)), velocity=((-86.19872, -301.6955)), pressure=0.00, tilt=((0.0, 0.0)), pen_inverted=(false)
[AUDIT] poll_forensic_hud: ENTER
[ARMTEL],10.5333333333334,R,false,0.01666666666667,0.0,5.35482471614945,-3.95758590390599,-1.39723881224346,-1.15402614322482,0.65011932046493,61.7613432890284,-2.0,54.6291625467028,0.0
[DIAG] _physics_process: ENTER, state=3
[DIAG] _physics_process: camera target set to character (state: 3)
[GLIDE],10.2666666666668,0.0,0.65011932046493,0.32505966023247,0.65011932046493,8.42552749095886,-37.9629157475965,-1.46494044184527,3.53912778229394,2.38067908514389,808.9716796875,128.374664306641,26.4
[VERBATIM] DIAGNOSIS turning block executed
[DIAG] _turn_input = 0.0
[DIAG] _poll_controls: ENTER, state=3
[VERBATIM] POLL: _poll_controls() entered, game_state=3
[VERBATIM] POLL: checking deploy state=3 canopy=true
[DEBUG] _input (build_terrain) called, event=InputEventMouseMotion: button_mask=0, position=((830.0, 294.0)), relative=((-1.0, -6.0)), velocity=((-86.19872, -301.6955)), pressure=0.00, tilt=((0.0, 0.0)), pen_inverted=(false)
[AUDIT] poll_forensic_hud: ENTER
[ARMTEL],10.5500000000001,R,false,0.01666666666667,0.0,5.20095456371947,-4.03909150128686,-1.16186306243261,-1.17339052759869,0.63056281167162,59.9034747176794,-2.0,52.3726421961582,0.0
[DIAG] _physics_process: ENTER, state=3
[DIAG] _physics_process: camera target set to character (state: 3)
[GLIDE],10.2833333333334,0.0,0.63056281167162,0.31528140583581,0.63056281167162,8.50297126578037,-36.9631305364432,-2.08099261745265,3.54933632244708,2.39565104383177,808.966552734375,128.51628112793,26.4
[VERBATIM] DIAGNOSIS turning block executed
[DIAG] _turn_input = 0.0
[DIAG] _poll_controls: ENTER, state=3
[VERBATIM] POLL: _poll_controls() entered, game_state=3
[VERBATIM] POLL: checking deploy state=3 canopy=true
[DEBUG] _input (build_terrain) called, event=InputEventMouseMotion: button_mask=0, position=((830.0, 291.0)), relative=((0.0, -3.0)), velocity=((-86.19872, -301.6955)), pressure=0.00, tilt=((0.0, 0.0)), pen_inverted=(false)
[AUDIT] poll_forensic_hud: ENTER
[ARMTEL],10.5666666666668,R,false,0.01666666666667,0.0,5.04450249337298,-4.10686684659543,-0.93763564677755,-1.18901778837832,0.61074584853198,58.0208629802864,-2.0,50.0860694196369,0.0
[DIAG] _physics_process: ENTER, state=3
[DIAG] _physics_process: camera target set to character (state: 3)
[GLIDE],10.3000000000001,0.0,0.61074584853198,0.30537292426599,0.61074584853198,8.58144643981334,-35.9410331134263,-2.68000983600976,3.56047925458412,2.41019419752685,808.959838867188,128.659149169922,26.4
[VERBATIM] DIAGNOSIS turning block executed
[DIAG] _turn_input = 0.0
[DIAG] _poll_controls: ENTER, state=3
[VERBATIM] POLL: _poll_controls() entered, game_state=3
[VERBATIM] POLL: checking deploy state=3 canopy=true
[AUDIT] poll_forensic_hud: ENTER
[ARMTEL],10.5833333333334,R,false,0.01666666666667,0.0,4.88596678825587,-4.16156225932412,-0.72440452893175,-1.20109119719385,0.59072766191209,56.1191350098406,-2.0,47.7762785481575,0.0
[DIAG] _physics_process: ENTER, state=3
[DIAG] _physics_process: camera target set to character (state: 3)
[GLIDE],10.3166666666668,0.0,0.59072766191209,0.29536383095604,0.59072766191209,8.66071845882814,-34.8993622509954,-3.26166587352635,3.57253762619793,2.42424835369622,808.951599121094,128.803253173828,26.4
[VERBATIM] DIAGNOSIS turning block executed
[DIAG] _turn_input = 0.0
[DIAG] _poll_controls: ENTER, state=3
[VERBATIM] POLL: _poll_controls() entered, game_state=3
[VERBATIM] POLL: checking deploy state=3 canopy=true
[AUDIT] poll_forensic_hud: ENTER
[ARMTEL],10.6000000000001,R,false,0.01666666666667,0.0,4.72582129529669,-4.20381919017847,-0.52200210511822,-1.20979123227915,0.57056447470743,54.2036319820935,-2.0,45.4497568391959,0.0
[DIAG] _physics_process: ENTER, state=3
[DIAG] _physics_process: camera target set to character (state: 3)
[GLIDE],10.3333333333334,0.0,0.57056447470743,0.28528223735372,0.57056447470743,8.74056468015856,-33.8408040491082,-3.82567927434482,3.58548451937231,2.43776388740028,808.94189453125,128.948608398438,26.4
[VERBATIM] DIAGNOSIS turning block executed
[DIAG] _turn_input = 0.0
[DIAG] _poll_controls: ENTER, state=3
[VERBATIM] POLL: _poll_controls() entered, game_state=3
[VERBATIM] POLL: checking deploy state=3 canopy=true
[AUDIT] poll_forensic_hud: ENTER
[ARMTEL],10.6166666666668,R,false,0.01666666666667,0.0,4.56451579765947,-4.23426931297703,-0.33024648468244,-1.21529534035719,0.55030955236815,52.2794141154492,-2.0,43.112650306514,0.0
[DIAG] _physics_process: ENTER, state=3
[DIAG] _physics_process: camera target set to character (state: 3)
[GLIDE],10.3500000000001,0.0,0.55030955236815,0.27515477618407,0.55030955236815,8.82077417262214,-32.767989944021,-4.3718124400785,3.59928580384262,2.45070123723018,808.9306640625,129.095199584961,26.4
[VERBATIM] DIAGNOSIS turning block executed
[DIAG] _turn_input = 0.0
[DIAG] _poll_controls: ENTER, state=3
[VERBATIM] POLL: _poll_controls() entered, game_state=3
[VERBATIM] POLL: checking deploy state=3 canopy=true
[DEBUG] _input (build_terrain) called, event=InputEventMouseButton: button_index=1, mods=none, pressed=true, canceled=false, position=((830.0, 291.0)), button_mask=1, double_click=false
[AUDIT] poll_forensic_hud: ENTER
[AUDIT] _panel_rect: ENTER
[ARMTEL],10.6333333333334,R,false,0.01666666666667,0.0,4.40247641894518,-4.25353369125017,-0.148942727695,-1.21777771915211,0.53001325704895,50.3512658152137,-2.0,40.7707699682348,0.0
[DIAG] _physics_process: ENTER, state=3
[DIAG] _physics_process: camera target set to character (state: 3)
[GLIDE],10.3666666666668,0.0,0.53001325704895,0.26500662852447,0.53001325704895,8.90114750208618,-31.6834942105668,-4.89987067692128,3.61390092763104,2.4630303044641,808.91796875,129.243011474609,26.4
[VERBATIM] DIAGNOSIS turning block executed
[DIAG] _turn_input = 0.0
[DIAG] _poll_controls: ENTER, state=3
[VERBATIM] POLL: _poll_controls() entered, game_state=3
[VERBATIM] POLL: checking deploy state=3 canopy=true
[AUDIT] poll_forensic_hud: ENTER
[ARMTEL],10.6500000000001,R,false,0.01666666666667,0.0,4.24010605639156,-4.26222201703238,0.02211596064082,-1.2174091198081,0.50972310505214,48.4237011306803,-2.0,38.4295984748809,0.0
[DIAG] _physics_process: ENTER, state=3
[DIAG] _physics_process: camera target set to character (state: 3)
[GLIDE],10.3833333333334,0.0,0.50972310505214,0.25486155252607,0.50972310505214,8.98149650399351,-30.5898310808877,-5.40970119493607,3.62928372633851,2.47472977624009,808.903869628906,129.392028808594,26.4
[VERBATIM] DIAGNOSIS turning block executed
[DIAG] _turn_input = 0.0
[DIAG] _poll_controls: ENTER, state=3
[VERBATIM] POLL: _poll_controls() entered, game_state=3
[VERBATIM] POLL: checking deploy state=3 canopy=true
[AUDIT] poll_forensic_hud: ENTER
[ARMTEL],10.6666666666668,R,false,0.01666666666667,0.0,4.07778484041715,-4.26093191932833,0.18314707891118,-1.21435666849291,0.48948382724393,46.5009694946766,-2.0,36.0942970804837,0.0
[DIAG] _physics_process: ENTER, state=3
[DIAG] _physics_process: camera target set to character (state: 3)
[GLIDE],10.4000000000001,0.0,0.48948382724393,0.24474191362196,0.48948382724393,9.06164404411404,-29.4894515916874,-5.90119205479753,3.64538323477732,2.48578639350317,808.888366699219,129.542251586914,26.4
[VERBATIM] DIAGNOSIS turning block executed
[DIAG] _turn_input = 0.0
[DIAG] _poll_controls: ENTER, state=3
[VERBATIM] POLL: _poll_controls() entered, game_state=3
[VERBATIM] POLL: checking deploy state=3 canopy=true
[AUDIT] poll_forensic_hud: ENTER
[ARMTEL],10.6833333333334,R,false,0.01666666666667,0.0,3.91587061795143,-4.25024833972518,0.33437772177375,-1.20878370646335,0.46933743213621,44.5870617163404,-2.0,33.7697129212581,0.0
[DIAG] _physics_process: ENTER, state=3
[DIAG] _physics_process: camera target set to character (state: 3)
[GLIDE],10.4166666666668,0.0,0.46933743213621,0.2346687160681,0.46933743213621,9.14142376874062,-28.3847402613693,-6.37427105915369,3.66214448711686,2.49619418373563,808.871459960938,129.693664550781,26.4
[VERBATIM] DIAGNOSIS turning block executed
[DIAG] _turn_input = 0.0
[DIAG] _poll_controls: ENTER, state=3
[VERBATIM] POLL: _poll_controls() entered, game_state=3
[VERBATIM] POLL: checking deploy state=3 canopy=true
[AUDIT] poll_forensic_hud: ENTER
[ARMTEL],10.7000000000001,R,false,0.01666666666667,0.0,3.75469945708965,-4.23074297262171,0.47604351553206,-1.20084964787115,0.44932327133835,42.6857161990376,-2.0,31.4603865677287,0.0
[DIAG] _physics_process: ENTER, state=3
[DIAG] _physics_process: camera target set to character (state: 3)
[GLIDE],10.4333333333334,0.0,0.44932327133835,0.22466163566918,0.44932327133835,9.22067984550012,-27.2780116880036,-6.82890458728708,3.67950929405803,2.50595367713581,808.853210449219,129.846252441406,26.4
[VERBATIM] DIAGNOSIS turning block executed
[DIAG] _turn_input = 0.0
[DIAG] _poll_controls: ENTER, state=3
[VERBATIM] POLL: _poll_controls() entered, game_state=3
[VERBATIM] POLL: checking deploy state=3 canopy=true
[AUDIT] poll_forensic_hud: ENTER
[ARMTEL],10.7166666666668,R,false,0.01666666666667,0.0,3.59458617070683,-4.20297376754901,0.60838759684218,-1.19070985459044,0.42947810709518,40.8004253564684,-2.0,29.1705598175708,0.0
[DIAG] _physics_process: ENTER, state=3
[DIAG] _physics_process: camera target set to character (state: 3)
[GLIDE],10.4500000000001,0.0,0.42947810709518,0.21473905354759,0.42947810709518,9.29926669590309,-26.1715071489867,-7.26509637310353,3.69741698772852,2.51507112310208,808.833618164062,130.0,26.4
[VERBATIM] DIAGNOSIS turning block executed
[DIAG] _turn_input = 0.0
[DIAG] _poll_controls: ENTER, state=3
[VERBATIM] POLL: _poll_controls() entered, game_state=3
[VERBATIM] POLL: checking deploy state=3 canopy=true
[DEBUG] _input (build_terrain) called, event=InputEventMouseMotion: button_mask=1 (Left Mouse Button), position=((830.0, 303.0)), relative=((0.0, 12.0)), velocity=((-43.01704, -129.0511)), pressure=1.00, tilt=((0.0, 0.0)), pen_inverted=(false)
[AUDIT] poll_forensic_hud: ENTER
[ARMTEL],10.7333333333334,R,false,0.01666666666667,0.0,3.43582485676144,-4.16748449106655,0.73165963430511,-1.17851552735202,0.40983618163931,38.9344422011459,-2.0,26.9041836978106,0.0
[DIAG] _physics_process: ENTER, state=3
[DIAG] _physics_process: camera target set to character (state: 3)
[GLIDE],10.4666666666668,0.0,0.40983618163931,0.20491809081966,0.40983618163931,9.37704872070832,-25.0673912735617,-7.68288622766289,3.71580512698436,2.52355772174696,808.812744140625,130.154876708984,26.4
[VERBATIM] DIAGNOSIS turning block executed
[DIAG] _turn_input = 0.0
[DIAG] _poll_controls: ENTER, state=3
[VERBATIM] POLL: _poll_controls() entered, game_state=3
[VERBATIM] POLL: checking deploy state=3 canopy=true
[DEBUG] _input (build_terrain) called, event=InputEventMouseMotion: button_mask=1 (Left Mouse Button), position=((831.0, 320.0)), relative=((1.0, 17.0)), velocity=((-43.01704, -129.0511)), pressure=1.00, tilt=((0.0, 0.0)), pen_inverted=(false)
[AUDIT] poll_forensic_hud: ENTER
[ARMTEL],10.7500000000001,R,false,0.01666666666667,0.0,3.2786894531145,-4.12480434573208,0.84611489261758,-1.16441361247506,0.39042928809806,37.0907870805479,-2.0,24.6649266463852,0.0
[DIAG] _physics_process: ENTER, state=3
[DIAG] _physics_process: camera target set to character (state: 3)
[GLIDE],10.4833333333334,0.0,0.39042928809806,0.19521464404903,0.39042928809806,9.45390001913168,-23.9677488501134,-8.08234870849811,3.73461015760598,2.53142888284542,808.790588378906,130.310882568359,26.4
[VERBATIM] DIAGNOSIS turning block executed
[DIAG] _turn_input = 0.0
[DIAG] _poll_controls: ENTER, state=3
[VERBATIM] POLL: _poll_controls() entered, game_state=3
[VERBATIM] POLL: checking deploy state=3 canopy=true
[DEBUG] _input (build_terrain) called, event=InputEventMouseMotion: button_mask=1 (Left Mouse Button), position=((834.0, 336.0)), relative=((3.0, 16.0)), velocity=((-43.01704, -129.0511)), pressure=1.00, tilt=((0.0, 0.0)), pen_inverted=(false)
[AUDIT] poll_forensic_hud: ENTER
[ARMTEL],10.7666666666668,R,false,0.01666666666667,0.0,3.12343430478449,-4.07544764366273,0.95201333887823,-1.14854672349376,0.3712868427065,35.2722545373614,-2.0,22.4561828444229,0.0
[DIAG] _physics_process: ENTER, state=3
[DIAG] _physics_process: camera target set to character (state: 3)
[GLIDE],10.5000000000001,0.0,0.3712868427065,0.18564342135325,0.3712868427065,9.52970410288226,-22.8745818213628,-8.46359173885416,3.75376802348458,2.53870352223736,808.767211914062,130.467987060547,26.4
[VERBATIM] DIAGNOSIS turning block executed
[DIAG] _turn_input = 0.0
[DIAG] _poll_controls: ENTER, state=3
[VERBATIM] POLL: _poll_controls() entered, game_state=3
[VERBATIM] POLL: checking deploy state=3 canopy=true
[DEBUG] _input (build_terrain) called, event=InputEventMouseMotion: button_mask=1 (Left Mouse Button), position=((834.0, 351.0)), relative=((0.0, 15.0)), velocity=((-43.01704, -129.0511)), pressure=1.00, tilt=((0.0, 0.0)), pen_inverted=(false)
[AUDIT] poll_forensic_hud: ENTER
[ARMTEL],10.7833333333334,R,false,0.01666666666667,0.0,2.97029474165199,-4.01991353222816,1.04961879057617,-1.13105307698416,0.3524359580901,33.4814202713333,-2.0,20.2810806719314,0.0
[DIAG] _physics_process: ENTER, state=3
[DIAG] _physics_process: camera target set to character (state: 3)
[GLIDE],10.5166666666668,0.0,0.3524359580901,0.17621797904505,0.3524359580901,9.60435360596322,-21.7898065122887,-8.82675518072564,3.77321472630882,2.5454034033623,808.74267578125,130.626159667969,26.4
[VERBATIM] DIAGNOSIS turning block executed
[DIAG] _turn_input = 0.0
[DIAG] _poll_controls: ENTER, state=3
[VERBATIM] POLL: _poll_controls() entered, game_state=3
[VERBATIM] POLL: checking deploy state=3 canopy=true
[DEBUG] _input (build_terrain) called, event=InputEventMouseMotion: button_mask=1 (Left Mouse Button), position=((834.0, 362.0)), relative=((0.0, 11.0)), velocity=((-43.01704, -129.0511)), pressure=1.00, tilt=((0.0, 0.0)), pen_inverted=(false)
[AUDIT] poll_forensic_hud: ENTER
[ARMTEL],10.8000000000001,R,false,0.01666666666667,0.0,2.81948766472077,-3.95868576944455,1.13919810472378,-1.11206644190543,0.33390151739167,31.7206481813317,-2.0,20.0000085715136,0.0
[DIAG] _physics_process: ENTER, state=3
[DIAG] _physics_process: camera target set to character (state: 3)
[GLIDE],10.5333333333334,0.0,0.33390151739167,0.16695075869584,0.33390151739167,9.67774999112898,-20.7152511278233,-9.17200936618936,3.79288683248813,2.55155252939102,808.716979980469,130.785400390625,26.4
[VERBATIM] DIAGNOSIS turning block executed
[DIAG] _turn_input = 0.0
[DIAG] _poll_controls: ENTER, state=3
[VERBATIM] POLL: _poll_controls() entered, game_state=3
[VERBATIM] POLL: checking deploy state=3 canopy=true
[DEBUG] _input (build_terrain) called, event=InputEventMouseMotion: button_mask=1 (Left Mouse Button), position=((834.0, 371.0)), relative=((0.0, 9.0)), velocity=((-43.01704, -129.0511)), pressure=1.00, tilt=((0.0, 0.0)), pen_inverted=(false)
[AUDIT] poll_forensic_hud: ENTER
[ARMTEL],10.8166666666668,R,false,0.01666666666667,0.0,2.67121213913338,-3.892232546669,1.22102040753562,-1.09171610177983,0.31570624902868,29.9920974672883,-2.0,20.0000085715136,0.0
[DIAG] _physics_process: ENTER, state=3
[DIAG] _physics_process: camera target set to character (state: 3)
[GLIDE],10.5500000000001,0.0,0.31570624902868,0.15785312451434,0.31570624902868,9.74980325384645,-19.6526535501134,-9.49955359202458,3.81272192709418,2.55717658939716,808.690185546875,130.945663452148,26.4
[VERBATIM] DIAGNOSIS turning block executed
[DIAG] _turn_input = 0.0
[DIAG] _poll_controls: ENTER, state=3
[VERBATIM] POLL: _poll_controls() entered, game_state=3
[VERBATIM] POLL: checking deploy state=3 canopy=true
[DEBUG] _input (build_terrain) called, event=InputEventMouseMotion: button_mask=1 (Left Mouse Button), position=((834.0, 374.0)), relative=((0.0, 3.0)), velocity=((-43.01704, -129.0511)), pressure=1.00, tilt=((0.0, 0.0)), pen_inverted=(false)
[AUDIT] poll_forensic_hud: ENTER
[ARMTEL],10.8333333333335,R,false,0.01666666666667,0.0,2.5256499922294,-3.82100635622942,1.29535636400002,-1.0701268290465,0.2978708018779,28.2977297727479,-2.0,20.0000085715136,0.0
[DIAG] _physics_process: ENTER, state=3
[DIAG] _physics_process: camera target set to character (state: 3)
[GLIDE],10.5666666666668,0.0,0.2978708018779,0.14893540093895,0.2978708018779,9.82043162456351,-18.6036594584103,-9.80961458299809,3.83265901547778,2.56230246022533,808.662292480469,131.106948852539,26.4
[VERBATIM] DIAGNOSIS turning block executed
[DIAG] _turn_input = 0.0
[DIAG] _poll_controls: ENTER, state=3
[VERBATIM] POLL: _poll_controls() entered, game_state=3
[VERBATIM] POLL: checking deploy state=3 canopy=true
[AUDIT] poll_forensic_hud: ENTER
[ARMTEL],10.8500000000001,R,false,0.01666666666667,0.0,2.3829664150232,-3.74544390166275,1.36247748663955,-1.04741887093584,0.28041382069564,26.6393163497829,-2.0,20.0000085715136,0.0
[DIAG] _physics_process: ENTER, state=3
[DIAG] _physics_process: camera target set to character (state: 3)
[GLIDE],10.5833333333334,0.0,0.28041382069564,0.14020691034782,0.28041382069564,9.88956127004528,-17.5698207884621,-10.1024449294725,3.85263887393637,2.56695776418328,808.633361816406,131.269226074219,26.4
[VERBATIM] DIAGNOSIS turning block executed
[DIAG] _turn_input = 0.0
[DIAG] _poll_controls: ENTER, state=3
[VERBATIM] POLL: _poll_controls() entered, game_state=3
[VERBATIM] POLL: checking deploy state=3 canopy=true
[AUDIT] poll_forensic_hud: ENTER
[ARMTEL],10.8666666666668,R,false,0.01666666666667,0.0,2.24331056556509,-3.66596604827545,1.42265548271036,-1.023707946224,0.2633520215919,25.0184452290469,-2.0,20.0000085715136,0.0
[DIAG] _physics_process: ENTER, state=3
[DIAG] _physics_process: camera target set to character (state: 3)
[GLIDE],10.6000000000001,0.0,0.2633520215919,0.13167601079595,0.2633520215919,9.95712599449606,-16.5525945426154,-10.3783215051827,3.87260435138035,2.57117048142213,808.603454589844,131.432464599609,26.4
[VERBATIM] DIAGNOSIS turning block executed
[DIAG] _turn_input = 0.0
[DIAG] _poll_controls: ENTER, state=3
[VERBATIM] POLL: _poll_controls() entered, game_state=3
[VERBATIM] POLL: checking deploy state=3 canopy=true
[AUDIT] poll_forensic_hud: ENTER
[ARMTEL],10.8833333333335,R,false,0.01666666666667,0.0,2.10681617273522,-3.58297781178401,1.47616163904879,-0.99910525223986,0.24670026738791,23.4365283787337,-2.0,20.0000085715136,0.0
[DIAG] _physics_process: ENTER, state=3
[DIAG] _physics_process: camera target set to character (state: 3)
[GLIDE],10.6166666666668,0.0,0.24670026738791,0.12335013369395,0.24670026738791,10.0230669411439,-15.5533419566905,-10.6375438711276,3.89250062438924,2.57496861486479,808.572631835938,131.596649169922,26.4
[VERBATIM] DIAGNOSIS turning block executed
[DIAG] _turn_input = 0.0
[DIAG] _poll_controls: ENTER, state=3
[VERBATIM] POLL: _poll_controls() entered, game_state=3
[VERBATIM] POLL: checking deploy state=3 canopy=true
[AUDIT] poll_forensic_hud: ENTER
[ARMTEL],10.9000000000001,R,false,0.01666666666667,0.0,1.97360213910324,-3.4968683828395,1.52326624373625,-0.97371748151092,0.23047164269606,21.8948088371806,-2.0,20.0000085715136,0.0
[DIAG] _physics_process: ENTER, state=3
[DIAG] _physics_process: camera target set to character (state: 3)
[GLIDE],10.6333333333334,0.0,0.23047164269606,0.11523582134803,0.23047164269606,10.0873322949236,-14.5733280250596,-10.8804326715452,3.91227540837498,2.57837990478118,808.540893554688,131.761749267578,26.4
[VERBATIM] DIAGNOSIS turning block executed
[DIAG] _turn_input = 0.0
[DIAG] _poll_controls: ENTER, state=3
[VERBATIM] POLL: _poll_controls() entered, game_state=3
[VERBATIM] POLL: checking deploy state=3 canopy=true
[AUDIT] poll_forensic_hud: ENTER
[ARMTEL],10.9166666666668,R,false,0.01666666666667,0.0,1.84377314156845,-3.40801118528821,1.56423804371976,-0.94764684744892,0.21467752857191,20.394367804802,-2.0,20.0000085715136,0.0
[DIAG] _physics_process: ENTER, state=3
[DIAG] _physics_process: camera target set to character (state: 3)
[GLIDE],10.6500000000001,0.0,0.21467752857191,0.10733876428595,0.21467752857191,10.1498769868552,-13.6137213812151,-11.1073280278988,3.93187912779396,2.58143158956923,808.50830078125,131.927749633789,26.4
[VERBATIM] DIAGNOSIS turning block executed
[DIAG] _turn_input = 0.0
[DIAG] _poll_controls: ENTER, state=3
[VERBATIM] POLL: _poll_controls() entered, game_state=3
[VERBATIM] POLL: checking deploy state=3 canopy=true
[AUDIT] poll_forensic_hud: ENTER
[ARMTEL],10.9333333333335,R,false,0.01666666666667,0.0,1.71742022857526,-3.31676396607123,1.59934373749597,-0.92099111849066,0.19932767659706,18.9361316819682,-2.0,20.0000085715136,0.0
[DIAG] _physics_process: ENTER, state=3
[DIAG] _physics_process: camera target set to character (state: 3)
[GLIDE],10.6666666666668,0.0,0.19932767659706,0.09966383829853,0.19932767659706,10.2106624006756,-12.6755945274504,-11.3185879366896,3.95126504848518,2.58415020895401,808.474914550781,132.094619750977,26.4
[VERBATIM] DIAGNOSIS turning block executed
[DIAG] _turn_input = 0.0
[DIAG] _poll_controls: ENTER, state=3
[VERBATIM] POLL: _poll_controls() entered, game_state=3
[VERBATIM] POLL: checking deploy state=3 canopy=true
[AUDIT] poll_forensic_hud: ENTER
[ARMTEL],10.9500000000001,R,false,0.01666666666667,0.0,1.59462141277651,-3.2234689147173,1.62884750194079,-0.89384366012498,0.18443028226165,17.5208790403398,-2.0,20.0000085715136,0.0
[DIAG] _physics_process: ENTER, state=3
[DIAG] _physics_process: camera target set to character (state: 3)
[GLIDE],10.6833333333334,0.0,0.18443028226165,0.09221514113082,0.18443028226165,10.2696560822439,-11.7599244040671,-11.5145866767574,3.97038937527257,2.58656144563626,808.440734863281,132.262329101562,26.4
[VERBATIM] DIAGNOSIS turning block executed
[DIAG] _turn_input = 0.0
[DIAG] _poll_controls: ENTER, state=3
[VERBATIM] POLL: _poll_controls() entered, game_state=3
[VERBATIM] POLL: checking deploy state=3 canopy=true
[AUDIT] poll_forensic_hud: ENTER
[ARMTEL],10.9666666666668,R,false,0.01666666666667,0.0,1.47544225809318,-3.12845281043742,1.65301055234424,-0.86629348425257,0.1699920575241,16.14924751605,-2.0,20.0000085715136,0.0
[DIAG] _physics_process: ENTER, state=3
[DIAG] _physics_process: camera target set to character (state: 3)
[GLIDE],10.7000000000001,0.0,0.1699920575241,0.08499602876205,0.1699920575241,10.3268314522045,-10.8675932857484,-11.6957132315199,3.98921131796774,2.58869000137737,808.405822753906,132.430862426758,26.4
[VERBATIM] DIAGNOSIS turning block executed
[DIAG] _turn_input = 0.0
[DIAG] _poll_controls: ENTER, state=3
[VERBATIM] POLL: _poll_controls() entered, game_state=3
[VERBATIM] POLL: checking deploy state=3 canopy=true
[AUDIT] poll_forensic_hud: ENTER
[ARMTEL],10.9833333333335,R,false,0.01666666666667,0.0,1.35993646019284,-3.032027194884,1.67209073469117,-0.83842530534105,0.15601830243509,14.8217406139749,-2.0,20.0000085715136,0.0
[DIAG] _physics_process: ENTER, state=3
[DIAG] _physics_process: camera target set to character (state: 3)
[GLIDE],10.7166666666668,0.0,0.15601830243509,0.07800915121754,0.15601830243509,10.3821675223571,-9.99938999037663,-11.8623697313595,4.00769312885563,2.59055950357198,808.370239257812,132.600204467773,26.4
[VERBATIM] DIAGNOSIS turning block executed
[DIAG] _turn_input = 0.0
[DIAG] _poll_controls: ENTER, state=3
[VERBATIM] POLL: _poll_controls() entered, game_state=3
[VERBATIM] POLL: checking deploy state=3 canopy=true
[AUDIT] poll_forensic_hud: ENTER
[ARMTEL],11.0000000000001,R,false,0.01666666666667,0.0,1.2481464194807,-2.93448856869369,1.68634214921299,-0.81031960285417,0.14251297572085,13.5387344131564,-2.0,20.0000085715136,0.0
[DIAG] _physics_process: ENTER, state=3
[DIAG] _physics_process: camera target set to character (state: 3)
[GLIDE],10.7333333333334,0.0,0.14251297572085,0.07125648786043,0.14251297572085,10.4356486161454,-9.1560113836002,-12.0149699210862,4.02580011465184,2.59219243850807,808.334045410156,132.770324707031,26.4
[VERBATIM] DIAGNOSIS turning block executed
[DIAG] _turn_input = 0.0
[DIAG] _poll_controls: ENTER, state=3
[VERBATIM] POLL: _poll_controls() entered, game_state=3
[VERBATIM] POLL: checking deploy state=3 canopy=true
[VERBATIM] Wind updated: 12.5 kts @ 240.0°
[AUDIT] poll_forensic_hud: ENTER
[ARMTEL],11.0166666666668,R,false,0.01666666666667,0.0,1.14010380576681,-2.83611860998959,1.69601480422279,-0.78205268945046,0.12947876423001,12.3004841642453,-2.0,20.0000085715136,0.0
[DIAG] _physics_process: ENTER, state=3
[DIAG] _physics_process: camera target set to character (state: 3)
[GLIDE],10.7500000000001,0.0,0.12947876423001,0.064739382115,0.12947876423001,10.4872640936492,-8.33806416084149,-12.1539376571002,4.04350062579447,2.59361010772408,808.297241210938,132.941192626953,26.4
[VERBATIM] DIAGNOSIS turning block executed
[DIAG] _turn_input = 0.0
[DIAG] _poll_controls: ENTER, state=3
[VERBATIM] POLL: _poll_controls() entered, game_state=3
[VERBATIM] POLL: checking deploy state=3 canopy=true
[AUDIT] poll_forensic_hud: ENTER
[ARMTEL],11.0333333333335,R,false,0.01666666666667,0.0,1.03583011384008,-2.7371844130766,1.70135429923652,-0.75369678446318,0.11691715115562,11.1071307706001,-2.0,20.0000085715136,0.0
[DIAG] _physics_process: ENTER, state=3
[DIAG] _physics_process: camera target set to character (state: 3)
[GLIDE],10.7666666666668,0.0,0.11691715115562,0.05845857557781,0.11691715115562,10.5370080814237,-7.54606688716821,-12.279705438553,4.06076602578456,2.59483260412373,808.259887695312,133.11279296875,26.4
[VERBATIM] DIAGNOSIS turning block executed
[DIAG] _turn_input = 0.0
[DIAG] _poll_controls: ENTER, state=3
[VERBATIM] POLL: _poll_controls() entered, game_state=3
[VERBATIM] POLL: checking deploy state=3 canopy=true
[DEBUG] _input (build_terrain) called, event=InputEventMouseMotion: button_mask=1 (Left Mouse Button), position=((832.0, 365.0)), relative=((-2.0, -9.0)), velocity=((12.72382, 264.0193)), pressure=1.00, tilt=((0.0, 0.0)), pen_inverted=(false)
[AUDIT] poll_forensic_hud: ENTER
[ARMTEL],11.0500000000001,R,false,0.01666666666667,0.0,0.93533720924499,-2.63793874562114,1.70260153637615,-0.72532009219025,0.10482848295245,9.95870714542733,-2.0,20.0000085715136,0.0
[DIAG] _physics_process: ENTER, state=3
[DIAG] _physics_process: camera target set to character (state: 3)
[GLIDE],10.7833333333334,0.0,0.10482848295245,0.05241424147623,0.10482848295245,10.5848792075083,-6.7804522744878,-12.3927129764611,4.07757064312469,2.5958788047868,808.222045898438,133.285095214844,26.4
[VERBATIM] DIAGNOSIS turning block executed
[DIAG] _turn_input = 0.0
[DIAG] _poll_controls: ENTER, state=3
[VERBATIM] POLL: _poll_controls() entered, game_state=3
[VERBATIM] POLL: checking deploy state=3 canopy=true
[DEBUG] _input (build_terrain) called, event=InputEventMouseMotion: button_mask=1 (Left Mouse Button), position=((826.0, 344.0)), relative=((-6.0, -21.0)), velocity=((12.72382, 264.0193)), pressure=1.00, tilt=((0.0, 0.0)), pen_inverted=(false)
[AUDIT] poll_forensic_hud: ENTER
[ARMTEL],11.0666666666668,R,false,0.01666666666667,0.0,0.83862786361962,-2.53862032266586,1.69999245904624,-0.69698688453947,0.09321203487679,8.85514443806647,-2.0,20.0000085715136,0.0
[DIAG] _physics_process: ENTER, state=3
[DIAG] _physics_process: camera target set to character (state: 3)
[GLIDE],10.8000000000001,0.0,0.09321203487679,0.0466060174384,0.09321203487679,10.6308803418879,-6.04156967485323,-12.4934058043754,4.09389170823055,2.59676637770244,808.183715820312,133.458084106445,26.4
[VERBATIM] DIAGNOSIS turning block executed
[DIAG] _turn_input = 0.0
[DIAG] _poll_controls: ENTER, state=3
[VERBATIM] POLL: _poll_controls() entered, game_state=3
[VERBATIM] POLL: checking deploy state=3 canopy=true
[DEBUG] _input (build_terrain) called, event=InputEventMouseMotion: button_mask=1 (Left Mouse Button), position=((820.0, 325.0)), relative=((-6.0, -19.0)), velocity=((12.72382, 264.0193)), pressure=1.00, tilt=((0.0, 0.0)), pen_inverted=(false)
[AUDIT] poll_forensic_hud: ENTER
[ARMTEL],11.0833333333335,R,false,0.01666666666667,0.0,0.74569627901436,-2.43945409588816,1.6937578168738,-0.66875758759158,0.0820660750836,7.79627812321707,-2.0,20.0000085715136,0.0
[DIAG] _physics_process: ENTER, state=3
[DIAG] _physics_process: camera target set to character (state: 3)
[GLIDE],10.8166666666668,0.0,0.0820660750836,0.0410330375418,0.0820660750836,10.6750183426689,-5.3296877682578,-12.5822339338463,4.1097092775115,2.59751179994242,808.144958496094,133.631729125977,26.4
[VERBATIM] DIAGNOSIS turning block executed
[DIAG] _turn_input = 0.0
[DIAG] _poll_controls: ENTER, state=3
[VERBATIM] POLL: _poll_controls() entered, game_state=3
[VERBATIM] POLL: checking deploy state=3 canopy=true
[DEBUG] _input (build_terrain) called, event=InputEventMouseMotion: button_mask=1 (Left Mouse Button), position=((816.0, 311.0)), relative=((-4.0, -14.0)), velocity=((12.72382, 264.0193)), pressure=1.00, tilt=((0.0, 0.0)), pen_inverted=(false)
[AUDIT] poll_forensic_hud: ENTER
[ARMTEL],11.1000000000001,R,false,0.01666666666667,0.0,0.65652860066881,-2.34065155657052,1.68412295590171,-0.64068887165988,0.0713879272226,6.78185394757119,-2.0,20.0000085715136,0.0
[DIAG] _physics_process: ENTER, state=3
[DIAG] _physics_process: camera target set to character (state: 3)
[GLIDE],10.8333333333335,0.0,0.0713879272226,0.0356939636113,0.0713879272226,10.7173038081985,-4.64499742312451,-12.6596505575651,4.12500614663655,2.59813038507522,808.105834960938,133.806015014648,26.4
[VERBATIM] DIAGNOSIS turning block executed
[DIAG] _turn_input = 0.0
[DIAG] _poll_controls: ENTER, state=3
[VERBATIM] POLL: _poll_controls() entered, game_state=3
[VERBATIM] POLL: checking deploy state=3 canopy=true
[DEBUG] _input (build_terrain) called, event=InputEventMouseMotion: button_mask=1 (Left Mouse Button), position=((811.0, 303.0)), relative=((-5.0, -8.0)), velocity=((12.72382, 264.0193)), pressure=1.00, tilt=((0.0, 0.0)), pen_inverted=(false)
[AUDIT] poll_forensic_hud: ENTER
[ARMTEL],11.1166666666668,R,false,0.01666666666667,0.0,0.57110341778083,-2.24241105080959,1.67130763302876,-0.61283374444274,0.06117403148189,5.81153372895448,-2.0,20.0000085715136,0.0
[DIAG] _physics_process: ENTER, state=3
[DIAG] _physics_process: camera target set to character (state: 3)
[GLIDE],10.8500000000001,0.0,0.06117403148189,0.03058701574095,0.06117403148189,10.7577508353317,-3.98761470773723,-12.726110802694,4.13976775482618,2.59863631789252,808.066345214844,133.980911254883,26.4
[VERBATIM] DIAGNOSIS turning block executed
[DIAG] _turn_input = 0.0
[DIAG] _poll_controls: ENTER, state=3
[VERBATIM] POLL: _poll_controls() entered, game_state=3
[VERBATIM] POLL: checking deploy state=3 canopy=true
[DEBUG] _input (build_terrain) called, event=InputEventMouseMotion: button_mask=1 (Left Mouse Button), position=((810.0, 300.0)), relative=((-1.0, -3.0)), velocity=((12.72382, 264.0193)), pressure=1.00, tilt=((0.0, 0.0)), pen_inverted=(false)
[AUDIT] poll_forensic_hud: ENTER
[ARMTEL],11.1333333333335,R,false,0.01666666666667,0.0,0.48939225185513,-2.14491810554958,1.65552585369445,-0.58524164688116,0.05142000403387,4.88490100369274,-2.0,20.0000085715136,0.0
[DIAG] _physics_process: ENTER, state=3
[DIAG] _physics_process: camera target set to character (state: 3)
[GLIDE],10.8666666666668,0.0,0.05142000403387,0.02571000201694,0.05142000403387,10.7963767840259,-3.35758403109352,-12.7820705365456,4.15398208183946,2.59904269477374,808.026550292969,134.156387329102,26.4
[VERBATIM] DIAGNOSIS turning block executed
[DIAG] _turn_input = 0.0
[DIAG] _poll_controls: ENTER, state=3
[VERBATIM] POLL: _poll_controls() entered, game_state=3
[VERBATIM] POLL: checking deploy state=3 canopy=true
[AUDIT] poll_forensic_hud: ENTER
[ARMTEL],11.1500000000001,R,false,0.01666666666667,0.0,0.41136003227098,-2.04834576408407,1.63698573181309,-0.55795855135094,0.04212069484469,4.00146651850751,-2.0,20.0000085715136,0.0
[DIAG] _physics_process: ENTER, state=3
[DIAG] _physics_process: camera target set to character (state: 3)
[GLIDE],10.8833333333335,0.0,0.04212069484469,0.02106034742234,0.04212069484469,10.833202048415,-2.75488139206079,-12.8279852264133,4.16763953916361,2.59936156824856,807.986450195312,134.332427978516,26.4
[VERBATIM] DIAGNOSIS turning block executed
[DIAG] _turn_input = 0.0
[DIAG] _poll_controls: ENTER, state=3
[VERBATIM] POLL: _poll_controls() entered, game_state=3
[VERBATIM] POLL: checking deploy state=3 canopy=true
[AUDIT] poll_forensic_hud: ENTER
[ARMTEL],11.1666666666668,R,false,0.01666666666667,0.0,0.33696555875752,-1.95285492972831,1.61588937097079,-0.53102706183476,0.03327024381411,3.16067356380585,-2.0,20.0000085715136,0.0
[DIAG] _physics_process: ENTER, state=3
[DIAG] _physics_process: camera target set to character (state: 3)
[GLIDE],10.9000000000001,0.0,0.03327024381411,0.01663512190706,0.03327024381411,10.8682498344961,-2.17941771626572,-12.8643088550177,4.18073285675902,2.59960399453061,807.946105957031,134.509017944336,26.4
[VERBATIM] DIAGNOSIS turning block executed
[DIAG] _turn_input = 0.0
[DIAG] _poll_controls: ENTER, state=3
[VERBATIM] POLL: _poll_controls() entered, game_state=3
[VERBATIM] POLL: checking deploy state=3 canopy=true
[AUDIT] poll_forensic_hud: ENTER
[ARMTEL],11.1833333333335,R,false,0.01666666666667,0.0,0.26616195051288,-1.85859471642168,1.59243276590879,-0.50448651573629,0.02486213521851,2.36190314576443,-2.0,20.0000085715136,0.0
[DIAG] _physics_process: ENTER, state=3
[DIAG] _physics_process: camera target set to character (state: 3)
[GLIDE],10.9166666666668,0.0,0.02486213521851,0.01243106760925,0.02486213521851,10.9015459445347,-1.63104226082379,-12.8914928926981,4.19325696656909,2.59978008298745,807.905578613281,134.686126708984,26.4
[VERBATIM] DIAGNOSIS turning block executed
[DIAG] _turn_input = 0.0
[DIAG] _poll_controls: ENTER, state=3
[VERBATIM] POLL: _poll_controls() entered, game_state=3
[VERBATIM] POLL: checking deploy state=3 canopy=true
[AUDIT] poll_forensic_hud: ENTER
[ARMTEL],11.2000000000001,R,false,0.01666666666667,0.0,0.19889708174804,-1.765702805077,1.56680572332895,-0.47837308701414,0.01688925043494,1.60447899511818,-2.0,20.0000085715136,0.0
[DIAG] _physics_process: ENTER, state=3
[DIAG] _physics_process: camera target set to character (state: 3)
[GLIDE],10.9333333333335,0.0,0.01688925043494,0.00844462521747,0.01688925043494,10.9331185682777,-1.10954606779913,-12.9099853271614,4.20520888387097,2.59989904668267,807.864868164062,134.863739013672,26.4
[VERBATIM] DIAGNOSIS turning block executed
[DIAG] _turn_input = 0.0
[DIAG] _poll_controls: ENTER, state=3
[VERBATIM] POLL: _poll_controls() entered, game_state=3
[VERBATIM] POLL: checking deploy state=3 canopy=true
[AUDIT] poll_forensic_hud: ENTER
[ARMTEL],11.2166666666668,R,false,0.01666666666667,0.0,0.13511400347949,-1.67430580454948,1.53919180106998,-0.45271989032964,0.00934391892944,0.88767241104825,-2.0,20.0000085715136,0.0
[DIAG] _physics_process: ENTER, state=3
[DIAG] _physics_process: camera target set to character (state: 3)
[GLIDE],10.9500000000001,0.0,0.00934391892944,0.00467195946472,0.00934391892944,10.9629980810394,-0.61466544816013,-12.9202297512974,4.21658758742046,2.59996925327623,807.824035644531,135.04182434082,26.4
[VERBATIM] DIAGNOSIS turning block executed
[DIAG] _turn_input = 0.0
[DIAG] _poll_controls: ENTER, state=3
[VERBATIM] POLL: _poll_controls() entered, game_state=3
[VERBATIM] POLL: checking deploy state=3 canopy=true
[AUDIT] poll_forensic_hud: ENTER
[ARMTEL],11.2333333333335,R,false,0.01666666666667,0.0,0.07475135143554,-1.58451961615373,1.50976826471818,-0.42755708591767,0.00221796749748,0.21070693902452,-2.0,20.0000085715136,0.0
[DIAG] _physics_process: ENTER, state=3
[DIAG] _physics_process: camera target set to character (state: 3)
[GLIDE],10.9666666666668,0.0,0.00221796749748,0.00110898374874,0.00221796749748,10.99121684871,-0.14608547894339,-12.9226645092798,4.22739389923188,2.59999827570056,807.783081054688,135.220367431641,26.4
[VERBATIM] DIAGNOSIS turning block executed
[DIAG] _turn_input = 0.0
[DIAG] _poll_controls: ENTER, state=3
[VERBATIM] POLL: _poll_controls() entered, game_state=3
[VERBATIM] POLL: checking deploy state=3 canopy=true
[AUDIT] poll_forensic_hud: ENTER
[DIAG] _physics_process: ENTER, state=3
[DIAG] _physics_process: camera target set to character (state: 3)
[VERBATIM] DIAGNOSIS turning block executed
[DIAG] _turn_input = 0.0
[DIAG] _poll_controls: ENTER, state=3
[VERBATIM] POLL: _poll_controls() entered, game_state=3
[VERBATIM] POLL: checking deploy state=3 canopy=true
[DEBUG] _input (build_terrain) called, event=InputEventMouseButton: button_index=1, mods=none, pressed=false, canceled=false, position=((810.0, 300.0)), button_mask=0, double_click=false
[AUDIT] poll_forensic_hud: ENTER
[DIAG] _physics_process: ENTER, state=3
[DIAG] _physics_process: camera target set to character (state: 3)
[VERBATIM] DIAGNOSIS turning block executed
[DIAG] _turn_input = 0.0
[DIAG] _poll_controls: ENTER, state=3
[VERBATIM] POLL: _poll_controls() entered, game_state=3
[VERBATIM] POLL: checking deploy state=3 canopy=true
[DEBUG] _input (build_terrain) called, event=InputEventMouseMotion: button_mask=0, position=((809.0, 299.0)), relative=((-1.0, -1.0)), velocity=((-103.5063, -319.1443)), pressure=0.00, tilt=((0.0, 0.0)), pen_inverted=(false)
[AUDIT] poll_forensic_hud: ENTER
[DIAG] _physics_process: ENTER, state=3
[DIAG] _physics_process: camera target set to character (state: 3)
[VERBATIM] DIAGNOSIS turning block executed
[DIAG] _turn_input = 0.0
[DIAG] _poll_controls: ENTER, state=3
[VERBATIM] POLL: _poll_controls() entered, game_state=3
[VERBATIM] POLL: checking deploy state=3 canopy=true
[DEBUG] _input (build_terrain) called, event=InputEventMouseMotion: button_mask=0, position=((808.0, 298.0)), relative=((-1.0, -1.0)), velocity=((-103.5063, -319.1443)), pressure=0.00, tilt=((0.0, 0.0)), pen_inverted=(false)
[AUDIT] poll_forensic_hud: ENTER
[DIAG] _physics_process: ENTER, state=3
[DIAG] _physics_process: camera target set to character (state: 3)
[VERBATIM] DIAGNOSIS turning block executed
[DIAG] _turn_input = 0.0
[DIAG] _poll_controls: ENTER, state=3
[VERBATIM] POLL: _poll_controls() entered, game_state=3
[VERBATIM] POLL: checking deploy state=3 canopy=true
[DEBUG] _input (build_terrain) called, event=InputEventMouseMotion: button_mask=0, position=((803.0, 297.0)), relative=((-5.0, -1.0)), velocity=((-103.5063, -319.1443)), pressure=0.00, tilt=((0.0, 0.0)), pen_inverted=(false)
[AUDIT] poll_forensic_hud: ENTER
[DIAG] _physics_process: ENTER, state=3
[DIAG] _physics_process: camera target set to character (state: 3)
[VERBATIM] DIAGNOSIS turning block executed
[DIAG] _turn_input = 0.0
[DIAG] _poll_controls: ENTER, state=3
[VERBATIM] POLL: _poll_controls() entered, game_state=3
[VERBATIM] POLL: checking deploy state=3 canopy=true
[DEBUG] _input (build_terrain) called, event=InputEventMouseMotion: button_mask=0, position=((801.0, 297.0)), relative=((-2.0, 0.0)), velocity=((-103.5063, -319.1443)), pressure=0.00, tilt=((0.0, 0.0)), pen_inverted=(false)
[AUDIT] poll_forensic_hud: ENTER
[DIAG] _physics_process: ENTER, state=3
[DIAG] _physics_process: camera target set to character (state: 3)
[VERBATIM] DIAGNOSIS turning block executed
[DIAG] _turn_input = 0.0
[DIAG] _poll_controls: ENTER, state=3
[VERBATIM] POLL: _poll_controls() entered, game_state=3
[VERBATIM] POLL: checking deploy state=3 canopy=true
[AUDIT] poll_forensic_hud: ENTER
[DIAG] _physics_process: ENTER, state=3
[DIAG] _physics_process: camera target set to character (state: 3)
[VERBATIM] DIAGNOSIS turning block executed
[DIAG] _turn_input = 0.0
[DIAG] _poll_controls: ENTER, state=3
[VERBATIM] POLL: _poll_controls() entered, game_state=3
[VERBATIM] POLL: checking deploy state=3 canopy=true
[AUDIT] poll_forensic_hud: ENTER
[DIAG] _physics_process: ENTER, state=3
[DIAG] _physics_process: camera target set to character (state: 3)
[VERBATIM] DIAGNOSIS turning block executed
[DIAG] _turn_input = 0.0
[DIAG] _poll_controls: ENTER, state=3
[VERBATIM] POLL: _poll_controls() entered, game_state=3
[VERBATIM] POLL: checking deploy state=3 canopy=true
[AUDIT] poll_forensic_hud: ENTER
[DIAG] _physics_process: ENTER, state=3
[DIAG] _physics_process: camera target set to character (state: 3)
[VERBATIM] DIAGNOSIS turning block executed
[DIAG] _turn_input = 0.0
[DIAG] _poll_controls: ENTER, state=3
[VERBATIM] POLL: _poll_controls() entered, game_state=3
[VERBATIM] POLL: checking deploy state=3 canopy=true
[DEBUG] _input (build_terrain) called, event=InputEventMouseMotion: button_mask=0, position=((799.0, 296.0)), relative=((-2.0, -1.0)), velocity=((-77.31693, -25.77231)), pressure=0.00, tilt=((0.0, 0.0)), pen_inverted=(false)
[AUDIT] poll_forensic_hud: ENTER
[DIAG] _physics_process: ENTER, state=3
[DIAG] _physics_process: camera target set to character (state: 3)
[VERBATIM] DIAGNOSIS turning block executed
[DIAG] _turn_input = 0.0
[DIAG] _poll_controls: ENTER, state=3
[VERBATIM] POLL: _poll_controls() entered, game_state=3
[VERBATIM] POLL: checking deploy state=3 canopy=true
[DEBUG] _input (build_terrain) called, event=InputEventKey: keycode=32 (Space), mods=none, physical=false, location=unspecified, pressed=true, echo=false
[VERBATIM] INPUT: action=deploy (SPACE)
[CAMERA] Saved camera distance to DB (camera_distance_freefall): 5.0
[INIT] Game started
[INPUT] unhandled_input triggered
2026-08-04T14:42:53 [INFO] InputManager: key=Space code=32
2026-08-04T14:42:53 [INFO] InputManager: action 'deploy' pressed
[AUDIT] poll_forensic_hud: ENTER
[CTRL] pressed=deploy  key=Space  state=3  deployed=true  alt_m=1796.8
[DIAG] _physics_process: ENTER, state=3
[DIAG] _physics_process: camera target set to character (state: 3)
[VERBATIM] DIAGNOSIS turning block executed
[DIAG] _turn_input = 0.0
[AUDIT] poll_forensic_hud: ENTER
[DIAG] _physics_process: ENTER, state=3
[DIAG] _physics_process: camera target set to character (state: 3)
[VERBATIM] DIAGNOSIS turning block executed
[DIAG] _turn_input = 0.0
[AUDIT] poll_forensic_hud: ENTER
[DIAG] _physics_process: ENTER, state=3
[DIAG] _physics_process: camera target set to character (state: 3)
[VERBATIM] DIAGNOSIS turning block executed
[DIAG] _turn_input = 0.0
[AUDIT] poll_forensic_hud: ENTER
[DIAG] _physics_process: ENTER, state=3
[DIAG] _physics_process: camera target set to character (state: 3)
[VERBATIM] DIAGNOSIS turning block executed
[DIAG] _turn_input = 0.0
[AUDIT] poll_forensic_hud: ENTER
[DIAG] _physics_process: ENTER, state=3
[DIAG] _physics_process: camera target set to character (state: 3)
[VERBATIM] DIAGNOSIS turning block executed
[DIAG] _turn_input = 0.0
[AUDIT] poll_forensic_hud: ENTER
[DIAG] _physics_process: ENTER, state=3
[DIAG] _physics_process: camera target set to character (state: 3)
[VERBATIM] DIAGNOSIS turning block executed
[DIAG] _turn_input = 0.0
[AUDIT] poll_forensic_hud: ENTER
[DIAG] _physics_process: ENTER, state=3
[DIAG] _physics_process: camera target set to character (state: 3)
[VERBATIM] DIAGNOSIS turning block executed
[DIAG] _turn_input = 0.0
[AUDIT] poll_forensic_hud: ENTER
[DIAG] _physics_process: ENTER, state=3
[DIAG] _physics_process: camera target set to character (state: 3)
[VERBATIM] DIAGNOSIS turning block executed
[DIAG] _turn_input = 0.0
Socket error: 111.
Connection to remote host failed.
Socket error: 111.
Connection to remote host failed.
Socket error: 111.
Connection to remote host failed.
Socket error: 111.
Connection to remote host failed.
Socket error: 111.
Connection to remote host failed.
[DIAG] _poll_controls: ENTER, state=3
[VERBATIM] POLL: _poll_controls() entered, game_state=3
[VERBATIM] POLL: checking deploy state=3 canopy=true
[DEBUG] _input (build_terrain) called, event=InputEventMouseMotion: button_mask=0, position=((788.0, 293.0)), relative=((-11.0, -3.0)), velocity=((-9.48038, -4.74019)), pressure=0.00, tilt=((0.0, 0.0)), pen_inverted=(false)
[AUDIT] _input: ENTER
[AUDIT] _gui_input: ENTER
[DEBUG] _input (build_terrain) called, event=InputEventKey: keycode=32 (Space), mods=none, physical=false, location=unspecified, pressed=false, echo=false
[AUDIT] _input: ENTER
2026-08-04T14:42:53 [INFO] InputManager ready
2026-08-04T14:42:53 [INFO] InputMap.has_action('restart') = true
[INPUT] unhandled_input triggered
[DEBUG] _input (build_terrain) called, event=InputEventMouseMotion: button_mask=0, position=((785.0, 292.0)), relative=((-3.0, -1.0)), velocity=((-9.48038, -4.74019)), pressure=0.00, tilt=((0.0, 0.0)), pen_inverted=(false)
[AUDIT] _input: ENTER
[AUDIT] _gui_input: ENTER
[AUDIT] poll_forensic_hud: ENTER
[DIAG] _physics_process: ENTER, state=3
[DIAG] _physics_process: camera target set to character (state: 3)
[VERBATIM] DIAGNOSIS turning block executed
[DIAG] _turn_input = 0.0
[AUDIT] poll_forensic_hud: ENTER
[DIAG] _physics_process: ENTER, state=3
[DIAG] _physics_process: camera target set to character (state: 3)
[VERBATIM] DIAGNOSIS turning block executed
[DIAG] _turn_input = 0.0
[AUDIT] poll_forensic_hud: ENTER
[DIAG] _physics_process: ENTER, state=3
[DIAG] _physics_process: camera target set to character (state: 3)
[VERBATIM] DIAGNOSIS turning block executed
[DIAG] _turn_input = 0.0
[AUDIT] poll_forensic_hud: ENTER
[DIAG] _physics_process: ENTER, state=3
[DIAG] _physics_process: camera target set to character (state: 3)
[VERBATIM] DIAGNOSIS turning block executed
[DIAG] _turn_input = 0.0
[AUDIT] poll_forensic_hud: ENTER
[DIAG] _physics_process: ENTER, state=3
[DIAG] _physics_process: camera target set to character (state: 3)
[VERBATIM] DIAGNOSIS turning block executed
[DIAG] _turn_input = 0.0
[DIAG] _poll_controls: ENTER, state=3
[VERBATIM] POLL: _poll_controls() entered, game_state=3
[VERBATIM] POLL: checking deploy state=3 canopy=true
[AUDIT] _on_stats_completed: ENTER
[AUDIT] _on_leader_completed: ENTER
[AUDIT] _on_cite_completed: ENTER
[AUDIT] _on_integ_completed: ENTER
[AUDIT] _on_ctrl_health_completed: ENTER
[AUDIT] poll_forensic_hud: ENTER
[DIAG] _physics_process: ENTER, state=3
[DIAG] _physics_process: camera target set to character (state: 3)
[VERBATIM] DIAGNOSIS turning block executed
[DIAG] _turn_input = 0.0
[DIAG] _poll_controls: ENTER, state=3
[VERBATIM] POLL: _poll_controls() entered, game_state=3
[VERBATIM] POLL: checking deploy state=3 canopy=true
[AUDIT] poll_forensic_hud: ENTER
[DIAG] _physics_process: ENTER, state=3
[DIAG] _physics_process: camera target set to character (state: 3)
[VERBATIM] DIAGNOSIS turning block executed
[DIAG] _turn_input = 0.0
[DIAG] _poll_controls: ENTER, state=3
[VERBATIM] POLL: _poll_controls() entered, game_state=3
[VERBATIM] POLL: checking deploy state=3 canopy=true
[AUDIT] poll_forensic_hud: ENTER
[DIAG] _physics_process: ENTER, state=3
[DIAG] _physics_process: camera target set to character (state: 3)
[VERBATIM] DIAGNOSIS turning block executed
[DIAG] _turn_input = 0.0
[DIAG] _poll_controls: ENTER, state=3
[VERBATIM] POLL: _poll_controls() entered, game_state=3
[VERBATIM] POLL: checking deploy state=3 canopy=true
[AUDIT] poll_forensic_hud: ENTER
[DIAG] _physics_process: ENTER, state=3
[DIAG] _physics_process: camera target set to character (state: 3)
[VERBATIM] DIAGNOSIS turning block executed
[DIAG] _turn_input = 0.0
[DIAG] _poll_controls: ENTER, state=3
[VERBATIM] POLL: _poll_controls() entered, game_state=3
[VERBATIM] POLL: checking deploy state=3 canopy=true
[AUDIT] poll_forensic_hud: ENTER
[DIAG] _physics_process: ENTER, state=3
[DIAG] _physics_process: camera target set to character (state: 3)
[VERBATIM] DIAGNOSIS turning block executed
[DIAG] _turn_input = 0.0
[DIAG] _poll_controls: ENTER, state=3
[VERBATIM] POLL: _poll_controls() entered, game_state=3
[VERBATIM] POLL: checking deploy state=3 canopy=true
[DIAG] _poll_controls: ENTER, state=3
[VERBATIM] POLL: _poll_controls() entered, game_state=3
[VERBATIM] POLL: checking deploy state=3 canopy=true
[AUDIT] poll_forensic_hud: ENTER
[DIAG] _physics_process: ENTER, state=3
[DIAG] _physics_process: camera target set to character (state: 3)
[VERBATIM] DIAGNOSIS turning block executed
[DIAG] _turn_input = 0.0
[DIAG] _poll_controls: ENTER, state=3
[VERBATIM] POLL: _poll_controls() entered, game_state=3
[VERBATIM] POLL: checking deploy state=3 canopy=true
[AUDIT] poll_forensic_hud: ENTER
[DIAG] _physics_process: ENTER, state=3
[DIAG] _physics_process: camera target set to character (state: 3)
[GLIDE],11.4666666666668,0.0,0.0,0.0,0.0,11.0,0.0,-12.9226645092798,4.23076923076923,2.6,806.552612304688,140.581237792969,26.4
[VERBATIM] DIAGNOSIS turning block executed
[DIAG] _turn_input = 0.0
[DIAG] _poll_controls: ENTER, state=3
[VERBATIM] POLL: _poll_controls() entered, game_state=3
[VERBATIM] POLL: checking deploy state=3 canopy=true
[AUDIT] poll_forensic_hud: ENTER
[DIAG] _physics_process: ENTER, state=3
[DIAG] _physics_process: camera target set to character (state: 3)
[VERBATIM] DIAGNOSIS turning block executed
[DIAG] _turn_input = 0.0
[DIAG] _poll_controls: ENTER, state=3
[VERBATIM] POLL: _poll_controls() entered, game_state=3
[VERBATIM] POLL: checking deploy state=3 canopy=true
[AUDIT] poll_forensic_hud: ENTER
[DIAG] _physics_process: ENTER, state=3
[DIAG] _physics_process: camera target set to character (state: 3)
[VERBATIM] DIAGNOSIS turning block executed
[DIAG] _turn_input = 0.0
[DIAG] _poll_controls: ENTER, state=3
[VERBATIM] POLL: _poll_controls() entered, game_state=3
[VERBATIM] POLL: checking deploy state=3 canopy=true
[AUDIT] poll_forensic_hud: ENTER
[DIAG] _physics_process: ENTER, state=3
[DIAG] _physics_process: camera target set to character (state: 3)
[VERBATIM] DIAGNOSIS turning block executed
[DIAG] _turn_input = 0.0
[DIAG] _poll_controls: ENTER, state=3
[VERBATIM] POLL: _poll_controls() entered, game_state=3
[VERBATIM] POLL: checking deploy state=3 canopy=true
[AUDIT] poll_forensic_hud: ENTER
[DIAG] _physics_process: ENTER, state=3
[DIAG] _physics_process: camera target set to character (state: 3)
[VERBATIM] DIAGNOSIS turning block executed
[DIAG] _turn_input = 0.0
[DIAG] _poll_controls: ENTER, state=3
[VERBATIM] POLL: _poll_controls() entered, game_state=3
[VERBATIM] POLL: checking deploy state=3 canopy=true
[AUDIT] poll_forensic_hud: ENTER
[DIAG] _physics_process: ENTER, state=3
[DIAG] _physics_process: camera target set to character (state: 3)
[VERBATIM] DIAGNOSIS turning block executed
[DIAG] _turn_input = 0.0
[DIAG] _poll_controls: ENTER, state=3
[VERBATIM] POLL: _poll_controls() entered, game_state=3
[VERBATIM] POLL: checking deploy state=3 canopy=true
[AUDIT] poll_forensic_hud: ENTER
[DIAG] _physics_process: ENTER, state=3
[DIAG] _physics_process: camera target set to character (state: 3)
[VERBATIM] DIAGNOSIS turning block executed
[DIAG] _turn_input = 0.0
[DIAG] _poll_controls: ENTER, state=3
[VERBATIM] POLL: _poll_controls() entered, game_state=3
[VERBATIM] POLL: checking deploy state=3 canopy=true
[AUDIT] poll_forensic_hud: ENTER
[DIAG] _physics_process: ENTER, state=3
[DIAG] _physics_process: camera target set to character (state: 3)
[VERBATIM] DIAGNOSIS turning block executed
[DIAG] _turn_input = 0.0
[DIAG] _poll_controls: ENTER, state=3
[VERBATIM] POLL: _poll_controls() entered, game_state=3
[VERBATIM] POLL: checking deploy state=3 canopy=true
[DEBUG] _input (build_terrain) called, event=InputEventMouseMotion: button_mask=0, position=((785.0, 290.0)), relative=((0.0, -2.0)), velocity=((-55.37186, -15.82053)), pressure=0.00, tilt=((0.0, 0.0)), pen_inverted=(false)
[AUDIT] _input: ENTER
[AUDIT] _gui_input: ENTER
[AUDIT] poll_forensic_hud: ENTER
[DIAG] _physics_process: ENTER, state=3
[DIAG] _physics_process: camera target set to character (state: 3)
[VERBATIM] DIAGNOSIS turning block executed
[DIAG] _turn_input = 0.0
[DIAG] _poll_controls: ENTER, state=3
[VERBATIM] POLL: _poll_controls() entered, game_state=3
[VERBATIM] POLL: checking deploy state=3 canopy=true
[DEBUG] _input (build_terrain) called, event=InputEventMouseMotion: button_mask=0, position=((786.0, 289.0)), relative=((1.0, -1.0)), velocity=((-55.37186, -15.82053)), pressure=0.00, tilt=((0.0, 0.0)), pen_inverted=(false)
[AUDIT] _input: ENTER
[AUDIT] _gui_input: ENTER
[AUDIT] poll_forensic_hud: ENTER
[DIAG] _physics_process: ENTER, state=3
[DIAG] _physics_process: camera target set to character (state: 3)
[VERBATIM] DIAGNOSIS turning block executed
[DIAG] _turn_input = 0.0
[DIAG] _poll_controls: ENTER, state=3
[VERBATIM] POLL: _poll_controls() entered, game_state=3
[VERBATIM] POLL: checking deploy state=3 canopy=true
[AUDIT] poll_forensic_hud: ENTER
[DIAG] _physics_process: ENTER, state=3
[DIAG] _physics_process: camera target set to character (state: 3)
[VERBATIM] DIAGNOSIS turning block executed
[DIAG] _turn_input = 0.0
[DIAG] _poll_controls: ENTER, state=3
[VERBATIM] POLL: _poll_controls() entered, game_state=3
[VERBATIM] POLL: checking deploy state=3 canopy=true
[DEBUG] _input (build_terrain) called, event=InputEventMouseMotion: button_mask=0, position=((787.0, 288.0)), relative=((1.0, -1.0)), velocity=((-55.37186, -15.82053)), pressure=0.00, tilt=((0.0, 0.0)), pen_inverted=(false)
[AUDIT] _input: ENTER
[AUDIT] _gui_input: ENTER
[AUDIT] poll_forensic_hud: ENTER
[DIAG] _physics_process: ENTER, state=3
[DIAG] _physics_process: camera target set to character (state: 3)
[VERBATIM] DIAGNOSIS turning block executed
[DIAG] _turn_input = 0.0
[FPANEL] Adopted existing pip container
[DIAG] _poll_controls: ENTER, state=3
[VERBATIM] POLL: _poll_controls() entered, game_state=3
[VERBATIM] POLL: checking deploy state=3 canopy=true
[DIAG] _poll_controls: ENTER, state=3
[VERBATIM] POLL: _poll_controls() entered, game_state=3
[VERBATIM] POLL: checking deploy state=3 canopy=true
[AUDIT] poll_forensic_hud: ENTER
[DIAG] _physics_process: ENTER, state=3
[DIAG] _physics_process: camera target set to character (state: 3)
[VERBATIM] DIAGNOSIS turning block executed
[DIAG] _turn_input = 0.0
[DIAG] _poll_controls: ENTER, state=3
[VERBATIM] POLL: _poll_controls() entered, game_state=3
[VERBATIM] POLL: checking deploy state=3 canopy=true
[AUDIT] poll_forensic_hud: ENTER
[DIAG] _physics_process: ENTER, state=3
[DIAG] _physics_process: camera target set to character (state: 3)
[VERBATIM] DIAGNOSIS turning block executed
[DIAG] _turn_input = 0.0
[DIAG] _poll_controls: ENTER, state=3
[VERBATIM] POLL: _poll_controls() entered, game_state=3
[VERBATIM] POLL: checking deploy state=3 canopy=true
[AUDIT] poll_forensic_hud: ENTER
[DIAG] _physics_process: ENTER, state=3
[DIAG] _physics_process: camera target set to character (state: 3)
[VERBATIM] DIAGNOSIS turning block executed
[DIAG] _turn_input = 0.0
[DIAG] _poll_controls: ENTER, state=3
[VERBATIM] POLL: _poll_controls() entered, game_state=3
[VERBATIM] POLL: checking deploy state=3 canopy=true
[DEBUG] _input (build_terrain) called, event=InputEventMouseMotion: button_mask=0, position=((788.0, 288.0)), relative=((1.0, 0.0)), velocity=((15.15335, -30.30671)), pressure=0.00, tilt=((0.0, 0.0)), pen_inverted=(false)
[AUDIT] _input: ENTER
[AUDIT] _gui_input: ENTER
[AUDIT] poll_forensic_hud: ENTER
[DIAG] _physics_process: ENTER, state=3
[DIAG] _physics_process: camera target set to character (state: 3)
[VERBATIM] DIAGNOSIS turning block executed
[DIAG] _turn_input = 0.0
[DIAG] _poll_controls: ENTER, state=3
[VERBATIM] POLL: _poll_controls() entered, game_state=3
[VERBATIM] POLL: checking deploy state=3 canopy=true
[DEBUG] _input (build_terrain) called, event=InputEventMouseMotion: button_mask=0, position=((789.0, 288.0)), relative=((1.0, 0.0)), velocity=((15.15335, -30.30671)), pressure=0.00, tilt=((0.0, 0.0)), pen_inverted=(false)
[AUDIT] _input: ENTER
[AUDIT] _gui_input: ENTER
[AUDIT] poll_forensic_hud: ENTER
[DIAG] _physics_process: ENTER, state=3
[DIAG] _physics_process: camera target set to character (state: 3)
[VERBATIM] DIAGNOSIS turning block executed
[DIAG] _turn_input = 0.0
[DIAG] _poll_controls: ENTER, state=3
[VERBATIM] POLL: _poll_controls() entered, game_state=3
[VERBATIM] POLL: checking deploy state=3 canopy=true
[VERBATIM] Wind updated: 12.5 kts @ 240.0°
[DEBUG] _input (build_terrain) called, event=InputEventMouseMotion: button_mask=0, position=((790.0, 288.0)), relative=((1.0, 0.0)), velocity=((15.15335, -30.30671)), pressure=0.00, tilt=((0.0, 0.0)), pen_inverted=(false)
[AUDIT] _input: ENTER
[AUDIT] _gui_input: ENTER
[AUDIT] poll_forensic_hud: ENTER
[DIAG] _physics_process: ENTER, state=3
[DIAG] _physics_process: camera target set to character (state: 3)
[VERBATIM] DIAGNOSIS turning block executed
[DIAG] _turn_input = 0.0
[DIAG] _poll_controls: ENTER, state=3
[VERBATIM] POLL: _poll_controls() entered, game_state=3
[VERBATIM] POLL: checking deploy state=3 canopy=true
[DEBUG] _input (build_terrain) called, event=InputEventMouseMotion: button_mask=0, position=((790.0, 288.0)), relative=((0.0, 0.0)), velocity=((15.15335, -30.30671)), pressure=0.00, tilt=((0.0, 0.0)), pen_inverted=(false)
[AUDIT] _input: ENTER
[AUDIT] _gui_input: ENTER
[AUDIT] poll_forensic_hud: ENTER
[DIAG] _physics_process: ENTER, state=3
[DIAG] _physics_process: camera target set to character (state: 3)
[VERBATIM] DIAGNOSIS turning block executed
[DIAG] _turn_input = 0.0
[DIAG] _poll_controls: ENTER, state=3
[VERBATIM] POLL: _poll_controls() entered, game_state=3
[VERBATIM] POLL: checking deploy state=3 canopy=true
[DEBUG] _input (build_terrain) called, event=InputEventMouseMotion: button_mask=0, position=((793.0, 288.0)), relative=((3.0, 0.0)), velocity=((15.15335, -30.30671)), pressure=0.00, tilt=((0.0, 0.0)), pen_inverted=(false)
[AUDIT] _input: ENTER
[AUDIT] _gui_input: ENTER
[AUDIT] poll_forensic_hud: ENTER
[DIAG] _physics_process: ENTER, state=3
[DIAG] _physics_process: camera target set to character (state: 3)
[VERBATIM] DIAGNOSIS turning block executed
[DIAG] _turn_input = 0.0
[DIAG] _poll_controls: ENTER, state=3
[VERBATIM] POLL: _poll_controls() entered, game_state=3
[VERBATIM] POLL: checking deploy state=3 canopy=true
[DEBUG] _input (build_terrain) called, event=InputEventMouseMotion: button_mask=0, position=((795.0, 289.0)), relative=((2.0, 1.0)), velocity=((15.15335, -30.30671)), pressure=0.00, tilt=((0.0, 0.0)), pen_inverted=(false)
[AUDIT] _input: ENTER
[AUDIT] _gui_input: ENTER
[AUDIT] poll_forensic_hud: ENTER
[DIAG] _physics_process: ENTER, state=3
[DIAG] _physics_process: camera target set to character (state: 3)
[VERBATIM] DIAGNOSIS turning block executed
[DIAG] _turn_input = 0.0
[DIAG] _poll_controls: ENTER, state=3
[VERBATIM] POLL: _poll_controls() entered, game_state=3
[VERBATIM] POLL: checking deploy state=3 canopy=true
[DEBUG] _input (build_terrain) called, event=InputEventMouseMotion: button_mask=0, position=((800.0, 292.0)), relative=((5.0, 3.0)), velocity=((15.15335, -30.30671)), pressure=0.00, tilt=((0.0, 0.0)), pen_inverted=(false)
[AUDIT] _input: ENTER
[AUDIT] _gui_input: ENTER
[AUDIT] poll_forensic_hud: ENTER
[DIAG] _physics_process: ENTER, state=3
[DIAG] _physics_process: camera target set to character (state: 3)
[VERBATIM] DIAGNOSIS turning block executed
[DIAG] _turn_input = 0.0
[DIAG] _poll_controls: ENTER, state=3
[VERBATIM] POLL: _poll_controls() entered, game_state=3
[VERBATIM] POLL: checking deploy state=3 canopy=true
[DEBUG] _input (build_terrain) called, event=InputEventMouseMotion: button_mask=0, position=((809.0, 297.0)), relative=((9.0, 5.0)), velocity=((111.3891, 34.27357)), pressure=0.00, tilt=((0.0, 0.0)), pen_inverted=(false)
[AUDIT] _input: ENTER
[AUDIT] _gui_input: ENTER
[AUDIT] poll_forensic_hud: ENTER
[PIPLIVE] eye=(805.6913, 1795.564, 144.3338) state=3 deployed=true framing=canopy
[DIAG] _physics_process: ENTER, state=3
[DIAG] _physics_process: camera target set to character (state: 3)
[VERBATIM] DIAGNOSIS turning block executed
[DIAG] _turn_input = 0.0
[DIAG] _poll_controls: ENTER, state=3
[VERBATIM] POLL: _poll_controls() entered, game_state=3
[VERBATIM] POLL: checking deploy state=3 canopy=true
[DEBUG] _input (build_terrain) called, event=InputEventMouseMotion: button_mask=0, position=((818.0, 300.0)), relative=((9.0, 3.0)), velocity=((111.3891, 34.27357)), pressure=0.00, tilt=((0.0, 0.0)), pen_inverted=(false)
[AUDIT] _input: ENTER
[AUDIT] _gui_input: ENTER
[AUDIT] poll_forensic_hud: ENTER
[DIAG] _physics_process: ENTER, state=3
[DIAG] _physics_process: camera target set to character (state: 3)
[VERBATIM] DIAGNOSIS turning block executed
[DIAG] _turn_input = 0.0
[DIAG] _poll_controls: ENTER, state=3
[VERBATIM] POLL: _poll_controls() entered, game_state=3
[VERBATIM] POLL: checking deploy state=3 canopy=true
[DEBUG] _input (build_terrain) called, event=InputEventMouseMotion: button_mask=0, position=((829.0, 302.0)), relative=((11.0, 2.0)), velocity=((111.3891, 34.27357)), pressure=0.00, tilt=((0.0, 0.0)), pen_inverted=(false)
[AUDIT] _input: ENTER
[AUDIT] _gui_input: ENTER
[AUDIT] poll_forensic_hud: ENTER
[DIAG] _physics_process: ENTER, state=3
[DIAG] _physics_process: camera target set to character (state: 3)
[VERBATIM] DIAGNOSIS turning block executed
[DIAG] _turn_input = 0.0
[DIAG] _poll_controls: ENTER, state=3
[VERBATIM] POLL: _poll_controls() entered, game_state=3
[VERBATIM] POLL: checking deploy state=3 canopy=true
[DEBUG] _input (build_terrain) called, event=InputEventMouseMotion: button_mask=0, position=((833.0, 303.0)), relative=((4.0, 1.0)), velocity=((111.3891, 34.27357)), pressure=0.00, tilt=((0.0, 0.0)), pen_inverted=(false)
[AUDIT] _input: ENTER
[AUDIT] _gui_input: ENTER
[AUDIT] poll_forensic_hud: ENTER
[DIAG] _physics_process: ENTER, state=3
[DIAG] _physics_process: camera target set to character (state: 3)
[VERBATIM] DIAGNOSIS turning block executed
[DIAG] _turn_input = 0.0
[DIAG] _poll_controls: ENTER, state=3
[VERBATIM] POLL: _poll_controls() entered, game_state=3
[VERBATIM] POLL: checking deploy state=3 canopy=true
[DEBUG] _input (build_terrain) called, event=InputEventMouseMotion: button_mask=0, position=((836.0, 306.0)), relative=((3.0, 3.0)), velocity=((111.3891, 34.27357)), pressure=0.00, tilt=((0.0, 0.0)), pen_inverted=(false)
[AUDIT] _input: ENTER
[AUDIT] _gui_input: ENTER
[AUDIT] poll_forensic_hud: ENTER
[DIAG] _physics_process: ENTER, state=3
[DIAG] _physics_process: camera target set to character (state: 3)
[VERBATIM] DIAGNOSIS turning block executed
[DIAG] _turn_input = 0.0
[DIAG] _poll_controls: ENTER, state=3
[VERBATIM] POLL: _poll_controls() entered, game_state=3
[VERBATIM] POLL: checking deploy state=3 canopy=true
[DEBUG] _input (build_terrain) called, event=InputEventMouseMotion: button_mask=0, position=((839.0, 307.0)), relative=((3.0, 1.0)), velocity=((111.3891, 34.27357)), pressure=0.00, tilt=((0.0, 0.0)), pen_inverted=(false)
[AUDIT] _input: ENTER
[AUDIT] _gui_input: ENTER
[AUDIT] poll_forensic_hud: ENTER
[DIAG] _physics_process: ENTER, state=3
[DIAG] _physics_process: camera target set to character (state: 3)
[VERBATIM] DIAGNOSIS turning block executed
[DIAG] _turn_input = 0.0
[DIAG] _poll_controls: ENTER, state=3
[VERBATIM] POLL: _poll_controls() entered, game_state=3
[VERBATIM] POLL: checking deploy state=3 canopy=true
[DEBUG] _input (build_terrain) called, event=InputEventMouseMotion: button_mask=0, position=((841.0, 307.0)), relative=((2.0, 0.0)), velocity=((380.8593, 146.4844)), pressure=0.00, tilt=((0.0, 0.0)), pen_inverted=(false)
[AUDIT] _input: ENTER
[AUDIT] _gui_input: ENTER
[AUDIT] poll_forensic_hud: ENTER
[DIAG] _physics_process: ENTER, state=3
[DIAG] _physics_process: camera target set to character (state: 3)
[VERBATIM] DIAGNOSIS turning block executed
[DIAG] _turn_input = 0.0
[DIAG] _poll_controls: ENTER, state=3
[VERBATIM] POLL: _poll_controls() entered, game_state=3
[VERBATIM] POLL: checking deploy state=3 canopy=true
[DEBUG] _input (build_terrain) called, event=InputEventMouseMotion: button_mask=0, position=((844.0, 308.0)), relative=((3.0, 1.0)), velocity=((380.8593, 146.4844)), pressure=0.00, tilt=((0.0, 0.0)), pen_inverted=(false)
[AUDIT] _input: ENTER
[AUDIT] _gui_input: ENTER
[AUDIT] poll_forensic_hud: ENTER
[DIAG] _physics_process: ENTER, state=3
[DIAG] _physics_process: camera target set to character (state: 3)
[VERBATIM] DIAGNOSIS turning block executed
[DIAG] _turn_input = 0.0
[DIAG] _poll_controls: ENTER, state=3
[VERBATIM] POLL: _poll_controls() entered, game_state=3
[VERBATIM] POLL: checking deploy state=3 canopy=true
[DEBUG] _input (build_terrain) called, event=InputEventMouseMotion: button_mask=0, position=((846.0, 308.0)), relative=((2.0, 0.0)), velocity=((380.8593, 146.4844)), pressure=0.00, tilt=((0.0, 0.0)), pen_inverted=(false)
[AUDIT] _input: ENTER
[AUDIT] _gui_input: ENTER
[AUDIT] poll_forensic_hud: ENTER
[DIAG] _physics_process: ENTER, state=3
[DIAG] _physics_process: camera target set to character (state: 3)
[GLIDE],11.9666666666668,0.0,0.0,0.0,0.0,11.0,0.0,-12.9226645092798,4.23076923076923,2.6,805.322143554688,145.942108154297,26.4
[VERBATIM] DIAGNOSIS turning block executed
[DIAG] _turn_input = 0.0
[DIAG] _poll_controls: ENTER, state=3
[VERBATIM] POLL: _poll_controls() entered, game_state=3
[VERBATIM] POLL: checking deploy state=3 canopy=true
[DEBUG] _input (build_terrain) called, event=InputEventMouseMotion: button_mask=0, position=((847.0, 308.0)), relative=((1.0, 0.0)), velocity=((380.8593, 146.4844)), pressure=0.00, tilt=((0.0, 0.0)), pen_inverted=(false)
[AUDIT] _input: ENTER
[AUDIT] _gui_input: ENTER
[AUDIT] poll_forensic_hud: ENTER
[DIAG] _physics_process: ENTER, state=3
[DIAG] _physics_process: camera target set to character (state: 3)
[VERBATIM] DIAGNOSIS turning block executed
[DIAG] _turn_input = 0.0
[DIAG] _poll_controls: ENTER, state=3
[VERBATIM] POLL: _poll_controls() entered, game_state=3
[VERBATIM] POLL: checking deploy state=3 canopy=true
[AUDIT] poll_forensic_hud: ENTER
[DIAG] _physics_process: ENTER, state=3
[DIAG] _physics_process: camera target set to character (state: 3)
[VERBATIM] DIAGNOSIS turning block executed
[DIAG] _turn_input = 0.0
[DIAG] _poll_controls: ENTER, state=3
[VERBATIM] POLL: _poll_controls() entered, game_state=3
[VERBATIM] POLL: checking deploy state=3 canopy=true
[AUDIT] poll_forensic_hud: ENTER
[DIAG] _physics_process: ENTER, state=3
[DIAG] _physics_process: camera target set to character (state: 3)
[VERBATIM] DIAGNOSIS turning block executed
[DIAG] _turn_input = 0.0
[DIAG] _poll_controls: ENTER, state=3
[VERBATIM] POLL: _poll_controls() entered, game_state=3
[VERBATIM] POLL: checking deploy state=3 canopy=true
[AUDIT] poll_forensic_hud: ENTER
[DIAG] _physics_process: ENTER, state=3
[DIAG] _physics_process: camera target set to character (state: 3)
[VERBATIM] DIAGNOSIS turning block executed
[DIAG] _turn_input = 0.0
[DIAG] _poll_controls: ENTER, state=3
[VERBATIM] POLL: _poll_controls() entered, game_state=3
[VERBATIM] POLL: checking deploy state=3 canopy=true
[DEBUG] _input (build_terrain) called, event=InputEventMouseMotion: button_mask=0, position=((847.0, 308.0)), relative=((0.0, 0.0)), velocity=((68.49081, 8.561351)), pressure=0.00, tilt=((0.0, 0.0)), pen_inverted=(false)
[AUDIT] _input: ENTER
[AUDIT] _gui_input: ENTER
[AUDIT] poll_forensic_hud: ENTER
[DIAG] _physics_process: ENTER, state=3
[DIAG] _physics_process: camera target set to character (state: 3)
[VERBATIM] DIAGNOSIS turning block executed
[DIAG] _turn_input = 0.0
[DIAG] _poll_controls: ENTER, state=3
[VERBATIM] POLL: _poll_controls() entered, game_state=3
[VERBATIM] POLL: checking deploy state=3 canopy=true
[DEBUG] _input (build_terrain) called, event=InputEventMouseMotion: button_mask=0, position=((850.0, 308.0)), relative=((3.0, 0.0)), velocity=((68.49081, 8.561351)), pressure=0.00, tilt=((0.0, 0.0)), pen_inverted=(false)
[AUDIT] _input: ENTER
[AUDIT] _gui_input: ENTER
[AUDIT] poll_forensic_hud: ENTER
[DIAG] _physics_process: ENTER, state=3
[DIAG] _physics_process: camera target set to character (state: 3)
[VERBATIM] DIAGNOSIS turning block executed
[DIAG] _turn_input = 0.0
[DIAG] _poll_controls: ENTER, state=3
[VERBATIM] POLL: _poll_controls() entered, game_state=3
[VERBATIM] POLL: checking deploy state=3 canopy=true
[DEBUG] _input (build_terrain) called, event=InputEventMouseMotion: button_mask=0, position=((853.0, 308.0)), relative=((3.0, 0.0)), velocity=((68.49081, 8.561351)), pressure=0.00, tilt=((0.0, 0.0)), pen_inverted=(false)
[AUDIT] _input: ENTER
[AUDIT] _gui_input: ENTER
[AUDIT] poll_forensic_hud: ENTER
[DIAG] _physics_process: ENTER, state=3
[DIAG] _physics_process: camera target set to character (state: 3)
[VERBATIM] DIAGNOSIS turning block executed
[DIAG] _turn_input = 0.0
[DIAG] _poll_controls: ENTER, state=3
[VERBATIM] POLL: _poll_controls() entered, game_state=3
[VERBATIM] POLL: checking deploy state=3 canopy=true
[DEBUG] _input (build_terrain) called, event=InputEventMouseMotion: button_mask=0, position=((859.0, 305.0)), relative=((6.0, -3.0)), velocity=((68.49081, 8.561351)), pressure=0.00, tilt=((0.0, 0.0)), pen_inverted=(false)
[AUDIT] _input: ENTER
[AUDIT] _gui_input: ENTER
[AUDIT] poll_forensic_hud: ENTER
[DIAG] _physics_process: ENTER, state=3
[DIAG] _physics_process: camera target set to character (state: 3)
[VERBATIM] DIAGNOSIS turning block executed
[DIAG] _turn_input = 0.0
[DIAG] _poll_controls: ENTER, state=3
[VERBATIM] POLL: _poll_controls() entered, game_state=3
[VERBATIM] POLL: checking deploy state=3 canopy=true
[DEBUG] _input (build_terrain) called, event=InputEventMouseMotion: button_mask=0, position=((870.0, 299.0)), relative=((11.0, -6.0)), velocity=((68.49081, 8.561351)), pressure=0.00, tilt=((0.0, 0.0)), pen_inverted=(false)
[AUDIT] _input: ENTER
[AUDIT] _gui_input: ENTER
[AUDIT] poll_forensic_hud: ENTER
[DIAG] _physics_process: ENTER, state=3
[DIAG] _physics_process: camera target set to character (state: 3)
[VERBATIM] DIAGNOSIS turning block executed
[DIAG] _turn_input = 0.0
[DIAG] _poll_controls: ENTER, state=3
[VERBATIM] POLL: _poll_controls() entered, game_state=3
[VERBATIM] POLL: checking deploy state=3 canopy=true
[DEBUG] _input (build_terrain) called, event=InputEventMouseMotion: button_mask=0, position=((881.0, 290.0)), relative=((11.0, -9.0)), velocity=((68.49081, 8.561351)), pressure=0.00, tilt=((0.0, 0.0)), pen_inverted=(false)
[AUDIT] _input: ENTER
[AUDIT] _gui_input: ENTER
[AUDIT] poll_forensic_hud: ENTER
[DIAG] _physics_process: ENTER, state=3
[DIAG] _physics_process: camera target set to character (state: 3)
[VERBATIM] DIAGNOSIS turning block executed
[DIAG] _turn_input = 0.0
[DIAG] _poll_controls: ENTER, state=3
[VERBATIM] POLL: _poll_controls() entered, game_state=3
[VERBATIM] POLL: checking deploy state=3 canopy=true
[DEBUG] _input (build_terrain) called, event=InputEventMouseMotion: button_mask=0, position=((903.0, 269.0)), relative=((22.0, -21.0)), velocity=((333.8505, -176.7444)), pressure=0.00, tilt=((0.0, 0.0)), pen_inverted=(false)
[AUDIT] _input: ENTER
[AUDIT] _gui_input: ENTER
[AUDIT] poll_forensic_hud: ENTER
[DIAG] _physics_process: ENTER, state=3
[DIAG] _physics_process: camera target set to character (state: 3)
[VERBATIM] DIAGNOSIS turning block executed
[DIAG] _turn_input = 0.0
[DIAG] _poll_controls: ENTER, state=3
[VERBATIM] POLL: _poll_controls() entered, game_state=3
[VERBATIM] POLL: checking deploy state=3 canopy=true
[DEBUG] _input (build_terrain) called, event=InputEventMouseMotion: button_mask=0, position=((913.0, 263.0)), relative=((10.0, -6.0)), velocity=((333.8505, -176.7444)), pressure=0.00, tilt=((0.0, 0.0)), pen_inverted=(false)
[AUDIT] _input: ENTER
[AUDIT] _gui_input: ENTER
[AUDIT] poll_forensic_hud: ENTER
[DIAG] _physics_process: ENTER, state=3
[DIAG] _physics_process: camera target set to character (state: 3)
[VERBATIM] DIAGNOSIS turning block executed
[DIAG] _turn_input = 0.0
[DIAG] _poll_controls: ENTER, state=3
[VERBATIM] POLL: _poll_controls() entered, game_state=3
[VERBATIM] POLL: checking deploy state=3 canopy=true
[DEBUG] _input (build_terrain) called, event=InputEventMouseMotion: button_mask=0, position=((926.0, 246.0)), relative=((13.0, -17.0)), velocity=((333.8505, -176.7444)), pressure=0.00, tilt=((0.0, 0.0)), pen_inverted=(false)
[AUDIT] _input: ENTER
[AUDIT] _gui_input: ENTER
[AUDIT] poll_forensic_hud: ENTER
[DIAG] _physics_process: ENTER, state=3
[DIAG] _physics_process: camera target set to character (state: 3)
[VERBATIM] DIAGNOSIS turning block executed
[DIAG] _turn_input = 0.0
[DIAG] _poll_controls: ENTER, state=3
[VERBATIM] POLL: _poll_controls() entered, game_state=3
[VERBATIM] POLL: checking deploy state=3 canopy=true
[DEBUG] _input (build_terrain) called, event=InputEventMouseMotion: button_mask=0, position=((936.0, 235.0)), relative=((10.0, -11.0)), velocity=((333.8505, -176.7444)), pressure=0.00, tilt=((0.0, 0.0)), pen_inverted=(false)
[AUDIT] _input: ENTER
[AUDIT] _gui_input: ENTER
[AUDIT] poll_forensic_hud: ENTER
[DIAG] _physics_process: ENTER, state=3
[DIAG] _physics_process: camera target set to character (state: 3)
[VERBATIM] DIAGNOSIS turning block executed
[DIAG] _turn_input = 0.0
[DIAG] _poll_controls: ENTER, state=3
[VERBATIM] POLL: _poll_controls() entered, game_state=3
[VERBATIM] POLL: checking deploy state=3 canopy=true
[DEBUG] _input (build_terrain) called, event=InputEventMouseMotion: button_mask=0, position=((943.0, 228.0)), relative=((7.0, -7.0)), velocity=((333.8505, -176.7444)), pressure=0.00, tilt=((0.0, 0.0)), pen_inverted=(false)
[AUDIT] _input: ENTER
[AUDIT] _gui_input: ENTER
[AUDIT] poll_forensic_hud: ENTER
[DIAG] _physics_process: ENTER, state=3
[DIAG] _physics_process: camera target set to character (state: 3)
[VERBATIM] DIAGNOSIS turning block executed
[DIAG] _turn_input = 0.0
[DIAG] _poll_controls: ENTER, state=3
[VERBATIM] POLL: _poll_controls() entered, game_state=3
[VERBATIM] POLL: checking deploy state=3 canopy=true
[DEBUG] _input (build_terrain) called, event=InputEventMouseMotion: button_mask=0, position=((946.0, 224.0)), relative=((3.0, -4.0)), velocity=((333.8505, -176.7444)), pressure=0.00, tilt=((0.0, 0.0)), pen_inverted=(false)
[AUDIT] _input: ENTER
[AUDIT] _gui_input: ENTER
[AUDIT] poll_forensic_hud: ENTER
[DIAG] _physics_process: ENTER, state=3
[DIAG] _physics_process: camera target set to character (state: 3)
[VERBATIM] DIAGNOSIS turning block executed
[DIAG] _turn_input = 0.0
[DIAG] _poll_controls: ENTER, state=3
[VERBATIM] POLL: _poll_controls() entered, game_state=3
[VERBATIM] POLL: checking deploy state=3 canopy=true
[DEBUG] _input (build_terrain) called, event=InputEventMouseMotion: button_mask=0, position=((947.0, 223.0)), relative=((1.0, -1.0)), velocity=((333.8505, -176.7444)), pressure=0.00, tilt=((0.0, 0.0)), pen_inverted=(false)
[AUDIT] _input: ENTER
[AUDIT] _gui_input: ENTER
[AUDIT] poll_forensic_hud: ENTER
[DIAG] _physics_process: ENTER, state=3
[DIAG] _physics_process: camera target set to character (state: 3)
[VERBATIM] DIAGNOSIS turning block executed
[DIAG] _turn_input = 0.0
[DIAG] _poll_controls: ENTER, state=3
[VERBATIM] POLL: _poll_controls() entered, game_state=3
[VERBATIM] POLL: checking deploy state=3 canopy=true
[AUDIT] poll_forensic_hud: ENTER
[DIAG] _physics_process: ENTER, state=3
[DIAG] _physics_process: camera target set to character (state: 3)
[VERBATIM] DIAGNOSIS turning block executed
[DIAG] _turn_input = 0.0
[DIAG] _poll_controls: ENTER, state=3
[VERBATIM] POLL: _poll_controls() entered, game_state=3
[VERBATIM] POLL: checking deploy state=3 canopy=true
[AUDIT] poll_forensic_hud: ENTER
[DIAG] _physics_process: ENTER, state=3
[DIAG] _physics_process: camera target set to character (state: 3)
[VERBATIM] DIAGNOSIS turning block executed
[DIAG] _turn_input = 0.0
[DIAG] _poll_controls: ENTER, state=3
[VERBATIM] POLL: _poll_controls() entered, game_state=3
[VERBATIM] POLL: checking deploy state=3 canopy=true
[AUDIT] poll_forensic_hud: ENTER
[DIAG] _physics_process: ENTER, state=3
[DIAG] _physics_process: camera target set to character (state: 3)
[VERBATIM] DIAGNOSIS turning block executed
[DIAG] _turn_input = 0.0
[DIAG] _poll_controls: ENTER, state=3
[VERBATIM] POLL: _poll_controls() entered, game_state=3
[VERBATIM] POLL: checking deploy state=3 canopy=true
[DEBUG] _input (build_terrain) called, event=InputEventMouseMotion: button_mask=0, position=((950.0, 220.0)), relative=((3.0, -3.0)), velocity=((413.0912, -419.3502)), pressure=0.00, tilt=((0.0, 0.0)), pen_inverted=(false)
[AUDIT] _input: ENTER
[AUDIT] _gui_input: ENTER
[AUDIT] poll_forensic_hud: ENTER
[DIAG] _physics_process: ENTER, state=3
[DIAG] _physics_process: camera target set to character (state: 3)
[VERBATIM] DIAGNOSIS turning block executed
[DIAG] _turn_input = 0.0
[DIAG] _poll_controls: ENTER, state=3
[VERBATIM] POLL: _poll_controls() entered, game_state=3
[VERBATIM] POLL: checking deploy state=3 canopy=true
[AUDIT] poll_forensic_hud: ENTER
[DIAG] _physics_process: ENTER, state=3
[DIAG] _physics_process: camera target set to character (state: 3)
[VERBATIM] DIAGNOSIS turning block executed
[DIAG] _turn_input = 0.0
[DIAG] _poll_controls: ENTER, state=3
[VERBATIM] POLL: _poll_controls() entered, game_state=3
[VERBATIM] POLL: checking deploy state=3 canopy=true
[DEBUG] _input (build_terrain) called, event=InputEventMouseMotion: button_mask=0, position=((951.0, 214.0)), relative=((1.0, -6.0)), velocity=((413.0912, -419.3502)), pressure=0.00, tilt=((0.0, 0.0)), pen_inverted=(false)
[AUDIT] _input: ENTER
[AUDIT] _gui_input: ENTER
[AUDIT] poll_forensic_hud: ENTER
[DIAG] _physics_process: ENTER, state=3
[DIAG] _physics_process: camera target set to character (state: 3)
[VERBATIM] DIAGNOSIS turning block executed
[DIAG] _turn_input = 0.0
[DIAG] _poll_controls: ENTER, state=3
[VERBATIM] POLL: _poll_controls() entered, game_state=3
[VERBATIM] POLL: checking deploy state=3 canopy=true
[DEBUG] _input (build_terrain) called, event=InputEventMouseMotion: button_mask=0, position=((951.0, 202.0)), relative=((0.0, -12.0)), velocity=((413.0912, -419.3502)), pressure=0.00, tilt=((0.0, 0.0)), pen_inverted=(false)
[AUDIT] _input: ENTER
[AUDIT] _gui_input: ENTER
[AUDIT] poll_forensic_hud: ENTER
[DIAG] _physics_process: ENTER, state=3
[DIAG] _physics_process: camera target set to character (state: 3)
[VERBATIM] DIAGNOSIS turning block executed
[DIAG] _turn_input = 0.0
[DIAG] _poll_controls: ENTER, state=3
[VERBATIM] POLL: _poll_controls() entered, game_state=3
[VERBATIM] POLL: checking deploy state=3 canopy=true
[DEBUG] _input (build_terrain) called, event=InputEventMouseMotion: button_mask=0, position=((951.0, 189.0)), relative=((0.0, -13.0)), velocity=((413.0912, -419.3502)), pressure=0.00, tilt=((0.0, 0.0)), pen_inverted=(false)
[AUDIT] _input: ENTER
[AUDIT] _gui_input: ENTER
[AUDIT] poll_forensic_hud: ENTER
[DIAG] _physics_process: ENTER, state=3
[DIAG] _physics_process: camera target set to character (state: 3)
[VERBATIM] DIAGNOSIS turning block executed
[DIAG] _turn_input = 0.0
[DIAG] _poll_controls: ENTER, state=3
[VERBATIM] POLL: _poll_controls() entered, game_state=3
[VERBATIM] POLL: checking deploy state=3 canopy=true
[DEBUG] _input (build_terrain) called, event=InputEventMouseMotion: button_mask=0, position=((951.0, 173.0)), relative=((0.0, -16.0)), velocity=((413.0912, -419.3502)), pressure=0.00, tilt=((0.0, 0.0)), pen_inverted=(false)
[AUDIT] _input: ENTER
[AUDIT] _gui_input: ENTER
[AUDIT] poll_forensic_hud: ENTER
[DIAG] _physics_process: ENTER, state=3
[DIAG] _physics_process: camera target set to character (state: 3)
[VERBATIM] DIAGNOSIS turning block executed
[DIAG] _turn_input = 0.0
[DIAG] _poll_controls: ENTER, state=3
[VERBATIM] POLL: _poll_controls() entered, game_state=3
[VERBATIM] POLL: checking deploy state=3 canopy=true
[DEBUG] _input (build_terrain) called, event=InputEventMouseMotion: button_mask=0, position=((951.0, 158.0)), relative=((0.0, -15.0)), velocity=((413.0912, -419.3502)), pressure=0.00, tilt=((0.0, 0.0)), pen_inverted=(false)
[AUDIT] _input: ENTER
[AUDIT] _gui_input: ENTER
[AUDIT] poll_forensic_hud: ENTER
[DIAG] _physics_process: ENTER, state=3
[DIAG] _physics_process: camera target set to character (state: 3)
[VERBATIM] DIAGNOSIS turning block executed
[DIAG] _turn_input = 0.0
[DIAG] _poll_controls: ENTER, state=3
[VERBATIM] POLL: _poll_controls() entered, game_state=3
[VERBATIM] POLL: checking deploy state=3 canopy=true
[DEBUG] _input (build_terrain) called, event=InputEventMouseMotion: button_mask=0, position=((950.0, 146.0)), relative=((-1.0, -12.0)), velocity=((34.47087, -560.1517)), pressure=0.00, tilt=((0.0, 0.0)), pen_inverted=(false)
[AUDIT] _input: ENTER
[AUDIT] _gui_input: ENTER
[AUDIT] poll_forensic_hud: ENTER
[DIAG] _physics_process: ENTER, state=3
[DIAG] _physics_process: camera target set to character (state: 3)
[VERBATIM] DIAGNOSIS turning block executed
[DIAG] _turn_input = 0.0
[DIAG] _poll_controls: ENTER, state=3
[VERBATIM] POLL: _poll_controls() entered, game_state=3
[VERBATIM] POLL: checking deploy state=3 canopy=true
[DEBUG] _input (build_terrain) called, event=InputEventMouseMotion: button_mask=0, position=((948.0, 136.0)), relative=((-2.0, -10.0)), velocity=((34.47087, -560.1517)), pressure=0.00, tilt=((0.0, 0.0)), pen_inverted=(false)
[AUDIT] _input: ENTER
[AUDIT] _gui_input: ENTER
[AUDIT] poll_forensic_hud: ENTER
[DIAG] _physics_process: ENTER, state=3
[DIAG] _physics_process: camera target set to character (state: 3)
[VERBATIM] DIAGNOSIS turning block executed
[DIAG] _turn_input = 0.0
[DIAG] _poll_controls: ENTER, state=3
[VERBATIM] POLL: _poll_controls() entered, game_state=3
[VERBATIM] POLL: checking deploy state=3 canopy=true
[DEBUG] _input (build_terrain) called, event=InputEventMouseMotion: button_mask=0, position=((948.0, 130.0)), relative=((0.0, -6.0)), velocity=((34.47087, -560.1517)), pressure=0.00, tilt=((0.0, 0.0)), pen_inverted=(false)
[AUDIT] _input: ENTER
[AUDIT] _gui_input: ENTER
[AUDIT] poll_forensic_hud: ENTER
[DIAG] _physics_process: ENTER, state=3
[DIAG] _physics_process: camera target set to character (state: 3)
[GLIDE],12.4666666666669,0.0,0.0,0.0,0.0,11.0,0.0,-12.9226645092798,4.23076923076923,2.6,804.091674804688,151.302978515625,26.4
[VERBATIM] DIAGNOSIS turning block executed
[DIAG] _turn_input = 0.0
[DIAG] _poll_controls: ENTER, state=3
[VERBATIM] POLL: _poll_controls() entered, game_state=3
[VERBATIM] POLL: checking deploy state=3 canopy=true
[DEBUG] _input (build_terrain) called, event=InputEventMouseMotion: button_mask=0, position=((947.0, 126.0)), relative=((-1.0, -4.0)), velocity=((34.47087, -560.1517)), pressure=0.00, tilt=((0.0, 0.0)), pen_inverted=(false)
[AUDIT] _input: ENTER
[AUDIT] _gui_input: ENTER
[AUDIT] poll_forensic_hud: ENTER
[DIAG] _physics_process: ENTER, state=3
[DIAG] _physics_process: camera target set to character (state: 3)
[VERBATIM] DIAGNOSIS turning block executed
[DIAG] _turn_input = 0.0
[DIAG] _poll_controls: ENTER, state=3
[VERBATIM] POLL: _poll_controls() entered, game_state=3
[VERBATIM] POLL: checking deploy state=3 canopy=true
[DEBUG] _input (build_terrain) called, event=InputEventMouseMotion: button_mask=0, position=((945.0, 122.0)), relative=((-2.0, -4.0)), velocity=((34.47087, -560.1517)), pressure=0.00, tilt=((0.0, 0.0)), pen_inverted=(false)
[AUDIT] _input: ENTER
[AUDIT] _gui_input: ENTER
[AUDIT] poll_forensic_hud: ENTER
[DIAG] _physics_process: ENTER, state=3
[DIAG] _physics_process: camera target set to character (state: 3)
[VERBATIM] DIAGNOSIS turning block executed
[DIAG] _turn_input = 0.0
[DIAG] _poll_controls: ENTER, state=3
[VERBATIM] POLL: _poll_controls() entered, game_state=3
[VERBATIM] POLL: checking deploy state=3 canopy=true
[DEBUG] _input (build_terrain) called, event=InputEventMouseMotion: button_mask=0, position=((945.0, 119.0)), relative=((0.0, -3.0)), velocity=((34.47087, -560.1517)), pressure=0.00, tilt=((0.0, 0.0)), pen_inverted=(false)
[AUDIT] _input: ENTER
[AUDIT] _gui_input: ENTER
[AUDIT] poll_forensic_hud: ENTER
[DIAG] _physics_process: ENTER, state=3
[DIAG] _physics_process: camera target set to character (state: 3)
[VERBATIM] DIAGNOSIS turning block executed
[DIAG] _turn_input = 0.0
[DIAG] _poll_controls: ENTER, state=3
[VERBATIM] POLL: _poll_controls() entered, game_state=3
[VERBATIM] POLL: checking deploy state=3 canopy=true
[DEBUG] _input (build_terrain) called, event=InputEventMouseMotion: button_mask=0, position=((945.0, 114.0)), relative=((0.0, -5.0)), velocity=((34.47087, -560.1517)), pressure=0.00, tilt=((0.0, 0.0)), pen_inverted=(false)
[AUDIT] _input: ENTER
[AUDIT] _gui_input: ENTER
[AUDIT] poll_forensic_hud: ENTER
[DIAG] _physics_process: ENTER, state=3
[DIAG] _physics_process: camera target set to character (state: 3)
[VERBATIM] DIAGNOSIS turning block executed
[DIAG] _turn_input = 0.0
[DIAG] _poll_controls: ENTER, state=3
[VERBATIM] POLL: _poll_controls() entered, game_state=3
[VERBATIM] POLL: checking deploy state=3 canopy=true
[DEBUG] _input (build_terrain) called, event=InputEventMouseMotion: button_mask=0, position=((945.0, 107.0)), relative=((0.0, -7.0)), velocity=((-51.89818, -380.5866)), pressure=0.00, tilt=((0.0, 0.0)), pen_inverted=(false)
[AUDIT] _input: ENTER
[AUDIT] _gui_input: ENTER
[AUDIT] poll_forensic_hud: ENTER
[DIAG] _physics_process: ENTER, state=3
[DIAG] _physics_process: camera target set to character (state: 3)
[VERBATIM] DIAGNOSIS turning block executed
[DIAG] _turn_input = 0.0
[DIAG] _poll_controls: ENTER, state=3
[VERBATIM] POLL: _poll_controls() entered, game_state=3
[VERBATIM] POLL: checking deploy state=3 canopy=true
[DEBUG] _input (build_terrain) called, event=InputEventMouseMotion: button_mask=0, position=((949.0, 101.0)), relative=((4.0, -6.0)), velocity=((-51.89818, -380.5866)), pressure=0.00, tilt=((0.0, 0.0)), pen_inverted=(false)
[AUDIT] _input: ENTER
[AUDIT] _gui_input: ENTER
[AUDIT] poll_forensic_hud: ENTER
[DIAG] _physics_process: ENTER, state=3
[DIAG] _physics_process: camera target set to character (state: 3)
[VERBATIM] DIAGNOSIS turning block executed
[DIAG] _turn_input = 0.0
[DIAG] _poll_controls: ENTER, state=3
[VERBATIM] POLL: _poll_controls() entered, game_state=3
[VERBATIM] POLL: checking deploy state=3 canopy=true
[DEBUG] _input (build_terrain) called, event=InputEventMouseMotion: button_mask=0, position=((954.0, 97.0)), relative=((5.0, -4.0)), velocity=((-51.89818, -380.5866)), pressure=0.00, tilt=((0.0, 0.0)), pen_inverted=(false)
[AUDIT] _input: ENTER
[AUDIT] _gui_input: ENTER
[AUDIT] poll_forensic_hud: ENTER
[DIAG] _physics_process: ENTER, state=3
[DIAG] _physics_process: camera target set to character (state: 3)
[VERBATIM] DIAGNOSIS turning block executed
[DIAG] _turn_input = 0.0
[DIAG] _poll_controls: ENTER, state=3
[VERBATIM] POLL: _poll_controls() entered, game_state=3
[VERBATIM] POLL: checking deploy state=3 canopy=true
[DEBUG] _input (build_terrain) called, event=InputEventMouseMotion: button_mask=0, position=((959.0, 94.0)), relative=((5.0, -3.0)), velocity=((-51.89818, -380.5866)), pressure=0.00, tilt=((0.0, 0.0)), pen_inverted=(false)
[AUDIT] _input: ENTER
[AUDIT] _gui_input: ENTER
[AUDIT] poll_forensic_hud: ENTER
[DIAG] _physics_process: ENTER, state=3
[DIAG] _physics_process: camera target set to character (state: 3)
[VERBATIM] DIAGNOSIS turning block executed
[DIAG] _turn_input = 0.0
[DIAG] _poll_controls: ENTER, state=3
[VERBATIM] POLL: _poll_controls() entered, game_state=3
[VERBATIM] POLL: checking deploy state=3 canopy=true
[DEBUG] _input (build_terrain) called, event=InputEventMouseMotion: button_mask=0, position=((964.0, 92.0)), relative=((5.0, -2.0)), velocity=((-51.89818, -380.5866)), pressure=0.00, tilt=((0.0, 0.0)), pen_inverted=(false)
[AUDIT] _input: ENTER
[AUDIT] _gui_input: ENTER
[AUDIT] poll_forensic_hud: ENTER
[DIAG] _physics_process: ENTER, state=3
[DIAG] _physics_process: camera target set to character (state: 3)
[VERBATIM] DIAGNOSIS turning block executed
[DIAG] _turn_input = 0.0
[DIAG] _poll_controls: ENTER, state=3
[VERBATIM] POLL: _poll_controls() entered, game_state=3
[VERBATIM] POLL: checking deploy state=3 canopy=true
[DEBUG] _input (build_terrain) called, event=InputEventMouseMotion: button_mask=0, position=((969.0, 89.0)), relative=((5.0, -3.0)), velocity=((-51.89818, -380.5866)), pressure=0.00, tilt=((0.0, 0.0)), pen_inverted=(false)
[AUDIT] _input: ENTER
[AUDIT] _gui_input: ENTER
[AUDIT] poll_forensic_hud: ENTER
[DIAG] _physics_process: ENTER, state=3
[DIAG] _physics_process: camera target set to character (state: 3)
[VERBATIM] DIAGNOSIS turning block executed
[DIAG] _turn_input = 0.0
[DIAG] _poll_controls: ENTER, state=3
[VERBATIM] POLL: _poll_controls() entered, game_state=3
[VERBATIM] POLL: checking deploy state=3 canopy=true
[DEBUG] _input (build_terrain) called, event=InputEventMouseMotion: button_mask=0, position=((975.0, 87.0)), relative=((6.0, -2.0)), velocity=((-51.89818, -380.5866)), pressure=0.00, tilt=((0.0, 0.0)), pen_inverted=(false)
[AUDIT] _input: ENTER
[AUDIT] _gui_input: ENTER
[AUDIT] poll_forensic_hud: ENTER
[DIAG] _physics_process: ENTER, state=3
[DIAG] _physics_process: camera target set to character (state: 3)
[VERBATIM] DIAGNOSIS turning block executed
[DIAG] _turn_input = 0.0
[DIAG] _poll_controls: ENTER, state=3
[VERBATIM] POLL: _poll_controls() entered, game_state=3
[VERBATIM] POLL: checking deploy state=3 canopy=true
[DEBUG] _input (build_terrain) called, event=InputEventMouseMotion: button_mask=0, position=((982.0, 83.0)), relative=((7.0, -4.0)), velocity=((260.9808, -234.8827)), pressure=0.00, tilt=((0.0, 0.0)), pen_inverted=(false)
[AUDIT] _input: ENTER
[AUDIT] _gui_input: ENTER
[AUDIT] poll_forensic_hud: ENTER
[DIAG] _physics_process: ENTER, state=3
[DIAG] _physics_process: camera target set to character (state: 3)
[VERBATIM] DIAGNOSIS turning block executed
[DIAG] _turn_input = 0.0
[DIAG] _poll_controls: ENTER, state=3
[VERBATIM] POLL: _poll_controls() entered, game_state=3
[VERBATIM] POLL: checking deploy state=3 canopy=true
[DEBUG] _input (build_terrain) called, event=InputEventMouseMotion: button_mask=0, position=((988.0, 80.0)), relative=((6.0, -3.0)), velocity=((260.9808, -234.8827)), pressure=0.00, tilt=((0.0, 0.0)), pen_inverted=(false)
[AUDIT] _input: ENTER
[AUDIT] _gui_input: ENTER
[AUDIT] poll_forensic_hud: ENTER
[DIAG] _physics_process: ENTER, state=3
[DIAG] _physics_process: camera target set to character (state: 3)
[VERBATIM] DIAGNOSIS turning block executed
[DIAG] _turn_input = 0.0
[DIAG] _poll_controls: ENTER, state=3
[VERBATIM] POLL: _poll_controls() entered, game_state=3
[VERBATIM] POLL: checking deploy state=3 canopy=true
[DEBUG] _input (build_terrain) called, event=InputEventMouseMotion: button_mask=0, position=((1002.0, 73.0)), relative=((14.0, -7.0)), velocity=((260.9808, -234.8827)), pressure=0.00, tilt=((0.0, 0.0)), pen_inverted=(false)
[AUDIT] _input: ENTER
[AUDIT] _gui_input: ENTER
[AUDIT] poll_forensic_hud: ENTER
[DIAG] _physics_process: ENTER, state=3
[DIAG] _physics_process: camera target set to character (state: 3)
[VERBATIM] DIAGNOSIS turning block executed
[DIAG] _turn_input = 0.0
[DIAG] _poll_controls: ENTER, state=3
[VERBATIM] POLL: _poll_controls() entered, game_state=3
[VERBATIM] POLL: checking deploy state=3 canopy=true
[DEBUG] _input (build_terrain) called, event=InputEventMouseMotion: button_mask=0, position=((1009.0, 71.0)), relative=((7.0, -2.0)), velocity=((260.9808, -234.8827)), pressure=0.00, tilt=((0.0, 0.0)), pen_inverted=(false)
[AUDIT] _input: ENTER
[AUDIT] _gui_input: ENTER
[AUDIT] poll_forensic_hud: ENTER
[DIAG] _physics_process: ENTER, state=3
[DIAG] _physics_process: camera target set to character (state: 3)
[VERBATIM] DIAGNOSIS turning block executed
[DIAG] _turn_input = 0.0
[DIAG] _poll_controls: ENTER, state=3
[VERBATIM] POLL: _poll_controls() entered, game_state=3
[VERBATIM] POLL: checking deploy state=3 canopy=true
[DEBUG] _input (build_terrain) called, event=InputEventMouseMotion: button_mask=0, position=((1015.0, 68.0)), relative=((6.0, -3.0)), velocity=((260.9808, -234.8827)), pressure=0.00, tilt=((0.0, 0.0)), pen_inverted=(false)
[AUDIT] _input: ENTER
[AUDIT] _gui_input: ENTER
[AUDIT] poll_forensic_hud: ENTER
[DIAG] _physics_process: ENTER, state=3
[DIAG] _physics_process: camera target set to character (state: 3)
[VERBATIM] DIAGNOSIS turning block executed
[DIAG] _turn_input = 0.0
[DIAG] _poll_controls: ENTER, state=3
[VERBATIM] POLL: _poll_controls() entered, game_state=3
[VERBATIM] POLL: checking deploy state=3 canopy=true
[VERBATIM] Wind updated: 12.5 kts @ 240.0°
[DEBUG] _input (build_terrain) called, event=InputEventMouseMotion: button_mask=0, position=((1019.0, 66.0)), relative=((4.0, -2.0)), velocity=((260.9808, -234.8827)), pressure=0.00, tilt=((0.0, 0.0)), pen_inverted=(false)
[AUDIT] _input: ENTER
[AUDIT] _gui_input: ENTER
[AUDIT] poll_forensic_hud: ENTER
[DIAG] _physics_process: ENTER, state=3
[DIAG] _physics_process: camera target set to character (state: 3)
[VERBATIM] DIAGNOSIS turning block executed
[DIAG] _turn_input = 0.0
[DIAG] _poll_controls: ENTER, state=3
[VERBATIM] POLL: _poll_controls() entered, game_state=3
[VERBATIM] POLL: checking deploy state=3 canopy=true
[AUDIT] poll_forensic_hud: ENTER
[DIAG] _physics_process: ENTER, state=3
[DIAG] _physics_process: camera target set to character (state: 3)
[VERBATIM] DIAGNOSIS turning block executed
[DIAG] _turn_input = 0.0
[DIAG] _poll_controls: ENTER, state=3
[VERBATIM] POLL: _poll_controls() entered, game_state=3
[VERBATIM] POLL: checking deploy state=3 canopy=true
[DEBUG] _input (build_terrain) called, event=InputEventMouseMotion: button_mask=0, position=((1021.0, 65.0)), relative=((2.0, -1.0)), velocity=((379.6278, -181.186)), pressure=0.00, tilt=((0.0, 0.0)), pen_inverted=(false)
[AUDIT] _input: ENTER
[AUDIT] _gui_input: ENTER
[AUDIT] poll_forensic_hud: ENTER
[DIAG] _physics_process: ENTER, state=3
[DIAG] _physics_process: camera target set to character (state: 3)
[VERBATIM] DIAGNOSIS turning block executed
[DIAG] _turn_input = 0.0
[DIAG] _poll_controls: ENTER, state=3
[VERBATIM] POLL: _poll_controls() entered, game_state=3
[VERBATIM] POLL: checking deploy state=3 canopy=true
[AUDIT] poll_forensic_hud: ENTER
[DIAG] _physics_process: ENTER, state=3
[DIAG] _physics_process: camera target set to character (state: 3)
[VERBATIM] DIAGNOSIS turning block executed
[DIAG] _turn_input = 0.0
[DIAG] _poll_controls: ENTER, state=3
[VERBATIM] POLL: _poll_controls() entered, game_state=3
[VERBATIM] POLL: checking deploy state=3 canopy=true
[AUDIT] poll_forensic_hud: ENTER
[DIAG] _physics_process: ENTER, state=3
[DIAG] _physics_process: camera target set to character (state: 3)
[VERBATIM] DIAGNOSIS turning block executed
[DIAG] _turn_input = 0.0
[DIAG] _poll_controls: ENTER, state=3
[VERBATIM] POLL: _poll_controls() entered, game_state=3
[VERBATIM] POLL: checking deploy state=3 canopy=true
[AUDIT] poll_forensic_hud: ENTER
[DIAG] _physics_process: ENTER, state=3
[DIAG] _physics_process: camera target set to character (state: 3)
[VERBATIM] DIAGNOSIS turning block executed
[DIAG] _turn_input = 0.0
[DIAG] _poll_controls: ENTER, state=3
[VERBATIM] POLL: _poll_controls() entered, game_state=3
[VERBATIM] POLL: checking deploy state=3 canopy=true
[AUDIT] poll_forensic_hud: ENTER
[DIAG] _physics_process: ENTER, state=3
[DIAG] _physics_process: camera target set to character (state: 3)
[VERBATIM] DIAGNOSIS turning block executed
[DIAG] _turn_input = 0.0
[DIAG] _poll_controls: ENTER, state=3
[VERBATIM] POLL: _poll_controls() entered, game_state=3
[VERBATIM] POLL: checking deploy state=3 canopy=true
[AUDIT] poll_forensic_hud: ENTER
[DIAG] _physics_process: ENTER, state=3
[DIAG] _physics_process: camera target set to character (state: 3)
[VERBATIM] DIAGNOSIS turning block executed
[DIAG] _turn_input = 0.0
[DIAG] _poll_controls: ENTER, state=3
[VERBATIM] POLL: _poll_controls() entered, game_state=3
[VERBATIM] POLL: checking deploy state=3 canopy=true
[AUDIT] poll_forensic_hud: ENTER
[DIAG] _physics_process: ENTER, state=3
[DIAG] _physics_process: camera target set to character (state: 3)
[VERBATIM] DIAGNOSIS turning block executed
[DIAG] _turn_input = 0.0
[DIAG] _poll_controls: ENTER, state=3
[VERBATIM] POLL: _poll_controls() entered, game_state=3
[VERBATIM] POLL: checking deploy state=3 canopy=true
[DEBUG] _input (build_terrain) called, event=InputEventMouseMotion: button_mask=0, position=((1015.0, 65.0)), relative=((-6.0, 0.0)), velocity=((17.2344, -8.617198)), pressure=0.00, tilt=((0.0, 0.0)), pen_inverted=(false)
[AUDIT] _input: ENTER
[AUDIT] _gui_input: ENTER
[AUDIT] poll_forensic_hud: ENTER
[DIAG] _physics_process: ENTER, state=3
[DIAG] _physics_process: camera target set to character (state: 3)
[VERBATIM] DIAGNOSIS turning block executed
[DIAG] _turn_input = 0.0
[DIAG] _poll_controls: ENTER, state=3
[VERBATIM] POLL: _poll_controls() entered, game_state=3
[VERBATIM] POLL: checking deploy state=3 canopy=true
[DEBUG] _input (build_terrain) called, event=InputEventMouseMotion: button_mask=0, position=((990.0, 78.0)), relative=((-25.0, 13.0)), velocity=((17.2344, -8.617198)), pressure=0.00, tilt=((0.0, 0.0)), pen_inverted=(false)
[AUDIT] _input: ENTER
[AUDIT] _gui_input: ENTER
[AUDIT] poll_forensic_hud: ENTER
[DIAG] _physics_process: ENTER, state=3
[DIAG] _physics_process: camera target set to character (state: 3)
[VERBATIM] DIAGNOSIS turning block executed
[DIAG] _turn_input = 0.0
[DIAG] _poll_controls: ENTER, state=3
[VERBATIM] POLL: _poll_controls() entered, game_state=3
[VERBATIM] POLL: checking deploy state=3 canopy=true
[DEBUG] _input (build_terrain) called, event=InputEventMouseMotion: button_mask=0, position=((961.0, 100.0)), relative=((-29.0, 22.0)), velocity=((17.2344, -8.617198)), pressure=0.00, tilt=((0.0, 0.0)), pen_inverted=(false)
[AUDIT] _input: ENTER
[AUDIT] _gui_input: ENTER
[AUDIT] poll_forensic_hud: ENTER
[DIAG] _physics_process: ENTER, state=3
[DIAG] _physics_process: camera target set to character (state: 3)
[VERBATIM] DIAGNOSIS turning block executed
[DIAG] _turn_input = 0.0
[DIAG] _poll_controls: ENTER, state=3
[VERBATIM] POLL: _poll_controls() entered, game_state=3
[VERBATIM] POLL: checking deploy state=3 canopy=true
[DEBUG] _input (build_terrain) called, event=InputEventMouseMotion: button_mask=0, position=((921.0, 138.0)), relative=((-40.0, 38.0)), velocity=((17.2344, -8.617198)), pressure=0.00, tilt=((0.0, 0.0)), pen_inverted=(false)
[AUDIT] _input: ENTER
[AUDIT] _gui_input: ENTER
[AUDIT] poll_forensic_hud: ENTER
[DIAG] _physics_process: ENTER, state=3
[DIAG] _physics_process: camera target set to character (state: 3)
[VERBATIM] DIAGNOSIS turning block executed
[DIAG] _turn_input = 0.0
[DIAG] _poll_controls: ENTER, state=3
[VERBATIM] POLL: _poll_controls() entered, game_state=3
[VERBATIM] POLL: checking deploy state=3 canopy=true
[DEBUG] _input (build_terrain) called, event=InputEventMouseMotion: button_mask=0, position=((893.0, 165.0)), relative=((-28.0, 27.0)), velocity=((17.2344, -8.617198)), pressure=0.00, tilt=((0.0, 0.0)), pen_inverted=(false)
[AUDIT] _input: ENTER
[AUDIT] _gui_input: ENTER
[AUDIT] poll_forensic_hud: ENTER
[DIAG] _physics_process: ENTER, state=3
[DIAG] _physics_process: camera target set to character (state: 3)
[GLIDE],12.9666666666669,0.0,0.0,0.0,0.0,11.0,0.0,-12.9226645092798,4.23076923076923,2.6,802.861206054688,156.663848876953,26.4
[VERBATIM] DIAGNOSIS turning block executed
[DIAG] _turn_input = 0.0
[DIAG] _poll_controls: ENTER, state=3
[VERBATIM] POLL: _poll_controls() entered, game_state=3
[VERBATIM] POLL: checking deploy state=3 canopy=true
[DEBUG] _input (build_terrain) called, event=InputEventMouseMotion: button_mask=0, position=((870.0, 194.0)), relative=((-23.0, 29.0)), velocity=((17.2344, -8.617198)), pressure=0.00, tilt=((0.0, 0.0)), pen_inverted=(false)
[AUDIT] _input: ENTER
[AUDIT] _gui_input: ENTER
[AUDIT] poll_forensic_hud: ENTER
[DIAG] _physics_process: ENTER, state=3
[DIAG] _physics_process: camera target set to character (state: 3)
[VERBATIM] DIAGNOSIS turning block executed
[DIAG] _turn_input = 0.0
[DIAG] _poll_controls: ENTER, state=3
[VERBATIM] POLL: _poll_controls() entered, game_state=3
[VERBATIM] POLL: checking deploy state=3 canopy=true
[DEBUG] _input (build_terrain) called, event=InputEventMouseMotion: button_mask=0, position=((859.0, 217.0)), relative=((-11.0, 23.0)), velocity=((17.2344, -8.617198)), pressure=0.00, tilt=((0.0, 0.0)), pen_inverted=(false)
[AUDIT] _input: ENTER
[AUDIT] _gui_input: ENTER
[AUDIT] poll_forensic_hud: ENTER
[DIAG] _physics_process: ENTER, state=3
[DIAG] _physics_process: camera target set to character (state: 3)
[VERBATIM] DIAGNOSIS turning block executed
[DIAG] _turn_input = 0.0
[DIAG] _poll_controls: ENTER, state=3
[VERBATIM] POLL: _poll_controls() entered, game_state=3
[VERBATIM] POLL: checking deploy state=3 canopy=true
[DEBUG] _input (build_terrain) called, event=InputEventMouseMotion: button_mask=0, position=((850.0, 239.0)), relative=((-9.0, 22.0)), velocity=((-1397.07, 1310.831)), pressure=0.00, tilt=((0.0, 0.0)), pen_inverted=(false)
[AUDIT] _input: ENTER
[AUDIT] _gui_input: ENTER
[AUDIT] poll_forensic_hud: ENTER
[DIAG] _physics_process: ENTER, state=3
[DIAG] _physics_process: camera target set to character (state: 3)
[VERBATIM] DIAGNOSIS turning block executed
[DIAG] _turn_input = 0.0
[DIAG] _poll_controls: ENTER, state=3
[VERBATIM] POLL: _poll_controls() entered, game_state=3
[VERBATIM] POLL: checking deploy state=3 canopy=true
[DEBUG] _input (build_terrain) called, event=InputEventMouseMotion: button_mask=0, position=((847.0, 244.0)), relative=((-3.0, 5.0)), velocity=((-1397.07, 1310.831)), pressure=0.00, tilt=((0.0, 0.0)), pen_inverted=(false)
[AUDIT] _input: ENTER
[AUDIT] _gui_input: ENTER
[AUDIT] poll_forensic_hud: ENTER
[DIAG] _physics_process: ENTER, state=3
[DIAG] _physics_process: camera target set to character (state: 3)
[VERBATIM] DIAGNOSIS turning block executed
[DIAG] _turn_input = 0.0
[DIAG] _poll_controls: ENTER, state=3
[VERBATIM] POLL: _poll_controls() entered, game_state=3
[VERBATIM] POLL: checking deploy state=3 canopy=true
[DEBUG] _input (build_terrain) called, event=InputEventMouseMotion: button_mask=0, position=((842.0, 253.0)), relative=((-5.0, 9.0)), velocity=((-1397.07, 1310.831)), pressure=0.00, tilt=((0.0, 0.0)), pen_inverted=(false)
[AUDIT] _input: ENTER
[AUDIT] _gui_input: ENTER
[AUDIT] poll_forensic_hud: ENTER
[DIAG] _physics_process: ENTER, state=3
[DIAG] _physics_process: camera target set to character (state: 3)
[VERBATIM] DIAGNOSIS turning block executed
[DIAG] _turn_input = 0.0
[DIAG] _poll_controls: ENTER, state=3
[VERBATIM] POLL: _poll_controls() entered, game_state=3
[VERBATIM] POLL: checking deploy state=3 canopy=true
[DEBUG] _input (build_terrain) called, event=InputEventMouseMotion: button_mask=0, position=((838.0, 257.0)), relative=((-4.0, 4.0)), velocity=((-1397.07, 1310.831)), pressure=0.00, tilt=((0.0, 0.0)), pen_inverted=(false)
[AUDIT] _input: ENTER
[AUDIT] _gui_input: ENTER
[AUDIT] poll_forensic_hud: ENTER
[DIAG] _physics_process: ENTER, state=3
[DIAG] _physics_process: camera target set to character (state: 3)
[VERBATIM] DIAGNOSIS turning block executed
[DIAG] _turn_input = 0.0
[DIAG] _poll_controls: ENTER, state=3
[VERBATIM] POLL: _poll_controls() entered, game_state=3
[VERBATIM] POLL: checking deploy state=3 canopy=true
[DEBUG] _input (build_terrain) called, event=InputEventMouseMotion: button_mask=0, position=((832.0, 259.0)), relative=((-6.0, 2.0)), velocity=((-1397.07, 1310.831)), pressure=0.00, tilt=((0.0, 0.0)), pen_inverted=(false)
[AUDIT] _input: ENTER
[AUDIT] _gui_input: ENTER
[AUDIT] poll_forensic_hud: ENTER
[DIAG] _physics_process: ENTER, state=3
[DIAG] _physics_process: camera target set to character (state: 3)
[VERBATIM] DIAGNOSIS turning block executed
[DIAG] _turn_input = 0.0
[DIAG] _poll_controls: ENTER, state=3
[VERBATIM] POLL: _poll_controls() entered, game_state=3
[VERBATIM] POLL: checking deploy state=3 canopy=true
[DEBUG] _input (build_terrain) called, event=InputEventMouseMotion: button_mask=0, position=((815.0, 260.0)), relative=((-17.0, 1.0)), velocity=((-1397.07, 1310.831)), pressure=0.00, tilt=((0.0, 0.0)), pen_inverted=(false)
[AUDIT] _input: ENTER
[AUDIT] _gui_input: ENTER
[AUDIT] poll_forensic_hud: ENTER
[DIAG] _physics_process: ENTER, state=3
[DIAG] _physics_process: camera target set to character (state: 3)
[VERBATIM] DIAGNOSIS turning block executed
[DIAG] _turn_input = 0.0
[DIAG] _poll_controls: ENTER, state=3
[VERBATIM] POLL: _poll_controls() entered, game_state=3
[VERBATIM] POLL: checking deploy state=3 canopy=true
[DEBUG] _input (build_terrain) called, event=InputEventMouseMotion: button_mask=0, position=((791.0, 259.0)), relative=((-24.0, -1.0)), velocity=((-1397.07, 1310.831)), pressure=0.00, tilt=((0.0, 0.0)), pen_inverted=(false)
[AUDIT] _input: ENTER
[AUDIT] _gui_input: ENTER
[AUDIT] poll_forensic_hud: ENTER
[DIAG] _physics_process: ENTER, state=3
[DIAG] _physics_process: camera target set to character (state: 3)
[VERBATIM] DIAGNOSIS turning block executed
[DIAG] _turn_input = 0.0
[DIAG] _poll_controls: ENTER, state=3
[VERBATIM] POLL: _poll_controls() entered, game_state=3
[VERBATIM] POLL: checking deploy state=3 canopy=true
[DEBUG] _input (build_terrain) called, event=InputEventMouseMotion: button_mask=0, position=((751.0, 249.0)), relative=((-40.0, -10.0)), velocity=((-585.8433, 361.8444)), pressure=0.00, tilt=((0.0, 0.0)), pen_inverted=(false)
[AUDIT] _input: ENTER
[AUDIT] _gui_input: ENTER
[AUDIT] poll_forensic_hud: ENTER
[DIAG] _physics_process: ENTER, state=3
[DIAG] _physics_process: camera target set to character (state: 3)
[VERBATIM] DIAGNOSIS turning block executed
[DIAG] _turn_input = 0.0
[AUDIT] _poll_fast: ENTER
[DIAG] _poll_controls: ENTER, state=3
[VERBATIM] POLL: _poll_controls() entered, game_state=3
[VERBATIM] POLL: checking deploy state=3 canopy=true
[DEBUG] _input (build_terrain) called, event=InputEventMouseMotion: button_mask=0, position=((707.0, 235.0)), relative=((-44.0, -14.0)), velocity=((-585.8433, 361.8444)), pressure=0.00, tilt=((0.0, 0.0)), pen_inverted=(false)
[AUDIT] _input: ENTER
[AUDIT] _gui_input: ENTER
[AUDIT] poll_forensic_hud: ENTER
[DIAG] _physics_process: ENTER, state=3
[DIAG] _physics_process: camera target set to character (state: 3)
[VERBATIM] DIAGNOSIS turning block executed
[DIAG] _turn_input = 0.0
[DIAG] _poll_controls: ENTER, state=3
[VERBATIM] POLL: _poll_controls() entered, game_state=3
[VERBATIM] POLL: checking deploy state=3 canopy=true
[DEBUG] _input (build_terrain) called, event=InputEventMouseMotion: button_mask=0, position=((665.0, 227.0)), relative=((-42.0, -8.0)), velocity=((-585.8433, 361.8444)), pressure=0.00, tilt=((0.0, 0.0)), pen_inverted=(false)
[AUDIT] _input: ENTER
[AUDIT] _gui_input: ENTER
[AUDIT] poll_forensic_hud: ENTER
[DIAG] _physics_process: ENTER, state=3
[DIAG] _physics_process: camera target set to character (state: 3)
[VERBATIM] DIAGNOSIS turning block executed
[DIAG] _turn_input = 0.0
[DIAG] _poll_controls: ENTER, state=3
[VERBATIM] POLL: _poll_controls() entered, game_state=3
[VERBATIM] POLL: checking deploy state=3 canopy=true
[DEBUG] _input (build_terrain) called, event=InputEventMouseMotion: button_mask=0, position=((626.0, 223.0)), relative=((-39.0, -4.0)), velocity=((-585.8433, 361.8444)), pressure=0.00, tilt=((0.0, 0.0)), pen_inverted=(false)
[AUDIT] _input: ENTER
[AUDIT] _gui_input: ENTER
[AUDIT] poll_forensic_hud: ENTER
[DIAG] _physics_process: ENTER, state=3
[DIAG] _physics_process: camera target set to character (state: 3)
[VERBATIM] DIAGNOSIS turning block executed
[DIAG] _turn_input = 0.0
[DIAG] _poll_controls: ENTER, state=3
[VERBATIM] POLL: _poll_controls() entered, game_state=3
[VERBATIM] POLL: checking deploy state=3 canopy=true
[DEBUG] _input (build_terrain) called, event=InputEventMouseMotion: button_mask=0, position=((595.0, 219.0)), relative=((-31.0, -4.0)), velocity=((-585.8433, 361.8444)), pressure=0.00, tilt=((0.0, 0.0)), pen_inverted=(false)
[AUDIT] _input: ENTER
[AUDIT] _gui_input: ENTER
[AUDIT] poll_forensic_hud: ENTER
[DIAG] _physics_process: ENTER, state=3
[DIAG] _physics_process: camera target set to character (state: 3)
[VERBATIM] DIAGNOSIS turning block executed
[DIAG] _turn_input = 0.0
[DIAG] _poll_controls: ENTER, state=3
[VERBATIM] POLL: _poll_controls() entered, game_state=3
[VERBATIM] POLL: checking deploy state=3 canopy=true
[DEBUG] _input (build_terrain) called, event=InputEventMouseMotion: button_mask=0, position=((581.0, 219.0)), relative=((-14.0, 0.0)), velocity=((-585.8433, 361.8444)), pressure=0.00, tilt=((0.0, 0.0)), pen_inverted=(false)
[AUDIT] _input: ENTER
[AUDIT] _gui_input: ENTER
[AUDIT] poll_forensic_hud: ENTER
[DIAG] _physics_process: ENTER, state=3
[DIAG] _physics_process: camera target set to character (state: 3)
[VERBATIM] DIAGNOSIS turning block executed
[DIAG] _turn_input = 0.0
[DIAG] _poll_controls: ENTER, state=3
[VERBATIM] POLL: _poll_controls() entered, game_state=3
[VERBATIM] POLL: checking deploy state=3 canopy=true
[DEBUG] _input (build_terrain) called, event=InputEventMouseMotion: button_mask=0, position=((575.0, 219.0)), relative=((-6.0, 0.0)), velocity=((-585.8433, 361.8444)), pressure=0.00, tilt=((0.0, 0.0)), pen_inverted=(false)
[AUDIT] _input: ENTER
[AUDIT] _gui_input: ENTER
[AUDIT] poll_forensic_hud: ENTER
[DIAG] _physics_process: ENTER, state=3
[DIAG] _physics_process: camera target set to character (state: 3)
[VERBATIM] DIAGNOSIS turning block executed
[DIAG] _turn_input = 0.0
[DIAG] _poll_controls: ENTER, state=3
[VERBATIM] POLL: _poll_controls() entered, game_state=3
[VERBATIM] POLL: checking deploy state=3 canopy=true
[DEBUG] _input (build_terrain) called, event=InputEventMouseMotion: button_mask=0, position=((572.0, 218.0)), relative=((-3.0, -1.0)), velocity=((-1857.857, -344.0475)), pressure=0.00, tilt=((0.0, 0.0)), pen_inverted=(false)
[AUDIT] _input: ENTER
[AUDIT] _gui_input: ENTER
[AUDIT] poll_forensic_hud: ENTER
[DIAG] _physics_process: ENTER, state=3
[DIAG] _physics_process: camera target set to character (state: 3)
[VERBATIM] DIAGNOSIS turning block executed
[DIAG] _turn_input = 0.0
[DIAG] _poll_controls: ENTER, state=3
[VERBATIM] POLL: _poll_controls() entered, game_state=3
[VERBATIM] POLL: checking deploy state=3 canopy=true
[DEBUG] _input (build_terrain) called, event=InputEventMouseMotion: button_mask=0, position=((571.0, 218.0)), relative=((-1.0, 0.0)), velocity=((-1857.857, -344.0475)), pressure=0.00, tilt=((0.0, 0.0)), pen_inverted=(false)
[AUDIT] _input: ENTER
[AUDIT] _gui_input: ENTER
[AUDIT] poll_forensic_hud: ENTER
[DIAG] _physics_process: ENTER, state=3
[DIAG] _physics_process: camera target set to character (state: 3)
[VERBATIM] DIAGNOSIS turning block executed
[DIAG] _turn_input = 0.0
[DIAG] _poll_controls: ENTER, state=3
[VERBATIM] POLL: _poll_controls() entered, game_state=3
[VERBATIM] POLL: checking deploy state=3 canopy=true
[DEBUG] _input (build_terrain) called, event=InputEventMouseMotion: button_mask=0, position=((567.0, 218.0)), relative=((-4.0, 0.0)), velocity=((-1857.857, -344.0475)), pressure=0.00, tilt=((0.0, 0.0)), pen_inverted=(false)
[AUDIT] _input: ENTER
[AUDIT] _gui_input: ENTER
[AUDIT] poll_forensic_hud: ENTER
[DIAG] _physics_process: ENTER, state=3
[DIAG] _physics_process: camera target set to character (state: 3)
[VERBATIM] DIAGNOSIS turning block executed
[DIAG] _turn_input = 0.0
[DIAG] _poll_controls: ENTER, state=3
[VERBATIM] POLL: _poll_controls() entered, game_state=3
[VERBATIM] POLL: checking deploy state=3 canopy=true
[DEBUG] _input (build_terrain) called, event=InputEventMouseMotion: button_mask=0, position=((553.0, 218.0)), relative=((-14.0, 0.0)), velocity=((-1857.857, -344.0475)), pressure=0.00, tilt=((0.0, 0.0)), pen_inverted=(false)
[AUDIT] _input: ENTER
[AUDIT] _gui_input: ENTER
[AUDIT] poll_forensic_hud: ENTER
[DIAG] _physics_process: ENTER, state=3
[DIAG] _physics_process: camera target set to character (state: 3)
[VERBATIM] DIAGNOSIS turning block executed
[DIAG] _turn_input = 0.0
[DIAG] _poll_controls: ENTER, state=3
[VERBATIM] POLL: _poll_controls() entered, game_state=3
[VERBATIM] POLL: checking deploy state=3 canopy=true
[DEBUG] _input (build_terrain) called, event=InputEventMouseMotion: button_mask=0, position=((530.0, 212.0)), relative=((-23.0, -6.0)), velocity=((-1857.857, -344.0475)), pressure=0.00, tilt=((0.0, 0.0)), pen_inverted=(false)
[AUDIT] _input: ENTER
[AUDIT] _gui_input: ENTER
[AUDIT] poll_forensic_hud: ENTER
[DIAG] _physics_process: ENTER, state=3
[DIAG] _physics_process: camera target set to character (state: 3)
[VERBATIM] DIAGNOSIS turning block executed
[DIAG] _turn_input = 0.0
[DIAG] _poll_controls: ENTER, state=3
[VERBATIM] POLL: _poll_controls() entered, game_state=3
[VERBATIM] POLL: checking deploy state=3 canopy=true
[DEBUG] _input (build_terrain) called, event=InputEventMouseMotion: button_mask=0, position=((507.0, 207.0)), relative=((-23.0, -5.0)), velocity=((-1857.857, -344.0475)), pressure=0.00, tilt=((0.0, 0.0)), pen_inverted=(false)
[AUDIT] _input: ENTER
[AUDIT] _gui_input: ENTER
[AUDIT] poll_forensic_hud: ENTER
[DIAG] _physics_process: ENTER, state=3
[DIAG] _physics_process: camera target set to character (state: 3)
[VERBATIM] DIAGNOSIS turning block executed
[DIAG] _turn_input = 0.0
[DIAG] _poll_controls: ENTER, state=3
[VERBATIM] POLL: _poll_controls() entered, game_state=3
[VERBATIM] POLL: checking deploy state=3 canopy=true
[DEBUG] _input (build_terrain) called, event=InputEventMouseMotion: button_mask=0, position=((497.0, 204.0)), relative=((-10.0, -3.0)), velocity=((-1857.857, -344.0475)), pressure=0.00, tilt=((0.0, 0.0)), pen_inverted=(false)
[AUDIT] _input: ENTER
[AUDIT] _gui_input: ENTER
[AUDIT] poll_forensic_hud: ENTER
[DIAG] _physics_process: ENTER, state=3
[DIAG] _physics_process: camera target set to character (state: 3)
[VERBATIM] DIAGNOSIS turning block executed
[DIAG] _turn_input = 0.0
[DIAG] _poll_controls: ENTER, state=3
[VERBATIM] POLL: _poll_controls() entered, game_state=3
[VERBATIM] POLL: checking deploy state=3 canopy=true
[DEBUG] _input (build_terrain) called, event=InputEventMouseMotion: button_mask=0, position=((496.0, 204.0)), relative=((-1.0, 0.0)), velocity=((-674.8397, -129.7769)), pressure=0.00, tilt=((0.0, 0.0)), pen_inverted=(false)
[AUDIT] _input: ENTER
[AUDIT] _gui_input: ENTER
[AUDIT] poll_forensic_hud: ENTER
[DIAG] _physics_process: ENTER, state=3
[DIAG] _physics_process: camera target set to character (state: 3)
[VERBATIM] DIAGNOSIS turning block executed
[DIAG] _turn_input = 0.0
[DIAG] _poll_controls: ENTER, state=3
[VERBATIM] POLL: _poll_controls() entered, game_state=3
[VERBATIM] POLL: checking deploy state=3 canopy=true
[AUDIT] poll_forensic_hud: ENTER
[DIAG] _physics_process: ENTER, state=3
[DIAG] _physics_process: camera target set to character (state: 3)
[VERBATIM] DIAGNOSIS turning block executed
[DIAG] _turn_input = 0.0
[DIAG] _poll_controls: ENTER, state=3
[VERBATIM] POLL: _poll_controls() entered, game_state=3
[VERBATIM] POLL: checking deploy state=3 canopy=true
[AUDIT] poll_forensic_hud: ENTER
[DIAG] _physics_process: ENTER, state=3
[DIAG] _physics_process: camera target set to character (state: 3)
[VERBATIM] DIAGNOSIS turning block executed
[DIAG] _turn_input = 0.0
[DIAG] _poll_controls: ENTER, state=3
[VERBATIM] POLL: _poll_controls() entered, game_state=3
[VERBATIM] POLL: checking deploy state=3 canopy=true
[AUDIT] poll_forensic_hud: ENTER
[DIAG] _physics_process: ENTER, state=3
[DIAG] _physics_process: camera target set to character (state: 3)
[VERBATIM] DIAGNOSIS turning block executed
[DIAG] _turn_input = 0.0
[DIAG] _poll_controls: ENTER, state=3
[VERBATIM] POLL: _poll_controls() entered, game_state=3
[VERBATIM] POLL: checking deploy state=3 canopy=true
[AUDIT] poll_forensic_hud: ENTER
[DIAG] _physics_process: ENTER, state=3
[DIAG] _physics_process: camera target set to character (state: 3)
[VERBATIM] DIAGNOSIS turning block executed
[DIAG] _turn_input = 0.0
[DIAG] _poll_controls: ENTER, state=3
[VERBATIM] POLL: _poll_controls() entered, game_state=3
[VERBATIM] POLL: checking deploy state=3 canopy=true
[AUDIT] poll_forensic_hud: ENTER
[DIAG] _physics_process: ENTER, state=3
[DIAG] _physics_process: camera target set to character (state: 3)
[VERBATIM] DIAGNOSIS turning block executed
[DIAG] _turn_input = 0.0
[DIAG] _poll_controls: ENTER, state=3
[VERBATIM] POLL: _poll_controls() entered, game_state=3
[VERBATIM] POLL: checking deploy state=3 canopy=true
[AUDIT] poll_forensic_hud: ENTER
[DIAG] _physics_process: ENTER, state=3
[DIAG] _physics_process: camera target set to character (state: 3)
[GLIDE],13.4666666666669,0.0,0.0,0.0,0.0,11.0,0.0,-12.9226645092798,4.23076923076923,2.6,801.630737304688,162.024719238281,26.4
[VERBATIM] DIAGNOSIS turning block executed
[DIAG] _turn_input = 0.0
[DIAG] _poll_controls: ENTER, state=3
[VERBATIM] POLL: _poll_controls() entered, game_state=3
[VERBATIM] POLL: checking deploy state=3 canopy=true
[AUDIT] poll_forensic_hud: ENTER
[DIAG] _physics_process: ENTER, state=3
[DIAG] _physics_process: camera target set to character (state: 3)
[VERBATIM] DIAGNOSIS turning block executed
[DIAG] _turn_input = 0.0
[DIAG] _poll_controls: ENTER, state=3
[VERBATIM] POLL: _poll_controls() entered, game_state=3
[VERBATIM] POLL: checking deploy state=3 canopy=true
[AUDIT] poll_forensic_hud: ENTER
[DIAG] _physics_process: ENTER, state=3
[DIAG] _physics_process: camera target set to character (state: 3)
[VERBATIM] DIAGNOSIS turning block executed
[DIAG] _turn_input = 0.0
[DIAG] _poll_controls: ENTER, state=3
[VERBATIM] POLL: _poll_controls() entered, game_state=3
[VERBATIM] POLL: checking deploy state=3 canopy=true
[AUDIT] poll_forensic_hud: ENTER
[DIAG] _physics_process: ENTER, state=3
[DIAG] _physics_process: camera target set to character (state: 3)
[VERBATIM] DIAGNOSIS turning block executed
[DIAG] _turn_input = 0.0
[DIAG] _poll_controls: ENTER, state=3
[VERBATIM] POLL: _poll_controls() entered, game_state=3
[VERBATIM] POLL: checking deploy state=3 canopy=true
[AUDIT] poll_forensic_hud: ENTER
[DIAG] _physics_process: ENTER, state=3
[DIAG] _physics_process: camera target set to character (state: 3)
[VERBATIM] DIAGNOSIS turning block executed
[DIAG] _turn_input = 0.0
[DIAG] _poll_controls: ENTER, state=3
[VERBATIM] POLL: _poll_controls() entered, game_state=3
[VERBATIM] POLL: checking deploy state=3 canopy=true
[AUDIT] poll_forensic_hud: ENTER
[DIAG] _physics_process: ENTER, state=3
[DIAG] _physics_process: camera target set to character (state: 3)
[VERBATIM] DIAGNOSIS turning block executed
[DIAG] _turn_input = 0.0
[DIAG] _poll_controls: ENTER, state=3
[VERBATIM] POLL: _poll_controls() entered, game_state=3
[VERBATIM] POLL: checking deploy state=3 canopy=true
[AUDIT] poll_forensic_hud: ENTER
[DIAG] _physics_process: ENTER, state=3
[DIAG] _physics_process: camera target set to character (state: 3)
[VERBATIM] DIAGNOSIS turning block executed
[DIAG] _turn_input = 0.0
[DIAG] _poll_controls: ENTER, state=3
[VERBATIM] POLL: _poll_controls() entered, game_state=3
[VERBATIM] POLL: checking deploy state=3 canopy=true
[AUDIT] poll_forensic_hud: ENTER
[DIAG] _physics_process: ENTER, state=3
[DIAG] _physics_process: camera target set to character (state: 3)
[VERBATIM] DIAGNOSIS turning block executed
[DIAG] _turn_input = 0.0
[DIAG] _poll_controls: ENTER, state=3
[VERBATIM] POLL: _poll_controls() entered, game_state=3
[VERBATIM] POLL: checking deploy state=3 canopy=true
[DEBUG] _input (build_terrain) called, event=InputEventMouseMotion: button_mask=0, position=((495.0, 203.0)), relative=((-1.0, -1.0)), velocity=((-4.30808, 0.0)), pressure=0.00, tilt=((0.0, 0.0)), pen_inverted=(false)
[AUDIT] _input: ENTER
[AUDIT] _gui_input: ENTER
[AUDIT] poll_forensic_hud: ENTER
[DIAG] _physics_process: ENTER, state=3
[DIAG] _physics_process: camera target set to character (state: 3)
[VERBATIM] DIAGNOSIS turning block executed
[DIAG] _turn_input = 0.0
[DIAG] _poll_controls: ENTER, state=3
[VERBATIM] POLL: _poll_controls() entered, game_state=3
[VERBATIM] POLL: checking deploy state=3 canopy=true
[DEBUG] _input (build_terrain) called, event=InputEventMouseMotion: button_mask=0, position=((497.0, 200.0)), relative=((2.0, -3.0)), velocity=((-4.30808, 0.0)), pressure=0.00, tilt=((0.0, 0.0)), pen_inverted=(false)
[AUDIT] _input: ENTER
[AUDIT] _gui_input: ENTER
[AUDIT] poll_forensic_hud: ENTER
[DIAG] _physics_process: ENTER, state=3
[DIAG] _physics_process: camera target set to character (state: 3)
[VERBATIM] DIAGNOSIS turning block executed
[DIAG] _turn_input = 0.0
[DIAG] _poll_controls: ENTER, state=3
[VERBATIM] POLL: _poll_controls() entered, game_state=3
[VERBATIM] POLL: checking deploy state=3 canopy=true
[AUDIT] poll_forensic_hud: ENTER
[DIAG] _physics_process: ENTER, state=3
[DIAG] _physics_process: camera target set to character (state: 3)
[VERBATIM] DIAGNOSIS turning block executed
[DIAG] _turn_input = 0.0
[DIAG] _poll_controls: ENTER, state=3
[VERBATIM] POLL: _poll_controls() entered, game_state=3
[VERBATIM] POLL: checking deploy state=3 canopy=true
[DEBUG] _input (build_terrain) called, event=InputEventMouseMotion: button_mask=0, position=((500.0, 199.0)), relative=((3.0, -1.0)), velocity=((-4.30808, 0.0)), pressure=0.00, tilt=((0.0, 0.0)), pen_inverted=(false)
[AUDIT] _input: ENTER
[AUDIT] _gui_input: ENTER
[AUDIT] poll_forensic_hud: ENTER
[DIAG] _physics_process: ENTER, state=3
[DIAG] _physics_process: camera target set to character (state: 3)
[VERBATIM] DIAGNOSIS turning block executed
[DIAG] _turn_input = 0.0
[DIAG] _poll_controls: ENTER, state=3
[VERBATIM] POLL: _poll_controls() entered, game_state=3
[VERBATIM] POLL: checking deploy state=3 canopy=true
[DEBUG] _input (build_terrain) called, event=InputEventMouseMotion: button_mask=0, position=((501.0, 199.0)), relative=((1.0, 0.0)), velocity=((-4.30808, 0.0)), pressure=0.00, tilt=((0.0, 0.0)), pen_inverted=(false)
[AUDIT] _input: ENTER
[AUDIT] _gui_input: ENTER
[AUDIT] poll_forensic_hud: ENTER
[DIAG] _physics_process: ENTER, state=3
[DIAG] _physics_process: camera target set to character (state: 3)
[VERBATIM] DIAGNOSIS turning block executed
[DIAG] _turn_input = 0.0
[DIAG] _poll_controls: ENTER, state=3
[VERBATIM] POLL: _poll_controls() entered, game_state=3
[VERBATIM] POLL: checking deploy state=3 canopy=true
[DEBUG] _input (build_terrain) called, event=InputEventMouseMotion: button_mask=0, position=((503.0, 199.0)), relative=((2.0, 0.0)), velocity=((-4.30808, 0.0)), pressure=0.00, tilt=((0.0, 0.0)), pen_inverted=(false)
[AUDIT] _input: ENTER
[AUDIT] _gui_input: ENTER
[AUDIT] poll_forensic_hud: ENTER
[DIAG] _physics_process: ENTER, state=3
[DIAG] _physics_process: camera target set to character (state: 3)
[VERBATIM] DIAGNOSIS turning block executed
[DIAG] _turn_input = 0.0
[DIAG] _poll_controls: ENTER, state=3
[VERBATIM] POLL: _poll_controls() entered, game_state=3
[VERBATIM] POLL: checking deploy state=3 canopy=true
[DEBUG] _input (build_terrain) called, event=InputEventMouseMotion: button_mask=0, position=((505.0, 199.0)), relative=((2.0, 0.0)), velocity=((-4.30808, 0.0)), pressure=0.00, tilt=((0.0, 0.0)), pen_inverted=(false)
[AUDIT] _input: ENTER
[AUDIT] _gui_input: ENTER
[AUDIT] poll_forensic_hud: ENTER
[DIAG] _physics_process: ENTER, state=3
[DIAG] _physics_process: camera target set to character (state: 3)
[VERBATIM] DIAGNOSIS turning block executed
[DIAG] _turn_input = 0.0
[DIAG] _poll_controls: ENTER, state=3
[VERBATIM] POLL: _poll_controls() entered, game_state=3
[VERBATIM] POLL: checking deploy state=3 canopy=true
[DEBUG] _input (build_terrain) called, event=InputEventMouseMotion: button_mask=0, position=((506.0, 199.0)), relative=((1.0, 0.0)), velocity=((77.63373, -43.12985)), pressure=0.00, tilt=((0.0, 0.0)), pen_inverted=(false)
[AUDIT] _input: ENTER
[AUDIT] _gui_input: ENTER
[AUDIT] poll_forensic_hud: ENTER
[DIAG] _physics_process: ENTER, state=3
[DIAG] _physics_process: camera target set to character (state: 3)
[VERBATIM] DIAGNOSIS turning block executed
[DIAG] _turn_input = 0.0
[DIAG] _poll_controls: ENTER, state=3
[VERBATIM] POLL: _poll_controls() entered, game_state=3
[VERBATIM] POLL: checking deploy state=3 canopy=true
[DEBUG] _input (build_terrain) called, event=InputEventMouseMotion: button_mask=0, position=((508.0, 199.0)), relative=((2.0, 0.0)), velocity=((77.63373, -43.12985)), pressure=0.00, tilt=((0.0, 0.0)), pen_inverted=(false)
[AUDIT] _input: ENTER
[AUDIT] _gui_input: ENTER
[AUDIT] poll_forensic_hud: ENTER
[DIAG] _physics_process: ENTER, state=3
[DIAG] _physics_process: camera target set to character (state: 3)
[VERBATIM] DIAGNOSIS turning block executed
[DIAG] _turn_input = 0.0
[DIAG] _poll_controls: ENTER, state=3
[VERBATIM] POLL: _poll_controls() entered, game_state=3
[VERBATIM] POLL: checking deploy state=3 canopy=true
[VERBATIM] Wind updated: 12.5 kts @ 240.0°
[DEBUG] _input (build_terrain) called, event=InputEventMouseMotion: button_mask=0, position=((511.0, 199.0)), relative=((3.0, 0.0)), velocity=((77.63373, -43.12985)), pressure=0.00, tilt=((0.0, 0.0)), pen_inverted=(false)
[AUDIT] _input: ENTER
[AUDIT] _gui_input: ENTER
[AUDIT] poll_forensic_hud: ENTER
[DIAG] _physics_process: ENTER, state=3
[DIAG] _physics_process: camera target set to character (state: 3)
[VERBATIM] DIAGNOSIS turning block executed
[DIAG] _turn_input = 0.0
[DIAG] _poll_controls: ENTER, state=3
[VERBATIM] POLL: _poll_controls() entered, game_state=3
[VERBATIM] POLL: checking deploy state=3 canopy=true
[DEBUG] _input (build_terrain) called, event=InputEventMouseMotion: button_mask=0, position=((513.0, 201.0)), relative=((2.0, 2.0)), velocity=((77.63373, -43.12985)), pressure=0.00, tilt=((0.0, 0.0)), pen_inverted=(false)
[AUDIT] _input: ENTER
[AUDIT] _gui_input: ENTER
[AUDIT] poll_forensic_hud: ENTER
[DIAG] _physics_process: ENTER, state=3
[DIAG] _physics_process: camera target set to character (state: 3)
[VERBATIM] DIAGNOSIS turning block executed
[DIAG] _turn_input = 0.0
[DIAG] _poll_controls: ENTER, state=3
[VERBATIM] POLL: _poll_controls() entered, game_state=3
[VERBATIM] POLL: checking deploy state=3 canopy=true
[DEBUG] _input (build_terrain) called, event=InputEventMouseMotion: button_mask=0, position=((516.0, 202.0)), relative=((3.0, 1.0)), velocity=((77.63373, -43.12985)), pressure=0.00, tilt=((0.0, 0.0)), pen_inverted=(false)
[AUDIT] _input: ENTER
[AUDIT] _gui_input: ENTER
[AUDIT] poll_forensic_hud: ENTER
[DIAG] _physics_process: ENTER, state=3
[DIAG] _physics_process: camera target set to character (state: 3)
[VERBATIM] DIAGNOSIS turning block executed
[DIAG] _turn_input = 0.0
[DIAG] _poll_controls: ENTER, state=3
[VERBATIM] POLL: _poll_controls() entered, game_state=3
[VERBATIM] POLL: checking deploy state=3 canopy=true
[DEBUG] _input (build_terrain) called, event=InputEventMouseMotion: button_mask=0, position=((517.0, 203.0)), relative=((1.0, 1.0)), velocity=((77.63373, -43.12985)), pressure=0.00, tilt=((0.0, 0.0)), pen_inverted=(false)
[AUDIT] _input: ENTER
[AUDIT] _gui_input: ENTER
[AUDIT] poll_forensic_hud: ENTER
[DIAG] _physics_process: ENTER, state=3
[DIAG] _physics_process: camera target set to character (state: 3)
[VERBATIM] DIAGNOSIS turning block executed
[DIAG] _turn_input = 0.0
[DIAG] _poll_controls: ENTER, state=3
[VERBATIM] POLL: _poll_controls() entered, game_state=3
[VERBATIM] POLL: checking deploy state=3 canopy=true
[AUDIT] poll_forensic_hud: ENTER
[DIAG] _physics_process: ENTER, state=3
[DIAG] _physics_process: camera target set to character (state: 3)
[VERBATIM] DIAGNOSIS turning block executed
[DIAG] _turn_input = 0.0
[DIAG] _poll_controls: ENTER, state=3
[VERBATIM] POLL: _poll_controls() entered, game_state=3
[VERBATIM] POLL: checking deploy state=3 canopy=true
[AUDIT] poll_forensic_hud: ENTER
[DIAG] _physics_process: ENTER, state=3
[DIAG] _physics_process: camera target set to character (state: 3)
[VERBATIM] DIAGNOSIS turning block executed
[DIAG] _turn_input = 0.0
[DIAG] _poll_controls: ENTER, state=3
[VERBATIM] POLL: _poll_controls() entered, game_state=3
[VERBATIM] POLL: checking deploy state=3 canopy=true
[AUDIT] poll_forensic_hud: ENTER
[PIPLIVE] eye=(800.7284, 1787.041, 165.956) state=3 deployed=true framing=canopy
[DIAG] _physics_process: ENTER, state=3
[DIAG] _physics_process: camera target set to character (state: 3)
[VERBATIM] DIAGNOSIS turning block executed
[DIAG] _turn_input = 0.0
[DIAG] _poll_controls: ENTER, state=3
[VERBATIM] POLL: _poll_controls() entered, game_state=3
[VERBATIM] POLL: checking deploy state=3 canopy=true
[AUDIT] poll_forensic_hud: ENTER
[DIAG] _physics_process: ENTER, state=3
[DIAG] _physics_process: camera target set to character (state: 3)
[VERBATIM] DIAGNOSIS turning block executed
[DIAG] _turn_input = 0.0
[DIAG] _poll_controls: ENTER, state=3
[VERBATIM] POLL: _poll_controls() entered, game_state=3
[VERBATIM] POLL: checking deploy state=3 canopy=true
[AUDIT] poll_forensic_hud: ENTER
[DIAG] _physics_process: ENTER, state=3
[DIAG] _physics_process: camera target set to character (state: 3)
[VERBATIM] DIAGNOSIS turning block executed
[DIAG] _turn_input = 0.0
[DIAG] _poll_controls: ENTER, state=3
[VERBATIM] POLL: _poll_controls() entered, game_state=3
[VERBATIM] POLL: checking deploy state=3 canopy=true
[AUDIT] poll_forensic_hud: ENTER
[DIAG] _physics_process: ENTER, state=3
[DIAG] _physics_process: camera target set to character (state: 3)
[VERBATIM] DIAGNOSIS turning block executed
[DIAG] _turn_input = 0.0
[DIAG] _poll_controls: ENTER, state=3
[VERBATIM] POLL: _poll_controls() entered, game_state=3
[VERBATIM] POLL: checking deploy state=3 canopy=true
[AUDIT] poll_forensic_hud: ENTER
[DIAG] _physics_process: ENTER, state=3
[DIAG] _physics_process: camera target set to character (state: 3)
[VERBATIM] DIAGNOSIS turning block executed
[DIAG] _turn_input = 0.0
[DIAG] _poll_controls: ENTER, state=3
[VERBATIM] POLL: _poll_controls() entered, game_state=3
[VERBATIM] POLL: checking deploy state=3 canopy=true
[AUDIT] poll_forensic_hud: ENTER
[DIAG] _physics_process: ENTER, state=3
[DIAG] _physics_process: camera target set to character (state: 3)
[VERBATIM] DIAGNOSIS turning block executed
[DIAG] _turn_input = 0.0
[DIAG] _poll_controls: ENTER, state=3
[VERBATIM] POLL: _poll_controls() entered, game_state=3
[VERBATIM] POLL: checking deploy state=3 canopy=true
[AUDIT] poll_forensic_hud: ENTER
[DIAG] _physics_process: ENTER, state=3
[DIAG] _physics_process: camera target set to character (state: 3)
[VERBATIM] DIAGNOSIS turning block executed
[DIAG] _turn_input = 0.0
[DIAG] _poll_controls: ENTER, state=3
[VERBATIM] POLL: _poll_controls() entered, game_state=3
[VERBATIM] POLL: checking deploy state=3 canopy=true
[AUDIT] poll_forensic_hud: ENTER
[DIAG] _physics_process: ENTER, state=3
[DIAG] _physics_process: camera target set to character (state: 3)
[GLIDE],13.9666666666669,0.0,0.0,0.0,0.0,11.0,0.0,-12.9226645092798,4.23076923076923,2.6,800.400268554688,167.385589599609,26.4
[VERBATIM] DIAGNOSIS turning block executed
[DIAG] _turn_input = 0.0
[DIAG] _poll_controls: ENTER, state=3
[VERBATIM] POLL: _poll_controls() entered, game_state=3
[VERBATIM] POLL: checking deploy state=3 canopy=true
[DEBUG] _input (build_terrain) called, event=InputEventKey: keycode=81 (Q), mods=none, physical=false, location=unspecified, pressed=true, echo=false
[VERBATIM] INPUT: action=turn_left (Q)
[AUDIT] _input: ENTER
2026-08-04T14:42:55 [INFO] InputManager ready
2026-08-04T14:42:55 [INFO] InputMap.has_action('restart') = true
[INPUT] unhandled_input triggered
2026-08-04T14:42:55 [INFO] InputManager: key=Q code=81
[AUDIT] poll_forensic_hud: ENTER
[ARMTEL],14.2500000000003,L,true,0.01666666666667,5.04791666666667,0.0,0.0,5.04791666666667,0.08413194444444,0.00140219907407,0.13320892895709,-2.0,20.0000085715136,0.01666666666667
[CTRL] pressed=turnleft  key=Q  state=3  deployed=true  alt_m=1784.8
[DIAG] _physics_process: ENTER, state=3
[DIAG] _physics_process: camera target set to character (state: 3)
[VERBATIM] DIAGNOSIS turning block executed
[DIAG] _turn_input = -0.5
[DIAG] _poll_controls: ENTER, state=3
[VERBATIM] POLL: _poll_controls() entered, game_state=3
[VERBATIM] POLL: checking deploy state=3 canopy=true
[VERBATIM] POLL: turnleft pressed - left turn
[VERBATIM] ENTER _rotate_arm gate=left=true
[VERBATIM] EXIT _rotate_arm ok=true shim=physics_driven idx=8
[VERBATIM] ENTER _rotate_arm gate=left=true
[VERBATIM] EXIT _rotate_arm ok=true shim=physics_driven idx=8
[AUDIT] poll_forensic_hud: ENTER
[ARMTEL],14.266666666667,L,true,0.01666666666667,5.09583333333333,0.01121759259259,0.29446180555556,4.79015393518518,0.1639678433642,0.00413499646348,0.39282471392652,-2.0,20.0000085715136,0.03333333333333
[DIAG] _physics_process: ENTER, state=3
[DIAG] _physics_process: camera target set to character (state: 3)
[GLIDE],14.0000000000003,0.00413499646348,0.0,0.00206749823174,-0.00413499646348,10.9836254140046,0.27225836704874,-12.9165873959798,4.22448106299592,2.59999399931391,800.318420410156,167.742614746094,26.4
[VERBATIM] DIAGNOSIS turning block executed
[DIAG] _turn_input = -0.5
[AUDIT] poll_forensic_hud: ENTER
[ARMTEL],14.2833333333336,L,true,0.01666666666667,5.14375,0.03307997170782,0.57388745177469,4.53678257651749,0.23958088630616,0.00812801123525,0.77216116542751,-2.0,20.0000085715136,0.05
[DIAG] _physics_process: ENTER, state=3
[DIAG] _physics_process: camera target set to character (state: 3)
[GLIDE],14.0166666666669,0.00812801123525,0.0,0.00406400561762,-0.00812801123525,10.9678130755084,0.5347940748619,-12.9076741613987,4.21842736155939,2.59997675329274,800.277587890625,167.920791625977,26.4
[VERBATIM] DIAGNOSIS turning block executed
[DIAG] _turn_input = -0.5
[AUDIT] poll_forensic_hud: ENTER
[ARMTEL],14.3000000000003,L,true,0.01666666666667,5.19166666666667,0.06502408988197,0.83853310207154,4.28810947471315,0.31104937755137,0.01331216752777,1.26465607577337,-2.0,20.0000085715136,0.06666666666667
[DIAG] _physics_process: ENTER, state=3
[DIAG] _physics_process: camera target set to character (state: 3)
[GLIDE],14.0333333333336,0.01331216752777,0.0,0.00665608376388,-0.01331216752777,10.94728381659,0.8750972552239,-12.893089207145,4.21059510696521,2.5999374289114,800.236877441406,168.098648071289,26.4
[VERBATIM] DIAGNOSIS turning block executed
[DIAG] _turn_input = -0.5
[AUDIT] poll_forensic_hud: ENTER
[ARMTEL],14.316666666667,L,true,0.01666666666667,5.23958333333333,0.10649734022216,1.08867282142981,4.04441317168136,0.37845626374606,0.01961977192354,1.8638785694839,-2.0,20.0000085715136,0.08333333333333
[DIAG] _physics_process: ENTER, state=3
[DIAG] _physics_process: camera target set to character (state: 3)
[GLIDE],14.0500000000003,0.01961977192354,0.0,0.00980988596177,-0.01961977192354,10.9223057031828,1.28831104085349,-12.8716173564641,4.20110733486103,2.59986351992221,800.196350097656,168.276107788086,26.4
[VERBATIM] DIAGNOSIS turning block executed
[DIAG] _turn_input = -0.5
[AUDIT] poll_forensic_hud: ENTER
[ARMTEL],14.3333333333336,L,true,0.01666666666667,5.2875,0.1569581753883,1.32459692311122,3.80594490150048,0.44188867877107,0.02698458323639,2.56353573307447,-2.0,20.0000085715136,0.1
[DIAG] _physics_process: ENTER, state=3
[DIAG] _physics_process: camera target set to character (state: 3)
[GLIDE],14.0666666666669,0.02698458323639,0.0,0.01349229161819,-0.02698458323639,10.8931410503839,1.7696218023276,-12.8421236597586,4.19008772573596,2.59974056950576,800.156005859375,168.453125,26.4
[VERBATIM] DIAGNOSIS turning block executed
[DIAG] _turn_input = -0.5
[DIAG] _poll_controls: ENTER, state=3
[VERBATIM] POLL: _poll_controls() entered, game_state=3
[VERBATIM] POLL: checking deploy state=3 canopy=true
[VERBATIM] POLL: turnleft pressed - left turn
[AUDIT] poll_forensic_hud: ENTER
[ARMTEL],14.3500000000003,L,true,0.01666666666667,5.33541666666667,0.21587666589111,1.54661037569875,3.57292962507681,0.50143750585569,0.03534187500065,3.35747855152507,-2.0,20.0000085715136,0.11666666666667
[DIAG] _physics_process: ENTER, state=3
[DIAG] _physics_process: camera target set to character (state: 3)
[GLIDE],14.0833333333336,0.03534187500065,0.0,0.01767093750032,-0.03534187500065,10.8600461749974,2.3142788255408,-12.8035523459996,4.17765982393676,2.59955253244234,800.115905761719,168.629623413086,26.4
[VERBATIM] DIAGNOSIS turning block executed
[DIAG] _turn_input = -0.5
[AUDIT] poll_forensic_hud: ENTER
[ARMTEL],14.366666666667,L,true,0.01666666666667,5.38333333333333,0.2827350000052,1.7550312704949,3.34556706283323,0.55719695690291,0.04462849094903,4.23970717868108,-2.0,20.0000085715136,0.13333333333333
[DIAG] _physics_process: ENTER, state=3
[DIAG] _physics_process: camera target set to character (state: 3)
[GLIDE],14.1000000000003,0.04462849094903,0.0,0.02231424547452,-0.04462849094903,10.8232711758418,2.91761193279529,-12.754925480453,4.1639463409578,2.59928209674101,800.076049804688,168.805557250977,26.4
[VERBATIM] DIAGNOSIS turning block executed
[DIAG] _turn_input = -0.5
[DIAG] _poll_controls: ENTER, state=3
[VERBATIM] POLL: _poll_controls() entered, game_state=3
[VERBATIM] POLL: checking deploy state=3 canopy=true
[VERBATIM] POLL: turnleft pressed - left turn
[AUDIT] poll_forensic_hud: ENTER
[ARMTEL],14.3833333333336,L,true,0.01666666666667,5.43125,0.35702792759225,1.95018934916017,3.12403272324758,0.60926416895703,0.05478289376498,5.20437556872752,-2.0,20.0000085715136,0.15
[DIAG] _physics_process: ENTER, state=3
[DIAG] _physics_process: camera target set to character (state: 3)
[GLIDE],14.1166666666669,0.05478289376498,0.0,0.02739144688249,-0.05478289376498,10.7830597406907,3.57504712716908,-12.6953413616669,4.14906853559244,2.59891097199024,800.036560058594,168.980880737305,26.4
[VERBATIM] DIAGNOSIS turning block executed
[DIAG] _turn_input = -0.5
[DIAG] _poll_controls: ENTER, state=3
[VERBATIM] POLL: _poll_controls() entered, game_state=3
[VERBATIM] POLL: checking deploy state=3 canopy=true
[VERBATIM] POLL: turnleft pressed - left turn
[AUDIT] poll_forensic_hud: ENTER
[ARMTEL],14.4000000000003,L,true,0.01666666666667,5.47916666666667,0.43826315011986,2.13242459134961,2.9084789251972,0.65773881771032,0.06574520739349,6.24579549571557,-2.0,20.0000085715136,0.16666666666667
[DIAG] _physics_process: ENTER, state=3
[DIAG] _physics_process: camera target set to character (state: 3)
[GLIDE],14.1333333333336,0.06574520739349,0.0,0.03287260369674,-0.06574520739349,10.7396489787218,4.28212034592897,-12.6239726892347,4.13314566424382,2.59842015045135,799.997436523438,169.155548095703,26.4
[VERBATIM] DIAGNOSIS turning block executed
[DIAG] _turn_input = -0.5
[DIAG] _poll_controls: ENTER, state=3
[VERBATIM] POLL: _poll_controls() entered, game_state=3
[VERBATIM] POLL: checking deploy state=3 canopy=true
[VERBATIM] POLL: turnleft pressed - left turn
[AUDIT] poll_forensic_hud: ENTER
[ARMTEL],14.416666666667,L,true,0.01666666666667,5.52708333333333,0.5259616591479,2.30208586198612,2.69903581219932,0.70272274791364,0.07745725319205,7.35843998790575,-2.0,20.0000085715136,0.18333333333333
[DIAG] _physics_process: ENTER, state=3
[DIAG] _physics_process: camera target set to character (state: 3)
[GLIDE],14.1500000000003,0.07745725319205,0.0,0.03872862659602,-0.07745725319205,10.6932692773595,5.03448941358484,-12.5400645323417,4.11629449532017,2.59779014585004,799.958740234375,169.329513549805,26.4
[VERBATIM] DIAGNOSIS turning block executed
[DIAG] _turn_input = -0.5
[DIAG] _poll_controls: ENTER, state=3
[VERBATIM] POLL: _poll_controls() entered, game_state=3
[VERBATIM] POLL: checking deploy state=3 canopy=true
[VERBATIM] POLL: turnleft pressed - left turn
[AUDIT] poll_forensic_hud: ENTER
[ARMTEL],14.4333333333336,L,true,0.01666666666667,5.575,0.61965802553639,2.45952961769774,2.49581235676587,0.74431962052641,0.08986258020082,8.53694620343182,-2.0,20.0000085715136,0.2
[DIAG] _physics_process: ENTER, state=3
[DIAG] _physics_process: camera target set to character (state: 3)
[GLIDE],14.166666666667,0.08986258020082,0.0,0.04493129010041,-0.08986258020082,10.6441441824047,5.82794428882093,-12.442932127528,4.0986288822087,2.59700121389589,799.920532226562,169.502746582031,26.4
[VERBATIM] DIAGNOSIS turning block executed
[DIAG] _turn_input = -0.5
[DIAG] _poll_controls: ENTER, state=3
[VERBATIM] POLL: _poll_controls() entered, game_state=3
[VERBATIM] POLL: checking deploy state=3 canopy=true
[VERBATIM] POLL: turnleft pressed - left turn
[AUDIT] poll_forensic_hud: ENTER
[ARMTEL],14.4500000000003,L,true,0.01666666666667,5.62291666666667,0.71890064160657,2.60511867184242,2.29889735321767,0.78263457641337,0.10290648980771,9.77611777348456,-2.0,20.0000085715136,0.21666666666667
[DIAG] _physics_process: ENTER, state=3
[DIAG] _physics_process: camera target set to character (state: 3)
[GLIDE],14.1833333333336,0.10290648980771,0.0,0.05145324490386,-0.10290648980771,10.5924903003615,6.65841570208672,-12.3319585324932,4.08025938984913,2.5960335577472,799.8828125,169.675216674805,26.4
[VERBATIM] DIAGNOSIS turning block executed
[DIAG] _turn_input = -0.5
[DIAG] _poll_controls: ENTER, state=3
[VERBATIM] POLL: _poll_controls() entered, game_state=3
[VERBATIM] POLL: checking deploy state=3 canopy=true
[VERBATIM] POLL: turnleft pressed - left turn
[AUDIT] poll_forensic_hud: ENTER
[ARMTEL],14.466666666667,L,true,0.01666666666667,5.67083333333333,0.82325191846169,2.73922101744678,2.10836039742486,0.81777391637045,0.11653605508055,11.0709266388697,-2.0,20.0000085715136,0.23333333333333
[DIAG] _physics_process: ENTER, state=3
[DIAG] _physics_process: camera target set to character (state: 3)
[GLIDE],14.2000000000003,0.11653605508055,0.0,0.05826802754028,-0.11653605508055,10.538517221881,7.5219822821801,-12.2065921611235,4.06129297042131,2.59486752091853,799.845703125,169.846893310547,26.4
[VERBATIM] DIAGNOSIS turning block executed
[DIAG] _turn_input = -0.5
[DIAG] _poll_controls: ENTER, state=3
[VERBATIM] POLL: _poll_controls() entered, game_state=3
[VERBATIM] POLL: checking deploy state=3 canopy=true
[VERBATIM] POLL: turnleft pressed - left turn
[AUDIT] poll_forensic_hud: ENTER
[ARMTEL],14.4833333333336,L,true,0.01666666666667,5.71875,0.93228844064441,2.86220870729657,1.92425285205902,0.8498447972381,0.13070013503452,12.4165144054118,-2.0,20.0000085715136,0.25
[DIAG] _physics_process: ENTER, state=3
[DIAG] _physics_process: camera target set to character (state: 3)
[GLIDE],14.216666666667,0.13070013503452,0.0,0.06535006751726,-0.13070013503452,10.4824274652633,8.41487627080374,-12.0663442232768,4.04183268412508,2.5934837694877,799.809204101562,170.01774597168,26.4
[VERBATIM] DIAGNOSIS turning block executed
[DIAG] _turn_input = -0.5
[DIAG] _poll_controls: ENTER, state=3
[VERBATIM] POLL: _poll_controls() entered, game_state=3
[VERBATIM] POLL: checking deploy state=3 canopy=true
[VERBATIM] POLL: turnleft pressed - left turn
[AUDIT] poll_forensic_hud: ENTER
[ARMTEL],14.5000000000003,L,true,0.01666666666667,5.76666666666667,1.04560108027616,2.97445679033334,1.74660879605716,0.87895494383905,0.1453493840985,13.8081932432598,-2.0,20.0000085715136,0.26666666666667
[DIAG] _physics_process: ENTER, state=3
[DIAG] _physics_process: camera target set to character (state: 3)
[GLIDE],14.2333333333336,0.1453493840985,0.0,0.07267469204925,-0.1453493840985,10.4244164389699,9.33348792391203,-11.9107860912116,4.02197746146368,2.59186346488781,799.773376464844,170.187744140625,26.4
[VERBATIM] DIAGNOSIS turning block executed
[DIAG] _turn_input = -0.5
[DIAG] _poll_controls: ENTER, state=3
[VERBATIM] POLL: _poll_controls() entered, game_state=3
[VERBATIM] POLL: checking deploy state=3 canopy=true
[VERBATIM] POLL: turnleft pressed - left turn
[AUDIT] poll_forensic_hud: ENTER
[ARMTEL],14.516666666667,L,true,0.01666666666667,5.81458333333333,1.16279507278803,3.07634230343668,1.57544595710862,0.90521237645753,0.16043625703946,15.2414463547012,-2.0,20.0000085715136,0.28333333333333
[DIAG] _physics_process: ENTER, state=3
[DIAG] _physics_process: camera target set to character (state: 3)
[GLIDE],14.2500000000003,0.16043625703946,0.0,0.08021812851973,-0.16043625703946,10.3646724221237,10.2743686977798,-11.7395466129153,4.00182190384296,2.58998842806336,799.738220214844,170.356872558594,26.4
[VERBATIM] DIAGNOSIS turning block executed
[DIAG] _turn_input = -0.5
[DIAG] _poll_controls: ENTER, state=3
[VERBATIM] POLL: _poll_controls() entered, game_state=3
[VERBATIM] POLL: checking deploy state=3 canopy=true
[VERBATIM] POLL: turnleft pressed - left turn
[AUDIT] poll_forensic_hud: ENTER
[ARMTEL],14.5333333333336,L,true,0.01666666666667,5.8625,1.28349005631571,3.16824331760135,1.41076662608295,0.92872515355891,0.17591500959878,16.7119280346151,-2.0,20.0000085715136,0.3
[DIAG] _physics_process: ENTER, state=3
[DIAG] _physics_process: camera target set to character (state: 3)
[GLIDE],14.266666666667,0.17591500959878,0.0,0.08795750479939,-0.17591500959878,10.3033765619888,11.2342333161991,-11.5523093909786,3.98145611966376,2.58784129532463,799.703857421875,170.525115966797,26.4
[VERBATIM] DIAGNOSIS turning block executed
[DIAG] _turn_input = -0.5
[DIAG] _poll_controls: ENTER, state=3
[VERBATIM] POLL: _poll_controls() entered, game_state=3
[VERBATIM] POLL: checking deploy state=3 canopy=true
[VERBATIM] POLL: turnleft pressed - left turn
[AUDIT] poll_forensic_hud: ENTER
[ARMTEL],14.5500000000003,L,true,0.01666666666667,5.91041666666667,1.40732007679023,3.25053803745619,1.25255855242025,0.94960112943258,0.19174169508932,18.2154633471942,-2.0,20.0000085715136,0.31666666666667
[DIAG] _physics_process: ENTER, state=3
[DIAG] _physics_process: camera target set to character (state: 3)
[GLIDE],14.2833333333336,0.19174169508932,0.0,0.09587084754466,-0.19174169508932,10.2407028874463,12.2099608131258,-11.3488100440932,3.96096559341114,2.58540566585106,799.670288085938,170.692459106445,26.4
[VERBATIM] DIAGNOSIS turning block executed
[DIAG] _turn_input = -0.5
[DIAG] _poll_controls: ENTER, state=3
[VERBATIM] POLL: _poll_controls() entered, game_state=3
[VERBATIM] POLL: checking deploy state=3 canopy=true
[VERBATIM] POLL: turnleft pressed - left turn
[DEBUG] _input (build_terrain) called, event=InputEventMouseMotion: button_mask=0, position=((515.0, 203.0)), relative=((-2.0, 0.0)), velocity=((19.58186, 6.527287)), pressure=0.00, tilt=((0.0, 0.0)), pen_inverted=(false)
[AUDIT] _input: ENTER
[AUDIT] _gui_input: ENTER
[AUDIT] poll_forensic_hud: ENTER
[ARMTEL],14.566666666667,L,true,0.01666666666667,5.95833333333333,1.53393356071457,3.32360395301403,1.10079581960473,0.96794772642599,0.20787415719642,19.7480474420359,-2.0,20.0000085715136,0.33333333333333
[DIAG] _physics_process: ENTER, state=3
[DIAG] _physics_process: camera target set to character (state: 3)
[GLIDE],14.3000000000003,0.20787415719642,0.0,0.10393707859821,-0.20787415719642,10.1768183375022,13.1985946425351,-11.1288334667176,3.94043108552947,2.58266624047169,799.637573242188,170.85888671875,26.4
[VERBATIM] DIAGNOSIS turning block executed
[DIAG] _turn_input = -0.5
[DIAG] _poll_controls: ENTER, state=3
[VERBATIM] POLL: _poll_controls() entered, game_state=3
[VERBATIM] POLL: checking deploy state=3 canopy=true
[VERBATIM] POLL: turnleft pressed - left turn
[DEBUG] _input (build_terrain) called, event=InputEventMouseMotion: button_mask=0, position=((514.0, 203.0)), relative=((-1.0, 0.0)), velocity=((19.58186, 6.527287)), pressure=0.00, tilt=((0.0, 0.0)), pen_inverted=(false)
[AUDIT] _input: ENTER
[AUDIT] _gui_input: ENTER
[AUDIT] poll_forensic_hud: ENTER
[ARMTEL],14.5833333333336,L,true,0.01666666666667,6.00625,1.66299325757137,3.38781704249098,0.95543969993765,0.98387172142495,0.22427201922017,21.3058445321618,-2.0,20.0000085715136,0.35
[DIAG] _physics_process: ENTER, state=3
[DIAG] _physics_process: camera target set to character (state: 3)
[GLIDE],14.316666666667,0.22427201922017,0.0,0.11213600961009,-0.22427201922017,10.1118828038881,14.1973419442652,-10.8922111009798,3.91992856111503,2.57960895109063,799.605712890625,171.024383544922,26.4
[VERBATIM] DIAGNOSIS turning block executed
[DIAG] _turn_input = -0.5
[DIAG] _poll_controls: ENTER, state=3
[VERBATIM] POLL: _poll_controls() entered, game_state=3
[VERBATIM] POLL: checking deploy state=3 canopy=true
[VERBATIM] POLL: turnleft pressed - left turn
[DEBUG] _input (build_terrain) called, event=InputEventMouseMotion: button_mask=0, position=((512.0, 203.0)), relative=((-2.0, 0.0)), velocity=((19.58186, 6.527287)), pressure=0.00, tilt=((0.0, 0.0)), pen_inverted=(false)
[AUDIT] _input: ENTER
[AUDIT] _gui_input: ENTER
[AUDIT] poll_forensic_hud: ENTER
[ARMTEL],14.6000000000003,L,true,0.01666666666667,6.05416666666667,1.79417615376136,3.44355102498734,0.81643948791796,0.99747904622359,0.24089666999056,22.8851865559554,-2.0,20.0000085715136,0.36666666666667
[DIAG] _physics_process: ENTER, state=3
[DIAG] _physics_process: camera target set to character (state: 3)
[GLIDE],14.3333333333336,0.24089666999056,0.0,0.12044833499528,-0.24089666999056,10.0460491868374,15.2035720513144,-10.6388182334579,3.89952914565818,2.57622107992778,799.574829101562,171.188934326172,26.4
[VERBATIM] DIAGNOSIS turning block executed
[DIAG] _turn_input = -0.5
[DIAG] _poll_controls: ENTER, state=3
[VERBATIM] POLL: _poll_controls() entered, game_state=3
[VERBATIM] POLL: checking deploy state=3 canopy=true
[VERBATIM] POLL: turnleft pressed - left turn
[DEBUG] _input (build_terrain) called, event=InputEventMouseMotion: button_mask=0, position=((511.0, 203.0)), relative=((-1.0, 0.0)), velocity=((19.58186, 6.527287)), pressure=0.00, tilt=((0.0, 0.0)), pen_inverted=(false)
[AUDIT] _input: ENTER
[AUDIT] _gui_input: ENTER
[AUDIT] poll_forensic_hud: ENTER
[ARMTEL],14.616666666667,L,true,0.01666666666667,6.10208333333333,1.92717335992451,3.49117666178255,0.68373331162627,1.00887460141736,0.25771124668085,24.482571544431,-2.0,20.0000085715136,0.38333333333333
[DIAG] _physics_process: ENTER, state=3
[DIAG] _physics_process: camera target set to character (state: 3)
[GLIDE],14.3500000000003,0.25771124668085,0.0,0.12885562334043,-0.25771124668085,9.97946346314382,16.2148143204563,-10.368571328117,3.87929910622624,2.57249136760991,799.544921875,171.3525390625,26.4
[VERBATIM] DIAGNOSIS turning block executed
[DIAG] _turn_input = -0.5
[DIAG] _poll_controls: ENTER, state=3
[VERBATIM] POLL: _poll_controls() entered, game_state=3
[VERBATIM] POLL: checking deploy state=3 canopy=true
[VERBATIM] POLL: turnleft pressed - left turn
[AUDIT] poll_forensic_hud: ENTER
[ARMTEL],14.6333333333336,L,true,0.01666666666667,6.15,2.06168997344682,3.53106110496075,0.55724892159242,1.0181620834439,0.27468061473825,26.0946617146499,-2.0,20.0000085715136,0.4
[DIAG] _physics_process: ENTER, state=3
[DIAG] _physics_process: camera target set to character (state: 3)
[GLIDE],14.366666666667,0.27468061473825,0.0,0.13734030736913,-0.27468061473825,9.91226476563653,17.2287553642187,-10.08142540538,3.85929985659839,2.56841010907436,799.515991210938,171.515197753906,26.4
[VERBATIM] DIAGNOSIS turning block executed
[DIAG] _turn_input = -0.5
[DIAG] _poll_controls: ENTER, state=3
[VERBATIM] POLL: _poll_controls() entered, game_state=3
[VERBATIM] POLL: checking deploy state=3 canopy=true
[VERBATIM] POLL: turnleft pressed - left turn
[AUDIT] poll_forensic_hud: ENTER
[ARMTEL],14.6500000000003,L,true,0.01666666666667,6.19791666666667,2.19744491790601,3.56356729205364,0.43690445670701,1.02544382438902,0.29177134514473,27.7182813094962,-2.0,20.0000085715136,0.41666666666667
[DIAG] _physics_process: ENTER, state=3
[DIAG] _physics_process: camera target set to character (state: 3)
[GLIDE],14.3833333333336,0.29177134514473,0.0,0.14588567257237,-0.29177134514473,9.84458547322685,18.2432357582841,-9.77737147607529,3.83958798494951,2.56396923623468,799.488098144531,171.676895141602,26.4
[VERBATIM] DIAGNOSIS turning block executed
[DIAG] _turn_input = -0.5
[DIAG] _poll_controls: ENTER, state=3
[VERBATIM] POLL: _poll_controls() entered, game_state=3
[VERBATIM] POLL: checking deploy state=3 canopy=true
[VERBATIM] POLL: turnleft pressed - left turn
[AUDIT] poll_forensic_hud: ENTER
[ARMTEL],14.666666666667,L,true,0.01666666666667,6.24583333333333,2.33417076115788,3.58905338536155,0.3226091868139,1.03082064416925,0.30895168921422,29.3504142034093,-2.0,20.0000085715136,0.43333333333333
[DIAG] _physics_process: ENTER, state=3
[DIAG] _physics_process: camera target set to character (state: 3)
[GLIDE],14.4000000000003,0.30895168921422,0.0,0.15447584460711,-0.30895168921422,9.77655131071168,19.2562462942635,-9.45643403783756,3.82021530273365,2.55916238640158,799.461303710938,171.837615966797,26.4
[VERBATIM] DIAGNOSIS turning block executed
[DIAG] _turn_input = -0.5
[DIAG] _poll_controls: ENTER, state=3
[VERBATIM] POLL: _poll_controls() entered, game_state=3
[VERBATIM] POLL: checking deploy state=3 canopy=true
[VERBATIM] POLL: turnleft pressed - left turn
[DEBUG] _input (build_terrain) called, event=InputEventMouseMotion: button_mask=0, position=((511.0, 203.0)), relative=((0.0, 0.0)), velocity=((-51.9638, 0.0)), pressure=0.00, tilt=((0.0, 0.0)), pen_inverted=(false)
[AUDIT] _input: ENTER
[AUDIT] _gui_input: ENTER
[AUDIT] poll_forensic_hud: ENTER
[ARMTEL],14.6833333333336,L,true,0.01666666666667,6.29375,2.47161351371378,3.60787225459236,0.21426423169386,1.03439171469748,0.32619155112585,30.9882012930436,-2.0,20.0000085715136,0.45
[DIAG] _physics_process: ENTER, state=3
[DIAG] _physics_process: camera target set to character (state: 3)
[GLIDE],14.416666666667,0.32619155112585,0.0,0.16309577556292,-0.32619155112585,9.70828145754165,20.2659238436155,-9.11866864044397,3.80122891344617,2.55398495554959,799.435668945312,171.997375488281,26.4
[VERBATIM] DIAGNOSIS turning block executed
[DIAG] _turn_input = -0.5
[DIAG] _poll_controls: ENTER, state=3
[VERBATIM] POLL: _poll_controls() entered, game_state=3
[VERBATIM] POLL: checking deploy state=3 canopy=true
[VERBATIM] POLL: turnleft pressed - left turn
[AUDIT] poll_forensic_hud: ENTER
[ARMTEL],14.7000000000003,L,true,0.01666666666667,6.34166666666667,2.60953240900677,3.62037100144117,0.11176325621872,1.03625443563446,0.34346245838642,32.6289376912027,-2.0,20.0000085715136,0.46666666666667
[DIAG] _physics_process: ENTER, state=3
[DIAG] _physics_process: camera target set to character (state: 3)
[GLIDE],14.4333333333336,0.34346245838642,0.0,0.17173122919321,-0.34346245838642,9.63988866478977,21.2705468942671,-8.76415952553952,3.78267129995062,2.54843413566376,799.411193847656,172.156158447266,26.4
[VERBATIM] DIAGNOSIS turning block executed
[DIAG] _turn_input = -0.5
[DIAG] _poll_controls: ENTER, state=3
[VERBATIM] POLL: _poll_controls() entered, game_state=3
[VERBATIM] POLL: checking deploy state=3 canopy=true
[VERBATIM] POLL: turnleft pressed - left turn
[DEBUG] _input (build_terrain) called, event=InputEventKey: keycode=81 (Q), mods=none, physical=false, location=unspecified, pressed=true, echo=true
[AUDIT] _input: ENTER
2026-08-04T14:42:56 [INFO] InputManager ready
2026-08-04T14:42:56 [INFO] InputMap.has_action('restart') = true
[INPUT] unhandled_input triggered
2026-08-04T14:42:56 [INFO] InputManager: key=Q code=81
[AUDIT] poll_forensic_hud: ENTER
[ARMTEL],14.716666666667,L,true,0.01666666666667,6.38958333333333,2.74769966709137,3.6268905247206,0.01499314152137,1.03650432132648,0.36073753040853,34.2700697417578,-2.0,21.2389544456219,0.48333333333333
[DIAG] _physics_process: ENTER, state=3
[DIAG] _physics_process: camera target set to character (state: 3)
[GLIDE],14.4500000000003,0.36073753040853,0.0,0.18036876520426,-0.36073753040853,9.57147937958223,22.2685308172853,-8.39301734525143,3.76458042904734,2.54250893558525,799.387939453125,172.313980102539,26.4
[VERBATIM] DIAGNOSIS turning block executed
[DIAG] _turn_input = -0.5
[DIAG] _poll_controls: ENTER, state=3
[VERBATIM] POLL: _poll_controls() entered, game_state=3
[VERBATIM] POLL: checking deploy state=3 canopy=true
[VERBATIM] POLL: turnleft pressed - left turn
[AUDIT] poll_forensic_hud: ENTER
[ARMTEL],14.7333333333336,L,true,0.01666666666667,6.4375,2.88590024326823,3.62776512464268,-0.07616536791091,1.03523489852796,0.377991445384,35.9091918726266,-2.0,23.2297908817255,0.5
[DIAG] _physics_process: ENTER, state=3
[DIAG] _physics_process: camera target set to character (state: 3)
[GLIDE],14.466666666667,0.377991445384,0.0,0.188995722692,-0.377991445384,9.50315387627938,23.2584229167688,-8.00537696330528,3.74698987194131,2.53621018499199,799.365905761719,172.470825195312,26.4
[VERBATIM] DIAGNOSIS turning block executed
[DIAG] _turn_input = -0.5
[DIAG] _poll_controls: ENTER, state=3
[VERBATIM] POLL: _poll_controls() entered, game_state=3
[VERBATIM] POLL: checking deploy state=3 canopy=true
[VERBATIM] POLL: turnleft pressed - left turn
[AUDIT] poll_forensic_hud: ENTER
[ARMTEL],14.7500000000003,L,true,0.01666666666667,6.48541666666667,3.02393156307196,3.62332214484787,-0.16183704125317,1.03253761450708,0.39520040562578,37.5440433032533,-2.0,25.2154402329318,0.51666666666667
[DIAG] _physics_process: ENTER, state=3
[DIAG] _physics_process: camera target set to character (state: 3)
[GLIDE],14.4833333333336,0.39520040562578,0.0,0.19760020281289,-0.39520040562578,9.43500639372191,24.2388973120188,-7.6013953414383,3.72992893924055,2.52954052139207,799.345092773438,172.626693725586,26.4
[VERBATIM] DIAGNOSIS turning block executed
[DIAG] _turn_input = -0.5
[DIAG] _poll_controls: ENTER, state=3
[VERBATIM] POLL: _poll_controls() entered, game_state=3
[VERBATIM] POLL: checking deploy state=3 canopy=true
[VERBATIM] POLL: turnleft pressed - left turn
[DEBUG] _input (build_terrain) called, event=InputEventKey: keycode=81 (Q), mods=none, physical=false, location=unspecified, pressed=true, echo=true
[AUDIT] _input: ENTER
2026-08-04T14:42:56 [INFO] InputManager ready
2026-08-04T14:42:56 [INFO] InputMap.has_action('restart') = true
[INPUT] unhandled_input triggered
2026-08-04T14:42:56 [INFO] InputManager: key=Q code=81
[AUDIT] poll_forensic_hud: ENTER
[ARMTEL],14.766666666667,L,true,0.01666666666667,6.53333333333333,3.16160324500624,3.61388165077477,-0.24215156244768,1.02850175513295,0.41234210154466,39.1725046223925,-2.0,27.1933283157492,0.53333333333333
[DIAG] _physics_process: ENTER, state=3
[DIAG] _physics_process: camera target set to character (state: 3)
[GLIDE],14.5000000000003,0.41234210154466,0.0,0.20617105077233,-0.41234210154466,9.36712527788314,25.2087496970259,-7.18124951315454,3.71342282908847,2.52250436026497,799.325561523438,172.781585693359,26.4
[VERBATIM] DIAGNOSIS turning block executed
[DIAG] _turn_input = -0.5
[DIAG] _poll_controls: ENTER, state=3
[VERBATIM] POLL: _poll_controls() entered, game_state=3
[VERBATIM] POLL: checking deploy state=3 canopy=true
[VERBATIM] POLL: turnleft pressed - left turn
[AUDIT] poll_forensic_hud: ENTER
[ARMTEL],14.7833333333336,L,true,0.01666666666667,6.58125,3.2987368123573,3.59975614296533,-0.31724295532262,1.02321437254424,0.4293956744204,40.7925942513696,-2.0,29.1610483546529,0.55
[DIAG] _physics_process: ENTER, state=3
[DIAG] _physics_process: camera target set to character (state: 3)
[GLIDE],14.516666666667,0.4293956744204,0.0,0.2146978372102,-0.4293956744204,9.29959312929522,26.1668920183915,-6.74513464618135,3.69749278700757,2.51510784874891,799.307373046875,172.935501098633,26.4
[VERBATIM] DIAGNOSIS turning block executed
[DIAG] _turn_input = -0.5
[DIAG] _poll_controls: ENTER, state=3
[VERBATIM] POLL: _poll_controls() entered, game_state=3
[VERBATIM] POLL: checking deploy state=3 canopy=true
[VERBATIM] POLL: turnleft pressed - left turn
[AUDIT] poll_forensic_hud: ENTER
[ARMTEL],14.8000000000003,L,true,0.01666666666667,6.62916666666667,3.4351653953632,3.58125030390484,-0.38724903260137,1.01676022200088,0.44634167812041,42.402464807355,-2.0,31.1163565650102,0.56666666666667
[DIAG] _physics_process: ENTER, state=3
[DIAG] _physics_process: camera target set to character (state: 3)
[GLIDE],14.5333333333336,0.44634167812041,0.0,0.22317083906021,-0.44634167812041,9.23248695464316,27.1123471090204,-6.29326219436434,3.68215627601046,2.5073588035341,799.29052734375,173.088455200195,26.4
[VERBATIM] DIAGNOSIS turning block executed
[DIAG] _turn_input = -0.5
[DIAG] _poll_controls: ENTER, state=3
[VERBATIM] POLL: _poll_controls() entered, game_state=3
[VERBATIM] POLL: checking deploy state=3 canopy=true
[VERBATIM] POLL: turnleft pressed - left turn
[DEBUG] _input (build_terrain) called, event=InputEventKey: keycode=81 (Q), mods=none, physical=false, location=unspecified, pressed=true, echo=true
[AUDIT] _input: ENTER
2026-08-04T14:42:56 [INFO] InputManager ready
2026-08-04T14:42:56 [INFO] InputMap.has_action('restart') = true
[INPUT] unhandled_input triggered
2026-08-04T14:42:56 [INFO] InputManager: key=Q code=81
[AUDIT] poll_forensic_hud: ENTER
[ARMTEL],14.816666666667,L,true,0.01666666666667,6.67708333333333,3.57073342496331,3.55866077700309,-0.45231086863307,1.00922170752367,0.46316203991248,44.0003993805688,-2.0,33.0571676314665,0.58333333333333
[DIAG] _physics_process: ENTER, state=3
[DIAG] _physics_process: camera target set to character (state: 3)
[GLIDE],14.5500000000003,0.46316203991248,0.0,0.23158101995624,-0.46316203991248,9.1658783219466,28.0442433112752,-5.82585813917642,3.66742715552054,2.49926663387146,799.275024414062,173.240432739258,26.4
[VERBATIM] DIAGNOSIS turning block executed
[DIAG] _turn_input = -0.5
[DIAG] _poll_controls: ENTER, state=3
[VERBATIM] POLL: _poll_controls() entered, game_state=3
[VERBATIM] POLL: checking deploy state=3 canopy=true
[VERBATIM] POLL: turnleft pressed - left turn
[AUDIT] poll_forensic_hud: ENTER
[ARMTEL],14.8333333333337,L,true,0.01666666666667,6.725,3.7052963192998,3.53227597633283,-0.51257229563263,1.00067883592979,0.47984002051131,45.5848077387075,-2.0,34.9815500979381,0.6
[DIAG] _physics_process: ENTER, state=3
[DIAG] _physics_process: camera target set to character (state: 3)
[GLIDE],14.566666666667,0.47984002051131,0.0,0.23992001025565,-0.47984002051131,9.09983351877523,28.9618091197947,-5.34316132051317,3.65331586764025,2.490842250838,799.260925292969,173.39143371582,26.4
[VERBATIM] DIAGNOSIS turning block executed
[DIAG] _turn_input = -0.5
[DIAG] _poll_controls: ENTER, state=3
[VERBATIM] POLL: _poll_controls() entered, game_state=3
[VERBATIM] POLL: checking deploy state=3 canopy=true
[VERBATIM] POLL: turnleft pressed - left turn
[AUDIT] poll_forensic_hud: ENTER
[ARMTEL],14.8500000000003,L,true,0.01666666666667,6.77291666666667,3.83872016409044,3.50237592575426,-0.56817942317803,0.99120917887682,0.49636017349259,47.1542224712745,-2.0,36.887721684613,0.61666666666667
[DIAG] _physics_process: ENTER, state=3
[DIAG] _physics_process: camera target set to character (state: 3)
[GLIDE],14.5833333333336,0.49636017349259,0.0,0.24818008674629,-0.49636017349259,9.03441371296936,29.8643678708573,-4.84542185599889,3.63982962931121,2.48209796420582,799.248229980469,173.541473388672,26.4
[VERBATIM] DIAGNOSIS turning block executed
[DIAG] _turn_input = -0.5
[DIAG] _poll_controls: ENTER, state=3
[VERBATIM] POLL: _poll_controls() entered, game_state=3
[VERBATIM] POLL: checking deploy state=3 canopy=true
[VERBATIM] POLL: turnleft pressed - left turn
[DEBUG] _input (build_terrain) called, event=InputEventKey: keycode=81 (Q), mods=none, physical=false, location=unspecified, pressed=true, echo=true
[AUDIT] _input: ENTER
2026-08-04T14:42:56 [INFO] InputManager ready
2026-08-04T14:42:56 [INFO] InputMap.has_action('restart') = true
[INPUT] unhandled_input triggered
2026-08-04T14:42:56 [INFO] InputManager: key=Q code=81
[AUDIT] poll_forensic_hud: ENTER
[ARMTEL],14.866666666667,L,true,0.01666666666667,6.82083333333333,3.97088138794068,3.46923212606887,-0.61928018067622,0.98088784253222,0.51270830420146,48.7072950858868,-2.0,38.7740445466233,0.63333333333333
[DIAG] _physics_process: ENTER, state=3
[DIAG] _physics_process: camera target set to character (state: 3)
[GLIDE],14.6000000000003,0.51270830420146,0.0,0.25635415210073,-0.51270830420146,8.96967511536223,30.7513325020175,-4.33289964763193,3.62697262892829,2.47304736843647,799.236938476562,173.690536499023,26.4
[VERBATIM] DIAGNOSIS turning block executed
[DIAG] _turn_input = -0.5
[DIAG] _poll_controls: ENTER, state=3
[VERBATIM] POLL: _poll_controls() entered, game_state=3
[VERBATIM] POLL: checking deploy state=3 canopy=true
[VERBATIM] POLL: turnleft pressed - left turn
[AUDIT] poll_forensic_hud: ENTER
[ARMTEL],14.8833333333337,L,true,0.01666666666667,6.86875,4.10166643361165,3.43310744886276,-0.66602388247441,0.96978744449098,0.52887142827631,50.2427920680347,-2.0,40.6390204883286,0.65
[DIAG] _physics_process: ENTER, state=3
[DIAG] _physics_process: camera target set to character (state: 3)
[GLIDE],14.616666666667,0.52887142827631,0.0,0.26443571413815,-0.52887142827631,8.90566914402583,31.6222004027686,-3.80586297425245,3.61474622599969,2.46370521946195,799.227111816406,173.838638305664,26.4
[VERBATIM] DIAGNOSIS turning block executed
[DIAG] _turn_input = -0.5
[DIAG] _poll_controls: ENTER, state=3
[VERBATIM] POLL: _poll_controls() entered, game_state=3
[VERBATIM] POLL: checking deploy state=3 canopy=true
[VERBATIM] POLL: turnleft pressed - left turn
[AUDIT] poll_forensic_hud: ENTER
[ARMTEL],14.9000000000003,L,true,0.01666666666667,6.91666666666667,4.23097142621044,3.39425605571842,-0.7085608152622,0.95797809756994,0.54483772990247,51.7595909151826,-2.0,42.4812861464351,0.66666666666667
[DIAG] _physics_process: ENTER, state=3
[DIAG] _physics_process: camera target set to character (state: 3)
[GLIDE],14.6333333333336,0.54483772990247,0.0,0.27241886495124,-0.54483772990247,8.84244258958621,32.476548374193,-3.2645871680159,3.60314915248606,2.45408730401438,799.218688964844,173.985778808594,26.4
[VERBATIM] DIAGNOSIS turning block executed
[DIAG] _turn_input = -0.5
[DIAG] _poll_controls: ENTER, state=3
[VERBATIM] POLL: _poll_controls() entered, game_state=3
[VERBATIM] POLL: checking deploy state=3 canopy=true
[VERBATIM] POLL: turnleft pressed - left turn
[AUDIT] poll_forensic_hud: ENTER
[ARMTEL],14.916666666667,L,true,0.01666666666667,6.96458333333333,4.35870183921977,3.35292334149479,-0.74704184738123,0.94552740011359,0.56059651990436,53.2566761555206,-2.0,44.2996081544712,0.68333333333333
[DIAG] _physics_process: ENTER, state=3
[DIAG] _physics_process: camera target set to character (state: 3)
[GLIDE],14.6500000000003,0.56059651990436,0.0,0.28029825995218,-0.56059651990436,8.78003778117872,33.3140277129481,-2.7093533728001,3.59217771450462,2.44421030332836,799.211791992188,174.131942749023,26.4
[VERBATIM] DIAGNOSIS turning block executed
[DIAG] _turn_input = -0.5
[DIAG] _poll_controls: ENTER, state=3
[VERBATIM] POLL: _poll_controls() entered, game_state=3
[VERBATIM] POLL: checking deploy state=3 canopy=true
[VERBATIM] POLL: turnleft pressed - left turn
[DEBUG] _input (build_terrain) called, event=InputEventKey: keycode=81 (Q), mods=none, physical=false, location=unspecified, pressed=true, echo=true
[AUDIT] _input: ENTER
2026-08-04T14:42:56 [INFO] InputManager ready
2026-08-04T14:42:56 [INFO] InputMap.has_action('restart') = true
[INPUT] unhandled_input triggered
2026-08-04T14:42:56 [INFO] InputManager: key=Q code=81
[AUDIT] poll_forensic_hud: ENTER
[ARMTEL],14.9333333333337,L,true,0.01666666666667,7.0125,4.48477215923491,3.30934590039755,-0.78161805963247,0.93250043245305,0.57613819377858,54.7331353611095,-2.0,46.0928783004541,0.7
[DIAG] _physics_process: ENTER, state=3
[DIAG] _physics_process: camera target set to character (state: 3)
[GLIDE],14.666666666667,0.57613819377858,0.0,0.28806909688929,-0.57613819377858,8.71849275263682,34.1343594325033,-2.14044738225838,3.58182599314695,2.43409165306125,799.206359863281,174.277145385742,26.4
[VERBATIM] DIAGNOSIS turning block executed
[DIAG] _turn_input = -0.5
[DIAG] _poll_controls: ENTER, state=3
[VERBATIM] POLL: _poll_controls() entered, game_state=3
[VERBATIM] POLL: checking deploy state=3 canopy=true
[VERBATIM] POLL: turnleft pressed - left turn
[AUDIT] poll_forensic_hud: ENTER
[ARMTEL],14.9500000000003,L,true,0.01666666666667,7.06041666666667,4.60910555022865,3.26375151358566,-0.81244039714765,0.91895975916725,0.5914541897647,56.1881551646061,-2.0,47.8601086889047,0.71666666666667
[DIAG] _physics_process: ENTER, state=3
[DIAG] _physics_process: camera target set to character (state: 3)
[GLIDE],14.6833333333336,0.5914541897647,0.0,0.29572709488235,-0.5914541897647,8.65784140853178,34.9373296322949,-1.55815855505346,3.57208604323127,2.42374940126022,799.202453613281,174.42138671875,26.4
[VERBATIM] DIAGNOSIS turning block executed
[DIAG] _turn_input = -0.5
[DIAG] _poll_controls: ENTER, state=3
[VERBATIM] POLL: _poll_controls() entered, game_state=3
[VERBATIM] POLL: checking deploy state=3 canopy=true
[VERBATIM] POLL: turnleft pressed - left turn
[AUDIT] poll_forensic_hud: ENTER
[ARMTEL],14.966666666667,L,true,0.01666666666667,7.10833333333333,4.73163351811762,3.21635915708538,-0.83965934186967,0.90496543680276,0.60653694704475,57.621017288211,-2.0,49.6004269177077,0.73333333333333
[DIAG] _physics_process: ENTER, state=3
[DIAG] _physics_process: camera target set to character (state: 3)
[GLIDE],14.7000000000003,0.60653694704475,0.0,0.30326847352237,-0.60653694704475,8.5981136897028,35.7227850233871,-0.96277880466367,3.56294808889039,2.41320206615205,799.200073242188,174.564666748047,26.4
[VERBATIM] DIAGNOSIS turning block executed
[DIAG] _turn_input = -0.5
[DIAG] _poll_controls: ENTER, state=3
[VERBATIM] POLL: _poll_controls() entered, game_state=3
[VERBATIM] POLL: checking deploy state=3 canopy=true
[VERBATIM] POLL: turnleft pressed - left turn
[DEBUG] _input (build_terrain) called, event=InputEventKey: keycode=81 (Q), mods=none, physical=false, location=unspecified, pressed=true, echo=true
[AUDIT] _input: ENTER
2026-08-04T14:42:56 [INFO] InputManager ready
2026-08-04T14:42:56 [INFO] InputMap.has_action('restart') = true
[INPUT] unhandled_input triggered
2026-08-04T14:42:56 [INFO] InputManager: key=Q code=81
[AUDIT] poll_forensic_hud: ENTER
[ARMTEL],14.9833333333337,L,true,0.01666666666667,7.15625,4.85229557635799,3.16737902880965,-0.86342460516764,0.89057502671663,0.62137986415669,59.0310945929522,-2.0,51.3130712796709,0.75
[DIAG] _physics_process: ENTER, state=3
[DIAG] _physics_process: camera target set to character (state: 3)
[GLIDE],14.716666666667,0.62137986415669,0.0,0.31068993207835,-0.62137986415669,8.5393357379395,36.4906286173283,-0.35460166104154,3.55440071498323,2.40246849544643,799.19921875,174.706985473633,26.4
[VERBATIM] DIAGNOSIS turning block executed
[DIAG] _turn_input = -0.5
[DIAG] _poll_controls: ENTER, state=3
[VERBATIM] POLL: _poll_controls() entered, game_state=3
[VERBATIM] POLL: checking deploy state=3 canopy=true
[VERBATIM] POLL: turnleft pressed - left turn
[AUDIT] poll_forensic_hud: ENTER
[ARMTEL],15.0000000000003,L,true,0.01666666666667,7.20416666666667,4.97103891325354,3.11701259350821,-0.88388484009508,0.87584361271505,0.63597725770194,60.4178471558949,-2.0,52.997385998003,0.76666666666667
[DIAG] _physics_process: ENTER, state=3
[DIAG] _physics_process: camera target set to character (state: 3)
[GLIDE],14.7333333333336,0.63597725770194,0.0,0.31798862885097,-0.63597725770194,8.48153005950031,37.2408155831526,0.26607859867767,3.54643105341016,2.39156772872962,799.199890136719,174.848342895508,26.4
[VERBATIM] DIAGNOSIS turning block executed
[DIAG] _turn_input = -0.5
[DIAG] _poll_controls: ENTER, state=3
[VERBATIM] POLL: _poll_controls() entered, game_state=3
[VERBATIM] POLL: checking deploy state=3 canopy=true
[VERBATIM] POLL: turnleft pressed - left turn
[VERBATIM] Wind updated: 12.5 kts @ 240.0°
[AUDIT] poll_forensic_hud: ENTER
[ARMTEL],15.016666666667,L,true,0.01666666666667,7.25208333333333,5.08781806161555,3.06545264450266,-0.90118737278487,0.86082382316863,0.65032432142142,61.7808183823683,-2.0,54.6528165043228,0.78333333333333
[DIAG] _physics_process: ENTER, state=3
[DIAG] _physics_process: camera target set to character (state: 3)
[GLIDE],14.7500000000003,0.65032432142142,0.0,0.32516216071071,-0.65032432142142,8.42471568717118,37.9733492759079,0.89896775327614,3.53902496350795,2.38051886438813,799.202087402344,174.988739013672,26.4
[VERBATIM] DIAGNOSIS turning block executed
[DIAG] _turn_input = -0.5
[DIAG] _poll_controls: ENTER, state=3
[VERBATIM] POLL: _poll_controls() entered, game_state=3
[VERBATIM] POLL: checking deploy state=3 canopy=true
[VERBATIM] POLL: turnleft pressed - left turn
[DEBUG] _input (build_terrain) called, event=InputEventKey: keycode=81 (Q), mods=none, physical=false, location=unspecified, pressed=true, echo=true
[AUDIT] _input: ENTER
2026-08-04T14:42:56 [INFO] InputManager ready
2026-08-04T14:42:56 [INFO] InputMap.has_action('restart') = true
[INPUT] unhandled_input triggered
2026-08-04T14:42:56 [INFO] InputManager: key=Q code=81
[AUDIT] poll_forensic_hud: ENTER
[ARMTEL],15.0333333333337,L,true,0.01666666666667,7.3,5.20259457137136,3.01288338109021,-0.91547795246157,0.84556585729427,0.66441708570966,63.1196311598055,-2.0,56.2789047672091,0.8
[DIAG] _physics_process: ENTER, state=3
[DIAG] _physics_process: camera target set to character (state: 3)
[GLIDE],14.766666666667,0.66441708570966,0.0,0.33220854285483,-0.66441708570966,8.36890834058975,38.688277438668,1.54377237725394,3.5321672057989,2.36934093234606,799.205871582031,175.128173828125,26.4
[VERBATIM] DIAGNOSIS turning block executed
[DIAG] _turn_input = -0.5
[DIAG] _poll_controls: ENTER, state=3
[VERBATIM] POLL: _poll_controls() entered, game_state=3
[VERBATIM] POLL: checking deploy state=3 canopy=true
[VERBATIM] POLL: turnleft pressed - left turn
[AUDIT] poll_forensic_hud: ENTER
[ARMTEL],15.0500000000003,L,true,0.01666666666667,7.34791666666667,5.31533668567726,2.95948050052995,-0.92690051954055,0.83011751530193,0.67825237763136,64.4339840593146,-2.0,57.8752846787256,0.81666666666667
[DIAG] _physics_process: ENTER, state=3
[DIAG] _physics_process: camera target set to character (state: 3)
[GLIDE],14.7833333333336,0.67825237763136,0.0,0.33912618881568,-0.67825237763136,8.31412058457983,39.3856885787228,2.20020052023265,3.52584160846738,2.35805277373019,799.211181640625,175.266647338867,26.4
[VERBATIM] DIAGNOSIS turning block executed
[DIAG] _turn_input = -0.5
[DIAG] _poll_controls: ENTER, state=3
[VERBATIM] POLL: _poll_controls() entered, game_state=3
[VERBATIM] POLL: checking deploy state=3 canopy=true
[VERBATIM] POLL: turnleft pressed - left turn
[AUDIT] poll_forensic_hud: ENTER
[ARMTEL],15.066666666667,L,true,0.01666666666667,7.39583333333334,5.42601902105086,2.90541130355675,-0.93559699127427,0.81452423211402,0.69182778149992,65.7236475906401,-2.0,59.4416775057909,0.83333333333333
[DIAG] _physics_process: ENTER, state=3
[DIAG] _physics_process: camera target set to character (state: 3)
[GLIDE],14.8000000000003,0.69182778149992,0.0,0.34591389074996,-0.69182778149992,8.2603619852603,40.0657085175064,2.86796232885776,3.52003122603629,2.34667292839951,799.218078613281,175.404144287109,26.4
[VERBATIM] DIAGNOSIS turning block executed
[DIAG] _turn_input = -0.5
[DIAG] _poll_controls: ENTER, state=3
[VERBATIM] POLL: _poll_controls() entered, game_state=3
[VERBATIM] POLL: checking deploy state=3 canopy=true
[VERBATIM] POLL: turnleft pressed - left turn
[DEBUG] _input (build_terrain) called, event=InputEventKey: keycode=81 (Q), mods=none, physical=false, location=unspecified, pressed=true, echo=true
[AUDIT] _input: ENTER
2026-08-04T14:42:56 [INFO] InputManager ready
2026-08-04T14:42:56 [INFO] InputMap.has_action('restart') = true
[INPUT] unhandled_input triggered
2026-08-04T14:42:56 [INFO] InputManager: key=Q code=81
[AUDIT] poll_forensic_hud: ENTER
[ARMTEL],15.0833333333337,L,true,0.01666666666667,7.44375,5.53462225199939,2.85083481239909,-0.94170706439848,0.79882911437405,0.70514160007282,66.9884605157209,-2.0,60.9778874127188,0.85
[DIAG] _physics_process: ENTER, state=3
[DIAG] _physics_process: camera target set to character (state: 3)
[GLIDE],14.816666666667,0.70514160007282,0.0,0.35257080003641,-0.70514160007282,8.20763926371161,40.7284971128309,3.54677061407161,3.51471848981302,2.33521953109486,799.2265625,175.540679931641,26.4
[VERBATIM] DIAGNOSIS turning block executed
[DIAG] _turn_input = -0.5
[DIAG] _poll_controls: ENTER, state=3
[VERBATIM] POLL: _poll_controls() entered, game_state=3
[VERBATIM] POLL: checking deploy state=3 canopy=true
[VERBATIM] POLL: turnleft pressed - left turn
[AUDIT] poll_forensic_hud: ENTER
[ARMTEL],15.1000000000003,L,true,0.01666666666667,7.49166666666667,5.6411328005826,2.79590190030917,-0.9453680342251,0.7830729804703,0.718192816414,68.2283262256186,-2.0,62.4837970607275,0.86666666666667
[DIAG] _physics_process: ENTER, state=3
[DIAG] _physics_process: camera target set to character (state: 3)
[GLIDE],14.8333333333337,0.718192816414,0.0,0.359096408207,-0.718192816414,8.15595644700057,41.3742451511248,4.23634136659035,3.50988534976939,2.32371021678427,799.236633300781,175.676239013672,26.4
[VERBATIM] DIAGNOSIS turning block executed
[DIAG] _turn_input = -0.5
[DIAG] _poll_controls: ENTER, state=3
[VERBATIM] POLL: _poll_controls() entered, game_state=3
[VERBATIM] POLL: checking deploy state=3 canopy=true
[VERBATIM] POLL: turnleft pressed - left turn
[AUDIT] poll_forensic_hud: ENTER
[ARMTEL],15.116666666667,L,true,0.01666666666667,7.53958333333334,5.74554253131197,2.74075543164604,-0.94671462962468,0.76729440330989,0.73098105646916,69.4432091851724,-2.0,63.9593632897058,0.88333333333333
[DIAG] _physics_process: ENTER, state=3
[DIAG] _physics_process: camera target set to character (state: 3)
[GLIDE],14.8500000000003,0.73098105646916,0.0,0.36549052823458,-0.73098105646916,8.10531501638212,42.0031714066188,4.93639422336733,3.50551340761071,2.31216203560509,799.248229980469,175.810821533203,26.4
[VERBATIM] DIAGNOSIS turning block executed
[DIAG] _turn_input = -0.5
[DIAG] _poll_controls: ENTER, state=3
[VERBATIM] POLL: _poll_controls() entered, game_state=3
[VERBATIM] POLL: checking deploy state=3 canopy=true
[VERBATIM] POLL: turnleft pressed - left turn
[DEBUG] _input (build_terrain) called, event=InputEventKey: keycode=81 (Q), mods=none, physical=false, location=unspecified, pressed=true, echo=true
[AUDIT] _input: ENTER
2026-08-04T14:42:56 [INFO] InputManager ready
2026-08-04T14:42:56 [INFO] InputMap.has_action('restart') = true
[INPUT] unhandled_input triggered
2026-08-04T14:42:56 [INFO] InputManager: key=Q code=81
[AUDIT] poll_forensic_hud: ENTER
[ARMTEL],15.1333333333337,L,true,0.01666666666667,7.5875,5.84784845175329,2.6855304115846,-0.94587886333789,0.75152975558759,0.74350655239562,70.6331314493287,-2.0,65.4046128870361,0.9
[DIAG] _physics_process: ENTER, state=3
[DIAG] _physics_process: camera target set to character (state: 3)
[GLIDE],14.866666666667,0.74350655239562,0.0,0.37175327619781,-0.74350655239562,8.05571405251334,42.6155198637854,5.64665288776376,3.50158404087639,2.30059137763751,799.261413574219,175.944427490234,26.4
[VERBATIM] DIAGNOSIS turning block executed
[DIAG] _turn_input = -0.5
[DIAG] _poll_controls: ENTER, state=3
[VERBATIM] POLL: _poll_controls() entered, game_state=3
[VERBATIM] POLL: checking deploy state=3 canopy=true
[VERBATIM] POLL: turnleft pressed - left turn
[AUDIT] poll_forensic_hud: ENTER
[ARMTEL],15.1500000000003,L,true,0.01666666666667,7.63541666666667,5.94805241916497,2.63035414455656,-0.94298989705486,0.73581325730334,0.75577010668401,71.7981692547075,-2.0,66.8196384477958,0.91666666666667
[DIAG] _physics_process: ENTER, state=3
[DIAG] _physics_process: camera target set to character (state: 3)
[GLIDE],14.8833333333337,0.75577010668401,0.0,0.37788505334201,-0.75577010668401,8.00715037753132,43.2115570987939,6.36684550607699,3.49807851799529,2.28901390758951,799.276184082031,176.077056884766,26.4
[VERBATIM] DIAGNOSIS turning block executed
[DIAG] _turn_input = -0.5
[DIAG] _poll_controls: ENTER, state=3
[VERBATIM] POLL: _poll_controls() entered, game_state=3
[VERBATIM] POLL: checking deploy state=3 canopy=true
[VERBATIM] POLL: turnleft pressed - left turn
[AUDIT] poll_forensic_hud: ENTER
[ARMTEL],15.166666666667,L,true,0.01666666666667,7.68333333333334,6.04616085347208,2.57534640056169,-0.93817392070044,0.72017702529167,0.76777305710554,72.9384496895899,-2.0,68.2045943302086,0.93333333333333
[DIAG] _physics_process: ENTER, state=3
[DIAG] _physics_process: camera target set to character (state: 3)
[GLIDE],14.9000000000003,0.76777305710554,0.0,0.38388652855277,-0.76777305710554,7.95961869386207,43.7915698152977,7.09670500299862,3.49497810429561,2.27744450933156,799.292602539062,176.208694458008,26.4
[VERBATIM] DIAGNOSIS turning block executed
[DIAG] _turn_input = -0.5
[DIAG] _poll_controls: ENTER, state=3
[VERBATIM] POLL: _poll_controls() entered, game_state=3
[VERBATIM] POLL: checking deploy state=3 canopy=true
[VERBATIM] POLL: turnleft pressed - left turn
[DEBUG] _input (build_terrain) called, event=InputEventKey: keycode=81 (Q), mods=none, physical=false, location=unspecified, pressed=true, echo=true
[AUDIT] _input: ENTER
2026-08-04T14:42:56 [INFO] InputManager ready
2026-08-04T14:42:56 [INFO] InputMap.has_action('restart') = true
[INPUT] unhandled_input triggered
2026-08-04T14:42:56 [INFO] InputManager: key=Q code=81
[AUDIT] poll_forensic_hud: ENTER
[ARMTEL],15.1833333333337,L,true,0.01666666666667,7.73125,6.1421844568443,2.52061958852083,-0.93155404536513,0.70465112453558,0.77951724251446,74.0541474451526,-2.0,69.5596927097759,0.95
[DIAG] _physics_process: ENTER, state=3
[DIAG] _physics_process: camera target set to character (state: 3)
[GLIDE],14.916666666667,0.77951724251446,0.0,0.38975862125723,-0.77951724251446,7.91311171964272,44.3558625295107,7.83596937849046,3.49226415903831,2.2658972400936,799.310607910156,176.33935546875,26.4
[VERBATIM] DIAGNOSIS turning block executed
[DIAG] _turn_input = -0.5
[DIAG] _poll_controls: ENTER, state=3
[VERBATIM] POLL: _poll_controls() entered, game_state=3
[VERBATIM] POLL: checking deploy state=3 canopy=true
[VERBATIM] POLL: turnleft pressed - left turn
[AUDIT] poll_forensic_hud: ENTER
[ARMTEL],15.2000000000003,L,true,0.01666666666667,7.77916666666667,6.23613794011571,2.46627893587454,-0.92325020932358,0.68926362104686,0.79100496953191,75.1454816504302,-2.0,70.8851997351013,0.96666666666667
[DIAG] _physics_process: ENTER, state=3
[DIAG] _physics_process: camera target set to character (state: 3)
[GLIDE],14.9333333333337,0.79100496953191,0.0,0.39550248476596,-0.79100496953191,7.86762032065363,44.9047553992482,8.58438196847793,3.48991822360681,2.25438529402631,799.330200195312,176.469009399414,26.4
[WIND] speed 6.93281662981138 kts  dir 0°  gust 0.85055895324809  vec_ms (0.0, 0.0, 3.566546)
[VERBATIM] DIAGNOSIS turning block executed
[DIAG] _turn_input = -0.5
[DIAG] _poll_controls: ENTER, state=3
[VERBATIM] POLL: _poll_controls() entered, game_state=3
[VERBATIM] POLL: checking deploy state=3 canopy=true
[VERBATIM] POLL: turnleft pressed - left turn
[AUDIT] poll_forensic_hud: ENTER
[ARMTEL],15.216666666667,L,true,0.01666666666667,7.82708333333334,6.32803975625529,2.41242267366399,-0.91337909658595,0.67404063610376,0.80223898013364,76.2127127931531,-2.0,72.1814317880178,0.98333333333333
[DIAG] _physics_process: ENTER, state=3
[DIAG] _physics_process: camera target set to character (state: 3)
[GLIDE],14.9500000000003,0.80223898013364,0.0,0.40111949006682,-0.80223898013364,7.82313363867078,45.4385821913981,9.3416916716679,3.48792210104244,2.24292097473526,799.351379394531,176.597671508789,26.4
[VERBATIM] DIAGNOSIS turning block executed
[DIAG] _turn_input = -0.5
[DIAG] _poll_controls: ENTER, state=3
[VERBATIM] POLL: _poll_controls() entered, game_state=3
[VERBATIM] POLL: checking deploy state=3 canopy=true
[VERBATIM] POLL: turnleft pressed - left turn
[DEBUG] _input (build_terrain) called, event=InputEventKey: keycode=81 (Q), mods=none, physical=false, location=unspecified, pressed=true, echo=true
[AUDIT] _input: ENTER
2026-08-04T14:42:56 [INFO] InputManager ready
2026-08-04T14:42:56 [INFO] InputMap.has_action('restart') = true
[INPUT] unhandled_input triggered
2026-08-04T14:42:56 [INFO] InputManager: key=Q code=81
[AUDIT] poll_forensic_hud: ENTER
[ARMTEL],15.2333333333337,L,true,0.01666666666667,7.875,6.41791184106913,2.35914222636315,-0.90205406743227,0.65900640164655,0.81322242016108,77.2561397282951,-2.0,73.4487518502462,1.0
[DIAG] _physics_process: ENTER, state=3
[DIAG] _physics_process: camera target set to character (state: 3)
[GLIDE],14.966666666667,0.81322242016108,0.0,0.40661121008054,-0.81322242016108,7.77963921616211,45.9576883821407,10.1076531447036,3.4862579271653,2.23151567631939,799.374145507812,176.725326538086,26.4
[VERBATIM] DIAGNOSIS turning block executed
[DIAG] _turn_input = -0.5
[DIAG] _poll_controls: ENTER, state=3
[VERBATIM] POLL: _poll_controls() entered, game_state=3
[VERBATIM] POLL: checking deploy state=3 canopy=true
[VERBATIM] POLL: turnleft pressed - left turn
[AUDIT] poll_forensic_hud: ENTER
[ARMTEL],15.2500000000003,L,true,0.01666666666667,7.92291666666667,6.50577936128867,2.30652240576293,-0.88938510038493,0.64418331664014,0.82395880877175,78.2760967758625,-2.0,74.6875659784415,1.01666666666667
[DIAG] _physics_process: ENTER, state=3
[DIAG] _physics_process: camera target set to character (state: 3)
[GLIDE],14.9833333333337,0.82395880877175,0.0,0.41197940438588,-0.82395880877175,7.73712311726386,46.4624293841519,10.8820269677728,3.48490823356382,2.22017987238406,799.398498535156,176.851959228516,26.4
[VERBATIM] DIAGNOSIS turning block executed
[DIAG] _turn_input = -0.5
[DIAG] _poll_controls: ENTER, state=3
[VERBATIM] POLL: _poll_controls() entered, game_state=3
[VERBATIM] POLL: checking deploy state=3 canopy=true
[VERBATIM] POLL: turnleft pressed - left turn
[AUDIT] poll_forensic_hud: ENTER
[ARMTEL],15.266666666667,L,true,0.01666666666667,7.97083333333334,6.59167047017402,2.25464160824048,-0.87547874508116,0.62959200422212,0.83445200884212,79.2729509091669,-2.0,75.8983198891405,1.03333333333333
[DIAG] _physics_process: ENTER, state=3
[DIAG] _physics_process: camera target set to character (state: 3)
[GLIDE],15.0000000000003,0.83445200884212,0.0,0.41722600442106,-0.83445200884212,7.6955700449852,46.9531688949854,11.6645797826892,3.48385600277348,2.20892311245321,799.424438476562,176.977569580078,26.4
[VERBATIM] DIAGNOSIS turning block executed
[DIAG] _turn_input = -0.5
[DIAG] _poll_controls: ENTER, state=3
[VERBATIM] POLL: _poll_controls() entered, game_state=3
[VERBATIM] POLL: checking deploy state=3 canopy=true
[VERBATIM] POLL: turnleft pressed - left turn
[DEBUG] _input (build_terrain) called, event=InputEventKey: keycode=81 (Q), mods=none, physical=false, location=unspecified, pressed=true, echo=true
[AUDIT] _input: ENTER
2026-08-04T14:42:56 [INFO] InputManager ready
2026-08-04T14:42:56 [INFO] InputMap.has_action('restart') = true
[INPUT] unhandled_input triggered
2026-08-04T14:42:56 [INFO] InputManager: key=Q code=81
[AUDIT] poll_forensic_hud: ENTER
[ARMTEL],15.2833333333337,L,true,0.01666666666667,8.01875,6.67561607073697,2.20357201477741,-0.86043808551437,0.61525136946354,0.84470619833318,80.2470990345527,-2.0,77.0814956547878,1.05
[DIAG] _physics_process: ENTER, state=3
[DIAG] _physics_process: camera target set to character (state: 3)
[GLIDE],15.016666666667,0.84470619833318,0.0,0.42235309916659,-0.84470619833318,7.65496345460061,47.4302773608398,12.4550844053699,3.48308471599596,2.19775402517355,799.451965332031,177.102142333984,26.4
[VERBATIM] DIAGNOSIS turning block executed
[DIAG] _turn_input = -0.5
[DIAG] _poll_controls: ENTER, state=3
[VERBATIM] POLL: _poll_controls() entered, game_state=3
[VERBATIM] POLL: checking deploy state=3 canopy=true
[VERBATIM] POLL: turnleft pressed - left turn
[DEBUG] _input (build_terrain) called, event=InputEventMouseMotion: button_mask=0, position=((510.0, 203.0)), relative=((-1.0, 0.0)), velocity=((0.0, 0.0)), pressure=0.00, tilt=((0.0, 0.0)), pen_inverted=(false)
[AUDIT] _input: ENTER
[AUDIT] _gui_input: ENTER
[AUDIT] poll_forensic_hud: ENTER
[ARMTEL],15.3000000000003,L,true,0.01666666666667,8.06666666666667,6.75764958666544,2.1533797931224,-0.84436271312117,0.60117865757819,0.85472584262615,81.1989653632899,-2.0,78.2376085117021,1.06666666666667
[DIAG] _physics_process: ENTER, state=3
[DIAG] _physics_process: camera target set to character (state: 3)
[GLIDE],15.0333333333337,0.85472584262615,0.0,0.42736292131308,-0.85472584262615,7.61528566320045,47.894130549966,13.253319914536,3.4825783937347,2.18668032768499,799.481079101562,177.225677490234,26.4
[VERBATIM] DIAGNOSIS turning block executed
[DIAG] _turn_input = -0.5
[DIAG] _poll_controls: ENTER, state=3
[VERBATIM] POLL: _poll_controls() entered, game_state=3
[VERBATIM] POLL: checking deploy state=3 canopy=true
[VERBATIM] POLL: turnleft pressed - left turn
[DEBUG] _input (build_terrain) called, event=InputEventMouseMotion: button_mask=0, position=((506.0, 203.0)), relative=((-4.0, 0.0)), velocity=((0.0, 0.0)), pressure=0.00, tilt=((0.0, 0.0)), pen_inverted=(false)
[AUDIT] _input: ENTER
[AUDIT] _gui_input: ENTER
[AUDIT] poll_forensic_hud: ENTER
[ARMTEL],15.316666666667,L,true,0.01666666666667,8.11458333333334,6.8378067410092,2.10412530152367,-0.82734870919953,0.58738951242487,0.86451566783323,82.1289988760945,-2.0,79.3672037805472,1.08333333333333
[DIAG] _physics_process: ENTER, state=3
[DIAG] _physics_process: camera target set to character (state: 3)
[GLIDE],15.0500000000003,0.86451566783323,0.0,0.43225783391662,-0.86451566783323,7.5765179553804,48.3451082300555,14.0590717183702,3.48232162974205,2.17570884052477,799.511779785156,177.348175048828,26.4
[VERBATIM] DIAGNOSIS turning block executed
[DIAG] _turn_input = -0.5
[DIAG] _poll_controls: ENTER, state=3
[VERBATIM] POLL: _poll_controls() entered, game_state=3
[VERBATIM] POLL: checking deploy state=3 canopy=true
[VERBATIM] POLL: turnleft pressed - left turn
[DEBUG] _input (build_terrain) called, event=InputEventMouseMotion: button_mask=0, position=((503.0, 203.0)), relative=((-3.0, 0.0)), velocity=((0.0, 0.0)), pressure=0.00, tilt=((0.0, 0.0)), pen_inverted=(false)
[AUDIT] _input: ENTER
[AUDIT] _gui_input: ENTER
[DEBUG] _input (build_terrain) called, event=InputEventKey: keycode=81 (Q), mods=none, physical=false, location=unspecified, pressed=true, echo=true
[AUDIT] _input: ENTER
2026-08-04T14:42:56 [INFO] InputManager ready
2026-08-04T14:42:56 [INFO] InputMap.has_action('restart') = true
[INPUT] unhandled_input triggered
2026-08-04T14:42:56 [INFO] InputManager: key=Q code=81
[DEBUG] _input (build_terrain) called, event=InputEventMouseMotion: button_mask=0, position=((501.0, 203.0)), relative=((-2.0, 0.0)), velocity=((0.0, 0.0)), pressure=0.00, tilt=((0.0, 0.0)), pen_inverted=(false)
[AUDIT] _input: ENTER
[AUDIT] _gui_input: ENTER
[AUDIT] poll_forensic_hud: ENTER
[ARMTEL],15.3333333333337,L,true,0.01666666666667,8.1625,6.91612534266585,2.05586329348703,-0.80948863615288,0.57389803515565,0.87408063508583,83.0376708805095,-2.0,80.4708538995885,1.1
[DIAG] _physics_process: ENTER, state=3
[DIAG] _physics_process: camera target set to character (state: 3)
[GLIDE],15.066666666667,0.87408063508583,0.0,0.43704031754291,-0.87408063508583,7.53864068506013,48.7835929440589,14.8721316007712,3.48229961868679,2.16484550743598,799.544006347656,177.469604492188,26.4
[VERBATIM] DIAGNOSIS turning block executed
[DIAG] _turn_input = -0.5
[DIAG] _poll_controls: ENTER, state=3
[VERBATIM] POLL: _poll_controls() entered, game_state=3
[VERBATIM] POLL: checking deploy state=3 canopy=true
[VERBATIM] POLL: turnleft pressed - left turn
[DEBUG] _input (build_terrain) called, event=InputEventMouseMotion: button_mask=0, position=((497.0, 203.0)), relative=((-4.0, 0.0)), velocity=((0.0, 0.0)), pressure=0.00, tilt=((0.0, 0.0)), pen_inverted=(false)
[AUDIT] _input: ENTER
[AUDIT] _gui_input: ENTER
[AUDIT] poll_forensic_hud: ENTER
[ARMTEL],15.3500000000003,L,true,0.01666666666667,8.21041666666667,6.9926450806866,2.00864312304478,-0.79087153706471,0.56071684287124,0.88342591580035,83.9254726611565,-2.0,81.5491555707477,1.11666666666667
[DIAG] _physics_process: ENTER, state=3
[DIAG] _physics_process: camera target set to character (state: 3)
[GLIDE],15.0833333333337,0.88342591580035,0.0,0.44171295790017,-0.88342591580035,7.50163337343063,49.2099688790277,15.692297748755,3.48249817795936,2.15409541946304,799.577819824219,177.589965820312,26.4
[VERBATIM] DIAGNOSIS turning block executed
[DIAG] _turn_input = -0.5
[DIAG] _poll_controls: ENTER, state=3
[VERBATIM] POLL: _poll_controls() entered, game_state=3
[VERBATIM] POLL: checking deploy state=3 canopy=true
[VERBATIM] POLL: turnleft pressed - left turn
[DEBUG] _input (build_terrain) called, event=InputEventMouseMotion: button_mask=0, position=((496.0, 203.0)), relative=((-1.0, 0.0)), velocity=((0.0, 0.0)), pressure=0.00, tilt=((0.0, 0.0)), pen_inverted=(false)
[AUDIT] _input: ENTER
[AUDIT] _gui_input: ENTER
[AUDIT] poll_forensic_hud: ENTER
[ARMTEL],15.366666666667,L,true,0.01666666666667,8.25833333333333,7.06740732640277,1.96250895004934,-0.77158294311877,0.54785712715259,0.89255686791956,84.7929132226629,-2.0,82.6027270182186,1.13333333333333
[DIAG] _physics_process: ENTER, state=3
[DIAG] _physics_process: camera target set to character (state: 3)
[GLIDE],15.1000000000003,0.89255686791956,0.0,0.44627843395978,-0.89255686791956,7.46547480303856,49.6246208227272,16.5193747624671,3.48290376403647,2.1434628427363,799.613220214844,177.709259033203,26.4
[VERBATIM] DIAGNOSIS turning block executed
[DIAG] _turn_input = -0.5
[DIAG] _poll_controls: ENTER, state=3
[VERBATIM] POLL: _poll_controls() entered, game_state=3
[VERBATIM] POLL: checking deploy state=3 canopy=true
[VERBATIM] POLL: turnleft pressed - left turn
[DEBUG] _input (build_terrain) called, event=InputEventKey: keycode=81 (Q), mods=none, physical=false, location=unspecified, pressed=true, echo=true
[AUDIT] _input: ENTER
2026-08-04T14:42:57 [INFO] InputManager ready
2026-08-04T14:42:57 [INFO] InputMap.has_action('restart') = true
[INPUT] unhandled_input triggered
2026-08-04T14:42:57 [INFO] InputManager: key=Q code=81
[DEBUG] _input (build_terrain) called, event=InputEventMouseMotion: button_mask=0, position=((496.0, 203.0)), relative=((0.0, 0.0)), velocity=((0.0, 0.0)), pressure=0.00, tilt=((0.0, 0.0)), pen_inverted=(false)
[AUDIT] _input: ENTER
[AUDIT] _gui_input: ENTER
[AUDIT] poll_forensic_hud: ENTER
[ARMTEL],15.3833333333337,L,true,0.01666666666667,8.30625,7.14045494335645,1.91749994503407,-0.75170488839052,0.53532871234608,0.90147901312532,85.6405171248726,-2.0,83.6322053591694,1.15
[DIAG] _physics_process: ENTER, state=3
[DIAG] _physics_process: camera target set to character (state: 3)
[GLIDE],15.116666666667,0.90147901312532,0.0,0.45073950656266,-0.90147901312532,7.43014310802372,50.0279332029436,17.3531736491828,3.48350348382632,2.13295124937334,799.650146484375,177.827453613281,26.4
[VERBATIM] DIAGNOSIS turning block executed
[DIAG] _turn_input = -0.5
[DIAG] _poll_controls: ENTER, state=3
[VERBATIM] POLL: _poll_controls() entered, game_state=3
[VERBATIM] POLL: checking deploy state=3 canopy=true
[VERBATIM] POLL: turnleft pressed - left turn
[DEBUG] _input (build_terrain) called, event=InputEventMouseMotion: button_mask=0, position=((493.0, 203.0)), relative=((-3.0, 0.0)), velocity=((0.0, 0.0)), pressure=0.00, tilt=((0.0, 0.0)), pen_inverted=(false)
[AUDIT] _input: ENTER
[AUDIT] _gui_input: ENTER
[AUDIT] poll_forensic_hud: ENTER
[ARMTEL],15.4000000000003,L,true,0.01666666666667,8.35416666666667,7.21183210500259,1.87365049321129,-0.73131593154722,0.52314011348696,0.91019801501677,86.4688224097707,-2.0,84.6382440858373,1.16666666666667
[DIAG] _physics_process: ENTER, state=3
[DIAG] _physics_process: camera target set to character (state: 3)
[GLIDE],15.1333333333337,0.91019801501677,0.0,0.45509900750839,-0.91019801501677,7.39561586053358,50.4202892045998,18.1935118025928,3.48428510141215,2.12256335095432,799.688659667969,177.944549560547,26.4
[VERBATIM] DIAGNOSIS turning block executed
[DIAG] _turn_input = -0.5
[DIAG] _poll_controls: ENTER, state=3
[VERBATIM] POLL: _poll_controls() entered, game_state=3
[VERBATIM] POLL: checking deploy state=3 canopy=true
[VERBATIM] POLL: turnleft pressed - left turn
[DEBUG] _input (build_terrain) called, event=InputEventMouseMotion: button_mask=0, position=((488.0, 203.0)), relative=((-5.0, 0.0)), velocity=((-154.9227, 0.0)), pressure=0.00, tilt=((0.0, 0.0)), pen_inverted=(false)
[AUDIT] _input: ENTER
[AUDIT] _gui_input: ENTER
[AUDIT] poll_forensic_hud: ENTER
[ARMTEL],15.416666666667,L,true,0.01666666666667,8.40208333333334,7.28158412013419,1.83099039720437,-0.71049118400522,0.51129859375354,0.918719658246,87.2783786193761,-2.0,85.6215106581104,1.18333333333333
[DIAG] _physics_process: ENTER, state=3
[DIAG] _physics_process: camera target set to character (state: 3)
[GLIDE],15.1500000000003,0.918719658246,0.0,0.459359829123,-0.918719658246,7.36187015334584,50.8020699599889,19.0402129685927,3.4852370406043,2.11230113406272,799.728698730469,178.060531616211,26.4
[VERBATIM] DIAGNOSIS turning block executed
[DIAG] _turn_input = -0.5
[AUDIT] _poll_fast: ENTER
[DIAG] _poll_controls: ENTER, state=3
[VERBATIM] POLL: _poll_controls() entered, game_state=3
[VERBATIM] POLL: checking deploy state=3 canopy=true
[VERBATIM] POLL: turnleft pressed - left turn
[DEBUG] _input (build_terrain) called, event=InputEventMouseMotion: button_mask=0, position=((483.0, 203.0)), relative=((-5.0, 0.0)), velocity=((-154.9227, 0.0)), pressure=0.00, tilt=((0.0, 0.0)), pen_inverted=(false)
[AUDIT] _input: ENTER
[AUDIT] _gui_input: ENTER
[DEBUG] _input (build_terrain) called, event=InputEventKey: keycode=81 (Q), mods=none, physical=false, location=unspecified, pressed=true, echo=true
[AUDIT] _input: ENTER
2026-08-04T14:42:57 [INFO] InputManager ready
2026-08-04T14:42:57 [INFO] InputMap.has_action('restart') = true
[INPUT] unhandled_input triggered
2026-08-04T14:42:57 [INFO] InputManager: key=Q code=81
[DEBUG] _input (build_terrain) called, event=InputEventMouseMotion: button_mask=0, position=((480.0, 203.0)), relative=((-3.0, 0.0)), velocity=((-154.9227, 0.0)), pressure=0.00, tilt=((0.0, 0.0)), pen_inverted=(false)
[AUDIT] _input: ENTER
[AUDIT] _gui_input: ENTER
[AUDIT] poll_forensic_hud: ENTER
[ARMTEL],15.4333333333337,L,true,0.01666666666667,8.45,7.34975726596799,1.7895450781374,-0.68930234410539,0.49981022135179,0.92704982860186,88.0697449037016,-2.0,86.5826842055043,1.2
[DIAG] _physics_process: ENTER, state=3
[DIAG] _physics_process: camera target set to character (state: 3)
[GLIDE],15.166666666667,0.92704982860186,0.0,0.46352491430093,-0.92704982860186,7.32888267873663,51.1736538076431,19.89310719872,3.48634838370111,2.10216589741851,799.770263671875,178.175384521484,26.4
[VERBATIM] DIAGNOSIS turning block executed
[DIAG] _turn_input = -0.5
[DIAG] _poll_controls: ENTER, state=3
[VERBATIM] POLL: _poll_controls() entered, game_state=3
[VERBATIM] POLL: checking deploy state=3 canopy=true
[VERBATIM] POLL: turnleft pressed - left turn
[DEBUG] _input (build_terrain) called, event=InputEventMouseMotion: button_mask=0, position=((476.0, 202.0)), relative=((-4.0, -1.0)), velocity=((-154.9227, 0.0)), pressure=0.00, tilt=((0.0, 0.0)), pen_inverted=(false)
[AUDIT] _input: ENTER
[AUDIT] _gui_input: ENTER
[AUDIT] poll_forensic_hud: ENTER
[ARMTEL],15.4500000000003,L,true,0.01666666666667,8.49791666666667,7.4163986288149,1.74933577473125,-0.66781773687948,0.48867992573713,0.93519449403081,88.8434882177321,-2.0,87.5224533372572,1.21666666666667
[DIAG] _physics_process: ENTER, state=3
[DIAG] _physics_process: camera target set to character (state: 3)
[GLIDE],15.1833333333337,0.93519449403081,0.0,0.46759724701541,-0.93519449403081,7.29662980363798,51.5354156155613,20.7520307923127,3.48760886684644,2.09215829016851,799.813354492188,178.289108276367,26.4
[VERBATIM] DIAGNOSIS turning block executed
[DIAG] _turn_input = -0.5
[DIAG] _poll_controls: ENTER, state=3
[VERBATIM] POLL: _poll_controls() entered, game_state=3
[VERBATIM] POLL: checking deploy state=3 canopy=true
[VERBATIM] POLL: turnleft pressed - left turn
[DEBUG] _input (build_terrain) called, event=InputEventMouseMotion: button_mask=0, position=((472.0, 201.0)), relative=((-4.0, -1.0)), velocity=((-154.9227, 0.0)), pressure=0.00, tilt=((0.0, 0.0)), pen_inverted=(false)
[AUDIT] _input: ENTER
[AUDIT] _gui_input: ENTER
[AUDIT] poll_forensic_hud: ENTER
[ARMTEL],15.466666666667,L,true,0.01666666666667,8.54583333333333,7.48155595224651,1.71037974007995,-0.64610235899313,0.47791155308724,0.94315968658227,89.6001816062346,-2.0,88.4415140591028,1.23333333333333
[DIAG] _physics_process: ENTER, state=3
[DIAG] _physics_process: camera target set to character (state: 3)
[GLIDE],15.2000000000003,0.94315968658227,0.0,0.47157984329113,-0.94315968658227,7.26508764113422,51.8877261647343,21.6168262283916,3.48900887235651,2.08227835093675,799.857971191406,178.401672363281,26.4
[VERBATIM] DIAGNOSIS turning block executed
[DIAG] _turn_input = -0.5
[DIAG] _poll_controls: ENTER, state=3
[VERBATIM] POLL: _poll_controls() entered, game_state=3
[VERBATIM] POLL: checking deploy state=3 canopy=true
[VERBATIM] POLL: turnleft pressed - left turn
[DEBUG] _input (build_terrain) called, event=InputEventKey: keycode=81 (Q), mods=none, physical=false, location=unspecified, pressed=true, echo=true
[AUDIT] _input: ENTER
2026-08-04T14:42:57 [INFO] InputManager ready
2026-08-04T14:42:57 [INFO] InputMap.has_action('restart') = true
[INPUT] unhandled_input triggered
2026-08-04T14:42:57 [INFO] InputManager: key=Q code=81
[DEBUG] _input (build_terrain) called, event=InputEventMouseMotion: button_mask=0, position=((471.0, 200.0)), relative=((-1.0, -1.0)), velocity=((-154.9227, 0.0)), pressure=0.00, tilt=((0.0, 0.0)), pen_inverted=(false)
[AUDIT] _input: ENTER
[AUDIT] _gui_input: ENTER
[AUDIT] poll_forensic_hud: ENTER
[ARMTEL],15.4833333333337,L,true,0.01666666666667,8.59375,7.54527749265815,1.67269043580535,-0.6242179284635,0.46750792094618,0.9509514852647,90.3404025750881,-2.0,89.3405677951294,1.25
[DIAG] _physics_process: ENTER, state=3
[DIAG] _physics_process: camera target set to character (state: 3)
[GLIDE],15.216666666667,0.9509514852647,0.0,0.47547574263235,-0.9509514852647,7.23423211835177,52.230951589115,22.4873420882102,3.49053941837297,2.07252554727597,799.904113769531,178.513076782227,26.4
[VERBATIM] DIAGNOSIS turning block executed
[DIAG] _turn_input = -0.5
[DIAG] _poll_controls: ENTER, state=3
[VERBATIM] POLL: _poll_controls() entered, game_state=3
[VERBATIM] POLL: checking deploy state=3 canopy=true
[VERBATIM] POLL: turnleft pressed - left turn
[DEBUG] _input (build_terrain) called, event=InputEventMouseMotion: button_mask=0, position=((470.0, 199.0)), relative=((-1.0, -1.0)), velocity=((-154.9227, 0.0)), pressure=0.00, tilt=((0.0, 0.0)), pen_inverted=(false)
[AUDIT] _input: ENTER
[AUDIT] _gui_input: ENTER
[AUDIT] poll_forensic_hud: ENTER
[ARMTEL],15.5000000000003,L,true,0.01666666666667,8.64166666666667,7.60761188211764,1.63627772331165,-0.60222293876262,0.45747087196681,0.95857599979748,91.0647315477057,-2.0,90.2203195129885,1.26666666666667
[DIAG] _physics_process: ENTER, state=3
[DIAG] _physics_process: camera target set to character (state: 3)
[GLIDE],15.2333333333337,0.95857599979748,0.0,0.47928799989874,-0.95857599979748,7.20403904080196,52.5654528683912,23.3634329693501,3.49219214618066,2.06289881519861,799.951721191406,178.623306274414,26.4
[VERBATIM] DIAGNOSIS turning block executed
[DIAG] _turn_input = -0.5
[DIAG] _poll_controls: ENTER, state=3
[VERBATIM] POLL: _poll_controls() entered, game_state=3
[VERBATIM] POLL: checking deploy state=3 canopy=true
[VERBATIM] POLL: turnleft pressed - left turn
[DEBUG] _input (build_terrain) called, event=InputEventMouseMotion: button_mask=0, position=((467.0, 198.0)), relative=((-3.0, -1.0)), velocity=((-154.9227, 0.0)), pressure=0.00, tilt=((0.0, 0.0)), pen_inverted=(false)
[AUDIT] _input: ENTER
[AUDIT] _gui_input: ENTER
[AUDIT] poll_forensic_hud: ENTER
[ARMTEL],15.516666666667,L,true,0.01666666666667,8.68958333333333,7.66860799837988,1.60114805188383,-0.58017271693037,0.44780132668464,0.96603935524223,91.7737504050152,-2.0,91.0814759505921,1.28333333333333
[DIAG] _physics_process: ENTER, state=3
[DIAG] _physics_process: camera target set to character (state: 3)
[GLIDE],15.2500000000003,0.96603935524223,0.0,0.48301967762111,-0.96603935524223,7.17448415324077,52.8915853701254,24.2449593921855,3.4939593055103,2.05339659850243,800.000793457031,178.732330322266,26.4
[VERBATIM] DIAGNOSIS turning block executed
[DIAG] _turn_input = -0.5
[DIAG] _poll_controls: ENTER, state=3
[VERBATIM] POLL: _poll_controls() entered, game_state=3
[VERBATIM] POLL: checking deploy state=3 canopy=true
[VERBATIM] POLL: turnleft pressed - left turn
[DEBUG] _input (build_terrain) called, event=InputEventMouseMotion: button_mask=0, position=((465.0, 198.0)), relative=((-2.0, 0.0)), velocity=((-224.5192, -43.17677)), pressure=0.00, tilt=((0.0, 0.0)), pen_inverted=(false)
[AUDIT] _input: ENTER
[AUDIT] _gui_input: ENTER
[DEBUG] _input (build_terrain) called, event=InputEventKey: keycode=81 (Q), mods=none, physical=false, location=unspecified, pressed=true, echo=true
[AUDIT] _input: ENTER
2026-08-04T14:42:57 [INFO] InputManager ready
2026-08-04T14:42:57 [INFO] InputMap.has_action('restart') = true
[INPUT] unhandled_input triggered
2026-08-04T14:42:57 [INFO] InputManager: key=Q code=81
[DEBUG] _input (build_terrain) called, event=InputEventMouseMotion: button_mask=0, position=((463.0, 197.0)), relative=((-2.0, -1.0)), velocity=((-224.5192, -43.17677)), pressure=0.00, tilt=((0.0, 0.0)), pen_inverted=(false)
[AUDIT] _input: ENTER
[AUDIT] _gui_input: ENTER
[AUDIT] poll_forensic_hud: ENTER
[ARMTEL],15.5333333333337,L,true,0.01666666666667,8.7375,7.72831484193783,1.56730464339622,-0.55811948533405,0.4384993352624,0.9733476774966,92.4680411073688,-2.0,91.9247439423193,1.3
[DIAG] _physics_process: ENTER, state=3
[DIAG] _physics_process: camera target set to character (state: 3)
[GLIDE],15.266666666667,0.9733476774966,0.0,0.4866738387483,-0.9733476774966,7.14554319711346,53.2096984380282,25.131787699486,3.49583373812627,2.04401688764048,800.051391601562,178.840148925781,26.4
[VERBATIM] DIAGNOSIS turning block executed
[DIAG] _turn_input = -0.5
[DIAG] _poll_controls: ENTER, state=3
[VERBATIM] POLL: _poll_controls() entered, game_state=3
[VERBATIM] POLL: checking deploy state=3 canopy=true
[VERBATIM] POLL: turnleft pressed - left turn
[DEBUG] _input (build_terrain) called, event=InputEventMouseMotion: button_mask=0, position=((457.0, 195.0)), relative=((-6.0, -2.0)), velocity=((-224.5192, -43.17677)), pressure=0.00, tilt=((0.0, 0.0)), pen_inverted=(false)
[AUDIT] _input: ENTER
[AUDIT] _gui_input: ENTER
[AUDIT] poll_forensic_hud: ENTER
[ARMTEL],15.5500000000004,L,true,0.01666666666667,8.78541666666667,7.78678141997282,1.5347476734184,-0.53611242672455,0.42956412815032,0.98050707963244,93.1481843966645,-2.0,92.7508288426455,1.31666666666667
[DIAG] _physics_process: ENTER, state=3
[DIAG] _physics_process: camera target set to character (state: 3)
[GLIDE],15.2833333333337,0.98050707963244,0.0,0.49025353981622,-0.98050707963244,7.11719196465553,53.5201350233235,26.0237899498747,3.49780885997996,2.03475725791841,800.103454589844,178.946746826172,26.4
[VERBATIM] DIAGNOSIS turning block executed
[DIAG] _turn_input = -0.5
[DIAG] _poll_controls: ENTER, state=3
[VERBATIM] POLL: _poll_controls() entered, game_state=3
[VERBATIM] POLL: checking deploy state=3 canopy=true
[VERBATIM] POLL: turnleft pressed - left turn
[DEBUG] _input (build_terrain) called, event=InputEventMouseMotion: button_mask=0, position=((452.0, 193.0)), relative=((-5.0, -2.0)), velocity=((-224.5192, -43.17677)), pressure=0.00, tilt=((0.0, 0.0)), pen_inverted=(false)
[AUDIT] _input: ENTER
[AUDIT] _gui_input: ENTER
[AUDIT] poll_forensic_hud: ENTER
[ARMTEL],15.566666666667,L,true,0.01666666666667,8.83333333333333,7.84405663705953,1.50347444852614,-0.51419775225233,0.42099416561279,0.98752364905932,93.8147585768857,-2.0,93.5604330450162,1.33333333333333
[DIAG] _physics_process: ENTER, state=3
[DIAG] _physics_process: camera target set to character (state: 3)
[GLIDE],15.3000000000003,0.98752364905932,0.0,0.49376182452966,-0.98752364905932,7.08940634972509,53.823231356359,26.920843805814,3.49987864218889,2.02561490683324,800.156921386719,179.052093505859,26.4
[VERBATIM] DIAGNOSIS turning block executed
[DIAG] _turn_input = -0.5
[DIAG] _poll_controls: ENTER, state=3
[VERBATIM] POLL: _poll_controls() entered, game_state=3
[VERBATIM] POLL: checking deploy state=3 canopy=true
[VERBATIM] POLL: turnleft pressed - left turn
[DEBUG] _input (build_terrain) called, event=InputEventMouseMotion: button_mask=0, position=((449.0, 193.0)), relative=((-3.0, 0.0)), velocity=((-224.5192, -43.17677)), pressure=0.00, tilt=((0.0, 0.0)), pen_inverted=(false)
[AUDIT] _input: ENTER
[AUDIT] _gui_input: ENTER
[DEBUG] _input (build_terrain) called, event=InputEventKey: keycode=81 (Q), mods=none, physical=false, location=unspecified, pressed=true, echo=true
[AUDIT] _input: ENTER
2026-08-04T14:42:57 [INFO] InputManager ready
2026-08-04T14:42:57 [INFO] InputMap.has_action('restart') = true
[INPUT] unhandled_input triggered
2026-08-04T14:42:57 [INFO] InputManager: key=Q code=81
[DEBUG] _input (build_terrain) called, event=InputEventMouseMotion: button_mask=0, position=((446.0, 192.0)), relative=((-3.0, -1.0)), velocity=((-224.5192, -43.17677)), pressure=0.00, tilt=((0.0, 0.0)), pen_inverted=(false)
[AUDIT] _input: ENTER
[AUDIT] _gui_input: ENTER
[AUDIT] poll_forensic_hud: ENTER
[ARMTEL],15.5833333333337,L,true,0.01666666666667,8.88125,7.90018919247457,1.47347957964475,-0.49241877211932,0.41278718607746,0.99440343549395,94.468338371192,-2.0,94.3542545936987,1.35
[DIAG] _physics_process: ENTER, state=3
[DIAG] _physics_process: camera target set to character (state: 3)
[GLIDE],15.316666666667,0.99440343549395,0.0,0.49720171774697,-0.99440343549395,7.06216239544398,54.1193166557906,27.8228324167439,3.50203759108135,2.01658669039682,800.211853027344,179.156188964844,26.4
[VERBATIM] DIAGNOSIS turning block executed
[DIAG] _turn_input = -0.5
[DIAG] _poll_controls: ENTER, state=3
[VERBATIM] POLL: _poll_controls() entered, game_state=3
[VERBATIM] POLL: checking deploy state=3 canopy=true
[VERBATIM] POLL: turnleft pressed - left turn
[DEBUG] _input (build_terrain) called, event=InputEventMouseMotion: button_mask=0, position=((441.0, 190.0)), relative=((-5.0, -2.0)), velocity=((-224.5192, -43.17677)), pressure=0.00, tilt=((0.0, 0.0)), pen_inverted=(false)
[AUDIT] _input: ENTER
[AUDIT] _gui_input: ENTER
[AUDIT] poll_forensic_hud: ENTER
[ARMTEL],15.6000000000004,L,true,0.01666666666667,8.92916666666667,7.95522748395156,1.44475515127112,-0.47081596855602,0.0,1.0,95.0000120667998,-2.0,95.0000120667998,1.36666666666667
[DIAG] _physics_process: ENTER, state=3
[DIAG] _physics_process: camera target set to character (state: 3)
[GLIDE],15.3333333333337,1.0,0.0,0.5,-1.0,7.04,54.3593708130368,28.7288219302945,3.50388888888889,2.0091961312827,800.268249511719,179.259078979492,26.4
[VERBATIM] DIAGNOSIS turning block executed
[DIAG] _turn_input = -0.5
[DIAG] _poll_controls: ENTER, state=3
[VERBATIM] POLL: _poll_controls() entered, game_state=3
[VERBATIM] POLL: checking deploy state=3 canopy=true
[VERBATIM] POLL: turnleft pressed - left turn
[DEBUG] _input (build_terrain) called, event=InputEventMouseMotion: button_mask=0, position=((437.0, 190.0)), relative=((-4.0, 0.0)), velocity=((-224.5192, -43.17677)), pressure=0.00, tilt=((0.0, 0.0)), pen_inverted=(false)
[AUDIT] _input: ENTER
[AUDIT] _gui_input: ENTER
[AUDIT] poll_forensic_hud: ENTER
[ARMTEL],15.616666666667,L,true,0.01666666666667,8.97708333333333,8.0,0.0,0.97708333333333,0.0,1.0,95.0000120667998,-2.0,95.0000120667998,1.38333333333333
[DIAG] _physics_process: ENTER, state=3
[DIAG] _physics_process: camera target set to character (state: 3)
[GLIDE],15.3500000000003,1.0,0.0,0.5,-1.0,7.04,54.3593708130368,29.6348114438451,3.50388888888889,2.0091961312827,800.326293945312,179.361068725586,26.4
[VERBATIM] DIAGNOSIS turning block executed
[DIAG] _turn_input = -0.5
[DIAG] _poll_controls: ENTER, state=3
[VERBATIM] POLL: _poll_controls() entered, game_state=3
[VERBATIM] POLL: checking deploy state=3 canopy=true
[VERBATIM] POLL: turnleft pressed - left turn
[DEBUG] _input (build_terrain) called, event=InputEventMouseMotion: button_mask=0, position=((435.0, 190.0)), relative=((-2.0, 0.0)), velocity=((-224.5192, -43.17677)), pressure=0.00, tilt=((0.0, 0.0)), pen_inverted=(false)
[AUDIT] _input: ENTER
[AUDIT] _gui_input: ENTER
[DEBUG] _input (build_terrain) called, event=InputEventKey: keycode=81 (Q), mods=none, physical=false, location=unspecified, pressed=true, echo=true
[AUDIT] _input: ENTER
2026-08-04T14:42:57 [INFO] InputManager ready
2026-08-04T14:42:57 [INFO] InputMap.has_action('restart') = true
[INPUT] unhandled_input triggered
2026-08-04T14:42:57 [INFO] InputManager: key=Q code=81
[DEBUG] _input (build_terrain) called, event=InputEventMouseMotion: button_mask=0, position=((431.0, 190.0)), relative=((-4.0, 0.0)), velocity=((-224.5192, -43.17677)), pressure=0.00, tilt=((0.0, 0.0)), pen_inverted=(false)
[AUDIT] _input: ENTER
[AUDIT] _gui_input: ENTER
[AUDIT] poll_forensic_hud: ENTER
[ARMTEL],15.6333333333337,L,true,0.01666666666667,9.025,8.0,0.0,1.025,0.0,1.0,95.0000120667998,-2.0,95.0000120667998,1.4
[DIAG] _physics_process: ENTER, state=3
[DIAG] _physics_process: camera target set to character (state: 3)
[GLIDE],15.366666666667,1.0,0.0,0.5,-1.0,7.04,54.3593708130368,30.5408009573957,3.50388888888889,2.0091961312827,800.385925292969,179.462127685547,26.4
[VERBATIM] DIAGNOSIS turning block executed
[DIAG] _turn_input = -0.5
[DIAG] _poll_controls: ENTER, state=3
[VERBATIM] POLL: _poll_controls() entered, game_state=3
[VERBATIM] POLL: checking deploy state=3 canopy=true
[VERBATIM] POLL: turnleft pressed - left turn
[DEBUG] _input (build_terrain) called, event=InputEventMouseMotion: button_mask=0, position=((426.0, 190.0)), relative=((-5.0, 0.0)), velocity=((-311.1549, -69.14553)), pressure=0.00, tilt=((0.0, 0.0)), pen_inverted=(false)
[AUDIT] _input: ENTER
[AUDIT] _gui_input: ENTER
[AUDIT] poll_forensic_hud: ENTER
[ARMTEL],15.6500000000004,L,true,0.01666666666667,9.07291666666667,8.0,0.0,1.07291666666667,0.0,1.0,95.0000120667998,-2.0,95.0000120667998,1.41666666666667
[DIAG] _physics_process: ENTER, state=3
[DIAG] _physics_process: camera target set to character (state: 3)
[GLIDE],15.3833333333337,1.0,0.0,0.5,-1.0,7.04,54.3593708130368,31.4467904709463,3.50388888888889,2.0091961312827,800.447143554688,179.562225341797,26.4
[VERBATIM] DIAGNOSIS turning block executed
[DIAG] _turn_input = -0.5
[DIAG] _poll_controls: ENTER, state=3
[VERBATIM] POLL: _poll_controls() entered, game_state=3
[VERBATIM] POLL: checking deploy state=3 canopy=true
[VERBATIM] POLL: turnleft pressed - left turn
[DEBUG] _input (build_terrain) called, event=InputEventMouseMotion: button_mask=0, position=((418.0, 190.0)), relative=((-8.0, 0.0)), velocity=((-311.1549, -69.14553)), pressure=0.00, tilt=((0.0, 0.0)), pen_inverted=(false)
[AUDIT] _input: ENTER
[AUDIT] _gui_input: ENTER
[AUDIT] poll_forensic_hud: ENTER
[ARMTEL],15.666666666667,L,true,0.01666666666667,9.12083333333333,8.0,0.0,1.12083333333333,0.0,1.0,95.0000120667998,-2.0,95.0000120667998,1.43333333333333
[DIAG] _physics_process: ENTER, state=3
[DIAG] _physics_process: camera target set to character (state: 3)
[GLIDE],15.4000000000003,1.0,0.0,0.5,-1.0,7.04,54.3593708130368,32.3527799844969,3.50388888888889,2.0091961312827,800.509948730469,179.661346435547,26.4
[VERBATIM] DIAGNOSIS turning block executed
[DIAG] _turn_input = -0.5
[DIAG] _poll_controls: ENTER, state=3
[VERBATIM] POLL: _poll_controls() entered, game_state=3
[VERBATIM] POLL: checking deploy state=3 canopy=true
[VERBATIM] POLL: turnleft pressed - left turn
[DEBUG] _input (build_terrain) called, event=InputEventMouseMotion: button_mask=0, position=((416.0, 190.0)), relative=((-2.0, 0.0)), velocity=((-311.1549, -69.14553)), pressure=0.00, tilt=((0.0, 0.0)), pen_inverted=(false)
[AUDIT] _input: ENTER
[AUDIT] _gui_input: ENTER
[DEBUG] _input (build_terrain) called, event=InputEventKey: keycode=81 (Q), mods=none, physical=false, location=unspecified, pressed=true, echo=true
[AUDIT] _input: ENTER
2026-08-04T14:42:57 [INFO] InputManager ready
2026-08-04T14:42:57 [INFO] InputMap.has_action('restart') = true
[INPUT] unhandled_input triggered
2026-08-04T14:42:57 [INFO] InputManager: key=Q code=81
[DEBUG] _input (build_terrain) called, event=InputEventMouseMotion: button_mask=0, position=((415.0, 190.0)), relative=((-1.0, 0.0)), velocity=((-311.1549, -69.14553)), pressure=0.00, tilt=((0.0, 0.0)), pen_inverted=(false)
[AUDIT] _input: ENTER
[AUDIT] _gui_input: ENTER
[AUDIT] poll_forensic_hud: ENTER
[ARMTEL],15.6833333333337,L,true,0.01666666666667,9.16875,8.0,0.0,1.16875,0.0,1.0,95.0000120667998,-2.0,95.0000120667998,1.45
[DIAG] _physics_process: ENTER, state=3
[DIAG] _physics_process: camera target set to character (state: 3)
[GLIDE],15.416666666667,1.0,0.0,0.5,-1.0,7.04,54.3593708130368,33.2587694980475,3.50388888888889,2.0091961312827,800.574279785156,179.759460449219,26.4
[VERBATIM] DIAGNOSIS turning block executed
[DIAG] _turn_input = -0.5
[DIAG] _poll_controls: ENTER, state=3
[VERBATIM] POLL: _poll_controls() entered, game_state=3
[VERBATIM] POLL: checking deploy state=3 canopy=true
[VERBATIM] POLL: turnleft pressed - left turn
[DEBUG] _input (build_terrain) called, event=InputEventMouseMotion: button_mask=0, position=((412.0, 192.0)), relative=((-3.0, 2.0)), velocity=((-311.1549, -69.14553)), pressure=0.00, tilt=((0.0, 0.0)), pen_inverted=(false)
[AUDIT] _input: ENTER
[AUDIT] _gui_input: ENTER
[AUDIT] poll_forensic_hud: ENTER
[ARMTEL],15.7000000000004,L,true,0.01666666666667,9.21666666666667,8.0,0.0,1.21666666666667,0.0,1.0,95.0000120667998,-2.0,95.0000120667998,1.46666666666667
[DIAG] _physics_process: ENTER, state=3
[DIAG] _physics_process: camera target set to character (state: 3)
[GLIDE],15.4333333333337,1.0,0.0,0.5,-1.0,7.04,54.3593708130368,34.1647590115982,3.50388888888889,2.0091961312827,800.640197753906,179.856552124023,26.4
[VERBATIM] DIAGNOSIS turning block executed
[DIAG] _turn_input = -0.5
[DIAG] _poll_controls: ENTER, state=3
[VERBATIM] POLL: _poll_controls() entered, game_state=3
[VERBATIM] POLL: checking deploy state=3 canopy=true
[VERBATIM] POLL: turnleft pressed - left turn
[DEBUG] _input (build_terrain) called, event=InputEventMouseMotion: button_mask=0, position=((411.0, 193.0)), relative=((-1.0, 1.0)), velocity=((-311.1549, -69.14553)), pressure=0.00, tilt=((0.0, 0.0)), pen_inverted=(false)
[AUDIT] _input: ENTER
[AUDIT] _gui_input: ENTER
[AUDIT] poll_forensic_hud: ENTER
[ARMTEL],15.716666666667,L,true,0.01666666666667,9.26458333333333,8.0,0.0,1.26458333333333,0.0,1.0,95.0000120667998,-2.0,95.0000120667998,1.48333333333333
[DIAG] _physics_process: ENTER, state=3
[DIAG] _physics_process: camera target set to character (state: 3)
[GLIDE],15.4500000000003,1.0,0.0,0.5,-1.0,7.04,54.3593708130368,35.0707485251488,3.50388888888889,2.0091961312827,800.707641601562,179.952575683594,26.4
[VERBATIM] DIAGNOSIS turning block executed
[DIAG] _turn_input = -0.5
[DIAG] _poll_controls: ENTER, state=3
[VERBATIM] POLL: _poll_controls() entered, game_state=3
[VERBATIM] POLL: checking deploy state=3 canopy=true
[VERBATIM] POLL: turnleft pressed - left turn
[DEBUG] _input (build_terrain) called, event=InputEventKey: keycode=81 (Q), mods=none, physical=false, location=unspecified, pressed=true, echo=true
[AUDIT] _input: ENTER
2026-08-04T14:42:57 [INFO] InputManager ready
2026-08-04T14:42:57 [INFO] InputMap.has_action('restart') = true
[INPUT] unhandled_input triggered
2026-08-04T14:42:57 [INFO] InputManager: key=Q code=81
[DEBUG] _input (build_terrain) called, event=InputEventMouseMotion: button_mask=0, position=((410.0, 194.0)), relative=((-1.0, 1.0)), velocity=((-311.1549, -69.14553)), pressure=0.00, tilt=((0.0, 0.0)), pen_inverted=(false)
[AUDIT] _input: ENTER
[AUDIT] _gui_input: ENTER
[AUDIT] poll_forensic_hud: ENTER
[ARMTEL],15.7333333333337,L,true,0.01666666666667,9.3125,8.0,0.0,1.3125,0.0,1.0,95.0000120667998,-2.0,95.0000120667998,1.5
[DIAG] _physics_process: ENTER, state=3
[DIAG] _physics_process: camera target set to character (state: 3)
[GLIDE],15.466666666667,1.0,0.0,0.5,-1.0,7.04,54.3593708130368,35.9767380386994,3.50388888888889,2.0091961312827,800.776550292969,180.04753112793,26.4
[VERBATIM] DIAGNOSIS turning block executed
[DIAG] _turn_input = -0.5
[DIAG] _poll_controls: ENTER, state=3
[VERBATIM] POLL: _poll_controls() entered, game_state=3
[VERBATIM] POLL: checking deploy state=3 canopy=true
[VERBATIM] POLL: turnleft pressed - left turn
[DEBUG] _input (build_terrain) called, event=InputEventMouseMotion: button_mask=0, position=((410.0, 196.0)), relative=((0.0, 2.0)), velocity=((-311.1549, -69.14553)), pressure=0.00, tilt=((0.0, 0.0)), pen_inverted=(false)
[AUDIT] _input: ENTER
[AUDIT] _gui_input: ENTER
[AUDIT] poll_forensic_hud: ENTER
[ARMTEL],15.7500000000004,L,true,0.01666666666667,9.36041666666667,8.0,0.0,1.36041666666667,0.0,1.0,95.0000120667998,-2.0,95.0000120667998,1.51666666666667
[DIAG] _physics_process: ENTER, state=3
[DIAG] _physics_process: camera target set to character (state: 3)
[GLIDE],15.4833333333337,1.0,0.0,0.5,-1.0,7.04,54.3593708130368,36.88272755225,3.50388888888889,2.0091961312827,800.846984863281,180.141387939453,26.4
[VERBATIM] DIAGNOSIS turning block executed
[DIAG] _turn_input = -0.5
[DIAG] _poll_controls: ENTER, state=3
[VERBATIM] POLL: _poll_controls() entered, game_state=3
[VERBATIM] POLL: checking deploy state=3 canopy=true
[VERBATIM] POLL: turnleft pressed - left turn
[DEBUG] _input (build_terrain) called, event=InputEventMouseMotion: button_mask=0, position=((410.0, 197.0)), relative=((0.0, 1.0)), velocity=((-180.4775, 51.565)), pressure=0.00, tilt=((0.0, 0.0)), pen_inverted=(false)
[AUDIT] _input: ENTER
[AUDIT] _gui_input: ENTER
[AUDIT] poll_forensic_hud: ENTER
[ARMTEL],15.766666666667,L,true,0.01666666666667,9.40833333333333,8.0,0.0,1.40833333333333,0.0,1.0,95.0000120667998,-2.0,95.0000120667998,1.53333333333333
[DIAG] _physics_process: ENTER, state=3
[DIAG] _physics_process: camera target set to character (state: 3)
[GLIDE],15.5000000000003,1.0,0.0,0.5,-1.0,7.04,54.3593708130368,37.7887170658006,3.50388888888889,2.0091961312827,800.918884277344,180.234115600586,26.4
[VERBATIM] DIAGNOSIS turning block executed
[DIAG] _turn_input = -0.5
[DIAG] _poll_controls: ENTER, state=3
[VERBATIM] POLL: _poll_controls() entered, game_state=3
[VERBATIM] POLL: checking deploy state=3 canopy=true
[VERBATIM] POLL: turnleft pressed - left turn
[DEBUG] _input (build_terrain) called, event=InputEventKey: keycode=81 (Q), mods=none, physical=false, location=unspecified, pressed=true, echo=true
[AUDIT] _input: ENTER
2026-08-04T14:42:57 [INFO] InputManager ready
2026-08-04T14:42:57 [INFO] InputMap.has_action('restart') = true
[INPUT] unhandled_input triggered
2026-08-04T14:42:57 [INFO] InputManager: key=Q code=81
[AUDIT] poll_forensic_hud: ENTER
[ARMTEL],15.7833333333337,L,true,0.01666666666667,9.45625,8.0,0.0,1.45625,0.0,1.0,95.0000120667998,-2.0,95.0000120667998,1.55
[DIAG] _physics_process: ENTER, state=3
[DIAG] _physics_process: camera target set to character (state: 3)
[GLIDE],15.516666666667,1.0,0.0,0.5,-1.0,7.04,54.3593708130368,38.6947065793512,3.50388888888889,2.0091961312827,800.992248535156,180.325698852539,26.4
[VERBATIM] DIAGNOSIS turning block executed
[DIAG] _turn_input = -0.5
[DIAG] _poll_controls: ENTER, state=3
[VERBATIM] POLL: _poll_controls() entered, game_state=3
[VERBATIM] POLL: checking deploy state=3 canopy=true
[VERBATIM] POLL: turnleft pressed - left turn
[DEBUG] _input (build_terrain) called, event=InputEventMouseMotion: button_mask=0, position=((414.0, 200.0)), relative=((4.0, 3.0)), velocity=((-180.4775, 51.565)), pressure=0.00, tilt=((0.0, 0.0)), pen_inverted=(false)
[AUDIT] _input: ENTER
[AUDIT] _gui_input: ENTER
[AUDIT] poll_forensic_hud: ENTER
[ARMTEL],15.8000000000004,L,true,0.01666666666667,9.50416666666666,8.0,0.0,1.50416666666666,0.0,1.0,95.0000120667998,-2.0,95.0000120667998,1.56666666666667
[DIAG] _physics_process: ENTER, state=3
[DIAG] _physics_process: camera target set to character (state: 3)
[GLIDE],15.5333333333337,1.0,0.0,0.5,-1.0,7.04,54.3593708130368,39.6006960929018,3.50388888888889,2.0091961312827,801.067016601562,180.416107177734,26.4
[VERBATIM] DIAGNOSIS turning block executed
[DIAG] _turn_input = -0.5
[DIAG] _poll_controls: ENTER, state=3
[VERBATIM] POLL: _poll_controls() entered, game_state=3
[VERBATIM] POLL: checking deploy state=3 canopy=true
[VERBATIM] POLL: turnleft pressed - left turn
[DEBUG] _input (build_terrain) called, event=InputEventMouseMotion: button_mask=0, position=((418.0, 197.0)), relative=((4.0, -3.0)), velocity=((-180.4775, 51.565)), pressure=0.00, tilt=((0.0, 0.0)), pen_inverted=(false)
[AUDIT] _input: ENTER
[AUDIT] _gui_input: ENTER
[AUDIT] poll_forensic_hud: ENTER
[ARMTEL],15.816666666667,L,true,0.01666666666667,9.55208333333333,8.0,0.0,1.55208333333333,0.0,1.0,95.0000120667998,-2.0,95.0000120667998,1.58333333333333
[DIAG] _physics_process: ENTER, state=3
[DIAG] _physics_process: camera target set to character (state: 3)
[GLIDE],15.5500000000004,1.0,0.0,0.5,-1.0,7.04,54.3593708130368,40.5066856064525,3.50388888888889,2.0091961312827,801.143249511719,180.505325317383,26.4
[VERBATIM] DIAGNOSIS turning block executed
[DIAG] _turn_input = -0.5
[DIAG] _poll_controls: ENTER, state=3
[VERBATIM] POLL: _poll_controls() entered, game_state=3
[VERBATIM] POLL: checking deploy state=3 canopy=true
[VERBATIM] POLL: turnleft pressed - left turn
[DEBUG] _input (build_terrain) called, event=InputEventKey: keycode=81 (Q), mods=none, physical=false, location=unspecified, pressed=true, echo=true
[AUDIT] _input: ENTER
2026-08-04T14:42:57 [INFO] InputManager ready
2026-08-04T14:42:57 [INFO] InputMap.has_action('restart') = true
[INPUT] unhandled_input triggered
2026-08-04T14:42:57 [INFO] InputManager: key=Q code=81
[DEBUG] _input (build_terrain) called, event=InputEventMouseMotion: button_mask=0, position=((419.0, 197.0)), relative=((1.0, 0.0)), velocity=((-180.4775, 51.565)), pressure=0.00, tilt=((0.0, 0.0)), pen_inverted=(false)
[AUDIT] _input: ENTER
[AUDIT] _gui_input: ENTER
[AUDIT] poll_forensic_hud: ENTER
[ARMTEL],15.8333333333337,L,true,0.01666666666667,9.6,8.0,0.0,1.6,0.0,1.0,95.0000120667998,-2.0,95.0000120667998,1.6
[DIAG] _physics_process: ENTER, state=3
[DIAG] _physics_process: camera target set to character (state: 3)
[GLIDE],15.566666666667,1.0,0.0,0.5,-1.0,7.04,54.3593708130368,41.4126751200031,3.50388888888889,2.0091961312827,801.220886230469,180.593322753906,26.4
[VERBATIM] DIAGNOSIS turning block executed
[DIAG] _turn_input = -0.5
[DIAG] _poll_controls: ENTER, state=3
[VERBATIM] POLL: _poll_controls() entered, game_state=3
[VERBATIM] POLL: checking deploy state=3 canopy=true
[VERBATIM] POLL: turnleft pressed - left turn
[DEBUG] _input (build_terrain) called, event=InputEventMouseMotion: button_mask=0, position=((421.0, 195.0)), relative=((2.0, -2.0)), velocity=((-180.4775, 51.565)), pressure=0.00, tilt=((0.0, 0.0)), pen_inverted=(false)
[AUDIT] _input: ENTER
[AUDIT] _gui_input: ENTER
[DIAG] _poll_controls: ENTER, state=3
[VERBATIM] POLL: _poll_controls() entered, game_state=3
[VERBATIM] POLL: checking deploy state=3 canopy=true
[VERBATIM] POLL: turnleft pressed - left turn
[DEBUG] _input (build_terrain) called, event=InputEventMouseMotion: button_mask=0, position=((427.0, 192.0)), relative=((6.0, -3.0)), velocity=((-180.4775, 51.565)), pressure=0.00, tilt=((0.0, 0.0)), pen_inverted=(false)
[AUDIT] _input: ENTER
[AUDIT] _gui_input: ENTER
[AUDIT] poll_forensic_hud: ENTER
[ARMTEL],15.8500000000004,L,true,0.01666666666667,9.6,8.0,0.0,1.6,0.0,1.0,95.0000120667998,-2.0,95.0000120667998,1.61666666666667
[DIAG] _physics_process: ENTER, state=3
[DIAG] _physics_process: camera target set to character (state: 3)
[GLIDE],15.5833333333337,1.0,0.0,0.5,-1.0,7.04,54.3593708130368,42.3186646335537,3.50388888888889,2.0091961312827,801.299865722656,180.680084228516,26.4
[VERBATIM] DIAGNOSIS turning block executed
[DIAG] _turn_input = -0.5
[DIAG] _poll_controls: ENTER, state=3
[VERBATIM] POLL: _poll_controls() entered, game_state=3
[VERBATIM] POLL: checking deploy state=3 canopy=true
[VERBATIM] POLL: turnleft pressed - left turn
[DEBUG] _input (build_terrain) called, event=InputEventMouseMotion: button_mask=0, position=((432.0, 188.0)), relative=((5.0, -4.0)), velocity=((146.6099, -34.49644)), pressure=0.00, tilt=((0.0, 0.0)), pen_inverted=(false)
[AUDIT] _input: ENTER
[AUDIT] _gui_input: ENTER
[DEBUG] _input (build_terrain) called, event=InputEventKey: keycode=81 (Q), mods=none, physical=false, location=unspecified, pressed=true, echo=true
[AUDIT] _input: ENTER
2026-08-04T14:42:57 [INFO] InputManager ready
2026-08-04T14:42:57 [INFO] InputMap.has_action('restart') = true
[INPUT] unhandled_input triggered
2026-08-04T14:42:57 [INFO] InputManager: key=Q code=81
[AUDIT] poll_forensic_hud: ENTER
[ARMTEL],15.866666666667,L,true,0.01666666666667,9.6,8.0,0.0,1.6,0.0,1.0,95.0000120667998,-2.0,95.0000120667998,1.63333333333333
[DIAG] _physics_process: ENTER, state=3
[DIAG] _physics_process: camera target set to character (state: 3)
[GLIDE],15.6000000000004,1.0,0.0,0.5,-1.0,7.04,54.3593708130368,43.2246541471043,3.50388888888889,2.0091961312827,801.380249023438,180.765579223633,26.4
[VERBATIM] DIAGNOSIS turning block executed
[DIAG] _turn_input = -0.5
[DIAG] _poll_controls: ENTER, state=3
[VERBATIM] POLL: _poll_controls() entered, game_state=3
[VERBATIM] POLL: checking deploy state=3 canopy=true
[VERBATIM] POLL: turnleft pressed - left turn
[DEBUG] _input (build_terrain) called, event=InputEventMouseMotion: button_mask=0, position=((443.0, 179.0)), relative=((11.0, -9.0)), velocity=((146.6099, -34.49644)), pressure=0.00, tilt=((0.0, 0.0)), pen_inverted=(false)
[AUDIT] _input: ENTER
[AUDIT] _gui_input: ENTER
[AUDIT] poll_forensic_hud: ENTER
[ARMTEL],15.8833333333337,L,true,0.01666666666667,9.6,8.0,0.0,1.6,0.0,1.0,95.0000120667998,-2.0,95.0000120667998,1.65
[DIAG] _physics_process: ENTER, state=3
[DIAG] _physics_process: camera target set to character (state: 3)
[GLIDE],15.616666666667,1.0,0.0,0.5,-1.0,7.04,54.3593708130368,44.1306436606549,3.50388888888889,2.0091961312827,801.461975097656,180.849792480469,26.4
[VERBATIM] DIAGNOSIS turning block executed
[DIAG] _turn_input = -0.5
[DIAG] _poll_controls: ENTER, state=3
[VERBATIM] POLL: _poll_controls() entered, game_state=3
[VERBATIM] POLL: checking deploy state=3 canopy=true
[VERBATIM] POLL: turnleft pressed - left turn
[DEBUG] _input (build_terrain) called, event=InputEventMouseMotion: button_mask=0, position=((452.0, 172.0)), relative=((9.0, -7.0)), velocity=((146.6099, -34.49644)), pressure=0.00, tilt=((0.0, 0.0)), pen_inverted=(false)
[AUDIT] _input: ENTER
[AUDIT] _gui_input: ENTER
[AUDIT] poll_forensic_hud: ENTER
[ARMTEL],15.9000000000004,L,true,0.01666666666667,9.6,8.0,0.0,1.6,0.0,1.0,95.0000120667998,-2.0,95.0000120667998,1.66666666666667
[DIAG] _physics_process: ENTER, state=3
[DIAG] _physics_process: camera target set to character (state: 3)
[GLIDE],15.6333333333337,1.0,0.0,0.5,-1.0,7.04,54.3593708130368,45.0366331742055,3.50388888888889,2.0091961312827,801.544982910156,180.932708740234,26.4
[VERBATIM] DIAGNOSIS turning block executed
[DIAG] _turn_input = -0.5
[DIAG] _poll_controls: ENTER, state=3
[VERBATIM] POLL: _poll_controls() entered, game_state=3
[VERBATIM] POLL: checking deploy state=3 canopy=true
[VERBATIM] POLL: turnleft pressed - left turn
[DEBUG] _input (build_terrain) called, event=InputEventMouseMotion: button_mask=0, position=((459.0, 165.0)), relative=((7.0, -7.0)), velocity=((146.6099, -34.49644)), pressure=0.00, tilt=((0.0, 0.0)), pen_inverted=(false)
[AUDIT] _input: ENTER
[AUDIT] _gui_input: ENTER
[DEBUG] _input (build_terrain) called, event=InputEventKey: keycode=81 (Q), mods=none, physical=false, location=unspecified, pressed=true, echo=true
[AUDIT] _input: ENTER
2026-08-04T14:42:57 [INFO] InputManager ready
2026-08-04T14:42:57 [INFO] InputMap.has_action('restart') = true
[INPUT] unhandled_input triggered
2026-08-04T14:42:57 [INFO] InputManager: key=Q code=81
[DEBUG] _input (build_terrain) called, event=InputEventMouseMotion: button_mask=0, position=((461.0, 162.0)), relative=((2.0, -3.0)), velocity=((146.6099, -34.49644)), pressure=0.00, tilt=((0.0, 0.0)), pen_inverted=(false)
[AUDIT] _input: ENTER
[AUDIT] _gui_input: ENTER
[AUDIT] poll_forensic_hud: ENTER
[ARMTEL],15.916666666667,L,true,0.01666666666667,9.6,8.0,0.0,1.6,0.0,1.0,95.0000120667998,-2.0,95.0000120667998,1.68333333333333
[DIAG] _physics_process: ENTER, state=3
[DIAG] _physics_process: camera target set to character (state: 3)
[GLIDE],15.6500000000004,1.0,0.0,0.5,-1.0,7.04,54.3593708130368,45.9426226877561,3.50388888888889,2.0091961312827,801.629333496094,181.014297485352,26.4
[VERBATIM] DIAGNOSIS turning block executed
[DIAG] _turn_input = -0.5
[DIAG] _poll_controls: ENTER, state=3
[VERBATIM] POLL: _poll_controls() entered, game_state=3
[VERBATIM] POLL: checking deploy state=3 canopy=true
[VERBATIM] POLL: turnleft pressed - left turn
[DEBUG] _input (build_terrain) called, event=InputEventMouseMotion: button_mask=0, position=((474.0, 152.0)), relative=((13.0, -10.0)), velocity=((146.6099, -34.49644)), pressure=0.00, tilt=((0.0, 0.0)), pen_inverted=(false)
[AUDIT] _input: ENTER
[AUDIT] _gui_input: ENTER
[AUDIT] poll_forensic_hud: ENTER
[ARMTEL],15.9333333333337,L,true,0.01666666666667,9.6,8.0,0.0,1.6,0.0,1.0,95.0000120667998,-2.0,95.0000120667998,1.7
[DIAG] _physics_process: ENTER, state=3
[DIAG] _physics_process: camera target set to character (state: 3)
[GLIDE],15.666666666667,1.0,0.0,0.5,-1.0,7.04,54.3593708130368,46.8486122013068,3.50388888888889,2.0091961312827,801.714904785156,181.094543457031,26.4
[VERBATIM] DIAGNOSIS turning block executed
[DIAG] _turn_input = -0.5
[DIAG] _poll_controls: ENTER, state=3
[VERBATIM] POLL: _poll_controls() entered, game_state=3
[VERBATIM] POLL: checking deploy state=3 canopy=true
[VERBATIM] POLL: turnleft pressed - left turn
[DEBUG] _input (build_terrain) called, event=InputEventMouseMotion: button_mask=0, position=((484.0, 147.0)), relative=((10.0, -5.0)), velocity=((146.6099, -34.49644)), pressure=0.00, tilt=((0.0, 0.0)), pen_inverted=(false)
[AUDIT] _input: ENTER
[AUDIT] _gui_input: ENTER
[AUDIT] poll_forensic_hud: ENTER
[ARMTEL],15.9500000000004,L,true,0.01666666666667,9.6,8.0,0.0,1.6,0.0,1.0,95.0000120667998,-2.0,95.0000120667998,1.71666666666667
[DIAG] _physics_process: ENTER, state=3
[DIAG] _physics_process: camera target set to character (state: 3)
[GLIDE],15.6833333333337,1.0,0.0,0.5,-1.0,7.04,54.3593708130368,47.7546017148574,3.50388888888889,2.0091961312827,801.8017578125,181.173431396484,26.4
[VERBATIM] DIAGNOSIS turning block executed
[DIAG] _turn_input = -0.5
[DIAG] _poll_controls: ENTER, state=3
[VERBATIM] POLL: _poll_controls() entered, game_state=3
[VERBATIM] POLL: checking deploy state=3 canopy=true
[VERBATIM] POLL: turnleft pressed - left turn
[DEBUG] _input (build_terrain) called, event=InputEventMouseMotion: button_mask=0, position=((494.0, 142.0)), relative=((10.0, -5.0)), velocity=((146.6099, -34.49644)), pressure=0.00, tilt=((0.0, 0.0)), pen_inverted=(false)
[AUDIT] _input: ENTER
[AUDIT] _gui_input: ENTER
[DEBUG] _input (build_terrain) called, event=InputEventKey: keycode=81 (Q), mods=none, physical=false, location=unspecified, pressed=true, echo=true
[AUDIT] _input: ENTER
2026-08-04T14:42:57 [INFO] InputManager ready
2026-08-04T14:42:57 [INFO] InputMap.has_action('restart') = true
[INPUT] unhandled_input triggered
2026-08-04T14:42:57 [INFO] InputManager: key=Q code=81
[DEBUG] _input (build_terrain) called, event=InputEventMouseMotion: button_mask=0, position=((503.0, 138.0)), relative=((9.0, -4.0)), velocity=((146.6099, -34.49644)), pressure=0.00, tilt=((0.0, 0.0)), pen_inverted=(false)
[AUDIT] _input: ENTER
[AUDIT] _gui_input: ENTER
[AUDIT] poll_forensic_hud: ENTER
[ARMTEL],15.966666666667,L,true,0.01666666666667,9.6,8.0,0.0,1.6,0.0,1.0,95.0000120667998,-2.0,95.0000120667998,1.73333333333333
[DIAG] _physics_process: ENTER, state=3
[DIAG] _physics_process: camera target set to character (state: 3)
[GLIDE],15.7000000000004,1.0,0.0,0.5,-1.0,7.04,54.3593708130368,48.660591228408,3.50388888888889,2.0091961312827,801.889831542969,181.250930786133,26.4
[VERBATIM] DIAGNOSIS turning block executed
[DIAG] _turn_input = -0.5
[DIAG] _poll_controls: ENTER, state=3
[VERBATIM] POLL: _poll_controls() entered, game_state=3
[VERBATIM] POLL: checking deploy state=3 canopy=true
[VERBATIM] POLL: turnleft pressed - left turn
[AUDIT] _on_stats_completed: ENTER
[AUDIT] _on_leader_completed: ENTER
[AUDIT] _mklabel: ENTER
[DEBUG] _input (build_terrain) called, event=InputEventMouseMotion: button_mask=0, position=((530.0, 128.0)), relative=((27.0, -10.0)), velocity=((658.1398, -467.6256)), pressure=0.00, tilt=((0.0, 0.0)), pen_inverted=(false)
[AUDIT] _input: ENTER
[AUDIT] _gui_input: ENTER
[AUDIT] poll_forensic_hud: ENTER
[ARMTEL],15.9833333333337,L,true,0.01666666666667,9.6,8.0,0.0,1.6,0.0,1.0,95.0000120667998,-2.0,95.0000120667998,1.75
[DIAG] _physics_process: ENTER, state=3
[DIAG] _physics_process: camera target set to character (state: 3)
[GLIDE],15.716666666667,1.0,0.0,0.5,-1.0,7.04,54.3593708130368,49.5665807419586,3.50388888888889,2.0091961312827,801.979125976562,181.327026367188,26.4
[VERBATIM] DIAGNOSIS turning block executed
[DIAG] _turn_input = -0.5
[DIAG] _poll_controls: ENTER, state=3
[VERBATIM] POLL: _poll_controls() entered, game_state=3
[VERBATIM] POLL: checking deploy state=3 canopy=true
[VERBATIM] POLL: turnleft pressed - left turn
[DEBUG] _input (build_terrain) called, event=InputEventMouseMotion: button_mask=0, position=((578.0, 112.0)), relative=((48.0, -16.0)), velocity=((658.1398, -467.6256)), pressure=0.00, tilt=((0.0, 0.0)), pen_inverted=(false)
[AUDIT] _input: ENTER
[AUDIT] _gui_input: ENTER
[DEBUG] _input (build_terrain) called, event=InputEventKey: keycode=81 (Q), mods=none, physical=false, location=unspecified, pressed=false, echo=false
[AUDIT] _input: ENTER
2026-08-04T14:42:57 [INFO] InputManager ready
2026-08-04T14:42:57 [INFO] InputMap.has_action('restart') = true
[INPUT] unhandled_input triggered
[AUDIT] poll_forensic_hud: ENTER
[ARMTEL],16.0000000000004,L,false,0.01666666666667,0.0,8.0,0.0,-8.0,-0.13333333333333,0.99777777777778,94.7889009288736,-2.0,94.7436017984399,0.0
[DIAG] _physics_process: ENTER, state=3
[DIAG] _physics_process: camera target set to character (state: 3)
[GLIDE],15.7333333333337,0.99777777777778,0.0,0.49888888888889,-0.99777777777778,7.0488,54.264139214966,50.470983062208,3.5031435646072,2.01213563475249,802.069763183594,181.401794433594,26.4
[VERBATIM] DIAGNOSIS turning block executed
[DIAG] _turn_input = 0.0
[DIAG] _poll_controls: ENTER, state=3
[VERBATIM] POLL: _poll_controls() entered, game_state=3
[VERBATIM] POLL: checking deploy state=3 canopy=true
[VERBATIM] Wind updated: 12.5 kts @ 240.0°
[DEBUG] _input (build_terrain) called, event=InputEventMouseMotion: button_mask=0, position=((624.0, 100.0)), relative=((46.0, -12.0)), velocity=((658.1398, -467.6256)), pressure=0.00, tilt=((0.0, 0.0)), pen_inverted=(false)
[AUDIT] _input: ENTER
[AUDIT] _gui_input: ENTER
[AUDIT] poll_forensic_hud: ENTER
[ARMTEL],16.016666666667,L,false,0.01666666666667,0.0,7.98222222222222,-0.46666666666667,-7.51555555555556,-0.25859259259259,0.99346790123457,94.3794626052622,-2.0,94.2463083279706,0.0
[DIAG] _physics_process: ENTER, state=3
[DIAG] _physics_process: camera target set to character (state: 3)
[GLIDE],15.7500000000004,0.99346790123457,0.0,0.49673395061728,-0.99346790123457,7.06586711111111,54.0791182005386,51.3723016988837,3.50173645347923,2.01781807539818,802.161743164062,181.475311279297,26.4
[VERBATIM] DIAGNOSIS turning block executed
[DIAG] _turn_input = 0.0
[DIAG] _poll_controls: ENTER, state=3
[VERBATIM] POLL: _poll_controls() entered, game_state=3
[VERBATIM] POLL: checking deploy state=3 canopy=true
[DEBUG] _input (build_terrain) called, event=InputEventMouseMotion: button_mask=0, position=((667.0, 98.0)), relative=((43.0, -2.0)), velocity=((658.1398, -467.6256)), pressure=0.00, tilt=((0.0, 0.0)), pen_inverted=(false)
[AUDIT] _input: ENTER
[AUDIT] _gui_input: ENTER
[AUDIT] poll_forensic_hud: ENTER
[ARMTEL],16.0333333333337,L,false,0.01666666666667,0.0,7.94774320987654,-0.90507407407407,-7.04266913580247,-0.37597041152263,0.98720172770919,93.7841760447387,-2.0,93.5232882721162,0.0
[DIAG] _physics_process: ENTER, state=3
[DIAG] _physics_process: camera target set to character (state: 3)
[GLIDE],15.766666666667,0.98720172770919,0.0,0.4936008638546,-0.98720172770919,7.09068115827161,53.8093500976988,52.269124200512,3.49978076571264,2.02603580993959,802.255187988281,181.547637939453,26.4
[VERBATIM] DIAGNOSIS turning block executed
[DIAG] _turn_input = 0.0
[DIAG] _poll_controls: ENTER, state=3
[VERBATIM] POLL: _poll_controls() entered, game_state=3
[VERBATIM] POLL: checking deploy state=3 canopy=true
[DEBUG] _input (build_terrain) called, event=InputEventMouseMotion: button_mask=0, position=((699.0, 90.0)), relative=((32.0, -8.0)), velocity=((658.1398, -467.6256)), pressure=0.00, tilt=((0.0, 0.0)), pen_inverted=(false)
[AUDIT] _input: ENTER
[AUDIT] _gui_input: ENTER
[AUDIT] poll_forensic_hud: ENTER
[ARMTEL],16.0500000000004,L,false,0.01666666666667,0.0,7.89761382167352,-1.31589644032922,-6.58171738134431,-0.48566570121171,0.97910729935566,93.0152052534797,-2.0,92.5893157262593,0.0
[DIAG] _physics_process: ENTER, state=3
[DIAG] _physics_process: camera target set to character (state: 3)
[GLIDE],15.7833333333337,0.97910729935566,0.0,0.48955364967783,-0.97910729935566,7.12273509455158,53.4595325542719,53.1601164097499,3.49741184693498,2.03657315931886,802.350219726562,181.61882019043,26.4
[VERBATIM] DIAGNOSIS turning block executed
[DIAG] _turn_input = 0.0
[DIAG] _poll_controls: ENTER, state=3
[VERBATIM] POLL: _poll_controls() entered, game_state=3
[VERBATIM] POLL: checking deploy state=3 canopy=true
[DEBUG] _input (build_terrain) called, event=InputEventMouseMotion: button_mask=0, position=((725.0, 89.0)), relative=((26.0, -1.0)), velocity=((658.1398, -467.6256)), pressure=0.00, tilt=((0.0, 0.0)), pen_inverted=(false)
[AUDIT] _input: ENTER
[AUDIT] _gui_input: ENTER
[AUDIT] poll_forensic_hud: ENTER
[ARMTEL],16.066666666667,L,false,0.01666666666667,0.0,7.8328583948453,-1.69982995424097,-6.13302844060433,-0.58788284188844,0.96930925199085,92.0843906355919,-2.0,91.4587717468631,0.0
[DIAG] _physics_process: ENTER, state=3
[DIAG] _physics_process: camera target set to character (state: 3)
[GLIDE],15.8000000000004,0.96930925199085,0.0,0.48465462599543,-0.96930925199085,7.16153536211621,53.0340680992025,54.0440175447366,3.49478030805865,2.04920902913478,802.446838378906,181.688903808594,26.4
[VERBATIM] DIAGNOSIS turning block executed
[DIAG] _turn_input = 0.0
[DIAG] _poll_controls: ENTER, state=3
[VERBATIM] POLL: _poll_controls() entered, game_state=3
[VERBATIM] POLL: checking deploy state=3 canopy=true
[DEBUG] _input (build_terrain) called, event=InputEventMouseMotion: button_mask=0, position=((754.0, 87.0)), relative=((29.0, -2.0)), velocity=((658.1398, -467.6256)), pressure=0.00, tilt=((0.0, 0.0)), pen_inverted=(false)
[AUDIT] _input: ENTER
[AUDIT] _gui_input: ENTER
[AUDIT] poll_forensic_hud: ENTER
[ARMTEL],16.0833333333337,L,false,0.01666666666667,0.0,7.75447401592684,-2.05758994660956,-5.69688406931728,-0.6828309097104,0.95792873682901,91.0032415578907,-2.0,90.1456353208383,0.0
[DIAG] _physics_process: ENTER, state=3
[DIAG] _physics_process: camera target set to character (state: 3)
[GLIDE],15.816666666667,0.95792873682901,0.0,0.47896436841451,-0.95792873682901,7.2066022021571,52.5371083425081,54.9196360171117,3.49204586374865,2.06371923031416,802.545104980469,181.757934570312,26.4
[VERBATIM] DIAGNOSIS turning block executed
[DIAG] _turn_input = 0.0
[DIAG] _poll_controls: ENTER, state=3
[VERBATIM] POLL: _poll_controls() entered, game_state=3
[VERBATIM] POLL: checking deploy state=3 canopy=true
[DEBUG] _input (build_terrain) called, event=InputEventMouseMotion: button_mask=0, position=((784.0, 82.0)), relative=((30.0, -5.0)), velocity=((2163.495, -439.5945)), pressure=0.00, tilt=((0.0, 0.0)), pen_inverted=(false)
[AUDIT] _input: ENTER
[AUDIT] _gui_input: ENTER
[AUDIT] poll_forensic_hud: ENTER
[ARMTEL],16.1000000000004,L,false,0.01666666666667,0.0,7.66342989463212,-2.3899081839864,-5.27352171064572,-0.77072293822116,0.94508335452533,89.7829300840379,-2.0,88.6634757551848,0.0
[DIAG] _physics_process: ENTER, state=3
[DIAG] _physics_process: camera target set to character (state: 3)
[GLIDE],15.8333333333337,0.94508335452533,0.0,0.47254167726266,-0.94508335452533,7.2574699160797,51.9725930842964,55.78584590185,3.48937189875861,2.07987859323955,802.645141601562,181.825942993164,26.4
[VERBATIM] DIAGNOSIS turning block executed
[DIAG] _turn_input = 0.0
[DIAG] _poll_controls: ENTER, state=3
[VERBATIM] POLL: _poll_controls() entered, game_state=3
[VERBATIM] POLL: checking deploy state=3 canopy=true
[DEBUG] _input (build_terrain) called, event=InputEventMouseMotion: button_mask=0, position=((810.0, 73.0)), relative=((26.0, -9.0)), velocity=((2163.495, -439.5945)), pressure=0.00, tilt=((0.0, 0.0)), pen_inverted=(false)
[AUDIT] _input: ENTER
[AUDIT] _gui_input: ENTER
[AUDIT] poll_forensic_hud: ENTER
[ARMTEL],16.116666666667,L,false,0.01666666666667,0.0,7.56066683620263,-2.69753028377406,-4.86313655242857,-0.85177521409497,0.93088710095708,88.4342858237508,-2.0,87.0254464209715,0.0
[DIAG] _physics_process: ENTER, state=3
[DIAG] _physics_process: camera target set to character (state: 3)
[GLIDE],15.8500000000004,0.93088710095708,0.0,0.46544355047854,-0.93088710095708,7.31368708020997,51.3442846177935,56.6415839788132,3.48692076257105,2.0974629417209,802.746948242188,181.892974853516,26.4
[VERBATIM] DIAGNOSIS turning block executed
[DIAG] _turn_input = 0.0
[DIAG] _poll_controls: ENTER, state=3
[VERBATIM] POLL: _poll_controls() entered, game_state=3
[VERBATIM] POLL: checking deploy state=3 canopy=true
[DEBUG] _input (build_terrain) called, event=InputEventMouseMotion: button_mask=0, position=((826.0, 71.0)), relative=((16.0, -2.0)), velocity=((2163.495, -439.5945)), pressure=0.00, tilt=((0.0, 0.0)), pen_inverted=(false)
[AUDIT] _input: ENTER
[AUDIT] _gui_input: ENTER
[AUDIT] poll_forensic_hud: ENTER
[ARMTEL],16.1333333333337,L,false,0.01666666666667,0.0,7.44709680765663,-2.9812132493324,-4.46588355832424,-0.92620660673371,0.91545032417818,86.9677918434833,-2.0,85.2442797865513,0.0
[PIPLIVE] eye=(802.7469, 1779.601, 181.893) state=3 deployed=true framing=canopy
[DIAG] _physics_process: ENTER, state=3
[DIAG] _physics_process: camera target set to character (state: 3)
[GLIDE],15.866666666667,0.91545032417818,0.0,0.45772516208909,-0.91545032417818,7.37481671625439,50.6557975217016,57.4858472708416,3.48484977711276,2.11625096860403,802.8505859375,181.959045410156,26.4
[VERBATIM] DIAGNOSIS turning block executed
[DIAG] _turn_input = 0.0
[DIAG] _poll_controls: ENTER, state=3
[VERBATIM] POLL: _poll_controls() entered, game_state=3
[VERBATIM] POLL: checking deploy state=3 canopy=true
[DEBUG] _input (build_terrain) called, event=InputEventMouseMotion: button_mask=0, position=((830.0, 68.0)), relative=((4.0, -3.0)), velocity=((2163.495, -439.5945)), pressure=0.00, tilt=((0.0, 0.0)), pen_inverted=(false)
[AUDIT] _input: ENTER
[AUDIT] _gui_input: ENTER
[AUDIT] poll_forensic_hud: ENTER
[ARMTEL],16.1500000000004,L,false,0.01666666666667,0.0,7.32360259342547,-3.24172312356798,-4.08187946985749,-0.99423793123133,0.898879691991,85.3935815857458,-2.0,83.3322836758463,0.0
[DIAG] _physics_process: ENTER, state=3
[DIAG] _physics_process: camera target set to character (state: 3)
[GLIDE],15.8833333333337,0.898879691991,0.0,0.4494398459955,-0.898879691991,7.44043641971566,49.910624243744,58.3176910082373,3.48330792963603,2.13602603330367,802.956115722656,182.024169921875,26.4
[VERBATIM] DIAGNOSIS turning block executed
[DIAG] _turn_input = 0.0
[DIAG] _poll_controls: ENTER, state=3
[VERBATIM] POLL: _poll_controls() entered, game_state=3
[VERBATIM] POLL: checking deploy state=3 canopy=true
[DEBUG] _input (build_terrain) called, event=InputEventMouseMotion: button_mask=0, position=((838.0, 67.0)), relative=((8.0, -1.0)), velocity=((2163.495, -439.5945)), pressure=0.00, tilt=((0.0, 0.0)), pen_inverted=(false)
[AUDIT] _input: ENTER
[AUDIT] _gui_input: ENTER
[AUDIT] poll_forensic_hud: ENTER
[ARMTEL],16.166666666667,L,false,0.01666666666667,0.0,7.19103753592796,-3.47983275930966,-3.7112047766183,-1.05609134417497,0.88127816958808,83.7214367450748,-2.0,81.3013386885523,0.0
[DIAG] _physics_process: ENTER, state=3
[DIAG] _physics_process: camera target set to character (state: 3)
[GLIDE],15.9000000000004,0.88127816958808,0.0,0.44063908479404,-0.88127816958808,7.51013844843121,49.1121567803375,59.1362269545763,3.48243321293391,2.15657788368725,803.063537597656,182.08837890625,26.4
[VERBATIM] DIAGNOSIS turning block executed
[DIAG] _turn_input = 0.0
[DIAG] _poll_controls: ENTER, state=3
[VERBATIM] POLL: _poll_controls() entered, game_state=3
[VERBATIM] POLL: checking deploy state=3 canopy=true
[DEBUG] _input (build_terrain) called, event=InputEventMouseMotion: button_mask=0, position=((850.0, 66.0)), relative=((12.0, -1.0)), velocity=((2163.495, -439.5945)), pressure=0.00, tilt=((0.0, 0.0)), pen_inverted=(false)
[AUDIT] _input: ENTER
[AUDIT] _gui_input: ENTER
[AUDIT] poll_forensic_hud: ENTER
[ARMTEL],16.1833333333337,L,false,0.01666666666667,0.0,7.05022535670463,-3.6963197046124,-3.35390565209223,-1.11198977170984,0.86274500672625,81.9607860495649,-2.0,79.16289672022,0.0
[DIAG] _physics_process: ENTER, state=3
[DIAG] _physics_process: camera target set to character (state: 3)
[GLIDE],15.916666666667,0.86274500672625,0.0,0.43137250336312,-0.86274500672625,7.58352977336406,48.2637047573198,59.9406220338649,3.48235056764013,2.17770429084145,803.172912597656,182.15168762207,26.4
[VERBATIM] DIAGNOSIS turning block executed
[DIAG] _turn_input = 0.0
[DIAG] _poll_controls: ENTER, state=3
[VERBATIM] POLL: _poll_controls() entered, game_state=3
[VERBATIM] POLL: checking deploy state=3 canopy=true
[DEBUG] _input (build_terrain) called, event=InputEventMouseMotion: button_mask=0, position=((875.0, 66.0)), relative=((25.0, 0.0)), velocity=((2163.495, -439.5945)), pressure=0.00, tilt=((0.0, 0.0)), pen_inverted=(false)
[AUDIT] _input: ENTER
[AUDIT] _gui_input: ENTER
[AUDIT] poll_forensic_hud: ENTER
[ARMTEL],16.2000000000004,L,false,0.01666666666667,0.0,6.90196005380999,-3.89196420098445,-3.00999585282554,-1.16215636925693,0.8433757339053,80.1207048978496,-2.0,76.9279805213395,0.0
[DIAG] _physics_process: ENTER, state=3
[DIAG] _physics_process: camera target set to character (state: 3)
[GLIDE],15.9333333333337,0.8433757339053,0.0,0.42168786695265,-0.8433757339053,7.66023209373501,47.3685102139138,60.7300972040968,3.48317037618145,2.19921257545053,803.284301757812,182.214111328125,26.4
[VERBATIM] DIAGNOSIS turning block executed
[DIAG] _turn_input = 0.0
[DIAG] _poll_controls: ENTER, state=3
[VERBATIM] POLL: _poll_controls() entered, game_state=3
[VERBATIM] POLL: checking deploy state=3 canopy=true
[DEBUG] _input (build_terrain) called, event=InputEventMouseMotion: button_mask=0, position=((913.0, 66.0)), relative=((38.0, 0.0)), velocity=((1045.284, -181.4129)), pressure=0.00, tilt=((0.0, 0.0)), pen_inverted=(false)
[AUDIT] _input: ENTER
[AUDIT] _gui_input: ENTER
[AUDIT] poll_forensic_hud: ENTER
[ARMTEL],16.216666666667,L,false,0.01666666666667,0.0,6.74700587124239,-4.06754729239927,-2.67945857884312,-1.20681401223765,0.82326216703467,78.2099158024336,-2.0,74.6071842358015,0.0
[DIAG] _physics_process: ENTER, state=3
[DIAG] _physics_process: camera target set to character (state: 3)
[GLIDE],15.9500000000004,0.82326216703467,0.0,0.41163108351734,-0.82326216703467,7.7398818185427,46.4297593869579,61.5039265272128,3.48498745472583,2.22092099873903,803.397644042969,182.275650024414,26.4
[VERBATIM] DIAGNOSIS turning block executed
[DIAG] _turn_input = 0.0
[DIAG] _poll_controls: ENTER, state=3
[VERBATIM] POLL: _poll_controls() entered, game_state=3
[VERBATIM] POLL: checking deploy state=3 canopy=true
[DEBUG] _input (build_terrain) called, event=InputEventMouseMotion: button_mask=0, position=((961.0, 66.0)), relative=((48.0, 0.0)), velocity=((1045.284, -181.4129)), pressure=0.00, tilt=((0.0, 0.0)), pen_inverted=(false)
[AUDIT] _input: ENTER
[AUDIT] _gui_input: ENTER
[AUDIT] poll_forensic_hud: ENTER
[ARMTEL],16.2333333333337,L,false,0.01666666666667,0.0,6.58609733627737,-4.22384904283179,-2.36224829344559,-1.24618481712841,0.80249242008253,76.2367895913559,-2.0,72.2106748604065,0.0
[DIAG] _physics_process: ENTER, state=3
[DIAG] _physics_process: camera target set to character (state: 3)
[GLIDE],15.966666666667,0.80249242008253,0.0,0.40124621004127,-0.80249242008253,7.82213001647318,45.4505917851964,62.2614363902994,3.4878804879337,2.24265998893419,803.513000488281,182.336334228516,26.4
[VERBATIM] DIAGNOSIS turning block executed
[DIAG] _turn_input = 0.0
[DIAG] _poll_controls: ENTER, state=3
[VERBATIM] POLL: _poll_controls() entered, game_state=3
[VERBATIM] POLL: checking deploy state=3 canopy=true
[DEBUG] _input (build_terrain) called, event=InputEventMouseMotion: button_mask=0, position=((1005.0, 72.0)), relative=((44.0, 6.0)), velocity=((1045.284, -181.4129)), pressure=0.00, tilt=((0.0, 0.0)), pen_inverted=(false)
[AUDIT] _input: ENTER
[AUDIT] _gui_input: ENTER
[AUDIT] poll_forensic_hud: ENTER
[ARMTEL],16.2500000000004,L,false,0.01666666666667,0.0,6.41993936066025,-4.36164685994944,-2.05829250071081,-1.28048969214026,0.78115092521353,74.2093473212769,-2.0,69.7481945684527,0.0
[DIAG] _physics_process: ENTER, state=3
[DIAG] _physics_process: camera target set to character (state: 3)
[GLIDE],15.9833333333337,0.78115092521353,0.0,0.39057546260676,-0.78115092521353,7.90664233615443,44.4341068344011,63.0020048375394,3.49191185120802,2.26427317557262,803.630432128906,182.396148681641,26.4
[VERBATIM] DIAGNOSIS turning block executed
[DIAG] _turn_input = 0.0
[DIAG] _poll_controls: ENTER, state=3
[VERBATIM] POLL: _poll_controls() entered, game_state=3
[VERBATIM] POLL: checking deploy state=3 canopy=true
[DEBUG] _input (build_terrain) called, event=InputEventMouseMotion: button_mask=0, position=((1053.0, 86.0)), relative=((48.0, 14.0)), velocity=((1045.284, -181.4129)), pressure=0.00, tilt=((0.0, 0.0)), pen_inverted=(false)
[AUDIT] _input: ENTER
[AUDIT] _gui_input: ENTER
[AUDIT] poll_forensic_hud: ENTER
[ARMTEL],16.266666666667,L,false,0.01666666666667,0.0,6.24920740170822,-4.48171392249091,-1.76749347921731,-1.30994791679388,0.75931845993363,72.1352628562386,-2.0,67.2290638418326,0.0
[DIAG] _physics_process: ENTER, state=3
[DIAG] _physics_process: camera target set to character (state: 3)
[GLIDE],16.0000000000004,0.75931845993363,0.0,0.37965922996681,-0.75931845993363,7.99309889866283,43.3833683635781,63.7250609769324,3.49712776620571,2.28561820814889,803.749877929688,182.455123901367,26.4
[VERBATIM] DIAGNOSIS turning block executed
[DIAG] _turn_input = 0.0
[DIAG] _poll_controls: ENTER, state=3
[VERBATIM] POLL: _poll_controls() entered, game_state=3
[VERBATIM] POLL: checking deploy state=3 canopy=true
[DEBUG] _input (build_terrain) called, event=InputEventMouseMotion: button_mask=0, position=((1101.0, 104.0)), relative=((48.0, 18.0)), velocity=((1045.284, -181.4129)), pressure=0.00, tilt=((0.0, 0.0)), pen_inverted=(false)
[AUDIT] _input: ENTER
[AUDIT] _gui_input: ENTER
[AUDIT] poll_forensic_hud: ENTER
[ARMTEL],16.2833333333337,L,false,0.01666666666667,0.0,6.07454767946903,-4.58481770877859,-1.48972997069045,-1.33477674963872,0.73707218077298,70.0218660675359,-2.0,64.6621853575164,0.0
[DIAG] _physics_process: ENTER, state=3
[DIAG] _physics_process: camera target set to character (state: 3)
[GLIDE],16.016666666667,0.73707218077298,0.0,0.36853609038649,-0.73707218077298,8.08119416413898,42.3014071907536,64.4300844301116,3.50355873738926,2.30656734191385,803.871398925781,182.513259887695,26.4
[VERBATIM] DIAGNOSIS turning block executed
[DIAG] _turn_input = 0.0
[DIAG] _poll_controls: ENTER, state=3
[VERBATIM] POLL: _poll_controls() entered, game_state=3
[VERBATIM] POLL: checking deploy state=3 canopy=true
[DEBUG] _input (build_terrain) called, event=InputEventMouseMotion: button_mask=0, position=((1138.0, 113.0)), relative=((37.0, 9.0)), velocity=((1045.284, -181.4129)), pressure=0.00, tilt=((0.0, 0.0)), pen_inverted=(false)
[AUDIT] _input: ENTER
[AUDIT] _gui_input: ENTER
[AUDIT] poll_forensic_hud: ENTER
[ARMTEL],16.3000000000004,L,false,0.01666666666667,0.0,5.89657744618387,-4.67171862373553,-1.22485882244834,-1.35519106334619,0.71448566305055,67.8761466113575,-2.0,62.0560485757794,0.0
[DIAG] _physics_process: ENTER, state=3
[DIAG] _physics_process: camera target set to character (state: 3)
[GLIDE],16.0333333333337,0.71448566305055,0.0,0.35724283152527,-0.71448566305055,8.17063677431983,41.1912220540797,65.1166047976796,3.51122022015386,2.32700778134668,803.994934082031,182.570556640625,26.4
[VERBATIM] DIAGNOSIS turning block executed
[DIAG] _turn_input = 0.0
[DIAG] _poll_controls: ENTER, state=3
[VERBATIM] POLL: _poll_controls() entered, game_state=3
[VERBATIM] POLL: checking deploy state=3 canopy=true
[DEBUG] _input (build_terrain) called, event=InputEventMouseMotion: button_mask=0, position=((1149.0, 117.0)), relative=((11.0, 4.0)), velocity=((1045.284, -181.4129)), pressure=0.00, tilt=((0.0, 0.0)), pen_inverted=(false)
[AUDIT] _input: ENTER
[AUDIT] _gui_input: ENTER
[AUDIT] poll_forensic_hud: ENTER
[ARMTEL],16.316666666667,L,false,0.01666666666667,0.0,5.71588530440438,-4.74316872171168,-0.9727165826927,-1.37140300639107,0.69162894627736,65.7047582420975,-2.0,59.4187349790415,0.0
[DIAG] _physics_process: ENTER, state=3
[DIAG] _physics_process: camera target set to character (state: 3)
[GLIDE],16.0500000000004,0.69162894627736,0.0,0.34581447313868,-0.69162894627736,8.26114937274164,40.0557791204849,65.7842011163543,3.52011347437608,2.34684178020877,804.120483398438,182.627029418945,26.4
[VERBATIM] DIAGNOSIS turning block executed
[DIAG] _turn_input = 0.0
[DIAG] _poll_controls: ENTER, state=3
[VERBATIM] POLL: _poll_controls() entered, game_state=3
[VERBATIM] POLL: checking deploy state=3 canopy=true
[AUDIT] poll_forensic_hud: ENTER
[ARMTEL],16.3333333333337,L,false,0.01666666666667,0.0,5.5330315702189,-4.79991052236876,-0.73312104785015,-1.38362169052191,0.66856858476866,63.5140236205064,-2.0,56.7579239117262,0.0
[DIAG] _physics_process: ENTER, state=3
[DIAG] _physics_process: camera target set to character (state: 3)
[GLIDE],16.066666666667,0.66856858476866,0.0,0.33428429238433,-0.66856858476866,8.35246840431609,38.8980102900138,66.4325012878545,3.530226560928,2.36598650544413,804.248107910156,182.682693481445,26.4
[VERBATIM] DIAGNOSIS turning block executed
[DIAG] _turn_input = 0.0
[DIAG] _poll_controls: ENTER, state=3
[VERBATIM] POLL: _poll_controls() entered, game_state=3
[VERBATIM] POLL: checking deploy state=3 canopy=true
[AUDIT] poll_forensic_hud: ENTER
[ARMTEL],16.3500000000004,L,false,0.01666666666667,0.0,5.34854867814931,-4.84267591682668,-0.50587276132263,-1.39205290321062,0.64536770304849,61.3099395771292,-2.0,54.0808989731001,0.0
[DIAG] _physics_process: ENTER, state=3
[DIAG] _physics_process: camera target set to character (state: 3)
[GLIDE],16.0833333333337,0.64536770304849,0.0,0.32268385152424,-0.64536770304849,8.44434389592799,37.7208104995487,67.061181462847,3.54153544264251,2.38437367991643,804.377746582031,182.737548828125,26.4
[VERBATIM] DIAGNOSIS turning block executed
[DIAG] _turn_input = 0.0
[DIAG] _poll_controls: ENTER, state=3
[VERBATIM] POLL: _poll_controls() entered, game_state=3
[VERBATIM] POLL: checking deploy state=3 canopy=true
[AUDIT] poll_forensic_hud: ENTER
[ARMTEL],16.366666666667,L,false,0.01666666666667,0.0,5.1629416243879,-4.87218516123717,-0.29075646315073,-1.39689884426313,0.6220860556441,59.0981827927776,-2.0,51.3945549166309,0.0
[DIAG] _physics_process: ENTER, state=3
[DIAG] _physics_process: camera target set to character (state: 3)
[GLIDE],16.1000000000004,0.6220860556441,0.0,0.31104302782205,-0.6220860556441,8.53653921964936,36.5270342149538,67.6699653664296,3.55400515527729,2.40194902558697,804.509338378906,182.791610717773,26.4
[VERBATIM] DIAGNOSIS turning block executed
[DIAG] _turn_input = 0.0
[DIAG] _poll_controls: ENTER, state=3
[VERBATIM] POLL: _poll_controls() entered, game_state=3
[VERBATIM] POLL: checking deploy state=3 canopy=true
[AUDIT] poll_forensic_hud: ENTER
[ARMTEL],16.3833333333337,L,false,0.01666666666667,0.0,4.97668844515281,-4.88914595492096,-0.08754249023185,-1.398357885767,0.59878009088132,56.8841158590847,-2.0,48.7054050109851,0.0
[DIAG] _physics_process: ENTER, state=3
[DIAG] _physics_process: camera target set to character (state: 3)
[GLIDE],16.116666666667,0.59878009088132,0.0,0.29939004544066,-0.59878009088132,8.62883084010998,35.3194912859804,68.2586235545293,3.56759101810086,2.418671533909,804.642944335938,182.844879150391,26.4
[VERBATIM] DIAGNOSIS turning block executed
[DIAG] _turn_input = 0.0
[DIAG] _poll_controls: ENTER, state=3
[VERBATIM] POLL: _poll_controls() entered, game_state=3
[VERBATIM] POLL: checking deploy state=3 canopy=true
[AUDIT] poll_forensic_hud: ENTER
[ARMTEL],16.4000000000004,L,false,0.01666666666667,0.0,4.79024072705055,-4.89425260018449,0.10401187313394,-1.3966243545481,0.57550301830552,54.6727936835038,-2.0,46.0195888193772,0.0
[DIAG] _physics_process: ENTER, state=3
[DIAG] _physics_process: camera target set to character (state: 3)
[GLIDE],16.1333333333337,0.57550301830552,0.0,0.28775150915276,-0.57550301830552,8.72100804751015,34.1009423236566,68.8269725932569,3.58223985772996,2.43451259375931,804.778503417969,182.897384643555,26.4
[VERBATIM] DIAGNOSIS turning block executed
[DIAG] _turn_input = 0.0
[DIAG] _poll_controls: ENTER, state=3
[VERBATIM] POLL: _poll_controls() entered, game_state=3
[VERBATIM] POLL: checking deploy state=3 canopy=true
[AUDIT] poll_forensic_hud: ENTER
[ARMTEL],16.416666666667,L,false,0.01666666666667,0.0,4.60402414644413,-4.88818524091834,0.2841610944742,-1.39188833630686,0.55230487936707,52.468970204424,-2.0,43.3428803555807,0.0
[DIAG] _physics_process: ENTER, state=3
[DIAG] _physics_process: camera target set to character (state: 3)
[GLIDE],16.1500000000004,0.55230487936707,0.0,0.27615243968353,-0.55230487936707,8.81287267770641,32.8740937454788,69.3748741556815,3.59789122271087,2.44945500911122,804.915954589844,182.949127197266,26.4
[VERBATIM] DIAGNOSIS turning block executed
[DIAG] _turn_input = 0.0
[DIAG] _poll_controls: ENTER, state=3
[VERBATIM] POLL: _poll_controls() entered, game_state=3
[VERBATIM] POLL: checking deploy state=3 canopy=true
[AUDIT] poll_forensic_hud: ENTER
[ARMTEL],16.4333333333337,L,false,0.01666666666667,0.0,4.41843903493655,-4.87160917707401,0.45317014213746,-1.38433550060457,0.52923262102366,50.2771053833918,-2.0,40.680696576504,0.0
[DIAG] _physics_process: ENTER, state=3
[DIAG] _physics_process: camera target set to character (state: 3)
[GLIDE],16.166666666667,0.52923262102366,0.0,0.26461631051183,-0.52923262102366,8.90423882074631,31.6415926196225,69.9022340326752,3.61447857000509,2.46349193895864,805.055297851562,183.000122070312,26.4
[VERBATIM] DIAGNOSIS turning block executed
[DIAG] _turn_input = 0.0
[DIAG] _poll_controls: ENTER, state=3
[VERBATIM] POLL: _poll_controls() entered, game_state=3
[VERBATIM] POLL: checking deploy state=3 canopy=true
[AUDIT] poll_forensic_hud: ENTER
[ARMTEL],16.4500000000003,L,false,0.01666666666667,0.0,4.23386096818928,-4.84517425211599,0.61131328392671,-1.37414694587246,0.50633017192579,48.1013724427344,-2.0,38.0381061728253,0.0
[DIAG] _physics_process: ENTER, state=3
[DIAG] _physics_process: camera target set to character (state: 3)
[GLIDE],16.1833333333337,0.50633017192579,0.0,0.25316508596289,-0.50633017192579,8.99493251917389,30.4060214257009,70.4090010564369,3.63193040796999,2.47662579091141,805.196533203125,183.050384521484,26.4
[VERBATIM] DIAGNOSIS turning block executed
[DIAG] _turn_input = 0.0
[DIAG] _poll_controls: ENTER, state=3
[VERBATIM] POLL: _poll_controls() entered, game_state=3
[VERBATIM] POLL: checking deploy state=3 canopy=true
[AUDIT] poll_forensic_hud: ENTER
[ARMTEL],16.466666666667,L,false,0.01666666666667,0.0,4.05064137540628,-4.8095143105536,0.75887293514732,-1.36149906362,0.48363852086545,45.9456653181872,-2.0,35.4198386207656,0.0
[DIAG] _physics_process: ENTER, state=3
[DIAG] _physics_process: camera target set to character (state: 3)
[GLIDE],16.2000000000004,0.48363852086545,0.0,0.24181926043273,-0.48363852086545,9.08479145737281,29.169892836378,70.8951659370432,3.65017138358808,2.48886709764366,805.339599609375,183.099945068359,26.4
[VERBATIM] DIAGNOSIS turning block executed
[DIAG] _turn_input = 0.0
[DIAG] _poll_controls: ENTER, state=3
[VERBATIM] POLL: _poll_controls() entered, game_state=3
[VERBATIM] POLL: checking deploy state=3 canopy=true
[AUDIT] poll_forensic_hud: ENTER
[ARMTEL],16.4833333333337,L,false,0.01666666666667,0.0,3.86910816692362,-4.76524672267001,0.89613855574639,-1.34656342102423,0.46119579718171,43.8136062974203,-2.0,32.8302934596517,0.0
[DIAG] _physics_process: ENTER, state=3
[DIAG] _physics_process: camera target set to character (state: 3)
[GLIDE],16.216666666667,0.46119579718171,0.0,0.23059789859086,-0.46119579718171,9.17366464316041,27.9356446114712,71.3607600139011,3.66912330457656,2.50023340227295,805.484497070312,183.148818969727,26.4
[VERBATIM] DIAGNOSIS turning block executed
[DIAG] _turn_input = 0.0
[DIAG] _poll_controls: ENTER, state=3
[VERBATIM] POLL: _poll_controls() entered, game_state=3
[VERBATIM] POLL: checking deploy state=3 canopy=true
[AUDIT] poll_forensic_hud: ENTER
[ARMTEL],16.5000000000003,L,false,0.01666666666667,0.0,3.68956637745372,-4.7129719735848,1.02340559613108,-1.32950666108871,0.43903735283024,41.7085538166483,-2.0,30.2735497614809,0.0
[DIAG] _physics_process: ENTER, state=3
[DIAG] _physics_process: camera target set to character (state: 3)
[GLIDE],16.2333333333337,0.43903735283024,0.0,0.21951867641512,-0.43903735283024,9.26141208279227,26.7056346840954,71.8058539253027,3.68870608959078,2.51074817506529,805.631164550781,183.197021484375,26.4
[VERBATIM] DIAGNOSIS turning block executed
[DIAG] _turn_input = 0.0
[DIAG] _poll_controls: ENTER, state=3
[VERBATIM] POLL: _poll_controls() entered, game_state=3
[VERBATIM] POLL: checking deploy state=3 canopy=true
[AUDIT] poll_forensic_hud: ENTER
[ARMTEL],16.516666666667,L,false,0.01666666666667,0.0,3.51229882264189,-4.65327331381049,1.1409744911686,-1.31049041956923,0.41719584583742,39.6336103887733,-2.0,27.7533757602442,0.0
[DIAG] _physics_process: ENTER, state=3
[DIAG] _physics_process: camera target set to character (state: 3)
[GLIDE],16.2500000000004,0.41719584583742,0.0,0.20859792291871,-0.41719584583742,9.34790445048383,25.4821365069543,72.2305562004186,3.70883864202073,2.52043977987425,805.779541015625,183.244567871094,26.4
[VERBATIM] DIAGNOSIS turning block executed
[DIAG] _turn_input = 0.0
[DIAG] _poll_controls: ENTER, state=3
[VERBATIM] POLL: _poll_controls() entered, game_state=3
[VERBATIM] POLL: checking deploy state=3 canopy=true
[AUDIT] poll_forensic_hud: ENTER
[ARMTEL],16.5333333333337,L,false,0.01666666666667,0.0,3.33756676669933,-4.58671646849232,1.24914970179299,-1.28967125787268,0.39570132487287,37.5916306377714,-2.0,25.2732386102898,0.0
[DIAG] _physics_process: ENTER, state=3
[DIAG] _physics_process: camera target set to character (state: 3)
[GLIDE],16.266666666667,0.39570132487287,0.0,0.19785066243644,-0.39570132487287,9.43302275350343,24.2673347160984,72.6350117790202,3.72943964487165,2.529340504672,805.929565429688,183.291488647461,26.4
[VERBATIM] DIAGNOSIS turning block executed
[DIAG] _turn_input = 0.0
[DIAG] _poll_controls: ENTER, state=3
[VERBATIM] POLL: _poll_controls() entered, game_state=3
[VERBATIM] POLL: checking deploy state=3 canopy=true
[AUDIT] poll_forensic_hud: ENTER
[ARMTEL],16.5500000000003,L,false,0.01666666666667,0.0,3.16561059898297,-4.51384940255439,1.34823880357143,-1.26720061114649,0.3745813146871,35.5852294152719,-2.0,22.836314244515,0.0
[DIAG] _physics_process: ENTER, state=3
[DIAG] _physics_process: camera target set to character (state: 3)
[GLIDE],16.2833333333337,0.3745813146871,0.0,0.18729065734355,-0.3745813146871,9.5166579938391,23.0633211593754,73.0194004650098,3.75042827592938,2.53748566661518,806.081237792969,183.337814331055,26.4
[VERBATIM] DIAGNOSIS turning block executed
[DIAG] _turn_input = 0.0
[DIAG] _poll_controls: ENTER, state=3
[VERBATIM] POLL: _poll_controls() entered, game_state=3
[VERBATIM] POLL: checking deploy state=3 canopy=true
[AUDIT] poll_forensic_hud: ENTER
[ARMTEL],16.566666666667,L,false,0.01666666666667,0.0,2.99665051749677,-4.43520213901273,1.43855162151596,-1.24322475078789,0.35386090217396,33.6167899764953,-2.0,20.4454973046556,0.0
[DIAG] _physics_process: ENTER, state=3
[DIAG] _physics_process: camera target set to character (state: 3)
[GLIDE],16.3000000000004,0.35386090217396,0.0,0.17693045108698,-0.35386090217396,9.5987108273911,21.872091327397,73.3839353204664,3.77172484385162,2.54491279846095,806.234558105469,183.383560180664,26.4
[VERBATIM] DIAGNOSIS turning block executed
[DIAG] _turn_input = 0.0
[DIAG] _poll_controls: ENTER, state=3
[VERBATIM] POLL: _poll_controls() entered, game_state=3
[VERBATIM] POLL: checking deploy state=3 canopy=true
[AUDIT] poll_forensic_hud: ENTER
[ARMTEL],16.5833333333337,L,false,0.01666666666667,0.0,2.83088721739172,-4.35128662775763,1.52039941036591,-1.21788476061513,0.33356282283038,31.6884721939218,-2.0,20.0000085715136,0.0
[DIAG] _physics_process: ENTER, state=3
[DIAG] _physics_process: camera target set to character (state: 3)
[GLIDE],16.316666666667,0.33356282283038,0.0,0.16678141141519,-0.33356282283038,9.6790912215917,20.6955412161526,73.7288610074023,3.7932513470143,2.5516609199151,806.389404296875,183.428756713867,26.4
[VERBATIM] DIAGNOSIS turning block executed
[DIAG] _turn_input = 0.0
[DIAG] _poll_controls: ENTER, state=3
[VERBATIM] POLL: _poll_controls() entered, game_state=3
[VERBATIM] POLL: checking deploy state=3 canopy=true
[DEBUG] _input (build_terrain) called, event=InputEventMouseMotion: button_mask=0, position=((1145.0, 112.0)), relative=((-4.0, -5.0)), velocity=((717.5367, 133.5561)), pressure=0.00, tilt=((0.0, 0.0)), pen_inverted=(false)
[AUDIT] _input: ENTER
[AUDIT] _gui_input: ENTER
[AUDIT] poll_forensic_hud: ENTER
[ARMTEL],16.6000000000003,L,false,0.01666666666667,0.0,2.66850258264303,-4.26259666215295,1.59409407950992,-1.19131652595663,0.31370754739777,29.8022207882342,-2.0,20.0000085715136,0.0
[DIAG] _physics_process: ENTER, state=3
[DIAG] _physics_process: camera target set to character (state: 3)
[GLIDE],16.3333333333337,0.31370754739777,0.0,0.15685377369888,-0.31370754739777,9.75771811230484,19.5354646424077,74.0544520847758,3.814931957899,2.55776989471621,806.545776367188,183.473434448242,26.4
[VERBATIM] DIAGNOSIS turning block executed
[DIAG] _turn_input = 0.0
[DIAG] _poll_controls: ENTER, state=3
[VERBATIM] POLL: _poll_controls() entered, game_state=3
[VERBATIM] POLL: checking deploy state=3 canopy=true
[DEBUG] _input (build_terrain) called, event=InputEventMouseMotion: button_mask=0, position=((1139.0, 106.0)), relative=((-6.0, -6.0)), velocity=((717.5367, 133.5561)), pressure=0.00, tilt=((0.0, 0.0)), pen_inverted=(false)
[AUDIT] _input: ENTER
[AUDIT] _gui_input: ENTER
[AUDIT] poll_forensic_hud: ENTER
[ARMTEL],16.616666666667,L,false,0.01666666666667,0.0,2.50966037918215,-4.16960784084821,1.65994746166606,-1.16365073492886,0.29431336848229,27.9597735572378,-2.0,20.0000085715136,0.0
[DIAG] _physics_process: ENTER, state=3
[DIAG] _physics_process: camera target set to character (state: 3)
[GLIDE],16.3500000000004,0.29431336848229,0.0,0.14715668424114,-0.29431336848229,9.83451906081014,18.39355102573,74.3610112685379,3.83669343655151,2.56327987196433,806.70361328125,183.517623901367,26.4
[VERBATIM] DIAGNOSIS turning block executed
[DIAG] _turn_input = 0.0
[DIAG] _poll_controls: ENTER, state=3
[VERBATIM] POLL: _poll_controls() entered, game_state=3
[VERBATIM] POLL: checking deploy state=3 canopy=true
[DEBUG] _input (build_terrain) called, event=InputEventMouseMotion: button_mask=0, position=((1132.0, 95.0)), relative=((-7.0, -11.0)), velocity=((717.5367, 133.5561)), pressure=0.00, tilt=((0.0, 0.0)), pen_inverted=(false)
[AUDIT] _input: ENTER
[AUDIT] _gui_input: ENTER
[AUDIT] poll_forensic_hud: ENTER
[ARMTEL],16.6333333333337,L,false,0.01666666666667,0.0,2.3545069478583,-4.07277757225102,1.71827062439272,-1.13501289118898,0.27539648696247,26.162669584589,-2.0,20.0000085715136,0.0
[DIAG] _physics_process: ENTER, state=3
[DIAG] _physics_process: camera target set to character (state: 3)
[GLIDE],16.366666666667,0.27539648696247,0.0,0.13769824348124,-0.27539648696247,9.90942991162862,17.2713836443668,74.6488676626107,3.85846547719701,2.56823080838534,806.862854003906,183.561340332031,26.4
[VERBATIM] DIAGNOSIS turning block executed
[DIAG] _turn_input = 0.0
[DIAG] _poll_controls: ENTER, state=3
[VERBATIM] POLL: _poll_controls() entered, game_state=3
[VERBATIM] POLL: checking deploy state=3 canopy=true
[DEBUG] _input (build_terrain) called, event=InputEventMouseMotion: button_mask=0, position=((1121.0, 84.0)), relative=((-11.0, -11.0)), velocity=((717.5367, 133.5561)), pressure=0.00, tilt=((0.0, 0.0)), pen_inverted=(false)
[AUDIT] _input: ENTER
[AUDIT] _gui_input: ENTER
[AUDIT] poll_forensic_hud: ENTER
[ARMTEL],16.6500000000003,L,false,0.01666666666667,0.0,2.20317189569977,-3.97254511916144,1.76937322346168,-1.10552333746462,0.25697109800473,24.4122574112679,-2.0,20.0000085715136,0.0
[DIAG] _physics_process: ENTER, state=3
[DIAG] _physics_process: camera target set to character (state: 3)
[GLIDE],16.3833333333337,0.25697109800473,0.0,0.12848554900236,-0.25697109800473,9.98239445190128,16.1704383662556,74.918374968715,3.88018099248471,2.57266206685605,807.023498535156,183.604629516602,26.4
[VERBATIM] DIAGNOSIS turning block executed
[DIAG] _turn_input = 0.0
[DIAG] _poll_controls: ENTER, state=3
[VERBATIM] POLL: _poll_controls() entered, game_state=3
[VERBATIM] POLL: checking deploy state=3 canopy=true
[DEBUG] _input (build_terrain) called, event=InputEventMouseMotion: button_mask=0, position=((1117.0, 76.0)), relative=((-4.0, -8.0)), velocity=((717.5367, 133.5561)), pressure=0.00, tilt=((0.0, 0.0)), pen_inverted=(false)
[AUDIT] _input: ENTER
[AUDIT] _gui_input: ENTER
[AUDIT] poll_forensic_hud: ENTER
[ARMTEL],16.666666666667,L,false,0.01666666666667,0.0,2.05576878403782,-3.86933168112618,1.81356289708836,-1.07529728917982,0.2390494765184,22.7097031538099,-2.0,20.0000085715136,0.0
[DIAG] _physics_process: ENTER, state=3
[DIAG] _physics_process: camera target set to character (state: 3)
[GLIDE],16.4000000000004,0.2390494765184,0.0,0.1195247382592,-0.2390494765184,10.0533640729871,15.0920828511381,75.1699096829006,3.90177634007598,2.5766120855588,807.185485839844,183.647521972656,26.4
[VERBATIM] DIAGNOSIS turning block executed
[DIAG] _turn_input = 0.0
[DIAG] _poll_controls: ENTER, state=3
[VERBATIM] POLL: _poll_controls() entered, game_state=3
[VERBATIM] POLL: checking deploy state=3 canopy=true
[DEBUG] _input (build_terrain) called, event=InputEventMouseMotion: button_mask=0, position=((1112.0, 61.0)), relative=((-5.0, -15.0)), velocity=((717.5367, 133.5561)), pressure=0.00, tilt=((0.0, 0.0)), pen_inverted=(false)
[AUDIT] _input: ENTER
[AUDIT] _gui_input: ENTER
[AUDIT] poll_forensic_hud: ENTER
[ARMTEL],16.6833333333337,L,false,0.01666666666667,0.0,1.91239581214718,-3.76354051212936,1.85114469998218,-1.04444487751345,0.22164206189317,21.0559985543618,-2.0,20.0000085715136,0.0
[DIAG] _physics_process: ENTER, state=3
[DIAG] _physics_process: camera target set to character (state: 3)
[GLIDE],16.416666666667,0.22164206189317,0.0,0.11082103094659,-0.22164206189317,10.122297434903,14.037576215069,75.4038692864851,3.92319149640672,2.58011811153601,807.348754882812,183.690032958984,26.4
[VERBATIM] DIAGNOSIS turning block executed
[DIAG] _turn_input = 0.0
[DIAG] _poll_controls: ENTER, state=3
[VERBATIM] POLL: _poll_controls() entered, game_state=3
[VERBATIM] POLL: checking deploy state=3 canopy=true
[DEBUG] _input (build_terrain) called, event=InputEventMouseMotion: button_mask=0, position=((1108.0, 52.0)), relative=((-4.0, -9.0)), velocity=((717.5367, 133.5561)), pressure=0.00, tilt=((0.0, 0.0)), pen_inverted=(false)
[AUDIT] _input: ENTER
[AUDIT] _gui_input: ENTER
[AUDIT] poll_forensic_hud: ENTER
[ARMTEL],16.7000000000003,L,false,0.01666666666667,0.0,1.77313649514538,-3.65555707129707,1.88242057615168,-1.01307120124425,0.20475754187244,19.4519689486496,-2.0,20.0000085715136,0.0
[DIAG] _physics_process: ENTER, state=3
[DIAG] _physics_process: camera target set to character (state: 3)
[GLIDE],16.4333333333337,0.20475754187244,0.0,0.10237877093622,-0.20475754187244,10.1891601341852,13.0080691445157,75.6206704388937,3.94437018246605,2.58321599211939,807.513244628906,183.732208251953,26.4
[VERBATIM] DIAGNOSIS turning block executed
[DIAG] _turn_input = 0.0
[DIAG] _poll_controls: ENTER, state=3
[VERBATIM] POLL: _poll_controls() entered, game_state=3
[VERBATIM] POLL: checking deploy state=3 canopy=true
[DEBUG] _input (build_terrain) called, event=InputEventMouseMotion: button_mask=0, position=((1107.0, 49.0)), relative=((-1.0, -3.0)), velocity=((-356.9967, -565.9704)), pressure=0.00, tilt=((0.0, 0.0)), pen_inverted=(false)
[AUDIT] _input: ENTER
[AUDIT] _gui_input: ENTER
[AUDIT] poll_forensic_hud: ENTER
[ARMTEL],16.716666666667,L,false,0.01666666666667,0.0,1.63806033497948,-3.54574920435488,1.9076888693754,-0.98127638675466,0.18840293542652,17.8982811389403,-2.0,20.0000085715136,0.0
[DIAG] _physics_process: ENTER, state=3
[DIAG] _physics_process: camera target set to character (state: 3)
[GLIDE],16.4500000000003,0.18840293542652,0.0,0.09420146771326,-0.18840293542652,10.253924375711,12.0046044437191,75.8207471796223,3.96525994635841,2.5859400176596,807.678955078125,183.774078369141,26.4
[VERBATIM] DIAGNOSIS turning block executed
[DIAG] _turn_input = 0.0
[DIAG] _poll_controls: ENTER, state=3
[VERBATIM] POLL: _poll_controls() entered, game_state=3
[VERBATIM] POLL: checking deploy state=3 canopy=true
[DEBUG] _input (build_terrain) called, event=InputEventMouseMotion: button_mask=0, position=((1107.0, 45.0)), relative=((0.0, -4.0)), velocity=((-356.9967, -565.9704)), pressure=0.00, tilt=((0.0, 0.0)), pen_inverted=(false)
[AUDIT] _input: ENTER
[AUDIT] _gui_input: ENTER
[AUDIT] poll_forensic_hud: ENTER
[ARMTEL],16.7333333333337,L,false,0.01666666666667,0.0,1.5072234834122,-3.43446735364132,1.92724387022912,-0.94915565558418,0.17258367450012,16.3954511600442,-2.0,20.0000085715136,0.0
[DIAG] _physics_process: ENTER, state=3
[DIAG] _physics_process: camera target set to character (state: 3)
[GLIDE],16.466666666667,0.17258367450012,0.0,0.08629183725006,-0.17258367450012,10.3165686489795,11.0281179959901,76.0045491462222,3.98581220727216,2.58832280912704,807.845764160156,183.815658569336,26.4
[VERBATIM] DIAGNOSIS turning block executed
[DIAG] _turn_input = 0.0
[DIAG] _poll_controls: ENTER, state=3
[VERBATIM] POLL: _poll_controls() entered, game_state=3
[VERBATIM] POLL: checking deploy state=3 canopy=true
[DEBUG] _input (build_terrain) called, event=InputEventMouseMotion: button_mask=0, position=((1107.0, 41.0)), relative=((0.0, -4.0)), velocity=((-356.9967, -565.9704)), pressure=0.00, tilt=((0.0, 0.0)), pen_inverted=(false)
[AUDIT] _input: ENTER
[AUDIT] _gui_input: ENTER
[AUDIT] poll_forensic_hud: ENTER
[ARMTEL],16.7500000000003,L,false,0.01666666666667,0.0,1.38066939600097,-3.32204479454462,1.94137539854365,-0.91679939894178,0.15730368451776,14.9438519273391,-2.0,20.0000085715136,0.0
[DIAG] _physics_process: ENTER, state=3
[DIAG] _physics_process: camera target set to character (state: 3)
[GLIDE],16.4833333333337,0.15730368451776,0.0,0.07865184225888,-0.15730368451776,10.3770774093097,10.0794401171228,76.1725398148409,4.00598226527991,2.5903952444444,808.013732910156,183.856994628906,26.4
[VERBATIM] DIAGNOSIS turning block executed
[DIAG] _turn_input = 0.0
[DIAG] _poll_controls: ENTER, state=3
[VERBATIM] POLL: _poll_controls() entered, game_state=3
[VERBATIM] POLL: checking deploy state=3 canopy=true
[DEBUG] _input (build_terrain) called, event=InputEventMouseMotion: button_mask=0, position=((1107.0, 40.0)), relative=((0.0, -1.0)), velocity=((-356.9967, -565.9704)), pressure=0.00, tilt=((0.0, 0.0)), pen_inverted=(false)
[AUDIT] _input: ENTER
[AUDIT] _gui_input: ENTER
[AUDIT] poll_forensic_hud: ENTER
[ARMTEL],16.766666666667,L,false,0.01666666666667,0.0,1.25842947614207,-3.20879789629624,1.95036842015417,-0.88429325860588,0.14256546354099,13.5437207567033,-2.0,20.0000085715136,0.0
[DIAG] _physics_process: ENTER, state=3
[DIAG] _physics_process: camera target set to character (state: 3)
[GLIDE],16.5000000000003,0.14256546354099,0.0,0.0712827317705,-0.14256546354099,10.4354407643777,9.15929727707831,76.3251947694588,4.02572928115845,2.59218641780471,808.182739257812,183.89811706543,26.4
[VERBATIM] DIAGNOSIS turning block executed
[DIAG] _turn_input = 0.0
[DIAG] _poll_controls: ENTER, state=3
[VERBATIM] POLL: _poll_controls() entered, game_state=3
[VERBATIM] POLL: checking deploy state=3 canopy=true
[DEBUG] _input (build_terrain) called, event=InputEventMouseMotion: button_mask=0, position=((1107.0, 39.0)), relative=((0.0, -1.0)), velocity=((-356.9967, -565.9704)), pressure=0.00, tilt=((0.0, 0.0)), pen_inverted=(false)
[AUDIT] _input: ENTER
[AUDIT] _gui_input: ENTER
[AUDIT] poll_forensic_hud: ENTER
[ARMTEL],16.7833333333337,L,false,0.01666666666667,0.0,1.14052370832795,-3.09502640512058,1.95450269679263,-0.85171821365934,0.12837015998,12.1951667471175,-2.0,20.0000085715136,0.0
[DIAG] _physics_process: ENTER, state=3
[DIAG] _physics_process: camera target set to character (state: 3)
[GLIDE],16.516666666667,0.12837015998,0.0,0.06418507999,-0.12837015998,10.4916541664792,8.26831416450409,76.4630000055339,4.04501623015094,2.59372362668806,808.352722167969,183.939041137695,26.4
[VERBATIM] DIAGNOSIS turning block executed
[DIAG] _turn_input = 0.0
[DIAG] _poll_controls: ENTER, state=3
[VERBATIM] POLL: _poll_controls() entered, game_state=3
[VERBATIM] POLL: checking deploy state=3 canopy=true
[AUDIT] poll_forensic_hud: ENTER
[ARMTEL],16.8000000000003,L,false,0.01666666666667,0.0,1.02696127984004,-2.98101374780768,1.95405246796764,-0.81915067252654,0.11471764877123,10.8981780175417,-2.0,20.0000085715136,0.0
[DIAG] _physics_process: ENTER, state=3
[DIAG] _physics_process: camera target set to character (state: 3)
[GLIDE],16.5333333333337,0.11471764877123,0.0,0.05735882438561,-0.11471764877123,10.5457181108659,7.40701606746113,76.5864502733249,4.06380983331198,2.59503238178624,808.523681640625,183.97981262207,26.4
[VERBATIM] DIAGNOSIS turning block executed
[DIAG] _turn_input = 0.0
[DIAG] _poll_controls: ENTER, state=3
[VERBATIM] POLL: _poll_controls() entered, game_state=3
[VERBATIM] POLL: checking deploy state=3 canopy=true
[AUDIT] poll_forensic_hud: ENTER
[ARMTEL],16.816666666667,L,false,0.01666666666667,0.0,0.91774119016983,-2.8670273538429,1.94928616367307,-0.78666256979866,0.10160660594125,9.65262879048546,-2.0,20.0000085715136,0.0
[DIAG] _physics_process: ENTER, state=3
[DIAG] _physics_process: camera target set to character (state: 3)
[GLIDE],16.5500000000003,0.10160660594125,0.0,0.05080330297063,-0.10160660594125,10.5976378404726,6.57583154291098,76.6960474657068,4.08208046978597,2.59613643555349,808.695556640625,184.020462036133,26.4
[VERBATIM] DIAGNOSIS turning block executed
[DIAG] _turn_input = 0.0
[DIAG] _poll_controls: ENTER, state=3
[VERBATIM] POLL: _poll_controls() entered, game_state=3
[VERBATIM] POLL: checking deploy state=3 canopy=true
[AUDIT] poll_forensic_hud: ENTER
[ARMTEL],16.8333333333337,L,false,0.01666666666667,0.0,0.81285284753001,-2.7533189942953,1.94046614676529,-0.75432146735257,0.08903458148538,8.45828631547313,-2.0,20.0000085715136,0.0
[DIAG] _physics_process: ENTER, state=3
[DIAG] _physics_process: camera target set to character (state: 3)
[GLIDE],16.566666666667,0.08903458148538,0.0,0.04451729074269,-0.08903458148538,10.6474230573179,5.77509534702846,76.7922990548239,4.09980207307808,2.59705782560473,808.868347167969,184.061004638672,26.4
[VERBATIM] DIAGNOSIS turning block executed
[DIAG] _turn_input = 0.0
[DIAG] _poll_controls: ENTER, state=3
[VERBATIM] POLL: _poll_controls() entered, game_state=3
[VERBATIM] POLL: checking deploy state=3 canopy=true
[AUDIT] poll_forensic_hud: ENTER
[ARMTEL],16.8500000000003,L,false,0.01666666666667,0.0,0.712276651883,-2.64012513573399,1.92784848385099,-0.72219065928839,0.07699807049724,7.31481762635768,-2.0,20.0000085715136,0.0
[DIAG] _physics_process: ENTER, state=3
[DIAG] _physics_process: camera target set to character (state: 3)
[GLIDE],16.5833333333337,0.07699807049724,0.0,0.03849903524862,-0.07699807049724,10.6950876408309,5.00505159822244,76.875716581461,4.1169520140913,2.59781692966649,809.041931152344,184.101486206055,26.4
[VERBATIM] DIAGNOSIS turning block executed
[DIAG] _turn_input = 0.0
[DIAG] _poll_controls: ENTER, state=3
[VERBATIM] POLL: _poll_controls() entered, game_state=3
[VERBATIM] POLL: checking deploy state=3 canopy=true
[AUDIT] poll_forensic_hud: ENTER
[ARMTEL],16.866666666667,L,false,0.01666666666667,0.0,0.61598456397788,-2.52766730750935,1.91168274353147,-0.69032928022953,0.06549258249341,6.22179612715984,-2.0,20.0000085715136,0.0
[DIAG] _physics_process: ENTER, state=3
[DIAG] _physics_process: camera target set to character (state: 3)
[GLIDE],16.6000000000003,0.06549258249341,0.0,0.03274629124671,-0.06549258249341,10.7406493733261,4.26585714483746,76.9468142005416,4.13351097342696,2.59843252924072,809.21630859375,184.14192199707,26.4
[VERBATIM] DIAGNOSIS turning block executed
[DIAG] _turn_input = 0.0
[DIAG] _poll_controls: ENTER, state=3
[VERBATIM] POLL: _poll_controls() entered, game_state=3
[VERBATIM] POLL: checking deploy state=3 canopy=true
[AUDIT] poll_forensic_hud: ENTER
[ARMTEL],16.8833333333337,L,false,0.01666666666667,0.0,0.52394065994728,-2.41615248080335,1.89221182085607,-0.65879241654859,0.05451270888427,5.17870800179929,-2.0,20.0000085715136,0.0
[DIAG] _physics_process: ENTER, state=3
[DIAG] _physics_process: camera target set to character (state: 3)
[GLIDE],16.616666666667,0.05451270888427,0.0,0.02725635444213,-0.05451270888427,10.7841296728183,3.55758510984041,77.0061072857056,4.14946280518353,2.59892187956155,809.391418457031,184.182342529297,26.4
[VERBATIM] DIAGNOSIS turning block executed
[DIAG] _turn_input = 0.0
[DIAG] _poll_controls: ENTER, state=3
[VERBATIM] POLL: _poll_controls() entered, game_state=3
[VERBATIM] POLL: checking deploy state=3 canopy=true
[DEBUG] _input (build_terrain) called, event=InputEventMouseMotion: button_mask=0, position=((1107.0, 38.0)), relative=((0.0, -1.0)), velocity=((-5.468186, -71.08643)), pressure=0.00, tilt=((0.0, 0.0)), pen_inverted=(false)
[AUDIT] _input: ENTER
[AUDIT] _gui_input: ENTER
[AUDIT] poll_forensic_hud: ENTER
[ARMTEL],16.9000000000003,L,false,0.01666666666667,0.0,0.43610167107413,-2.30577345792008,1.86967178684595,-0.62763122010116,0.04405218854925,4.18495844374745,-2.0,20.0000085715136,0.0
[DIAG] _physics_process: ENTER, state=3
[DIAG] _physics_process: camera target set to character (state: 3)
[GLIDE],16.6333333333337,0.04405218854925,0.0,0.02202609427462,-0.04405218854925,10.825553333345,2.880228585343,77.0541110954613,4.16479439424145,2.59930078380656,809.567260742188,184.222763061523,26.4
[VERBATIM] DIAGNOSIS turning block executed
[DIAG] _turn_input = 0.0
[DIAG] _poll_controls: ENTER, state=3
[VERBATIM] POLL: _poll_controls() entered, game_state=3
[VERBATIM] POLL: checking deploy state=3 canopy=true
[DEBUG] _input (build_terrain) called, event=InputEventMouseMotion: button_mask=0, position=((1109.0, 33.0)), relative=((2.0, -5.0)), velocity=((-5.468186, -71.08643)), pressure=0.00, tilt=((0.0, 0.0)), pen_inverted=(false)
[AUDIT] _input: ENTER
[AUDIT] _gui_input: ENTER
[AUDIT] poll_forensic_hud: ENTER
[ARMTEL],16.916666666667,L,false,0.01666666666667,0.0,0.35241750839398,-2.19670927035407,1.84429176196009,-0.59689302406849,0.03410397148144,3.23987770226252,-2.0,20.0000085715136,0.0
[DIAG] _physics_process: ENTER, state=3
[DIAG] _physics_process: camera target set to character (state: 3)
[GLIDE],16.6500000000003,0.03410397148144,0.0,0.01705198574072,-0.03410397148144,10.8649482729335,2.2337044505418,77.0913395029703,4.17949550879225,2.59958366986573,809.743774414062,184.263214111328,26.4
[VERBATIM] DIAGNOSIS turning block executed
[DIAG] _turn_input = 0.0
[DIAG] _poll_controls: ENTER, state=3
[VERBATIM] POLL: _poll_controls() entered, game_state=3
[VERBATIM] POLL: checking deploy state=3 canopy=true
[DEBUG] _input (build_terrain) called, event=InputEventMouseMotion: button_mask=0, position=((1114.0, 25.0)), relative=((5.0, -8.0)), velocity=((-5.468186, -71.08643)), pressure=0.00, tilt=((0.0, 0.0)), pen_inverted=(false)
[AUDIT] _input: ENTER
[AUDIT] _gui_input: ENTER
[AUDIT] poll_forensic_hud: ENTER
[ARMTEL],16.9333333333337,L,false,0.01666666666667,0.0,0.27283177185151,-2.08912558423973,1.81629381238821,-0.56662146052869,0.02466028047263,2.3427269424703,-2.0,20.0000085715136,0.0
[DIAG] _physics_process: ENTER, state=3
[DIAG] _physics_process: camera target set to character (state: 3)
[GLIDE],16.666666666667,0.02466028047263,0.0,0.01233014023631,-0.02466028047263,10.9023452893284,1.61785728755004,77.1183037910962,4.19355864965887,2.59978366827307,809.9208984375,184.303726196289,26.4
[VERBATIM] DIAGNOSIS turning block executed
[DIAG] _turn_input = 0.0
[DIAG] _poll_controls: ENTER, state=3
[VERBATIM] POLL: _poll_controls() entered, game_state=3
[VERBATIM] POLL: checking deploy state=3 canopy=true
[DEBUG] _input (build_terrain) called, event=InputEventMouseMotion: button_mask=0, position=((1120.0, 16.0)), relative=((6.0, -9.0)), velocity=((-5.468186, -71.08643)), pressure=0.00, tilt=((0.0, 0.0)), pen_inverted=(false)
[AUDIT] _input: ENTER
[AUDIT] _gui_input: ENTER
[AUDIT] poll_forensic_hud: ENTER
[ARMTEL],16.9500000000003,L,false,0.01666666666667,0.0,0.19728224378102,-1.98317511185042,1.78589286806939,-0.5368565793942,0.01571267081606,1.49270391712714,-2.0,20.0000085715136,0.0
[DIAG] _physics_process: ENTER, state=3
[DIAG] _physics_process: camera target set to character (state: 3)
[GLIDE],16.6833333333337,0.01571267081606,0.0,0.00785633540803,-0.01571267081606,10.9377778235684,1.03246337062252,77.1355115139399,4.20697889776113,2.59991269017044,810.0986328125,184.344314575195,26.4
[VERBATIM] DIAGNOSIS turning block executed
[DIAG] _turn_input = 0.0
[DIAG] _poll_controls: ENTER, state=3
[VERBATIM] POLL: _poll_controls() entered, game_state=3
[VERBATIM] POLL: checking deploy state=3 canopy=true
[DEBUG] _input (build_terrain) called, event=InputEventMouseMotion: button_mask=0, position=((1123.0, 9.0)), relative=((3.0, -7.0)), velocity=((-5.468186, -71.08643)), pressure=0.00, tilt=((0.0, 0.0)), pen_inverted=(false)
[AUDIT] _input: ENTER
[AUDIT] _gui_input: ENTER
[AUDIT] poll_forensic_hud: ENTER
[ARMTEL],16.966666666667,L,false,0.01666666666667,0.0,0.12570136652846,-1.8789980278797,1.75329666135124,-0.50763496837168,0.00725208800986,0.68894844844648,-2.0,20.0000085715136,0.0
[DIAG] _physics_process: ENTER, state=3
[DIAG] _physics_process: camera target set to character (state: 3)
[GLIDE],16.7000000000003,0.00725208800986,0.0,0.00362604400493,-0.00725208800986,10.9712817314809,0.47723470541439,77.1434654256968,4.21975376090568,2.59998150440091,810.276916503906,184.384994506836,26.4
[VERBATIM] DIAGNOSIS turning block executed
[DIAG] _turn_input = 0.0
[DIAG] _poll_controls: ENTER, state=3
[VERBATIM] POLL: _poll_controls() entered, game_state=3
[VERBATIM] POLL: checking deploy state=3 canopy=true
[DEBUG] _input (build_terrain) called, event=InputEventMouseMotion: button_mask=0, position=((1124.0, 2.0)), relative=((1.0, -7.0)), velocity=((-5.468186, -71.08643)), pressure=0.00, tilt=((0.0, 0.0)), pen_inverted=(false)
[AUDIT] _input: ENTER
[AUDIT] _gui_input: ENTER
[AUDIT] poll_forensic_hud: ENTER
[DIAG] _physics_process: ENTER, state=3
[DIAG] _physics_process: camera target set to character (state: 3)
[VERBATIM] DIAGNOSIS turning block executed
[DIAG] _turn_input = 0.0
[DIAG] _poll_controls: ENTER, state=3
[VERBATIM] POLL: _poll_controls() entered, game_state=3
[VERBATIM] POLL: checking deploy state=3 canopy=true
[AUDIT] poll_forensic_hud: ENTER
[DIAG] _physics_process: ENTER, state=3
[DIAG] _physics_process: camera target set to character (state: 3)
[VERBATIM] DIAGNOSIS turning block executed
[DIAG] _turn_input = 0.0
[DIAG] _poll_controls: ENTER, state=3
[VERBATIM] POLL: _poll_controls() entered, game_state=3
[VERBATIM] POLL: checking deploy state=3 canopy=true
[VERBATIM] Wind updated: 12.5 kts @ 240.0°
[AUDIT] poll_forensic_hud: ENTER
[DIAG] _physics_process: ENTER, state=3
[DIAG] _physics_process: camera target set to character (state: 3)
[VERBATIM] DIAGNOSIS turning block executed
[DIAG] _turn_input = 0.0
[DIAG] _poll_controls: ENTER, state=3
[VERBATIM] POLL: _poll_controls() entered, game_state=3
[VERBATIM] POLL: checking deploy state=3 canopy=true
[AUDIT] poll_forensic_hud: ENTER
[DIAG] _physics_process: ENTER, state=3
[DIAG] _physics_process: camera target set to character (state: 3)
[VERBATIM] DIAGNOSIS turning block executed
[DIAG] _turn_input = 0.0
[DIAG] _poll_controls: ENTER, state=3
[VERBATIM] POLL: _poll_controls() entered, game_state=3
[VERBATIM] POLL: checking deploy state=3 canopy=true
[AUDIT] poll_forensic_hud: ENTER
[DIAG] _physics_process: ENTER, state=3
[DIAG] _physics_process: camera target set to character (state: 3)
[VERBATIM] DIAGNOSIS turning block executed
[DIAG] _turn_input = 0.0
[DIAG] _poll_controls: ENTER, state=3
[VERBATIM] POLL: _poll_controls() entered, game_state=3
[VERBATIM] POLL: checking deploy state=3 canopy=true
[AUDIT] poll_forensic_hud: ENTER
[DIAG] _physics_process: ENTER, state=3
[DIAG] _physics_process: camera target set to character (state: 3)
[VERBATIM] DIAGNOSIS turning block executed
[DIAG] _turn_input = 0.0
[DIAG] _poll_controls: ENTER, state=3
[VERBATIM] POLL: _poll_controls() entered, game_state=3
[VERBATIM] POLL: checking deploy state=3 canopy=true
[AUDIT] poll_forensic_hud: ENTER
[DIAG] _physics_process: ENTER, state=3
[DIAG] _physics_process: camera target set to character (state: 3)
[VERBATIM] DIAGNOSIS turning block executed
[DIAG] _turn_input = 0.0
[DIAG] _poll_controls: ENTER, state=3
[VERBATIM] POLL: _poll_controls() entered, game_state=3
[VERBATIM] POLL: checking deploy state=3 canopy=true
[AUDIT] poll_forensic_hud: ENTER
[DIAG] _physics_process: ENTER, state=3
[DIAG] _physics_process: camera target set to character (state: 3)
[VERBATIM] DIAGNOSIS turning block executed
[DIAG] _turn_input = 0.0
[DIAG] _poll_controls: ENTER, state=3
[VERBATIM] POLL: _poll_controls() entered, game_state=3
[VERBATIM] POLL: checking deploy state=3 canopy=true
[AUDIT] poll_forensic_hud: ENTER
[DIAG] _physics_process: ENTER, state=3
[DIAG] _physics_process: camera target set to character (state: 3)
[VERBATIM] DIAGNOSIS turning block executed
[DIAG] _turn_input = 0.0
[DIAG] _poll_controls: ENTER, state=3
[VERBATIM] POLL: _poll_controls() entered, game_state=3
[VERBATIM] POLL: checking deploy state=3 canopy=true
[AUDIT] poll_forensic_hud: ENTER
[DIAG] _physics_process: ENTER, state=3
[DIAG] _physics_process: camera target set to character (state: 3)
[VERBATIM] DIAGNOSIS turning block executed
[DIAG] _turn_input = 0.0
[DIAG] _poll_controls: ENTER, state=3
[VERBATIM] POLL: _poll_controls() entered, game_state=3
[VERBATIM] POLL: checking deploy state=3 canopy=true
[AUDIT] poll_forensic_hud: ENTER
[DIAG] _physics_process: ENTER, state=3
[DIAG] _physics_process: camera target set to character (state: 3)
[VERBATIM] DIAGNOSIS turning block executed
[DIAG] _turn_input = 0.0
[DIAG] _poll_controls: ENTER, state=3
[VERBATIM] POLL: _poll_controls() entered, game_state=3
[VERBATIM] POLL: checking deploy state=3 canopy=true
[AUDIT] poll_forensic_hud: ENTER
[DIAG] _physics_process: ENTER, state=3
[DIAG] _physics_process: camera target set to character (state: 3)
[VERBATIM] DIAGNOSIS turning block executed
[DIAG] _turn_input = 0.0
[DIAG] _poll_controls: ENTER, state=3
[VERBATIM] POLL: _poll_controls() entered, game_state=3
[VERBATIM] POLL: checking deploy state=3 canopy=true
[AUDIT] poll_forensic_hud: ENTER
[DIAG] _physics_process: ENTER, state=3
[DIAG] _physics_process: camera target set to character (state: 3)
[VERBATIM] DIAGNOSIS turning block executed
[DIAG] _turn_input = 0.0
[DIAG] _poll_controls: ENTER, state=3
[VERBATIM] POLL: _poll_controls() entered, game_state=3
[VERBATIM] POLL: checking deploy state=3 canopy=true
[AUDIT] poll_forensic_hud: ENTER
[DIAG] _physics_process: ENTER, state=3
[DIAG] _physics_process: camera target set to character (state: 3)
[VERBATIM] DIAGNOSIS turning block executed
[DIAG] _turn_input = 0.0
[DIAG] _poll_controls: ENTER, state=3
[VERBATIM] POLL: _poll_controls() entered, game_state=3
[VERBATIM] POLL: checking deploy state=3 canopy=true
[AUDIT] poll_forensic_hud: ENTER
[DIAG] _physics_process: ENTER, state=3
[DIAG] _physics_process: camera target set to character (state: 3)
[VERBATIM] DIAGNOSIS turning block executed
[DIAG] _turn_input = 0.0
[DIAG] _poll_controls: ENTER, state=3
[VERBATIM] POLL: _poll_controls() entered, game_state=3
[VERBATIM] POLL: checking deploy state=3 canopy=true
[AUDIT] poll_forensic_hud: ENTER
[DIAG] _physics_process: ENTER, state=3
[DIAG] _physics_process: camera target set to character (state: 3)
[VERBATIM] DIAGNOSIS turning block executed
[DIAG] _turn_input = 0.0
[DIAG] _poll_controls: ENTER, state=3
[VERBATIM] POLL: _poll_controls() entered, game_state=3
[VERBATIM] POLL: checking deploy state=3 canopy=true
[AUDIT] poll_forensic_hud: ENTER
[DIAG] _physics_process: ENTER, state=3
[DIAG] _physics_process: camera target set to character (state: 3)
[VERBATIM] DIAGNOSIS turning block executed
[DIAG] _turn_input = 0.0
[DIAG] _poll_controls: ENTER, state=3
[VERBATIM] POLL: _poll_controls() entered, game_state=3
[VERBATIM] POLL: checking deploy state=3 canopy=true
[AUDIT] poll_forensic_hud: ENTER
[DIAG] _physics_process: ENTER, state=3
[DIAG] _physics_process: camera target set to character (state: 3)
[VERBATIM] DIAGNOSIS turning block executed
[DIAG] _turn_input = 0.0
[DIAG] _poll_controls: ENTER, state=3
[VERBATIM] POLL: _poll_controls() entered, game_state=3
[VERBATIM] POLL: checking deploy state=3 canopy=true
[AUDIT] poll_forensic_hud: ENTER
[DIAG] _physics_process: ENTER, state=3
[DIAG] _physics_process: camera target set to character (state: 3)
[VERBATIM] DIAGNOSIS turning block executed
[DIAG] _turn_input = 0.0
[DIAG] _poll_controls: ENTER, state=3
[VERBATIM] POLL: _poll_controls() entered, game_state=3
[VERBATIM] POLL: checking deploy state=3 canopy=true
[AUDIT] poll_forensic_hud: ENTER
[DIAG] _physics_process: ENTER, state=3
[DIAG] _physics_process: camera target set to character (state: 3)
[VERBATIM] DIAGNOSIS turning block executed
[DIAG] _turn_input = 0.0
[DIAG] _poll_controls: ENTER, state=3
[VERBATIM] POLL: _poll_controls() entered, game_state=3
[VERBATIM] POLL: checking deploy state=3 canopy=true
[AUDIT] poll_forensic_hud: ENTER
[DIAG] _physics_process: ENTER, state=3
[DIAG] _physics_process: camera target set to character (state: 3)
[VERBATIM] DIAGNOSIS turning block executed
[DIAG] _turn_input = 0.0
[DIAG] _poll_controls: ENTER, state=3
[VERBATIM] POLL: _poll_controls() entered, game_state=3
[VERBATIM] POLL: checking deploy state=3 canopy=true
[AUDIT] poll_forensic_hud: ENTER
[DIAG] _physics_process: ENTER, state=3
[DIAG] _physics_process: camera target set to character (state: 3)
[VERBATIM] DIAGNOSIS turning block executed
[DIAG] _turn_input = 0.0
[DIAG] _poll_controls: ENTER, state=3
[VERBATIM] POLL: _poll_controls() entered, game_state=3
[VERBATIM] POLL: checking deploy state=3 canopy=true
[AUDIT] poll_forensic_hud: ENTER
[DIAG] _physics_process: ENTER, state=3
[DIAG] _physics_process: camera target set to character (state: 3)
[VERBATIM] DIAGNOSIS turning block executed
[DIAG] _turn_input = 0.0
[DIAG] _poll_controls: ENTER, state=3
[VERBATIM] POLL: _poll_controls() entered, game_state=3
[VERBATIM] POLL: checking deploy state=3 canopy=true
[AUDIT] poll_forensic_hud: ENTER
[DIAG] _physics_process: ENTER, state=3
[DIAG] _physics_process: camera target set to character (state: 3)
[VERBATIM] DIAGNOSIS turning block executed
[DIAG] _turn_input = 0.0
[DIAG] _poll_controls: ENTER, state=3
[VERBATIM] POLL: _poll_controls() entered, game_state=3
[VERBATIM] POLL: checking deploy state=3 canopy=true
[AUDIT] poll_forensic_hud: ENTER
[DIAG] _physics_process: ENTER, state=3
[DIAG] _physics_process: camera target set to character (state: 3)
[VERBATIM] DIAGNOSIS turning block executed
[DIAG] _turn_input = 0.0
[DIAG] _poll_controls: ENTER, state=3
[VERBATIM] POLL: _poll_controls() entered, game_state=3
[VERBATIM] POLL: checking deploy state=3 canopy=true
[AUDIT] _exit_tree: ENTER
[AUDIT] _save_position: ENTER
[VERBATIM] DatabaseGuard: _exit_tree called
[VERBATIM] DB CLOSED
XR: Clearing primary interface
XR: Removed interface "Native mobile"
XR: Removed interface "OpenXR"
PulseAudio: context terminated

=== AUTOSTALL FINISHED ===
Game completed: False
Fix attempted:  False
Runtime:        33.3s
Detailed log:   autostall_summary.json
===========================
