Godot Engine v4.6.3.stable.fedora.7d41c59c4 - https://godotengine.org
Inconsistent value (1) for DRI_PRIME. Should be < 1 (GPU devices count). Using: 0
OpenGL API 4.2 (Core Profile) Mesa 25.3.6 - Compatibility - Using Device: Intel - Mesa Intel(R) HD Graphics 4000 (IVB GT2)

[VERBATIM] SqliteDb.gd _ready() called
[VERBATIM] SqliteDb.gd _ready() called
[VERBATIM] SqliteDb.gd _ready() called
[VERBATIM] SqliteDb: _ready started
[VERBATIM] DB OPEN OK /home/owner/Documents/69f7bcc6-1f68-83ea-b9b2-95a4db8629ac/parachute-cfd-game/parachute_mutations.db
[VERBATIM] DB OPEN OK /home/owner/Documents/69f7bcc6-1f68-83ea-b9b2-95a4db8629ac/parachute-cfd-game/parachute_mutations.db
[HealthChecker] Control hierarchy dumped to DB in 0ms
[VERBATIM] DatabaseGuard.gd _ready() called
[VERBATIM] DatabaseGuard: _ready ok=true
[VERBATIM] ResourceThrottle.gd _ready() called
[VERBATIM] ResourceThrottle: table ensured
[VERBATIM] ResourceThrottle: _ready ok=true
[VERBATIM] SqliteWatchdog.gd _ready() called
[VERBATIM] SqliteWatchdog.gd _ready() called
[VERBATIM] SqliteWatchdog.gd _ready() called
[VERBATIM] Watchdog: _ready started
[VERBATIM] Watchdog: started, polling user://screenshots/
[VERBATIM] Watchdog: scan disabled — single-launch screenshot mode
[VERBATIM] Watchdog: _ready completed
[StructuredLogger] log file: /home/owner/.local/share/godot/app_userdata/Parachute Landing Pattern v314/logs/godot_logs.jsonl
[StructuredLogger] sentry_available=false
[VERBATIM] 2026-08-04T08:17:18 GameIntegrity autoload initialized
[VERBATIM] 2026-08-04T08:17:18 Log file: /home/owner/.local/share/godot/app_userdata/Parachute Landing Pattern v314/game_integrity.log
[ALTIMETER] ready: layer=1 visible=true panel.pos=(50.0, 200.0) panel.size=(200.0, 100.0) panel.visible=true
[AUDIT] _ready: ENTER
[HUD_DIAG] _ready called
[HUD_DIAG] is_processing_input()=true is_inside_tree()=true frame=0 process_mode=0
[AUDIT] _resolve_hub_url: ENTER
[AUDIT] _build_ui: ENTER
[AUDIT] _load_saved_position: ENTER
[AUDIT] _mklabel: ENTER
[AUDIT] _mklabel: ENTER
[AUDIT] _mklabel: ENTER
[AUDIT] _mklabel: ENTER
[AUDIT] _mklabel: ENTER
[AUDIT] _mklabel: ENTER
[AUDIT] _mklabel: ENTER
[AUDIT] _mklabel: ENTER
[AUDIT] _mklabel: ENTER
[AUDIT] _poll_fast: ENTER
[AUDIT] _poll_slow: ENTER
Wind field loaded:
  Grid: 31 x 31 x 21
  Spacing: 10.0 m
  Bounds: (0.0, 0.0, 0.0) to (300.0, 300.0, 200.0)
  Velocities: 20181 vectors
[FPANEL] ready. Toggle: F3 / F9 / ` / T (polled in _process, not _input)
[FPANEL_DIAG] is_inside_tree()=true process_mode=0 frame=0 layer=100 visible=false
[CAMERA] Loaded plane camera distance from DB: 175.0
[INIT] Press SPACE to start
[DIAG] _ready: ENTER
[VERBATIM] 2026-08-04T08:17:18 ENTER _ready gate=none
[VERBATIM] Baked colours loaded: 50331648
[VERBATIM] Terrain: 1024 vertex-colour, colour=baked_colours_4096.bin, verts: 262144
[VERBATIM] Runways: placeholder positions disabled pending georef
[DEBUG] _character position after set: (100.0, 1828.8, -100.0)
[DEBUG] _character global_position: (100.0, 1828.8, -100.0)
[VERBATIM] ENTER _load_character gate=none
[VERBATIM] FBX loaded
[DEBUG] FBX instance visible: true
[DEBUG] FBX instance added. Node: parachutist:<Node3D#38755370589>
[DEBUG] Instance position: (0.0, 0.0, 0.0)
[DEBUG] Instance scale: (1.0, 1.0, 1.0)
[DEBUG] Instance visible: true
[DEBUG] _character position: (100.0, 1828.8, -100.0)
[VERBATIM] Left arm bone found index 8
[VERBATIM] Right arm bone found index 32
[VERBATIM] _setup_anim_player: clips=["Take 001", "mixamo_com"]
[VERBATIM] _setup_anim_player: deferring play of mixamo_com
[VERBATIM] RESET animation not available – using fallback
[VERBATIM] EXIT _load_character ok=true
[DIAG] _ready: character loaded
[VERBATIM] [VERBATIM] Creating plane node...
[VERBATIM] [VERBATIM] Plane script attached
[VERBATIM] Cessna model loaded. visible=true scale=(15.0, 15.0, 15.0)
[VERBATIM] [VERBATIM] Plane created at altitude 6000
[DIAG] _ready: plane created, _plane_node=FlyingPlane:<CharacterBody3D#38889588332>
[CAMERA] Loaded plane camera distance from DB: 175.0
[DEBUG] Plane position: (0.0, 1828.8, 0.0)
[DEBUG] Camera position: (0.0, 1880.516, -167.1839)
[DIAG] _ready: camera positioned
[VERBATIM] Camera attached to root, following plane
[VERBATIM] Drop zone created
[VERBATIM] ENTER _load_faa_obstacles gate=none
[VERBATIM] _load_faa_obstacles read_bytes=9568
[VERBATIM] _load_faa_obstacles obstacle_count=41
[VERBATIM] FAA obstacles loaded: 41
[VERBATIM] EXIT _load_faa_obstacles ok=true placed=41
[VERBATIM] HUD created
[DIAG] _ready: HUD created, _hud_labels size=8
[VERBATIM] Initial heading set to 0.0
[VERBATIM] ENTER _setup_pip_overlay gate=none
[PIP] _ready: size=(320.0, 240.0) position=(10.0, 10.0)
[VERBATIM] PiP canopy path=res://assets/canopy/parachute_sanitized.glb
[VERBATIM] main canopy attached offset=(0,2.5,0) path=res://assets/canopy/parachute_sanitized.glb
[CANOPYSYNC] main canopy attached HIDDEN, awaiting deploy
[VERBATIM] EXIT _setup_pip_overlay ok=true
[VERBATIM] ENTER _init_achievements gate=none
[VERBATIM] Unlocked achievements: ["first_jump", "malfunction_ace"]
[VERBATIM] EXIT _init_achievements ok=true
[VERBATIM] ENTER _init_mission gate=none
[VERBATIM] Mission updated: Training
[VERBATIM] EXIT _init_mission ok=true
[VERBATIM] ENTER _init_leaderboard gate=none
[VERBATIM] EXIT _init_leaderboard ok=true
[VERBATIM] ENTER _init_controller gate=none
[VERBATIM] EXIT _init_controller ok=true
[VERBATIM] ENTER _init_sentry gate=none
[VERBATIM] Sentry not configured
[VERBATIM] EXIT _init_sentry ok=true
[VERBATIM] Clean GLB loaded from: res://assets/canopy/parachute_sanitized.glb
[VERBATIM] ENTER _randomize_malfunction gate=none
[VERBATIM] Canopy visuals updated for LINE TWISTS
[VERBATIM] EXIT _randomize_malfunction ok=true
[VERBATIM] Initial malfunction: LINE TWISTS
[VERBATIM] Game ready – press SPACE at ~4000 ft to deploy
[VERBATIM] ARM GATE: Left arm rotation = (1.570796, 1.570796, 0.0)
[VERBATIM] ARM GATE: Right arm rotation = (1.570796, -1.570796, 0.0)
[VERBATIM] ARM GATE: Arms are lowered
[VERBATIM] ... EXIT _ready ok=true
[DIAG] _ready: EXIT
[DEBUG] _input (build_terrain) called, event=InputEventMouseMotion: button_mask=0, position=((6.0, 547.0)), relative=((-525.0, 89.0)), velocity=((0.0, 0.0)), pressure=0.00, tilt=((0.0, 0.0)), pen_inverted=(false)
[AUDIT] poll_forensic_hud: ENTER
[FPANEL] _process() alive, frame=0
[ALTIMETER] update_altitude FIRST CALL: alt_ft=6000.00035219727
[ARMTEL] rest captured L_idx=8 R_idx=32 restL=(-0.010452, -0.001063, 0.101151, 0.994816) restR=(-0.010455, 0.001063, -0.101149, 0.994816)
[AXISSOLVE] bones OK on attempt 1  hips=0 head=5 foot=57 toe=59 handL=10 handR=34
[ANIMDIAG] current='' is_playing=false speed_scale=1.0 active=true process_mode=1 list=["Take 001", "mixamo_com"]
[AXISSOLVE] up=(-0.000073, 0.999984, -0.005653) forward=(0.009652, 0.005654, 0.999937) right=(-0.999953, -0.000019, 0.009652)
[AXISSOLVE] orthogonality up.dot(fwd)=-0.000000028871 (want ~0); desired hand dir (fwd+down)=(0.006877, -0.703098, 0.71106)
[AXISSOLVE_HDR] side,label,angle_deg,d_forward,d_up,d_right
[AXISSOLVE] L lever=(0.550191, 0.000049, 0.0) len=0.5501914024353 axis_global=(0.000063, -0.711076, -0.703115) AXIS_LOCAL_APPLIED=(0.703115, -0.0, 0.711076)
[AXISSOLVE],L,SOLVED,15.0,0.10050402581692,-0.10069465637207,0.01971686445177
[AXISSOLVE],L,+X,15.0,-0.00098592438735,-0.14239792525768,0.01873648166656
[AXISSOLVE],L,-X,15.0,0.00062396959402,0.14239744842052,0.01875631324947
[AXISSOLVE],L,+Y,15.0,0.00000001184914,0.0000001191442,0.00000000010565
[AXISSOLVE],L,-Y,15.0,0.00000000745011,-0.00000000004212,0.00000000007191
[AXISSOLVE],L,+Z,15.0,0.14221015572548,-0.00080531829735,0.02012093178928
[AXISSOLVE],L,-Z,15.0,-0.14257210493088,0.00080472708214,0.01737180165946
[AXISSOLVE],L,SOLVED,60.0,0.33424305915833,-0.336934030056,0.27832999825478
[AXISSOLVE],L,+X,60.0,-0.00534905865788,-0.47647625207901,0.27504971623421
[AXISSOLVE],L,-X,60.0,0.00003785827721,0.4764678478241,0.27511608600616
[AXISSOLVE],L,+Y,60.0,0.00000007145006,0.00000011880724,0.00000000068096
[AXISSOLVE],L,-Y,60.0,0.00000008500235,-0.00000011969176,0.00000000082924
[AXISSOLVE],L,+Z,60.0,0.47379446029663,-0.00269782519899,0.27968221902847
[AXISSOLVE],L,-Z,60.0,-0.47910553216934,0.00268949149176,0.27048355340958
[AXISSOLVE] R lever=(-0.550191, -0.000048, 0.0) len=0.5501914024353 axis_global=(-0.000061, 0.711076, 0.703115) AXIS_LOCAL_APPLIED=(0.703115, 0.0, -0.711076)
[AXISSOLVE],R,SOLVED,15.0,0.10086593776941,-0.10069417953491,-0.01777581125498
[AXISSOLVE],R,+X,15.0,-0.00062398682348,-0.14239744842052,-0.01875607483089
[AXISSOLVE],R,-X,15.0,0.00098590110429,0.14239792525768,-0.01873677968979
[AXISSOLVE],R,+Y,15.0,0.00000003352552,-0.00000000018954,0.00000000032362
[AXISSOLVE],R,-Y,15.0,-0.00000005587586,0.0000000003159,-0.00000000053936
[AXISSOLVE],R,+Z,15.0,-0.14221015572548,0.00080531829735,-0.02012087218463
[AXISSOLVE],R,-Z,15.0,0.14257207512856,-0.00080472690752,-0.01737192086875
[AXISSOLVE],R,SOLVED,60.0,0.33955377340317,-0.33692640066147,-0.27183523774147
[AXISSOLVE],R,+X,60.0,-0.00003805011875,-0.47646844387054,-0.27511510252953
[AXISSOLVE],R,-X,60.0,0.00534880580381,0.47647559642792,-0.27505052089691
[AXISSOLVE],R,+Y,60.0,0.00000007584908,0.00000023799356,0.00000000071469
[AXISSOLVE],R,-Y,60.0,-0.00000019370299,0.00000000109512,-0.00000000186978
[AXISSOLVE],R,+Z,60.0,-0.47379460930824,0.00269723008387,-0.27968180179596
[AXISSOLVE],R,-Z,60.0,0.47910526394844,-0.0026900859084,-0.27048382163048
[ELBOWSOLVE] L reference=pull_dir
[ELBOWSOLVE] L fore_idx=9 lever=(0.276145, 0.000024, 0.0) len=0.27614459395409 d_want=(0.000062, -0.703115, 0.711076) ELBOW_AXIS_LOCAL=(0.703115, 0.0, 0.711077)
[ELBOWSOLVE_HDR] side,angle_deg,dist_before,dist_after,delta_want_negative,along_pulldir_want_positive
[ELBOWSOLVE],L,30.0,0.5501914024353,0.53144437074661,-0.01874703168869,0.13781696557999
[ELBOWSOLVE],L,75.0,0.5501914024353,0.436498016119,-0.1136933863163,0.26533415913582
[ELBOWSOLVE] R reference=pull_dir
[ELBOWSOLVE] R fore_idx=33 lever=(-0.276145, -0.000024, 0.0) len=0.27614462375641 d_want=(0.000061, -0.703115, 0.711076) ELBOW_AXIS_LOCAL=(0.703115, 0.0, -0.711076)
[ELBOWSOLVE_HDR] side,angle_deg,dist_before,dist_after,delta_want_negative,along_pulldir_want_positive
[ELBOWSOLVE],R,30.0,0.5501914024353,0.53144431114197,-0.01874709129333,0.13832128047943
[ELBOWSOLVE],R,75.0,0.5501914024353,0.43649789690971,-0.11369350552559,0.26812392473221
[AXISSOLVE] solved L=true R=true - axes now APPLIED live, pose restored
[ARMTEL_HDR] t,side,held,dt,force,tension,damping,accel,vel,pull,deg,anim_pos,elbow_deg,hold_t
[CONTROLS] ---- InputMap audit and repair ----
[CONTROLS] deploy  action_existed=true  keys_before=[]  wanted=Space  added=true
[CONTROLS] turnleft  action_existed=true  keys_before=[]  wanted=Q  added=true
[CONTROLS] turnright  action_existed=true  keys_before=[]  wanted=E  added=true
[CONTROLS] camera_cycle  action_existed=true  keys_before=[]  wanted=C  added=true
[CONTROLS] cutaway  action_existed=true  keys_before=[]  wanted=X  added=true
[CONTROLS] reserve  action_existed=true  keys_before=[]  wanted=V  added=true
[CONTROLS] flare  action_existed=true  keys_before=[]  wanted=F  added=true
[CONTROLS] togglehud  action_existed=true  keys_before=[]  wanted=H  added=true
[CONTROLS] flightcheck  action_existed=true  keys_before=[]  wanted=G  added=true
[CONTROLS] restart  action_existed=true  keys_before=[]  wanted=R  added=true
[CONTROLS] j  action_existed=true  keys_before=["J"]  wanted=J  added=false
[CONTROLS] pause  action_existed=true  keys_before=[]  wanted=Escape  added=true
[CONTROLS] ---- 11 binding(s) added ----
[CANOPYSYNC] transition at state=0 deployed=false visible=false
[PIPLIVE] SubViewport now shares the main World3D
[PIPLIVE] hid 2 standalone PiP prop(s); camera kept
[DIAG] _physics_process: ENTER, state=0
[DIAG] _physics_process: IN_PLANE branch entered
[DIAG] _physics_process: plane position updated to (799.9964, 1853.8, 2.399997)
[DIAG] _physics_process: checking camera follow
[DIAG] _physics_process: plane and camera valid, updating camera
[DIAG] _physics_process: camera moved from (0.0, 1880.516, -167.1839) to (799.9964, 1905.516, -164.7839)
[DIAG] _physics_process: IN_PLANE returning
[HubManager] Hub spawn requested pid=499048 non-blocking
[VERBATIM] 2026-08-04T08:17:22 Starting full integrity check and repair
[VERBATIM] 2026-08-04T08:17:23 Backup created: /home/owner/.local/share/godot/app_userdata/Parachute Landing Pattern v314/backups/fix_forensic_hud_2026-08-04_08-17-23.gd.backup
[VERBATIM] 2026-08-04T08:17:23 Backup created: /home/owner/.local/share/godot/app_userdata/Parachute Landing Pattern v314/backups/fix_forensic_tool_2026-08-04_08-17-23.gd.backup
[VERBATIM] 2026-08-04T08:17:23 Backup created: /home/owner/.local/share/godot/app_userdata/Parachute Landing Pattern v314/backups/build_terrain.backup.20260607_151124_2026-08-04_08-17-23.gd.backup
[VERBATIM] 2026-08-04T08:17:23 Backup created: /home/owner/.local/share/godot/app_userdata/Parachute Landing Pattern v314/backups/build_terrain.backup.20260607_151237_2026-08-04_08-17-23.gd.backup
[VERBATIM] 2026-08-04T08:17:23 Backup created: /home/owner/.local/share/godot/app_userdata/Parachute Landing Pattern v314/backups/fix_forensic_hud_2026-08-04_08-17-23.gd.backup
[VERBATIM] 2026-08-04T08:17:23 Backup created: /home/owner/.local/share/godot/app_userdata/Parachute Landing Pattern v314/backups/AirplaneController_2026-08-04_08-17-23.gd.backup
[VERBATIM] 2026-08-04T08:17:23 Backup created: /home/owner/.local/share/godot/app_userdata/Parachute Landing Pattern v314/backups/CanopyReplay_2026-08-04_08-17-23.gd.backup
[VERBATIM] 2026-08-04T08:17:23 Backup created: /home/owner/.local/share/godot/app_userdata/Parachute Landing Pattern v314/backups/ComponentRegistry_2026-08-04_08-17-23.gd.backup
[VERBATIM] 2026-08-04T08:17:23 Backup created: /home/owner/.local/share/godot/app_userdata/Parachute Landing Pattern v314/backups/DatabaseGuard_2026-08-04_08-17-23.gd.backup
[VERBATIM] 2026-08-04T08:17:23 Backup created: /home/owner/.local/share/godot/app_userdata/Parachute Landing Pattern v314/backups/FlightTrack_2026-08-04_08-17-23.gd.backup
[VERBATIM] 2026-08-04T08:17:23 Backup created: /home/owner/.local/share/godot/app_userdata/Parachute Landing Pattern v314/backups/GameIntegrity_2026-08-04_08-17-23.gd.backup
[VERBATIM] 2026-08-04T08:17:23 Backup created: /home/owner/.local/share/godot/app_userdata/Parachute Landing Pattern v314/backups/GameIntegrity_2606150714_2026-08-04_08-17-23.gd.backup
[VERBATIM] 2026-08-04T08:17:23 Backup created: /home/owner/.local/share/godot/app_userdata/Parachute Landing Pattern v314/backups/HUDManager_2026-08-04_08-17-23.gd.backup
[VERBATIM] 2026-08-04T08:17:23 Backup created: /home/owner/.local/share/godot/app_userdata/Parachute Landing Pattern v314/backups/HubManager_2026-08-04_08-17-23.gd.backup
[VERBATIM] 2026-08-04T08:17:23 Backup created: /home/owner/.local/share/godot/app_userdata/Parachute Landing Pattern v314/backups/InputManager_2026-08-04_08-17-23.gd.backup
[VERBATIM] 2026-08-04T08:17:23 Backup created: /home/owner/.local/share/godot/app_userdata/Parachute Landing Pattern v314/backups/PerformanceMonitor_2026-08-04_08-17-23.gd.backup
[VERBATIM] 2026-08-04T08:17:23 Backup created: /home/owner/.local/share/godot/app_userdata/Parachute Landing Pattern v314/backups/ResourceThrottle_2026-08-04_08-17-23.gd.backup
[VERBATIM] 2026-08-04T08:17:23 Backup created: /home/owner/.local/share/godot/app_userdata/Parachute Landing Pattern v314/backups/SqliteDb_2026-08-04_08-17-23.gd.backup
[VERBATIM] 2026-08-04T08:17:23 Backup created: /home/owner/.local/share/godot/app_userdata/Parachute Landing Pattern v314/backups/SqliteWatchdog_2026-08-04_08-17-23.gd.backup
[VERBATIM] 2026-08-04T08:17:23 Backup created: /home/owner/.local/share/godot/app_userdata/Parachute Landing Pattern v314/backups/StructuredLogger_2026-08-04_08-17-23.gd.backup
[VERBATIM] 2026-08-04T08:17:23 Backup created: /home/owner/.local/share/godot/app_userdata/Parachute Landing Pattern v314/backups/ViewPoseController_2026-08-04_08-17-23.gd.backup
[VERBATIM] 2026-08-04T08:17:23 Backup created: /home/owner/.local/share/godot/app_userdata/Parachute Landing Pattern v314/backups/altimeter_hud_2026-08-04_08-17-23.gd.backup
[VERBATIM] 2026-08-04T08:17:23 Backup created: /home/owner/.local/share/godot/app_userdata/Parachute Landing Pattern v314/backups/audit_2026-08-04_08-17-23.gd.backup
[VERBATIM] 2026-08-04T08:17:23 Backup created: /home/owner/.local/share/godot/app_userdata/Parachute Landing Pattern v314/backups/auto_heal_2026-08-04_08-17-23.gd.backup
[VERBATIM] 2026-08-04T08:17:23 Backup created: /home/owner/.local/share/godot/app_userdata/Parachute Landing Pattern v314/backups/build_terrain.backup_20260707-205552_2026-08-04_08-17-23.gd.backup
[VERBATIM] 2026-08-04T08:17:23 Backup created: /home/owner/.local/share/godot/app_userdata/Parachute Landing Pattern v314/backups/build_terrain.backup_20260707-210153_2026-08-04_08-17-23.gd.backup
[VERBATIM] 2026-08-04T08:17:23 Backup created: /home/owner/.local/share/godot/app_userdata/Parachute Landing Pattern v314/backups/build_terrain.backup_20260707-210819_2026-08-04_08-17-23.gd.backup
[VERBATIM] 2026-08-04T08:17:23 Backup created: /home/owner/.local/share/godot/app_userdata/Parachute Landing Pattern v314/backups/build_terrain.backup_20260707-215820_2026-08-04_08-17-23.gd.backup
[VERBATIM] 2026-08-04T08:17:23 Backup created: /home/owner/.local/share/godot/app_userdata/Parachute Landing Pattern v314/backups/build_terrain.backup_20260707-222344_2026-08-04_08-17-23.gd.backup
[VERBATIM] 2026-08-04T08:17:23 Backup created: /home/owner/.local/share/godot/app_userdata/Parachute Landing Pattern v314/backups/build_terrain.backup_20260707-222819_2026-08-04_08-17-23.gd.backup
[VERBATIM] 2026-08-04T08:17:23 Backup created: /home/owner/.local/share/godot/app_userdata/Parachute Landing Pattern v314/backups/build_terrain_0100_2026-08-04_08-17-23.gd.backup
[VERBATIM] 2026-08-04T08:17:23 Backup created: /home/owner/.local/share/godot/app_userdata/Parachute Landing Pattern v314/backups/chunked_lod_terrain_2026-08-04_08-17-23.gd.backup
[VERBATIM] 2026-08-04T08:17:23 Backup created: /home/owner/.local/share/godot/app_userdata/Parachute Landing Pattern v314/backups/debug_components_2026-08-04_08-17-23.gd.backup
[VERBATIM] 2026-08-04T08:17:23 Backup created: /home/owner/.local/share/godot/app_userdata/Parachute Landing Pattern v314/backups/draggable_control_2026-08-04_08-17-23.gd.backup
[VERBATIM] 2026-08-04T08:17:23 Backup created: /home/owner/.local/share/godot/app_userdata/Parachute Landing Pattern v314/backups/flight_controller_2026-08-04_08-17-23.gd.backup
[VERBATIM] 2026-08-04T08:17:23 Backup created: /home/owner/.local/share/godot/app_userdata/Parachute Landing Pattern v314/backups/forensic_hud_2026-08-04_08-17-23.gd.backup
[VERBATIM] 2026-08-04T08:17:23 Backup created: /home/owner/.local/share/godot/app_userdata/Parachute Landing Pattern v314/backups/forensic_hud_0001_2026-08-04_08-17-23.gd.backup
[VERBATIM] 2026-08-04T08:17:23 Backup created: /home/owner/.local/share/godot/app_userdata/Parachute Landing Pattern v314/backups/game_manager.backup_20260707-212959_2026-08-04_08-17-23.gd.backup
[VERBATIM] 2026-08-04T08:17:23 Backup created: /home/owner/.local/share/godot/app_userdata/Parachute Landing Pattern v314/backups/game_manager_2026-08-04_08-17-23.gd.backup
[VERBATIM] 2026-08-04T08:17:23 Backup created: /home/owner/.local/share/godot/app_userdata/Parachute Landing Pattern v314/backups/hud_data_bridge_2026-08-04_08-17-23.gd.backup
[VERBATIM] 2026-08-04T08:17:23 Backup created: /home/owner/.local/share/godot/app_userdata/Parachute Landing Pattern v314/backups/hud_draggable_2026-08-04_08-17-23.gd.backup
[VERBATIM] 2026-08-04T08:17:23 Backup created: /home/owner/.local/share/godot/app_userdata/Parachute Landing Pattern v314/backups/orbit_camera_2026-08-04_08-17-23.gd.backup
[VERBATIM] 2026-08-04T08:17:23 Backup created: /home/owner/.local/share/godot/app_userdata/Parachute Landing Pattern v314/backups/parachute_controller.backup_20260707-212959_2026-08-04_08-17-23.gd.backup
[VERBATIM] 2026-08-04T08:17:23 Backup created: /home/owner/.local/share/godot/app_userdata/Parachute Landing Pattern v314/backups/parachute_controller_2026-08-04_08-17-23.gd.backup
[VERBATIM] 2026-08-04T08:17:23 Backup created: /home/owner/.local/share/godot/app_userdata/Parachute Landing Pattern v314/backups/pip_draggable_2026-08-04_08-17-23.gd.backup
[VERBATIM] 2026-08-04T08:17:23 Backup created: /home/owner/.local/share/godot/app_userdata/Parachute Landing Pattern v314/backups/pip_draggable_v2_2026-08-04_08-17-23.gd.backup
[VERBATIM] 2026-08-04T08:17:23 Backup created: /home/owner/.local/share/godot/app_userdata/Parachute Landing Pattern v314/backups/plane_2026-08-04_08-17-23.gd.backup
[VERBATIM] 2026-08-04T08:17:23 Backup created: /home/owner/.local/share/godot/app_userdata/Parachute Landing Pattern v314/backups/rotor_visualizer_2026-08-04_08-17-23.gd.backup
[VERBATIM] 2026-08-04T08:17:23 Backup created: /home/owner/.local/share/godot/app_userdata/Parachute Landing Pattern v314/backups/screenshot_library_2026-08-04_08-17-23.gd.backup
[VERBATIM] 2026-08-04T08:17:23 Backup created: /home/owner/.local/share/godot/app_userdata/Parachute Landing Pattern v314/backups/splash_2026-08-04_08-17-23.gd.backup
[VERBATIM] 2026-08-04T08:17:23 Backup created: /home/owner/.local/share/godot/app_userdata/Parachute Landing Pattern v314/backups/stall_test_2026-08-04_08-17-23.gd.backup
[VERBATIM] 2026-08-04T08:17:23 Backup created: /home/owner/.local/share/godot/app_userdata/Parachute Landing Pattern v314/backups/test_orbit_2026-08-04_08-17-23.gd.backup
[VERBATIM] 2026-08-04T08:17:23 Backup created: /home/owner/.local/share/godot/app_userdata/Parachute Landing Pattern v314/backups/test_runner_2026-08-04_08-17-23.gd.backup
[VERBATIM] 2026-08-04T08:17:23 Backup created: /home/owner/.local/share/godot/app_userdata/Parachute Landing Pattern v314/backups/toggle_arm_animator_2026-08-04_08-17-23.gd.backup
[VERBATIM] 2026-08-04T08:17:23 Backup created: /home/owner/.local/share/godot/app_userdata/Parachute Landing Pattern v314/backups/validate_scene_2026-08-04_08-17-23.gd.backup
[VERBATIM] 2026-08-04T08:17:23 Backup created: /home/owner/.local/share/godot/app_userdata/Parachute Landing Pattern v314/backups/wind_field.backup_20260707-212959_2026-08-04_08-17-23.gd.backup
[VERBATIM] 2026-08-04T08:17:23 Backup created: /home/owner/.local/share/godot/app_userdata/Parachute Landing Pattern v314/backups/wind_field_2026-08-04_08-17-23.gd.backup
[VERBATIM] 2026-08-04T08:17:23 Backup created: /home/owner/.local/share/godot/app_userdata/Parachute Landing Pattern v314/backups/fix_forensic_hud_2026-08-04_08-17-23.gd.backup
[VERBATIM] 2026-08-04T08:17:23 Backup created: /home/owner/.local/share/godot/app_userdata/Parachute Landing Pattern v314/backups/fix_forensic_tool_2026-08-04_08-17-23.gd.backup
[VERBATIM] 2026-08-04T08:17:23 Backup created: /home/owner/.local/share/godot/app_userdata/Parachute Landing Pattern v314/backups/build_terrain.backup.20260607_151124_2026-08-04_08-17-23.gd.backup
[VERBATIM] 2026-08-04T08:17:23 Backup created: /home/owner/.local/share/godot/app_userdata/Parachute Landing Pattern v314/backups/build_terrain.backup.20260607_151237_2026-08-04_08-17-23.gd.backup
[VERBATIM] 2026-08-04T08:17:23 Backup created: /home/owner/.local/share/godot/app_userdata/Parachute Landing Pattern v314/backups/fix_forensic_hud_2026-08-04_08-17-23.gd.backup
[VERBATIM] 2026-08-04T08:17:23 Backup created: /home/owner/.local/share/godot/app_userdata/Parachute Landing Pattern v314/backups/AirplaneController_2026-08-04_08-17-23.gd.backup
[VERBATIM] 2026-08-04T08:17:23 Backup created: /home/owner/.local/share/godot/app_userdata/Parachute Landing Pattern v314/backups/CanopyReplay_2026-08-04_08-17-23.gd.backup
[VERBATIM] 2026-08-04T08:17:23 Backup created: /home/owner/.local/share/godot/app_userdata/Parachute Landing Pattern v314/backups/ComponentRegistry_2026-08-04_08-17-23.gd.backup
[VERBATIM] 2026-08-04T08:17:23 Backup created: /home/owner/.local/share/godot/app_userdata/Parachute Landing Pattern v314/backups/DatabaseGuard_2026-08-04_08-17-23.gd.backup
[VERBATIM] 2026-08-04T08:17:23 Backup created: /home/owner/.local/share/godot/app_userdata/Parachute Landing Pattern v314/backups/FlightTrack_2026-08-04_08-17-23.gd.backup
[VERBATIM] 2026-08-04T08:17:23 Backup created: /home/owner/.local/share/godot/app_userdata/Parachute Landing Pattern v314/backups/GameIntegrity_2026-08-04_08-17-23.gd.backup
[VERBATIM] 2026-08-04T08:17:23 Backup created: /home/owner/.local/share/godot/app_userdata/Parachute Landing Pattern v314/backups/GameIntegrity_2606150714_2026-08-04_08-17-23.gd.backup
[VERBATIM] 2026-08-04T08:17:23 Backup created: /home/owner/.local/share/godot/app_userdata/Parachute Landing Pattern v314/backups/HUDManager_2026-08-04_08-17-23.gd.backup
[VERBATIM] 2026-08-04T08:17:23 Backup created: /home/owner/.local/share/godot/app_userdata/Parachute Landing Pattern v314/backups/HubManager_2026-08-04_08-17-23.gd.backup
[VERBATIM] 2026-08-04T08:17:23 Backup created: /home/owner/.local/share/godot/app_userdata/Parachute Landing Pattern v314/backups/InputManager_2026-08-04_08-17-23.gd.backup
[VERBATIM] 2026-08-04T08:17:23 Backup created: /home/owner/.local/share/godot/app_userdata/Parachute Landing Pattern v314/backups/PerformanceMonitor_2026-08-04_08-17-23.gd.backup
[VERBATIM] 2026-08-04T08:17:23 Backup created: /home/owner/.local/share/godot/app_userdata/Parachute Landing Pattern v314/backups/ResourceThrottle_2026-08-04_08-17-23.gd.backup
[VERBATIM] 2026-08-04T08:17:23 Backup created: /home/owner/.local/share/godot/app_userdata/Parachute Landing Pattern v314/backups/SqliteDb_2026-08-04_08-17-23.gd.backup
[VERBATIM] 2026-08-04T08:17:23 Backup created: /home/owner/.local/share/godot/app_userdata/Parachute Landing Pattern v314/backups/SqliteWatchdog_2026-08-04_08-17-23.gd.backup
[VERBATIM] 2026-08-04T08:17:23 Backup created: /home/owner/.local/share/godot/app_userdata/Parachute Landing Pattern v314/backups/StructuredLogger_2026-08-04_08-17-23.gd.backup
[VERBATIM] 2026-08-04T08:17:23 Backup created: /home/owner/.local/share/godot/app_userdata/Parachute Landing Pattern v314/backups/ViewPoseController_2026-08-04_08-17-23.gd.backup
[VERBATIM] 2026-08-04T08:17:23 Backup created: /home/owner/.local/share/godot/app_userdata/Parachute Landing Pattern v314/backups/altimeter_hud_2026-08-04_08-17-23.gd.backup
[VERBATIM] 2026-08-04T08:17:23 Backup created: /home/owner/.local/share/godot/app_userdata/Parachute Landing Pattern v314/backups/audit_2026-08-04_08-17-23.gd.backup
[VERBATIM] 2026-08-04T08:17:23 Backup created: /home/owner/.local/share/godot/app_userdata/Parachute Landing Pattern v314/backups/auto_heal_2026-08-04_08-17-23.gd.backup
[VERBATIM] 2026-08-04T08:17:23 Backup created: /home/owner/.local/share/godot/app_userdata/Parachute Landing Pattern v314/backups/build_terrain.backup_20260707-205552_2026-08-04_08-17-23.gd.backup
[VERBATIM] 2026-08-04T08:17:23 Backup created: /home/owner/.local/share/godot/app_userdata/Parachute Landing Pattern v314/backups/build_terrain.backup_20260707-210153_2026-08-04_08-17-23.gd.backup
[VERBATIM] 2026-08-04T08:17:23 Backup created: /home/owner/.local/share/godot/app_userdata/Parachute Landing Pattern v314/backups/build_terrain.backup_20260707-210819_2026-08-04_08-17-23.gd.backup
[VERBATIM] 2026-08-04T08:17:23 Backup created: /home/owner/.local/share/godot/app_userdata/Parachute Landing Pattern v314/backups/build_terrain.backup_20260707-215820_2026-08-04_08-17-23.gd.backup
[VERBATIM] 2026-08-04T08:17:23 Backup created: /home/owner/.local/share/godot/app_userdata/Parachute Landing Pattern v314/backups/build_terrain.backup_20260707-222344_2026-08-04_08-17-23.gd.backup
[VERBATIM] 2026-08-04T08:17:23 Backup created: /home/owner/.local/share/godot/app_userdata/Parachute Landing Pattern v314/backups/build_terrain.backup_20260707-222819_2026-08-04_08-17-23.gd.backup
[VERBATIM] 2026-08-04T08:17:23 Backup created: /home/owner/.local/share/godot/app_userdata/Parachute Landing Pattern v314/backups/build_terrain_2026-08-04_08-17-23.gd.backup
[VERBATIM] 2026-08-04T08:17:23 Backup created: /home/owner/.local/share/godot/app_userdata/Parachute Landing Pattern v314/backups/build_terrain_0100_2026-08-04_08-17-23.gd.backup
[VERBATIM] 2026-08-04T08:17:23 Backup created: /home/owner/.local/share/godot/app_userdata/Parachute Landing Pattern v314/backups/chunked_lod_terrain_2026-08-04_08-17-23.gd.backup
[VERBATIM] 2026-08-04T08:17:23 Backup created: /home/owner/.local/share/godot/app_userdata/Parachute Landing Pattern v314/backups/debug_components_2026-08-04_08-17-23.gd.backup
[VERBATIM] 2026-08-04T08:17:23 Backup created: /home/owner/.local/share/godot/app_userdata/Parachute Landing Pattern v314/backups/draggable_control_2026-08-04_08-17-23.gd.backup
[VERBATIM] 2026-08-04T08:17:23 Backup created: /home/owner/.local/share/godot/app_userdata/Parachute Landing Pattern v314/backups/flight_controller_2026-08-04_08-17-23.gd.backup
[VERBATIM] 2026-08-04T08:17:23 Backup created: /home/owner/.local/share/godot/app_userdata/Parachute Landing Pattern v314/backups/forensic_hud_2026-08-04_08-17-23.gd.backup
[VERBATIM] 2026-08-04T08:17:23 Backup created: /home/owner/.local/share/godot/app_userdata/Parachute Landing Pattern v314/backups/forensic_hud_0001_2026-08-04_08-17-23.gd.backup
[VERBATIM] 2026-08-04T08:17:23 Backup created: /home/owner/.local/share/godot/app_userdata/Parachute Landing Pattern v314/backups/game_manager.backup_20260707-212959_2026-08-04_08-17-23.gd.backup
[VERBATIM] 2026-08-04T08:17:23 Backup created: /home/owner/.local/share/godot/app_userdata/Parachute Landing Pattern v314/backups/game_manager_2026-08-04_08-17-23.gd.backup
[VERBATIM] 2026-08-04T08:17:23 Backup created: /home/owner/.local/share/godot/app_userdata/Parachute Landing Pattern v314/backups/hud_data_bridge_2026-08-04_08-17-23.gd.backup
[VERBATIM] 2026-08-04T08:17:23 Backup created: /home/owner/.local/share/godot/app_userdata/Parachute Landing Pattern v314/backups/hud_draggable_2026-08-04_08-17-23.gd.backup
[VERBATIM] 2026-08-04T08:17:23 Backup created: /home/owner/.local/share/godot/app_userdata/Parachute Landing Pattern v314/backups/orbit_camera_2026-08-04_08-17-23.gd.backup
[VERBATIM] 2026-08-04T08:17:23 Backup created: /home/owner/.local/share/godot/app_userdata/Parachute Landing Pattern v314/backups/parachute_controller.backup_20260707-212959_2026-08-04_08-17-23.gd.backup
[VERBATIM] 2026-08-04T08:17:23 Backup created: /home/owner/.local/share/godot/app_userdata/Parachute Landing Pattern v314/backups/parachute_controller_2026-08-04_08-17-23.gd.backup
[VERBATIM] 2026-08-04T08:17:23 Backup created: /home/owner/.local/share/godot/app_userdata/Parachute Landing Pattern v314/backups/pip_draggable_2026-08-04_08-17-23.gd.backup
[VERBATIM] 2026-08-04T08:17:23 Backup created: /home/owner/.local/share/godot/app_userdata/Parachute Landing Pattern v314/backups/pip_draggable_v2_2026-08-04_08-17-23.gd.backup
[VERBATIM] 2026-08-04T08:17:23 Backup created: /home/owner/.local/share/godot/app_userdata/Parachute Landing Pattern v314/backups/plane_2026-08-04_08-17-23.gd.backup
[VERBATIM] 2026-08-04T08:17:23 Backup created: /home/owner/.local/share/godot/app_userdata/Parachute Landing Pattern v314/backups/rotor_visualizer_2026-08-04_08-17-23.gd.backup
[VERBATIM] 2026-08-04T08:17:23 Backup created: /home/owner/.local/share/godot/app_userdata/Parachute Landing Pattern v314/backups/screenshot_library_2026-08-04_08-17-23.gd.backup
[VERBATIM] 2026-08-04T08:17:23 Backup created: /home/owner/.local/share/godot/app_userdata/Parachute Landing Pattern v314/backups/splash_2026-08-04_08-17-23.gd.backup
[VERBATIM] 2026-08-04T08:17:23 Backup created: /home/owner/.local/share/godot/app_userdata/Parachute Landing Pattern v314/backups/stall_test_2026-08-04_08-17-23.gd.backup
[VERBATIM] 2026-08-04T08:17:23 Backup created: /home/owner/.local/share/godot/app_userdata/Parachute Landing Pattern v314/backups/test_orbit_2026-08-04_08-17-23.gd.backup
[VERBATIM] 2026-08-04T08:17:23 Backup created: /home/owner/.local/share/godot/app_userdata/Parachute Landing Pattern v314/backups/test_runner_2026-08-04_08-17-23.gd.backup
[VERBATIM] 2026-08-04T08:17:23 Backup created: /home/owner/.local/share/godot/app_userdata/Parachute Landing Pattern v314/backups/toggle_arm_animator_2026-08-04_08-17-23.gd.backup
[VERBATIM] 2026-08-04T08:17:23 Backup created: /home/owner/.local/share/godot/app_userdata/Parachute Landing Pattern v314/backups/validate_scene_2026-08-04_08-17-23.gd.backup
[VERBATIM] 2026-08-04T08:17:23 Backup created: /home/owner/.local/share/godot/app_userdata/Parachute Landing Pattern v314/backups/wind_field.backup_20260707-212959_2026-08-04_08-17-23.gd.backup
[VERBATIM] 2026-08-04T08:17:23 Backup created: /home/owner/.local/share/godot/app_userdata/Parachute Landing Pattern v314/backups/wind_field_2026-08-04_08-17-23.gd.backup
[VERBATIM] 2026-08-04T08:17:23 Backup created: /home/owner/.local/share/godot/app_userdata/Parachute Landing Pattern v314/backups/build_terrain_2026-08-04_08-17-23.gd.backup
[VERBATIM] 2026-08-04T08:17:23 Backup created: /home/owner/.local/share/godot/app_userdata/Parachute Landing Pattern v314/backups/plugin_2026-08-04_08-17-23.gd.backup
[VERBATIM] 2026-08-04T08:17:23 Backup created: /home/owner/.local/share/godot/app_userdata/Parachute Landing Pattern v314/backups/validate_scene_2026-08-04_08-17-23.gd.backup
[VERBATIM] 2026-08-04T08:17:23 Backup created: /home/owner/.local/share/godot/app_userdata/Parachute Landing Pattern v314/backups/godot-sqlite_2026-08-04_08-17-23.gd.backup
[VERBATIM] 2026-08-04T08:17:23 Backup created: /home/owner/.local/share/godot/app_userdata/Parachute Landing Pattern v314/backups/aero_water_atmosphere_3d_2026-08-04_08-17-23.gd.backup
[VERBATIM] 2026-08-04T08:17:23 Backup created: /home/owner/.local/share/godot/app_userdata/Parachute Landing Pattern v314/backups/aero_atmosphere_3d_2026-08-04_08-17-23.gd.backup
[VERBATIM] 2026-08-04T08:17:23 Backup created: /home/owner/.local/share/godot/app_userdata/Parachute Landing Pattern v314/backups/aero_buoyancy_3d_2026-08-04_08-17-23.gd.backup
[VERBATIM] 2026-08-04T08:17:23 Backup created: /home/owner/.local/share/godot/app_userdata/Parachute Landing Pattern v314/backups/aero_buoyancy_mesh_3d_2026-08-04_08-17-23.gd.backup
[VERBATIM] 2026-08-04T08:17:23 Backup created: /home/owner/.local/share/godot/app_userdata/Parachute Landing Pattern v314/backups/aero_buoyancy_sphere_3d_2026-08-04_08-17-23.gd.backup
[VERBATIM] 2026-08-04T08:17:23 Backup created: /home/owner/.local/share/godot/app_userdata/Parachute Landing Pattern v314/backups/aero_rotor_hinge_3d_2026-08-04_08-17-23.gd.backup
[VERBATIM] 2026-08-04T08:17:23 Backup created: /home/owner/.local/share/godot/app_userdata/Parachute Landing Pattern v314/backups/aero_cyclic_propeller_3d_2026-08-04_08-17-23.gd.backup
[VERBATIM] 2026-08-04T08:17:23 Backup created: /home/owner/.local/share/godot/app_userdata/Parachute Landing Pattern v314/backups/aero_mover_3d_2026-08-04_08-17-23.gd.backup
[VERBATIM] 2026-08-04T08:17:23 Backup created: /home/owner/.local/share/godot/app_userdata/Parachute Landing Pattern v314/backups/aero_propeller_3d_2026-08-04_08-17-23.gd.backup
[VERBATIM] 2026-08-04T08:17:23 Backup created: /home/owner/.local/share/godot/app_userdata/Parachute Landing Pattern v314/backups/manual_aero_surface_3d_2026-08-04_08-17-23.gd.backup
[VERBATIM] 2026-08-04T08:17:23 Backup created: /home/owner/.local/share/godot/app_userdata/Parachute Landing Pattern v314/backups/manual_aero_surface_config_2026-08-04_08-17-23.gd.backup
[VERBATIM] 2026-08-04T08:17:23 Backup created: /home/owner/.local/share/godot/app_userdata/Parachute Landing Pattern v314/backups/aero_surface_3d_2026-08-04_08-17-23.gd.backup
[VERBATIM] 2026-08-04T08:17:23 Backup created: /home/owner/.local/share/godot/app_userdata/Parachute Landing Pattern v314/backups/aero_surface_config_2026-08-04_08-17-23.gd.backup
[VERBATIM] 2026-08-04T08:17:23 Backup created: /home/owner/.local/share/godot/app_userdata/Parachute Landing Pattern v314/backups/aero_jet_thruster_3d_2026-08-04_08-17-23.gd.backup
[VERBATIM] 2026-08-04T08:17:23 Backup created: /home/owner/.local/share/godot/app_userdata/Parachute Landing Pattern v314/backups/aero_thruster_3d_2026-08-04_08-17-23.gd.backup
[VERBATIM] 2026-08-04T08:17:23 Backup created: /home/owner/.local/share/godot/app_userdata/Parachute Landing Pattern v314/backups/aero_drag_influencer_2026-08-04_08-17-23.gd.backup
[VERBATIM] 2026-08-04T08:17:23 Backup created: /home/owner/.local/share/godot/app_userdata/Parachute Landing Pattern v314/backups/aero_influencer_3d_2026-08-04_08-17-23.gd.backup
[VERBATIM] 2026-08-04T08:17:23 Backup created: /home/owner/.local/share/godot/app_userdata/Parachute Landing Pattern v314/backups/aero_control_component_2026-08-04_08-17-23.gd.backup
[VERBATIM] 2026-08-04T08:17:23 Backup created: /home/owner/.local/share/godot/app_userdata/Parachute Landing Pattern v314/backups/aero_control_config_2026-08-04_08-17-23.gd.backup
[VERBATIM] 2026-08-04T08:17:23 Backup created: /home/owner/.local/share/godot/app_userdata/Parachute Landing Pattern v314/backups/aero_control_config_axis_2026-08-04_08-17-23.gd.backup
[VERBATIM] 2026-08-04T08:17:23 Backup created: /home/owner/.local/share/godot/app_userdata/Parachute Landing Pattern v314/backups/aero_influencer_control_axis_config_2026-08-04_08-17-23.gd.backup
[VERBATIM] 2026-08-04T08:17:23 Backup created: /home/owner/.local/share/godot/app_userdata/Parachute Landing Pattern v314/backups/aero_influencer_control_config_2026-08-04_08-17-23.gd.backup
[VERBATIM] 2026-08-04T08:17:23 Backup created: /home/owner/.local/share/godot/app_userdata/Parachute Landing Pattern v314/backups/aero_surface_gizmo_2026-08-04_08-17-23.gd.backup
[VERBATIM] 2026-08-04T08:17:23 Backup created: /home/owner/.local/share/godot/app_userdata/Parachute Landing Pattern v314/backups/aero_units_2026-08-04_08-17-23.gd.backup
[VERBATIM] 2026-08-04T08:17:23 Backup created: /home/owner/.local/share/godot/app_userdata/Parachute Landing Pattern v314/backups/aero_body_3d_2026-08-04_08-17-23.gd.backup
[VERBATIM] 2026-08-04T08:17:23 Backup created: /home/owner/.local/share/godot/app_userdata/Parachute Landing Pattern v314/backups/flight_assist_2026-08-04_08-17-23.gd.backup
[VERBATIM] 2026-08-04T08:17:23 Backup created: /home/owner/.local/share/godot/app_userdata/Parachute Landing Pattern v314/backups/ball_launcher_2026-08-04_08-17-23.gd.backup
[VERBATIM] 2026-08-04T08:17:23 Backup created: /home/owner/.local/share/godot/app_userdata/Parachute Landing Pattern v314/backups/mouse_control_2026-08-04_08-17-23.gd.backup
[VERBATIM] 2026-08-04T08:17:23 Backup created: /home/owner/.local/share/godot/app_userdata/Parachute Landing Pattern v314/backups/wind_indicator_2026-08-04_08-17-23.gd.backup
[VERBATIM] 2026-08-04T08:17:23 Backup created: /home/owner/.local/share/godot/app_userdata/Parachute Landing Pattern v314/backups/point_3d_2026-08-04_08-17-23.gd.backup
[VERBATIM] 2026-08-04T08:17:23 Backup created: /home/owner/.local/share/godot/app_userdata/Parachute Landing Pattern v314/backups/vector_3d_2026-08-04_08-17-23.gd.backup
[VERBATIM] 2026-08-04T08:17:23 Backup created: /home/owner/.local/share/godot/app_userdata/Parachute Landing Pattern v314/backups/math_utils_2026-08-04_08-17-23.gd.backup
[VERBATIM] 2026-08-04T08:17:23 Backup created: /home/owner/.local/share/godot/app_userdata/Parachute Landing Pattern v314/backups/node_utils_2026-08-04_08-17-23.gd.backup
[VERBATIM] 2026-08-04T08:17:23 Backup created: /home/owner/.local/share/godot/app_userdata/Parachute Landing Pattern v314/backups/pid_2026-08-04_08-17-23.gd.backup
[VERBATIM] 2026-08-04T08:17:23 Backup created: /home/owner/.local/share/godot/app_userdata/Parachute Landing Pattern v314/backups/plugin_utils_2026-08-04_08-17-23.gd.backup
[VERBATIM] 2026-08-04T08:17:23 Backup created: /home/owner/.local/share/godot/app_userdata/Parachute Landing Pattern v314/backups/transform_utils_2026-08-04_08-17-23.gd.backup
[VERBATIM] 2026-08-04T08:17:23 Backup created: /home/owner/.local/share/godot/app_userdata/Parachute Landing Pattern v314/backups/plugin_2026-08-04_08-17-23.gd.backup
[VERBATIM] 2026-08-04T08:17:23 Integrity check complete – PASS
[FPANEL] Adopted existing pip container
[AUDIT] poll_forensic_hud: ENTER
[DIAG] _physics_process: ENTER, state=0
[DIAG] _physics_process: IN_PLANE branch entered
[DIAG] _physics_process: plane position updated to (799.9856, 1853.8, 4.799971)
[DIAG] _physics_process: checking camera follow
[DIAG] _physics_process: plane and camera valid, updating camera
[DIAG] _physics_process: camera moved from (799.9964, 1905.516, -164.7839) to (799.9856, 1905.516, -162.3839)
[DIAG] _physics_process: IN_PLANE returning
[AUDIT] poll_forensic_hud: ENTER
[DIAG] _physics_process: ENTER, state=0
[DIAG] _physics_process: IN_PLANE branch entered
[DIAG] _physics_process: plane position updated to (799.9676, 1853.8, 7.199903)
[DIAG] _physics_process: checking camera follow
[DIAG] _physics_process: plane and camera valid, updating camera
[DIAG] _physics_process: camera moved from (799.9856, 1905.516, -162.3839) to (799.9676, 1905.516, -159.984)
[DIAG] _physics_process: IN_PLANE returning
[AUDIT] poll_forensic_hud: ENTER
[DIAG] _physics_process: ENTER, state=0
[DIAG] _physics_process: IN_PLANE branch entered
[DIAG] _physics_process: plane position updated to (799.9424, 1853.8, 9.59977)
[DIAG] _physics_process: checking camera follow
[DIAG] _physics_process: plane and camera valid, updating camera
[DIAG] _physics_process: camera moved from (799.9676, 1905.516, -159.984) to (799.9424, 1905.516, -157.5841)
[DIAG] _physics_process: IN_PLANE returning
[AUDIT] poll_forensic_hud: ENTER
[DIAG] _physics_process: ENTER, state=0
[DIAG] _physics_process: IN_PLANE branch entered
[DIAG] _physics_process: plane position updated to (799.91, 1853.8, 11.99955)
[DIAG] _physics_process: checking camera follow
[DIAG] _physics_process: plane and camera valid, updating camera
[DIAG] _physics_process: camera moved from (799.9424, 1905.516, -157.5841) to (799.91, 1905.516, -155.1843)
[DIAG] _physics_process: IN_PLANE returning
[AUDIT] poll_forensic_hud: ENTER
[DIAG] _physics_process: ENTER, state=0
[DIAG] _physics_process: IN_PLANE branch entered
[DIAG] _physics_process: plane position updated to (799.8704, 1853.8, 14.39922)
[DIAG] _physics_process: checking camera follow
[DIAG] _physics_process: plane and camera valid, updating camera
[DIAG] _physics_process: camera moved from (799.91, 1905.516, -155.1843) to (799.8704, 1905.516, -152.7847)
[DIAG] _physics_process: IN_PLANE returning
[AUDIT] poll_forensic_hud: ENTER
[DIAG] _physics_process: ENTER, state=0
[DIAG] _physics_process: IN_PLANE branch entered
[DIAG] _physics_process: plane position updated to (799.8236, 1853.8, 16.79877)
[DIAG] _physics_process: checking camera follow
[DIAG] _physics_process: plane and camera valid, updating camera
[DIAG] _physics_process: camera moved from (799.8704, 1905.516, -152.7847) to (799.8236, 1905.516, -150.3851)
[DIAG] _physics_process: IN_PLANE returning
[AUDIT] poll_forensic_hud: ENTER
[DIAG] _physics_process: ENTER, state=0
[DIAG] _physics_process: IN_PLANE branch entered
[DIAG] _physics_process: plane position updated to (799.7696, 1853.8, 19.19816)
[DIAG] _physics_process: checking camera follow
[DIAG] _physics_process: plane and camera valid, updating camera
[DIAG] _physics_process: camera moved from (799.8236, 1905.516, -150.3851) to (799.7696, 1905.516, -147.9857)
[DIAG] _physics_process: IN_PLANE returning
[DIAG] _poll_controls: ENTER, state=0
[VERBATIM] POLL: _poll_controls() entered, game_state=0
[DIAG] _poll_controls: EXIT (IN_PLANE branch)
[VERBATIM] Entering BASE
[AUDIT] poll_forensic_hud: ENTER
[DIAG] _physics_process: ENTER, state=0
[DIAG] _physics_process: IN_PLANE branch entered
[DIAG] _physics_process: plane position updated to (799.7084, 1853.8, 21.59738)
[DIAG] _physics_process: checking camera follow
[DIAG] _physics_process: plane and camera valid, updating camera
[DIAG] _physics_process: camera moved from (799.7696, 1905.516, -147.9857) to (799.7084, 1905.516, -145.5865)
[DIAG] _physics_process: IN_PLANE returning
[AUDIT] poll_forensic_hud: ENTER
[DIAG] _physics_process: ENTER, state=0
[DIAG] _physics_process: IN_PLANE branch entered
[DIAG] _physics_process: plane position updated to (799.64, 1853.8, 23.9964)
[DIAG] _physics_process: checking camera follow
[DIAG] _physics_process: plane and camera valid, updating camera
[DIAG] _physics_process: camera moved from (799.7084, 1905.516, -145.5865) to (799.64, 1905.516, -143.1875)
[DIAG] _physics_process: IN_PLANE returning
[AUDIT] poll_forensic_hud: ENTER
[DIAG] _physics_process: ENTER, state=0
[DIAG] _physics_process: IN_PLANE branch entered
[DIAG] _physics_process: plane position updated to (799.5645, 1853.8, 26.39521)
[DIAG] _physics_process: checking camera follow
[DIAG] _physics_process: plane and camera valid, updating camera
[DIAG] _physics_process: camera moved from (799.64, 1905.516, -143.1875) to (799.5645, 1905.516, -140.7887)
[DIAG] _physics_process: IN_PLANE returning
[AUDIT] poll_forensic_hud: ENTER
[DIAG] _physics_process: ENTER, state=0
[DIAG] _physics_process: IN_PLANE branch entered
[DIAG] _physics_process: plane position updated to (799.4816, 1853.8, 28.79378)
[DIAG] _physics_process: checking camera follow
[DIAG] _physics_process: plane and camera valid, updating camera
[DIAG] _physics_process: camera moved from (799.5645, 1905.516, -140.7887) to (799.4816, 1905.516, -138.3901)
[DIAG] _physics_process: IN_PLANE returning
[AUDIT] poll_forensic_hud: ENTER
[DIAG] _physics_process: ENTER, state=0
[DIAG] _physics_process: IN_PLANE branch entered
[DIAG] _physics_process: plane position updated to (799.3917, 1853.8, 31.19209)
[DIAG] _physics_process: checking camera follow
[DIAG] _physics_process: plane and camera valid, updating camera
[DIAG] _physics_process: camera moved from (799.4816, 1905.516, -138.3901) to (799.3917, 1905.516, -135.9918)
[DIAG] _physics_process: IN_PLANE returning
[AUDIT] poll_forensic_hud: ENTER
[DIAG] _physics_process: ENTER, state=0
[DIAG] _physics_process: IN_PLANE branch entered
[DIAG] _physics_process: plane position updated to (799.2945, 1853.8, 33.59012)
[DIAG] _physics_process: checking camera follow
[DIAG] _physics_process: plane and camera valid, updating camera
[DIAG] _physics_process: camera moved from (799.3917, 1905.516, -135.9918) to (799.2945, 1905.516, -133.5938)
[DIAG] _physics_process: IN_PLANE returning
[AUDIT] poll_forensic_hud: ENTER
[DIAG] _physics_process: ENTER, state=0
[DIAG] _physics_process: IN_PLANE branch entered
[DIAG] _physics_process: plane position updated to (799.1901, 1853.8, 35.98785)
[DIAG] _physics_process: checking camera follow
[DIAG] _physics_process: plane and camera valid, updating camera
[DIAG] _physics_process: camera moved from (799.2945, 1905.516, -133.5938) to (799.1901, 1905.516, -131.196)
[DIAG] _physics_process: IN_PLANE returning
[AUDIT] poll_forensic_hud: ENTER
[DIAG] _physics_process: ENTER, state=0
[DIAG] _physics_process: IN_PLANE branch entered
[DIAG] _physics_process: plane position updated to (799.0786, 1853.8, 38.38526)
[DIAG] _physics_process: checking camera follow
[DIAG] _physics_process: plane and camera valid, updating camera
[DIAG] _physics_process: camera moved from (799.1901, 1905.516, -131.196) to (799.0786, 1905.516, -128.7986)
[DIAG] _physics_process: IN_PLANE returning
[VERBATIM] _setup_anim_player: playing mixamo_com pos=0.0
[DIAG] _poll_controls: ENTER, state=0
[VERBATIM] POLL: _poll_controls() entered, game_state=0
[DIAG] _poll_controls: EXIT (IN_PLANE branch)
[VERBATIM] Screenshot saved: /home/owner/Documents/69f7bcc6-1f68-83ea-b9b2-95a4db8629ac/parachute-cfd-game/godot_project/../audit_logs/screenshots/v314_20260804T081724.png
[DIAG] _poll_controls: ENTER, state=0
[VERBATIM] POLL: _poll_controls() entered, game_state=0
[DIAG] _poll_controls: EXIT (IN_PLANE branch)
[AUDIT] poll_forensic_hud: ENTER
[DIAG] _physics_process: ENTER, state=0
[DIAG] _physics_process: IN_PLANE branch entered
[DIAG] _physics_process: plane position updated to (798.9598, 1853.8, 40.78231)
[DIAG] _physics_process: checking camera follow
[DIAG] _physics_process: plane and camera valid, updating camera
[DIAG] _physics_process: camera moved from (799.0786, 1905.516, -128.7986) to (798.9598, 1905.516, -126.4016)
[DIAG] _physics_process: IN_PLANE returning
[DIAG] _poll_controls: ENTER, state=0
[VERBATIM] POLL: _poll_controls() entered, game_state=0
[DIAG] _poll_controls: EXIT (IN_PLANE branch)
[AUDIT] poll_forensic_hud: ENTER
[DIAG] _physics_process: ENTER, state=0
[DIAG] _physics_process: IN_PLANE branch entered
[DIAG] _physics_process: plane position updated to (798.8339, 1853.8, 43.17901)
[DIAG] _physics_process: checking camera follow
[DIAG] _physics_process: plane and camera valid, updating camera
[DIAG] _physics_process: camera moved from (798.9598, 1905.516, -126.4016) to (798.8339, 1905.516, -124.0049)
[DIAG] _physics_process: IN_PLANE returning
[DIAG] _poll_controls: ENTER, state=0
[VERBATIM] POLL: _poll_controls() entered, game_state=0
[DIAG] _poll_controls: EXIT (IN_PLANE branch)
[AUDIT] poll_forensic_hud: ENTER
[DIAG] _physics_process: ENTER, state=0
[DIAG] _physics_process: IN_PLANE branch entered
[DIAG] _physics_process: plane position updated to (798.7007, 1853.8, 45.57531)
[DIAG] _physics_process: checking camera follow
[DIAG] _physics_process: plane and camera valid, updating camera
[DIAG] _physics_process: camera moved from (798.8339, 1905.516, -124.0049) to (798.7007, 1905.516, -121.6086)
[DIAG] _physics_process: IN_PLANE returning
[DIAG] _poll_controls: ENTER, state=0
[VERBATIM] POLL: _poll_controls() entered, game_state=0
[DIAG] _poll_controls: EXIT (IN_PLANE branch)
[AUDIT] poll_forensic_hud: ENTER
[DIAG] _physics_process: ENTER, state=0
[DIAG] _physics_process: IN_PLANE branch entered
[DIAG] _physics_process: plane position updated to (798.5604, 1853.8, 47.97121)
[DIAG] _physics_process: checking camera follow
[DIAG] _physics_process: plane and camera valid, updating camera
[DIAG] _physics_process: camera moved from (798.7007, 1905.516, -121.6086) to (798.5604, 1905.516, -119.2127)
[DIAG] _physics_process: IN_PLANE returning
[AUDIT] poll_forensic_hud: ENTER
[DIAG] _physics_process: ENTER, state=0
[DIAG] _physics_process: IN_PLANE branch entered
[DIAG] _physics_process: plane position updated to (798.4129, 1853.8, 50.36667)
[DIAG] _physics_process: checking camera follow
[DIAG] _physics_process: plane and camera valid, updating camera
[DIAG] _physics_process: camera moved from (798.5604, 1905.516, -119.2127) to (798.4129, 1905.516, -116.8172)
[DIAG] _physics_process: IN_PLANE returning
[DIAG] _poll_controls: ENTER, state=0
[VERBATIM] POLL: _poll_controls() entered, game_state=0
[DIAG] _poll_controls: EXIT (IN_PLANE branch)
[AUDIT] poll_forensic_hud: ENTER
[DIAG] _physics_process: ENTER, state=0
[DIAG] _physics_process: IN_PLANE branch entered
[DIAG] _physics_process: plane position updated to (798.2582, 1853.8, 52.76168)
[DIAG] _physics_process: checking camera follow
[DIAG] _physics_process: plane and camera valid, updating camera
[DIAG] _physics_process: camera moved from (798.4129, 1905.516, -116.8172) to (798.2582, 1905.516, -114.4222)
[DIAG] _physics_process: IN_PLANE returning
[DIAG] _poll_controls: ENTER, state=0
[VERBATIM] POLL: _poll_controls() entered, game_state=0
[DIAG] _poll_controls: EXIT (IN_PLANE branch)
[AUDIT] poll_forensic_hud: ENTER
[DIAG] _physics_process: ENTER, state=0
[DIAG] _physics_process: IN_PLANE branch entered
[DIAG] _physics_process: plane position updated to (798.0964, 1853.8, 55.15621)
[DIAG] _physics_process: checking camera follow
[DIAG] _physics_process: plane and camera valid, updating camera
[DIAG] _physics_process: camera moved from (798.2582, 1905.516, -114.4222) to (798.0964, 1905.516, -112.0277)
[DIAG] _physics_process: IN_PLANE returning
[AUDIT] poll_forensic_hud: ENTER
[DIAG] _physics_process: ENTER, state=0
[DIAG] _physics_process: IN_PLANE branch entered
[DIAG] _physics_process: plane position updated to (797.9273, 1853.8, 57.55025)
[DIAG] _physics_process: checking camera follow
[DIAG] _physics_process: plane and camera valid, updating camera
[DIAG] _physics_process: camera moved from (798.0964, 1905.516, -112.0277) to (797.9273, 1905.516, -109.6336)
[DIAG] _physics_process: IN_PLANE returning
[DIAG] _poll_controls: ENTER, state=0
[VERBATIM] POLL: _poll_controls() entered, game_state=0
[DIAG] _poll_controls: EXIT (IN_PLANE branch)
[AUDIT] poll_forensic_hud: ENTER
[DIAG] _physics_process: ENTER, state=0
[DIAG] _physics_process: IN_PLANE branch entered
[DIAG] _physics_process: plane position updated to (797.751, 1853.8, 59.94377)
[DIAG] _physics_process: checking camera follow
[DIAG] _physics_process: plane and camera valid, updating camera
[DIAG] _physics_process: camera moved from (797.9273, 1905.516, -109.6336) to (797.751, 1905.516, -107.2401)
[DIAG] _physics_process: IN_PLANE returning
[DIAG] _poll_controls: ENTER, state=0
[VERBATIM] POLL: _poll_controls() entered, game_state=0
[DIAG] _poll_controls: EXIT (IN_PLANE branch)
[AUDIT] poll_forensic_hud: ENTER
[DIAG] _physics_process: ENTER, state=0
[DIAG] _physics_process: IN_PLANE branch entered
[DIAG] _physics_process: plane position updated to (797.5676, 1853.8, 62.33675)
[DIAG] _physics_process: checking camera follow
[DIAG] _physics_process: plane and camera valid, updating camera
[DIAG] _physics_process: camera moved from (797.751, 1905.516, -107.2401) to (797.5676, 1905.516, -104.8471)
[DIAG] _physics_process: IN_PLANE returning
[DIAG] _poll_controls: ENTER, state=0
[VERBATIM] POLL: _poll_controls() entered, game_state=0
[DIAG] _poll_controls: EXIT (IN_PLANE branch)
[AUDIT] poll_forensic_hud: ENTER
[DIAG] _physics_process: ENTER, state=0
[DIAG] _physics_process: IN_PLANE branch entered
[DIAG] _physics_process: plane position updated to (797.377, 1853.8, 64.72916)
[DIAG] _physics_process: checking camera follow
[DIAG] _physics_process: plane and camera valid, updating camera
[DIAG] _physics_process: camera moved from (797.5676, 1905.516, -104.8471) to (797.377, 1905.516, -102.4547)
[DIAG] _physics_process: IN_PLANE returning
[AUDIT] poll_forensic_hud: ENTER
[DIAG] _physics_process: ENTER, state=0
[DIAG] _physics_process: IN_PLANE branch entered
[DIAG] _physics_process: plane position updated to (797.1793, 1853.8, 67.121)
[DIAG] _physics_process: checking camera follow
[DIAG] _physics_process: plane and camera valid, updating camera
[DIAG] _physics_process: camera moved from (797.377, 1905.516, -102.4547) to (797.1793, 1905.516, -100.0629)
[DIAG] _physics_process: IN_PLANE returning
[DIAG] _poll_controls: ENTER, state=0
[VERBATIM] POLL: _poll_controls() entered, game_state=0
[DIAG] _poll_controls: EXIT (IN_PLANE branch)
[AUDIT] poll_forensic_hud: ENTER
[DIAG] _physics_process: ENTER, state=0
[DIAG] _physics_process: IN_PLANE branch entered
[DIAG] _physics_process: plane position updated to (796.9743, 1853.8, 69.51223)
[DIAG] _physics_process: checking camera follow
[DIAG] _physics_process: plane and camera valid, updating camera
[DIAG] _physics_process: camera moved from (797.1793, 1905.516, -100.0629) to (796.9743, 1905.516, -97.67165)
[DIAG] _physics_process: IN_PLANE returning
[DIAG] _poll_controls: ENTER, state=0
[VERBATIM] POLL: _poll_controls() entered, game_state=0
[DIAG] _poll_controls: EXIT (IN_PLANE branch)
[AUDIT] poll_forensic_hud: ENTER
[DIAG] _physics_process: ENTER, state=0
[DIAG] _physics_process: IN_PLANE branch entered
[DIAG] _physics_process: plane position updated to (796.7622, 1853.8, 71.90284)
[DIAG] _physics_process: checking camera follow
[DIAG] _physics_process: plane and camera valid, updating camera
[DIAG] _physics_process: camera moved from (796.9743, 1905.516, -97.67165) to (796.7622, 1905.516, -95.28104)
[DIAG] _physics_process: IN_PLANE returning
[DIAG] _poll_controls: ENTER, state=0
[VERBATIM] POLL: _poll_controls() entered, game_state=0
[DIAG] _poll_controls: EXIT (IN_PLANE branch)
[AUDIT] poll_forensic_hud: ENTER
[DIAG] _physics_process: ENTER, state=0
[DIAG] _physics_process: IN_PLANE branch entered
[DIAG] _physics_process: plane position updated to (796.5429, 1853.8, 74.2928)
[DIAG] _physics_process: checking camera follow
[DIAG] _physics_process: plane and camera valid, updating camera
[DIAG] _physics_process: camera moved from (796.7622, 1905.516, -95.28104) to (796.5429, 1905.516, -92.89108)
[DIAG] _physics_process: IN_PLANE returning
[AUDIT] poll_forensic_hud: ENTER
[DIAG] _physics_process: ENTER, state=0
[DIAG] _physics_process: IN_PLANE branch entered
[DIAG] _physics_process: plane position updated to (796.3164, 1853.8, 76.68209)
[DIAG] _physics_process: checking camera follow
[DIAG] _physics_process: plane and camera valid, updating camera
[DIAG] _physics_process: camera moved from (796.5429, 1905.516, -92.89108) to (796.3164, 1905.516, -90.50179)
[DIAG] _physics_process: IN_PLANE returning
[DIAG] _poll_controls: ENTER, state=0
[VERBATIM] POLL: _poll_controls() entered, game_state=0
[DIAG] _poll_controls: EXIT (IN_PLANE branch)
[AUDIT] poll_forensic_hud: ENTER
[DIAG] _physics_process: ENTER, state=0
[DIAG] _physics_process: IN_PLANE branch entered
[DIAG] _physics_process: plane position updated to (796.0828, 1853.8, 79.07069)
[DIAG] _physics_process: checking camera follow
[DIAG] _physics_process: plane and camera valid, updating camera
[DIAG] _physics_process: camera moved from (796.3164, 1905.516, -90.50179) to (796.0828, 1905.516, -88.11319)
[DIAG] _physics_process: IN_PLANE returning
[DIAG] _poll_controls: ENTER, state=0
[VERBATIM] POLL: _poll_controls() entered, game_state=0
[DIAG] _poll_controls: EXIT (IN_PLANE branch)
[AUDIT] poll_forensic_hud: ENTER
[DIAG] _physics_process: ENTER, state=0
[DIAG] _physics_process: IN_PLANE branch entered
[DIAG] _physics_process: plane position updated to (795.842, 1853.8, 81.45858)
[DIAG] _physics_process: checking camera follow
[DIAG] _physics_process: plane and camera valid, updating camera
[DIAG] _physics_process: camera moved from (796.0828, 1905.516, -88.11319) to (795.842, 1905.516, -85.7253)
[DIAG] _physics_process: IN_PLANE returning
[DIAG] _poll_controls: ENTER, state=0
[VERBATIM] POLL: _poll_controls() entered, game_state=0
[DIAG] _poll_controls: EXIT (IN_PLANE branch)
[VERBATIM] Real wind loaded: SSW 4.34488 kts
[AUDIT] poll_forensic_hud: ENTER
[DIAG] _physics_process: ENTER, state=0
[DIAG] _physics_process: IN_PLANE branch entered
[DIAG] _physics_process: plane position updated to (795.5941, 1853.8, 83.84573)
[DIAG] _physics_process: checking camera follow
[DIAG] _physics_process: plane and camera valid, updating camera
[DIAG] _physics_process: camera moved from (795.842, 1905.516, -85.7253) to (795.5941, 1905.516, -83.33815)
[DIAG] _physics_process: IN_PLANE returning
[AUDIT] poll_forensic_hud: ENTER
[DIAG] _physics_process: ENTER, state=0
[DIAG] _physics_process: IN_PLANE branch entered
[DIAG] _physics_process: plane position updated to (795.3389, 1853.8, 86.23214)
[DIAG] _physics_process: checking camera follow
[DIAG] _physics_process: plane and camera valid, updating camera
[DIAG] _physics_process: camera moved from (795.5941, 1905.516, -83.33815) to (795.3389, 1905.516, -80.95174)
[DIAG] _physics_process: IN_PLANE returning
[DIAG] _poll_controls: ENTER, state=0
[VERBATIM] POLL: _poll_controls() entered, game_state=0
[DIAG] _poll_controls: EXIT (IN_PLANE branch)
[AUDIT] poll_forensic_hud: ENTER
[DIAG] _physics_process: ENTER, state=0
[DIAG] _physics_process: IN_PLANE branch entered
[DIAG] _physics_process: plane position updated to (795.0767, 1853.8, 88.61776)
[DIAG] _physics_process: checking camera follow
[DIAG] _physics_process: plane and camera valid, updating camera
[DIAG] _physics_process: camera moved from (795.3389, 1905.516, -80.95174) to (795.0767, 1905.516, -78.56612)
[DIAG] _physics_process: IN_PLANE returning
[DIAG] _poll_controls: ENTER, state=0
[VERBATIM] POLL: _poll_controls() entered, game_state=0
[DIAG] _poll_controls: EXIT (IN_PLANE branch)
[AUDIT] poll_forensic_hud: ENTER
[DIAG] _physics_process: ENTER, state=0
[DIAG] _physics_process: IN_PLANE branch entered
[DIAG] _physics_process: plane position updated to (794.8073, 1853.8, 91.00259)
[DIAG] _physics_process: checking camera follow
[DIAG] _physics_process: plane and camera valid, updating camera
[DIAG] _physics_process: camera moved from (795.0767, 1905.516, -78.56612) to (794.8073, 1905.516, -76.1813)
[DIAG] _physics_process: IN_PLANE returning
[AUDIT] poll_forensic_hud: ENTER
[DIAG] _physics_process: ENTER, state=0
[DIAG] _physics_process: IN_PLANE branch entered
[DIAG] _physics_process: plane position updated to (794.5306, 1853.8, 93.3866)
[DIAG] _physics_process: checking camera follow
[DIAG] _physics_process: plane and camera valid, updating camera
[DIAG] _physics_process: camera moved from (794.8073, 1905.516, -76.1813) to (794.5306, 1905.516, -73.79729)
[DIAG] _physics_process: IN_PLANE returning
[DIAG] _poll_controls: ENTER, state=0
[VERBATIM] POLL: _poll_controls() entered, game_state=0
[DIAG] _poll_controls: EXIT (IN_PLANE branch)
[AUDIT] poll_forensic_hud: ENTER
[DIAG] _physics_process: ENTER, state=0
[DIAG] _physics_process: IN_PLANE branch entered
[DIAG] _physics_process: plane position updated to (794.2469, 1853.8, 95.76977)
[DIAG] _physics_process: checking camera follow
[DIAG] _physics_process: plane and camera valid, updating camera
[DIAG] _physics_process: camera moved from (794.5306, 1905.516, -73.79729) to (794.2469, 1905.516, -71.41412)
[DIAG] _physics_process: IN_PLANE returning
[DIAG] _poll_controls: ENTER, state=0
[VERBATIM] POLL: _poll_controls() entered, game_state=0
[DIAG] _poll_controls: EXIT (IN_PLANE branch)
[AUDIT] poll_forensic_hud: ENTER
[DIAG] _physics_process: ENTER, state=0
[DIAG] _physics_process: IN_PLANE branch entered
[DIAG] _physics_process: plane position updated to (793.9561, 1853.8, 98.15207)
[DIAG] _physics_process: checking camera follow
[DIAG] _physics_process: plane and camera valid, updating camera
[DIAG] _physics_process: camera moved from (794.2469, 1905.516, -71.41412) to (793.9561, 1905.516, -69.03181)
[DIAG] _physics_process: IN_PLANE returning
[DIAG] _poll_controls: ENTER, state=0
[VERBATIM] POLL: _poll_controls() entered, game_state=0
[DIAG] _poll_controls: EXIT (IN_PLANE branch)
[AUDIT] poll_forensic_hud: ENTER
[DIAG] _physics_process: ENTER, state=0
[DIAG] _physics_process: IN_PLANE branch entered
[DIAG] _physics_process: plane position updated to (793.658, 1853.8, 100.5335)
[DIAG] _physics_process: checking camera follow
[DIAG] _physics_process: plane and camera valid, updating camera
[DIAG] _physics_process: camera moved from (793.9561, 1905.516, -69.03181) to (793.658, 1905.516, -66.65039)
[DIAG] _physics_process: IN_PLANE returning
[AUDIT] poll_forensic_hud: ENTER
[DIAG] _physics_process: ENTER, state=0
[DIAG] _physics_process: IN_PLANE branch entered
[DIAG] _physics_process: plane position updated to (793.3528, 1853.8, 102.914)
[DIAG] _physics_process: checking camera follow
[DIAG] _physics_process: plane and camera valid, updating camera
[DIAG] _physics_process: camera moved from (793.658, 1905.516, -66.65039) to (793.3528, 1905.516, -64.26987)
[DIAG] _physics_process: IN_PLANE returning
[DIAG] _poll_controls: ENTER, state=0
[VERBATIM] POLL: _poll_controls() entered, game_state=0
[DIAG] _poll_controls: EXIT (IN_PLANE branch)
[AUDIT] poll_forensic_hud: ENTER
[DIAG] _physics_process: ENTER, state=0
[DIAG] _physics_process: IN_PLANE branch entered
[DIAG] _physics_process: plane position updated to (793.0405, 1853.8, 105.2936)
[DIAG] _physics_process: checking camera follow
[DIAG] _physics_process: plane and camera valid, updating camera
[DIAG] _physics_process: camera moved from (793.3528, 1905.516, -64.26987) to (793.0405, 1905.516, -61.89028)
[DIAG] _physics_process: IN_PLANE returning
[DIAG] _poll_controls: ENTER, state=0
[VERBATIM] POLL: _poll_controls() entered, game_state=0
[DIAG] _poll_controls: EXIT (IN_PLANE branch)
[AUDIT] poll_forensic_hud: ENTER
[DIAG] _physics_process: ENTER, state=0
[DIAG] _physics_process: IN_PLANE branch entered
[DIAG] _physics_process: plane position updated to (792.7211, 1853.8, 107.6722)
[DIAG] _physics_process: checking camera follow
[DIAG] _physics_process: plane and camera valid, updating camera
[DIAG] _physics_process: camera moved from (793.0405, 1905.516, -61.89028) to (792.7211, 1905.516, -59.51163)
[DIAG] _physics_process: IN_PLANE returning
[DIAG] _poll_controls: ENTER, state=0
[VERBATIM] POLL: _poll_controls() entered, game_state=0
[DIAG] _poll_controls: EXIT (IN_PLANE branch)
[AUDIT] poll_forensic_hud: ENTER
[DIAG] _physics_process: ENTER, state=0
[DIAG] _physics_process: IN_PLANE branch entered
[DIAG] _physics_process: plane position updated to (792.3945, 1853.8, 110.0499)
[DIAG] _physics_process: checking camera follow
[DIAG] _physics_process: plane and camera valid, updating camera
[DIAG] _physics_process: camera moved from (792.7211, 1905.516, -59.51163) to (792.3945, 1905.516, -57.13396)
[DIAG] _physics_process: IN_PLANE returning
[AUDIT] poll_forensic_hud: ENTER
[DIAG] _physics_process: ENTER, state=0
[DIAG] _physics_process: IN_PLANE branch entered
[DIAG] _physics_process: plane position updated to (792.0608, 1853.8, 112.4266)
[DIAG] _physics_process: checking camera follow
[DIAG] _physics_process: plane and camera valid, updating camera
[DIAG] _physics_process: camera moved from (792.3945, 1905.516, -57.13396) to (792.0608, 1905.516, -54.75728)
[DIAG] _physics_process: IN_PLANE returning
[DIAG] _poll_controls: ENTER, state=0
[VERBATIM] POLL: _poll_controls() entered, game_state=0
[DIAG] _poll_controls: EXIT (IN_PLANE branch)
[AUDIT] poll_forensic_hud: ENTER
[DIAG] _physics_process: ENTER, state=0
[DIAG] _physics_process: IN_PLANE branch entered
[DIAG] _physics_process: plane position updated to (791.7199, 1853.8, 114.8023)
[DIAG] _physics_process: checking camera follow
[DIAG] _physics_process: plane and camera valid, updating camera
[DIAG] _physics_process: camera moved from (792.0608, 1905.516, -54.75728) to (791.7199, 1905.516, -52.3816)
[DIAG] _physics_process: IN_PLANE returning
[DIAG] _poll_controls: ENTER, state=0
[VERBATIM] POLL: _poll_controls() entered, game_state=0
[DIAG] _poll_controls: EXIT (IN_PLANE branch)
[AUDIT] poll_forensic_hud: ENTER
[DIAG] _physics_process: ENTER, state=0
[DIAG] _physics_process: IN_PLANE branch entered
[DIAG] _physics_process: plane position updated to (791.3719, 1853.8, 117.1769)
[DIAG] _physics_process: checking camera follow
[DIAG] _physics_process: plane and camera valid, updating camera
[DIAG] _physics_process: camera moved from (791.7199, 1905.516, -52.3816) to (791.3719, 1905.516, -50.00697)
[DIAG] _physics_process: IN_PLANE returning
[DIAG] _poll_controls: ENTER, state=0
[VERBATIM] POLL: _poll_controls() entered, game_state=0
[DIAG] _poll_controls: EXIT (IN_PLANE branch)
[AUDIT] poll_forensic_hud: ENTER
[DIAG] _physics_process: ENTER, state=0
[DIAG] _physics_process: IN_PLANE branch entered
[DIAG] _physics_process: plane position updated to (791.0168, 1853.8, 119.5505)
[DIAG] _physics_process: checking camera follow
[DIAG] _physics_process: plane and camera valid, updating camera
[DIAG] _physics_process: camera moved from (791.3719, 1905.516, -50.00697) to (791.0168, 1905.516, -47.63338)
[DIAG] _physics_process: IN_PLANE returning
[AUDIT] poll_forensic_hud: ENTER
[DIAG] _physics_process: ENTER, state=0
[DIAG] _physics_process: IN_PLANE branch entered
[DIAG] _physics_process: plane position updated to (790.6547, 1853.8, 121.923)
[DIAG] _physics_process: checking camera follow
[DIAG] _physics_process: plane and camera valid, updating camera
[DIAG] _physics_process: camera moved from (791.0168, 1905.516, -47.63338) to (790.6547, 1905.516, -45.26087)
[DIAG] _physics_process: IN_PLANE returning
[DIAG] _poll_controls: ENTER, state=0
[VERBATIM] POLL: _poll_controls() entered, game_state=0
[DIAG] _poll_controls: EXIT (IN_PLANE branch)
[AUDIT] poll_forensic_hud: ENTER
[DIAG] _physics_process: ENTER, state=0
[DIAG] _physics_process: IN_PLANE branch entered
[DIAG] _physics_process: plane position updated to (790.2853, 1853.8, 124.2944)
[DIAG] _physics_process: checking camera follow
[DIAG] _physics_process: plane and camera valid, updating camera
[DIAG] _physics_process: camera moved from (790.6547, 1905.516, -45.26087) to (790.2853, 1905.516, -42.88946)
[DIAG] _physics_process: IN_PLANE returning
[DIAG] _poll_controls: ENTER, state=0
[VERBATIM] POLL: _poll_controls() entered, game_state=0
[DIAG] _poll_controls: EXIT (IN_PLANE branch)
[AUDIT] poll_forensic_hud: ENTER
[DIAG] _physics_process: ENTER, state=0
[DIAG] _physics_process: IN_PLANE branch entered
[DIAG] _physics_process: plane position updated to (789.9089, 1853.8, 126.6647)
[DIAG] _physics_process: checking camera follow
[DIAG] _physics_process: plane and camera valid, updating camera
[DIAG] _physics_process: camera moved from (790.2853, 1905.516, -42.88946) to (789.9089, 1905.516, -40.51917)
[DIAG] _physics_process: IN_PLANE returning
[AUDIT] poll_forensic_hud: ENTER
[DIAG] _physics_process: ENTER, state=0
[DIAG] _physics_process: IN_PLANE branch entered
[DIAG] _physics_process: plane position updated to (789.5253, 1853.8, 129.0339)
[DIAG] _physics_process: checking camera follow
[DIAG] _physics_process: plane and camera valid, updating camera
[DIAG] _physics_process: camera moved from (789.9089, 1905.516, -40.51917) to (789.5253, 1905.516, -38.15001)
[DIAG] _physics_process: IN_PLANE returning
[DIAG] _poll_controls: ENTER, state=0
[VERBATIM] POLL: _poll_controls() entered, game_state=0
[DIAG] _poll_controls: EXIT (IN_PLANE branch)
[AUDIT] poll_forensic_hud: ENTER
[DIAG] _physics_process: ENTER, state=0
[DIAG] _physics_process: IN_PLANE branch entered
[DIAG] _physics_process: plane position updated to (789.1347, 1853.8, 131.4019)
[DIAG] _physics_process: checking camera follow
[DIAG] _physics_process: plane and camera valid, updating camera
[DIAG] _physics_process: camera moved from (789.5253, 1905.516, -38.15001) to (789.1347, 1905.516, -35.78201)
[DIAG] _physics_process: IN_PLANE returning
[DIAG] _poll_controls: ENTER, state=0
[VERBATIM] POLL: _poll_controls() entered, game_state=0
[DIAG] _poll_controls: EXIT (IN_PLANE branch)
[AUDIT] poll_forensic_hud: ENTER
[DIAG] _physics_process: ENTER, state=0
[DIAG] _physics_process: IN_PLANE branch entered
[DIAG] _physics_process: plane position updated to (788.7369, 1853.8, 133.7687)
[DIAG] _physics_process: checking camera follow
[DIAG] _physics_process: plane and camera valid, updating camera
[DIAG] _physics_process: camera moved from (789.1347, 1905.516, -35.78201) to (788.7369, 1905.516, -33.41521)
[DIAG] _physics_process: IN_PLANE returning
[DIAG] _poll_controls: ENTER, state=0
[VERBATIM] POLL: _poll_controls() entered, game_state=0
[DIAG] _poll_controls: EXIT (IN_PLANE branch)
[AUDIT] poll_forensic_hud: ENTER
[DIAG] _physics_process: ENTER, state=0
[DIAG] _physics_process: IN_PLANE branch entered
[DIAG] _physics_process: plane position updated to (788.3321, 1853.8, 136.1343)
[DIAG] _physics_process: checking camera follow
[DIAG] _physics_process: plane and camera valid, updating camera
[DIAG] _physics_process: camera moved from (788.7369, 1905.516, -33.41521) to (788.3321, 1905.516, -31.04961)
[DIAG] _physics_process: IN_PLANE returning
[AUDIT] poll_forensic_hud: ENTER
[DIAG] _physics_process: ENTER, state=0
[DIAG] _physics_process: IN_PLANE branch entered
[DIAG] _physics_process: plane position updated to (787.9201, 1853.8, 138.4987)
[DIAG] _physics_process: checking camera follow
[DIAG] _physics_process: plane and camera valid, updating camera
[DIAG] _physics_process: camera moved from (788.3321, 1905.516, -31.04961) to (787.9201, 1905.516, -28.68523)
[DIAG] _physics_process: IN_PLANE returning
[DIAG] _poll_controls: ENTER, state=0
[VERBATIM] POLL: _poll_controls() entered, game_state=0
[DIAG] _poll_controls: EXIT (IN_PLANE branch)
[AUDIT] poll_forensic_hud: ENTER
[DIAG] _physics_process: ENTER, state=0
[DIAG] _physics_process: IN_PLANE branch entered
[DIAG] _physics_process: plane position updated to (787.5011, 1853.8, 140.8618)
[DIAG] _physics_process: checking camera follow
[DIAG] _physics_process: plane and camera valid, updating camera
[DIAG] _physics_process: camera moved from (787.9201, 1905.516, -28.68523) to (787.5011, 1905.516, -26.3221)
[DIAG] _physics_process: IN_PLANE returning
[DIAG] _poll_controls: ENTER, state=0
[VERBATIM] POLL: _poll_controls() entered, game_state=0
[DIAG] _poll_controls: EXIT (IN_PLANE branch)
[AUDIT] poll_forensic_hud: ENTER
[DIAG] _physics_process: ENTER, state=0
[DIAG] _physics_process: IN_PLANE branch entered
[DIAG] _physics_process: plane position updated to (787.075, 1853.8, 143.2237)
[DIAG] _physics_process: checking camera follow
[DIAG] _physics_process: plane and camera valid, updating camera
[DIAG] _physics_process: camera moved from (787.5011, 1905.516, -26.3221) to (787.075, 1905.516, -23.96022)
[DIAG] _physics_process: IN_PLANE returning
[DIAG] _poll_controls: ENTER, state=0
[VERBATIM] POLL: _poll_controls() entered, game_state=0
[DIAG] _poll_controls: EXIT (IN_PLANE branch)
[VERBATIM] Wind updated: 12.5 kts @ 240.0°
[AUDIT] poll_forensic_hud: ENTER
[DIAG] _physics_process: ENTER, state=0
[DIAG] _physics_process: IN_PLANE branch entered
[DIAG] _physics_process: plane position updated to (786.6417, 1853.8, 145.5842)
[DIAG] _physics_process: checking camera follow
[DIAG] _physics_process: plane and camera valid, updating camera
[DIAG] _physics_process: camera moved from (787.075, 1905.516, -23.96022) to (786.6417, 1905.516, -21.59966)
[DIAG] _physics_process: IN_PLANE returning
[AUDIT] poll_forensic_hud: ENTER
[DIAG] _physics_process: ENTER, state=0
[DIAG] _physics_process: IN_PLANE branch entered
[DIAG] _physics_process: plane position updated to (786.2015, 1853.8, 147.9435)
[DIAG] _physics_process: checking camera follow
[DIAG] _physics_process: plane and camera valid, updating camera
[DIAG] _physics_process: camera moved from (786.6417, 1905.516, -21.59966) to (786.2015, 1905.516, -19.24039)
[DIAG] _physics_process: IN_PLANE returning
[DIAG] _poll_controls: ENTER, state=0
[VERBATIM] POLL: _poll_controls() entered, game_state=0
[DIAG] _poll_controls: EXIT (IN_PLANE branch)
[AUDIT] poll_forensic_hud: ENTER
[DIAG] _physics_process: ENTER, state=0
[DIAG] _physics_process: IN_PLANE branch entered
[DIAG] _physics_process: plane position updated to (785.7541, 1853.8, 150.3014)
[DIAG] _physics_process: checking camera follow
[DIAG] _physics_process: plane and camera valid, updating camera
[DIAG] _physics_process: camera moved from (786.2015, 1905.516, -19.24039) to (785.7541, 1905.516, -16.88245)
[DIAG] _physics_process: IN_PLANE returning
[DIAG] _poll_controls: ENTER, state=0
[VERBATIM] POLL: _poll_controls() entered, game_state=0
[DIAG] _poll_controls: EXIT (IN_PLANE branch)
[AUDIT] poll_forensic_hud: ENTER
[DIAG] _physics_process: ENTER, state=0
[DIAG] _physics_process: IN_PLANE branch entered
[DIAG] _physics_process: plane position updated to (785.2996, 1853.8, 152.658)
[DIAG] _physics_process: checking camera follow
[DIAG] _physics_process: plane and camera valid, updating camera
[DIAG] _physics_process: camera moved from (785.7541, 1905.516, -16.88245) to (785.2996, 1905.516, -14.52586)
[DIAG] _physics_process: IN_PLANE returning
[DIAG] _poll_controls: ENTER, state=0
[VERBATIM] POLL: _poll_controls() entered, game_state=0
[DIAG] _poll_controls: EXIT (IN_PLANE branch)
[AUDIT] poll_forensic_hud: ENTER
[DIAG] _physics_process: ENTER, state=0
[DIAG] _physics_process: IN_PLANE branch entered
[DIAG] _physics_process: plane position updated to (784.8381, 1853.8, 155.0132)
[DIAG] _physics_process: checking camera follow
[DIAG] _physics_process: plane and camera valid, updating camera
[DIAG] _physics_process: camera moved from (785.2996, 1905.516, -14.52586) to (784.8381, 1905.516, -12.17065)
[DIAG] _physics_process: IN_PLANE returning
[AUDIT] poll_forensic_hud: ENTER
[DIAG] _physics_process: ENTER, state=0
[DIAG] _physics_process: IN_PLANE branch entered
[DIAG] _physics_process: plane position updated to (784.3696, 1853.8, 157.367)
[DIAG] _physics_process: checking camera follow
[DIAG] _physics_process: plane and camera valid, updating camera
[DIAG] _physics_process: camera moved from (784.8381, 1905.516, -12.17065) to (784.3696, 1905.516, -9.816849)
[DIAG] _physics_process: IN_PLANE returning
[DIAG] _poll_controls: ENTER, state=0
[VERBATIM] POLL: _poll_controls() entered, game_state=0
[DIAG] _poll_controls: EXIT (IN_PLANE branch)
[AUDIT] poll_forensic_hud: ENTER
[DIAG] _physics_process: ENTER, state=0
[DIAG] _physics_process: IN_PLANE branch entered
[DIAG] _physics_process: plane position updated to (783.8939, 1853.8, 159.7194)
[DIAG] _physics_process: checking camera follow
[DIAG] _physics_process: plane and camera valid, updating camera
[DIAG] _physics_process: camera moved from (784.3696, 1905.516, -9.816849) to (783.8939, 1905.516, -7.464447)
[DIAG] _physics_process: IN_PLANE returning
[DIAG] _poll_controls: ENTER, state=0
[VERBATIM] POLL: _poll_controls() entered, game_state=0
[DIAG] _poll_controls: EXIT (IN_PLANE branch)
[AUDIT] poll_forensic_hud: ENTER
[DIAG] _physics_process: ENTER, state=0
[DIAG] _physics_process: IN_PLANE branch entered
[DIAG] _physics_process: plane position updated to (783.4113, 1853.8, 162.0704)
[DIAG] _physics_process: checking camera follow
[DIAG] _physics_process: plane and camera valid, updating camera
[DIAG] _physics_process: camera moved from (783.8939, 1905.516, -7.464447) to (783.4113, 1905.516, -5.11348)
[DIAG] _physics_process: IN_PLANE returning
[AUDIT] poll_forensic_hud: ENTER
[DIAG] _physics_process: ENTER, state=0
[DIAG] _physics_process: IN_PLANE branch entered
[DIAG] _physics_process: plane position updated to (782.9215, 1853.8, 164.4199)
[DIAG] _physics_process: checking camera follow
[DIAG] _physics_process: plane and camera valid, updating camera
[DIAG] _physics_process: camera moved from (783.4113, 1905.516, -5.11348) to (782.9215, 1905.516, -2.763992)
[DIAG] _physics_process: IN_PLANE returning
[DIAG] _poll_controls: ENTER, state=0
[VERBATIM] POLL: _poll_controls() entered, game_state=0
[DIAG] _poll_controls: EXIT (IN_PLANE branch)
[AUDIT] poll_forensic_hud: ENTER
[DIAG] _physics_process: ENTER, state=0
[DIAG] _physics_process: IN_PLANE branch entered
[DIAG] _physics_process: plane position updated to (782.4247, 1853.8, 166.7679)
[DIAG] _physics_process: checking camera follow
[DIAG] _physics_process: plane and camera valid, updating camera
[DIAG] _physics_process: camera moved from (782.9215, 1905.516, -2.763992) to (782.4247, 1905.516, -0.41597)
[DIAG] _physics_process: IN_PLANE returning
[DIAG] _poll_controls: ENTER, state=0
[VERBATIM] POLL: _poll_controls() entered, game_state=0
[DIAG] _poll_controls: EXIT (IN_PLANE branch)
[AUDIT] poll_forensic_hud: ENTER
[DIAG] _physics_process: ENTER, state=0
[DIAG] _physics_process: IN_PLANE branch entered
[DIAG] _physics_process: plane position updated to (781.9209, 1853.8, 169.1144)
[DIAG] _physics_process: checking camera follow
[DIAG] _physics_process: plane and camera valid, updating camera
[DIAG] _physics_process: camera moved from (782.4247, 1905.516, -0.41597) to (781.9209, 1905.516, 1.930557)
[DIAG] _physics_process: IN_PLANE returning
[DIAG] _poll_controls: ENTER, state=0
[VERBATIM] POLL: _poll_controls() entered, game_state=0
[DIAG] _poll_controls: EXIT (IN_PLANE branch)
[AUDIT] poll_forensic_hud: ENTER
[DIAG] _physics_process: ENTER, state=0
[DIAG] _physics_process: IN_PLANE branch entered
[DIAG] _physics_process: plane position updated to (781.41, 1853.8, 171.4594)
[DIAG] _physics_process: checking camera follow
[DIAG] _physics_process: plane and camera valid, updating camera
[DIAG] _physics_process: camera moved from (781.9209, 1905.516, 1.930557) to (781.41, 1905.516, 4.275558)
[DIAG] _physics_process: IN_PLANE returning
[AUDIT] poll_forensic_hud: ENTER
[DIAG] _physics_process: ENTER, state=0
[DIAG] _physics_process: IN_PLANE branch entered
[DIAG] _physics_process: plane position updated to (780.8922, 1853.8, 173.8029)
[DIAG] _physics_process: checking camera follow
[DIAG] _physics_process: plane and camera valid, updating camera
[DIAG] _physics_process: camera moved from (781.41, 1905.516, 4.275558) to (780.8922, 1905.516, 6.619003)
[DIAG] _physics_process: IN_PLANE returning
[DIAG] _poll_controls: ENTER, state=0
[VERBATIM] POLL: _poll_controls() entered, game_state=0
[DIAG] _poll_controls: EXIT (IN_PLANE branch)
[AUDIT] poll_forensic_hud: ENTER
[DIAG] _physics_process: ENTER, state=0
[DIAG] _physics_process: IN_PLANE branch entered
[DIAG] _physics_process: plane position updated to (780.3672, 1853.8, 176.1448)
[DIAG] _physics_process: checking camera follow
[DIAG] _physics_process: plane and camera valid, updating camera
[DIAG] _physics_process: camera moved from (780.8922, 1905.516, 6.619003) to (780.3672, 1905.516, 8.960907)
[DIAG] _physics_process: IN_PLANE returning
[DIAG] _poll_controls: ENTER, state=0
[VERBATIM] POLL: _poll_controls() entered, game_state=0
[DIAG] _poll_controls: EXIT (IN_PLANE branch)
[AUDIT] poll_forensic_hud: ENTER
[DIAG] _physics_process: ENTER, state=0
[DIAG] _physics_process: IN_PLANE branch entered
[DIAG] _physics_process: plane position updated to (779.8353, 1853.8, 178.4851)
[DIAG] _physics_process: checking camera follow
[DIAG] _physics_process: plane and camera valid, updating camera
[DIAG] _physics_process: camera moved from (780.3672, 1905.516, 8.960907) to (779.8353, 1905.516, 11.30121)
[DIAG] _physics_process: IN_PLANE returning
[DIAG] _poll_controls: ENTER, state=0
[VERBATIM] POLL: _poll_controls() entered, game_state=0
[DIAG] _poll_controls: EXIT (IN_PLANE branch)
[AUDIT] poll_forensic_hud: ENTER
[DIAG] _physics_process: ENTER, state=0
[DIAG] _physics_process: IN_PLANE branch entered
[DIAG] _physics_process: plane position updated to (779.2963, 1853.8, 180.8238)
[DIAG] _physics_process: checking camera follow
[DIAG] _physics_process: plane and camera valid, updating camera
[DIAG] _physics_process: camera moved from (779.8353, 1905.516, 11.30121) to (779.2963, 1905.516, 13.63991)
[DIAG] _physics_process: IN_PLANE returning
[AUDIT] poll_forensic_hud: ENTER
[DIAG] _physics_process: ENTER, state=0
[DIAG] _physics_process: IN_PLANE branch entered
[DIAG] _physics_process: plane position updated to (778.7504, 1853.8, 183.1609)
[DIAG] _physics_process: checking camera follow
[DIAG] _physics_process: plane and camera valid, updating camera
[DIAG] _physics_process: camera moved from (779.2963, 1905.516, 13.63991) to (778.7504, 1905.516, 15.97697)
[DIAG] _physics_process: IN_PLANE returning
[DIAG] _poll_controls: ENTER, state=0
[VERBATIM] POLL: _poll_controls() entered, game_state=0
[DIAG] _poll_controls: EXIT (IN_PLANE branch)
[AUDIT] poll_forensic_hud: ENTER
[DIAG] _physics_process: ENTER, state=0
[DIAG] _physics_process: IN_PLANE branch entered
[DIAG] _physics_process: plane position updated to (778.1974, 1853.8, 185.4963)
[DIAG] _physics_process: checking camera follow
[DIAG] _physics_process: plane and camera valid, updating camera
[DIAG] _physics_process: camera moved from (778.7504, 1905.516, 15.97697) to (778.1974, 1905.516, 18.31239)
[DIAG] _physics_process: IN_PLANE returning
[DIAG] _poll_controls: ENTER, state=0
[VERBATIM] POLL: _poll_controls() entered, game_state=0
[DIAG] _poll_controls: EXIT (IN_PLANE branch)
[AUDIT] poll_forensic_hud: ENTER
[DIAG] _physics_process: ENTER, state=0
[DIAG] _physics_process: IN_PLANE branch entered
[DIAG] _physics_process: plane position updated to (777.6374, 1853.8, 187.83)
[DIAG] _physics_process: checking camera follow
[DIAG] _physics_process: plane and camera valid, updating camera
[DIAG] _physics_process: camera moved from (778.1974, 1905.516, 18.31239) to (777.6374, 1905.516, 20.64615)
[DIAG] _physics_process: IN_PLANE returning
[DIAG] _poll_controls: ENTER, state=0
[VERBATIM] POLL: _poll_controls() entered, game_state=0
[DIAG] _poll_controls: EXIT (IN_PLANE branch)
[AUDIT] poll_forensic_hud: ENTER
[DIAG] _physics_process: ENTER, state=0
[DIAG] _physics_process: IN_PLANE branch entered
[DIAG] _physics_process: plane position updated to (777.0704, 1853.8, 190.1621)
[DIAG] _physics_process: checking camera follow
[DIAG] _physics_process: plane and camera valid, updating camera
[DIAG] _physics_process: camera moved from (777.6374, 1905.516, 20.64615) to (777.0704, 1905.516, 22.97821)
[DIAG] _physics_process: IN_PLANE returning
[AUDIT] poll_forensic_hud: ENTER
[DIAG] _physics_process: ENTER, state=0
[DIAG] _physics_process: IN_PLANE branch entered
[DIAG] _physics_process: plane position updated to (776.4964, 1853.8, 192.4924)
[DIAG] _physics_process: checking camera follow
[DIAG] _physics_process: plane and camera valid, updating camera
[DIAG] _physics_process: camera moved from (777.0704, 1905.516, 22.97821) to (776.4964, 1905.516, 25.30856)
[DIAG] _physics_process: IN_PLANE returning
[DIAG] _poll_controls: ENTER, state=0
[VERBATIM] POLL: _poll_controls() entered, game_state=0
[DIAG] _poll_controls: EXIT (IN_PLANE branch)
[AUDIT] poll_forensic_hud: ENTER
[DIAG] _physics_process: ENTER, state=0
[DIAG] _physics_process: IN_PLANE branch entered
[DIAG] _physics_process: plane position updated to (775.9154, 1853.8, 194.8211)
[DIAG] _physics_process: checking camera follow
[DIAG] _physics_process: plane and camera valid, updating camera
[DIAG] _physics_process: camera moved from (776.4964, 1905.516, 25.30856) to (775.9154, 1905.516, 27.63719)
[DIAG] _physics_process: IN_PLANE returning
[DIAG] _poll_controls: ENTER, state=0
[VERBATIM] POLL: _poll_controls() entered, game_state=0
[DIAG] _poll_controls: EXIT (IN_PLANE branch)
[AUDIT] poll_forensic_hud: ENTER
[DIAG] _physics_process: ENTER, state=0
[DIAG] _physics_process: IN_PLANE branch entered
[DIAG] _physics_process: plane position updated to (775.3275, 1853.8, 197.1479)
[DIAG] _physics_process: checking camera follow
[DIAG] _physics_process: plane and camera valid, updating camera
[DIAG] _physics_process: camera moved from (775.9154, 1905.516, 27.63719) to (775.3275, 1905.516, 29.96405)
[DIAG] _physics_process: IN_PLANE returning
[AUDIT] poll_forensic_hud: ENTER
[DIAG] _physics_process: ENTER, state=0
[DIAG] _physics_process: IN_PLANE branch entered
[DIAG] _physics_process: plane position updated to (774.7325, 1853.8, 199.473)
[DIAG] _physics_process: checking camera follow
[DIAG] _physics_process: plane and camera valid, updating camera
[DIAG] _physics_process: camera moved from (775.3275, 1905.516, 29.96405) to (774.7325, 1905.516, 32.28915)
[DIAG] _physics_process: IN_PLANE returning
[DIAG] _poll_controls: ENTER, state=0
[VERBATIM] POLL: _poll_controls() entered, game_state=0
[DIAG] _poll_controls: EXIT (IN_PLANE branch)
[AUDIT] poll_forensic_hud: ENTER
[DIAG] _physics_process: ENTER, state=0
[DIAG] _physics_process: IN_PLANE branch entered
[DIAG] _physics_process: plane position updated to (774.1306, 1853.8, 201.7963)
[DIAG] _physics_process: checking camera follow
[DIAG] _physics_process: plane and camera valid, updating camera
[DIAG] _physics_process: camera moved from (774.7325, 1905.516, 32.28915) to (774.1306, 1905.516, 34.61244)
[DIAG] _physics_process: IN_PLANE returning
[DIAG] _poll_controls: ENTER, state=0
[VERBATIM] POLL: _poll_controls() entered, game_state=0
[DIAG] _poll_controls: EXIT (IN_PLANE branch)
[AUDIT] poll_forensic_hud: ENTER
[DIAG] _physics_process: ENTER, state=0
[DIAG] _physics_process: IN_PLANE branch entered
[DIAG] _physics_process: plane position updated to (773.5218, 1853.8, 204.1178)
[DIAG] _physics_process: checking camera follow
[DIAG] _physics_process: plane and camera valid, updating camera
[DIAG] _physics_process: camera moved from (774.1306, 1905.516, 34.61244) to (773.5218, 1905.516, 36.93393)
[DIAG] _physics_process: IN_PLANE returning
[DIAG] _poll_controls: ENTER, state=0
[VERBATIM] POLL: _poll_controls() entered, game_state=0
[DIAG] _poll_controls: EXIT (IN_PLANE branch)
[AUDIT] poll_forensic_hud: ENTER
[DIAG] _physics_process: ENTER, state=0
[DIAG] _physics_process: IN_PLANE branch entered
[DIAG] _physics_process: plane position updated to (772.9059, 1853.8, 206.4375)
[DIAG] _physics_process: checking camera follow
[DIAG] _physics_process: plane and camera valid, updating camera
[DIAG] _physics_process: camera moved from (773.5218, 1905.516, 36.93393) to (772.9059, 1905.516, 39.25357)
[DIAG] _physics_process: IN_PLANE returning
[AUDIT] poll_forensic_hud: ENTER
[DIAG] _physics_process: ENTER, state=0
[DIAG] _physics_process: IN_PLANE branch entered
[DIAG] _physics_process: plane position updated to (772.2831, 1853.8, 208.7552)
[DIAG] _physics_process: checking camera follow
[DIAG] _physics_process: plane and camera valid, updating camera
[DIAG] _physics_process: camera moved from (772.9059, 1905.516, 39.25357) to (772.2831, 1905.516, 41.57135)
[DIAG] _physics_process: IN_PLANE returning
[DIAG] _poll_controls: ENTER, state=0
[VERBATIM] POLL: _poll_controls() entered, game_state=0
[DIAG] _poll_controls: EXIT (IN_PLANE branch)
[AUDIT] poll_forensic_hud: ENTER
[DIAG] _physics_process: ENTER, state=0
[DIAG] _physics_process: IN_PLANE branch entered
[DIAG] _physics_process: plane position updated to (771.6534, 1853.8, 211.0711)
[DIAG] _physics_process: checking camera follow
[DIAG] _physics_process: plane and camera valid, updating camera
[DIAG] _physics_process: camera moved from (772.2831, 1905.516, 41.57135) to (771.6534, 1905.516, 43.88725)
[DIAG] _physics_process: IN_PLANE returning
[DIAG] _poll_controls: ENTER, state=0
[VERBATIM] POLL: _poll_controls() entered, game_state=0
[DIAG] _poll_controls: EXIT (IN_PLANE branch)
[AUDIT] poll_forensic_hud: ENTER
[DIAG] _physics_process: ENTER, state=0
[DIAG] _physics_process: IN_PLANE branch entered
[DIAG] _physics_process: plane position updated to (771.0167, 1853.8, 213.3851)
[DIAG] _physics_process: checking camera follow
[DIAG] _physics_process: plane and camera valid, updating camera
[DIAG] _physics_process: camera moved from (771.6534, 1905.516, 43.88725) to (771.0167, 1905.516, 46.20126)
[DIAG] _physics_process: IN_PLANE returning
[DIAG] _poll_controls: ENTER, state=0
[VERBATIM] POLL: _poll_controls() entered, game_state=0
[DIAG] _poll_controls: EXIT (IN_PLANE branch)
[AUDIT] poll_forensic_hud: ENTER
[DIAG] _physics_process: ENTER, state=0
[DIAG] _physics_process: IN_PLANE branch entered
[DIAG] _physics_process: plane position updated to (770.3731, 1853.8, 215.6972)
[DIAG] _physics_process: checking camera follow
[DIAG] _physics_process: plane and camera valid, updating camera
[DIAG] _physics_process: camera moved from (771.0167, 1905.516, 46.20126) to (770.3731, 1905.516, 48.51335)
[DIAG] _physics_process: IN_PLANE returning
[AUDIT] poll_forensic_hud: ENTER
[DIAG] _physics_process: ENTER, state=0
[DIAG] _physics_process: IN_PLANE branch entered
[DIAG] _physics_process: plane position updated to (769.7225, 1853.8, 218.0074)
[DIAG] _physics_process: checking camera follow
[DIAG] _physics_process: plane and camera valid, updating camera
[DIAG] _physics_process: camera moved from (770.3731, 1905.516, 48.51335) to (769.7225, 1905.516, 50.8235)
[DIAG] _physics_process: IN_PLANE returning
[DIAG] _poll_controls: ENTER, state=0
[VERBATIM] POLL: _poll_controls() entered, game_state=0
[DIAG] _poll_controls: EXIT (IN_PLANE branch)
[AUDIT] poll_forensic_hud: ENTER
[DIAG] _physics_process: ENTER, state=0
[DIAG] _physics_process: IN_PLANE branch entered
[DIAG] _physics_process: plane position updated to (769.0651, 1853.8, 220.3156)
[DIAG] _physics_process: checking camera follow
[DIAG] _physics_process: plane and camera valid, updating camera
[DIAG] _physics_process: camera moved from (769.7225, 1905.516, 50.8235) to (769.0651, 1905.516, 53.13168)
[DIAG] _physics_process: IN_PLANE returning
[DIAG] _poll_controls: ENTER, state=0
[VERBATIM] POLL: _poll_controls() entered, game_state=0
[DIAG] _poll_controls: EXIT (IN_PLANE branch)
[AUDIT] poll_forensic_hud: ENTER
[DIAG] _physics_process: ENTER, state=0
[DIAG] _physics_process: IN_PLANE branch entered
[DIAG] _physics_process: plane position updated to (768.4006, 1853.8, 222.6218)
[DIAG] _physics_process: checking camera follow
[DIAG] _physics_process: plane and camera valid, updating camera
[DIAG] _physics_process: camera moved from (769.0651, 1905.516, 53.13168) to (768.4006, 1905.516, 55.43788)
[DIAG] _physics_process: IN_PLANE returning
[DIAG] _poll_controls: ENTER, state=0
[VERBATIM] POLL: _poll_controls() entered, game_state=0
[DIAG] _poll_controls: EXIT (IN_PLANE branch)
[AUDIT] poll_forensic_hud: ENTER
[DIAG] _physics_process: ENTER, state=0
[DIAG] _physics_process: IN_PLANE branch entered
[DIAG] _physics_process: plane position updated to (767.7293, 1853.8, 224.926)
[DIAG] _physics_process: checking camera follow
[DIAG] _physics_process: plane and camera valid, updating camera
[DIAG] _physics_process: camera moved from (768.4006, 1905.516, 55.43788) to (767.7293, 1905.516, 57.74208)
[DIAG] _physics_process: IN_PLANE returning
[AUDIT] poll_forensic_hud: ENTER
[DIAG] _physics_process: ENTER, state=0
[DIAG] _physics_process: IN_PLANE branch entered
[DIAG] _physics_process: plane position updated to (767.0511, 1853.8, 227.2281)
[DIAG] _physics_process: checking camera follow
[DIAG] _physics_process: plane and camera valid, updating camera
[DIAG] _physics_process: camera moved from (767.7293, 1905.516, 57.74208) to (767.0511, 1905.516, 60.04425)
[DIAG] _physics_process: IN_PLANE returning
[DIAG] _poll_controls: ENTER, state=0
[VERBATIM] POLL: _poll_controls() entered, game_state=0
[DIAG] _poll_controls: EXIT (IN_PLANE branch)
[AUDIT] poll_forensic_hud: ENTER
[DIAG] _physics_process: ENTER, state=0
[DIAG] _physics_process: IN_PLANE branch entered
[DIAG] _physics_process: plane position updated to (766.366, 1853.8, 229.5283)
[DIAG] _physics_process: checking camera follow
[DIAG] _physics_process: plane and camera valid, updating camera
[DIAG] _physics_process: camera moved from (767.0511, 1905.516, 60.04425) to (766.366, 1905.516, 62.34438)
[DIAG] _physics_process: IN_PLANE returning
[DIAG] _poll_controls: ENTER, state=0
[VERBATIM] POLL: _poll_controls() entered, game_state=0
[DIAG] _poll_controls: EXIT (IN_PLANE branch)
[AUDIT] poll_forensic_hud: ENTER
[DIAG] _physics_process: ENTER, state=0
[DIAG] _physics_process: IN_PLANE branch entered
[DIAG] _physics_process: plane position updated to (765.674, 1853.8, 231.8263)
[DIAG] _physics_process: checking camera follow
[DIAG] _physics_process: plane and camera valid, updating camera
[DIAG] _physics_process: camera moved from (766.366, 1905.516, 62.34438) to (765.674, 1905.516, 64.64244)
[DIAG] _physics_process: IN_PLANE returning
[AUDIT] poll_forensic_hud: ENTER
[DIAG] _physics_process: ENTER, state=0
[DIAG] _physics_process: IN_PLANE branch entered
[DIAG] _physics_process: plane position updated to (764.975, 1853.8, 234.1223)
[DIAG] _physics_process: checking camera follow
[DIAG] _physics_process: plane and camera valid, updating camera
[DIAG] _physics_process: camera moved from (765.674, 1905.516, 64.64244) to (764.975, 1905.516, 66.93842)
[DIAG] _physics_process: IN_PLANE returning
[DIAG] _poll_controls: ENTER, state=0
[VERBATIM] POLL: _poll_controls() entered, game_state=0
[DIAG] _poll_controls: EXIT (IN_PLANE branch)
[AUDIT] poll_forensic_hud: ENTER
[DIAG] _physics_process: ENTER, state=0
[DIAG] _physics_process: IN_PLANE branch entered
[DIAG] _physics_process: plane position updated to (764.2692, 1853.8, 236.4162)
[DIAG] _physics_process: checking camera follow
[DIAG] _physics_process: plane and camera valid, updating camera
[DIAG] _physics_process: camera moved from (764.975, 1905.516, 66.93842) to (764.2692, 1905.516, 69.23228)
[DIAG] _physics_process: IN_PLANE returning
[DIAG] _poll_controls: ENTER, state=0
[VERBATIM] POLL: _poll_controls() entered, game_state=0
[DIAG] _poll_controls: EXIT (IN_PLANE branch)
[AUDIT] poll_forensic_hud: ENTER
[DIAG] _physics_process: ENTER, state=0
[DIAG] _physics_process: IN_PLANE branch entered
[DIAG] _physics_process: plane position updated to (763.5565, 1853.8, 238.7079)
[DIAG] _physics_process: checking camera follow
[DIAG] _physics_process: plane and camera valid, updating camera
[DIAG] _physics_process: camera moved from (764.2692, 1905.516, 69.23228) to (763.5565, 1905.516, 71.52402)
[DIAG] _physics_process: IN_PLANE returning
[DIAG] _poll_controls: ENTER, state=0
[VERBATIM] POLL: _poll_controls() entered, game_state=0
[DIAG] _poll_controls: EXIT (IN_PLANE branch)
[AUDIT] poll_forensic_hud: ENTER
[DIAG] _physics_process: ENTER, state=0
[DIAG] _physics_process: IN_PLANE branch entered
[DIAG] _physics_process: plane position updated to (762.837, 1853.8, 240.9975)
[DIAG] _physics_process: checking camera follow
[DIAG] _physics_process: plane and camera valid, updating camera
[DIAG] _physics_process: camera moved from (763.5565, 1905.516, 71.52402) to (762.837, 1905.516, 73.81361)
[DIAG] _physics_process: IN_PLANE returning
[AUDIT] poll_forensic_hud: ENTER
[DIAG] _physics_process: ENTER, state=0
[DIAG] _physics_process: IN_PLANE branch entered
[DIAG] _physics_process: plane position updated to (762.1105, 1853.8, 243.2849)
[DIAG] _physics_process: checking camera follow
[DIAG] _physics_process: plane and camera valid, updating camera
[DIAG] _physics_process: camera moved from (762.837, 1905.516, 73.81361) to (762.1105, 1905.516, 76.10104)
[DIAG] _physics_process: IN_PLANE returning
[DIAG] _poll_controls: ENTER, state=0
[VERBATIM] POLL: _poll_controls() entered, game_state=0
[DIAG] _poll_controls: EXIT (IN_PLANE branch)
[AUDIT] poll_forensic_hud: ENTER
[DIAG] _physics_process: ENTER, state=0
[DIAG] _physics_process: IN_PLANE branch entered
[DIAG] _physics_process: plane position updated to (761.3773, 1853.8, 245.5702)
[DIAG] _physics_process: checking camera follow
[DIAG] _physics_process: plane and camera valid, updating camera
[DIAG] _physics_process: camera moved from (762.1105, 1905.516, 76.10104) to (761.3773, 1905.516, 78.38628)
[DIAG] _physics_process: IN_PLANE returning
[DIAG] _poll_controls: ENTER, state=0
[VERBATIM] POLL: _poll_controls() entered, game_state=0
[DIAG] _poll_controls: EXIT (IN_PLANE branch)
[AUDIT] poll_forensic_hud: ENTER
[DIAG] _physics_process: ENTER, state=0
[DIAG] _physics_process: IN_PLANE branch entered
[DIAG] _physics_process: plane position updated to (760.6371, 1853.8, 247.8532)
[DIAG] _physics_process: checking camera follow
[DIAG] _physics_process: plane and camera valid, updating camera
[DIAG] _physics_process: camera moved from (761.3773, 1905.516, 78.38628) to (760.6371, 1905.516, 80.6693)
[DIAG] _physics_process: IN_PLANE returning
[DIAG] _poll_controls: ENTER, state=0
[VERBATIM] POLL: _poll_controls() entered, game_state=0
[DIAG] _poll_controls: EXIT (IN_PLANE branch)
[AUDIT] poll_forensic_hud: ENTER
[DIAG] _physics_process: ENTER, state=0
[DIAG] _physics_process: IN_PLANE branch entered
[DIAG] _physics_process: plane position updated to (759.8901, 1853.8, 250.134)
[DIAG] _physics_process: checking camera follow
[DIAG] _physics_process: plane and camera valid, updating camera
[DIAG] _physics_process: camera moved from (760.6371, 1905.516, 80.6693) to (759.8901, 1905.516, 82.95009)
[DIAG] _physics_process: IN_PLANE returning
[AUDIT] poll_forensic_hud: ENTER
[DIAG] _physics_process: ENTER, state=0
[DIAG] _physics_process: IN_PLANE branch entered
[DIAG] _physics_process: plane position updated to (759.1363, 1853.8, 252.4125)
[DIAG] _physics_process: checking camera follow
[DIAG] _physics_process: plane and camera valid, updating camera
[DIAG] _physics_process: camera moved from (759.8901, 1905.516, 82.95009) to (759.1363, 1905.516, 85.22862)
[DIAG] _physics_process: IN_PLANE returning
[DIAG] _poll_controls: ENTER, state=0
[VERBATIM] POLL: _poll_controls() entered, game_state=0
[DIAG] _poll_controls: EXIT (IN_PLANE branch)
[AUDIT] poll_forensic_hud: ENTER
[DIAG] _physics_process: ENTER, state=0
[DIAG] _physics_process: IN_PLANE branch entered
[DIAG] _physics_process: plane position updated to (758.3757, 1853.8, 254.6888)
[DIAG] _physics_process: checking camera follow
[DIAG] _physics_process: plane and camera valid, updating camera
[DIAG] _physics_process: camera moved from (759.1363, 1905.516, 85.22862) to (758.3757, 1905.516, 87.5049)
[DIAG] _physics_process: IN_PLANE returning
[DIAG] _poll_controls: ENTER, state=0
[VERBATIM] POLL: _poll_controls() entered, game_state=0
[DIAG] _poll_controls: EXIT (IN_PLANE branch)
[AUDIT] poll_forensic_hud: ENTER
[DIAG] _physics_process: ENTER, state=0
[DIAG] _physics_process: IN_PLANE branch entered
[DIAG] _physics_process: plane position updated to (757.6082, 1853.8, 256.9628)
[DIAG] _physics_process: checking camera follow
[DIAG] _physics_process: plane and camera valid, updating camera
[DIAG] _physics_process: camera moved from (758.3757, 1905.516, 87.5049) to (757.6082, 1905.516, 89.77888)
[DIAG] _physics_process: IN_PLANE returning
[DIAG] _poll_controls: ENTER, state=0
[VERBATIM] POLL: _poll_controls() entered, game_state=0
[DIAG] _poll_controls: EXIT (IN_PLANE branch)
[AUDIT] poll_forensic_hud: ENTER
[DIAG] _physics_process: ENTER, state=0
[DIAG] _physics_process: IN_PLANE branch entered
[DIAG] _physics_process: plane position updated to (756.8339, 1853.8, 259.2344)
[DIAG] _physics_process: checking camera follow
[DIAG] _physics_process: plane and camera valid, updating camera
[DIAG] _physics_process: camera moved from (757.6082, 1905.516, 89.77888) to (756.8339, 1905.516, 92.05055)
[DIAG] _physics_process: IN_PLANE returning
[AUDIT] poll_forensic_hud: ENTER
[DIAG] _physics_process: ENTER, state=0
[DIAG] _physics_process: IN_PLANE branch entered
[DIAG] _physics_process: plane position updated to (756.0528, 1853.8, 261.5038)
[DIAG] _physics_process: checking camera follow
[DIAG] _physics_process: plane and camera valid, updating camera
[DIAG] _physics_process: camera moved from (756.8339, 1905.516, 92.05055) to (756.0528, 1905.516, 94.31987)
[DIAG] _physics_process: IN_PLANE returning
[DIAG] _poll_controls: ENTER, state=0
[VERBATIM] POLL: _poll_controls() entered, game_state=0
[DIAG] _poll_controls: EXIT (IN_PLANE branch)
[AUDIT] poll_forensic_hud: ENTER
[DIAG] _physics_process: ENTER, state=0
[DIAG] _physics_process: IN_PLANE branch entered
[DIAG] _physics_process: plane position updated to (755.2648, 1853.8, 263.7707)
[DIAG] _physics_process: checking camera follow
[DIAG] _physics_process: plane and camera valid, updating camera
[DIAG] _physics_process: camera moved from (756.0528, 1905.516, 94.31987) to (755.2648, 1905.516, 96.58684)
[DIAG] _physics_process: IN_PLANE returning
[DIAG] _poll_controls: ENTER, state=0
[VERBATIM] POLL: _poll_controls() entered, game_state=0
[DIAG] _poll_controls: EXIT (IN_PLANE branch)
[AUDIT] poll_forensic_hud: ENTER
[DIAG] _physics_process: ENTER, state=0
[DIAG] _physics_process: IN_PLANE branch entered
[DIAG] _physics_process: plane position updated to (754.4702, 1853.8, 266.0353)
[DIAG] _physics_process: checking camera follow
[DIAG] _physics_process: plane and camera valid, updating camera
[DIAG] _physics_process: camera moved from (755.2648, 1905.516, 96.58684) to (754.4702, 1905.516, 98.85146)
[DIAG] _physics_process: IN_PLANE returning
[DIAG] _poll_controls: ENTER, state=0
[VERBATIM] POLL: _poll_controls() entered, game_state=0
[DIAG] _poll_controls: EXIT (IN_PLANE branch)
[AUDIT] poll_forensic_hud: ENTER
[DIAG] _physics_process: ENTER, state=0
[DIAG] _physics_process: IN_PLANE branch entered
[DIAG] _physics_process: plane position updated to (753.6686, 1853.8, 268.2975)
[DIAG] _physics_process: checking camera follow
[DIAG] _physics_process: plane and camera valid, updating camera
[DIAG] _physics_process: camera moved from (754.4702, 1905.516, 98.85146) to (753.6686, 1905.516, 101.1137)
[DIAG] _physics_process: IN_PLANE returning
[AUDIT] poll_forensic_hud: ENTER
[DIAG] _physics_process: ENTER, state=0
[DIAG] _physics_process: IN_PLANE branch entered
[DIAG] _physics_process: plane position updated to (752.8604, 1853.8, 270.5573)
[DIAG] _physics_process: checking camera follow
[DIAG] _physics_process: plane and camera valid, updating camera
[DIAG] _physics_process: camera moved from (753.6686, 1905.516, 101.1137) to (752.8604, 1905.516, 103.3735)
[DIAG] _physics_process: IN_PLANE returning
[DIAG] _poll_controls: ENTER, state=0
[VERBATIM] POLL: _poll_controls() entered, game_state=0
[DIAG] _poll_controls: EXIT (IN_PLANE branch)
[AUDIT] poll_forensic_hud: ENTER
[DIAG] _physics_process: ENTER, state=0
[DIAG] _physics_process: IN_PLANE branch entered
[DIAG] _physics_process: plane position updated to (752.0453, 1853.8, 272.8147)
[DIAG] _physics_process: checking camera follow
[DIAG] _physics_process: plane and camera valid, updating camera
[DIAG] _physics_process: camera moved from (752.8604, 1905.516, 103.3735) to (752.0453, 1905.516, 105.6308)
[DIAG] _physics_process: IN_PLANE returning
[DIAG] _poll_controls: ENTER, state=0
[VERBATIM] POLL: _poll_controls() entered, game_state=0
[DIAG] _poll_controls: EXIT (IN_PLANE branch)
[AUDIT] poll_forensic_hud: ENTER
[DIAG] _physics_process: ENTER, state=0
[DIAG] _physics_process: IN_PLANE branch entered
[DIAG] _physics_process: plane position updated to (751.2234, 1853.8, 275.0696)
[DIAG] _physics_process: checking camera follow
[DIAG] _physics_process: plane and camera valid, updating camera
[DIAG] _physics_process: camera moved from (752.0453, 1905.516, 105.6308) to (751.2234, 1905.516, 107.8857)
[DIAG] _physics_process: IN_PLANE returning
[DIAG] _poll_controls: ENTER, state=0
[VERBATIM] POLL: _poll_controls() entered, game_state=0
[DIAG] _poll_controls: EXIT (IN_PLANE branch)
[AUDIT] poll_forensic_hud: ENTER
[DIAG] _physics_process: ENTER, state=0
[DIAG] _physics_process: IN_PLANE branch entered
[DIAG] _physics_process: plane position updated to (750.3949, 1853.8, 277.322)
[DIAG] _physics_process: checking camera follow
[DIAG] _physics_process: plane and camera valid, updating camera
[DIAG] _physics_process: camera moved from (751.2234, 1905.516, 107.8857) to (750.3949, 1905.516, 110.1381)
[DIAG] _physics_process: IN_PLANE returning
[AUDIT] poll_forensic_hud: ENTER
[DIAG] _physics_process: ENTER, state=0
[DIAG] _physics_process: IN_PLANE branch entered
[DIAG] _physics_process: plane position updated to (749.5596, 1853.8, 279.572)
[DIAG] _physics_process: checking camera follow
[DIAG] _physics_process: plane and camera valid, updating camera
[DIAG] _physics_process: camera moved from (750.3949, 1905.516, 110.1381) to (749.5596, 1905.516, 112.3881)
[DIAG] _physics_process: IN_PLANE returning
[DIAG] _poll_controls: ENTER, state=0
[VERBATIM] POLL: _poll_controls() entered, game_state=0
[DIAG] _poll_controls: EXIT (IN_PLANE branch)
[AUDIT] poll_forensic_hud: ENTER
[DIAG] _physics_process: ENTER, state=0
[DIAG] _physics_process: IN_PLANE branch entered
[DIAG] _physics_process: plane position updated to (748.7175, 1853.8, 281.8194)
[DIAG] _physics_process: checking camera follow
[DIAG] _physics_process: plane and camera valid, updating camera
[DIAG] _physics_process: camera moved from (749.5596, 1905.516, 112.3881) to (748.7175, 1905.516, 114.6355)
[DIAG] _physics_process: IN_PLANE returning
[DIAG] _poll_controls: ENTER, state=0
[VERBATIM] POLL: _poll_controls() entered, game_state=0
[DIAG] _poll_controls: EXIT (IN_PLANE branch)
[VERBATIM] Wind updated: 12.5 kts @ 240.0°
[LABELDUMP_HDR] idx,name,parent_path,script,text
[LABELDUMP],0,WindLabel,/root/Main/PiPLayer,none,WIND: 12.5 kts @ 240°
[LABELDUMP],1,@Label@108,/root/Main/@CanvasLayer@96,none,>>> CLICK WINDOW THEN PRESS KEYS: Q/E turn; C FC check; X cutaway; V reserve; F flare; R restart; C cycle views; H toggle HUD <<<
[LABELDUMP],2,@Label@107,/root/Main/@CanvasLayer@96,none,Mission: Training | Target Score: 500
[LABELDUMP],3,@Label@106,/root/Main/@CanvasLayer@96,none,
[LABELDUMP],4,@Label@104,/root/Main/@CanvasLayer@96,none,EP: Press J or SPACE to exit aircraft
[LABELDUMP],5,@Label@103,/root/Main/@CanvasLayer@96,none,MALF: --
[LABELDUMP],6,@Label@102,/root/Main/@CanvasLayer@96,none,LEG: BASE
[LABELDUMP],7,@Label@101,/root/Main/@CanvasLayer@96,none,TURN: --
[LABELDUMP],8,@Label@100,/root/Main/@CanvasLayer@96,none,BRG: -45°
[LABELDUMP],9,@Label@99,/root/Main/@CanvasLayer@96,none,HDG: 0°
[LABELDUMP],10,@Label@98,/root/Main/@CanvasLayer@96,none,SPD: --
[LABELDUMP],11,@Label@97,/root/Main/@CanvasLayer@96,none,ALT: 6000 ft (IN PLANE)
[LABELDUMP],12,@Label@39,/root/ForensicPanel/@PanelContainer@37/@VBoxContainer@38,none,FORENSIC PANEL
[LABELDUMP],13,@Label@24,/root/ForensicHUD/@CanvasLayer@6/@PanelContainer@7/@VBoxContainer@8,none,t: --:--:--
[LABELDUMP],14,@Label@22,/root/ForensicHUD/@CanvasLayer@6/@PanelContainer@7/@VBoxContainer@8,none,control_health: (loading...)
[LABELDUMP],15,@Label@21,/root/ForensicHUD/@CanvasLayer@6/@PanelContainer@7/@VBoxContainer@8,none,Controls
[LABELDUMP],16,@Label@18,/root/ForensicHUD/@CanvasLayer@6/@PanelContainer@7/@VBoxContainer@8,none,Citations
[LABELDUMP],17,@Label@15,/root/ForensicHUD/@CanvasLayer@6/@PanelContainer@7/@VBoxContainer@8,none,Top strategies (UCB1)
[LABELDUMP],18,@Label@13,/root/ForensicHUD/@CanvasLayer@6/@PanelContainer@7/@VBoxContainer@8,none,Level - / XP - / Streak -
[LABELDUMP],19,@Label@12,/root/ForensicHUD/@CanvasLayer@6/@PanelContainer@7/@VBoxContainer@8,none,status: (starting)
[LABELDUMP],20,@Label@10,/root/ForensicHUD/@CanvasLayer@6/@PanelContainer@7/@VBoxContainer@8,none,hub: http://127.0.0.1:8765
[LABELDUMP],21,@Label@9,/root/ForensicHUD/@CanvasLayer@6/@PanelContainer@7/@VBoxContainer@8,none,FORENSIC HUB
[LABELDUMP],22,@Label@5,/root/AltimeterHUD/@Panel@2/@VBoxContainer@3,none,VARIO: 0.00 m/s
[LABELDUMP],23,@Label@4,/root/AltimeterHUD/@Panel@2/@VBoxContainer@3,none,ALT: 6000 ft
[LABELDUMP] total Label nodes in tree: 24
[LABELDUMP] _hud_labels.size()=8
[AUDIT] poll_forensic_hud: ENTER
[PIPLIVE] eye=(100.0, 1830.5, -100.0) state=0 deployed=false framing=aircraft/sky
[DIAG] _physics_process: ENTER, state=0
[DIAG] _physics_process: IN_PLANE branch entered
[DIAG] _physics_process: plane position updated to (747.8687, 1853.8, 284.0643)
[DIAG] _physics_process: checking camera follow
[DIAG] _physics_process: plane and camera valid, updating camera
[DIAG] _physics_process: camera moved from (748.7175, 1905.516, 114.6355) to (747.8687, 1905.516, 116.8804)
[DIAG] _physics_process: IN_PLANE returning
[DIAG] _poll_controls: ENTER, state=0
[VERBATIM] POLL: _poll_controls() entered, game_state=0
[DIAG] _poll_controls: EXIT (IN_PLANE branch)
[AUDIT] poll_forensic_hud: ENTER
[DIAG] _physics_process: ENTER, state=0
[DIAG] _physics_process: IN_PLANE branch entered
[DIAG] _physics_process: plane position updated to (747.0131, 1853.8, 286.3066)
[DIAG] _physics_process: checking camera follow
[DIAG] _physics_process: plane and camera valid, updating camera
[DIAG] _physics_process: camera moved from (747.8687, 1905.516, 116.8804) to (747.0131, 1905.516, 119.1227)
[DIAG] _physics_process: IN_PLANE returning
[AUDIT] poll_forensic_hud: ENTER
[DIAG] _physics_process: ENTER, state=0
[DIAG] _physics_process: IN_PLANE branch entered
[DIAG] _physics_process: plane position updated to (746.1508, 1853.8, 288.5463)
[DIAG] _physics_process: checking camera follow
[DIAG] _physics_process: plane and camera valid, updating camera
[DIAG] _physics_process: camera moved from (747.0131, 1905.516, 119.1227) to (746.1508, 1905.516, 121.3624)
[DIAG] _physics_process: IN_PLANE returning
[DIAG] _poll_controls: ENTER, state=0
[VERBATIM] POLL: _poll_controls() entered, game_state=0
[DIAG] _poll_controls: EXIT (IN_PLANE branch)
[AUDIT] poll_forensic_hud: ENTER
[DIAG] _physics_process: ENTER, state=0
[DIAG] _physics_process: IN_PLANE branch entered
[DIAG] _physics_process: plane position updated to (745.2818, 1853.8, 290.7835)
[DIAG] _physics_process: checking camera follow
[DIAG] _physics_process: plane and camera valid, updating camera
[DIAG] _physics_process: camera moved from (746.1508, 1905.516, 121.3624) to (745.2818, 1905.516, 123.5996)
[DIAG] _physics_process: IN_PLANE returning
[DIAG] _poll_controls: ENTER, state=0
[VERBATIM] POLL: _poll_controls() entered, game_state=0
[DIAG] _poll_controls: EXIT (IN_PLANE branch)
[AUDIT] poll_forensic_hud: ENTER
[DIAG] _physics_process: ENTER, state=0
[DIAG] _physics_process: IN_PLANE branch entered
[DIAG] _physics_process: plane position updated to (744.4061, 1853.8, 293.018)
[DIAG] _physics_process: checking camera follow
[DIAG] _physics_process: plane and camera valid, updating camera
[DIAG] _physics_process: camera moved from (745.2818, 1905.516, 123.5996) to (744.4061, 1905.516, 125.8342)
[DIAG] _physics_process: IN_PLANE returning
[AUDIT] poll_forensic_hud: ENTER
[DIAG] _physics_process: ENTER, state=0
[DIAG] _physics_process: IN_PLANE branch entered
[DIAG] _physics_process: plane position updated to (743.5237, 1853.8, 295.2499)
[DIAG] _physics_process: checking camera follow
[DIAG] _physics_process: plane and camera valid, updating camera
[DIAG] _physics_process: camera moved from (744.4061, 1905.516, 125.8342) to (743.5237, 1905.516, 128.066)
[DIAG] _physics_process: IN_PLANE returning
[DIAG] _poll_controls: ENTER, state=0
[VERBATIM] POLL: _poll_controls() entered, game_state=0
[DIAG] _poll_controls: EXIT (IN_PLANE branch)
[AUDIT] poll_forensic_hud: ENTER
[DIAG] _physics_process: ENTER, state=0
[DIAG] _physics_process: IN_PLANE branch entered
[DIAG] _physics_process: plane position updated to (742.6346, 1853.8, 297.4792)
[DIAG] _physics_process: checking camera follow
[DIAG] _physics_process: plane and camera valid, updating camera
[DIAG] _physics_process: camera moved from (743.5237, 1905.516, 128.066) to (742.6346, 1905.516, 130.2953)
[DIAG] _physics_process: IN_PLANE returning
[DIAG] _poll_controls: ENTER, state=0
[VERBATIM] POLL: _poll_controls() entered, game_state=0
[DIAG] _poll_controls: EXIT (IN_PLANE branch)
[AUDIT] poll_forensic_hud: ENTER
[DIAG] _physics_process: ENTER, state=0
[DIAG] _physics_process: IN_PLANE branch entered
[DIAG] _physics_process: plane position updated to (741.7388, 1853.8, 299.7057)
[DIAG] _physics_process: checking camera follow
[DIAG] _physics_process: plane and camera valid, updating camera
[DIAG] _physics_process: camera moved from (742.6346, 1905.516, 130.2953) to (741.7388, 1905.516, 132.5218)
[DIAG] _physics_process: IN_PLANE returning
[DIAG] _poll_controls: ENTER, state=0
[VERBATIM] POLL: _poll_controls() entered, game_state=0
[DIAG] _poll_controls: EXIT (IN_PLANE branch)
[AUDIT] poll_forensic_hud: ENTER
[DIAG] _physics_process: ENTER, state=0
[DIAG] _physics_process: IN_PLANE branch entered
[DIAG] _physics_process: plane position updated to (740.8364, 1853.8, 301.9296)
[DIAG] _physics_process: checking camera follow
[DIAG] _physics_process: plane and camera valid, updating camera
[DIAG] _physics_process: camera moved from (741.7388, 1905.516, 132.5218) to (740.8364, 1905.516, 134.7457)
[DIAG] _physics_process: IN_PLANE returning
[AUDIT] poll_forensic_hud: ENTER
[DIAG] _physics_process: ENTER, state=0
[DIAG] _physics_process: IN_PLANE branch entered
[DIAG] _physics_process: plane position updated to (739.9272, 1853.8, 304.1507)
[DIAG] _physics_process: checking camera follow
[DIAG] _physics_process: plane and camera valid, updating camera
[DIAG] _physics_process: camera moved from (740.8364, 1905.516, 134.7457) to (739.9272, 1905.516, 136.9668)
[DIAG] _physics_process: IN_PLANE returning
[DIAG] _poll_controls: ENTER, state=0
[VERBATIM] POLL: _poll_controls() entered, game_state=0
[DIAG] _poll_controls: EXIT (IN_PLANE branch)
[AUDIT] poll_forensic_hud: ENTER
[DIAG] _physics_process: ENTER, state=0
[DIAG] _physics_process: IN_PLANE branch entered
[DIAG] _physics_process: plane position updated to (739.0115, 1853.8, 306.3691)
[DIAG] _physics_process: checking camera follow
[DIAG] _physics_process: plane and camera valid, updating camera
[DIAG] _physics_process: camera moved from (739.9272, 1905.516, 136.9668) to (739.0115, 1905.516, 139.1853)
[DIAG] _physics_process: IN_PLANE returning
[DIAG] _poll_controls: ENTER, state=0
[VERBATIM] POLL: _poll_controls() entered, game_state=0
[DIAG] _poll_controls: EXIT (IN_PLANE branch)
[AUDIT] poll_forensic_hud: ENTER
[DIAG] _physics_process: ENTER, state=0
[DIAG] _physics_process: IN_PLANE branch entered
[DIAG] _physics_process: plane position updated to (738.0891, 1853.8, 308.5848)
[DIAG] _physics_process: checking camera follow
[DIAG] _physics_process: plane and camera valid, updating camera
[DIAG] _physics_process: camera moved from (739.0115, 1905.516, 139.1853) to (738.0891, 1905.516, 141.4009)
[DIAG] _physics_process: IN_PLANE returning
[DIAG] _poll_controls: ENTER, state=0
[VERBATIM] POLL: _poll_controls() entered, game_state=0
[DIAG] _poll_controls: EXIT (IN_PLANE branch)
[AUDIT] poll_forensic_hud: ENTER
[DIAG] _physics_process: ENTER, state=0
[DIAG] _physics_process: IN_PLANE branch entered
[DIAG] _physics_process: plane position updated to (737.16, 1853.8, 310.7977)
[DIAG] _physics_process: checking camera follow
[DIAG] _physics_process: plane and camera valid, updating camera
[DIAG] _physics_process: camera moved from (738.0891, 1905.516, 141.4009) to (737.16, 1905.516, 143.6138)
[DIAG] _physics_process: IN_PLANE returning
[AUDIT] poll_forensic_hud: ENTER
[DIAG] _physics_process: ENTER, state=0
[DIAG] _physics_process: IN_PLANE branch entered
[DIAG] _physics_process: plane position updated to (736.2242, 1853.8, 313.0078)
[DIAG] _physics_process: checking camera follow
[DIAG] _physics_process: plane and camera valid, updating camera
[DIAG] _physics_process: camera moved from (737.16, 1905.516, 143.6138) to (736.2242, 1905.516, 145.8239)
[DIAG] _physics_process: IN_PLANE returning
[DIAG] _poll_controls: ENTER, state=0
[VERBATIM] POLL: _poll_controls() entered, game_state=0
[DIAG] _poll_controls: EXIT (IN_PLANE branch)
[AUDIT] poll_forensic_hud: ENTER
[DIAG] _physics_process: ENTER, state=0
[DIAG] _physics_process: IN_PLANE branch entered
[DIAG] _physics_process: plane position updated to (735.2819, 1853.8, 315.215)
[DIAG] _physics_process: checking camera follow
[DIAG] _physics_process: plane and camera valid, updating camera
[DIAG] _physics_process: camera moved from (736.2242, 1905.516, 145.8239) to (735.2819, 1905.516, 148.0311)
[DIAG] _physics_process: IN_PLANE returning
[DIAG] _poll_controls: ENTER, state=0
[VERBATIM] POLL: _poll_controls() entered, game_state=0
[DIAG] _poll_controls: EXIT (IN_PLANE branch)
[AUDIT] poll_forensic_hud: ENTER
[DIAG] _physics_process: ENTER, state=0
[DIAG] _physics_process: IN_PLANE branch entered
[DIAG] _physics_process: plane position updated to (734.3329, 1853.8, 317.4194)
[DIAG] _physics_process: checking camera follow
[DIAG] _physics_process: plane and camera valid, updating camera
[DIAG] _physics_process: camera moved from (735.2819, 1905.516, 148.0311) to (734.3329, 1905.516, 150.2355)
[DIAG] _physics_process: IN_PLANE returning
[DIAG] _poll_controls: ENTER, state=0
[VERBATIM] POLL: _poll_controls() entered, game_state=0
[DIAG] _poll_controls: EXIT (IN_PLANE branch)
[AUDIT] poll_forensic_hud: ENTER
[DIAG] _physics_process: ENTER, state=0
[DIAG] _physics_process: IN_PLANE branch entered
[DIAG] _physics_process: plane position updated to (733.3774, 1853.8, 319.621)
[DIAG] _physics_process: checking camera follow
[DIAG] _physics_process: plane and camera valid, updating camera
[DIAG] _physics_process: camera moved from (734.3329, 1905.516, 150.2355) to (733.3774, 1905.516, 152.4371)
[DIAG] _physics_process: IN_PLANE returning
[AUDIT] poll_forensic_hud: ENTER
[DIAG] _physics_process: ENTER, state=0
[DIAG] _physics_process: IN_PLANE branch entered
[DIAG] _physics_process: plane position updated to (732.4152, 1853.8, 321.8197)
[DIAG] _physics_process: checking camera follow
[DIAG] _physics_process: plane and camera valid, updating camera
[DIAG] _physics_process: camera moved from (733.3774, 1905.516, 152.4371) to (732.4152, 1905.516, 154.6358)
[DIAG] _physics_process: IN_PLANE returning
[DIAG] _poll_controls: ENTER, state=0
[VERBATIM] POLL: _poll_controls() entered, game_state=0
[DIAG] _poll_controls: EXIT (IN_PLANE branch)
[AUDIT] poll_forensic_hud: ENTER
[DIAG] _physics_process: ENTER, state=0
[DIAG] _physics_process: IN_PLANE branch entered
[DIAG] _physics_process: plane position updated to (731.4465, 1853.8, 324.0155)
[DIAG] _physics_process: checking camera follow
[DIAG] _physics_process: plane and camera valid, updating camera
[DIAG] _physics_process: camera moved from (732.4152, 1905.516, 154.6358) to (731.4465, 1905.516, 156.8316)
[DIAG] _physics_process: IN_PLANE returning
[DIAG] _poll_controls: ENTER, state=0
[VERBATIM] POLL: _poll_controls() entered, game_state=0
[DIAG] _poll_controls: EXIT (IN_PLANE branch)
[AUDIT] poll_forensic_hud: ENTER
[DIAG] _physics_process: ENTER, state=0
[DIAG] _physics_process: IN_PLANE branch entered
[DIAG] _physics_process: plane position updated to (730.4711, 1853.8, 326.2084)
[DIAG] _physics_process: checking camera follow
[DIAG] _physics_process: plane and camera valid, updating camera
[DIAG] _physics_process: camera moved from (731.4465, 1905.516, 156.8316) to (730.4711, 1905.516, 159.0245)
[DIAG] _physics_process: IN_PLANE returning
[AUDIT] poll_forensic_hud: ENTER
[DIAG] _physics_process: ENTER, state=0
[DIAG] _physics_process: IN_PLANE branch entered
[DIAG] _physics_process: plane position updated to (729.4893, 1853.8, 328.3983)
[DIAG] _physics_process: checking camera follow
[DIAG] _physics_process: plane and camera valid, updating camera
[DIAG] _physics_process: camera moved from (730.4711, 1905.516, 159.0245) to (729.4893, 1905.516, 161.2144)
[DIAG] _physics_process: IN_PLANE returning
[DIAG] _poll_controls: ENTER, state=0
[VERBATIM] POLL: _poll_controls() entered, game_state=0
[DIAG] _poll_controls: EXIT (IN_PLANE branch)
[AUDIT] poll_forensic_hud: ENTER
[DIAG] _physics_process: ENTER, state=0
[DIAG] _physics_process: IN_PLANE branch entered
[DIAG] _physics_process: plane position updated to (728.5008, 1853.8, 330.5853)
[DIAG] _physics_process: checking camera follow
[DIAG] _physics_process: plane and camera valid, updating camera
[DIAG] _physics_process: camera moved from (729.4893, 1905.516, 161.2144) to (728.5008, 1905.516, 163.4014)
[DIAG] _physics_process: IN_PLANE returning
[DIAG] _poll_controls: ENTER, state=0
[VERBATIM] POLL: _poll_controls() entered, game_state=0
[DIAG] _poll_controls: EXIT (IN_PLANE branch)
[AUDIT] poll_forensic_hud: ENTER
[DIAG] _physics_process: ENTER, state=0
[DIAG] _physics_process: IN_PLANE branch entered
[DIAG] _physics_process: plane position updated to (727.5057, 1853.8, 332.7693)
[DIAG] _physics_process: checking camera follow
[DIAG] _physics_process: plane and camera valid, updating camera
[DIAG] _physics_process: camera moved from (728.5008, 1905.516, 163.4014) to (727.5057, 1905.516, 165.5854)
[DIAG] _physics_process: IN_PLANE returning
[DIAG] _poll_controls: ENTER, state=0
[VERBATIM] POLL: _poll_controls() entered, game_state=0
[DIAG] _poll_controls: EXIT (IN_PLANE branch)
[AUDIT] poll_forensic_hud: ENTER
[DIAG] _physics_process: ENTER, state=0
[DIAG] _physics_process: IN_PLANE branch entered
[DIAG] _physics_process: plane position updated to (726.5042, 1853.8, 334.9503)
[DIAG] _physics_process: checking camera follow
[DIAG] _physics_process: plane and camera valid, updating camera
[DIAG] _physics_process: camera moved from (727.5057, 1905.516, 165.5854) to (726.5042, 1905.516, 167.7664)
[DIAG] _physics_process: IN_PLANE returning
[AUDIT] poll_forensic_hud: ENTER
[DIAG] _physics_process: ENTER, state=0
[DIAG] _physics_process: IN_PLANE branch entered
[DIAG] _physics_process: plane position updated to (725.496, 1853.8, 337.1283)
[DIAG] _physics_process: checking camera follow
[DIAG] _physics_process: plane and camera valid, updating camera
[DIAG] _physics_process: camera moved from (726.5042, 1905.516, 167.7664) to (725.496, 1905.516, 169.9444)
[DIAG] _physics_process: IN_PLANE returning
[DIAG] _poll_controls: ENTER, state=0
[VERBATIM] POLL: _poll_controls() entered, game_state=0
[DIAG] _poll_controls: EXIT (IN_PLANE branch)
[AUDIT] poll_forensic_hud: ENTER
[DIAG] _physics_process: ENTER, state=0
[DIAG] _physics_process: IN_PLANE branch entered
[DIAG] _physics_process: plane position updated to (724.4814, 1853.8, 339.3033)
[DIAG] _physics_process: checking camera follow
[DIAG] _physics_process: plane and camera valid, updating camera
[DIAG] _physics_process: camera moved from (725.496, 1905.516, 169.9444) to (724.4814, 1905.516, 172.1194)
[DIAG] _physics_process: IN_PLANE returning
[DIAG] _poll_controls: ENTER, state=0
[VERBATIM] POLL: _poll_controls() entered, game_state=0
[DIAG] _poll_controls: EXIT (IN_PLANE branch)
[AUDIT] poll_forensic_hud: ENTER
[DIAG] _physics_process: ENTER, state=0
[DIAG] _physics_process: IN_PLANE branch entered
[DIAG] _physics_process: plane position updated to (723.4602, 1853.8, 341.4752)
[DIAG] _physics_process: checking camera follow
[DIAG] _physics_process: plane and camera valid, updating camera
[DIAG] _physics_process: camera moved from (724.4814, 1905.516, 172.1194) to (723.4602, 1905.516, 174.2913)
[DIAG] _physics_process: IN_PLANE returning
[DIAG] _poll_controls: ENTER, state=0
[VERBATIM] POLL: _poll_controls() entered, game_state=0
[DIAG] _poll_controls: EXIT (IN_PLANE branch)
[AUDIT] poll_forensic_hud: ENTER
[DIAG] _physics_process: ENTER, state=0
[DIAG] _physics_process: IN_PLANE branch entered
[DIAG] _physics_process: plane position updated to (722.4326, 1853.8, 343.644)
[DIAG] _physics_process: checking camera follow
[DIAG] _physics_process: plane and camera valid, updating camera
[DIAG] _physics_process: camera moved from (723.4602, 1905.516, 174.2913) to (722.4326, 1905.516, 176.4602)
[DIAG] _physics_process: IN_PLANE returning
[AUDIT] poll_forensic_hud: ENTER
[DIAG] _physics_process: ENTER, state=0
[DIAG] _physics_process: IN_PLANE branch entered
[DIAG] _physics_process: plane position updated to (721.3984, 1853.8, 345.8098)
[DIAG] _physics_process: checking camera follow
[DIAG] _physics_process: plane and camera valid, updating camera
[DIAG] _physics_process: camera moved from (722.4326, 1905.516, 176.4602) to (721.3984, 1905.516, 178.6259)
[DIAG] _physics_process: IN_PLANE returning
[DIAG] _poll_controls: ENTER, state=0
[VERBATIM] POLL: _poll_controls() entered, game_state=0
[DIAG] _poll_controls: EXIT (IN_PLANE branch)
[AUDIT] poll_forensic_hud: ENTER
[DIAG] _physics_process: ENTER, state=0
[DIAG] _physics_process: IN_PLANE branch entered
[DIAG] _physics_process: plane position updated to (720.3577, 1853.8, 347.9724)
[DIAG] _physics_process: checking camera follow
[DIAG] _physics_process: plane and camera valid, updating camera
[DIAG] _physics_process: camera moved from (721.3984, 1905.516, 178.6259) to (720.3577, 1905.516, 180.7885)
[DIAG] _physics_process: IN_PLANE returning
[DIAG] _poll_controls: ENTER, state=0
[VERBATIM] POLL: _poll_controls() entered, game_state=0
[DIAG] _poll_controls: EXIT (IN_PLANE branch)
[AUDIT] poll_forensic_hud: ENTER
[DIAG] _physics_process: ENTER, state=0
[DIAG] _physics_process: IN_PLANE branch entered
[DIAG] _physics_process: plane position updated to (719.3105, 1853.8, 350.1319)
[DIAG] _physics_process: checking camera follow
[DIAG] _physics_process: plane and camera valid, updating camera
[DIAG] _physics_process: camera moved from (720.3577, 1905.516, 180.7885) to (719.3105, 1905.516, 182.948)
[DIAG] _physics_process: IN_PLANE returning
[DIAG] _poll_controls: ENTER, state=0
[VERBATIM] POLL: _poll_controls() entered, game_state=0
[DIAG] _poll_controls: EXIT (IN_PLANE branch)
[AUDIT] poll_forensic_hud: ENTER
[DIAG] _physics_process: ENTER, state=0
[DIAG] _physics_process: IN_PLANE branch entered
[DIAG] _physics_process: plane position updated to (718.2569, 1853.8, 352.2883)
[DIAG] _physics_process: checking camera follow
[DIAG] _physics_process: plane and camera valid, updating camera
[DIAG] _physics_process: camera moved from (719.3105, 1905.516, 182.948) to (718.2569, 1905.516, 185.1044)
[DIAG] _physics_process: IN_PLANE returning
[AUDIT] poll_forensic_hud: ENTER
[DIAG] _physics_process: ENTER, state=0
[DIAG] _physics_process: IN_PLANE branch entered
[DIAG] _physics_process: plane position updated to (717.1968, 1853.8, 354.4415)
[DIAG] _physics_process: checking camera follow
[DIAG] _physics_process: plane and camera valid, updating camera
[DIAG] _physics_process: camera moved from (718.2569, 1905.516, 185.1044) to (717.1968, 1905.516, 187.2576)
[DIAG] _physics_process: IN_PLANE returning
[DIAG] _poll_controls: ENTER, state=0
[VERBATIM] POLL: _poll_controls() entered, game_state=0
[DIAG] _poll_controls: EXIT (IN_PLANE branch)
[AUDIT] poll_forensic_hud: ENTER
[DIAG] _physics_process: ENTER, state=0
[DIAG] _physics_process: IN_PLANE branch entered
[DIAG] _physics_process: plane position updated to (716.1302, 1853.8, 356.5915)
[DIAG] _physics_process: checking camera follow
[DIAG] _physics_process: plane and camera valid, updating camera
[DIAG] _physics_process: camera moved from (717.1968, 1905.516, 187.2576) to (716.1302, 1905.516, 189.4076)
[DIAG] _physics_process: IN_PLANE returning
[DIAG] _poll_controls: ENTER, state=0
[VERBATIM] POLL: _poll_controls() entered, game_state=0
[DIAG] _poll_controls: EXIT (IN_PLANE branch)
[AUDIT] poll_forensic_hud: ENTER
[DIAG] _physics_process: ENTER, state=0
[DIAG] _physics_process: IN_PLANE branch entered
[DIAG] _physics_process: plane position updated to (715.0573, 1853.8, 358.7383)
[DIAG] _physics_process: checking camera follow
[DIAG] _physics_process: plane and camera valid, updating camera
[DIAG] _physics_process: camera moved from (716.1302, 1905.516, 189.4076) to (715.0573, 1905.516, 191.5544)
[DIAG] _physics_process: IN_PLANE returning
[AUDIT] poll_forensic_hud: ENTER
[DIAG] _physics_process: ENTER, state=0
[DIAG] _physics_process: IN_PLANE branch entered
[DIAG] _physics_process: plane position updated to (713.9778, 1853.8, 360.8818)
[DIAG] _physics_process: checking camera follow
[DIAG] _physics_process: plane and camera valid, updating camera
[DIAG] _physics_process: camera moved from (715.0573, 1905.516, 191.5544) to (713.9778, 1905.516, 193.6979)
[DIAG] _physics_process: IN_PLANE returning
[DIAG] _poll_controls: ENTER, state=0
[VERBATIM] POLL: _poll_controls() entered, game_state=0
[DIAG] _poll_controls: EXIT (IN_PLANE branch)
[AUDIT] poll_forensic_hud: ENTER
[DIAG] _physics_process: ENTER, state=0
[DIAG] _physics_process: IN_PLANE branch entered
[DIAG] _physics_process: plane position updated to (712.892, 1853.8, 363.0221)
[DIAG] _physics_process: checking camera follow
[DIAG] _physics_process: plane and camera valid, updating camera
[DIAG] _physics_process: camera moved from (713.9778, 1905.516, 193.6979) to (712.892, 1905.516, 195.8382)
[DIAG] _physics_process: IN_PLANE returning
[DIAG] _poll_controls: ENTER, state=0
[VERBATIM] POLL: _poll_controls() entered, game_state=0
[DIAG] _poll_controls: EXIT (IN_PLANE branch)
[AUDIT] poll_forensic_hud: ENTER
[DIAG] _physics_process: ENTER, state=0
[DIAG] _physics_process: IN_PLANE branch entered
[DIAG] _physics_process: plane position updated to (711.7997, 1853.8, 365.1591)
[DIAG] _physics_process: checking camera follow
[DIAG] _physics_process: plane and camera valid, updating camera
[DIAG] _physics_process: camera moved from (712.892, 1905.516, 195.8382) to (711.7997, 1905.516, 197.9753)
[DIAG] _physics_process: IN_PLANE returning
[DIAG] _poll_controls: ENTER, state=0
[VERBATIM] POLL: _poll_controls() entered, game_state=0
[DIAG] _poll_controls: EXIT (IN_PLANE branch)
[AUDIT] poll_forensic_hud: ENTER
[DIAG] _physics_process: ENTER, state=0
[DIAG] _physics_process: IN_PLANE branch entered
[DIAG] _physics_process: plane position updated to (710.701, 1853.8, 367.2929)
[DIAG] _physics_process: checking camera follow
[DIAG] _physics_process: plane and camera valid, updating camera
[DIAG] _physics_process: camera moved from (711.7997, 1905.516, 197.9753) to (710.701, 1905.516, 200.109)
[DIAG] _physics_process: IN_PLANE returning
[AUDIT] poll_forensic_hud: ENTER
[DIAG] _physics_process: ENTER, state=0
[DIAG] _physics_process: IN_PLANE branch entered
[DIAG] _physics_process: plane position updated to (709.5959, 1853.8, 369.4233)
[DIAG] _physics_process: checking camera follow
[DIAG] _physics_process: plane and camera valid, updating camera
[DIAG] _physics_process: camera moved from (710.701, 1905.516, 200.109) to (709.5959, 1905.516, 202.2395)
[DIAG] _physics_process: IN_PLANE returning
[DIAG] _poll_controls: ENTER, state=0
[VERBATIM] POLL: _poll_controls() entered, game_state=0
[DIAG] _poll_controls: EXIT (IN_PLANE branch)
[AUDIT] poll_forensic_hud: ENTER
[DIAG] _physics_process: ENTER, state=0
[DIAG] _physics_process: IN_PLANE branch entered
[DIAG] _physics_process: plane position updated to (708.4845, 1853.8, 371.5505)
[DIAG] _physics_process: checking camera follow
[DIAG] _physics_process: plane and camera valid, updating camera
[DIAG] _physics_process: camera moved from (709.5959, 1905.516, 202.2395) to (708.4845, 1905.516, 204.3666)
[DIAG] _physics_process: IN_PLANE returning
[DIAG] _poll_controls: ENTER, state=0
[VERBATIM] POLL: _poll_controls() entered, game_state=0
[DIAG] _poll_controls: EXIT (IN_PLANE branch)
[AUDIT] poll_forensic_hud: ENTER
[DIAG] _physics_process: ENTER, state=0
[DIAG] _physics_process: IN_PLANE branch entered
[DIAG] _physics_process: plane position updated to (707.3666, 1853.8, 373.6743)
[DIAG] _physics_process: checking camera follow
[DIAG] _physics_process: plane and camera valid, updating camera
[DIAG] _physics_process: camera moved from (708.4845, 1905.516, 204.3666) to (707.3666, 1905.516, 206.4904)
[DIAG] _physics_process: IN_PLANE returning
[DIAG] _poll_controls: ENTER, state=0
[VERBATIM] POLL: _poll_controls() entered, game_state=0
[DIAG] _poll_controls: EXIT (IN_PLANE branch)
[AUDIT] poll_forensic_hud: ENTER
[DIAG] _physics_process: ENTER, state=0
[DIAG] _physics_process: IN_PLANE branch entered
[DIAG] _physics_process: plane position updated to (706.2424, 1853.8, 375.7946)
[DIAG] _physics_process: checking camera follow
[DIAG] _physics_process: plane and camera valid, updating camera
[DIAG] _physics_process: camera moved from (707.3666, 1905.516, 206.4904) to (706.2424, 1905.516, 208.6108)
[DIAG] _physics_process: IN_PLANE returning
[AUDIT] poll_forensic_hud: ENTER
[DIAG] _physics_process: ENTER, state=0
[DIAG] _physics_process: IN_PLANE branch entered
[DIAG] _physics_process: plane position updated to (705.1119, 1853.8, 377.9117)
[DIAG] _physics_process: checking camera follow
[DIAG] _physics_process: plane and camera valid, updating camera
[DIAG] _physics_process: camera moved from (706.2424, 1905.516, 208.6108) to (705.1119, 1905.516, 210.7278)
[DIAG] _physics_process: IN_PLANE returning
[DIAG] _poll_controls: ENTER, state=0
[VERBATIM] POLL: _poll_controls() entered, game_state=0
[DIAG] _poll_controls: EXIT (IN_PLANE branch)
[AUDIT] poll_forensic_hud: ENTER
[DIAG] _physics_process: ENTER, state=0
[DIAG] _physics_process: IN_PLANE branch entered
[DIAG] _physics_process: plane position updated to (703.975, 1853.8, 380.0253)
[DIAG] _physics_process: checking camera follow
[DIAG] _physics_process: plane and camera valid, updating camera
[DIAG] _physics_process: camera moved from (705.1119, 1905.516, 210.7278) to (703.975, 1905.516, 212.8414)
[DIAG] _physics_process: IN_PLANE returning
[DIAG] _poll_controls: ENTER, state=0
[VERBATIM] POLL: _poll_controls() entered, game_state=0
[DIAG] _poll_controls: EXIT (IN_PLANE branch)
[AUDIT] poll_forensic_hud: ENTER
[DIAG] _physics_process: ENTER, state=0
[DIAG] _physics_process: IN_PLANE branch entered
[DIAG] _physics_process: plane position updated to (702.8317, 1853.8, 382.1355)
[DIAG] _physics_process: checking camera follow
[DIAG] _physics_process: plane and camera valid, updating camera
[DIAG] _physics_process: camera moved from (703.975, 1905.516, 212.8414) to (702.8317, 1905.516, 214.9516)
[DIAG] _physics_process: IN_PLANE returning
[DIAG] _poll_controls: ENTER, state=0
[VERBATIM] POLL: _poll_controls() entered, game_state=0
[DIAG] _poll_controls: EXIT (IN_PLANE branch)
[AUDIT] poll_forensic_hud: ENTER
[DIAG] _physics_process: ENTER, state=0
[DIAG] _physics_process: IN_PLANE branch entered
[DIAG] _physics_process: plane position updated to (701.6821, 1853.8, 384.2423)
[DIAG] _physics_process: checking camera follow
[DIAG] _physics_process: plane and camera valid, updating camera
[DIAG] _physics_process: camera moved from (702.8317, 1905.516, 214.9516) to (701.6821, 1905.516, 217.0584)
[DIAG] _physics_process: IN_PLANE returning
[AUDIT] poll_forensic_hud: ENTER
[DIAG] _physics_process: ENTER, state=0
[DIAG] _physics_process: IN_PLANE branch entered
[DIAG] _physics_process: plane position updated to (700.5262, 1853.8, 386.3456)
[DIAG] _physics_process: checking camera follow
[DIAG] _physics_process: plane and camera valid, updating camera
[DIAG] _physics_process: camera moved from (701.6821, 1905.516, 217.0584) to (700.5262, 1905.516, 219.1617)
[DIAG] _physics_process: IN_PLANE returning
[DIAG] _poll_controls: ENTER, state=0
[VERBATIM] POLL: _poll_controls() entered, game_state=0
[DIAG] _poll_controls: EXIT (IN_PLANE branch)
[AUDIT] poll_forensic_hud: ENTER
[DIAG] _physics_process: ENTER, state=0
[DIAG] _physics_process: IN_PLANE branch entered
[DIAG] _physics_process: plane position updated to (699.3641, 1853.8, 388.4455)
[DIAG] _physics_process: checking camera follow
[DIAG] _physics_process: plane and camera valid, updating camera
[DIAG] _physics_process: camera moved from (700.5262, 1905.516, 219.1617) to (699.3641, 1905.516, 221.2616)
[DIAG] _physics_process: IN_PLANE returning
[DIAG] _poll_controls: ENTER, state=0
[VERBATIM] POLL: _poll_controls() entered, game_state=0
[DIAG] _poll_controls: EXIT (IN_PLANE branch)
[AUDIT] poll_forensic_hud: ENTER
[DIAG] _physics_process: ENTER, state=0
[DIAG] _physics_process: IN_PLANE branch entered
[DIAG] _physics_process: plane position updated to (698.1956, 1853.8, 390.5418)
[DIAG] _physics_process: checking camera follow
[DIAG] _physics_process: plane and camera valid, updating camera
[DIAG] _physics_process: camera moved from (699.3641, 1905.516, 221.2616) to (698.1956, 1905.516, 223.3579)
[DIAG] _physics_process: IN_PLANE returning
[DIAG] _poll_controls: ENTER, state=0
[VERBATIM] POLL: _poll_controls() entered, game_state=0
[DIAG] _poll_controls: EXIT (IN_PLANE branch)
[AUDIT] poll_forensic_hud: ENTER
[DIAG] _physics_process: ENTER, state=0
[DIAG] _physics_process: IN_PLANE branch entered
[DIAG] _physics_process: plane position updated to (697.0208, 1853.8, 392.6346)
[DIAG] _physics_process: checking camera follow
[DIAG] _physics_process: plane and camera valid, updating camera
[DIAG] _physics_process: camera moved from (698.1956, 1905.516, 223.3579) to (697.0208, 1905.516, 225.4507)
[DIAG] _physics_process: IN_PLANE returning
[AUDIT] poll_forensic_hud: ENTER
[DIAG] _physics_process: ENTER, state=0
[DIAG] _physics_process: IN_PLANE branch entered
[DIAG] _physics_process: plane position updated to (695.8398, 1853.8, 394.7239)
[DIAG] _physics_process: checking camera follow
[DIAG] _physics_process: plane and camera valid, updating camera
[DIAG] _physics_process: camera moved from (697.0208, 1905.516, 225.4507) to (695.8398, 1905.516, 227.54)
[DIAG] _physics_process: IN_PLANE returning
[DIAG] _poll_controls: ENTER, state=0
[VERBATIM] POLL: _poll_controls() entered, game_state=0
[DIAG] _poll_controls: EXIT (IN_PLANE branch)
[AUDIT] poll_forensic_hud: ENTER
[DIAG] _physics_process: ENTER, state=0
[DIAG] _physics_process: IN_PLANE branch entered
[DIAG] _physics_process: plane position updated to (694.6525, 1853.8, 396.8097)
[DIAG] _physics_process: checking camera follow
[DIAG] _physics_process: plane and camera valid, updating camera
[DIAG] _physics_process: camera moved from (695.8398, 1905.516, 227.54) to (694.6525, 1905.516, 229.6258)
[DIAG] _physics_process: IN_PLANE returning
[DIAG] _poll_controls: ENTER, state=0
[VERBATIM] POLL: _poll_controls() entered, game_state=0
[DIAG] _poll_controls: EXIT (IN_PLANE branch)
[AUDIT] poll_forensic_hud: ENTER
[DIAG] _physics_process: ENTER, state=0
[DIAG] _physics_process: IN_PLANE branch entered
[DIAG] _physics_process: plane position updated to (693.4589, 1853.8, 398.8918)
[DIAG] _physics_process: checking camera follow
[DIAG] _physics_process: plane and camera valid, updating camera
[DIAG] _physics_process: camera moved from (694.6525, 1905.516, 229.6258) to (693.4589, 1905.516, 231.7079)
[DIAG] _physics_process: IN_PLANE returning
[DIAG] _poll_controls: ENTER, state=0
[VERBATIM] POLL: _poll_controls() entered, game_state=0
[DIAG] _poll_controls: EXIT (IN_PLANE branch)
[AUDIT] poll_forensic_hud: ENTER
[DIAG] _physics_process: ENTER, state=0
[DIAG] _physics_process: IN_PLANE branch entered
[DIAG] _physics_process: plane position updated to (692.2592, 1853.8, 400.9704)
[DIAG] _physics_process: checking camera follow
[DIAG] _physics_process: plane and camera valid, updating camera
[DIAG] _physics_process: camera moved from (693.4589, 1905.516, 231.7079) to (692.2592, 1905.516, 233.7865)
[DIAG] _physics_process: IN_PLANE returning
[AUDIT] poll_forensic_hud: ENTER
[DIAG] _physics_process: ENTER, state=0
[DIAG] _physics_process: IN_PLANE branch entered
[DIAG] _physics_process: plane position updated to (691.0531, 1853.8, 403.0454)
[DIAG] _physics_process: checking camera follow
[DIAG] _physics_process: plane and camera valid, updating camera
[DIAG] _physics_process: camera moved from (692.2592, 1905.516, 233.7865) to (691.0531, 1905.516, 235.8615)
[DIAG] _physics_process: IN_PLANE returning
[DIAG] _poll_controls: ENTER, state=0
[VERBATIM] POLL: _poll_controls() entered, game_state=0
[DIAG] _poll_controls: EXIT (IN_PLANE branch)
[AUDIT] poll_forensic_hud: ENTER
[DIAG] _physics_process: ENTER, state=0
[DIAG] _physics_process: IN_PLANE branch entered
[DIAG] _physics_process: plane position updated to (689.8409, 1853.8, 405.1167)
[DIAG] _physics_process: checking camera follow
[DIAG] _physics_process: plane and camera valid, updating camera
[DIAG] _physics_process: camera moved from (691.0531, 1905.516, 235.8615) to (689.8409, 1905.516, 237.9328)
[DIAG] _physics_process: IN_PLANE returning
[DIAG] _poll_controls: ENTER, state=0
[VERBATIM] POLL: _poll_controls() entered, game_state=0
[DIAG] _poll_controls: EXIT (IN_PLANE branch)
[AUDIT] poll_forensic_hud: ENTER
[DIAG] _physics_process: ENTER, state=0
[DIAG] _physics_process: IN_PLANE branch entered
[DIAG] _physics_process: plane position updated to (688.6224, 1853.8, 407.1844)
[DIAG] _physics_process: checking camera follow
[DIAG] _physics_process: plane and camera valid, updating camera
[DIAG] _physics_process: camera moved from (689.8409, 1905.516, 237.9328) to (688.6224, 1905.516, 240.0005)
[DIAG] _physics_process: IN_PLANE returning
[AUDIT] poll_forensic_hud: ENTER
[DIAG] _physics_process: ENTER, state=0
[DIAG] _physics_process: IN_PLANE branch entered
[DIAG] _physics_process: plane position updated to (687.3978, 1853.8, 409.2484)
[DIAG] _physics_process: checking camera follow
[DIAG] _physics_process: plane and camera valid, updating camera
[DIAG] _physics_process: camera moved from (688.6224, 1905.516, 240.0005) to (687.3978, 1905.516, 242.0646)
[DIAG] _physics_process: IN_PLANE returning
[DIAG] _poll_controls: ENTER, state=0
[VERBATIM] POLL: _poll_controls() entered, game_state=0
[DIAG] _poll_controls: EXIT (IN_PLANE branch)
[AUDIT] poll_forensic_hud: ENTER
[DIAG] _physics_process: ENTER, state=0
[DIAG] _physics_process: IN_PLANE branch entered
[DIAG] _physics_process: plane position updated to (686.1669, 1853.8, 411.3088)
[DIAG] _physics_process: checking camera follow
[DIAG] _physics_process: plane and camera valid, updating camera
[DIAG] _physics_process: camera moved from (687.3978, 1905.516, 242.0646) to (686.1669, 1905.516, 244.1249)
[DIAG] _physics_process: IN_PLANE returning
[DIAG] _poll_controls: ENTER, state=0
[VERBATIM] POLL: _poll_controls() entered, game_state=0
[DIAG] _poll_controls: EXIT (IN_PLANE branch)
[VERBATIM] Wind updated: 12.5 kts @ 240.0°
[AUDIT] poll_forensic_hud: ENTER
[DIAG] _physics_process: ENTER, state=0
[DIAG] _physics_process: IN_PLANE branch entered
[DIAG] _physics_process: plane position updated to (684.9299, 1853.8, 413.3654)
[DIAG] _physics_process: checking camera follow
[DIAG] _physics_process: plane and camera valid, updating camera
[DIAG] _physics_process: camera moved from (686.1669, 1905.516, 244.1249) to (684.9299, 1905.516, 246.1816)
[DIAG] _physics_process: IN_PLANE returning
[DIAG] _poll_controls: ENTER, state=0
[VERBATIM] POLL: _poll_controls() entered, game_state=0
[DIAG] _poll_controls: EXIT (IN_PLANE branch)
[AUDIT] poll_forensic_hud: ENTER
[DIAG] _physics_process: ENTER, state=0
[DIAG] _physics_process: IN_PLANE branch entered
[DIAG] _physics_process: plane position updated to (683.6868, 1853.8, 415.4184)
[DIAG] _physics_process: checking camera follow
[DIAG] _physics_process: plane and camera valid, updating camera
[DIAG] _physics_process: camera moved from (684.9299, 1905.516, 246.1816) to (683.6868, 1905.516, 248.2345)
[DIAG] _physics_process: IN_PLANE returning
[AUDIT] poll_forensic_hud: ENTER
[DIAG] _physics_process: ENTER, state=0
[DIAG] _physics_process: IN_PLANE branch entered
[DIAG] _physics_process: plane position updated to (682.4374, 1853.8, 417.4676)
[DIAG] _physics_process: checking camera follow
[DIAG] _physics_process: plane and camera valid, updating camera
[DIAG] _physics_process: camera moved from (683.6868, 1905.516, 248.2345) to (682.4374, 1905.516, 250.2837)
[DIAG] _physics_process: IN_PLANE returning
[DIAG] _poll_controls: ENTER, state=0
[VERBATIM] POLL: _poll_controls() entered, game_state=0
[DIAG] _poll_controls: EXIT (IN_PLANE branch)
[AUDIT] poll_forensic_hud: ENTER
[DIAG] _physics_process: ENTER, state=0
[DIAG] _physics_process: IN_PLANE branch entered
[DIAG] _physics_process: plane position updated to (681.1819, 1853.8, 419.513)
[DIAG] _physics_process: checking camera follow
[DIAG] _physics_process: plane and camera valid, updating camera
[DIAG] _physics_process: camera moved from (682.4374, 1905.516, 250.2837) to (681.1819, 1905.516, 252.3291)
[DIAG] _physics_process: IN_PLANE returning
[DIAG] _poll_controls: ENTER, state=0
[VERBATIM] POLL: _poll_controls() entered, game_state=0
[DIAG] _poll_controls: EXIT (IN_PLANE branch)
[AUDIT] poll_forensic_hud: ENTER
[DIAG] _physics_process: ENTER, state=0
[DIAG] _physics_process: IN_PLANE branch entered
[DIAG] _physics_process: plane position updated to (679.9203, 1853.8, 421.5546)
[DIAG] _physics_process: checking camera follow
[DIAG] _physics_process: plane and camera valid, updating camera
[DIAG] _physics_process: camera moved from (681.1819, 1905.516, 252.3291) to (679.9203, 1905.516, 254.3707)
[DIAG] _physics_process: IN_PLANE returning
[DIAG] _poll_controls: ENTER, state=0
[VERBATIM] POLL: _poll_controls() entered, game_state=0
[DIAG] _poll_controls: EXIT (IN_PLANE branch)
[AUDIT] poll_forensic_hud: ENTER
[DIAG] _physics_process: ENTER, state=0
[DIAG] _physics_process: IN_PLANE branch entered
[DIAG] _physics_process: plane position updated to (678.6526, 1853.8, 423.5925)
[DIAG] _physics_process: checking camera follow
[DIAG] _physics_process: plane and camera valid, updating camera
[DIAG] _physics_process: camera moved from (679.9203, 1905.516, 254.3707) to (678.6526, 1905.516, 256.4086)
[DIAG] _physics_process: IN_PLANE returning
[AUDIT] poll_forensic_hud: ENTER
[DIAG] _physics_process: ENTER, state=0
[DIAG] _physics_process: IN_PLANE branch entered
[DIAG] _physics_process: plane position updated to (677.3788, 1853.8, 425.6266)
[DIAG] _physics_process: checking camera follow
[DIAG] _physics_process: plane and camera valid, updating camera
[DIAG] _physics_process: camera moved from (678.6526, 1905.516, 256.4086) to (677.3788, 1905.516, 258.4427)
[DIAG] _physics_process: IN_PLANE returning
[DIAG] _poll_controls: ENTER, state=0
[VERBATIM] POLL: _poll_controls() entered, game_state=0
[DIAG] _poll_controls: EXIT (IN_PLANE branch)
[AUDIT] poll_forensic_hud: ENTER
[DIAG] _physics_process: ENTER, state=0
[DIAG] _physics_process: IN_PLANE branch entered
[DIAG] _physics_process: plane position updated to (676.0989, 1853.8, 427.6568)
[DIAG] _physics_process: checking camera follow
[DIAG] _physics_process: plane and camera valid, updating camera
[DIAG] _physics_process: camera moved from (677.3788, 1905.516, 258.4427) to (676.0989, 1905.516, 260.4729)
[DIAG] _physics_process: IN_PLANE returning
[DIAG] _poll_controls: ENTER, state=0
[VERBATIM] POLL: _poll_controls() entered, game_state=0
[DIAG] _poll_controls: EXIT (IN_PLANE branch)
[AUDIT] poll_forensic_hud: ENTER
[DIAG] _physics_process: ENTER, state=0
[DIAG] _physics_process: IN_PLANE branch entered
[DIAG] _physics_process: plane position updated to (674.8129, 1853.8, 429.6831)
[DIAG] _physics_process: checking camera follow
[DIAG] _physics_process: plane and camera valid, updating camera
[DIAG] _physics_process: camera moved from (676.0989, 1905.516, 260.4729) to (674.8129, 1905.516, 262.4993)
[DIAG] _physics_process: IN_PLANE returning
[DIAG] _poll_controls: ENTER, state=0
[VERBATIM] POLL: _poll_controls() entered, game_state=0
[DIAG] _poll_controls: EXIT (IN_PLANE branch)
[AUDIT] poll_forensic_hud: ENTER
[DIAG] _physics_process: ENTER, state=0
[DIAG] _physics_process: IN_PLANE branch entered
[DIAG] _physics_process: plane position updated to (673.5208, 1853.8, 431.7056)
[DIAG] _physics_process: checking camera follow
[DIAG] _physics_process: plane and camera valid, updating camera
[DIAG] _physics_process: camera moved from (674.8129, 1905.516, 262.4993) to (673.5208, 1905.516, 264.5217)
[DIAG] _physics_process: IN_PLANE returning
[AUDIT] poll_forensic_hud: ENTER
[DIAG] _physics_process: ENTER, state=0
[DIAG] _physics_process: IN_PLANE branch entered
[DIAG] _physics_process: plane position updated to (672.2227, 1853.8, 433.7242)
[DIAG] _physics_process: checking camera follow
[DIAG] _physics_process: plane and camera valid, updating camera
[DIAG] _physics_process: camera moved from (673.5208, 1905.516, 264.5217) to (672.2227, 1905.516, 266.5403)
[DIAG] _physics_process: IN_PLANE returning
[DIAG] _poll_controls: ENTER, state=0
[VERBATIM] POLL: _poll_controls() entered, game_state=0
[DIAG] _poll_controls: EXIT (IN_PLANE branch)
[AUDIT] poll_forensic_hud: ENTER
[DIAG] _physics_process: ENTER, state=0
[DIAG] _physics_process: IN_PLANE branch entered
[DIAG] _physics_process: plane position updated to (670.9185, 1853.8, 435.739)
[DIAG] _physics_process: checking camera follow
[DIAG] _physics_process: plane and camera valid, updating camera
[DIAG] _physics_process: camera moved from (672.2227, 1905.516, 266.5403) to (670.9185, 1905.516, 268.5551)
[DIAG] _physics_process: IN_PLANE returning
[DIAG] _poll_controls: ENTER, state=0
[VERBATIM] POLL: _poll_controls() entered, game_state=0
[DIAG] _poll_controls: EXIT (IN_PLANE branch)
[AUDIT] poll_forensic_hud: ENTER
[DIAG] _physics_process: ENTER, state=0
[DIAG] _physics_process: IN_PLANE branch entered
[DIAG] _physics_process: plane position updated to (669.6082, 1853.8, 437.7498)
[DIAG] _physics_process: checking camera follow
[DIAG] _physics_process: plane and camera valid, updating camera
[DIAG] _physics_process: camera moved from (670.9185, 1905.516, 268.5551) to (669.6082, 1905.516, 270.5659)
[DIAG] _physics_process: IN_PLANE returning
[AUDIT] poll_forensic_hud: ENTER
[DIAG] _physics_process: ENTER, state=0
[DIAG] _physics_process: IN_PLANE branch entered
[DIAG] _physics_process: plane position updated to (668.2919, 1853.8, 439.7566)
[DIAG] _physics_process: checking camera follow
[DIAG] _physics_process: plane and camera valid, updating camera
[DIAG] _physics_process: camera moved from (669.6082, 1905.516, 270.5659) to (668.2919, 1905.516, 272.5728)
[DIAG] _physics_process: IN_PLANE returning
[DIAG] _poll_controls: ENTER, state=0
[VERBATIM] POLL: _poll_controls() entered, game_state=0
[DIAG] _poll_controls: EXIT (IN_PLANE branch)
[AUDIT] poll_forensic_hud: ENTER
[DIAG] _physics_process: ENTER, state=0
[DIAG] _physics_process: IN_PLANE branch entered
[DIAG] _physics_process: plane position updated to (666.9697, 1853.8, 441.7595)
[DIAG] _physics_process: checking camera follow
[DIAG] _physics_process: plane and camera valid, updating camera
[DIAG] _physics_process: camera moved from (668.2919, 1905.516, 272.5728) to (666.9697, 1905.516, 274.5756)
[DIAG] _physics_process: IN_PLANE returning
[DIAG] _poll_controls: ENTER, state=0
[VERBATIM] POLL: _poll_controls() entered, game_state=0
[DIAG] _poll_controls: EXIT (IN_PLANE branch)
[AUDIT] poll_forensic_hud: ENTER
[DIAG] _physics_process: ENTER, state=0
[DIAG] _physics_process: IN_PLANE branch entered
[DIAG] _physics_process: plane position updated to (665.6414, 1853.8, 443.7584)
[DIAG] _physics_process: checking camera follow
[DIAG] _physics_process: plane and camera valid, updating camera
[DIAG] _physics_process: camera moved from (666.9697, 1905.516, 274.5756) to (665.6414, 1905.516, 276.5745)
[DIAG] _physics_process: IN_PLANE returning
[DIAG] _poll_controls: ENTER, state=0
[VERBATIM] POLL: _poll_controls() entered, game_state=0
[DIAG] _poll_controls: EXIT (IN_PLANE branch)
[AUDIT] poll_forensic_hud: ENTER
[DIAG] _physics_process: ENTER, state=0
[DIAG] _physics_process: IN_PLANE branch entered
[DIAG] _physics_process: plane position updated to (664.3071, 1853.8, 445.7534)
[DIAG] _physics_process: checking camera follow
[DIAG] _physics_process: plane and camera valid, updating camera
[DIAG] _physics_process: camera moved from (665.6414, 1905.516, 276.5745) to (664.3071, 1905.516, 278.5695)
[DIAG] _physics_process: IN_PLANE returning
[AUDIT] poll_forensic_hud: ENTER
[DIAG] _physics_process: ENTER, state=0
[DIAG] _physics_process: IN_PLANE branch entered
[DIAG] _physics_process: plane position updated to (662.9669, 1853.8, 447.7443)
[DIAG] _physics_process: checking camera follow
[DIAG] _physics_process: plane and camera valid, updating camera
[DIAG] _physics_process: camera moved from (664.3071, 1905.516, 278.5695) to (662.9669, 1905.516, 280.5604)
[DIAG] _physics_process: IN_PLANE returning
[DIAG] _poll_controls: ENTER, state=0
[VERBATIM] POLL: _poll_controls() entered, game_state=0
[DIAG] _poll_controls: EXIT (IN_PLANE branch)
[AUDIT] poll_forensic_hud: ENTER
[DIAG] _physics_process: ENTER, state=0
[DIAG] _physics_process: IN_PLANE branch entered
[DIAG] _physics_process: plane position updated to (661.6207, 1853.8, 449.7311)
[DIAG] _physics_process: checking camera follow
[DIAG] _physics_process: plane and camera valid, updating camera
[DIAG] _physics_process: camera moved from (662.9669, 1905.516, 280.5604) to (661.6207, 1905.516, 282.5472)
[DIAG] _physics_process: IN_PLANE returning
[DIAG] _poll_controls: ENTER, state=0
[VERBATIM] POLL: _poll_controls() entered, game_state=0
[DIAG] _poll_controls: EXIT (IN_PLANE branch)
[AUDIT] poll_forensic_hud: ENTER
[DIAG] _physics_process: ENTER, state=0
[DIAG] _physics_process: IN_PLANE branch entered
[DIAG] _physics_process: plane position updated to (660.2685, 1853.8, 451.714)
[DIAG] _physics_process: checking camera follow
[DIAG] _physics_process: plane and camera valid, updating camera
[DIAG] _physics_process: camera moved from (661.6207, 1905.516, 282.5472) to (660.2685, 1905.516, 284.5301)
[DIAG] _physics_process: IN_PLANE returning
[DIAG] _poll_controls: ENTER, state=0
[VERBATIM] POLL: _poll_controls() entered, game_state=0
[DIAG] _poll_controls: EXIT (IN_PLANE branch)
[AUDIT] poll_forensic_hud: ENTER
[DIAG] _physics_process: ENTER, state=0
[DIAG] _physics_process: IN_PLANE branch entered
[DIAG] _physics_process: plane position updated to (658.9104, 1853.8, 453.6927)
[DIAG] _physics_process: checking camera follow
[DIAG] _physics_process: plane and camera valid, updating camera
[DIAG] _physics_process: camera moved from (660.2685, 1905.516, 284.5301) to (658.9104, 1905.516, 286.5089)
[DIAG] _physics_process: IN_PLANE returning
[AUDIT] poll_forensic_hud: ENTER
[DIAG] _physics_process: ENTER, state=0
[DIAG] _physics_process: IN_PLANE branch entered
[DIAG] _physics_process: plane position updated to (657.5463, 1853.8, 455.6674)
[DIAG] _physics_process: checking camera follow
[DIAG] _physics_process: plane and camera valid, updating camera
[DIAG] _physics_process: camera moved from (658.9104, 1905.516, 286.5089) to (657.5463, 1905.516, 288.4836)
[DIAG] _physics_process: IN_PLANE returning
[DIAG] _poll_controls: ENTER, state=0
[VERBATIM] POLL: _poll_controls() entered, game_state=0
[DIAG] _poll_controls: EXIT (IN_PLANE branch)
[AUDIT] poll_forensic_hud: ENTER
[DIAG] _physics_process: ENTER, state=0
[DIAG] _physics_process: IN_PLANE branch entered
[DIAG] _physics_process: plane position updated to (656.1764, 1853.8, 457.638)
[DIAG] _physics_process: checking camera follow
[DIAG] _physics_process: plane and camera valid, updating camera
[DIAG] _physics_process: camera moved from (657.5463, 1905.516, 288.4836) to (656.1764, 1905.516, 290.4542)
[DIAG] _physics_process: IN_PLANE returning
[DIAG] _poll_controls: ENTER, state=0
[VERBATIM] POLL: _poll_controls() entered, game_state=0
[DIAG] _poll_controls: EXIT (IN_PLANE branch)
[AUDIT] poll_forensic_hud: ENTER
[DIAG] _physics_process: ENTER, state=0
[DIAG] _physics_process: IN_PLANE branch entered
[DIAG] _physics_process: plane position updated to (654.8005, 1853.8, 459.6045)
[DIAG] _physics_process: checking camera follow
[DIAG] _physics_process: plane and camera valid, updating camera
[DIAG] _physics_process: camera moved from (656.1764, 1905.516, 290.4542) to (654.8005, 1905.516, 292.4206)
[DIAG] _physics_process: IN_PLANE returning
[DIAG] _poll_controls: ENTER, state=0
[VERBATIM] POLL: _poll_controls() entered, game_state=0
[DIAG] _poll_controls: EXIT (IN_PLANE branch)
[AUDIT] poll_forensic_hud: ENTER
[DIAG] _physics_process: ENTER, state=0
[DIAG] _physics_process: IN_PLANE branch entered
[DIAG] _physics_process: plane position updated to (653.4188, 1853.8, 461.5668)
[DIAG] _physics_process: checking camera follow
[DIAG] _physics_process: plane and camera valid, updating camera
[DIAG] _physics_process: camera moved from (654.8005, 1905.516, 292.4206) to (653.4188, 1905.516, 294.3829)
[DIAG] _physics_process: IN_PLANE returning
[AUDIT] poll_forensic_hud: ENTER
[DIAG] _physics_process: ENTER, state=0
[DIAG] _physics_process: IN_PLANE branch entered
[DIAG] _physics_process: plane position updated to (652.0311, 1853.8, 463.525)
[DIAG] _physics_process: checking camera follow
[DIAG] _physics_process: plane and camera valid, updating camera
[DIAG] _physics_process: camera moved from (653.4188, 1905.516, 294.3829) to (652.0311, 1905.516, 296.3411)
[DIAG] _physics_process: IN_PLANE returning
[DIAG] _poll_controls: ENTER, state=0
[VERBATIM] POLL: _poll_controls() entered, game_state=0
[DIAG] _poll_controls: EXIT (IN_PLANE branch)
[AUDIT] poll_forensic_hud: ENTER
[DIAG] _physics_process: ENTER, state=0
[DIAG] _physics_process: IN_PLANE branch entered
[DIAG] _physics_process: plane position updated to (650.6376, 1853.8, 465.479)
[DIAG] _physics_process: checking camera follow
[DIAG] _physics_process: plane and camera valid, updating camera
[DIAG] _physics_process: camera moved from (652.0311, 1905.516, 296.3411) to (650.6376, 1905.516, 298.2951)
[DIAG] _physics_process: IN_PLANE returning
[DIAG] _poll_controls: ENTER, state=0
[VERBATIM] POLL: _poll_controls() entered, game_state=0
[DIAG] _poll_controls: EXIT (IN_PLANE branch)
[AUDIT] poll_forensic_hud: ENTER
[DIAG] _physics_process: ENTER, state=0
[DIAG] _physics_process: IN_PLANE branch entered
[DIAG] _physics_process: plane position updated to (649.2382, 1853.8, 467.4288)
[DIAG] _physics_process: checking camera follow
[DIAG] _physics_process: plane and camera valid, updating camera
[DIAG] _physics_process: camera moved from (650.6376, 1905.516, 298.2951) to (649.2382, 1905.516, 300.2449)
[DIAG] _physics_process: IN_PLANE returning
[AUDIT] poll_forensic_hud: ENTER
[DIAG] _physics_process: ENTER, state=0
[DIAG] _physics_process: IN_PLANE branch entered
[DIAG] _physics_process: plane position updated to (647.8331, 1853.8, 469.3744)
[DIAG] _physics_process: checking camera follow
[DIAG] _physics_process: plane and camera valid, updating camera
[DIAG] _physics_process: camera moved from (649.2382, 1905.516, 300.2449) to (647.8331, 1905.516, 302.1906)
[DIAG] _physics_process: IN_PLANE returning
[DIAG] _poll_controls: ENTER, state=0
[VERBATIM] POLL: _poll_controls() entered, game_state=0
[DIAG] _poll_controls: EXIT (IN_PLANE branch)
[AUDIT] poll_forensic_hud: ENTER
[DIAG] _physics_process: ENTER, state=0
[DIAG] _physics_process: IN_PLANE branch entered
[DIAG] _physics_process: plane position updated to (646.422, 1853.8, 471.3158)
[DIAG] _physics_process: checking camera follow
[DIAG] _physics_process: plane and camera valid, updating camera
[DIAG] _physics_process: camera moved from (647.8331, 1905.516, 302.1906) to (646.422, 1905.516, 304.1319)
[DIAG] _physics_process: IN_PLANE returning
[DIAG] _poll_controls: ENTER, state=0
[VERBATIM] POLL: _poll_controls() entered, game_state=0
[DIAG] _poll_controls: EXIT (IN_PLANE branch)
[AUDIT] poll_forensic_hud: ENTER
[DIAG] _physics_process: ENTER, state=0
[DIAG] _physics_process: IN_PLANE branch entered
[DIAG] _physics_process: plane position updated to (645.0051, 1853.8, 473.253)
[DIAG] _physics_process: checking camera follow
[DIAG] _physics_process: plane and camera valid, updating camera
[DIAG] _physics_process: camera moved from (646.422, 1905.516, 304.1319) to (645.0051, 1905.516, 306.0691)
[DIAG] _physics_process: IN_PLANE returning
[DIAG] _poll_controls: ENTER, state=0
[VERBATIM] POLL: _poll_controls() entered, game_state=0
[DIAG] _poll_controls: EXIT (IN_PLANE branch)
[AUDIT] poll_forensic_hud: ENTER
[DIAG] _physics_process: ENTER, state=0
[DIAG] _physics_process: IN_PLANE branch entered
[DIAG] _physics_process: plane position updated to (643.5825, 1853.8, 475.1858)
[DIAG] _physics_process: checking camera follow
[DIAG] _physics_process: plane and camera valid, updating camera
[DIAG] _physics_process: camera moved from (645.0051, 1905.516, 306.0691) to (643.5825, 1905.516, 308.002)
[DIAG] _physics_process: IN_PLANE returning
[AUDIT] poll_forensic_hud: ENTER
[DIAG] _physics_process: ENTER, state=0
[DIAG] _physics_process: IN_PLANE branch entered
[DIAG] _physics_process: plane position updated to (642.1541, 1853.8, 477.1144)
[DIAG] _physics_process: checking camera follow
[DIAG] _physics_process: plane and camera valid, updating camera
[DIAG] _physics_process: camera moved from (643.5825, 1905.516, 308.002) to (642.1541, 1905.516, 309.9305)
[DIAG] _physics_process: IN_PLANE returning
[DIAG] _poll_controls: ENTER, state=0
[VERBATIM] POLL: _poll_controls() entered, game_state=0
[DIAG] _poll_controls: EXIT (IN_PLANE branch)
[AUDIT] poll_forensic_hud: ENTER
[DIAG] _physics_process: ENTER, state=0
[DIAG] _physics_process: IN_PLANE branch entered
[DIAG] _physics_process: plane position updated to (640.7198, 1853.8, 479.0388)
[DIAG] _physics_process: checking camera follow
[DIAG] _physics_process: plane and camera valid, updating camera
[DIAG] _physics_process: camera moved from (642.1541, 1905.516, 309.9305) to (640.7198, 1905.516, 311.8549)
[DIAG] _physics_process: IN_PLANE returning
[DIAG] _poll_controls: ENTER, state=0
[VERBATIM] POLL: _poll_controls() entered, game_state=0
[DIAG] _poll_controls: EXIT (IN_PLANE branch)
[AUDIT] poll_forensic_hud: ENTER
[DIAG] _physics_process: ENTER, state=0
[DIAG] _physics_process: IN_PLANE branch entered
[DIAG] _physics_process: plane position updated to (639.2798, 1853.8, 480.9587)
[DIAG] _physics_process: checking camera follow
[DIAG] _physics_process: plane and camera valid, updating camera
[DIAG] _physics_process: camera moved from (640.7198, 1905.516, 311.8549) to (639.2798, 1905.516, 313.7748)
[DIAG] _physics_process: IN_PLANE returning
[DIAG] _poll_controls: ENTER, state=0
[VERBATIM] POLL: _poll_controls() entered, game_state=0
[DIAG] _poll_controls: EXIT (IN_PLANE branch)
[AUDIT] poll_forensic_hud: ENTER
[DIAG] _physics_process: ENTER, state=0
[DIAG] _physics_process: IN_PLANE branch entered
[DIAG] _physics_process: plane position updated to (637.834, 1853.8, 482.8744)
[DIAG] _physics_process: checking camera follow
[DIAG] _physics_process: plane and camera valid, updating camera
[DIAG] _physics_process: camera moved from (639.2798, 1905.516, 313.7748) to (637.834, 1905.516, 315.6906)
[DIAG] _physics_process: IN_PLANE returning
[AUDIT] poll_forensic_hud: ENTER
[DIAG] _physics_process: ENTER, state=0
[DIAG] _physics_process: IN_PLANE branch entered
[DIAG] _physics_process: plane position updated to (636.3826, 1853.8, 484.7857)
[DIAG] _physics_process: checking camera follow
[DIAG] _physics_process: plane and camera valid, updating camera
[DIAG] _physics_process: camera moved from (637.834, 1905.516, 315.6906) to (636.3826, 1905.516, 317.6019)
[DIAG] _physics_process: IN_PLANE returning
[DIAG] _poll_controls: ENTER, state=0
[VERBATIM] POLL: _poll_controls() entered, game_state=0
[DIAG] _poll_controls: EXIT (IN_PLANE branch)
[AUDIT] poll_forensic_hud: ENTER
[DIAG] _physics_process: ENTER, state=0
[DIAG] _physics_process: IN_PLANE branch entered
[DIAG] _physics_process: plane position updated to (634.9254, 1853.8, 486.6927)
[DIAG] _physics_process: checking camera follow
[DIAG] _physics_process: plane and camera valid, updating camera
[DIAG] _physics_process: camera moved from (636.3826, 1905.516, 317.6019) to (634.9254, 1905.516, 319.5089)
[DIAG] _physics_process: IN_PLANE returning
[DIAG] _poll_controls: ENTER, state=0
[VERBATIM] POLL: _poll_controls() entered, game_state=0
[DIAG] _poll_controls: EXIT (IN_PLANE branch)
[AUDIT] poll_forensic_hud: ENTER
[DIAG] _physics_process: ENTER, state=0
[DIAG] _physics_process: IN_PLANE branch entered
[DIAG] _physics_process: plane position updated to (633.4624, 1853.8, 488.5953)
[DIAG] _physics_process: checking camera follow
[DIAG] _physics_process: plane and camera valid, updating camera
[DIAG] _physics_process: camera moved from (634.9254, 1905.516, 319.5089) to (633.4624, 1905.516, 321.4114)
[DIAG] _physics_process: IN_PLANE returning
[DIAG] _poll_controls: ENTER, state=0
[VERBATIM] POLL: _poll_controls() entered, game_state=0
[DIAG] _poll_controls: EXIT (IN_PLANE branch)
[AUDIT] poll_forensic_hud: ENTER
[DIAG] _physics_process: ENTER, state=0
[DIAG] _physics_process: IN_PLANE branch entered
[DIAG] _physics_process: plane position updated to (631.9938, 1853.8, 490.4935)
[DIAG] _physics_process: checking camera follow
[DIAG] _physics_process: plane and camera valid, updating camera
[DIAG] _physics_process: camera moved from (633.4624, 1905.516, 321.4114) to (631.9938, 1905.516, 323.3096)
[DIAG] _physics_process: IN_PLANE returning
[AUDIT] poll_forensic_hud: ENTER
[DIAG] _physics_process: ENTER, state=0
[DIAG] _physics_process: IN_PLANE branch entered
[DIAG] _physics_process: plane position updated to (630.5195, 1853.8, 492.3873)
[DIAG] _physics_process: checking camera follow
[DIAG] _physics_process: plane and camera valid, updating camera
[DIAG] _physics_process: camera moved from (631.9938, 1905.516, 323.3096) to (630.5195, 1905.516, 325.2034)
[DIAG] _physics_process: IN_PLANE returning
[DIAG] _poll_controls: ENTER, state=0
[VERBATIM] POLL: _poll_controls() entered, game_state=0
[DIAG] _poll_controls: EXIT (IN_PLANE branch)
[AUDIT] poll_forensic_hud: ENTER
[DIAG] _physics_process: ENTER, state=0
[DIAG] _physics_process: IN_PLANE branch entered
[DIAG] _physics_process: plane position updated to (629.0395, 1853.8, 494.2766)
[DIAG] _physics_process: checking camera follow
[DIAG] _physics_process: plane and camera valid, updating camera
[DIAG] _physics_process: camera moved from (630.5195, 1905.516, 325.2034) to (629.0395, 1905.516, 327.0927)
[DIAG] _physics_process: IN_PLANE returning
[DIAG] _poll_controls: ENTER, state=0
[VERBATIM] POLL: _poll_controls() entered, game_state=0
[DIAG] _poll_controls: EXIT (IN_PLANE branch)
[AUDIT] poll_forensic_hud: ENTER
[DIAG] _physics_process: ENTER, state=0
[DIAG] _physics_process: IN_PLANE branch entered
[DIAG] _physics_process: plane position updated to (627.5538, 1853.8, 496.1615)
[DIAG] _physics_process: checking camera follow
[DIAG] _physics_process: plane and camera valid, updating camera
[DIAG] _physics_process: camera moved from (629.0395, 1905.516, 327.0927) to (627.5538, 1905.516, 328.9776)
[DIAG] _physics_process: IN_PLANE returning
[DIAG] _poll_controls: ENTER, state=0
[VERBATIM] POLL: _poll_controls() entered, game_state=0
[DIAG] _poll_controls: EXIT (IN_PLANE branch)
[AUDIT] poll_forensic_hud: ENTER
[DIAG] _physics_process: ENTER, state=0
[DIAG] _physics_process: IN_PLANE branch entered
[DIAG] _physics_process: plane position updated to (626.0625, 1853.8, 498.0419)
[DIAG] _physics_process: checking camera follow
[DIAG] _physics_process: plane and camera valid, updating camera
[DIAG] _physics_process: camera moved from (627.5538, 1905.516, 328.9776) to (626.0625, 1905.516, 330.858)
[DIAG] _physics_process: IN_PLANE returning
[AUDIT] poll_forensic_hud: ENTER
[DIAG] _physics_process: ENTER, state=0
[DIAG] _physics_process: IN_PLANE branch entered
[DIAG] _physics_process: plane position updated to (624.5656, 1853.8, 499.9178)
[DIAG] _physics_process: checking camera follow
[DIAG] _physics_process: plane and camera valid, updating camera
[DIAG] _physics_process: camera moved from (626.0625, 1905.516, 330.858) to (624.5656, 1905.516, 332.7339)
[DIAG] _physics_process: IN_PLANE returning
[DIAG] _poll_controls: ENTER, state=0
[VERBATIM] POLL: _poll_controls() entered, game_state=0
[DIAG] _poll_controls: EXIT (IN_PLANE branch)
[AUDIT] poll_forensic_hud: ENTER
[DIAG] _physics_process: ENTER, state=0
[DIAG] _physics_process: IN_PLANE branch entered
[DIAG] _physics_process: plane position updated to (623.063, 1853.8, 501.7893)
[DIAG] _physics_process: checking camera follow
[DIAG] _physics_process: plane and camera valid, updating camera
[DIAG] _physics_process: camera moved from (624.5656, 1905.516, 332.7339) to (623.063, 1905.516, 334.6054)
[DIAG] _physics_process: IN_PLANE returning
[DIAG] _poll_controls: ENTER, state=0
[VERBATIM] POLL: _poll_controls() entered, game_state=0
[DIAG] _poll_controls: EXIT (IN_PLANE branch)
[AUDIT] poll_forensic_hud: ENTER
[DIAG] _physics_process: ENTER, state=0
[DIAG] _physics_process: IN_PLANE branch entered
[DIAG] _physics_process: plane position updated to (621.5548, 1853.8, 503.6562)
[DIAG] _physics_process: checking camera follow
[DIAG] _physics_process: plane and camera valid, updating camera
[DIAG] _physics_process: camera moved from (623.063, 1905.516, 334.6054) to (621.5548, 1905.516, 336.4724)
[DIAG] _physics_process: IN_PLANE returning
[DIAG] _poll_controls: ENTER, state=0
[VERBATIM] POLL: _poll_controls() entered, game_state=0
[DIAG] _poll_controls: EXIT (IN_PLANE branch)
[AUDIT] poll_forensic_hud: ENTER
[DIAG] _physics_process: ENTER, state=0
[DIAG] _physics_process: IN_PLANE branch entered
[DIAG] _physics_process: plane position updated to (620.0411, 1853.8, 505.5186)
[DIAG] _physics_process: checking camera follow
[DIAG] _physics_process: plane and camera valid, updating camera
[DIAG] _physics_process: camera moved from (621.5548, 1905.516, 336.4724) to (620.0411, 1905.516, 338.3347)
[DIAG] _physics_process: IN_PLANE returning
[AUDIT] poll_forensic_hud: ENTER
[DIAG] _physics_process: ENTER, state=0
[DIAG] _physics_process: IN_PLANE branch entered
[DIAG] _physics_process: plane position updated to (618.5217, 1853.8, 507.3765)
[DIAG] _physics_process: checking camera follow
[DIAG] _physics_process: plane and camera valid, updating camera
[DIAG] _physics_process: camera moved from (620.0411, 1905.516, 338.3347) to (618.5217, 1905.516, 340.1926)
[DIAG] _physics_process: IN_PLANE returning
[DIAG] _poll_controls: ENTER, state=0
[VERBATIM] POLL: _poll_controls() entered, game_state=0
[DIAG] _poll_controls: EXIT (IN_PLANE branch)
[AUDIT] poll_forensic_hud: ENTER
[DIAG] _physics_process: ENTER, state=0
[DIAG] _physics_process: IN_PLANE branch entered
[DIAG] _physics_process: plane position updated to (616.9968, 1853.8, 509.2297)
[DIAG] _physics_process: checking camera follow
[DIAG] _physics_process: plane and camera valid, updating camera
[DIAG] _physics_process: camera moved from (618.5217, 1905.516, 340.1926) to (616.9968, 1905.516, 342.0458)
[DIAG] _physics_process: IN_PLANE returning
[DIAG] _poll_controls: ENTER, state=0
[VERBATIM] POLL: _poll_controls() entered, game_state=0
[DIAG] _poll_controls: EXIT (IN_PLANE branch)
[AUDIT] poll_forensic_hud: ENTER
[DIAG] _physics_process: ENTER, state=0
[DIAG] _physics_process: IN_PLANE branch entered
[DIAG] _physics_process: plane position updated to (615.4664, 1853.8, 511.0784)
[DIAG] _physics_process: checking camera follow
[DIAG] _physics_process: plane and camera valid, updating camera
[DIAG] _physics_process: camera moved from (616.9968, 1905.516, 342.0458) to (615.4664, 1905.516, 343.8945)
[DIAG] _physics_process: IN_PLANE returning
[DIAG] _poll_controls: ENTER, state=0
[VERBATIM] POLL: _poll_controls() entered, game_state=0
[DIAG] _poll_controls: EXIT (IN_PLANE branch)
[AUDIT] poll_forensic_hud: ENTER
[DIAG] _physics_process: ENTER, state=0
[DIAG] _physics_process: IN_PLANE branch entered
[DIAG] _physics_process: plane position updated to (613.9304, 1853.8, 512.9225)
[DIAG] _physics_process: checking camera follow
[DIAG] _physics_process: plane and camera valid, updating camera
[DIAG] _physics_process: camera moved from (615.4664, 1905.516, 343.8945) to (613.9304, 1905.516, 345.7386)
[DIAG] _physics_process: IN_PLANE returning
[AUDIT] poll_forensic_hud: ENTER
[DIAG] _physics_process: ENTER, state=0
[DIAG] _physics_process: IN_PLANE branch entered
[DIAG] _physics_process: plane position updated to (612.3888, 1853.8, 514.762)
[DIAG] _physics_process: checking camera follow
[DIAG] _physics_process: plane and camera valid, updating camera
[DIAG] _physics_process: camera moved from (613.9304, 1905.516, 345.7386) to (612.3888, 1905.516, 347.5781)
[DIAG] _physics_process: IN_PLANE returning
[DIAG] _poll_controls: ENTER, state=0
[VERBATIM] POLL: _poll_controls() entered, game_state=0
[DIAG] _poll_controls: EXIT (IN_PLANE branch)
[AUDIT] poll_forensic_hud: ENTER
[DIAG] _physics_process: ENTER, state=0
[DIAG] _physics_process: IN_PLANE branch entered
[DIAG] _physics_process: plane position updated to (610.8418, 1853.8, 516.5969)
[DIAG] _physics_process: checking camera follow
[DIAG] _physics_process: plane and camera valid, updating camera
[DIAG] _physics_process: camera moved from (612.3888, 1905.516, 347.5781) to (610.8418, 1905.516, 349.413)
[DIAG] _physics_process: IN_PLANE returning
[DIAG] _poll_controls: ENTER, state=0
[VERBATIM] POLL: _poll_controls() entered, game_state=0
[DIAG] _poll_controls: EXIT (IN_PLANE branch)
[AUDIT] poll_forensic_hud: ENTER
[DIAG] _physics_process: ENTER, state=0
[DIAG] _physics_process: IN_PLANE branch entered
[DIAG] _physics_process: plane position updated to (609.2892, 1853.8, 518.4271)
[DIAG] _physics_process: checking camera follow
[DIAG] _physics_process: plane and camera valid, updating camera
[DIAG] _physics_process: camera moved from (610.8418, 1905.516, 349.413) to (609.2892, 1905.516, 351.2432)
[DIAG] _physics_process: IN_PLANE returning
[AUDIT] poll_forensic_hud: ENTER
[DIAG] _physics_process: ENTER, state=0
[DIAG] _physics_process: IN_PLANE branch entered
[DIAG] _physics_process: plane position updated to (607.7312, 1853.8, 520.2526)
[DIAG] _physics_process: checking camera follow
[DIAG] _physics_process: plane and camera valid, updating camera
[DIAG] _physics_process: camera moved from (609.2892, 1905.516, 351.2432) to (607.7312, 1905.516, 353.0687)
[DIAG] _physics_process: IN_PLANE returning
[DIAG] _poll_controls: ENTER, state=0
[VERBATIM] POLL: _poll_controls() entered, game_state=0
[DIAG] _poll_controls: EXIT (IN_PLANE branch)
[AUDIT] poll_forensic_hud: ENTER
[DIAG] _physics_process: ENTER, state=0
[DIAG] _physics_process: IN_PLANE branch entered
[DIAG] _physics_process: plane position updated to (606.1677, 1853.8, 522.0734)
[DIAG] _physics_process: checking camera follow
[DIAG] _physics_process: plane and camera valid, updating camera
[DIAG] _physics_process: camera moved from (607.7312, 1905.516, 353.0687) to (606.1677, 1905.516, 354.8895)
[DIAG] _physics_process: IN_PLANE returning
[DIAG] _poll_controls: ENTER, state=0
[VERBATIM] POLL: _poll_controls() entered, game_state=0
[DIAG] _poll_controls: EXIT (IN_PLANE branch)
[AUDIT] poll_forensic_hud: ENTER
[DIAG] _physics_process: ENTER, state=0
[DIAG] _physics_process: IN_PLANE branch entered
[DIAG] _physics_process: plane position updated to (604.5988, 1853.8, 523.8896)
[DIAG] _physics_process: checking camera follow
[DIAG] _physics_process: plane and camera valid, updating camera
[DIAG] _physics_process: camera moved from (606.1677, 1905.516, 354.8895) to (604.5988, 1905.516, 356.7057)
[DIAG] _physics_process: IN_PLANE returning
[DIAG] _poll_controls: ENTER, state=0
[VERBATIM] POLL: _poll_controls() entered, game_state=0
[DIAG] _poll_controls: EXIT (IN_PLANE branch)
[AUDIT] poll_forensic_hud: ENTER
[DIAG] _physics_process: ENTER, state=0
[DIAG] _physics_process: IN_PLANE branch entered
[DIAG] _physics_process: plane position updated to (603.0244, 1853.8, 525.701)
[DIAG] _physics_process: checking camera follow
[DIAG] _physics_process: plane and camera valid, updating camera
[DIAG] _physics_process: camera moved from (604.5988, 1905.516, 356.7057) to (603.0244, 1905.516, 358.5172)
[DIAG] _physics_process: IN_PLANE returning
[AUDIT] poll_forensic_hud: ENTER
[DIAG] _physics_process: ENTER, state=0
[DIAG] _physics_process: IN_PLANE branch entered
[DIAG] _physics_process: plane position updated to (601.4446, 1853.8, 527.5078)
[DIAG] _physics_process: checking camera follow
[DIAG] _physics_process: plane and camera valid, updating camera
[DIAG] _physics_process: camera moved from (603.0244, 1905.516, 358.5172) to (601.4446, 1905.516, 360.3239)
[DIAG] _physics_process: IN_PLANE returning
[DIAG] _poll_controls: ENTER, state=0
[VERBATIM] POLL: _poll_controls() entered, game_state=0
[DIAG] _poll_controls: EXIT (IN_PLANE branch)
[VERBATIM] Wind updated: 12.5 kts @ 240.0°
[AUDIT] poll_forensic_hud: ENTER
[DIAG] _physics_process: ENTER, state=0
[DIAG] _physics_process: IN_PLANE branch entered
[DIAG] _physics_process: plane position updated to (599.8594, 1853.8, 529.3097)
[DIAG] _physics_process: checking camera follow
[DIAG] _physics_process: plane and camera valid, updating camera
[DIAG] _physics_process: camera moved from (601.4446, 1905.516, 360.3239) to (599.8594, 1905.516, 362.1258)
[DIAG] _physics_process: IN_PLANE returning
[DIAG] _poll_controls: ENTER, state=0
[VERBATIM] POLL: _poll_controls() entered, game_state=0
[DIAG] _poll_controls: EXIT (IN_PLANE branch)
[AUDIT] poll_forensic_hud: ENTER
[PIPLIVE] eye=(100.0, 1830.5, -100.0) state=0 deployed=false framing=aircraft/sky
[DIAG] _physics_process: ENTER, state=0
[DIAG] _physics_process: IN_PLANE branch entered
[DIAG] _physics_process: plane position updated to (598.2687, 1853.8, 531.1069)
[DIAG] _physics_process: checking camera follow
[DIAG] _physics_process: plane and camera valid, updating camera
[DIAG] _physics_process: camera moved from (599.8594, 1905.516, 362.1258) to (598.2687, 1905.516, 363.923)
[DIAG] _physics_process: IN_PLANE returning
[DIAG] _poll_controls: ENTER, state=0
[VERBATIM] POLL: _poll_controls() entered, game_state=0
[DIAG] _poll_controls: EXIT (IN_PLANE branch)
[AUDIT] poll_forensic_hud: ENTER
[DIAG] _physics_process: ENTER, state=0
[DIAG] _physics_process: IN_PLANE branch entered
[DIAG] _physics_process: plane position updated to (596.6727, 1853.8, 532.8993)
[DIAG] _physics_process: checking camera follow
[DIAG] _physics_process: plane and camera valid, updating camera
[DIAG] _physics_process: camera moved from (598.2687, 1905.516, 363.923) to (596.6727, 1905.516, 365.7154)
[DIAG] _physics_process: IN_PLANE returning
[AUDIT] poll_forensic_hud: ENTER
[DIAG] _physics_process: ENTER, state=0
[DIAG] _physics_process: IN_PLANE branch entered
[DIAG] _physics_process: plane position updated to (595.0714, 1853.8, 534.6869)
[DIAG] _physics_process: checking camera follow
[DIAG] _physics_process: plane and camera valid, updating camera
[DIAG] _physics_process: camera moved from (596.6727, 1905.516, 365.7154) to (595.0714, 1905.516, 367.503)
[DIAG] _physics_process: IN_PLANE returning
[DIAG] _poll_controls: ENTER, state=0
[VERBATIM] POLL: _poll_controls() entered, game_state=0
[DIAG] _poll_controls: EXIT (IN_PLANE branch)
[AUDIT] poll_forensic_hud: ENTER
[DIAG] _physics_process: ENTER, state=0
[DIAG] _physics_process: IN_PLANE branch entered
[DIAG] _physics_process: plane position updated to (593.4646, 1853.8, 536.4697)
[DIAG] _physics_process: checking camera follow
[DIAG] _physics_process: plane and camera valid, updating camera
[DIAG] _physics_process: camera moved from (595.0714, 1905.516, 367.503) to (593.4646, 1905.516, 369.2858)
[DIAG] _physics_process: IN_PLANE returning
[DIAG] _poll_controls: ENTER, state=0
[VERBATIM] POLL: _poll_controls() entered, game_state=0
[DIAG] _poll_controls: EXIT (IN_PLANE branch)
[AUDIT] poll_forensic_hud: ENTER
[DIAG] _physics_process: ENTER, state=0
[DIAG] _physics_process: IN_PLANE branch entered
[DIAG] _physics_process: plane position updated to (591.8525, 1853.8, 538.2477)
[DIAG] _physics_process: checking camera follow
[DIAG] _physics_process: plane and camera valid, updating camera
[DIAG] _physics_process: camera moved from (593.4646, 1905.516, 369.2858) to (591.8525, 1905.516, 371.0638)
[DIAG] _physics_process: IN_PLANE returning
[DIAG] _poll_controls: ENTER, state=0
[VERBATIM] POLL: _poll_controls() entered, game_state=0
[DIAG] _poll_controls: EXIT (IN_PLANE branch)
[AUDIT] poll_forensic_hud: ENTER
[DIAG] _physics_process: ENTER, state=0
[DIAG] _physics_process: IN_PLANE branch entered
[DIAG] _physics_process: plane position updated to (590.2351, 1853.8, 540.0208)
[DIAG] _physics_process: checking camera follow
[DIAG] _physics_process: plane and camera valid, updating camera
[DIAG] _physics_process: camera moved from (591.8525, 1905.516, 371.0638) to (590.2351, 1905.516, 372.8369)
[DIAG] _physics_process: IN_PLANE returning
[AUDIT] poll_forensic_hud: ENTER
[DIAG] _physics_process: ENTER, state=0
[DIAG] _physics_process: IN_PLANE branch entered
[DIAG] _physics_process: plane position updated to (588.6124, 1853.8, 541.7891)
[DIAG] _physics_process: checking camera follow
[DIAG] _physics_process: plane and camera valid, updating camera
[DIAG] _physics_process: camera moved from (590.2351, 1905.516, 372.8369) to (588.6124, 1905.516, 374.6052)
[DIAG] _physics_process: IN_PLANE returning
[DIAG] _poll_controls: ENTER, state=0
[VERBATIM] POLL: _poll_controls() entered, game_state=0
[DIAG] _poll_controls: EXIT (IN_PLANE branch)
[AUDIT] poll_forensic_hud: ENTER
[DIAG] _physics_process: ENTER, state=0
[DIAG] _physics_process: IN_PLANE branch entered
[DIAG] _physics_process: plane position updated to (586.9844, 1853.8, 543.5525)
[DIAG] _physics_process: checking camera follow
[DIAG] _physics_process: plane and camera valid, updating camera
[DIAG] _physics_process: camera moved from (588.6124, 1905.516, 374.6052) to (586.9844, 1905.516, 376.3686)
[DIAG] _physics_process: IN_PLANE returning
[DIAG] _poll_controls: ENTER, state=0
[VERBATIM] POLL: _poll_controls() entered, game_state=0
[DIAG] _poll_controls: EXIT (IN_PLANE branch)
[AUDIT] poll_forensic_hud: ENTER
[DIAG] _physics_process: ENTER, state=0
[DIAG] _physics_process: IN_PLANE branch entered
[DIAG] _physics_process: plane position updated to (585.3511, 1853.8, 545.311)
[DIAG] _physics_process: checking camera follow
[DIAG] _physics_process: plane and camera valid, updating camera
[DIAG] _physics_process: camera moved from (586.9844, 1905.516, 376.3686) to (585.3511, 1905.516, 378.1271)
[DIAG] _physics_process: IN_PLANE returning
[DIAG] _poll_controls: ENTER, state=0
[VERBATIM] POLL: _poll_controls() entered, game_state=0
[DIAG] _poll_controls: EXIT (IN_PLANE branch)
[AUDIT] poll_forensic_hud: ENTER
[DIAG] _physics_process: ENTER, state=0
[DIAG] _physics_process: IN_PLANE branch entered
[DIAG] _physics_process: plane position updated to (583.7125, 1853.8, 547.0646)
[DIAG] _physics_process: checking camera follow
[DIAG] _physics_process: plane and camera valid, updating camera
[DIAG] _physics_process: camera moved from (585.3511, 1905.516, 378.1271) to (583.7125, 1905.516, 379.8807)
[DIAG] _physics_process: IN_PLANE returning
[AUDIT] poll_forensic_hud: ENTER
[DIAG] _physics_process: ENTER, state=0
[DIAG] _physics_process: IN_PLANE branch entered
[DIAG] _physics_process: plane position updated to (582.0687, 1853.8, 548.8133)
[DIAG] _physics_process: checking camera follow
[DIAG] _physics_process: plane and camera valid, updating camera
[DIAG] _physics_process: camera moved from (583.7125, 1905.516, 379.8807) to (582.0687, 1905.516, 381.6294)
[DIAG] _physics_process: IN_PLANE returning
[DIAG] _poll_controls: ENTER, state=0
[VERBATIM] POLL: _poll_controls() entered, game_state=0
[DIAG] _poll_controls: EXIT (IN_PLANE branch)
[AUDIT] poll_forensic_hud: ENTER
[DIAG] _physics_process: ENTER, state=0
[DIAG] _physics_process: IN_PLANE branch entered
[DIAG] _physics_process: plane position updated to (580.4197, 1853.8, 550.557)
[DIAG] _physics_process: checking camera follow
[DIAG] _physics_process: plane and camera valid, updating camera
[DIAG] _physics_process: camera moved from (582.0687, 1905.516, 381.6294) to (580.4197, 1905.516, 383.3731)
[DIAG] _physics_process: IN_PLANE returning
[DIAG] _poll_controls: ENTER, state=0
[VERBATIM] POLL: _poll_controls() entered, game_state=0
[DIAG] _poll_controls: EXIT (IN_PLANE branch)
[AUDIT] poll_forensic_hud: ENTER
[DIAG] _physics_process: ENTER, state=0
[DIAG] _physics_process: IN_PLANE branch entered
[DIAG] _physics_process: plane position updated to (578.7654, 1853.8, 552.2958)
[DIAG] _physics_process: checking camera follow
[DIAG] _physics_process: plane and camera valid, updating camera
[DIAG] _physics_process: camera moved from (580.4197, 1905.516, 383.3731) to (578.7654, 1905.516, 385.1119)
[DIAG] _physics_process: IN_PLANE returning
[AUDIT] poll_forensic_hud: ENTER
[DIAG] _physics_process: ENTER, state=0
[DIAG] _physics_process: IN_PLANE branch entered
[DIAG] _physics_process: plane position updated to (577.1059, 1853.8, 554.0296)
[DIAG] _physics_process: checking camera follow
[DIAG] _physics_process: plane and camera valid, updating camera
[DIAG] _physics_process: camera moved from (578.7654, 1905.516, 385.1119) to (577.1059, 1905.516, 386.8457)
[DIAG] _physics_process: IN_PLANE returning
[DIAG] _poll_controls: ENTER, state=0
[VERBATIM] POLL: _poll_controls() entered, game_state=0
[DIAG] _poll_controls: EXIT (IN_PLANE branch)
[AUDIT] poll_forensic_hud: ENTER
[DIAG] _physics_process: ENTER, state=0
[DIAG] _physics_process: IN_PLANE branch entered
[DIAG] _physics_process: plane position updated to (575.4412, 1853.8, 555.7584)
[DIAG] _physics_process: checking camera follow
[DIAG] _physics_process: plane and camera valid, updating camera
[DIAG] _physics_process: camera moved from (577.1059, 1905.516, 386.8457) to (575.4412, 1905.516, 388.5745)
[DIAG] _physics_process: IN_PLANE returning
[DIAG] _poll_controls: ENTER, state=0
[VERBATIM] POLL: _poll_controls() entered, game_state=0
[DIAG] _poll_controls: EXIT (IN_PLANE branch)
[AUDIT] poll_forensic_hud: ENTER
[DIAG] _physics_process: ENTER, state=0
[DIAG] _physics_process: IN_PLANE branch entered
[DIAG] _physics_process: plane position updated to (573.7714, 1853.8, 557.4822)
[DIAG] _physics_process: checking camera follow
[DIAG] _physics_process: plane and camera valid, updating camera
[DIAG] _physics_process: camera moved from (575.4412, 1905.516, 388.5745) to (573.7714, 1905.516, 390.2983)
[DIAG] _physics_process: IN_PLANE returning
[DIAG] _poll_controls: ENTER, state=0
[VERBATIM] POLL: _poll_controls() entered, game_state=0
[DIAG] _poll_controls: EXIT (IN_PLANE branch)
[AUDIT] poll_forensic_hud: ENTER
[DIAG] _physics_process: ENTER, state=0
[DIAG] _physics_process: IN_PLANE branch entered
[DIAG] _physics_process: plane position updated to (572.0963, 1853.8, 559.201)
[DIAG] _physics_process: checking camera follow
[DIAG] _physics_process: plane and camera valid, updating camera
[DIAG] _physics_process: camera moved from (573.7714, 1905.516, 390.2983) to (572.0963, 1905.516, 392.0172)
[DIAG] _physics_process: IN_PLANE returning
[AUDIT] poll_forensic_hud: ENTER
[DIAG] _physics_process: ENTER, state=0
[DIAG] _physics_process: IN_PLANE branch entered
[DIAG] _physics_process: plane position updated to (570.4161, 1853.8, 560.9148)
[DIAG] _physics_process: checking camera follow
[DIAG] _physics_process: plane and camera valid, updating camera
[DIAG] _physics_process: camera moved from (572.0963, 1905.516, 392.0172) to (570.4161, 1905.516, 393.7309)
[DIAG] _physics_process: IN_PLANE returning
[DIAG] _poll_controls: ENTER, state=0
[VERBATIM] POLL: _poll_controls() entered, game_state=0
[DIAG] _poll_controls: EXIT (IN_PLANE branch)
[AUDIT] poll_forensic_hud: ENTER
[DIAG] _physics_process: ENTER, state=0
[DIAG] _physics_process: IN_PLANE branch entered
[DIAG] _physics_process: plane position updated to (568.7308, 1853.8, 562.6235)
[DIAG] _physics_process: checking camera follow
[DIAG] _physics_process: plane and camera valid, updating camera
[DIAG] _physics_process: camera moved from (570.4161, 1905.516, 393.7309) to (568.7308, 1905.516, 395.4396)
[DIAG] _physics_process: IN_PLANE returning
[DIAG] _poll_controls: ENTER, state=0
[VERBATIM] POLL: _poll_controls() entered, game_state=0
[DIAG] _poll_controls: EXIT (IN_PLANE branch)
[AUDIT] poll_forensic_hud: ENTER
[DIAG] _physics_process: ENTER, state=0
[DIAG] _physics_process: IN_PLANE branch entered
[DIAG] _physics_process: plane position updated to (567.0404, 1853.8, 564.3272)
[DIAG] _physics_process: checking camera follow
[DIAG] _physics_process: plane and camera valid, updating camera
[DIAG] _physics_process: camera moved from (568.7308, 1905.516, 395.4396) to (567.0404, 1905.516, 397.1433)
[DIAG] _physics_process: IN_PLANE returning
[DIAG] _poll_controls: ENTER, state=0
[VERBATIM] POLL: _poll_controls() entered, game_state=0
[DIAG] _poll_controls: EXIT (IN_PLANE branch)
[AUDIT] poll_forensic_hud: ENTER
[DIAG] _physics_process: ENTER, state=0
[DIAG] _physics_process: IN_PLANE branch entered
[DIAG] _physics_process: plane position updated to (565.3448, 1853.8, 566.0258)
[DIAG] _physics_process: checking camera follow
[DIAG] _physics_process: plane and camera valid, updating camera
[DIAG] _physics_process: camera moved from (567.0404, 1905.516, 397.1433) to (565.3448, 1905.516, 398.8419)
[DIAG] _physics_process: IN_PLANE returning
[AUDIT] poll_forensic_hud: ENTER
[DIAG] _physics_process: ENTER, state=0
[DIAG] _physics_process: IN_PLANE branch entered
[DIAG] _physics_process: plane position updated to (563.6442, 1853.8, 567.7192)
[DIAG] _physics_process: checking camera follow
[DIAG] _physics_process: plane and camera valid, updating camera
[DIAG] _physics_process: camera moved from (565.3448, 1905.516, 398.8419) to (563.6442, 1905.516, 400.5353)
[DIAG] _physics_process: IN_PLANE returning
[DIAG] _poll_controls: ENTER, state=0
[VERBATIM] POLL: _poll_controls() entered, game_state=0
[DIAG] _poll_controls: EXIT (IN_PLANE branch)
[AUDIT] poll_forensic_hud: ENTER
[DIAG] _physics_process: ENTER, state=0
[DIAG] _physics_process: IN_PLANE branch entered
[DIAG] _physics_process: plane position updated to (561.9385, 1853.8, 569.4077)
[DIAG] _physics_process: checking camera follow
[DIAG] _physics_process: plane and camera valid, updating camera
[DIAG] _physics_process: camera moved from (563.6442, 1905.516, 400.5353) to (561.9385, 1905.516, 402.2238)
[DIAG] _physics_process: IN_PLANE returning
[DIAG] _poll_controls: ENTER, state=0
[VERBATIM] POLL: _poll_controls() entered, game_state=0
[DIAG] _poll_controls: EXIT (IN_PLANE branch)
[AUDIT] poll_forensic_hud: ENTER
[DIAG] _physics_process: ENTER, state=0
[DIAG] _physics_process: IN_PLANE branch entered
[DIAG] _physics_process: plane position updated to (560.2278, 1853.8, 571.0909)
[DIAG] _physics_process: checking camera follow
[DIAG] _physics_process: plane and camera valid, updating camera
[DIAG] _physics_process: camera moved from (561.9385, 1905.516, 402.2238) to (560.2278, 1905.516, 403.907)
[DIAG] _physics_process: IN_PLANE returning
[DIAG] _poll_controls: ENTER, state=0
[VERBATIM] POLL: _poll_controls() entered, game_state=0
[DIAG] _poll_controls: EXIT (IN_PLANE branch)
[AUDIT] poll_forensic_hud: ENTER
[DIAG] _physics_process: ENTER, state=0
[DIAG] _physics_process: IN_PLANE branch entered
[DIAG] _physics_process: plane position updated to (558.512, 1853.8, 572.769)
[DIAG] _physics_process: checking camera follow
[DIAG] _physics_process: plane and camera valid, updating camera
[DIAG] _physics_process: camera moved from (560.2278, 1905.516, 403.907) to (558.512, 1905.516, 405.5851)
[DIAG] _physics_process: IN_PLANE returning
[AUDIT] poll_forensic_hud: ENTER
[DIAG] _physics_process: ENTER, state=0
[DIAG] _physics_process: IN_PLANE branch entered
[DIAG] _physics_process: plane position updated to (556.7912, 1853.8, 574.442)
[DIAG] _physics_process: checking camera follow
[DIAG] _physics_process: plane and camera valid, updating camera
[DIAG] _physics_process: camera moved from (558.512, 1905.516, 405.5851) to (556.7912, 1905.516, 407.2581)
[DIAG] _physics_process: IN_PLANE returning
[DIAG] _poll_controls: ENTER, state=0
[VERBATIM] POLL: _poll_controls() entered, game_state=0
[DIAG] _poll_controls: EXIT (IN_PLANE branch)
[AUDIT] poll_forensic_hud: ENTER
[DIAG] _physics_process: ENTER, state=0
[DIAG] _physics_process: IN_PLANE branch entered
[DIAG] _physics_process: plane position updated to (555.0654, 1853.8, 576.1097)
[DIAG] _physics_process: checking camera follow
[DIAG] _physics_process: plane and camera valid, updating camera
[DIAG] _physics_process: camera moved from (556.7912, 1905.516, 407.2581) to (555.0654, 1905.516, 408.9258)
[DIAG] _physics_process: IN_PLANE returning
[DIAG] _poll_controls: ENTER, state=0
[VERBATIM] POLL: _poll_controls() entered, game_state=0
[DIAG] _poll_controls: EXIT (IN_PLANE branch)
[AUDIT] poll_forensic_hud: ENTER
[DIAG] _physics_process: ENTER, state=0
[DIAG] _physics_process: IN_PLANE branch entered
[DIAG] _physics_process: plane position updated to (553.3345, 1853.8, 577.7723)
[DIAG] _physics_process: checking camera follow
[DIAG] _physics_process: plane and camera valid, updating camera
[DIAG] _physics_process: camera moved from (555.0654, 1905.516, 408.9258) to (553.3345, 1905.516, 410.5884)
[DIAG] _physics_process: IN_PLANE returning
[AUDIT] poll_forensic_hud: ENTER
[DIAG] _physics_process: ENTER, state=0
[DIAG] _physics_process: IN_PLANE branch entered
[DIAG] _physics_process: plane position updated to (551.5988, 1853.8, 579.4297)
[DIAG] _physics_process: checking camera follow
[DIAG] _physics_process: plane and camera valid, updating camera
[DIAG] _physics_process: camera moved from (553.3345, 1905.516, 410.5884) to (551.5988, 1905.516, 412.2458)
[DIAG] _physics_process: IN_PLANE returning
[DIAG] _poll_controls: ENTER, state=0
[VERBATIM] POLL: _poll_controls() entered, game_state=0
[DIAG] _poll_controls: EXIT (IN_PLANE branch)
[AUDIT] poll_forensic_hud: ENTER
[DIAG] _physics_process: ENTER, state=0
[DIAG] _physics_process: IN_PLANE branch entered
[DIAG] _physics_process: plane position updated to (549.858, 1853.8, 581.0819)
[DIAG] _physics_process: checking camera follow
[DIAG] _physics_process: plane and camera valid, updating camera
[DIAG] _physics_process: camera moved from (551.5988, 1905.516, 412.2458) to (549.858, 1905.516, 413.898)
[DIAG] _physics_process: IN_PLANE returning
[DIAG] _poll_controls: ENTER, state=0
[VERBATIM] POLL: _poll_controls() entered, game_state=0
[DIAG] _poll_controls: EXIT (IN_PLANE branch)
[AUDIT] poll_forensic_hud: ENTER
[DIAG] _physics_process: ENTER, state=0
[DIAG] _physics_process: IN_PLANE branch entered
[DIAG] _physics_process: plane position updated to (548.1122, 1853.8, 582.7289)
[DIAG] _physics_process: checking camera follow
[DIAG] _physics_process: plane and camera valid, updating camera
[DIAG] _physics_process: camera moved from (549.858, 1905.516, 413.898) to (548.1122, 1905.516, 415.545)
[DIAG] _physics_process: IN_PLANE returning
[DIAG] _poll_controls: ENTER, state=0
[VERBATIM] POLL: _poll_controls() entered, game_state=0
[DIAG] _poll_controls: EXIT (IN_PLANE branch)
[AUDIT] poll_forensic_hud: ENTER
[DIAG] _physics_process: ENTER, state=0
[DIAG] _physics_process: IN_PLANE branch entered
[DIAG] _physics_process: plane position updated to (546.3616, 1853.8, 584.3706)
[DIAG] _physics_process: checking camera follow
[DIAG] _physics_process: plane and camera valid, updating camera
[DIAG] _physics_process: camera moved from (548.1122, 1905.516, 415.545) to (546.3616, 1905.516, 417.1867)
[DIAG] _physics_process: IN_PLANE returning
[AUDIT] poll_forensic_hud: ENTER
[DIAG] _physics_process: ENTER, state=0
[DIAG] _physics_process: IN_PLANE branch entered
[DIAG] _physics_process: plane position updated to (544.606, 1853.8, 586.007)
[DIAG] _physics_process: checking camera follow
[DIAG] _physics_process: plane and camera valid, updating camera
[DIAG] _physics_process: camera moved from (546.3616, 1905.516, 417.1867) to (544.606, 1905.516, 418.8231)
[DIAG] _physics_process: IN_PLANE returning
[DIAG] _poll_controls: ENTER, state=0
[VERBATIM] POLL: _poll_controls() entered, game_state=0
[DIAG] _poll_controls: EXIT (IN_PLANE branch)
[AUDIT] poll_forensic_hud: ENTER
[DIAG] _physics_process: ENTER, state=0
[DIAG] _physics_process: IN_PLANE branch entered
[DIAG] _physics_process: plane position updated to (542.8456, 1853.8, 587.6382)
[DIAG] _physics_process: checking camera follow
[DIAG] _physics_process: plane and camera valid, updating camera
[DIAG] _physics_process: camera moved from (544.606, 1905.516, 418.8231) to (542.8456, 1905.516, 420.4543)
[DIAG] _physics_process: IN_PLANE returning
[DIAG] _poll_controls: ENTER, state=0
[VERBATIM] POLL: _poll_controls() entered, game_state=0
[DIAG] _poll_controls: EXIT (IN_PLANE branch)
[AUDIT] poll_forensic_hud: ENTER
[DIAG] _physics_process: ENTER, state=0
[DIAG] _physics_process: IN_PLANE branch entered
[DIAG] _physics_process: plane position updated to (541.0802, 1853.8, 589.2641)
[DIAG] _physics_process: checking camera follow
[DIAG] _physics_process: plane and camera valid, updating camera
[DIAG] _physics_process: camera moved from (542.8456, 1905.516, 420.4543) to (541.0802, 1905.516, 422.0802)
[DIAG] _physics_process: IN_PLANE returning
[DIAG] _poll_controls: ENTER, state=0
[VERBATIM] POLL: _poll_controls() entered, game_state=0
[DIAG] _poll_controls: EXIT (IN_PLANE branch)
[AUDIT] poll_forensic_hud: ENTER
[DIAG] _physics_process: ENTER, state=0
[DIAG] _physics_process: IN_PLANE branch entered
[DIAG] _physics_process: plane position updated to (539.31, 1853.8, 590.8847)
[DIAG] _physics_process: checking camera follow
[DIAG] _physics_process: plane and camera valid, updating camera
[DIAG] _physics_process: camera moved from (541.0802, 1905.516, 422.0802) to (539.31, 1905.516, 423.7008)
[DIAG] _physics_process: IN_PLANE returning
[AUDIT] poll_forensic_hud: ENTER
[DIAG] _physics_process: ENTER, state=0
[DIAG] _physics_process: IN_PLANE branch entered
[DIAG] _physics_process: plane position updated to (537.5349, 1853.8, 592.5)
[DIAG] _physics_process: checking camera follow
[DIAG] _physics_process: plane and camera valid, updating camera
[DIAG] _physics_process: camera moved from (539.31, 1905.516, 423.7008) to (537.5349, 1905.516, 425.3161)
[DIAG] _physics_process: IN_PLANE returning
[DIAG] _poll_controls: ENTER, state=0
[VERBATIM] POLL: _poll_controls() entered, game_state=0
[DIAG] _poll_controls: EXIT (IN_PLANE branch)
[AUDIT] poll_forensic_hud: ENTER
[DIAG] _physics_process: ENTER, state=0
[DIAG] _physics_process: IN_PLANE branch entered
[DIAG] _physics_process: plane position updated to (535.755, 1853.8, 594.1099)
[DIAG] _physics_process: checking camera follow
[DIAG] _physics_process: plane and camera valid, updating camera
[DIAG] _physics_process: camera moved from (537.5349, 1905.516, 425.3161) to (535.755, 1905.516, 426.926)
[DIAG] _physics_process: IN_PLANE returning
[DIAG] _poll_controls: ENTER, state=0
[VERBATIM] POLL: _poll_controls() entered, game_state=0
[DIAG] _poll_controls: EXIT (IN_PLANE branch)
[AUDIT] poll_forensic_hud: ENTER
[DIAG] _physics_process: ENTER, state=0
[DIAG] _physics_process: IN_PLANE branch entered
[DIAG] _physics_process: plane position updated to (533.9703, 1853.8, 595.7145)
[DIAG] _physics_process: checking camera follow
[DIAG] _physics_process: plane and camera valid, updating camera
[DIAG] _physics_process: camera moved from (535.755, 1905.516, 426.926) to (533.9703, 1905.516, 428.5306)
[DIAG] _physics_process: IN_PLANE returning
[DIAG] _poll_controls: ENTER, state=0
[VERBATIM] POLL: _poll_controls() entered, game_state=0
[DIAG] _poll_controls: EXIT (IN_PLANE branch)
[AUDIT] poll_forensic_hud: ENTER
[DIAG] _physics_process: ENTER, state=0
[DIAG] _physics_process: IN_PLANE branch entered
[DIAG] _physics_process: plane position updated to (532.1807, 1853.8, 597.3137)
[DIAG] _physics_process: checking camera follow
[DIAG] _physics_process: plane and camera valid, updating camera
[DIAG] _physics_process: camera moved from (533.9703, 1905.516, 428.5306) to (532.1807, 1905.516, 430.1298)
[DIAG] _physics_process: IN_PLANE returning
[AUDIT] poll_forensic_hud: ENTER
[DIAG] _physics_process: ENTER, state=0
[DIAG] _physics_process: IN_PLANE branch entered
[DIAG] _physics_process: plane position updated to (530.3864, 1853.8, 598.9076)
[DIAG] _physics_process: checking camera follow
[DIAG] _physics_process: plane and camera valid, updating camera
[DIAG] _physics_process: camera moved from (532.1807, 1905.516, 430.1298) to (530.3864, 1905.516, 431.7237)
[DIAG] _physics_process: IN_PLANE returning
[DIAG] _poll_controls: ENTER, state=0
[VERBATIM] POLL: _poll_controls() entered, game_state=0
[DIAG] _poll_controls: EXIT (IN_PLANE branch)
[AUDIT] poll_forensic_hud: ENTER
[DIAG] _physics_process: ENTER, state=0
[DIAG] _physics_process: IN_PLANE branch entered
[DIAG] _physics_process: plane position updated to (528.5873, 1853.8, 600.496)
[DIAG] _physics_process: checking camera follow
[DIAG] _physics_process: plane and camera valid, updating camera
[DIAG] _physics_process: camera moved from (530.3864, 1905.516, 431.7237) to (528.5873, 1905.516, 433.3121)
[DIAG] _physics_process: IN_PLANE returning
[DIAG] _poll_controls: ENTER, state=0
[VERBATIM] POLL: _poll_controls() entered, game_state=0
[DIAG] _poll_controls: EXIT (IN_PLANE branch)
[AUDIT] poll_forensic_hud: ENTER
[DIAG] _physics_process: ENTER, state=0
[DIAG] _physics_process: IN_PLANE branch entered
[DIAG] _physics_process: plane position updated to (526.7834, 1853.8, 602.0791)
[DIAG] _physics_process: checking camera follow
[DIAG] _physics_process: plane and camera valid, updating camera
[DIAG] _physics_process: camera moved from (528.5873, 1905.516, 433.3121) to (526.7834, 1905.516, 434.8952)
[DIAG] _physics_process: IN_PLANE returning
[DIAG] _poll_controls: ENTER, state=0
[VERBATIM] POLL: _poll_controls() entered, game_state=0
[DIAG] _poll_controls: EXIT (IN_PLANE branch)
[AUDIT] poll_forensic_hud: ENTER
[DIAG] _physics_process: ENTER, state=0
[DIAG] _physics_process: IN_PLANE branch entered
[DIAG] _physics_process: plane position updated to (524.9748, 1853.8, 603.6567)
[DIAG] _physics_process: checking camera follow
[DIAG] _physics_process: plane and camera valid, updating camera
[DIAG] _physics_process: camera moved from (526.7834, 1905.516, 434.8952) to (524.9748, 1905.516, 436.4728)
[DIAG] _physics_process: IN_PLANE returning
[AUDIT] poll_forensic_hud: ENTER
[DIAG] _physics_process: ENTER, state=0
[DIAG] _physics_process: IN_PLANE branch entered
[DIAG] _physics_process: plane position updated to (523.1615, 1853.8, 605.2289)
[DIAG] _physics_process: checking camera follow
[DIAG] _physics_process: plane and camera valid, updating camera
[DIAG] _physics_process: camera moved from (524.9748, 1905.516, 436.4728) to (523.1615, 1905.516, 438.045)
[DIAG] _physics_process: IN_PLANE returning
[DIAG] _poll_controls: ENTER, state=0
[VERBATIM] POLL: _poll_controls() entered, game_state=0
[DIAG] _poll_controls: EXIT (IN_PLANE branch)
[AUDIT] poll_forensic_hud: ENTER
[DIAG] _physics_process: ENTER, state=0
[DIAG] _physics_process: IN_PLANE branch entered
[DIAG] _physics_process: plane position updated to (521.3434, 1853.8, 606.7957)
[DIAG] _physics_process: checking camera follow
[DIAG] _physics_process: plane and camera valid, updating camera
[DIAG] _physics_process: camera moved from (523.1615, 1905.516, 438.045) to (521.3434, 1905.516, 439.6118)
[DIAG] _physics_process: IN_PLANE returning
[DIAG] _poll_controls: ENTER, state=0
[VERBATIM] POLL: _poll_controls() entered, game_state=0
[DIAG] _poll_controls: EXIT (IN_PLANE branch)
[AUDIT] poll_forensic_hud: ENTER
[DIAG] _physics_process: ENTER, state=0
[DIAG] _physics_process: IN_PLANE branch entered
[DIAG] _physics_process: plane position updated to (519.5207, 1853.8, 608.357)
[DIAG] _physics_process: checking camera follow
[DIAG] _physics_process: plane and camera valid, updating camera
[DIAG] _physics_process: camera moved from (521.3434, 1905.516, 439.6118) to (519.5207, 1905.516, 441.1731)
[DIAG] _physics_process: IN_PLANE returning
[AUDIT] poll_forensic_hud: ENTER
[DIAG] _physics_process: ENTER, state=0
[DIAG] _physics_process: IN_PLANE branch entered
[DIAG] _physics_process: plane position updated to (517.6933, 1853.8, 609.9128)
[DIAG] _physics_process: checking camera follow
[DIAG] _physics_process: plane and camera valid, updating camera
[DIAG] _physics_process: camera moved from (519.5207, 1905.516, 441.1731) to (517.6933, 1905.516, 442.7289)
[DIAG] _physics_process: IN_PLANE returning
[DIAG] _poll_controls: ENTER, state=0
[VERBATIM] POLL: _poll_controls() entered, game_state=0
[DIAG] _poll_controls: EXIT (IN_PLANE branch)
[AUDIT] poll_forensic_hud: ENTER
[DIAG] _physics_process: ENTER, state=0
[DIAG] _physics_process: IN_PLANE branch entered
[DIAG] _physics_process: plane position updated to (515.8613, 1853.8, 611.4631)
[DIAG] _physics_process: checking camera follow
[DIAG] _physics_process: plane and camera valid, updating camera
[DIAG] _physics_process: camera moved from (517.6933, 1905.516, 442.7289) to (515.8613, 1905.516, 444.2792)
[DIAG] _physics_process: IN_PLANE returning
[DIAG] _poll_controls: ENTER, state=0
[VERBATIM] POLL: _poll_controls() entered, game_state=0
[DIAG] _poll_controls: EXIT (IN_PLANE branch)
[AUDIT] poll_forensic_hud: ENTER
[DIAG] _physics_process: ENTER, state=0
[DIAG] _physics_process: IN_PLANE branch entered
[DIAG] _physics_process: plane position updated to (514.0245, 1853.8, 613.008)
[DIAG] _physics_process: checking camera follow
[DIAG] _physics_process: plane and camera valid, updating camera
[DIAG] _physics_process: camera moved from (515.8613, 1905.516, 444.2792) to (514.0245, 1905.516, 445.8241)
[DIAG] _physics_process: IN_PLANE returning
[DIAG] _poll_controls: ENTER, state=0
[VERBATIM] POLL: _poll_controls() entered, game_state=0
[DIAG] _poll_controls: EXIT (IN_PLANE branch)
[AUDIT] poll_forensic_hud: ENTER
[DIAG] _physics_process: ENTER, state=0
[DIAG] _physics_process: IN_PLANE branch entered
[DIAG] _physics_process: plane position updated to (512.1832, 1853.8, 614.5473)
[DIAG] _physics_process: checking camera follow
[DIAG] _physics_process: plane and camera valid, updating camera
[DIAG] _physics_process: camera moved from (514.0245, 1905.516, 445.8241) to (512.1832, 1905.516, 447.3634)
[DIAG] _physics_process: IN_PLANE returning
[AUDIT] poll_forensic_hud: ENTER
[DIAG] _physics_process: ENTER, state=0
[DIAG] _physics_process: IN_PLANE branch entered
[DIAG] _physics_process: plane position updated to (510.3372, 1853.8, 616.0811)
[DIAG] _physics_process: checking camera follow
[DIAG] _physics_process: plane and camera valid, updating camera
[DIAG] _physics_process: camera moved from (512.1832, 1905.516, 447.3634) to (510.3372, 1905.516, 448.8972)
[DIAG] _physics_process: IN_PLANE returning
[DIAG] _poll_controls: ENTER, state=0
[VERBATIM] POLL: _poll_controls() entered, game_state=0
[DIAG] _poll_controls: EXIT (IN_PLANE branch)
[AUDIT] poll_forensic_hud: ENTER
[DIAG] _physics_process: ENTER, state=0
[DIAG] _physics_process: IN_PLANE branch entered
[DIAG] _physics_process: plane position updated to (508.4867, 1853.8, 617.6093)
[DIAG] _physics_process: checking camera follow
[DIAG] _physics_process: plane and camera valid, updating camera
[DIAG] _physics_process: camera moved from (510.3372, 1905.516, 448.8972) to (508.4867, 1905.516, 450.4254)
[DIAG] _physics_process: IN_PLANE returning
[DIAG] _poll_controls: ENTER, state=0
[VERBATIM] POLL: _poll_controls() entered, game_state=0
[DIAG] _poll_controls: EXIT (IN_PLANE branch)
[AUDIT] poll_forensic_hud: ENTER
[DIAG] _physics_process: ENTER, state=0
[DIAG] _physics_process: IN_PLANE branch entered
[DIAG] _physics_process: plane position updated to (506.6316, 1853.8, 619.132)
[DIAG] _physics_process: checking camera follow
[DIAG] _physics_process: plane and camera valid, updating camera
[DIAG] _physics_process: camera moved from (508.4867, 1905.516, 450.4254) to (506.6316, 1905.516, 451.9481)
[DIAG] _physics_process: IN_PLANE returning
[DIAG] _poll_controls: ENTER, state=0
[VERBATIM] POLL: _poll_controls() entered, game_state=0
[DIAG] _poll_controls: EXIT (IN_PLANE branch)
[AUDIT] poll_forensic_hud: ENTER
[DIAG] _physics_process: ENTER, state=0
[DIAG] _physics_process: IN_PLANE branch entered
[DIAG] _physics_process: plane position updated to (504.7719, 1853.8, 620.6491)
[DIAG] _physics_process: checking camera follow
[DIAG] _physics_process: plane and camera valid, updating camera
[DIAG] _physics_process: camera moved from (506.6316, 1905.516, 451.9481) to (504.7719, 1905.516, 453.4652)
[DIAG] _physics_process: IN_PLANE returning
[AUDIT] poll_forensic_hud: ENTER
[DIAG] _physics_process: ENTER, state=0
[DIAG] _physics_process: IN_PLANE branch entered
[DIAG] _physics_process: plane position updated to (502.9077, 1853.8, 622.1606)
[DIAG] _physics_process: checking camera follow
[DIAG] _physics_process: plane and camera valid, updating camera
[DIAG] _physics_process: camera moved from (504.7719, 1905.516, 453.4652) to (502.9077, 1905.516, 454.9767)
[DIAG] _physics_process: IN_PLANE returning
[DIAG] _poll_controls: ENTER, state=0
[VERBATIM] POLL: _poll_controls() entered, game_state=0
[DIAG] _poll_controls: EXIT (IN_PLANE branch)
[AUDIT] poll_forensic_hud: ENTER
[DIAG] _physics_process: ENTER, state=0
[DIAG] _physics_process: IN_PLANE branch entered
[DIAG] _physics_process: plane position updated to (501.039, 1853.8, 623.6666)
[DIAG] _physics_process: checking camera follow
[DIAG] _physics_process: plane and camera valid, updating camera
[DIAG] _physics_process: camera moved from (502.9077, 1905.516, 454.9767) to (501.039, 1905.516, 456.4827)
[DIAG] _physics_process: IN_PLANE returning
[DIAG] _poll_controls: ENTER, state=0
[VERBATIM] POLL: _poll_controls() entered, game_state=0
[DIAG] _poll_controls: EXIT (IN_PLANE branch)
[AUDIT] poll_forensic_hud: ENTER
[DIAG] _physics_process: ENTER, state=0
[DIAG] _physics_process: IN_PLANE branch entered
[DIAG] _physics_process: plane position updated to (499.1657, 1853.8, 625.1669)
[DIAG] _physics_process: checking camera follow
[DIAG] _physics_process: plane and camera valid, updating camera
[DIAG] _physics_process: camera moved from (501.039, 1905.516, 456.4827) to (499.1657, 1905.516, 457.983)
[DIAG] _physics_process: IN_PLANE returning
[DIAG] _poll_controls: ENTER, state=0
[VERBATIM] POLL: _poll_controls() entered, game_state=0
[DIAG] _poll_controls: EXIT (IN_PLANE branch)
[AUDIT] poll_forensic_hud: ENTER
[DIAG] _physics_process: ENTER, state=0
[DIAG] _physics_process: IN_PLANE branch entered
[DIAG] _physics_process: plane position updated to (497.288, 1853.8, 626.6615)
[DIAG] _physics_process: checking camera follow
[DIAG] _physics_process: plane and camera valid, updating camera
[DIAG] _physics_process: camera moved from (499.1657, 1905.516, 457.983) to (497.288, 1905.516, 459.4776)
[DIAG] _physics_process: IN_PLANE returning
[AUDIT] poll_forensic_hud: ENTER
[DIAG] _physics_process: ENTER, state=0
[DIAG] _physics_process: IN_PLANE branch entered
[DIAG] _physics_process: plane position updated to (495.4058, 1853.8, 628.1506)
[DIAG] _physics_process: checking camera follow
[DIAG] _physics_process: plane and camera valid, updating camera
[DIAG] _physics_process: camera moved from (497.288, 1905.516, 459.4776) to (495.4058, 1905.516, 460.9667)
[DIAG] _physics_process: IN_PLANE returning
[DIAG] _poll_controls: ENTER, state=0
[VERBATIM] POLL: _poll_controls() entered, game_state=0
[DIAG] _poll_controls: EXIT (IN_PLANE branch)
[VERBATIM] Wind updated: 12.5 kts @ 240.0°
[AUDIT] poll_forensic_hud: ENTER
[DIAG] _physics_process: ENTER, state=0
[DIAG] _physics_process: IN_PLANE branch entered
[DIAG] _physics_process: plane position updated to (493.5191, 1853.8, 629.634)
[DIAG] _physics_process: checking camera follow
[DIAG] _physics_process: plane and camera valid, updating camera
[DIAG] _physics_process: camera moved from (495.4058, 1905.516, 460.9667) to (493.5191, 1905.516, 462.4501)
[DIAG] _physics_process: IN_PLANE returning
[DIAG] _poll_controls: ENTER, state=0
[VERBATIM] POLL: _poll_controls() entered, game_state=0
[DIAG] _poll_controls: EXIT (IN_PLANE branch)
[AUDIT] poll_forensic_hud: ENTER
[DIAG] _physics_process: ENTER, state=0
[DIAG] _physics_process: IN_PLANE branch entered
[DIAG] _physics_process: plane position updated to (491.628, 1853.8, 631.1117)
[DIAG] _physics_process: checking camera follow
[DIAG] _physics_process: plane and camera valid, updating camera
[DIAG] _physics_process: camera moved from (493.5191, 1905.516, 462.4501) to (491.628, 1905.516, 463.9278)
[DIAG] _physics_process: IN_PLANE returning
[AUDIT] poll_forensic_hud: ENTER
[DIAG] _physics_process: ENTER, state=0
[DIAG] _physics_process: IN_PLANE branch entered
[DIAG] _physics_process: plane position updated to (489.7324, 1853.8, 632.5837)
[DIAG] _physics_process: checking camera follow
[DIAG] _physics_process: plane and camera valid, updating camera
[DIAG] _physics_process: camera moved from (491.628, 1905.516, 463.9278) to (489.7324, 1905.516, 465.3998)
[DIAG] _physics_process: IN_PLANE returning
[DIAG] _poll_controls: ENTER, state=0
[VERBATIM] POLL: _poll_controls() entered, game_state=0
[DIAG] _poll_controls: EXIT (IN_PLANE branch)
[AUDIT] poll_forensic_hud: ENTER
[DIAG] _physics_process: ENTER, state=0
[DIAG] _physics_process: IN_PLANE branch entered
[DIAG] _physics_process: plane position updated to (487.8325, 1853.8, 634.05)
[DIAG] _physics_process: checking camera follow
[DIAG] _physics_process: plane and camera valid, updating camera
[DIAG] _physics_process: camera moved from (489.7324, 1905.516, 465.3998) to (487.8325, 1905.516, 466.8661)
[DIAG] _physics_process: IN_PLANE returning
[DIAG] _poll_controls: ENTER, state=0
[VERBATIM] POLL: _poll_controls() entered, game_state=0
[DIAG] _poll_controls: EXIT (IN_PLANE branch)
[AUDIT] poll_forensic_hud: ENTER
[DIAG] _physics_process: ENTER, state=0
[DIAG] _physics_process: IN_PLANE branch entered
[DIAG] _physics_process: plane position updated to (485.9281, 1853.8, 635.5107)
[DIAG] _physics_process: checking camera follow
[DIAG] _physics_process: plane and camera valid, updating camera
[DIAG] _physics_process: camera moved from (487.8325, 1905.516, 466.8661) to (485.9281, 1905.516, 468.3268)
[DIAG] _physics_process: IN_PLANE returning
[DIAG] _poll_controls: ENTER, state=0
[VERBATIM] POLL: _poll_controls() entered, game_state=0
[DIAG] _poll_controls: EXIT (IN_PLANE branch)
[AUDIT] poll_forensic_hud: ENTER
[DIAG] _physics_process: ENTER, state=0
[DIAG] _physics_process: IN_PLANE branch entered
[DIAG] _physics_process: plane position updated to (484.0194, 1853.8, 636.9656)
[DIAG] _physics_process: checking camera follow
[DIAG] _physics_process: plane and camera valid, updating camera
[DIAG] _physics_process: camera moved from (485.9281, 1905.516, 468.3268) to (484.0194, 1905.516, 469.7817)
[DIAG] _physics_process: IN_PLANE returning
[AUDIT] poll_forensic_hud: ENTER
[DIAG] _physics_process: ENTER, state=0
[DIAG] _physics_process: IN_PLANE branch entered
[DIAG] _physics_process: plane position updated to (482.1063, 1853.8, 638.4148)
[DIAG] _physics_process: checking camera follow
[DIAG] _physics_process: plane and camera valid, updating camera
[DIAG] _physics_process: camera moved from (484.0194, 1905.516, 469.7817) to (482.1063, 1905.516, 471.2309)
[DIAG] _physics_process: IN_PLANE returning
[DIAG] _poll_controls: ENTER, state=0
[VERBATIM] POLL: _poll_controls() entered, game_state=0
[DIAG] _poll_controls: EXIT (IN_PLANE branch)
[AUDIT] poll_forensic_hud: ENTER
[DIAG] _physics_process: ENTER, state=0
[DIAG] _physics_process: IN_PLANE branch entered
[DIAG] _physics_process: plane position updated to (480.1889, 1853.8, 639.8583)
[DIAG] _physics_process: checking camera follow
[DIAG] _physics_process: plane and camera valid, updating camera
[DIAG] _physics_process: camera moved from (482.1063, 1905.516, 471.2309) to (480.1889, 1905.516, 472.6744)
[DIAG] _physics_process: IN_PLANE returning
[DIAG] _poll_controls: ENTER, state=0
[VERBATIM] POLL: _poll_controls() entered, game_state=0
[DIAG] _poll_controls: EXIT (IN_PLANE branch)
[AUDIT] poll_forensic_hud: ENTER
[DIAG] _physics_process: ENTER, state=0
[DIAG] _physics_process: IN_PLANE branch entered
[DIAG] _physics_process: plane position updated to (478.2672, 1853.8, 641.296)
[DIAG] _physics_process: checking camera follow
[DIAG] _physics_process: plane and camera valid, updating camera
[DIAG] _physics_process: camera moved from (480.1889, 1905.516, 472.6744) to (478.2672, 1905.516, 474.1121)
[DIAG] _physics_process: IN_PLANE returning
[DIAG] _poll_controls: ENTER, state=0
[VERBATIM] POLL: _poll_controls() entered, game_state=0
[DIAG] _poll_controls: EXIT (IN_PLANE branch)
[AUDIT] poll_forensic_hud: ENTER
[DIAG] _physics_process: ENTER, state=0
[DIAG] _physics_process: IN_PLANE branch entered
[DIAG] _physics_process: plane position updated to (476.3412, 1853.8, 642.7278)
[DIAG] _physics_process: checking camera follow
[DIAG] _physics_process: plane and camera valid, updating camera
[DIAG] _physics_process: camera moved from (478.2672, 1905.516, 474.1121) to (476.3412, 1905.516, 475.5439)
[DIAG] _physics_process: IN_PLANE returning
[AUDIT] poll_forensic_hud: ENTER
[DIAG] _physics_process: ENTER, state=0
[DIAG] _physics_process: IN_PLANE branch entered
[DIAG] _physics_process: plane position updated to (474.4108, 1853.8, 644.154)
[DIAG] _physics_process: checking camera follow
[DIAG] _physics_process: plane and camera valid, updating camera
[DIAG] _physics_process: camera moved from (476.3412, 1905.516, 475.5439) to (474.4108, 1905.516, 476.9701)
[DIAG] _physics_process: IN_PLANE returning
[DIAG] _poll_controls: ENTER, state=0
[VERBATIM] POLL: _poll_controls() entered, game_state=0
[DIAG] _poll_controls: EXIT (IN_PLANE branch)
[AUDIT] poll_forensic_hud: ENTER
[DIAG] _physics_process: ENTER, state=0
[DIAG] _physics_process: IN_PLANE branch entered
[DIAG] _physics_process: plane position updated to (472.4762, 1853.8, 645.5743)
[DIAG] _physics_process: checking camera follow
[DIAG] _physics_process: plane and camera valid, updating camera
[DIAG] _physics_process: camera moved from (474.4108, 1905.516, 476.9701) to (472.4762, 1905.516, 478.3904)
[DIAG] _physics_process: IN_PLANE returning
[DIAG] _poll_controls: ENTER, state=0
[VERBATIM] POLL: _poll_controls() entered, game_state=0
[DIAG] _poll_controls: EXIT (IN_PLANE branch)
[AUDIT] poll_forensic_hud: ENTER
[DIAG] _physics_process: ENTER, state=0
[DIAG] _physics_process: IN_PLANE branch entered
[DIAG] _physics_process: plane position updated to (470.5374, 1853.8, 646.9888)
[DIAG] _physics_process: checking camera follow
[DIAG] _physics_process: plane and camera valid, updating camera
[DIAG] _physics_process: camera moved from (472.4762, 1905.516, 478.3904) to (470.5374, 1905.516, 479.8049)
[DIAG] _physics_process: IN_PLANE returning
[DIAG] _poll_controls: ENTER, state=0
[VERBATIM] POLL: _poll_controls() entered, game_state=0
[DIAG] _poll_controls: EXIT (IN_PLANE branch)
[AUDIT] poll_forensic_hud: ENTER
[DIAG] _physics_process: ENTER, state=0
[DIAG] _physics_process: IN_PLANE branch entered
[DIAG] _physics_process: plane position updated to (468.5943, 1853.8, 648.3975)
[DIAG] _physics_process: checking camera follow
[DIAG] _physics_process: plane and camera valid, updating camera
[DIAG] _physics_process: camera moved from (470.5374, 1905.516, 479.8049) to (468.5943, 1905.516, 481.2136)
[DIAG] _physics_process: IN_PLANE returning
[AUDIT] poll_forensic_hud: ENTER
[DIAG] _physics_process: ENTER, state=0
[DIAG] _physics_process: IN_PLANE branch entered
[DIAG] _physics_process: plane position updated to (466.647, 1853.8, 649.8004)
[DIAG] _physics_process: checking camera follow
[DIAG] _physics_process: plane and camera valid, updating camera
[DIAG] _physics_process: camera moved from (468.5943, 1905.516, 481.2136) to (466.647, 1905.516, 482.6165)
[DIAG] _physics_process: IN_PLANE returning
[DIAG] _poll_controls: ENTER, state=0
[VERBATIM] POLL: _poll_controls() entered, game_state=0
[DIAG] _poll_controls: EXIT (IN_PLANE branch)
[AUDIT] poll_forensic_hud: ENTER
[DIAG] _physics_process: ENTER, state=0
[DIAG] _physics_process: IN_PLANE branch entered
[DIAG] _physics_process: plane position updated to (464.6955, 1853.8, 651.1974)
[DIAG] _physics_process: checking camera follow
[DIAG] _physics_process: plane and camera valid, updating camera
[DIAG] _physics_process: camera moved from (466.647, 1905.516, 482.6165) to (464.6955, 1905.516, 484.0135)
[DIAG] _physics_process: IN_PLANE returning
[DIAG] _poll_controls: ENTER, state=0
[VERBATIM] POLL: _poll_controls() entered, game_state=0
[DIAG] _poll_controls: EXIT (IN_PLANE branch)
[AUDIT] poll_forensic_hud: ENTER
[DIAG] _physics_process: ENTER, state=0
[DIAG] _physics_process: IN_PLANE branch entered
[DIAG] _physics_process: plane position updated to (462.7398, 1853.8, 652.5886)
[DIAG] _physics_process: checking camera follow
[DIAG] _physics_process: plane and camera valid, updating camera
[DIAG] _physics_process: camera moved from (464.6955, 1905.516, 484.0135) to (462.7398, 1905.516, 485.4047)
[DIAG] _physics_process: IN_PLANE returning
[AUDIT] poll_forensic_hud: ENTER
[DIAG] _physics_process: ENTER, state=0
[DIAG] _physics_process: IN_PLANE branch entered
[DIAG] _physics_process: plane position updated to (460.78, 1853.8, 653.9739)
[DIAG] _physics_process: checking camera follow
[DIAG] _physics_process: plane and camera valid, updating camera
[DIAG] _physics_process: camera moved from (462.7398, 1905.516, 485.4047) to (460.78, 1905.516, 486.79)
[DIAG] _physics_process: IN_PLANE returning
[DIAG] _poll_controls: ENTER, state=0
[VERBATIM] POLL: _poll_controls() entered, game_state=0
[DIAG] _poll_controls: EXIT (IN_PLANE branch)
[AUDIT] poll_forensic_hud: ENTER
[DIAG] _physics_process: ENTER, state=0
[DIAG] _physics_process: IN_PLANE branch entered
[DIAG] _physics_process: plane position updated to (458.816, 1853.8, 655.3533)
[DIAG] _physics_process: checking camera follow
[DIAG] _physics_process: plane and camera valid, updating camera
[DIAG] _physics_process: camera moved from (460.78, 1905.516, 486.79) to (458.816, 1905.516, 488.1694)
[DIAG] _physics_process: IN_PLANE returning
[DIAG] _poll_controls: ENTER, state=0
[VERBATIM] POLL: _poll_controls() entered, game_state=0
[DIAG] _poll_controls: EXIT (IN_PLANE branch)
[AUDIT] poll_forensic_hud: ENTER
[DIAG] _physics_process: ENTER, state=0
[DIAG] _physics_process: IN_PLANE branch entered
[DIAG] _physics_process: plane position updated to (456.8479, 1853.8, 656.7267)
[DIAG] _physics_process: checking camera follow
[DIAG] _physics_process: plane and camera valid, updating camera
[DIAG] _physics_process: camera moved from (458.816, 1905.516, 488.1694) to (456.8479, 1905.516, 489.5428)
[DIAG] _physics_process: IN_PLANE returning
[DIAG] _poll_controls: ENTER, state=0
[VERBATIM] POLL: _poll_controls() entered, game_state=0
[DIAG] _poll_controls: EXIT (IN_PLANE branch)
[AUDIT] poll_forensic_hud: ENTER
[DIAG] _physics_process: ENTER, state=0
[DIAG] _physics_process: IN_PLANE branch entered
[DIAG] _physics_process: plane position updated to (454.8756, 1853.8, 658.0944)
[DIAG] _physics_process: checking camera follow
[DIAG] _physics_process: plane and camera valid, updating camera
[DIAG] _physics_process: camera moved from (456.8479, 1905.516, 489.5428) to (454.8756, 1905.516, 490.9105)
[DIAG] _physics_process: IN_PLANE returning
[AUDIT] poll_forensic_hud: ENTER
[DIAG] _physics_process: ENTER, state=0
[DIAG] _physics_process: IN_PLANE branch entered
[DIAG] _physics_process: plane position updated to (452.8993, 1853.8, 659.456)
[DIAG] _physics_process: checking camera follow
[DIAG] _physics_process: plane and camera valid, updating camera
[DIAG] _physics_process: camera moved from (454.8756, 1905.516, 490.9105) to (452.8993, 1905.516, 492.2721)
[DIAG] _physics_process: IN_PLANE returning
[DIAG] _poll_controls: ENTER, state=0
[VERBATIM] POLL: _poll_controls() entered, game_state=0
[DIAG] _poll_controls: EXIT (IN_PLANE branch)
[AUDIT] poll_forensic_hud: ENTER
[DIAG] _physics_process: ENTER, state=0
[DIAG] _physics_process: IN_PLANE branch entered
[DIAG] _physics_process: plane position updated to (450.9189, 1853.8, 660.8117)
[DIAG] _physics_process: checking camera follow
[DIAG] _physics_process: plane and camera valid, updating camera
[DIAG] _physics_process: camera moved from (452.8993, 1905.516, 492.2721) to (450.9189, 1905.516, 493.6278)
[DIAG] _physics_process: IN_PLANE returning
[DIAG] _poll_controls: ENTER, state=0
[VERBATIM] POLL: _poll_controls() entered, game_state=0
[DIAG] _poll_controls: EXIT (IN_PLANE branch)
[AUDIT] poll_forensic_hud: ENTER
[DIAG] _physics_process: ENTER, state=0
[DIAG] _physics_process: IN_PLANE branch entered
[DIAG] _physics_process: plane position updated to (448.9344, 1853.8, 662.1615)
[DIAG] _physics_process: checking camera follow
[DIAG] _physics_process: plane and camera valid, updating camera
[DIAG] _physics_process: camera moved from (450.9189, 1905.516, 493.6278) to (448.9344, 1905.516, 494.9776)
[DIAG] _physics_process: IN_PLANE returning
[DIAG] _poll_controls: ENTER, state=0
[VERBATIM] POLL: _poll_controls() entered, game_state=0
[DIAG] _poll_controls: EXIT (IN_PLANE branch)
[AUDIT] poll_forensic_hud: ENTER
[DIAG] _physics_process: ENTER, state=0
[DIAG] _physics_process: IN_PLANE branch entered
[DIAG] _physics_process: plane position updated to (446.946, 1853.8, 663.5053)
[DIAG] _physics_process: checking camera follow
[DIAG] _physics_process: plane and camera valid, updating camera
[DIAG] _physics_process: camera moved from (448.9344, 1905.516, 494.9776) to (446.946, 1905.516, 496.3214)
[DIAG] _physics_process: IN_PLANE returning
[AUDIT] poll_forensic_hud: ENTER
[DIAG] _physics_process: ENTER, state=0
[DIAG] _physics_process: IN_PLANE branch entered
[DIAG] _physics_process: plane position updated to (444.9534, 1853.8, 664.8432)
[DIAG] _physics_process: checking camera follow
[DIAG] _physics_process: plane and camera valid, updating camera
[DIAG] _physics_process: camera moved from (446.946, 1905.516, 496.3214) to (444.9534, 1905.516, 497.6593)
[DIAG] _physics_process: IN_PLANE returning
[DIAG] _poll_controls: ENTER, state=0
[VERBATIM] POLL: _poll_controls() entered, game_state=0
[DIAG] _poll_controls: EXIT (IN_PLANE branch)
[AUDIT] poll_forensic_hud: ENTER
[DIAG] _physics_process: ENTER, state=0
[DIAG] _physics_process: IN_PLANE branch entered
[DIAG] _physics_process: plane position updated to (442.9569, 1853.8, 666.175)
[DIAG] _physics_process: checking camera follow
[DIAG] _physics_process: plane and camera valid, updating camera
[DIAG] _physics_process: camera moved from (444.9534, 1905.516, 497.6593) to (442.9569, 1905.516, 498.9911)
[DIAG] _physics_process: IN_PLANE returning
[DIAG] _poll_controls: ENTER, state=0
[VERBATIM] POLL: _poll_controls() entered, game_state=0
[DIAG] _poll_controls: EXIT (IN_PLANE branch)
[AUDIT] poll_forensic_hud: ENTER
[DIAG] _physics_process: ENTER, state=0
[DIAG] _physics_process: IN_PLANE branch entered
[DIAG] _physics_process: plane position updated to (440.9564, 1853.8, 667.5009)
[DIAG] _physics_process: checking camera follow
[DIAG] _physics_process: plane and camera valid, updating camera
[DIAG] _physics_process: camera moved from (442.9569, 1905.516, 498.9911) to (440.9564, 1905.516, 500.317)
[DIAG] _physics_process: IN_PLANE returning
[DIAG] _poll_controls: ENTER, state=0
[VERBATIM] POLL: _poll_controls() entered, game_state=0
[DIAG] _poll_controls: EXIT (IN_PLANE branch)
[AUDIT] poll_forensic_hud: ENTER
[DIAG] _physics_process: ENTER, state=0
[DIAG] _physics_process: IN_PLANE branch entered
[DIAG] _physics_process: plane position updated to (438.9519, 1853.8, 668.8208)
[DIAG] _physics_process: checking camera follow
[DIAG] _physics_process: plane and camera valid, updating camera
[DIAG] _physics_process: camera moved from (440.9564, 1905.516, 500.317) to (438.9519, 1905.516, 501.6369)
[DIAG] _physics_process: IN_PLANE returning
[AUDIT] poll_forensic_hud: ENTER
[DIAG] _physics_process: ENTER, state=0
[DIAG] _physics_process: IN_PLANE branch entered
[DIAG] _physics_process: plane position updated to (436.9435, 1853.8, 670.1346)
[DIAG] _physics_process: checking camera follow
[DIAG] _physics_process: plane and camera valid, updating camera
[DIAG] _physics_process: camera moved from (438.9519, 1905.516, 501.6369) to (436.9435, 1905.516, 502.9507)
[DIAG] _physics_process: IN_PLANE returning
[DIAG] _poll_controls: ENTER, state=0
[VERBATIM] POLL: _poll_controls() entered, game_state=0
[DIAG] _poll_controls: EXIT (IN_PLANE branch)
[AUDIT] poll_forensic_hud: ENTER
[DIAG] _physics_process: ENTER, state=0
[DIAG] _physics_process: IN_PLANE branch entered
[DIAG] _physics_process: plane position updated to (434.9311, 1853.8, 671.4424)
[DIAG] _physics_process: checking camera follow
[DIAG] _physics_process: plane and camera valid, updating camera
[DIAG] _physics_process: camera moved from (436.9435, 1905.516, 502.9507) to (434.9311, 1905.516, 504.2585)
[DIAG] _physics_process: IN_PLANE returning
[DIAG] _poll_controls: ENTER, state=0
[VERBATIM] POLL: _poll_controls() entered, game_state=0
[DIAG] _poll_controls: EXIT (IN_PLANE branch)
[AUDIT] poll_forensic_hud: ENTER
[DIAG] _physics_process: ENTER, state=0
[DIAG] _physics_process: IN_PLANE branch entered
[DIAG] _physics_process: plane position updated to (432.9148, 1853.8, 672.7442)
[DIAG] _physics_process: checking camera follow
[DIAG] _physics_process: plane and camera valid, updating camera
[DIAG] _physics_process: camera moved from (434.9311, 1905.516, 504.2585) to (432.9148, 1905.516, 505.5603)
[DIAG] _physics_process: IN_PLANE returning
[AUDIT] poll_forensic_hud: ENTER
[DIAG] _physics_process: ENTER, state=0
[DIAG] _physics_process: IN_PLANE branch entered
[DIAG] _physics_process: plane position updated to (430.8946, 1853.8, 674.0399)
[DIAG] _physics_process: checking camera follow
[DIAG] _physics_process: plane and camera valid, updating camera
[DIAG] _physics_process: camera moved from (432.9148, 1905.516, 505.5603) to (430.8946, 1905.516, 506.856)
[DIAG] _physics_process: IN_PLANE returning
[DIAG] _poll_controls: ENTER, state=0
[VERBATIM] POLL: _poll_controls() entered, game_state=0
[DIAG] _poll_controls: EXIT (IN_PLANE branch)
[AUDIT] poll_forensic_hud: ENTER
[DIAG] _physics_process: ENTER, state=0
[DIAG] _physics_process: IN_PLANE branch entered
[DIAG] _physics_process: plane position updated to (428.8706, 1853.8, 675.3296)
[DIAG] _physics_process: checking camera follow
[DIAG] _physics_process: plane and camera valid, updating camera
[DIAG] _physics_process: camera moved from (430.8946, 1905.516, 506.856) to (428.8706, 1905.516, 508.1457)
[DIAG] _physics_process: IN_PLANE returning
[DIAG] _poll_controls: ENTER, state=0
[VERBATIM] POLL: _poll_controls() entered, game_state=0
[DIAG] _poll_controls: EXIT (IN_PLANE branch)
[AUDIT] poll_forensic_hud: ENTER
[DIAG] _physics_process: ENTER, state=0
[DIAG] _physics_process: IN_PLANE branch entered
[DIAG] _physics_process: plane position updated to (426.8427, 1853.8, 676.6132)
[DIAG] _physics_process: checking camera follow
[DIAG] _physics_process: plane and camera valid, updating camera
[DIAG] _physics_process: camera moved from (428.8706, 1905.516, 508.1457) to (426.8427, 1905.516, 509.4293)
[DIAG] _physics_process: IN_PLANE returning
[DIAG] _poll_controls: ENTER, state=0
[VERBATIM] POLL: _poll_controls() entered, game_state=0
[DIAG] _poll_controls: EXIT (IN_PLANE branch)
[AUDIT] poll_forensic_hud: ENTER
[DIAG] _physics_process: ENTER, state=0
[DIAG] _physics_process: IN_PLANE branch entered
[DIAG] _physics_process: plane position updated to (424.8109, 1853.8, 677.8906)
[DIAG] _physics_process: checking camera follow
[DIAG] _physics_process: plane and camera valid, updating camera
[DIAG] _physics_process: camera moved from (426.8427, 1905.516, 509.4293) to (424.8109, 1905.516, 510.7067)
[DIAG] _physics_process: IN_PLANE returning
[AUDIT] poll_forensic_hud: ENTER
[DIAG] _physics_process: ENTER, state=0
[DIAG] _physics_process: IN_PLANE branch entered
[DIAG] _physics_process: plane position updated to (422.7753, 1853.8, 679.162)
[DIAG] _physics_process: checking camera follow
[DIAG] _physics_process: plane and camera valid, updating camera
[DIAG] _physics_process: camera moved from (424.8109, 1905.516, 510.7067) to (422.7753, 1905.516, 511.9781)
[DIAG] _physics_process: IN_PLANE returning
[DIAG] _poll_controls: ENTER, state=0
[VERBATIM] POLL: _poll_controls() entered, game_state=0
[DIAG] _poll_controls: EXIT (IN_PLANE branch)
[AUDIT] poll_forensic_hud: ENTER
[DIAG] _physics_process: ENTER, state=0
[DIAG] _physics_process: IN_PLANE branch entered
[DIAG] _physics_process: plane position updated to (420.7359, 1853.8, 680.4272)
[DIAG] _physics_process: checking camera follow
[DIAG] _physics_process: plane and camera valid, updating camera
[DIAG] _physics_process: camera moved from (422.7753, 1905.516, 511.9781) to (420.7359, 1905.516, 513.2433)
[DIAG] _physics_process: IN_PLANE returning
[DIAG] _poll_controls: ENTER, state=0
[VERBATIM] POLL: _poll_controls() entered, game_state=0
[DIAG] _poll_controls: EXIT (IN_PLANE branch)
[AUDIT] poll_forensic_hud: ENTER
[DIAG] _physics_process: ENTER, state=0
[DIAG] _physics_process: IN_PLANE branch entered
[DIAG] _physics_process: plane position updated to (418.6927, 1853.8, 681.6864)
[DIAG] _physics_process: checking camera follow
[DIAG] _physics_process: plane and camera valid, updating camera
[DIAG] _physics_process: camera moved from (420.7359, 1905.516, 513.2433) to (418.6927, 1905.516, 514.5025)
[DIAG] _physics_process: IN_PLANE returning
[DIAG] _poll_controls: ENTER, state=0
[VERBATIM] POLL: _poll_controls() entered, game_state=0
[DIAG] _poll_controls: EXIT (IN_PLANE branch)
[AUDIT] poll_forensic_hud: ENTER
[DIAG] _physics_process: ENTER, state=0
[DIAG] _physics_process: IN_PLANE branch entered
[DIAG] _physics_process: plane position updated to (416.6458, 1853.8, 682.9395)
[DIAG] _physics_process: checking camera follow
[DIAG] _physics_process: plane and camera valid, updating camera
[DIAG] _physics_process: camera moved from (418.6927, 1905.516, 514.5025) to (416.6458, 1905.516, 515.7556)
[DIAG] _physics_process: IN_PLANE returning
[AUDIT] poll_forensic_hud: ENTER
[DIAG] _physics_process: ENTER, state=0
[DIAG] _physics_process: IN_PLANE branch entered
[DIAG] _physics_process: plane position updated to (414.5951, 1853.8, 684.1863)
[DIAG] _physics_process: checking camera follow
[DIAG] _physics_process: plane and camera valid, updating camera
[DIAG] _physics_process: camera moved from (416.6458, 1905.516, 515.7556) to (414.5951, 1905.516, 517.0024)
[DIAG] _physics_process: IN_PLANE returning
[DIAG] _poll_controls: ENTER, state=0
[VERBATIM] POLL: _poll_controls() entered, game_state=0
[DIAG] _poll_controls: EXIT (IN_PLANE branch)
[AUDIT] poll_forensic_hud: ENTER
[DIAG] _physics_process: ENTER, state=0
[DIAG] _physics_process: IN_PLANE branch entered
[DIAG] _physics_process: plane position updated to (412.5407, 1853.8, 685.427)
[DIAG] _physics_process: checking camera follow
[DIAG] _physics_process: plane and camera valid, updating camera
[DIAG] _physics_process: camera moved from (414.5951, 1905.516, 517.0024) to (412.5407, 1905.516, 518.2431)
[DIAG] _physics_process: IN_PLANE returning
[DIAG] _poll_controls: ENTER, state=0
[VERBATIM] POLL: _poll_controls() entered, game_state=0
[DIAG] _poll_controls: EXIT (IN_PLANE branch)
[AUDIT] poll_forensic_hud: ENTER
[DIAG] _physics_process: ENTER, state=0
[DIAG] _physics_process: IN_PLANE branch entered
[DIAG] _physics_process: plane position updated to (410.4826, 1853.8, 686.6615)
[DIAG] _physics_process: checking camera follow
[DIAG] _physics_process: plane and camera valid, updating camera
[DIAG] _physics_process: camera moved from (412.5407, 1905.516, 518.2431) to (410.4826, 1905.516, 519.4776)
[DIAG] _physics_process: IN_PLANE returning
[DIAG] _poll_controls: ENTER, state=0
[VERBATIM] POLL: _poll_controls() entered, game_state=0
[DIAG] _poll_controls: EXIT (IN_PLANE branch)
[AUDIT] poll_forensic_hud: ENTER
[DIAG] _physics_process: ENTER, state=0
[DIAG] _physics_process: IN_PLANE branch entered
[DIAG] _physics_process: plane position updated to (408.4207, 1853.8, 687.8899)
[DIAG] _physics_process: checking camera follow
[DIAG] _physics_process: plane and camera valid, updating camera
[DIAG] _physics_process: camera moved from (410.4826, 1905.516, 519.4776) to (408.4207, 1905.516, 520.706)
[DIAG] _physics_process: IN_PLANE returning
[AUDIT] poll_forensic_hud: ENTER
[DIAG] _physics_process: ENTER, state=0
[DIAG] _physics_process: IN_PLANE branch entered
[DIAG] _physics_process: plane position updated to (406.3553, 1853.8, 689.1121)
[DIAG] _physics_process: checking camera follow
[DIAG] _physics_process: plane and camera valid, updating camera
[DIAG] _physics_process: camera moved from (408.4207, 1905.516, 520.706) to (406.3553, 1905.516, 521.9282)
[DIAG] _physics_process: IN_PLANE returning
[DIAG] _poll_controls: ENTER, state=0
[VERBATIM] POLL: _poll_controls() entered, game_state=0
[DIAG] _poll_controls: EXIT (IN_PLANE branch)
[AUDIT] poll_forensic_hud: ENTER
[DIAG] _physics_process: ENTER, state=0
[DIAG] _physics_process: IN_PLANE branch entered
[DIAG] _physics_process: plane position updated to (404.2861, 1853.8, 690.328)
[DIAG] _physics_process: checking camera follow
[DIAG] _physics_process: plane and camera valid, updating camera
[DIAG] _physics_process: camera moved from (406.3553, 1905.516, 521.9282) to (404.2861, 1905.516, 523.1441)
[DIAG] _physics_process: IN_PLANE returning
[DIAG] _poll_controls: ENTER, state=0
[VERBATIM] POLL: _poll_controls() entered, game_state=0
[DIAG] _poll_controls: EXIT (IN_PLANE branch)
[AUDIT] poll_forensic_hud: ENTER
[DIAG] _physics_process: ENTER, state=0
[DIAG] _physics_process: IN_PLANE branch entered
[DIAG] _physics_process: plane position updated to (402.2133, 1853.8, 691.5378)
[DIAG] _physics_process: checking camera follow
[DIAG] _physics_process: plane and camera valid, updating camera
[DIAG] _physics_process: camera moved from (404.2861, 1905.516, 523.1441) to (402.2133, 1905.516, 524.3539)
[DIAG] _physics_process: IN_PLANE returning
[AUDIT] poll_forensic_hud: ENTER
[DIAG] _physics_process: ENTER, state=0
[DIAG] _physics_process: IN_PLANE branch entered
[DIAG] _physics_process: plane position updated to (400.1369, 1853.8, 692.7413)
[DIAG] _physics_process: checking camera follow
[DIAG] _physics_process: plane and camera valid, updating camera
[DIAG] _physics_process: camera moved from (402.2133, 1905.516, 524.3539) to (400.1369, 1905.516, 525.5574)
[DIAG] _physics_process: IN_PLANE returning
[DIAG] _poll_controls: ENTER, state=0
[VERBATIM] POLL: _poll_controls() entered, game_state=0
[DIAG] _poll_controls: EXIT (IN_PLANE branch)
[AUDIT] poll_forensic_hud: ENTER
[DIAG] _physics_process: ENTER, state=0
[DIAG] _physics_process: IN_PLANE branch entered
[DIAG] _physics_process: plane position updated to (398.0568, 1853.8, 693.9386)
[DIAG] _physics_process: checking camera follow
[DIAG] _physics_process: plane and camera valid, updating camera
[DIAG] _physics_process: camera moved from (400.1369, 1905.516, 525.5574) to (398.0568, 1905.516, 526.7547)
[DIAG] _physics_process: IN_PLANE returning
[DIAG] _poll_controls: ENTER, state=0
[VERBATIM] POLL: _poll_controls() entered, game_state=0
[DIAG] _poll_controls: EXIT (IN_PLANE branch)
[AUDIT] poll_forensic_hud: ENTER
[DIAG] _physics_process: ENTER, state=0
[DIAG] _physics_process: IN_PLANE branch entered
[DIAG] _physics_process: plane position updated to (395.9732, 1853.8, 695.1296)
[DIAG] _physics_process: checking camera follow
[DIAG] _physics_process: plane and camera valid, updating camera
[DIAG] _physics_process: camera moved from (398.0568, 1905.516, 526.7547) to (395.9732, 1905.516, 527.9457)
[DIAG] _physics_process: IN_PLANE returning
[DIAG] _poll_controls: ENTER, state=0
[VERBATIM] POLL: _poll_controls() entered, game_state=0
[DIAG] _poll_controls: EXIT (IN_PLANE branch)
[AUDIT] poll_forensic_hud: ENTER
[DIAG] _physics_process: ENTER, state=0
[DIAG] _physics_process: IN_PLANE branch entered
[DIAG] _physics_process: plane position updated to (393.8861, 1853.8, 696.3144)
[DIAG] _physics_process: checking camera follow
[DIAG] _physics_process: plane and camera valid, updating camera
[DIAG] _physics_process: camera moved from (395.9732, 1905.516, 527.9457) to (393.8861, 1905.516, 529.1305)
[DIAG] _physics_process: IN_PLANE returning
[AUDIT] poll_forensic_hud: ENTER
[DIAG] _physics_process: ENTER, state=0
[DIAG] _physics_process: IN_PLANE branch entered
[DIAG] _physics_process: plane position updated to (391.7953, 1853.8, 697.4929)
[DIAG] _physics_process: checking camera follow
[DIAG] _physics_process: plane and camera valid, updating camera
[DIAG] _physics_process: camera moved from (393.8861, 1905.516, 529.1305) to (391.7953, 1905.516, 530.309)
[DIAG] _physics_process: IN_PLANE returning
[DIAG] _poll_controls: ENTER, state=0
[VERBATIM] POLL: _poll_controls() entered, game_state=0
[DIAG] _poll_controls: EXIT (IN_PLANE branch)
[AUDIT] poll_forensic_hud: ENTER
[DIAG] _physics_process: ENTER, state=0
[DIAG] _physics_process: IN_PLANE branch entered
[DIAG] _physics_process: plane position updated to (389.7011, 1853.8, 698.6652)
[DIAG] _physics_process: checking camera follow
[DIAG] _physics_process: plane and camera valid, updating camera
[DIAG] _physics_process: camera moved from (391.7953, 1905.516, 530.309) to (389.7011, 1905.516, 531.4813)
[DIAG] _physics_process: IN_PLANE returning
[DIAG] _poll_controls: ENTER, state=0
[VERBATIM] POLL: _poll_controls() entered, game_state=0
[DIAG] _poll_controls: EXIT (IN_PLANE branch)
[AUDIT] poll_forensic_hud: ENTER
[DIAG] _physics_process: ENTER, state=0
[DIAG] _physics_process: IN_PLANE branch entered
[DIAG] _physics_process: plane position updated to (387.6034, 1853.8, 699.8311)
[DIAG] _physics_process: checking camera follow
[DIAG] _physics_process: plane and camera valid, updating camera
[DIAG] _physics_process: camera moved from (389.7011, 1905.516, 531.4813) to (387.6034, 1905.516, 532.6472)
[DIAG] _physics_process: IN_PLANE returning
[DIAG] _poll_controls: ENTER, state=0
[VERBATIM] POLL: _poll_controls() entered, game_state=0
[DIAG] _poll_controls: EXIT (IN_PLANE branch)
[AUDIT] poll_forensic_hud: ENTER
[DIAG] _physics_process: ENTER, state=0
[DIAG] _physics_process: IN_PLANE branch entered
[DIAG] _physics_process: plane position updated to (385.5021, 1853.8, 700.9908)
[DIAG] _physics_process: checking camera follow
[DIAG] _physics_process: plane and camera valid, updating camera
[DIAG] _physics_process: camera moved from (387.6034, 1905.516, 532.6472) to (385.5021, 1905.516, 533.8069)
[DIAG] _physics_process: IN_PLANE returning
[AUDIT] poll_forensic_hud: ENTER
[DIAG] _physics_process: ENTER, state=0
[DIAG] _physics_process: IN_PLANE branch entered
[DIAG] _physics_process: plane position updated to (383.3974, 1853.8, 702.1442)
[DIAG] _physics_process: checking camera follow
[DIAG] _physics_process: plane and camera valid, updating camera
[DIAG] _physics_process: camera moved from (385.5021, 1905.516, 533.8069) to (383.3974, 1905.516, 534.9603)
[DIAG] _physics_process: IN_PLANE returning
[DIAG] _poll_controls: ENTER, state=0
[VERBATIM] POLL: _poll_controls() entered, game_state=0
[DIAG] _poll_controls: EXIT (IN_PLANE branch)
[AUDIT] poll_forensic_hud: ENTER
[DIAG] _physics_process: ENTER, state=0
[DIAG] _physics_process: IN_PLANE branch entered
[DIAG] _physics_process: plane position updated to (381.2893, 1853.8, 703.2912)
[DIAG] _physics_process: checking camera follow
[DIAG] _physics_process: plane and camera valid, updating camera
[DIAG] _physics_process: camera moved from (383.3974, 1905.516, 534.9603) to (381.2893, 1905.516, 536.1073)
[DIAG] _physics_process: IN_PLANE returning
[DIAG] _poll_controls: ENTER, state=0
[VERBATIM] POLL: _poll_controls() entered, game_state=0
[DIAG] _poll_controls: EXIT (IN_PLANE branch)
[AUDIT] poll_forensic_hud: ENTER
[DIAG] _physics_process: ENTER, state=0
[DIAG] _physics_process: IN_PLANE branch entered
[DIAG] _physics_process: plane position updated to (379.1777, 1853.8, 704.4319)
[DIAG] _physics_process: checking camera follow
[DIAG] _physics_process: plane and camera valid, updating camera
[DIAG] _physics_process: camera moved from (381.2893, 1905.516, 536.1073) to (379.1777, 1905.516, 537.248)
[DIAG] _physics_process: IN_PLANE returning
[DIAG] _poll_controls: ENTER, state=0
[VERBATIM] POLL: _poll_controls() entered, game_state=0
[DIAG] _poll_controls: EXIT (IN_PLANE branch)
[AUDIT] poll_forensic_hud: ENTER
[DIAG] _physics_process: ENTER, state=0
[DIAG] _physics_process: IN_PLANE branch entered
[DIAG] _physics_process: plane position updated to (377.0627, 1853.8, 705.5662)
[DIAG] _physics_process: checking camera follow
[DIAG] _physics_process: plane and camera valid, updating camera
[DIAG] _physics_process: camera moved from (379.1777, 1905.516, 537.248) to (377.0627, 1905.516, 538.3823)
[DIAG] _physics_process: IN_PLANE returning
[AUDIT] poll_forensic_hud: ENTER
[DIAG] _physics_process: ENTER, state=0
[DIAG] _physics_process: IN_PLANE branch entered
[DIAG] _physics_process: plane position updated to (374.9443, 1853.8, 706.6943)
[DIAG] _physics_process: checking camera follow
[DIAG] _physics_process: plane and camera valid, updating camera
[DIAG] _physics_process: camera moved from (377.0627, 1905.516, 538.3823) to (374.9443, 1905.516, 539.5104)
[DIAG] _physics_process: IN_PLANE returning
[DIAG] _poll_controls: ENTER, state=0
[VERBATIM] POLL: _poll_controls() entered, game_state=0
[DIAG] _poll_controls: EXIT (IN_PLANE branch)
[VERBATIM] Wind updated: 12.5 kts @ 240.0°
[AUDIT] poll_forensic_hud: ENTER
[DIAG] _physics_process: ENTER, state=0
[DIAG] _physics_process: IN_PLANE branch entered
[DIAG] _physics_process: plane position updated to (372.8225, 1853.8, 707.8159)
[DIAG] _physics_process: checking camera follow
[DIAG] _physics_process: plane and camera valid, updating camera
[DIAG] _physics_process: camera moved from (374.9443, 1905.516, 539.5104) to (372.8225, 1905.516, 540.632)
[DIAG] _physics_process: IN_PLANE returning
[DIAG] _poll_controls: ENTER, state=0
[VERBATIM] POLL: _poll_controls() entered, game_state=0
[DIAG] _poll_controls: EXIT (IN_PLANE branch)
[AUDIT] poll_forensic_hud: ENTER
[PIPLIVE] eye=(100.0, 1830.5, -100.0) state=0 deployed=false framing=aircraft/sky
[DIAG] _physics_process: ENTER, state=0
[DIAG] _physics_process: IN_PLANE branch entered
[DIAG] _physics_process: plane position updated to (370.6974, 1853.8, 708.9312)
[DIAG] _physics_process: checking camera follow
[DIAG] _physics_process: plane and camera valid, updating camera
[DIAG] _physics_process: camera moved from (372.8225, 1905.516, 540.632) to (370.6974, 1905.516, 541.7473)
[DIAG] _physics_process: IN_PLANE returning
[AUDIT] poll_forensic_hud: ENTER
[DIAG] _physics_process: ENTER, state=0
[DIAG] _physics_process: IN_PLANE branch entered
[DIAG] _physics_process: plane position updated to (368.5689, 1853.8, 710.0401)
[DIAG] _physics_process: checking camera follow
[DIAG] _physics_process: plane and camera valid, updating camera
[DIAG] _physics_process: camera moved from (370.6974, 1905.516, 541.7473) to (368.5689, 1905.516, 542.8562)
[DIAG] _physics_process: IN_PLANE returning
[DIAG] _poll_controls: ENTER, state=0
[VERBATIM] POLL: _poll_controls() entered, game_state=0
[DIAG] _poll_controls: EXIT (IN_PLANE branch)
[AUDIT] poll_forensic_hud: ENTER
[DIAG] _physics_process: ENTER, state=0
[DIAG] _physics_process: IN_PLANE branch entered
[DIAG] _physics_process: plane position updated to (366.4372, 1853.8, 711.1426)
[DIAG] _physics_process: checking camera follow
[DIAG] _physics_process: plane and camera valid, updating camera
[DIAG] _physics_process: camera moved from (368.5689, 1905.516, 542.8562) to (366.4372, 1905.516, 543.9587)
[DIAG] _physics_process: IN_PLANE returning
[DIAG] _poll_controls: ENTER, state=0
[VERBATIM] POLL: _poll_controls() entered, game_state=0
[DIAG] _poll_controls: EXIT (IN_PLANE branch)
[AUDIT] poll_forensic_hud: ENTER
[DIAG] _physics_process: ENTER, state=0
[DIAG] _physics_process: IN_PLANE branch entered
[DIAG] _physics_process: plane position updated to (364.3021, 1853.8, 712.2387)
[DIAG] _physics_process: checking camera follow
[DIAG] _physics_process: plane and camera valid, updating camera
[DIAG] _physics_process: camera moved from (366.4372, 1905.516, 543.9587) to (364.3021, 1905.516, 545.0548)
[DIAG] _physics_process: IN_PLANE returning
[DIAG] _poll_controls: ENTER, state=0
[VERBATIM] POLL: _poll_controls() entered, game_state=0
[DIAG] _poll_controls: EXIT (IN_PLANE branch)
[AUDIT] poll_forensic_hud: ENTER
[DIAG] _physics_process: ENTER, state=0
[DIAG] _physics_process: IN_PLANE branch entered
[DIAG] _physics_process: plane position updated to (362.1638, 1853.8, 713.3284)
[DIAG] _physics_process: checking camera follow
[DIAG] _physics_process: plane and camera valid, updating camera
[DIAG] _physics_process: camera moved from (364.3021, 1905.516, 545.0548) to (362.1638, 1905.516, 546.1445)
[DIAG] _physics_process: IN_PLANE returning
[AUDIT] poll_forensic_hud: ENTER
[DIAG] _physics_process: ENTER, state=0
[DIAG] _physics_process: IN_PLANE branch entered
[DIAG] _physics_process: plane position updated to (360.0221, 1853.8, 714.4117)
[DIAG] _physics_process: checking camera follow
[DIAG] _physics_process: plane and camera valid, updating camera
[DIAG] _physics_process: camera moved from (362.1638, 1905.516, 546.1445) to (360.0221, 1905.516, 547.2278)
[DIAG] _physics_process: IN_PLANE returning
[DIAG] _poll_controls: ENTER, state=0
[VERBATIM] POLL: _poll_controls() entered, game_state=0
[DIAG] _poll_controls: EXIT (IN_PLANE branch)
[AUDIT] poll_forensic_hud: ENTER
[DIAG] _physics_process: ENTER, state=0
[DIAG] _physics_process: IN_PLANE branch entered
[DIAG] _physics_process: plane position updated to (357.8773, 1853.8, 715.4885)
[DIAG] _physics_process: checking camera follow
[DIAG] _physics_process: plane and camera valid, updating camera
[DIAG] _physics_process: camera moved from (360.0221, 1905.516, 547.2278) to (357.8773, 1905.516, 548.3046)
[DIAG] _physics_process: IN_PLANE returning
[DIAG] _poll_controls: ENTER, state=0
[VERBATIM] POLL: _poll_controls() entered, game_state=0
[DIAG] _poll_controls: EXIT (IN_PLANE branch)
[AUDIT] poll_forensic_hud: ENTER
[DIAG] _physics_process: ENTER, state=0
[DIAG] _physics_process: IN_PLANE branch entered
[DIAG] _physics_process: plane position updated to (355.7292, 1853.8, 716.559)
[DIAG] _physics_process: checking camera follow
[DIAG] _physics_process: plane and camera valid, updating camera
[DIAG] _physics_process: camera moved from (357.8773, 1905.516, 548.3046) to (355.7292, 1905.516, 549.3751)
[DIAG] _physics_process: IN_PLANE returning
[DIAG] _poll_controls: ENTER, state=0
[VERBATIM] POLL: _poll_controls() entered, game_state=0
[DIAG] _poll_controls: EXIT (IN_PLANE branch)
[AUDIT] poll_forensic_hud: ENTER
[DIAG] _physics_process: ENTER, state=0
[DIAG] _physics_process: IN_PLANE branch entered
[DIAG] _physics_process: plane position updated to (353.5779, 1853.8, 717.6229)
[DIAG] _physics_process: checking camera follow
[DIAG] _physics_process: plane and camera valid, updating camera
[DIAG] _physics_process: camera moved from (355.7292, 1905.516, 549.3751) to (353.5779, 1905.516, 550.439)
[DIAG] _physics_process: IN_PLANE returning
[AUDIT] poll_forensic_hud: ENTER
[DIAG] _physics_process: ENTER, state=0
[DIAG] _physics_process: IN_PLANE branch entered
[DIAG] _physics_process: plane position updated to (351.4235, 1853.8, 718.6804)
[DIAG] _physics_process: checking camera follow
[DIAG] _physics_process: plane and camera valid, updating camera
[DIAG] _physics_process: camera moved from (353.5779, 1905.516, 550.439) to (351.4235, 1905.516, 551.4965)
[DIAG] _physics_process: IN_PLANE returning
[DIAG] _poll_controls: ENTER, state=0
[VERBATIM] POLL: _poll_controls() entered, game_state=0
[DIAG] _poll_controls: EXIT (IN_PLANE branch)
[AUDIT] poll_forensic_hud: ENTER
[DIAG] _physics_process: ENTER, state=0
[DIAG] _physics_process: IN_PLANE branch entered
[DIAG] _physics_process: plane position updated to (349.2659, 1853.8, 719.7314)
[DIAG] _physics_process: checking camera follow
[DIAG] _physics_process: plane and camera valid, updating camera
[DIAG] _physics_process: camera moved from (351.4235, 1905.516, 551.4965) to (349.2659, 1905.516, 552.5475)
[DIAG] _physics_process: IN_PLANE returning
[DIAG] _poll_controls: ENTER, state=0
[VERBATIM] POLL: _poll_controls() entered, game_state=0
[DIAG] _poll_controls: EXIT (IN_PLANE branch)
[AUDIT] poll_forensic_hud: ENTER
[DIAG] _physics_process: ENTER, state=0
[DIAG] _physics_process: IN_PLANE branch entered
[DIAG] _physics_process: plane position updated to (347.1051, 1853.8, 720.776)
[DIAG] _physics_process: checking camera follow
[DIAG] _physics_process: plane and camera valid, updating camera
[DIAG] _physics_process: camera moved from (349.2659, 1905.516, 552.5475) to (347.1051, 1905.516, 553.5921)
[DIAG] _physics_process: IN_PLANE returning
[DIAG] _poll_controls: ENTER, state=0
[VERBATIM] POLL: _poll_controls() entered, game_state=0
[DIAG] _poll_controls: EXIT (IN_PLANE branch)
[AUDIT] poll_forensic_hud: ENTER
[DIAG] _physics_process: ENTER, state=0
[DIAG] _physics_process: IN_PLANE branch entered
[DIAG] _physics_process: plane position updated to (344.9412, 1853.8, 721.8141)
[DIAG] _physics_process: checking camera follow
[DIAG] _physics_process: plane and camera valid, updating camera
[DIAG] _physics_process: camera moved from (347.1051, 1905.516, 553.5921) to (344.9412, 1905.516, 554.6302)
[DIAG] _physics_process: IN_PLANE returning
[AUDIT] poll_forensic_hud: ENTER
[DIAG] _physics_process: ENTER, state=0
[DIAG] _physics_process: IN_PLANE branch entered
[DIAG] _physics_process: plane position updated to (342.7742, 1853.8, 722.8456)
[DIAG] _physics_process: checking camera follow
[DIAG] _physics_process: plane and camera valid, updating camera
[DIAG] _physics_process: camera moved from (344.9412, 1905.516, 554.6302) to (342.7742, 1905.516, 555.6617)
[DIAG] _physics_process: IN_PLANE returning
[DIAG] _poll_controls: ENTER, state=0
[VERBATIM] POLL: _poll_controls() entered, game_state=0
[DIAG] _poll_controls: EXIT (IN_PLANE branch)
[AUDIT] poll_forensic_hud: ENTER
[DIAG] _physics_process: ENTER, state=0
[DIAG] _physics_process: IN_PLANE branch entered
[DIAG] _physics_process: plane position updated to (340.6042, 1853.8, 723.8707)
[DIAG] _physics_process: checking camera follow
[DIAG] _physics_process: plane and camera valid, updating camera
[DIAG] _physics_process: camera moved from (342.7742, 1905.516, 555.6617) to (340.6042, 1905.516, 556.6868)
[DIAG] _physics_process: IN_PLANE returning
[DIAG] _poll_controls: ENTER, state=0
[VERBATIM] POLL: _poll_controls() entered, game_state=0
[DIAG] _poll_controls: EXIT (IN_PLANE branch)
[AUDIT] poll_forensic_hud: ENTER
[DIAG] _physics_process: ENTER, state=0
[DIAG] _physics_process: IN_PLANE branch entered
[DIAG] _physics_process: plane position updated to (338.431, 1853.8, 724.8893)
[DIAG] _physics_process: checking camera follow
[DIAG] _physics_process: plane and camera valid, updating camera
[DIAG] _physics_process: camera moved from (340.6042, 1905.516, 556.6868) to (338.431, 1905.516, 557.7054)
[DIAG] _physics_process: IN_PLANE returning
[AUDIT] poll_forensic_hud: ENTER
[DIAG] _physics_process: ENTER, state=0
[DIAG] _physics_process: IN_PLANE branch entered
[DIAG] _physics_process: plane position updated to (336.2548, 1853.8, 725.9013)
[DIAG] _physics_process: checking camera follow
[DIAG] _physics_process: plane and camera valid, updating camera
[DIAG] _physics_process: camera moved from (338.431, 1905.516, 557.7054) to (336.2548, 1905.516, 558.7174)
[DIAG] _physics_process: IN_PLANE returning
[DIAG] _poll_controls: ENTER, state=0
[VERBATIM] POLL: _poll_controls() entered, game_state=0
[DIAG] _poll_controls: EXIT (IN_PLANE branch)
[AUDIT] poll_forensic_hud: ENTER
[DIAG] _physics_process: ENTER, state=0
[DIAG] _physics_process: IN_PLANE branch entered
[DIAG] _physics_process: plane position updated to (334.0756, 1853.8, 726.9068)
[DIAG] _physics_process: checking camera follow
[DIAG] _physics_process: plane and camera valid, updating camera
[DIAG] _physics_process: camera moved from (336.2548, 1905.516, 558.7174) to (334.0756, 1905.516, 559.7229)
[DIAG] _physics_process: IN_PLANE returning
[DIAG] _poll_controls: ENTER, state=0
[VERBATIM] POLL: _poll_controls() entered, game_state=0
[DIAG] _poll_controls: EXIT (IN_PLANE branch)
[AUDIT] poll_forensic_hud: ENTER
[DIAG] _physics_process: ENTER, state=0
[DIAG] _physics_process: IN_PLANE branch entered
[DIAG] _physics_process: plane position updated to (331.8934, 1853.8, 727.9058)
[DIAG] _physics_process: checking camera follow
[DIAG] _physics_process: plane and camera valid, updating camera
[DIAG] _physics_process: camera moved from (334.0756, 1905.516, 559.7229) to (331.8934, 1905.516, 560.7219)
[DIAG] _physics_process: IN_PLANE returning
[DIAG] _poll_controls: ENTER, state=0
[VERBATIM] POLL: _poll_controls() entered, game_state=0
[DIAG] _poll_controls: EXIT (IN_PLANE branch)
[AUDIT] poll_forensic_hud: ENTER
[DIAG] _physics_process: ENTER, state=0
[DIAG] _physics_process: IN_PLANE branch entered
[DIAG] _physics_process: plane position updated to (329.7082, 1853.8, 728.8981)
[DIAG] _physics_process: checking camera follow
[DIAG] _physics_process: plane and camera valid, updating camera
[DIAG] _physics_process: camera moved from (331.8934, 1905.516, 560.7219) to (329.7082, 1905.516, 561.7142)
[DIAG] _physics_process: IN_PLANE returning
[AUDIT] poll_forensic_hud: ENTER
[DIAG] _physics_process: ENTER, state=0
[DIAG] _physics_process: IN_PLANE branch entered
[DIAG] _physics_process: plane position updated to (327.52, 1853.8, 729.884)
[DIAG] _physics_process: checking camera follow
[DIAG] _physics_process: plane and camera valid, updating camera
[DIAG] _physics_process: camera moved from (329.7082, 1905.516, 561.7142) to (327.52, 1905.516, 562.7001)
[DIAG] _physics_process: IN_PLANE returning
[DIAG] _poll_controls: ENTER, state=0
[VERBATIM] POLL: _poll_controls() entered, game_state=0
[DIAG] _poll_controls: EXIT (IN_PLANE branch)
[AUDIT] poll_forensic_hud: ENTER
[DIAG] _physics_process: ENTER, state=0
[DIAG] _physics_process: IN_PLANE branch entered
[DIAG] _physics_process: plane position updated to (325.3289, 1853.8, 730.8633)
[DIAG] _physics_process: checking camera follow
[DIAG] _physics_process: plane and camera valid, updating camera
[DIAG] _physics_process: camera moved from (327.52, 1905.516, 562.7001) to (325.3289, 1905.516, 563.6794)
[DIAG] _physics_process: IN_PLANE returning
[DIAG] _poll_controls: ENTER, state=0
[VERBATIM] POLL: _poll_controls() entered, game_state=0
[DIAG] _poll_controls: EXIT (IN_PLANE branch)
[AUDIT] poll_forensic_hud: ENTER
[DIAG] _physics_process: ENTER, state=0
[DIAG] _physics_process: IN_PLANE branch entered
[DIAG] _physics_process: plane position updated to (323.1348, 1853.8, 731.8359)
[DIAG] _physics_process: checking camera follow
[DIAG] _physics_process: plane and camera valid, updating camera
[DIAG] _physics_process: camera moved from (325.3289, 1905.516, 563.6794) to (323.1348, 1905.516, 564.652)
[DIAG] _physics_process: IN_PLANE returning
[DIAG] _poll_controls: ENTER, state=0
[VERBATIM] POLL: _poll_controls() entered, game_state=0
[DIAG] _poll_controls: EXIT (IN_PLANE branch)
[AUDIT] poll_forensic_hud: ENTER
[DIAG] _physics_process: ENTER, state=0
[DIAG] _physics_process: IN_PLANE branch entered
[DIAG] _physics_process: plane position updated to (320.9379, 1853.8, 732.8021)
[DIAG] _physics_process: checking camera follow
[DIAG] _physics_process: plane and camera valid, updating camera
[DIAG] _physics_process: camera moved from (323.1348, 1905.516, 564.652) to (320.9379, 1905.516, 565.6182)
[DIAG] _physics_process: IN_PLANE returning
[AUDIT] poll_forensic_hud: ENTER
[DIAG] _physics_process: ENTER, state=0
[DIAG] _physics_process: IN_PLANE branch entered
[DIAG] _physics_process: plane position updated to (318.738, 1853.8, 733.7616)
[DIAG] _physics_process: checking camera follow
[DIAG] _physics_process: plane and camera valid, updating camera
[DIAG] _physics_process: camera moved from (320.9379, 1905.516, 565.6182) to (318.738, 1905.516, 566.5777)
[DIAG] _physics_process: IN_PLANE returning
[DIAG] _poll_controls: ENTER, state=0
[VERBATIM] POLL: _poll_controls() entered, game_state=0
[DIAG] _poll_controls: EXIT (IN_PLANE branch)
[AUDIT] poll_forensic_hud: ENTER
[DIAG] _physics_process: ENTER, state=0
[DIAG] _physics_process: IN_PLANE branch entered
[DIAG] _physics_process: plane position updated to (316.5353, 1853.8, 734.7145)
[DIAG] _physics_process: checking camera follow
[DIAG] _physics_process: plane and camera valid, updating camera
[DIAG] _physics_process: camera moved from (318.738, 1905.516, 566.5777) to (316.5353, 1905.516, 567.5306)
[DIAG] _physics_process: IN_PLANE returning
[DIAG] _poll_controls: ENTER, state=0
[VERBATIM] POLL: _poll_controls() entered, game_state=0
[DIAG] _poll_controls: EXIT (IN_PLANE branch)
[AUDIT] poll_forensic_hud: ENTER
[DIAG] _physics_process: ENTER, state=0
[DIAG] _physics_process: IN_PLANE branch entered
[DIAG] _physics_process: plane position updated to (314.3297, 1853.8, 735.6608)
[DIAG] _physics_process: checking camera follow
[DIAG] _physics_process: plane and camera valid, updating camera
[DIAG] _physics_process: camera moved from (316.5353, 1905.516, 567.5306) to (314.3297, 1905.516, 568.4769)
[DIAG] _physics_process: IN_PLANE returning
[DIAG] _poll_controls: ENTER, state=0
[VERBATIM] POLL: _poll_controls() entered, game_state=0
[DIAG] _poll_controls: EXIT (IN_PLANE branch)
[AUDIT] poll_forensic_hud: ENTER
[DIAG] _physics_process: ENTER, state=0
[DIAG] _physics_process: IN_PLANE branch entered
[DIAG] _physics_process: plane position updated to (312.1213, 1853.8, 736.6005)
[DIAG] _physics_process: checking camera follow
[DIAG] _physics_process: plane and camera valid, updating camera
[DIAG] _physics_process: camera moved from (314.3297, 1905.516, 568.4769) to (312.1213, 1905.516, 569.4166)
[DIAG] _physics_process: IN_PLANE returning
[AUDIT] poll_forensic_hud: ENTER
[DIAG] _physics_process: ENTER, state=0
[DIAG] _physics_process: IN_PLANE branch entered
[DIAG] _physics_process: plane position updated to (309.9102, 1853.8, 737.5335)
[DIAG] _physics_process: checking camera follow
[DIAG] _physics_process: plane and camera valid, updating camera
[DIAG] _physics_process: camera moved from (312.1213, 1905.516, 569.4166) to (309.9102, 1905.516, 570.3496)
[DIAG] _physics_process: IN_PLANE returning
[DIAG] _poll_controls: ENTER, state=0
[VERBATIM] POLL: _poll_controls() entered, game_state=0
[DIAG] _poll_controls: EXIT (IN_PLANE branch)
[AUDIT] poll_forensic_hud: ENTER
[DIAG] _physics_process: ENTER, state=0
[DIAG] _physics_process: IN_PLANE branch entered
[DIAG] _physics_process: plane position updated to (307.6962, 1853.8, 738.46)
[DIAG] _physics_process: checking camera follow
[DIAG] _physics_process: plane and camera valid, updating camera
[DIAG] _physics_process: camera moved from (309.9102, 1905.516, 570.3496) to (307.6962, 1905.516, 571.2761)
[DIAG] _physics_process: IN_PLANE returning
[DIAG] _poll_controls: ENTER, state=0
[VERBATIM] POLL: _poll_controls() entered, game_state=0
[DIAG] _poll_controls: EXIT (IN_PLANE branch)
[AUDIT] poll_forensic_hud: ENTER
[DIAG] _physics_process: ENTER, state=0
[DIAG] _physics_process: IN_PLANE branch entered
[DIAG] _physics_process: plane position updated to (305.4794, 1853.8, 739.3797)
[DIAG] _physics_process: checking camera follow
[DIAG] _physics_process: plane and camera valid, updating camera
[DIAG] _physics_process: camera moved from (307.6962, 1905.516, 571.2761) to (305.4794, 1905.516, 572.1958)
[DIAG] _physics_process: IN_PLANE returning
[AUDIT] poll_forensic_hud: ENTER
[DIAG] _physics_process: ENTER, state=0
[DIAG] _physics_process: IN_PLANE branch entered
[DIAG] _physics_process: plane position updated to (303.2599, 1853.8, 740.2928)
[DIAG] _physics_process: checking camera follow
[DIAG] _physics_process: plane and camera valid, updating camera
[DIAG] _physics_process: camera moved from (305.4794, 1905.516, 572.1958) to (303.2599, 1905.516, 573.1089)
[DIAG] _physics_process: IN_PLANE returning
[DIAG] _poll_controls: ENTER, state=0
[VERBATIM] POLL: _poll_controls() entered, game_state=0
[DIAG] _poll_controls: EXIT (IN_PLANE branch)
[AUDIT] poll_forensic_hud: ENTER
[DIAG] _physics_process: ENTER, state=0
[DIAG] _physics_process: IN_PLANE branch entered
[DIAG] _physics_process: plane position updated to (301.0376, 1853.8, 741.1993)
[DIAG] _physics_process: checking camera follow
[DIAG] _physics_process: plane and camera valid, updating camera
[DIAG] _physics_process: camera moved from (303.2599, 1905.516, 573.1089) to (301.0376, 1905.516, 574.0154)
[DIAG] _physics_process: IN_PLANE returning
[DIAG] _poll_controls: ENTER, state=0
[VERBATIM] POLL: _poll_controls() entered, game_state=0
[DIAG] _poll_controls: EXIT (IN_PLANE branch)
[AUDIT] poll_forensic_hud: ENTER
[DIAG] _physics_process: ENTER, state=0
[DIAG] _physics_process: IN_PLANE branch entered
[DIAG] _physics_process: plane position updated to (298.8127, 1853.8, 742.0991)
[DIAG] _physics_process: checking camera follow
[DIAG] _physics_process: plane and camera valid, updating camera
[DIAG] _physics_process: camera moved from (301.0376, 1905.516, 574.0154) to (298.8127, 1905.516, 574.9152)
[DIAG] _physics_process: IN_PLANE returning
[DIAG] _poll_controls: ENTER, state=0
[VERBATIM] POLL: _poll_controls() entered, game_state=0
[DIAG] _poll_controls: EXIT (IN_PLANE branch)
[AUDIT] poll_forensic_hud: ENTER
[DIAG] _physics_process: ENTER, state=0
[DIAG] _physics_process: IN_PLANE branch entered
[DIAG] _physics_process: plane position updated to (296.5851, 1853.8, 742.9921)
[DIAG] _physics_process: checking camera follow
[DIAG] _physics_process: plane and camera valid, updating camera
[DIAG] _physics_process: camera moved from (298.8127, 1905.516, 574.9152) to (296.5851, 1905.516, 575.8082)
[DIAG] _physics_process: IN_PLANE returning
[AUDIT] poll_forensic_hud: ENTER
[DIAG] _physics_process: ENTER, state=0
[DIAG] _physics_process: IN_PLANE branch entered
[DIAG] _physics_process: plane position updated to (294.3547, 1853.8, 743.8785)
[DIAG] _physics_process: checking camera follow
[DIAG] _physics_process: plane and camera valid, updating camera
[DIAG] _physics_process: camera moved from (296.5851, 1905.516, 575.8082) to (294.3547, 1905.516, 576.6946)
[DIAG] _physics_process: IN_PLANE returning
[DIAG] _poll_controls: ENTER, state=0
[VERBATIM] POLL: _poll_controls() entered, game_state=0
[DIAG] _poll_controls: EXIT (IN_PLANE branch)
[AUDIT] poll_forensic_hud: ENTER
[DIAG] _physics_process: ENTER, state=0
[DIAG] _physics_process: IN_PLANE branch entered
[DIAG] _physics_process: plane position updated to (292.1218, 1853.8, 744.7582)
[DIAG] _physics_process: checking camera follow
[DIAG] _physics_process: plane and camera valid, updating camera
[DIAG] _physics_process: camera moved from (294.3547, 1905.516, 576.6946) to (292.1218, 1905.516, 577.5743)
[DIAG] _physics_process: IN_PLANE returning
[DIAG] _poll_controls: ENTER, state=0
[VERBATIM] POLL: _poll_controls() entered, game_state=0
[DIAG] _poll_controls: EXIT (IN_PLANE branch)
[AUDIT] poll_forensic_hud: ENTER
[DIAG] _physics_process: ENTER, state=0
[DIAG] _physics_process: IN_PLANE branch entered
[DIAG] _physics_process: plane position updated to (289.8862, 1853.8, 745.6313)
[DIAG] _physics_process: checking camera follow
[DIAG] _physics_process: plane and camera valid, updating camera
[DIAG] _physics_process: camera moved from (292.1218, 1905.516, 577.5743) to (289.8862, 1905.516, 578.4474)
[DIAG] _physics_process: IN_PLANE returning
[DIAG] _poll_controls: ENTER, state=0
[VERBATIM] POLL: _poll_controls() entered, game_state=0
[DIAG] _poll_controls: EXIT (IN_PLANE branch)
[AUDIT] poll_forensic_hud: ENTER
[DIAG] _physics_process: ENTER, state=0
[DIAG] _physics_process: IN_PLANE branch entered
[DIAG] _physics_process: plane position updated to (287.648, 1853.8, 746.4976)
[DIAG] _physics_process: checking camera follow
[DIAG] _physics_process: plane and camera valid, updating camera
[DIAG] _physics_process: camera moved from (289.8862, 1905.516, 578.4474) to (287.648, 1905.516, 579.3137)
[DIAG] _physics_process: IN_PLANE returning
[AUDIT] poll_forensic_hud: ENTER
[DIAG] _physics_process: ENTER, state=0
[DIAG] _physics_process: IN_PLANE branch entered
[DIAG] _physics_process: plane position updated to (285.4072, 1853.8, 747.3572)
[DIAG] _physics_process: checking camera follow
[DIAG] _physics_process: plane and camera valid, updating camera
[DIAG] _physics_process: camera moved from (287.648, 1905.516, 579.3137) to (285.4072, 1905.516, 580.1733)
[DIAG] _physics_process: IN_PLANE returning
[DIAG] _poll_controls: ENTER, state=0
[VERBATIM] POLL: _poll_controls() entered, game_state=0
[DIAG] _poll_controls: EXIT (IN_PLANE branch)
[AUDIT] poll_forensic_hud: ENTER
[DIAG] _physics_process: ENTER, state=0
[DIAG] _physics_process: IN_PLANE branch entered
[DIAG] _physics_process: plane position updated to (283.1639, 1853.8, 748.21)
[DIAG] _physics_process: checking camera follow
[DIAG] _physics_process: plane and camera valid, updating camera
[DIAG] _physics_process: camera moved from (285.4072, 1905.516, 580.1733) to (283.1639, 1905.516, 581.0261)
[DIAG] _physics_process: IN_PLANE returning
[DIAG] _poll_controls: ENTER, state=0
[VERBATIM] POLL: _poll_controls() entered, game_state=0
[DIAG] _poll_controls: EXIT (IN_PLANE branch)
[AUDIT] poll_forensic_hud: ENTER
[DIAG] _physics_process: ENTER, state=0
[DIAG] _physics_process: IN_PLANE branch entered
[DIAG] _physics_process: plane position updated to (280.918, 1853.8, 749.0562)
[DIAG] _physics_process: checking camera follow
[DIAG] _physics_process: plane and camera valid, updating camera
[DIAG] _physics_process: camera moved from (283.1639, 1905.516, 581.0261) to (280.918, 1905.516, 581.8723)
[DIAG] _physics_process: IN_PLANE returning
[DIAG] _poll_controls: ENTER, state=0
[VERBATIM] POLL: _poll_controls() entered, game_state=0
[DIAG] _poll_controls: EXIT (IN_PLANE branch)
[AUDIT] poll_forensic_hud: ENTER
[DIAG] _physics_process: ENTER, state=0
[DIAG] _physics_process: IN_PLANE branch entered
[DIAG] _physics_process: plane position updated to (278.6696, 1853.8, 749.8955)
[DIAG] _physics_process: checking camera follow
[DIAG] _physics_process: plane and camera valid, updating camera
[DIAG] _physics_process: camera moved from (280.918, 1905.516, 581.8723) to (278.6696, 1905.516, 582.7116)
[DIAG] _physics_process: IN_PLANE returning
[AUDIT] poll_forensic_hud: ENTER
[DIAG] _physics_process: ENTER, state=0
[DIAG] _physics_process: IN_PLANE branch entered
[DIAG] _physics_process: plane position updated to (276.4186, 1853.8, 750.7281)
[DIAG] _physics_process: checking camera follow
[DIAG] _physics_process: plane and camera valid, updating camera
[DIAG] _physics_process: camera moved from (278.6696, 1905.516, 582.7116) to (276.4186, 1905.516, 583.5443)
[DIAG] _physics_process: IN_PLANE returning
[DIAG] _poll_controls: ENTER, state=0
[VERBATIM] POLL: _poll_controls() entered, game_state=0
[DIAG] _poll_controls: EXIT (IN_PLANE branch)
[AUDIT] poll_forensic_hud: ENTER
[DIAG] _physics_process: ENTER, state=0
[DIAG] _physics_process: IN_PLANE branch entered
[DIAG] _physics_process: plane position updated to (274.1652, 1853.8, 751.554)
[DIAG] _physics_process: checking camera follow
[DIAG] _physics_process: plane and camera valid, updating camera
[DIAG] _physics_process: camera moved from (276.4186, 1905.516, 583.5443) to (274.1652, 1905.516, 584.3701)
[DIAG] _physics_process: IN_PLANE returning
[DIAG] _poll_controls: ENTER, state=0
[VERBATIM] POLL: _poll_controls() entered, game_state=0
[DIAG] _poll_controls: EXIT (IN_PLANE branch)
[AUDIT] poll_forensic_hud: ENTER
[DIAG] _physics_process: ENTER, state=0
[DIAG] _physics_process: IN_PLANE branch entered
[DIAG] _physics_process: plane position updated to (271.9093, 1853.8, 752.3731)
[DIAG] _physics_process: checking camera follow
[DIAG] _physics_process: plane and camera valid, updating camera
[DIAG] _physics_process: camera moved from (274.1652, 1905.516, 584.3701) to (271.9093, 1905.516, 585.1892)
[DIAG] _physics_process: IN_PLANE returning
[AUDIT] poll_forensic_hud: ENTER
[DIAG] _physics_process: ENTER, state=0
[DIAG] _physics_process: IN_PLANE branch entered
[DIAG] _physics_process: plane position updated to (269.6509, 1853.8, 753.1855)
[DIAG] _physics_process: checking camera follow
[DIAG] _physics_process: plane and camera valid, updating camera
[DIAG] _physics_process: camera moved from (271.9093, 1905.516, 585.1892) to (269.6509, 1905.516, 586.0016)
[DIAG] _physics_process: IN_PLANE returning
[DIAG] _poll_controls: ENTER, state=0
[VERBATIM] POLL: _poll_controls() entered, game_state=0
[DIAG] _poll_controls: EXIT (IN_PLANE branch)
[AUDIT] poll_forensic_hud: ENTER
[DIAG] _physics_process: ENTER, state=0
[DIAG] _physics_process: IN_PLANE branch entered
[DIAG] _physics_process: plane position updated to (267.3902, 1853.8, 753.991)
[DIAG] _physics_process: checking camera follow
[DIAG] _physics_process: plane and camera valid, updating camera
[DIAG] _physics_process: camera moved from (269.6509, 1905.516, 586.0016) to (267.3902, 1905.516, 586.8071)
[DIAG] _physics_process: IN_PLANE returning
[DIAG] _poll_controls: ENTER, state=0
[VERBATIM] POLL: _poll_controls() entered, game_state=0
[DIAG] _poll_controls: EXIT (IN_PLANE branch)
[AUDIT] poll_forensic_hud: ENTER
[DIAG] _physics_process: ENTER, state=0
[DIAG] _physics_process: IN_PLANE branch entered
[DIAG] _physics_process: plane position updated to (265.127, 1853.8, 754.7898)
[DIAG] _physics_process: checking camera follow
[DIAG] _physics_process: plane and camera valid, updating camera
[DIAG] _physics_process: camera moved from (267.3902, 1905.516, 586.8071) to (265.127, 1905.516, 587.6059)
[DIAG] _physics_process: IN_PLANE returning
[DIAG] _poll_controls: ENTER, state=0
[VERBATIM] POLL: _poll_controls() entered, game_state=0
[DIAG] _poll_controls: EXIT (IN_PLANE branch)
[AUDIT] poll_forensic_hud: ENTER
[DIAG] _physics_process: ENTER, state=0
[DIAG] _physics_process: IN_PLANE branch entered
[DIAG] _physics_process: plane position updated to (262.8615, 1853.8, 755.5818)
[DIAG] _physics_process: checking camera follow
[DIAG] _physics_process: plane and camera valid, updating camera
[DIAG] _physics_process: camera moved from (265.127, 1905.516, 587.6059) to (262.8615, 1905.516, 588.3979)
[DIAG] _physics_process: IN_PLANE returning
[AUDIT] poll_forensic_hud: ENTER
[DIAG] _physics_process: ENTER, state=0
[DIAG] _physics_process: IN_PLANE branch entered
[DIAG] _physics_process: plane position updated to (260.5935, 1853.8, 756.367)
[DIAG] _physics_process: checking camera follow
[DIAG] _physics_process: plane and camera valid, updating camera
[DIAG] _physics_process: camera moved from (262.8615, 1905.516, 588.3979) to (260.5935, 1905.516, 589.1831)
[DIAG] _physics_process: IN_PLANE returning
[DIAG] _poll_controls: ENTER, state=0
[VERBATIM] POLL: _poll_controls() entered, game_state=0
[DIAG] _poll_controls: EXIT (IN_PLANE branch)
[AUDIT] poll_forensic_hud: ENTER
[DIAG] _physics_process: ENTER, state=0
[DIAG] _physics_process: IN_PLANE branch entered
[DIAG] _physics_process: plane position updated to (258.3232, 1853.8, 757.1454)
[DIAG] _physics_process: checking camera follow
[DIAG] _physics_process: plane and camera valid, updating camera
[DIAG] _physics_process: camera moved from (260.5935, 1905.516, 589.1831) to (258.3232, 1905.516, 589.9615)
[DIAG] _physics_process: IN_PLANE returning
[DIAG] _poll_controls: ENTER, state=0
[VERBATIM] POLL: _poll_controls() entered, game_state=0
[DIAG] _poll_controls: EXIT (IN_PLANE branch)
[AUDIT] poll_forensic_hud: ENTER
[DIAG] _physics_process: ENTER, state=0
[DIAG] _physics_process: IN_PLANE branch entered
[DIAG] _physics_process: plane position updated to (256.0507, 1853.8, 757.9169)
[DIAG] _physics_process: checking camera follow
[DIAG] _physics_process: plane and camera valid, updating camera
[DIAG] _physics_process: camera moved from (258.3232, 1905.516, 589.9615) to (256.0507, 1905.516, 590.733)
[DIAG] _physics_process: IN_PLANE returning
[DIAG] _poll_controls: ENTER, state=0
[VERBATIM] POLL: _poll_controls() entered, game_state=0
[DIAG] _poll_controls: EXIT (IN_PLANE branch)
[AUDIT] poll_forensic_hud: ENTER
[DIAG] _physics_process: ENTER, state=0
[DIAG] _physics_process: IN_PLANE branch entered
[DIAG] _physics_process: plane position updated to (253.7758, 1853.8, 758.6816)
[DIAG] _physics_process: checking camera follow
[DIAG] _physics_process: plane and camera valid, updating camera
[DIAG] _physics_process: camera moved from (256.0507, 1905.516, 590.733) to (253.7758, 1905.516, 591.4977)
[DIAG] _physics_process: IN_PLANE returning
[AUDIT] poll_forensic_hud: ENTER
[DIAG] _physics_process: ENTER, state=0
[DIAG] _physics_process: IN_PLANE branch entered
[DIAG] _physics_process: plane position updated to (251.4986, 1853.8, 759.4396)
[DIAG] _physics_process: checking camera follow
[DIAG] _physics_process: plane and camera valid, updating camera
[DIAG] _physics_process: camera moved from (253.7758, 1905.516, 591.4977) to (251.4986, 1905.516, 592.2557)
[DIAG] _physics_process: IN_PLANE returning
[DIAG] _poll_controls: ENTER, state=0
[VERBATIM] POLL: _poll_controls() entered, game_state=0
[DIAG] _poll_controls: EXIT (IN_PLANE branch)
[AUDIT] poll_forensic_hud: ENTER
[DIAG] _physics_process: ENTER, state=0
[DIAG] _physics_process: IN_PLANE branch entered
[DIAG] _physics_process: plane position updated to (249.2191, 1853.8, 760.1907)
[DIAG] _physics_process: checking camera follow
[DIAG] _physics_process: plane and camera valid, updating camera
[DIAG] _physics_process: camera moved from (251.4986, 1905.516, 592.2557) to (249.2191, 1905.516, 593.0068)
[DIAG] _physics_process: IN_PLANE returning
[DIAG] _poll_controls: ENTER, state=0
[VERBATIM] POLL: _poll_controls() entered, game_state=0
[DIAG] _poll_controls: EXIT (IN_PLANE branch)
[AUDIT] poll_forensic_hud: ENTER
[DIAG] _physics_process: ENTER, state=0
[DIAG] _physics_process: IN_PLANE branch entered
[DIAG] _physics_process: plane position updated to (246.9374, 1853.8, 760.9349)
[DIAG] _physics_process: checking camera follow
[DIAG] _physics_process: plane and camera valid, updating camera
[DIAG] _physics_process: camera moved from (249.2191, 1905.516, 593.0068) to (246.9374, 1905.516, 593.751)
[DIAG] _physics_process: IN_PLANE returning
[DIAG] _poll_controls: ENTER, state=0
[VERBATIM] POLL: _poll_controls() entered, game_state=0
[DIAG] _poll_controls: EXIT (IN_PLANE branch)
[AUDIT] poll_forensic_hud: ENTER
[DIAG] _physics_process: ENTER, state=0
[DIAG] _physics_process: IN_PLANE branch entered
[DIAG] _physics_process: plane position updated to (244.6535, 1853.8, 761.6723)
[DIAG] _physics_process: checking camera follow
[DIAG] _physics_process: plane and camera valid, updating camera
[DIAG] _physics_process: camera moved from (246.9374, 1905.516, 593.751) to (244.6535, 1905.516, 594.4884)
[DIAG] _physics_process: IN_PLANE returning
[AUDIT] poll_forensic_hud: ENTER
[DIAG] _physics_process: ENTER, state=0
[DIAG] _physics_process: IN_PLANE branch entered
[DIAG] _physics_process: plane position updated to (242.3674, 1853.8, 762.4028)
[DIAG] _physics_process: checking camera follow
[DIAG] _physics_process: plane and camera valid, updating camera
[DIAG] _physics_process: camera moved from (244.6535, 1905.516, 594.4884) to (242.3674, 1905.516, 595.2189)
[DIAG] _physics_process: IN_PLANE returning
[DIAG] _poll_controls: ENTER, state=0
[VERBATIM] POLL: _poll_controls() entered, game_state=0
[DIAG] _poll_controls: EXIT (IN_PLANE branch)
[VERBATIM] Wind updated: 12.5 kts @ 240.0°
[AUDIT] poll_forensic_hud: ENTER
[DIAG] _physics_process: ENTER, state=0
[DIAG] _physics_process: IN_PLANE branch entered
[DIAG] _physics_process: plane position updated to (240.0791, 1853.8, 763.1265)
[DIAG] _physics_process: checking camera follow
[DIAG] _physics_process: plane and camera valid, updating camera
[DIAG] _physics_process: camera moved from (242.3674, 1905.516, 595.2189) to (240.0791, 1905.516, 595.9426)
[DIAG] _physics_process: IN_PLANE returning
[DIAG] _poll_controls: ENTER, state=0
[VERBATIM] POLL: _poll_controls() entered, game_state=0
[DIAG] _poll_controls: EXIT (IN_PLANE branch)
[AUDIT] poll_forensic_hud: ENTER
[DIAG] _physics_process: ENTER, state=0
[DIAG] _physics_process: IN_PLANE branch entered
[DIAG] _physics_process: plane position updated to (237.7887, 1853.8, 763.8433)
[DIAG] _physics_process: checking camera follow
[DIAG] _physics_process: plane and camera valid, updating camera
[DIAG] _physics_process: camera moved from (240.0791, 1905.516, 595.9426) to (237.7887, 1905.516, 596.6594)
[DIAG] _physics_process: IN_PLANE returning
[AUDIT] poll_forensic_hud: ENTER
[DIAG] _physics_process: ENTER, state=0
[DIAG] _physics_process: IN_PLANE branch entered
[DIAG] _physics_process: plane position updated to (235.4961, 1853.8, 764.5532)
[DIAG] _physics_process: checking camera follow
[DIAG] _physics_process: plane and camera valid, updating camera
[DIAG] _physics_process: camera moved from (237.7887, 1905.516, 596.6594) to (235.4961, 1905.516, 597.3693)
[DIAG] _physics_process: IN_PLANE returning
[DIAG] _poll_controls: ENTER, state=0
[VERBATIM] POLL: _poll_controls() entered, game_state=0
[DIAG] _poll_controls: EXIT (IN_PLANE branch)
[AUDIT] poll_forensic_hud: ENTER
[DIAG] _physics_process: ENTER, state=0
[DIAG] _physics_process: IN_PLANE branch entered
[DIAG] _physics_process: plane position updated to (233.2014, 1853.8, 765.2562)
[DIAG] _physics_process: checking camera follow
[DIAG] _physics_process: plane and camera valid, updating camera
[DIAG] _physics_process: camera moved from (235.4961, 1905.516, 597.3693) to (233.2014, 1905.516, 598.0723)
[DIAG] _physics_process: IN_PLANE returning
[DIAG] _poll_controls: ENTER, state=0
[VERBATIM] POLL: _poll_controls() entered, game_state=0
[DIAG] _poll_controls: EXIT (IN_PLANE branch)
[AUDIT] poll_forensic_hud: ENTER
[DIAG] _physics_process: ENTER, state=0
[DIAG] _physics_process: IN_PLANE branch entered
[DIAG] _physics_process: plane position updated to (230.9045, 1853.8, 765.9524)
[DIAG] _physics_process: checking camera follow
[DIAG] _physics_process: plane and camera valid, updating camera
[DIAG] _physics_process: camera moved from (233.2014, 1905.516, 598.0723) to (230.9045, 1905.516, 598.7685)
[DIAG] _physics_process: IN_PLANE returning
[DIAG] _poll_controls: ENTER, state=0
[VERBATIM] POLL: _poll_controls() entered, game_state=0
[DIAG] _poll_controls: EXIT (IN_PLANE branch)
[AUDIT] poll_forensic_hud: ENTER
[DIAG] _physics_process: ENTER, state=0
[DIAG] _physics_process: IN_PLANE branch entered
[DIAG] _physics_process: plane position updated to (228.6056, 1853.8, 766.6417)
[DIAG] _physics_process: checking camera follow
[DIAG] _physics_process: plane and camera valid, updating camera
[DIAG] _physics_process: camera moved from (230.9045, 1905.516, 598.7685) to (228.6056, 1905.516, 599.4578)
[DIAG] _physics_process: IN_PLANE returning
[AUDIT] poll_forensic_hud: ENTER
[DIAG] _physics_process: ENTER, state=0
[DIAG] _physics_process: IN_PLANE branch entered
[DIAG] _physics_process: plane position updated to (226.3047, 1853.8, 767.324)
[DIAG] _physics_process: checking camera follow
[DIAG] _physics_process: plane and camera valid, updating camera
[DIAG] _physics_process: camera moved from (228.6056, 1905.516, 599.4578) to (226.3047, 1905.516, 600.1401)
[DIAG] _physics_process: IN_PLANE returning
[DIAG] _poll_controls: ENTER, state=0
[VERBATIM] POLL: _poll_controls() entered, game_state=0
[DIAG] _poll_controls: EXIT (IN_PLANE branch)
[AUDIT] poll_forensic_hud: ENTER
[DIAG] _physics_process: ENTER, state=0
[DIAG] _physics_process: IN_PLANE branch entered
[DIAG] _physics_process: plane position updated to (224.0017, 1853.8, 767.9995)
[DIAG] _physics_process: checking camera follow
[DIAG] _physics_process: plane and camera valid, updating camera
[DIAG] _physics_process: camera moved from (226.3047, 1905.516, 600.1401) to (224.0017, 1905.516, 600.8156)
[DIAG] _physics_process: IN_PLANE returning
[DIAG] _poll_controls: ENTER, state=0
[VERBATIM] POLL: _poll_controls() entered, game_state=0
[DIAG] _poll_controls: EXIT (IN_PLANE branch)
[AUDIT] poll_forensic_hud: ENTER
[DIAG] _physics_process: ENTER, state=0
[DIAG] _physics_process: IN_PLANE branch entered
[DIAG] _physics_process: plane position updated to (221.6967, 1853.8, 768.668)
[DIAG] _physics_process: checking camera follow
[DIAG] _physics_process: plane and camera valid, updating camera
[DIAG] _physics_process: camera moved from (224.0017, 1905.516, 600.8156) to (221.6967, 1905.516, 601.4841)
[DIAG] _physics_process: IN_PLANE returning
[DIAG] _poll_controls: ENTER, state=0
[VERBATIM] POLL: _poll_controls() entered, game_state=0
[DIAG] _poll_controls: EXIT (IN_PLANE branch)
[AUDIT] poll_forensic_hud: ENTER
[DIAG] _physics_process: ENTER, state=0
[DIAG] _physics_process: IN_PLANE branch entered
[DIAG] _physics_process: plane position updated to (219.3897, 1853.8, 769.3297)
[DIAG] _physics_process: checking camera follow
[DIAG] _physics_process: plane and camera valid, updating camera
[DIAG] _physics_process: camera moved from (221.6967, 1905.516, 601.4841) to (219.3897, 1905.516, 602.1458)
[DIAG] _physics_process: IN_PLANE returning
[AUDIT] poll_forensic_hud: ENTER
[DIAG] _physics_process: ENTER, state=0
[DIAG] _physics_process: IN_PLANE branch entered
[DIAG] _physics_process: plane position updated to (217.0807, 1853.8, 769.9844)
[DIAG] _physics_process: checking camera follow
[DIAG] _physics_process: plane and camera valid, updating camera
[DIAG] _physics_process: camera moved from (219.3897, 1905.516, 602.1458) to (217.0807, 1905.516, 602.8005)
[DIAG] _physics_process: IN_PLANE returning
[DIAG] _poll_controls: ENTER, state=0
[VERBATIM] POLL: _poll_controls() entered, game_state=0
[DIAG] _poll_controls: EXIT (IN_PLANE branch)
[AUDIT] poll_forensic_hud: ENTER
[DIAG] _physics_process: ENTER, state=0
[DIAG] _physics_process: IN_PLANE branch entered
[DIAG] _physics_process: plane position updated to (214.7698, 1853.8, 770.6321)
[DIAG] _physics_process: checking camera follow
[DIAG] _physics_process: plane and camera valid, updating camera
[DIAG] _physics_process: camera moved from (217.0807, 1905.516, 602.8005) to (214.7698, 1905.516, 603.4482)
[DIAG] _physics_process: IN_PLANE returning
[DIAG] _poll_controls: ENTER, state=0
[VERBATIM] POLL: _poll_controls() entered, game_state=0
[DIAG] _poll_controls: EXIT (IN_PLANE branch)
[AUDIT] poll_forensic_hud: ENTER
[DIAG] _physics_process: ENTER, state=0
[DIAG] _physics_process: IN_PLANE branch entered
[DIAG] _physics_process: plane position updated to (212.4569, 1853.8, 771.273)
[DIAG] _physics_process: checking camera follow
[DIAG] _physics_process: plane and camera valid, updating camera
[DIAG] _physics_process: camera moved from (214.7698, 1905.516, 603.4482) to (212.4569, 1905.516, 604.0891)
[DIAG] _physics_process: IN_PLANE returning
[DIAG] _poll_controls: ENTER, state=0
[VERBATIM] POLL: _poll_controls() entered, game_state=0
[DIAG] _poll_controls: EXIT (IN_PLANE branch)
[AUDIT] poll_forensic_hud: ENTER
[DIAG] _physics_process: ENTER, state=0
[DIAG] _physics_process: IN_PLANE branch entered
[DIAG] _physics_process: plane position updated to (210.1422, 1853.8, 771.9069)
[DIAG] _physics_process: checking camera follow
[DIAG] _physics_process: plane and camera valid, updating camera
[DIAG] _physics_process: camera moved from (212.4569, 1905.516, 604.0891) to (210.1422, 1905.516, 604.723)
[DIAG] _physics_process: IN_PLANE returning
[AUDIT] poll_forensic_hud: ENTER
[DIAG] _physics_process: ENTER, state=0
[DIAG] _physics_process: IN_PLANE branch entered
[DIAG] _physics_process: plane position updated to (207.8255, 1853.8, 772.5339)
[DIAG] _physics_process: checking camera follow
[DIAG] _physics_process: plane and camera valid, updating camera
[DIAG] _physics_process: camera moved from (210.1422, 1905.516, 604.723) to (207.8255, 1905.516, 605.35)
[DIAG] _physics_process: IN_PLANE returning
[DIAG] _poll_controls: ENTER, state=0
[VERBATIM] POLL: _poll_controls() entered, game_state=0
[DIAG] _poll_controls: EXIT (IN_PLANE branch)
[AUDIT] poll_forensic_hud: ENTER
[DIAG] _physics_process: ENTER, state=0
[DIAG] _physics_process: IN_PLANE branch entered
[DIAG] _physics_process: plane position updated to (205.507, 1853.8, 773.1539)
[DIAG] _physics_process: checking camera follow
[DIAG] _physics_process: plane and camera valid, updating camera
[DIAG] _physics_process: camera moved from (207.8255, 1905.516, 605.35) to (205.507, 1905.516, 605.97)
[DIAG] _physics_process: IN_PLANE returning
[DIAG] _poll_controls: ENTER, state=0
[VERBATIM] POLL: _poll_controls() entered, game_state=0
[DIAG] _poll_controls: EXIT (IN_PLANE branch)
[AUDIT] poll_forensic_hud: ENTER
[DIAG] _physics_process: ENTER, state=0
[DIAG] _physics_process: IN_PLANE branch entered
[DIAG] _physics_process: plane position updated to (203.1866, 1853.8, 773.7669)
[DIAG] _physics_process: checking camera follow
[DIAG] _physics_process: plane and camera valid, updating camera
[DIAG] _physics_process: camera moved from (205.507, 1905.516, 605.97) to (203.1866, 1905.516, 606.583)
[DIAG] _physics_process: IN_PLANE returning
[AUDIT] poll_forensic_hud: ENTER
[DIAG] _physics_process: ENTER, state=0
[DIAG] _physics_process: IN_PLANE branch entered
[DIAG] _physics_process: plane position updated to (200.8644, 1853.8, 774.373)
[DIAG] _physics_process: checking camera follow
[DIAG] _physics_process: plane and camera valid, updating camera
[DIAG] _physics_process: camera moved from (203.1866, 1905.516, 606.583) to (200.8644, 1905.516, 607.1891)
[DIAG] _physics_process: IN_PLANE returning
[DIAG] _poll_controls: ENTER, state=0
[VERBATIM] POLL: _poll_controls() entered, game_state=0
[DIAG] _poll_controls: EXIT (IN_PLANE branch)
[AUDIT] poll_forensic_hud: ENTER
[DIAG] _physics_process: ENTER, state=0
[DIAG] _physics_process: IN_PLANE branch entered
[DIAG] _physics_process: plane position updated to (198.5404, 1853.8, 774.9721)
[DIAG] _physics_process: checking camera follow
[DIAG] _physics_process: plane and camera valid, updating camera
[DIAG] _physics_process: camera moved from (200.8644, 1905.516, 607.1891) to (198.5404, 1905.516, 607.7882)
[DIAG] _physics_process: IN_PLANE returning
[DIAG] _poll_controls: ENTER, state=0
[VERBATIM] POLL: _poll_controls() entered, game_state=0
[DIAG] _poll_controls: EXIT (IN_PLANE branch)
[AUDIT] poll_forensic_hud: ENTER
[DIAG] _physics_process: ENTER, state=0
[DIAG] _physics_process: IN_PLANE branch entered
[DIAG] _physics_process: plane position updated to (196.2146, 1853.8, 775.5642)
[DIAG] _physics_process: checking camera follow
[DIAG] _physics_process: plane and camera valid, updating camera
[DIAG] _physics_process: camera moved from (198.5404, 1905.516, 607.7882) to (196.2146, 1905.516, 608.3803)
[DIAG] _physics_process: IN_PLANE returning
[DIAG] _poll_controls: ENTER, state=0
[VERBATIM] POLL: _poll_controls() entered, game_state=0
[DIAG] _poll_controls: EXIT (IN_PLANE branch)
[AUDIT] poll_forensic_hud: ENTER
[DIAG] _physics_process: ENTER, state=0
[DIAG] _physics_process: IN_PLANE branch entered
[DIAG] _physics_process: plane position updated to (193.887, 1853.8, 776.1494)
[DIAG] _physics_process: checking camera follow
[DIAG] _physics_process: plane and camera valid, updating camera
[DIAG] _physics_process: camera moved from (196.2146, 1905.516, 608.3803) to (193.887, 1905.516, 608.9655)
[DIAG] _physics_process: IN_PLANE returning
[AUDIT] poll_forensic_hud: ENTER
[DIAG] _physics_process: ENTER, state=0
[DIAG] _physics_process: IN_PLANE branch entered
[DIAG] _physics_process: plane position updated to (191.5577, 1853.8, 776.7275)
[DIAG] _physics_process: checking camera follow
[DIAG] _physics_process: plane and camera valid, updating camera
[DIAG] _physics_process: camera moved from (193.887, 1905.516, 608.9655) to (191.5577, 1905.516, 609.5436)
[DIAG] _physics_process: IN_PLANE returning
[DIAG] _poll_controls: ENTER, state=0
[VERBATIM] POLL: _poll_controls() entered, game_state=0
[DIAG] _poll_controls: EXIT (IN_PLANE branch)
[AUDIT] poll_forensic_hud: ENTER
[DIAG] _physics_process: ENTER, state=0
[DIAG] _physics_process: IN_PLANE branch entered
[DIAG] _physics_process: plane position updated to (189.2266, 1853.8, 777.2987)
[DIAG] _physics_process: checking camera follow
[DIAG] _physics_process: plane and camera valid, updating camera
[DIAG] _physics_process: camera moved from (191.5577, 1905.516, 609.5436) to (189.2266, 1905.516, 610.1148)
[DIAG] _physics_process: IN_PLANE returning
[DIAG] _poll_controls: ENTER, state=0
[VERBATIM] POLL: _poll_controls() entered, game_state=0
[DIAG] _poll_controls: EXIT (IN_PLANE branch)
[AUDIT] poll_forensic_hud: ENTER
[DIAG] _physics_process: ENTER, state=0
[DIAG] _physics_process: IN_PLANE branch entered
[DIAG] _physics_process: plane position updated to (186.8939, 1853.8, 777.8629)
[DIAG] _physics_process: checking camera follow
[DIAG] _physics_process: plane and camera valid, updating camera
[DIAG] _physics_process: camera moved from (189.2266, 1905.516, 610.1148) to (186.8939, 1905.516, 610.679)
[DIAG] _physics_process: IN_PLANE returning
[DIAG] _poll_controls: ENTER, state=0
[VERBATIM] POLL: _poll_controls() entered, game_state=0
[DIAG] _poll_controls: EXIT (IN_PLANE branch)
[AUDIT] poll_forensic_hud: ENTER
[DIAG] _physics_process: ENTER, state=0
[DIAG] _physics_process: IN_PLANE branch entered
[DIAG] _physics_process: plane position updated to (184.5594, 1853.8, 778.42)
[DIAG] _physics_process: checking camera follow
[DIAG] _physics_process: plane and camera valid, updating camera
[DIAG] _physics_process: camera moved from (186.8939, 1905.516, 610.679) to (184.5594, 1905.516, 611.2361)
[DIAG] _physics_process: IN_PLANE returning
[AUDIT] poll_forensic_hud: ENTER
[DIAG] _physics_process: ENTER, state=0
[DIAG] _physics_process: IN_PLANE branch entered
[DIAG] _physics_process: plane position updated to (182.2234, 1853.8, 778.9703)
[DIAG] _physics_process: checking camera follow
[DIAG] _physics_process: plane and camera valid, updating camera
[DIAG] _physics_process: camera moved from (184.5594, 1905.516, 611.2361) to (182.2234, 1905.516, 611.7864)
[DIAG] _physics_process: IN_PLANE returning
[DIAG] _poll_controls: ENTER, state=0
[VERBATIM] POLL: _poll_controls() entered, game_state=0
[DIAG] _poll_controls: EXIT (IN_PLANE branch)
[AUDIT] poll_forensic_hud: ENTER
[DIAG] _physics_process: ENTER, state=0
[DIAG] _physics_process: IN_PLANE branch entered
[DIAG] _physics_process: plane position updated to (179.8856, 1853.8, 779.5134)
[DIAG] _physics_process: checking camera follow
[DIAG] _physics_process: plane and camera valid, updating camera
[DIAG] _physics_process: camera moved from (182.2234, 1905.516, 611.7864) to (179.8856, 1905.516, 612.3295)
[DIAG] _physics_process: IN_PLANE returning
[DIAG] _poll_controls: ENTER, state=0
[VERBATIM] POLL: _poll_controls() entered, game_state=0
[DIAG] _poll_controls: EXIT (IN_PLANE branch)
[AUDIT] poll_forensic_hud: ENTER
[DIAG] _physics_process: ENTER, state=0
[DIAG] _physics_process: IN_PLANE branch entered
[DIAG] _physics_process: plane position updated to (177.5463, 1853.8, 780.0496)
[DIAG] _physics_process: checking camera follow
[DIAG] _physics_process: plane and camera valid, updating camera
[DIAG] _physics_process: camera moved from (179.8856, 1905.516, 612.3295) to (177.5463, 1905.516, 612.8657)
[DIAG] _physics_process: IN_PLANE returning
[DIAG] _poll_controls: ENTER, state=0
[VERBATIM] POLL: _poll_controls() entered, game_state=0
[DIAG] _poll_controls: EXIT (IN_PLANE branch)
[AUDIT] poll_forensic_hud: ENTER
[DIAG] _physics_process: ENTER, state=0
[DIAG] _physics_process: IN_PLANE branch entered
[DIAG] _physics_process: plane position updated to (175.2054, 1853.8, 780.5787)
[DIAG] _physics_process: checking camera follow
[DIAG] _physics_process: plane and camera valid, updating camera
[DIAG] _physics_process: camera moved from (177.5463, 1905.516, 612.8657) to (175.2054, 1905.516, 613.3948)
[DIAG] _physics_process: IN_PLANE returning
[AUDIT] poll_forensic_hud: ENTER
[DIAG] _physics_process: ENTER, state=0
[DIAG] _physics_process: IN_PLANE branch entered
[DIAG] _physics_process: plane position updated to (172.8628, 1853.8, 781.1008)
[DIAG] _physics_process: checking camera follow
[DIAG] _physics_process: plane and camera valid, updating camera
[DIAG] _physics_process: camera moved from (175.2054, 1905.516, 613.3948) to (172.8628, 1905.516, 613.9169)
[DIAG] _physics_process: IN_PLANE returning
[DIAG] _poll_controls: ENTER, state=0
[VERBATIM] POLL: _poll_controls() entered, game_state=0
[DIAG] _poll_controls: EXIT (IN_PLANE branch)
[AUDIT] poll_forensic_hud: ENTER
[DIAG] _physics_process: ENTER, state=0
[DIAG] _physics_process: IN_PLANE branch entered
[DIAG] _physics_process: plane position updated to (170.5188, 1853.8, 781.6158)
[DIAG] _physics_process: checking camera follow
[DIAG] _physics_process: plane and camera valid, updating camera
[DIAG] _physics_process: camera moved from (172.8628, 1905.516, 613.9169) to (170.5188, 1905.516, 614.4319)
[DIAG] _physics_process: IN_PLANE returning
[DIAG] _poll_controls: ENTER, state=0
[VERBATIM] POLL: _poll_controls() entered, game_state=0
[DIAG] _poll_controls: EXIT (IN_PLANE branch)
[AUDIT] poll_forensic_hud: ENTER
[DIAG] _physics_process: ENTER, state=0
[DIAG] _physics_process: IN_PLANE branch entered
[DIAG] _physics_process: plane position updated to (168.1731, 1853.8, 782.1239)
[DIAG] _physics_process: checking camera follow
[DIAG] _physics_process: plane and camera valid, updating camera
[DIAG] _physics_process: camera moved from (170.5188, 1905.516, 614.4319) to (168.1731, 1905.516, 614.94)
[DIAG] _physics_process: IN_PLANE returning
[AUDIT] poll_forensic_hud: ENTER
[DIAG] _physics_process: ENTER, state=0
[DIAG] _physics_process: IN_PLANE branch entered
[DIAG] _physics_process: plane position updated to (165.826, 1853.8, 782.6249)
[DIAG] _physics_process: checking camera follow
[DIAG] _physics_process: plane and camera valid, updating camera
[DIAG] _physics_process: camera moved from (168.1731, 1905.516, 614.94) to (165.826, 1905.516, 615.441)
[DIAG] _physics_process: IN_PLANE returning
[DIAG] _poll_controls: ENTER, state=0
[VERBATIM] POLL: _poll_controls() entered, game_state=0
[DIAG] _poll_controls: EXIT (IN_PLANE branch)
[AUDIT] poll_forensic_hud: ENTER
[DIAG] _physics_process: ENTER, state=0
[DIAG] _physics_process: IN_PLANE branch entered
[DIAG] _physics_process: plane position updated to (163.4774, 1853.8, 783.1188)
[DIAG] _physics_process: checking camera follow
[DIAG] _physics_process: plane and camera valid, updating camera
[DIAG] _physics_process: camera moved from (165.826, 1905.516, 615.441) to (163.4774, 1905.516, 615.9349)
[DIAG] _physics_process: IN_PLANE returning
[DIAG] _poll_controls: ENTER, state=0
[VERBATIM] POLL: _poll_controls() entered, game_state=0
[DIAG] _poll_controls: EXIT (IN_PLANE branch)
[AUDIT] poll_forensic_hud: ENTER
[DIAG] _physics_process: ENTER, state=0
[DIAG] _physics_process: IN_PLANE branch entered
[DIAG] _physics_process: plane position updated to (161.1273, 1853.8, 783.6058)
[DIAG] _physics_process: checking camera follow
[DIAG] _physics_process: plane and camera valid, updating camera
[DIAG] _physics_process: camera moved from (163.4774, 1905.516, 615.9349) to (161.1273, 1905.516, 616.4219)
[DIAG] _physics_process: IN_PLANE returning
[DIAG] _poll_controls: ENTER, state=0
[VERBATIM] POLL: _poll_controls() entered, game_state=0
[DIAG] _poll_controls: EXIT (IN_PLANE branch)
[AUDIT] poll_forensic_hud: ENTER
[DIAG] _physics_process: ENTER, state=0
[DIAG] _physics_process: IN_PLANE branch entered
[DIAG] _physics_process: plane position updated to (158.7758, 1853.8, 784.0856)
[DIAG] _physics_process: checking camera follow
[DIAG] _physics_process: plane and camera valid, updating camera
[DIAG] _physics_process: camera moved from (161.1273, 1905.516, 616.4219) to (158.7758, 1905.516, 616.9017)
[DIAG] _physics_process: IN_PLANE returning
[AUDIT] poll_forensic_hud: ENTER
[DIAG] _physics_process: ENTER, state=0
[DIAG] _physics_process: IN_PLANE branch entered
[DIAG] _physics_process: plane position updated to (156.4228, 1853.8, 784.5584)
[DIAG] _physics_process: checking camera follow
[DIAG] _physics_process: plane and camera valid, updating camera
[DIAG] _physics_process: camera moved from (158.7758, 1905.516, 616.9017) to (156.4228, 1905.516, 617.3745)
[DIAG] _physics_process: IN_PLANE returning
[DIAG] _poll_controls: ENTER, state=0
[VERBATIM] POLL: _poll_controls() entered, game_state=0
[DIAG] _poll_controls: EXIT (IN_PLANE branch)
[AUDIT] poll_forensic_hud: ENTER
[DIAG] _physics_process: ENTER, state=0
[DIAG] _physics_process: IN_PLANE branch entered
[DIAG] _physics_process: plane position updated to (154.0684, 1853.8, 785.0242)
[DIAG] _physics_process: checking camera follow
[DIAG] _physics_process: plane and camera valid, updating camera
[DIAG] _physics_process: camera moved from (156.4228, 1905.516, 617.3745) to (154.0684, 1905.516, 617.8403)
[DIAG] _physics_process: IN_PLANE returning
[DIAG] _poll_controls: ENTER, state=0
[VERBATIM] POLL: _poll_controls() entered, game_state=0
[DIAG] _poll_controls: EXIT (IN_PLANE branch)
[AUDIT] poll_forensic_hud: ENTER
[DIAG] _physics_process: ENTER, state=0
[DIAG] _physics_process: IN_PLANE branch entered
[DIAG] _physics_process: plane position updated to (151.7127, 1853.8, 785.4828)
[DIAG] _physics_process: checking camera follow
[DIAG] _physics_process: plane and camera valid, updating camera
[DIAG] _physics_process: camera moved from (154.0684, 1905.516, 617.8403) to (151.7127, 1905.516, 618.299)
[DIAG] _physics_process: IN_PLANE returning
[DIAG] _poll_controls: ENTER, state=0
[VERBATIM] POLL: _poll_controls() entered, game_state=0
[DIAG] _poll_controls: EXIT (IN_PLANE branch)
[AUDIT] poll_forensic_hud: ENTER
[DIAG] _physics_process: ENTER, state=0
[DIAG] _physics_process: IN_PLANE branch entered
[DIAG] _physics_process: plane position updated to (149.3555, 1853.8, 785.9344)
[DIAG] _physics_process: checking camera follow
[DIAG] _physics_process: plane and camera valid, updating camera
[DIAG] _physics_process: camera moved from (151.7127, 1905.516, 618.299) to (149.3555, 1905.516, 618.7505)
[DIAG] _physics_process: IN_PLANE returning
[AUDIT] poll_forensic_hud: ENTER
[DIAG] _physics_process: ENTER, state=0
[DIAG] _physics_process: IN_PLANE branch entered
[DIAG] _physics_process: plane position updated to (146.9971, 1853.8, 786.379)
[DIAG] _physics_process: checking camera follow
[DIAG] _physics_process: plane and camera valid, updating camera
[DIAG] _physics_process: camera moved from (149.3555, 1905.516, 618.7505) to (146.9971, 1905.516, 619.1951)
[DIAG] _physics_process: IN_PLANE returning
[DIAG] _poll_controls: ENTER, state=0
[VERBATIM] POLL: _poll_controls() entered, game_state=0
[DIAG] _poll_controls: EXIT (IN_PLANE branch)
[AUDIT] poll_forensic_hud: ENTER
[DIAG] _physics_process: ENTER, state=0
[DIAG] _physics_process: IN_PLANE branch entered
[DIAG] _physics_process: plane position updated to (144.6373, 1853.8, 786.8164)
[DIAG] _physics_process: checking camera follow
[DIAG] _physics_process: plane and camera valid, updating camera
[DIAG] _physics_process: camera moved from (146.9971, 1905.516, 619.1951) to (144.6373, 1905.516, 619.6325)
[DIAG] _physics_process: IN_PLANE returning
[DIAG] _poll_controls: ENTER, state=0
[VERBATIM] POLL: _poll_controls() entered, game_state=0
[DIAG] _poll_controls: EXIT (IN_PLANE branch)
[AUDIT] poll_forensic_hud: ENTER
[DIAG] _physics_process: ENTER, state=0
[DIAG] _physics_process: IN_PLANE branch entered
[DIAG] _physics_process: plane position updated to (142.2762, 1853.8, 787.2468)
[DIAG] _physics_process: checking camera follow
[DIAG] _physics_process: plane and camera valid, updating camera
[DIAG] _physics_process: camera moved from (144.6373, 1905.516, 619.6325) to (142.2762, 1905.516, 620.0629)
[DIAG] _physics_process: IN_PLANE returning
[DIAG] _poll_controls: ENTER, state=0
[VERBATIM] POLL: _poll_controls() entered, game_state=0
[DIAG] _poll_controls: EXIT (IN_PLANE branch)
[AUDIT] poll_forensic_hud: ENTER
[DIAG] _physics_process: ENTER, state=0
[DIAG] _physics_process: IN_PLANE branch entered
[DIAG] _physics_process: plane position updated to (139.9138, 1853.8, 787.67)
[DIAG] _physics_process: checking camera follow
[DIAG] _physics_process: plane and camera valid, updating camera
[DIAG] _physics_process: camera moved from (142.2762, 1905.516, 620.0629) to (139.9138, 1905.516, 620.4861)
[DIAG] _physics_process: IN_PLANE returning
[AUDIT] poll_forensic_hud: ENTER
[DIAG] _physics_process: ENTER, state=0
[DIAG] _physics_process: IN_PLANE branch entered
[DIAG] _physics_process: plane position updated to (137.5502, 1853.8, 788.0862)
[DIAG] _physics_process: checking camera follow
[DIAG] _physics_process: plane and camera valid, updating camera
[DIAG] _physics_process: camera moved from (139.9138, 1905.516, 620.4861) to (137.5502, 1905.516, 620.9023)
[DIAG] _physics_process: IN_PLANE returning
[DIAG] _poll_controls: ENTER, state=0
[VERBATIM] POLL: _poll_controls() entered, game_state=0
[DIAG] _poll_controls: EXIT (IN_PLANE branch)
[AUDIT] poll_forensic_hud: ENTER
[DIAG] _physics_process: ENTER, state=0
[DIAG] _physics_process: IN_PLANE branch entered
[DIAG] _physics_process: plane position updated to (135.1853, 1853.8, 788.4954)
[DIAG] _physics_process: checking camera follow
[DIAG] _physics_process: plane and camera valid, updating camera
[DIAG] _physics_process: camera moved from (137.5502, 1905.516, 620.9023) to (135.1853, 1905.516, 621.3115)
[DIAG] _physics_process: IN_PLANE returning
[DIAG] _poll_controls: ENTER, state=0
[VERBATIM] POLL: _poll_controls() entered, game_state=0
[DIAG] _poll_controls: EXIT (IN_PLANE branch)
[AUDIT] poll_forensic_hud: ENTER
[DIAG] _physics_process: ENTER, state=0
[DIAG] _physics_process: IN_PLANE branch entered
[DIAG] _physics_process: plane position updated to (132.8192, 1853.8, 788.8974)
[DIAG] _physics_process: checking camera follow
[DIAG] _physics_process: plane and camera valid, updating camera
[DIAG] _physics_process: camera moved from (135.1853, 1905.516, 621.3115) to (132.8192, 1905.516, 621.7135)
[DIAG] _physics_process: IN_PLANE returning
[DIAG] _poll_controls: ENTER, state=0
[VERBATIM] POLL: _poll_controls() entered, game_state=0
[DIAG] _poll_controls: EXIT (IN_PLANE branch)
[AUDIT] poll_forensic_hud: ENTER
[DIAG] _physics_process: ENTER, state=0
[DIAG] _physics_process: IN_PLANE branch entered
[DIAG] _physics_process: plane position updated to (130.4519, 1853.8, 789.2923)
[DIAG] _physics_process: checking camera follow
[DIAG] _physics_process: plane and camera valid, updating camera
[DIAG] _physics_process: camera moved from (132.8192, 1905.516, 621.7135) to (130.4519, 1905.516, 622.1084)
[DIAG] _physics_process: IN_PLANE returning
[AUDIT] poll_forensic_hud: ENTER
[DIAG] _physics_process: ENTER, state=0
[DIAG] _physics_process: IN_PLANE branch entered
[DIAG] _physics_process: plane position updated to (128.0835, 1853.8, 789.6801)
[DIAG] _physics_process: checking camera follow
[DIAG] _physics_process: plane and camera valid, updating camera
[DIAG] _physics_process: camera moved from (130.4519, 1905.516, 622.1084) to (128.0835, 1905.516, 622.4962)
[DIAG] _physics_process: IN_PLANE returning
[DIAG] _poll_controls: ENTER, state=0
[VERBATIM] POLL: _poll_controls() entered, game_state=0
[DIAG] _poll_controls: EXIT (IN_PLANE branch)
[AUDIT] poll_forensic_hud: ENTER
[DIAG] _physics_process: ENTER, state=0
[DIAG] _physics_process: IN_PLANE branch entered
[DIAG] _physics_process: plane position updated to (125.7138, 1853.8, 790.0608)
[DIAG] _physics_process: checking camera follow
[DIAG] _physics_process: plane and camera valid, updating camera
[DIAG] _physics_process: camera moved from (128.0835, 1905.516, 622.4962) to (125.7138, 1905.516, 622.8769)
[DIAG] _physics_process: IN_PLANE returning
[DIAG] _poll_controls: ENTER, state=0
[VERBATIM] POLL: _poll_controls() entered, game_state=0
[DIAG] _poll_controls: EXIT (IN_PLANE branch)
[AUDIT] poll_forensic_hud: ENTER
[DIAG] _physics_process: ENTER, state=0
[DIAG] _physics_process: IN_PLANE branch entered
[DIAG] _physics_process: plane position updated to (123.3431, 1853.8, 790.4344)
[DIAG] _physics_process: checking camera follow
[DIAG] _physics_process: plane and camera valid, updating camera
[DIAG] _physics_process: camera moved from (125.7138, 1905.516, 622.8769) to (123.3431, 1905.516, 623.2505)
[DIAG] _physics_process: IN_PLANE returning
[DIAG] _poll_controls: ENTER, state=0
[VERBATIM] POLL: _poll_controls() entered, game_state=0
[DIAG] _poll_controls: EXIT (IN_PLANE branch)
[AUDIT] poll_forensic_hud: ENTER
[DIAG] _physics_process: ENTER, state=0
[DIAG] _physics_process: IN_PLANE branch entered
[DIAG] _physics_process: plane position updated to (120.9712, 1853.8, 790.8008)
[DIAG] _physics_process: checking camera follow
[DIAG] _physics_process: plane and camera valid, updating camera
[DIAG] _physics_process: camera moved from (123.3431, 1905.516, 623.2505) to (120.9712, 1905.516, 623.6169)
[DIAG] _physics_process: IN_PLANE returning
[AUDIT] poll_forensic_hud: ENTER
[DIAG] _physics_process: ENTER, state=0
[DIAG] _physics_process: IN_PLANE branch entered
[DIAG] _physics_process: plane position updated to (118.5983, 1853.8, 791.1602)
[DIAG] _physics_process: checking camera follow
[DIAG] _physics_process: plane and camera valid, updating camera
[DIAG] _physics_process: camera moved from (120.9712, 1905.516, 623.6169) to (118.5983, 1905.516, 623.9763)
[DIAG] _physics_process: IN_PLANE returning
[DIAG] _poll_controls: ENTER, state=0
[VERBATIM] POLL: _poll_controls() entered, game_state=0
[DIAG] _poll_controls: EXIT (IN_PLANE branch)
[AUDIT] poll_forensic_hud: ENTER
[DIAG] _physics_process: ENTER, state=0
[DIAG] _physics_process: IN_PLANE branch entered
[DIAG] _physics_process: plane position updated to (116.2243, 1853.8, 791.5125)
[DIAG] _physics_process: checking camera follow
[DIAG] _physics_process: plane and camera valid, updating camera
[DIAG] _physics_process: camera moved from (118.5983, 1905.516, 623.9763) to (116.2243, 1905.516, 624.3286)
[DIAG] _physics_process: IN_PLANE returning
[DIAG] _poll_controls: ENTER, state=0
[VERBATIM] POLL: _poll_controls() entered, game_state=0
[DIAG] _poll_controls: EXIT (IN_PLANE branch)
[AUDIT] poll_forensic_hud: ENTER
[DIAG] _physics_process: ENTER, state=0
[DIAG] _physics_process: IN_PLANE branch entered
[DIAG] _physics_process: plane position updated to (113.8492, 1853.8, 791.8575)
[DIAG] _physics_process: checking camera follow
[DIAG] _physics_process: plane and camera valid, updating camera
[DIAG] _physics_process: camera moved from (116.2243, 1905.516, 624.3286) to (113.8492, 1905.516, 624.6736)
[DIAG] _physics_process: IN_PLANE returning
[DIAG] _poll_controls: ENTER, state=0
[VERBATIM] POLL: _poll_controls() entered, game_state=0
[DIAG] _poll_controls: EXIT (IN_PLANE branch)
[AUDIT] poll_forensic_hud: ENTER
[DIAG] _physics_process: ENTER, state=0
[DIAG] _physics_process: IN_PLANE branch entered
[DIAG] _physics_process: plane position updated to (111.4731, 1853.8, 792.1955)
[DIAG] _physics_process: checking camera follow
[DIAG] _physics_process: plane and camera valid, updating camera
[DIAG] _physics_process: camera moved from (113.8492, 1905.516, 624.6736) to (111.4731, 1905.516, 625.0116)
[DIAG] _physics_process: IN_PLANE returning
[AUDIT] poll_forensic_hud: ENTER
[DIAG] _physics_process: ENTER, state=0
[DIAG] _physics_process: IN_PLANE branch entered
[DIAG] _physics_process: plane position updated to (109.0961, 1853.8, 792.5264)
[DIAG] _physics_process: checking camera follow
[DIAG] _physics_process: plane and camera valid, updating camera
[DIAG] _physics_process: camera moved from (111.4731, 1905.516, 625.0116) to (109.0961, 1905.516, 625.3425)
[DIAG] _physics_process: IN_PLANE returning
[DIAG] _poll_controls: ENTER, state=0
[VERBATIM] POLL: _poll_controls() entered, game_state=0
[DIAG] _poll_controls: EXIT (IN_PLANE branch)
[AUDIT] poll_forensic_hud: ENTER
[DIAG] _physics_process: ENTER, state=0
[DIAG] _physics_process: IN_PLANE branch entered
[DIAG] _physics_process: plane position updated to (106.718, 1853.8, 792.8501)
[DIAG] _physics_process: checking camera follow
[DIAG] _physics_process: plane and camera valid, updating camera
[DIAG] _physics_process: camera moved from (109.0961, 1905.516, 625.3425) to (106.718, 1905.516, 625.6662)
[DIAG] _physics_process: IN_PLANE returning
[DIAG] _poll_controls: ENTER, state=0
[VERBATIM] POLL: _poll_controls() entered, game_state=0
[DIAG] _poll_controls: EXIT (IN_PLANE branch)
[AUDIT] poll_forensic_hud: ENTER
[DIAG] _physics_process: ENTER, state=0
[DIAG] _physics_process: IN_PLANE branch entered
[DIAG] _physics_process: plane position updated to (104.339, 1853.8, 793.1667)
[DIAG] _physics_process: checking camera follow
[DIAG] _physics_process: plane and camera valid, updating camera
[DIAG] _physics_process: camera moved from (106.718, 1905.516, 625.6662) to (104.339, 1905.516, 625.9828)
[DIAG] _physics_process: IN_PLANE returning
[AUDIT] poll_forensic_hud: ENTER
[DIAG] _physics_process: ENTER, state=0
[DIAG] _physics_process: IN_PLANE branch entered
[DIAG] _physics_process: plane position updated to (101.959, 1853.8, 793.4761)
[DIAG] _physics_process: checking camera follow
[DIAG] _physics_process: plane and camera valid, updating camera
[DIAG] _physics_process: camera moved from (104.339, 1905.516, 625.9828) to (101.959, 1905.516, 626.2922)
[DIAG] _physics_process: IN_PLANE returning
[DIAG] _poll_controls: ENTER, state=0
[VERBATIM] POLL: _poll_controls() entered, game_state=0
[DIAG] _poll_controls: EXIT (IN_PLANE branch)
[VERBATIM] Wind updated: 12.5 kts @ 240.0°
[AUDIT] poll_forensic_hud: ENTER
[DIAG] _physics_process: ENTER, state=0
[DIAG] _physics_process: IN_PLANE branch entered
[DIAG] _physics_process: plane position updated to (99.57812, 1853.8, 793.7784)
[DIAG] _physics_process: checking camera follow
[DIAG] _physics_process: plane and camera valid, updating camera
[DIAG] _physics_process: camera moved from (101.959, 1905.516, 626.2922) to (99.57812, 1905.516, 626.5945)
[DIAG] _physics_process: IN_PLANE returning
[DIAG] _poll_controls: ENTER, state=0
[VERBATIM] POLL: _poll_controls() entered, game_state=0
[DIAG] _poll_controls: EXIT (IN_PLANE branch)
[AUDIT] poll_forensic_hud: ENTER
[DIAG] _physics_process: ENTER, state=0
[DIAG] _physics_process: IN_PLANE branch entered
[DIAG] _physics_process: plane position updated to (97.19633, 1853.8, 794.0736)
[DIAG] _physics_process: checking camera follow
[DIAG] _physics_process: plane and camera valid, updating camera
[DIAG] _physics_process: camera moved from (99.57812, 1905.516, 626.5945) to (97.19633, 1905.516, 626.8897)
[DIAG] _physics_process: IN_PLANE returning
[DIAG] _poll_controls: ENTER, state=0
[VERBATIM] POLL: _poll_controls() entered, game_state=0
[DIAG] _poll_controls: EXIT (IN_PLANE branch)
[AUDIT] poll_forensic_hud: ENTER
[PIPLIVE] eye=(100.0, 1830.5, -100.0) state=0 deployed=false framing=aircraft/sky
[DIAG] _physics_process: ENTER, state=0
[DIAG] _physics_process: IN_PLANE branch entered
[DIAG] _physics_process: plane position updated to (94.81368, 1853.8, 794.3616)
[DIAG] _physics_process: checking camera follow
[DIAG] _physics_process: plane and camera valid, updating camera
[DIAG] _physics_process: camera moved from (97.19633, 1905.516, 626.8897) to (94.81368, 1905.516, 627.1777)
[DIAG] _physics_process: IN_PLANE returning
[AUDIT] poll_forensic_hud: ENTER
[DIAG] _physics_process: ENTER, state=0
[DIAG] _physics_process: IN_PLANE branch entered
[DIAG] _physics_process: plane position updated to (92.43018, 1853.8, 794.6425)
[DIAG] _physics_process: checking camera follow
[DIAG] _physics_process: plane and camera valid, updating camera
[DIAG] _physics_process: camera moved from (94.81368, 1905.516, 627.1777) to (92.43018, 1905.516, 627.4586)
[DIAG] _physics_process: IN_PLANE returning
[DIAG] _poll_controls: ENTER, state=0
[VERBATIM] POLL: _poll_controls() entered, game_state=0
[DIAG] _poll_controls: EXIT (IN_PLANE branch)
[AUDIT] poll_forensic_hud: ENTER
[DIAG] _physics_process: ENTER, state=0
[DIAG] _physics_process: IN_PLANE branch entered
[DIAG] _physics_process: plane position updated to (90.04584, 1853.8, 794.9162)
[DIAG] _physics_process: checking camera follow
[DIAG] _physics_process: plane and camera valid, updating camera
[DIAG] _physics_process: camera moved from (92.43018, 1905.516, 627.4586) to (90.04584, 1905.516, 627.7323)
[DIAG] _physics_process: IN_PLANE returning
[DIAG] _poll_controls: ENTER, state=0
[VERBATIM] POLL: _poll_controls() entered, game_state=0
[DIAG] _poll_controls: EXIT (IN_PLANE branch)
[AUDIT] poll_forensic_hud: ENTER
[DIAG] _physics_process: ENTER, state=0
[DIAG] _physics_process: IN_PLANE branch entered
[DIAG] _physics_process: plane position updated to (87.66068, 1853.8, 795.1827)
[DIAG] _physics_process: checking camera follow
[DIAG] _physics_process: plane and camera valid, updating camera
[DIAG] _physics_process: camera moved from (90.04584, 1905.516, 627.7323) to (87.66068, 1905.516, 627.9988)
[DIAG] _physics_process: IN_PLANE returning
[DIAG] _poll_controls: ENTER, state=0
[VERBATIM] POLL: _poll_controls() entered, game_state=0
[DIAG] _poll_controls: EXIT (IN_PLANE branch)
[AUDIT] poll_forensic_hud: ENTER
[DIAG] _physics_process: ENTER, state=0
[DIAG] _physics_process: IN_PLANE branch entered
[DIAG] _physics_process: plane position updated to (85.27474, 1853.8, 795.4421)
[DIAG] _physics_process: checking camera follow
[DIAG] _physics_process: plane and camera valid, updating camera
[DIAG] _physics_process: camera moved from (87.66068, 1905.516, 627.9988) to (85.27474, 1905.516, 628.2582)
[DIAG] _physics_process: IN_PLANE returning
[AUDIT] poll_forensic_hud: ENTER
[DIAG] _physics_process: ENTER, state=0
[DIAG] _physics_process: IN_PLANE branch entered
[DIAG] _physics_process: plane position updated to (82.88804, 1853.8, 795.6944)
[DIAG] _physics_process: checking camera follow
[DIAG] _physics_process: plane and camera valid, updating camera
[DIAG] _physics_process: camera moved from (85.27474, 1905.516, 628.2582) to (82.88804, 1905.516, 628.5105)
[DIAG] _physics_process: IN_PLANE returning
[DIAG] _poll_controls: ENTER, state=0
[VERBATIM] POLL: _poll_controls() entered, game_state=0
[DIAG] _poll_controls: EXIT (IN_PLANE branch)
[AUDIT] poll_forensic_hud: ENTER
[DIAG] _physics_process: ENTER, state=0
[DIAG] _physics_process: IN_PLANE branch entered
[DIAG] _physics_process: plane position updated to (80.50059, 1853.8, 795.9395)
[DIAG] _physics_process: checking camera follow
[DIAG] _physics_process: plane and camera valid, updating camera
[DIAG] _physics_process: camera moved from (82.88804, 1905.516, 628.5105) to (80.50059, 1905.516, 628.7556)
[DIAG] _physics_process: IN_PLANE returning
[DIAG] _poll_controls: ENTER, state=0
[VERBATIM] POLL: _poll_controls() entered, game_state=0
[DIAG] _poll_controls: EXIT (IN_PLANE branch)
[AUDIT] poll_forensic_hud: ENTER
[DIAG] _physics_process: ENTER, state=0
[DIAG] _physics_process: IN_PLANE branch entered
[DIAG] _physics_process: plane position updated to (78.11241, 1853.8, 796.1774)
[DIAG] _physics_process: checking camera follow
[DIAG] _physics_process: plane and camera valid, updating camera
[DIAG] _physics_process: camera moved from (80.50059, 1905.516, 628.7556) to (78.11241, 1905.516, 628.9935)
[DIAG] _physics_process: IN_PLANE returning
[DIAG] _poll_controls: ENTER, state=0
[VERBATIM] POLL: _poll_controls() entered, game_state=0
[DIAG] _poll_controls: EXIT (IN_PLANE branch)
[AUDIT] poll_forensic_hud: ENTER
[DIAG] _physics_process: ENTER, state=0
[DIAG] _physics_process: IN_PLANE branch entered
[DIAG] _physics_process: plane position updated to (75.72353, 1853.8, 796.4081)
[DIAG] _physics_process: checking camera follow
[DIAG] _physics_process: plane and camera valid, updating camera
[DIAG] _physics_process: camera moved from (78.11241, 1905.516, 628.9935) to (75.72353, 1905.516, 629.2242)
[DIAG] _physics_process: IN_PLANE returning
[AUDIT] poll_forensic_hud: ENTER
[DIAG] _physics_process: ENTER, state=0
[DIAG] _physics_process: IN_PLANE branch entered
[DIAG] _physics_process: plane position updated to (73.33397, 1853.8, 796.6317)
[DIAG] _physics_process: checking camera follow
[DIAG] _physics_process: plane and camera valid, updating camera
[DIAG] _physics_process: camera moved from (75.72353, 1905.516, 629.2242) to (73.33397, 1905.516, 629.4478)
[DIAG] _physics_process: IN_PLANE returning
[DIAG] _poll_controls: ENTER, state=0
[VERBATIM] POLL: _poll_controls() entered, game_state=0
[DIAG] _poll_controls: EXIT (IN_PLANE branch)
[AUDIT] poll_forensic_hud: ENTER
[DIAG] _physics_process: ENTER, state=0
[DIAG] _physics_process: IN_PLANE branch entered
[DIAG] _physics_process: plane position updated to (70.94375, 1853.8, 796.8481)
[DIAG] _physics_process: checking camera follow
[DIAG] _physics_process: plane and camera valid, updating camera
[DIAG] _physics_process: camera moved from (73.33397, 1905.516, 629.4478) to (70.94375, 1905.516, 629.6642)
[DIAG] _physics_process: IN_PLANE returning
[DIAG] _poll_controls: ENTER, state=0
[VERBATIM] POLL: _poll_controls() entered, game_state=0
[DIAG] _poll_controls: EXIT (IN_PLANE branch)
[AUDIT] poll_forensic_hud: ENTER
[DIAG] _physics_process: ENTER, state=0
[DIAG] _physics_process: IN_PLANE branch entered
[DIAG] _physics_process: plane position updated to (68.55289, 1853.8, 797.0574)
[DIAG] _physics_process: checking camera follow
[DIAG] _physics_process: plane and camera valid, updating camera
[DIAG] _physics_process: camera moved from (70.94375, 1905.516, 629.6642) to (68.55289, 1905.516, 629.8735)
[DIAG] _physics_process: IN_PLANE returning
[AUDIT] poll_forensic_hud: ENTER
[DIAG] _physics_process: ENTER, state=0
[DIAG] _physics_process: IN_PLANE branch entered
[DIAG] _physics_process: plane position updated to (66.16141, 1853.8, 797.2595)
[DIAG] _physics_process: checking camera follow
[DIAG] _physics_process: plane and camera valid, updating camera
[DIAG] _physics_process: camera moved from (68.55289, 1905.516, 629.8735) to (66.16141, 1905.516, 630.0756)
[DIAG] _physics_process: IN_PLANE returning
[DIAG] _poll_controls: ENTER, state=0
[VERBATIM] POLL: _poll_controls() entered, game_state=0
[DIAG] _poll_controls: EXIT (IN_PLANE branch)
[AUDIT] poll_forensic_hud: ENTER
[DIAG] _physics_process: ENTER, state=0
[DIAG] _physics_process: IN_PLANE branch entered
[DIAG] _physics_process: plane position updated to (63.76934, 1853.8, 797.4543)
[DIAG] _physics_process: checking camera follow
[DIAG] _physics_process: plane and camera valid, updating camera
[DIAG] _physics_process: camera moved from (66.16141, 1905.516, 630.0756) to (63.76934, 1905.516, 630.2704)
[DIAG] _physics_process: IN_PLANE returning
[DIAG] _poll_controls: ENTER, state=0
[VERBATIM] POLL: _poll_controls() entered, game_state=0
[DIAG] _poll_controls: EXIT (IN_PLANE branch)
[AUDIT] poll_forensic_hud: ENTER
[DIAG] _physics_process: ENTER, state=0
[DIAG] _physics_process: IN_PLANE branch entered
[DIAG] _physics_process: plane position updated to (61.37669, 1853.8, 797.6421)
[DIAG] _physics_process: checking camera follow
[DIAG] _physics_process: plane and camera valid, updating camera
[DIAG] _physics_process: camera moved from (63.76934, 1905.516, 630.2704) to (61.37669, 1905.516, 630.4582)
[DIAG] _physics_process: IN_PLANE returning
[DIAG] _poll_controls: ENTER, state=0
[VERBATIM] POLL: _poll_controls() entered, game_state=0
[DIAG] _poll_controls: EXIT (IN_PLANE branch)
[AUDIT] poll_forensic_hud: ENTER
[DIAG] _physics_process: ENTER, state=0
[DIAG] _physics_process: IN_PLANE branch entered
[DIAG] _physics_process: plane position updated to (58.98349, 1853.8, 797.8226)
[DIAG] _physics_process: checking camera follow
[DIAG] _physics_process: plane and camera valid, updating camera
[DIAG] _physics_process: camera moved from (61.37669, 1905.516, 630.4582) to (58.98349, 1905.516, 630.6387)
[DIAG] _physics_process: IN_PLANE returning
[AUDIT] poll_forensic_hud: ENTER
[DIAG] _physics_process: ENTER, state=0
[DIAG] _physics_process: IN_PLANE branch entered
[DIAG] _physics_process: plane position updated to (56.58976, 1853.8, 797.996)
[DIAG] _physics_process: checking camera follow
[DIAG] _physics_process: plane and camera valid, updating camera
[DIAG] _physics_process: camera moved from (58.98349, 1905.516, 630.6387) to (56.58976, 1905.516, 630.8121)
[DIAG] _physics_process: IN_PLANE returning
[DIAG] _poll_controls: ENTER, state=0
[VERBATIM] POLL: _poll_controls() entered, game_state=0
[DIAG] _poll_controls: EXIT (IN_PLANE branch)
[AUDIT] poll_forensic_hud: ENTER
[DIAG] _physics_process: ENTER, state=0
[DIAG] _physics_process: IN_PLANE branch entered
[DIAG] _physics_process: plane position updated to (54.19552, 1853.8, 798.1622)
[DIAG] _physics_process: checking camera follow
[DIAG] _physics_process: plane and camera valid, updating camera
[DIAG] _physics_process: camera moved from (56.58976, 1905.516, 630.8121) to (54.19552, 1905.516, 630.9783)
[DIAG] _physics_process: IN_PLANE returning
[DIAG] _poll_controls: ENTER, state=0
[VERBATIM] POLL: _poll_controls() entered, game_state=0
[DIAG] _poll_controls: EXIT (IN_PLANE branch)
[AUDIT] poll_forensic_hud: ENTER
[DIAG] _physics_process: ENTER, state=0
[DIAG] _physics_process: IN_PLANE branch entered
[DIAG] _physics_process: plane position updated to (51.8008, 1853.8, 798.3212)
[DIAG] _physics_process: checking camera follow
[DIAG] _physics_process: plane and camera valid, updating camera
[DIAG] _physics_process: camera moved from (54.19552, 1905.516, 630.9783) to (51.8008, 1905.516, 631.1373)
[DIAG] _physics_process: IN_PLANE returning
[DIAG] _poll_controls: ENTER, state=0
[VERBATIM] POLL: _poll_controls() entered, game_state=0
[DIAG] _poll_controls: EXIT (IN_PLANE branch)
[AUDIT] poll_forensic_hud: ENTER
[DIAG] _physics_process: ENTER, state=0
[DIAG] _physics_process: IN_PLANE branch entered
[DIAG] _physics_process: plane position updated to (49.4056, 1853.8, 798.473)
[DIAG] _physics_process: checking camera follow
[DIAG] _physics_process: plane and camera valid, updating camera
[DIAG] _physics_process: camera moved from (51.8008, 1905.516, 631.1373) to (49.4056, 1905.516, 631.2891)
[DIAG] _physics_process: IN_PLANE returning
[AUDIT] poll_forensic_hud: ENTER
[DIAG] _physics_process: ENTER, state=0
[DIAG] _physics_process: IN_PLANE branch entered
[DIAG] _physics_process: plane position updated to (47.00996, 1853.8, 798.6176)
[DIAG] _physics_process: checking camera follow
[DIAG] _physics_process: plane and camera valid, updating camera
[DIAG] _physics_process: camera moved from (49.4056, 1905.516, 631.2891) to (47.00996, 1905.516, 631.4337)
[DIAG] _physics_process: IN_PLANE returning
[DIAG] _poll_controls: ENTER, state=0
[VERBATIM] POLL: _poll_controls() entered, game_state=0
[DIAG] _poll_controls: EXIT (IN_PLANE branch)
[AUDIT] poll_forensic_hud: ENTER
[DIAG] _physics_process: ENTER, state=0
[DIAG] _physics_process: IN_PLANE branch entered
[DIAG] _physics_process: plane position updated to (44.6139, 1853.8, 798.755)
[DIAG] _physics_process: checking camera follow
[DIAG] _physics_process: plane and camera valid, updating camera
[DIAG] _physics_process: camera moved from (47.00996, 1905.516, 631.4337) to (44.6139, 1905.516, 631.5711)
[DIAG] _physics_process: IN_PLANE returning
[DIAG] _poll_controls: ENTER, state=0
[VERBATIM] POLL: _poll_controls() entered, game_state=0
[DIAG] _poll_controls: EXIT (IN_PLANE branch)
[AUDIT] poll_forensic_hud: ENTER
[DIAG] _physics_process: ENTER, state=0
[DIAG] _physics_process: IN_PLANE branch entered
[DIAG] _physics_process: plane position updated to (42.21744, 1853.8, 798.8853)
[DIAG] _physics_process: checking camera follow
[DIAG] _physics_process: plane and camera valid, updating camera
[DIAG] _physics_process: camera moved from (44.6139, 1905.516, 631.5711) to (42.21744, 1905.516, 631.7014)
[DIAG] _physics_process: IN_PLANE returning
[DIAG] _poll_controls: ENTER, state=0
[VERBATIM] POLL: _poll_controls() entered, game_state=0
[DIAG] _poll_controls: EXIT (IN_PLANE branch)
