[AUDIT] _input: ENTER
[AUDIT] _gui_input: ENTER
[DIAG] _physics_process: ENTER, state=4
[DIAG] _physics_process: camera target set to character (state: 4)
[DIAG] _physics_process: ENTER, state=4
[DIAG] _physics_process: camera target set to character (state: 4)
[DIAG] _poll_controls: ENTER, state=4
[VERBATIM] POLL: _poll_controls() entered, game_state=4
[DIAG] _poll_controls: EXIT (LANDED/GAME_OVER)
[DEBUG] _input (build_terrain) called, event=InputEventMouseMotion: button_mask=0, position=((430.0, 286.0)), relative=((1.0, -8.0)), velocity=((-5.964061, -11.92812)), pressure=0.00, tilt=((0.0, 0.0)), pen_inverted=(false)
[AUDIT] _input: ENTER
[AUDIT] _gui_input: ENTER
[DIAG] _physics_process: ENTER, state=4
[DIAG] _physics_process: camera target set to character (state: 4)
[DIAG] _physics_process: ENTER, state=4
[DIAG] _physics_process: camera target set to character (state: 4)
[DIAG] _poll_controls: ENTER, state=4
[VERBATIM] POLL: _poll_controls() entered, game_state=4
[DIAG] _poll_controls: EXIT (LANDED/GAME_OVER)
[DEBUG] _input (build_terrain) called, event=InputEventMouseMotion: button_mask=0, position=((419.0, 268.0)), relative=((-11.0, -18.0)), velocity=((0.0, -218.4186)), pressure=0.00, tilt=((0.0, 0.0)), pen_inverted=(false)
[AUDIT] _input: ENTER
[AUDIT] _gui_input: ENTER
[DIAG] _physics_process: ENTER, state=4
[DIAG] _physics_process: camera target set to character (state: 4)
[DIAG] _physics_process: ENTER, state=4
[DIAG] _physics_process: camera target set to character (state: 4)
[DIAG] _poll_controls: ENTER, state=4
[VERBATIM] POLL: _poll_controls() entered, game_state=4
[DIAG] _poll_controls: EXIT (LANDED/GAME_OVER)
[DEBUG] _input (build_terrain) called, event=InputEventMouseMotion: button_mask=0, position=((414.0, 262.0)), relative=((-5.0, -6.0)), velocity=((0.0, -218.4186)), pressure=0.00, tilt=((0.0, 0.0)), pen_inverted=(false)
[AUDIT] _input: ENTER
[AUDIT] _gui_input: ENTER
[DIAG] _physics_process: ENTER, state=4
[DIAG] _physics_process: camera target set to character (state: 4)
[DIAG] _physics_process: ENTER, state=4
[DIAG] _physics_process: camera target set to character (state: 4)
[DIAG] _poll_controls: ENTER, state=4
[VERBATIM] POLL: _poll_controls() entered, game_state=4
[DIAG] _poll_controls: EXIT (LANDED/GAME_OVER)
[DEBUG] _input (build_terrain) called, event=InputEventMouseMotion: button_mask=0, position=((403.0, 251.0)), relative=((-11.0, -11.0)), velocity=((0.0, -218.4186)), pressure=0.00, tilt=((0.0, 0.0)), pen_inverted=(false)
[AUDIT] _input: ENTER
[AUDIT] _gui_input: ENTER
[DIAG] _physics_process: ENTER, state=4
[DIAG] _physics_process: camera target set to character (state: 4)
[PIPLIVE] eye=(748.7178, 1738.21, 590.1317) state=4 deployed=true framing=canopy
[DIAG] _physics_process: ENTER, state=4
[DIAG] _physics_process: camera target set to character (state: 4)
[DIAG] _poll_controls: ENTER, state=4
[VERBATIM] POLL: _poll_controls() entered, game_state=4
[DIAG] _poll_controls: EXIT (LANDED/GAME_OVER)
[DEBUG] _input (build_terrain) called, event=InputEventMouseMotion: button_mask=0, position=((391.0, 245.0)), relative=((-12.0, -6.0)), velocity=((-267.8864, -347.2601)), pressure=0.00, tilt=((0.0, 0.0)), pen_inverted=(false)
[AUDIT] _input: ENTER
[AUDIT] _gui_input: ENTER
[DIAG] _physics_process: ENTER, state=4
[DIAG] _physics_process: camera target set to character (state: 4)
[DIAG] _physics_process: ENTER, state=4
[DIAG] _physics_process: camera target set to character (state: 4)
[DIAG] _poll_controls: ENTER, state=4
[VERBATIM] POLL: _poll_controls() entered, game_state=4
[DIAG] _poll_controls: EXIT (LANDED/GAME_OVER)
[DEBUG] _input (build_terrain) called, event=InputEventMouseMotion: button_mask=0, position=((372.0, 241.0)), relative=((-19.0, -4.0)), velocity=((-267.8864, -347.2601)), pressure=0.00, tilt=((0.0, 0.0)), pen_inverted=(false)
[AUDIT] _input: ENTER
[AUDIT] _gui_input: ENTER
[DIAG] _physics_process: ENTER, state=4
[DIAG] _physics_process: camera target set to character (state: 4)
[DIAG] _physics_process: ENTER, state=4
[DIAG] _physics_process: camera target set to character (state: 4)
[DIAG] _poll_controls: ENTER, state=4
[VERBATIM] POLL: _poll_controls() entered, game_state=4
[DIAG] _poll_controls: EXIT (LANDED/GAME_OVER)
[DEBUG] _input (build_terrain) called, event=InputEventMouseMotion: button_mask=0, position=((364.0, 239.0)), relative=((-8.0, -2.0)), velocity=((-267.8864, -347.2601)), pressure=0.00, tilt=((0.0, 0.0)), pen_inverted=(false)
[AUDIT] _input: ENTER
[AUDIT] _gui_input: ENTER
[DIAG] _physics_process: ENTER, state=4
[DIAG] _physics_process: camera target set to character (state: 4)
[DIAG] _physics_process: ENTER, state=4
[DIAG] _physics_process: camera target set to character (state: 4)
[DIAG] _poll_controls: ENTER, state=4
[VERBATIM] POLL: _poll_controls() entered, game_state=4
[DIAG] _poll_controls: EXIT (LANDED/GAME_OVER)
[DEBUG] _input (build_terrain) called, event=InputEventMouseMotion: button_mask=0, position=((350.0, 237.0)), relative=((-14.0, -2.0)), velocity=((-387.0699, -119.0984)), pressure=0.00, tilt=((0.0, 0.0)), pen_inverted=(false)
[AUDIT] _input: ENTER
[AUDIT] _gui_input: ENTER
[DIAG] _physics_process: ENTER, state=4
[DIAG] _physics_process: camera target set to character (state: 4)
[DIAG] _physics_process: ENTER, state=4
[DIAG] _physics_process: camera target set to character (state: 4)
[DIAG] _poll_controls: ENTER, state=4
[VERBATIM] POLL: _poll_controls() entered, game_state=4
[DIAG] _poll_controls: EXIT (LANDED/GAME_OVER)
[DEBUG] _input (build_terrain) called, event=InputEventMouseMotion: button_mask=0, position=((326.0, 236.0)), relative=((-24.0, -1.0)), velocity=((-387.0699, -119.0984)), pressure=0.00, tilt=((0.0, 0.0)), pen_inverted=(false)
[AUDIT] _input: ENTER
[AUDIT] _gui_input: ENTER
[DIAG] _physics_process: ENTER, state=4
[DIAG] _physics_process: camera target set to character (state: 4)
[DIAG] _physics_process: ENTER, state=4
[DIAG] _physics_process: camera target set to character (state: 4)
[DIAG] _poll_controls: ENTER, state=4
[VERBATIM] POLL: _poll_controls() entered, game_state=4
[DIAG] _poll_controls: EXIT (LANDED/GAME_OVER)
[DEBUG] _input (build_terrain) called, event=InputEventMouseMotion: button_mask=0, position=((302.0, 234.0)), relative=((-24.0, -2.0)), velocity=((-387.0699, -119.0984)), pressure=0.00, tilt=((0.0, 0.0)), pen_inverted=(false)
[AUDIT] _input: ENTER
[AUDIT] _gui_input: ENTER
[DIAG] _physics_process: ENTER, state=4
[DIAG] _physics_process: camera target set to character (state: 4)
[GLIDE],27.4833333333331,0.0,0.0,0.0,0.0,11.0,0.0,109.457504384259,4.23076923076923,2.6,750.7919921875,589.398559570312,0.0
[DIAG] _physics_process: ENTER, state=4
[DIAG] _physics_process: camera target set to character (state: 4)
[DIAG] _poll_controls: ENTER, state=4
[VERBATIM] POLL: _poll_controls() entered, game_state=4
[DIAG] _poll_controls: EXIT (LANDED/GAME_OVER)
[DEBUG] _input (build_terrain) called, event=InputEventMouseMotion: button_mask=0, position=((300.0, 234.0)), relative=((-2.0, 0.0)), velocity=((-612.9208, -49.4291)), pressure=0.00, tilt=((0.0, 0.0)), pen_inverted=(false)
[AUDIT] _input: ENTER
[AUDIT] _gui_input: ENTER
[DIAG] _physics_process: ENTER, state=4
[DIAG] _physics_process: camera target set to character (state: 4)
[DIAG] _physics_process: ENTER, state=4
[DIAG] _physics_process: camera target set to character (state: 4)
[DIAG] _poll_controls: ENTER, state=4
[VERBATIM] POLL: _poll_controls() entered, game_state=4
[DIAG] _poll_controls: EXIT (LANDED/GAME_OVER)
[DEBUG] _input (build_terrain) called, event=InputEventMouseMotion: button_mask=0, position=((296.0, 237.0)), relative=((-4.0, 3.0)), velocity=((-612.9208, -49.4291)), pressure=0.00, tilt=((0.0, 0.0)), pen_inverted=(false)
[AUDIT] _input: ENTER
[AUDIT] _gui_input: ENTER
[DEBUG] _input (build_terrain) called, event=InputEventMouseButton: button_index=1, mods=none, pressed=true, canceled=false, position=((296.0, 237.0)), button_mask=1, double_click=false
[AUDIT] _input: ENTER
[AUDIT] _gui_input: ENTER
[DIAG] _physics_process: ENTER, state=4
[DIAG] _physics_process: camera target set to character (state: 4)
[DIAG] _physics_process: ENTER, state=4
[DIAG] _physics_process: camera target set to character (state: 4)
[DIAG] _poll_controls: ENTER, state=4
[VERBATIM] POLL: _poll_controls() entered, game_state=4
[DIAG] _poll_controls: EXIT (LANDED/GAME_OVER)
[DEBUG] _input (build_terrain) called, event=InputEventMouseMotion: button_mask=1 (Left Mouse Button), position=((294.0, 246.0)), relative=((-2.0, 9.0)), velocity=((-612.9208, -49.4291)), pressure=1.00, tilt=((0.0, 0.0)), pen_inverted=(false)
[AUDIT] _input: ENTER
[AUDIT] _gui_input: ENTER
[DIAG] _physics_process: ENTER, state=4
[DIAG] _physics_process: camera target set to character (state: 4)
[DIAG] _physics_process: ENTER, state=4
[DIAG] _physics_process: camera target set to character (state: 4)
[DIAG] _poll_controls: ENTER, state=4
[VERBATIM] POLL: _poll_controls() entered, game_state=4
[DIAG] _poll_controls: EXIT (LANDED/GAME_OVER)
[DEBUG] _input (build_terrain) called, event=InputEventMouseMotion: button_mask=1 (Left Mouse Button), position=((326.0, 269.0)), relative=((32.0, 23.0)), velocity=((-78.40446, 117.6067)), pressure=1.00, tilt=((0.0, 0.0)), pen_inverted=(false)
[AUDIT] _input: ENTER
[AUDIT] _gui_input: ENTER
[DIAG] _physics_process: ENTER, state=4
[DIAG] _physics_process: camera target set to character (state: 4)
[DIAG] _physics_process: ENTER, state=4
[DIAG] _physics_process: camera target set to character (state: 4)
[DIAG] _poll_controls: ENTER, state=4
[VERBATIM] POLL: _poll_controls() entered, game_state=4
[DIAG] _poll_controls: EXIT (LANDED/GAME_OVER)
[DEBUG] _input (build_terrain) called, event=InputEventMouseMotion: button_mask=1 (Left Mouse Button), position=((510.0, 303.0)), relative=((184.0, 34.0)), velocity=((-78.40446, 117.6067)), pressure=1.00, tilt=((0.0, 0.0)), pen_inverted=(false)
[AUDIT] _input: ENTER
[AUDIT] _gui_input: ENTER
[DIAG] _physics_process: ENTER, state=4
[DIAG] _physics_process: camera target set to character (state: 4)
[DIAG] _physics_process: ENTER, state=4
[DIAG] _physics_process: camera target set to character (state: 4)
[DIAG] _poll_controls: ENTER, state=4
[VERBATIM] POLL: _poll_controls() entered, game_state=4
[DIAG] _poll_controls: EXIT (LANDED/GAME_OVER)
[DEBUG] _input (build_terrain) called, event=InputEventMouseMotion: button_mask=1 (Left Mouse Button), position=((626.0, 317.0)), relative=((116.0, 14.0)), velocity=((-78.40446, 117.6067)), pressure=1.00, tilt=((0.0, 0.0)), pen_inverted=(false)
[AUDIT] _input: ENTER
[AUDIT] _gui_input: ENTER
[DIAG] _physics_process: ENTER, state=4
[DIAG] _physics_process: camera target set to character (state: 4)
[DIAG] _physics_process: ENTER, state=4
[DIAG] _physics_process: camera target set to character (state: 4)
[DIAG] _poll_controls: ENTER, state=4
[VERBATIM] POLL: _poll_controls() entered, game_state=4
[DIAG] _poll_controls: EXIT (LANDED/GAME_OVER)
[DEBUG] _input (build_terrain) called, event=InputEventMouseMotion: button_mask=1 (Left Mouse Button), position=((693.0, 326.0)), relative=((67.0, 9.0)), velocity=((3287.65, 703.0817)), pressure=1.00, tilt=((0.0, 0.0)), pen_inverted=(false)
[AUDIT] _input: ENTER
[AUDIT] _gui_input: ENTER
[DIAG] _physics_process: ENTER, state=4
[DIAG] _physics_process: camera target set to character (state: 4)
[DIAG] _physics_process: ENTER, state=4
[DIAG] _physics_process: camera target set to character (state: 4)
[DIAG] _poll_controls: ENTER, state=4
[VERBATIM] POLL: _poll_controls() entered, game_state=4
[DIAG] _poll_controls: EXIT (LANDED/GAME_OVER)
[DEBUG] _input (build_terrain) called, event=InputEventMouseMotion: button_mask=1 (Left Mouse Button), position=((780.0, 336.0)), relative=((87.0, 10.0)), velocity=((3287.65, 703.0817)), pressure=1.00, tilt=((0.0, 0.0)), pen_inverted=(false)
[AUDIT] _input: ENTER
[AUDIT] _gui_input: ENTER
[DIAG] _physics_process: ENTER, state=4
[DIAG] _physics_process: camera target set to character (state: 4)
[DIAG] _physics_process: ENTER, state=4
[DIAG] _physics_process: camera target set to character (state: 4)
[DIAG] _physics_process: ENTER, state=4
[DIAG] _physics_process: camera target set to character (state: 4)
[DIAG] _poll_controls: ENTER, state=4
[VERBATIM] POLL: _poll_controls() entered, game_state=4
[DIAG] _poll_controls: EXIT (LANDED/GAME_OVER)
[DEBUG] _input (build_terrain) called, event=InputEventMouseMotion: button_mask=1 (Left Mouse Button), position=((863.0, 346.0)), relative=((83.0, 10.0)), velocity=((3287.65, 703.0817)), pressure=1.00, tilt=((0.0, 0.0)), pen_inverted=(false)
[AUDIT] _input: ENTER
[AUDIT] _gui_input: ENTER
[DIAG] _physics_process: ENTER, state=4
[DIAG] _physics_process: camera target set to character (state: 4)
[DIAG] _physics_process: ENTER, state=4
[DIAG] _physics_process: camera target set to character (state: 4)
[DIAG] _poll_controls: ENTER, state=4
[VERBATIM] POLL: _poll_controls() entered, game_state=4
[DIAG] _poll_controls: EXIT (LANDED/GAME_OVER)
[DEBUG] _input (build_terrain) called, event=InputEventMouseMotion: button_mask=1 (Left Mouse Button), position=((907.0, 349.0)), relative=((44.0, 3.0)), velocity=((2341.296, 286.4877)), pressure=1.00, tilt=((0.0, 0.0)), pen_inverted=(false)
[AUDIT] _input: ENTER
[AUDIT] _gui_input: ENTER
[DIAG] _physics_process: ENTER, state=4
[DIAG] _physics_process: camera target set to character (state: 4)
[DIAG] _physics_process: ENTER, state=4
[DIAG] _physics_process: camera target set to character (state: 4)
[DIAG] _poll_controls: ENTER, state=4
[VERBATIM] POLL: _poll_controls() entered, game_state=4
[DIAG] _poll_controls: EXIT (LANDED/GAME_OVER)
[DEBUG] _input (build_terrain) called, event=InputEventMouseMotion: button_mask=1 (Left Mouse Button), position=((946.0, 349.0)), relative=((39.0, 0.0)), velocity=((2341.296, 286.4877)), pressure=1.00, tilt=((0.0, 0.0)), pen_inverted=(false)
[AUDIT] _input: ENTER
[AUDIT] _gui_input: ENTER
[DIAG] _physics_process: ENTER, state=4
[DIAG] _physics_process: camera target set to character (state: 4)
[DIAG] _physics_process: ENTER, state=4
[DIAG] _physics_process: camera target set to character (state: 4)
[DIAG] _poll_controls: ENTER, state=4
[VERBATIM] POLL: _poll_controls() entered, game_state=4
[DIAG] _poll_controls: EXIT (LANDED/GAME_OVER)
[DEBUG] _input (build_terrain) called, event=InputEventMouseMotion: button_mask=1 (Left Mouse Button), position=((977.0, 349.0)), relative=((31.0, 0.0)), velocity=((2341.296, 286.4877)), pressure=1.00, tilt=((0.0, 0.0)), pen_inverted=(false)
[AUDIT] _input: ENTER
[AUDIT] _gui_input: ENTER
[DIAG] _physics_process: ENTER, state=4
[DIAG] _physics_process: camera target set to character (state: 4)
[DIAG] _physics_process: ENTER, state=4
[DIAG] _physics_process: camera target set to character (state: 4)
[DIAG] _poll_controls: ENTER, state=4
[VERBATIM] POLL: _poll_controls() entered, game_state=4
[DIAG] _poll_controls: EXIT (LANDED/GAME_OVER)
[DIAG] _physics_process: ENTER, state=4
[DIAG] _physics_process: camera target set to character (state: 4)
[DIAG] _physics_process: ENTER, state=4
[DIAG] _physics_process: camera target set to character (state: 4)
[AUDIT] _poll_fast: ENTER
[DIAG] _poll_controls: ENTER, state=4
[VERBATIM] POLL: _poll_controls() entered, game_state=4
[DIAG] _poll_controls: EXIT (LANDED/GAME_OVER)
[DIAG] _physics_process: ENTER, state=4
[DIAG] _physics_process: camera target set to character (state: 4)
[DIAG] _physics_process: ENTER, state=4
[DIAG] _physics_process: camera target set to character (state: 4)
[DIAG] _poll_controls: ENTER, state=4
[VERBATIM] POLL: _poll_controls() entered, game_state=4
[DIAG] _poll_controls: EXIT (LANDED/GAME_OVER)
[DIAG] _physics_process: ENTER, state=4
[DIAG] _physics_process: camera target set to character (state: 4)
[GLIDE],27.9999999999997,0.0,0.0,0.0,0.0,11.0,0.0,109.457504384259,4.23076923076923,2.6,756.150390625,587.504577636719,0.0
[DIAG] _physics_process: ENTER, state=4
[DIAG] _physics_process: camera target set to character (state: 4)
[DIAG] _poll_controls: ENTER, state=4
[VERBATIM] POLL: _poll_controls() entered, game_state=4
[DIAG] _poll_controls: EXIT (LANDED/GAME_OVER)
[DIAG] _physics_process: ENTER, state=4
[DIAG] _physics_process: camera target set to character (state: 4)
[DIAG] _physics_process: ENTER, state=4
[DIAG] _physics_process: camera target set to character (state: 4)
[DIAG] _poll_controls: ENTER, state=4
[VERBATIM] POLL: _poll_controls() entered, game_state=4
[DIAG] _poll_controls: EXIT (LANDED/GAME_OVER)
[VERBATIM] Wind updated: 12.5 kts @ 240.0°
[DIAG] _physics_process: ENTER, state=4
[DIAG] _physics_process: camera target set to character (state: 4)
[DIAG] _physics_process: ENTER, state=4
[DIAG] _physics_process: camera target set to character (state: 4)
[DIAG] _poll_controls: ENTER, state=4
[VERBATIM] POLL: _poll_controls() entered, game_state=4
[DIAG] _poll_controls: EXIT (LANDED/GAME_OVER)
[DIAG] _physics_process: ENTER, state=4
[DIAG] _physics_process: camera target set to character (state: 4)
[DIAG] _physics_process: ENTER, state=4
[DIAG] _physics_process: camera target set to character (state: 4)
[DIAG] _poll_controls: ENTER, state=4
[VERBATIM] POLL: _poll_controls() entered, game_state=4
[DIAG] _poll_controls: EXIT (LANDED/GAME_OVER)
[AUDIT] _on_stats_completed: ENTER
[AUDIT] _on_leader_completed: ENTER
[AUDIT] _mklabel: ENTER
[DIAG] _physics_process: ENTER, state=4
[DIAG] _physics_process: camera target set to character (state: 4)
[DIAG] _physics_process: ENTER, state=4
[DIAG] _physics_process: camera target set to character (state: 4)
[DIAG] _poll_controls: ENTER, state=4
[VERBATIM] POLL: _poll_controls() entered, game_state=4
[DIAG] _poll_controls: EXIT (LANDED/GAME_OVER)
[DIAG] _physics_process: ENTER, state=4
[DIAG] _physics_process: camera target set to character (state: 4)
[DIAG] _physics_process: ENTER, state=4
[DIAG] _physics_process: camera target set to character (state: 4)
[DIAG] _poll_controls: ENTER, state=4
[VERBATIM] POLL: _poll_controls() entered, game_state=4
[DIAG] _poll_controls: EXIT (LANDED/GAME_OVER)
[DIAG] _physics_process: ENTER, state=4
[DIAG] _physics_process: camera target set to character (state: 4)
[DIAG] _physics_process: ENTER, state=4
[DIAG] _physics_process: camera target set to character (state: 4)
[DIAG] _poll_controls: ENTER, state=4
[VERBATIM] POLL: _poll_controls() entered, game_state=4
[DIAG] _poll_controls: EXIT (LANDED/GAME_OVER)
[DIAG] _physics_process: ENTER, state=4
[DIAG] _physics_process: camera target set to character (state: 4)
[DIAG] _physics_process: ENTER, state=4
[DIAG] _physics_process: camera target set to character (state: 4)
[DIAG] _poll_controls: ENTER, state=4
[VERBATIM] POLL: _poll_controls() entered, game_state=4
[DIAG] _poll_controls: EXIT (LANDED/GAME_OVER)
[DEBUG] _input (build_terrain) called, event=InputEventMouseButton: button_index=1, mods=none, pressed=false, canceled=false, position=((977.0, 349.0)), button_mask=0, double_click=false
[AUDIT] _input: ENTER
[AUDIT] _gui_input: ENTER
[DIAG] _physics_process: ENTER, state=4
[DIAG] _physics_process: camera target set to character (state: 4)
[DIAG] _physics_process: ENTER, state=4
[DIAG] _physics_process: camera target set to character (state: 4)
[DIAG] _poll_controls: ENTER, state=4
[VERBATIM] POLL: _poll_controls() entered, game_state=4
[DIAG] _poll_controls: EXIT (LANDED/GAME_OVER)
[DIAG] _physics_process: ENTER, state=4
[DIAG] _physics_process: camera target set to character (state: 4)
[DIAG] _physics_process: ENTER, state=4
[DIAG] _physics_process: camera target set to character (state: 4)
[DIAG] _poll_controls: ENTER, state=4
[VERBATIM] POLL: _poll_controls() entered, game_state=4
[DIAG] _poll_controls: EXIT (LANDED/GAME_OVER)
[DEBUG] _input (build_terrain) called, event=InputEventMouseMotion: button_mask=0, position=((976.0, 349.0)), relative=((-1.0, 0.0)), velocity=((226.1739, 5.951944)), pressure=0.00, tilt=((0.0, 0.0)), pen_inverted=(false)
[AUDIT] _input: ENTER
[AUDIT] _gui_input: ENTER
[DIAG] _physics_process: ENTER, state=4
[DIAG] _physics_process: camera target set to character (state: 4)
[DIAG] _physics_process: ENTER, state=4
[DIAG] _physics_process: camera target set to character (state: 4)
[DIAG] _poll_controls: ENTER, state=4
[VERBATIM] POLL: _poll_controls() entered, game_state=4
[DIAG] _poll_controls: EXIT (LANDED/GAME_OVER)
[DIAG] _physics_process: ENTER, state=4
[DIAG] _physics_process: camera target set to character (state: 4)
[DIAG] _physics_process: ENTER, state=4
[DIAG] _physics_process: camera target set to character (state: 4)
[DIAG] _poll_controls: ENTER, state=4
[VERBATIM] POLL: _poll_controls() entered, game_state=4
[DIAG] _poll_controls: EXIT (LANDED/GAME_OVER)
[DEBUG] _input (build_terrain) called, event=InputEventMouseMotion: button_mask=0, position=((975.0, 349.0)), relative=((-1.0, 0.0)), velocity=((226.1739, 5.951944)), pressure=0.00, tilt=((0.0, 0.0)), pen_inverted=(false)
[AUDIT] _input: ENTER
[AUDIT] _gui_input: ENTER
[DIAG] _physics_process: ENTER, state=4
[DIAG] _physics_process: camera target set to character (state: 4)
[DIAG] _physics_process: ENTER, state=4
[DIAG] _physics_process: camera target set to character (state: 4)
[DIAG] _poll_controls: ENTER, state=4
[VERBATIM] POLL: _poll_controls() entered, game_state=4
[DIAG] _poll_controls: EXIT (LANDED/GAME_OVER)
[DIAG] _physics_process: ENTER, state=4
[DIAG] _physics_process: camera target set to character (state: 4)
[DIAG] _physics_process: ENTER, state=4
[DIAG] _physics_process: camera target set to character (state: 4)
[DIAG] _poll_controls: ENTER, state=4
[VERBATIM] POLL: _poll_controls() entered, game_state=4
[DIAG] _poll_controls: EXIT (LANDED/GAME_OVER)
[DIAG] _physics_process: ENTER, state=4
[DIAG] _physics_process: camera target set to character (state: 4)
[DIAG] _physics_process: ENTER, state=4
[DIAG] _physics_process: camera target set to character (state: 4)
[DIAG] _poll_controls: ENTER, state=4
[VERBATIM] POLL: _poll_controls() entered, game_state=4
[DIAG] _poll_controls: EXIT (LANDED/GAME_OVER)
[DIAG] _physics_process: ENTER, state=4
[DIAG] _physics_process: camera target set to character (state: 4)
[DIAG] _physics_process: ENTER, state=4
[DIAG] _physics_process: camera target set to character (state: 4)
[GLIDE],28.5166666666663,0.0,0.0,0.0,0.0,11.0,0.0,109.457504384259,4.23076923076923,2.6,761.5087890625,585.610595703125,0.0
[DIAG] _poll_controls: ENTER, state=4
[VERBATIM] POLL: _poll_controls() entered, game_state=4
[DIAG] _poll_controls: EXIT (LANDED/GAME_OVER)
[DIAG] _physics_process: ENTER, state=4
[DIAG] _physics_process: camera target set to character (state: 4)
[DIAG] _physics_process: ENTER, state=4
[DIAG] _physics_process: camera target set to character (state: 4)
[DIAG] _poll_controls: ENTER, state=4
[VERBATIM] POLL: _poll_controls() entered, game_state=4
[DIAG] _poll_controls: EXIT (LANDED/GAME_OVER)
[DIAG] _physics_process: ENTER, state=4
[DIAG] _physics_process: camera target set to character (state: 4)
[DIAG] _physics_process: ENTER, state=4
[DIAG] _physics_process: camera target set to character (state: 4)
[DIAG] _poll_controls: ENTER, state=4
[VERBATIM] POLL: _poll_controls() entered, game_state=4
[DIAG] _poll_controls: EXIT (LANDED/GAME_OVER)
[DIAG] _physics_process: ENTER, state=4
[DIAG] _physics_process: camera target set to character (state: 4)
[DIAG] _physics_process: ENTER, state=4
[DIAG] _physics_process: camera target set to character (state: 4)
[DIAG] _poll_controls: ENTER, state=4
[VERBATIM] POLL: _poll_controls() entered, game_state=4
[DIAG] _poll_controls: EXIT (LANDED/GAME_OVER)
[DIAG] _physics_process: ENTER, state=4
[DIAG] _physics_process: camera target set to character (state: 4)
[DIAG] _physics_process: ENTER, state=4
[DIAG] _physics_process: camera target set to character (state: 4)
[DIAG] _poll_controls: ENTER, state=4
[VERBATIM] POLL: _poll_controls() entered, game_state=4
[DIAG] _poll_controls: EXIT (LANDED/GAME_OVER)
[DEBUG] _input (build_terrain) called, event=InputEventMouseMotion: button_mask=0, position=((975.0, 349.0)), relative=((0.0, 0.0)), velocity=((-5.945392, 0.0)), pressure=0.00, tilt=((0.0, 0.0)), pen_inverted=(false)
[AUDIT] _input: ENTER
[AUDIT] _gui_input: ENTER
[DIAG] _physics_process: ENTER, state=4
[DIAG] _physics_process: camera target set to character (state: 4)
[DIAG] _physics_process: ENTER, state=4
[DIAG] _physics_process: camera target set to character (state: 4)
[DIAG] _poll_controls: ENTER, state=4
[VERBATIM] POLL: _poll_controls() entered, game_state=4
[DIAG] _poll_controls: EXIT (LANDED/GAME_OVER)
[DIAG] _physics_process: ENTER, state=4
[DIAG] _physics_process: camera target set to character (state: 4)
[DIAG] _physics_process: ENTER, state=4
[DIAG] _physics_process: camera target set to character (state: 4)
[DIAG] _poll_controls: ENTER, state=4
[VERBATIM] POLL: _poll_controls() entered, game_state=4
[DIAG] _poll_controls: EXIT (LANDED/GAME_OVER)
[DIAG] _physics_process: ENTER, state=4
[DIAG] _physics_process: camera target set to character (state: 4)
[DIAG] _physics_process: ENTER, state=4
[DIAG] _physics_process: camera target set to character (state: 4)
[DIAG] _poll_controls: ENTER, state=4
[VERBATIM] POLL: _poll_controls() entered, game_state=4
[DIAG] _poll_controls: EXIT (LANDED/GAME_OVER)
[DIAG] _physics_process: ENTER, state=4
[DIAG] _physics_process: camera target set to character (state: 4)
[DIAG] _physics_process: ENTER, state=4
[DIAG] _physics_process: camera target set to character (state: 4)
[DIAG] _poll_controls: ENTER, state=4
[VERBATIM] POLL: _poll_controls() entered, game_state=4
[DIAG] _poll_controls: EXIT (LANDED/GAME_OVER)
[DIAG] _physics_process: ENTER, state=4
[DIAG] _physics_process: camera target set to character (state: 4)
[DIAG] _physics_process: ENTER, state=4
[DIAG] _physics_process: camera target set to character (state: 4)
[DIAG] _poll_controls: ENTER, state=4
[VERBATIM] POLL: _poll_controls() entered, game_state=4
[DIAG] _poll_controls: EXIT (LANDED/GAME_OVER)
[DEBUG] _input (build_terrain) called, event=InputEventKey: keycode=96 (QuoteLeft), mods=none, physical=false, location=unspecified, pressed=true, echo=false
[AUDIT] _input: ENTER
[FHUD_PROCESS] toggled visible=true
[FPANEL] toggled visible=true
[DIAG] _physics_process: ENTER, state=4
[DIAG] _physics_process: camera target set to character (state: 4)
[DIAG] _physics_process: ENTER, state=4
[DIAG] _physics_process: camera target set to character (state: 4)
[DIAG] _poll_controls: ENTER, state=4
[VERBATIM] POLL: _poll_controls() entered, game_state=4
[DIAG] _poll_controls: EXIT (LANDED/GAME_OVER)
[DEBUG] _input (build_terrain) called, event=InputEventMouseMotion: button_mask=0, position=((974.0, 349.0)), relative=((-1.0, 0.0)), velocity=((0.0, 0.0)), pressure=0.00, tilt=((0.0, 0.0)), pen_inverted=(false)
[AUDIT] _input: ENTER
[AUDIT] _gui_input: ENTER
[DIAG] _physics_process: ENTER, state=4
[DIAG] _physics_process: camera target set to character (state: 4)
[DIAG] _physics_process: ENTER, state=4
[DIAG] _physics_process: camera target set to character (state: 4)
[DIAG] _poll_controls: ENTER, state=4
[VERBATIM] POLL: _poll_controls() entered, game_state=4
[DIAG] _poll_controls: EXIT (LANDED/GAME_OVER)
[DIAG] _physics_process: ENTER, state=4
[DIAG] _physics_process: camera target set to character (state: 4)
[DIAG] _physics_process: ENTER, state=4
[DIAG] _physics_process: camera target set to character (state: 4)
[DIAG] _poll_controls: ENTER, state=4
[VERBATIM] POLL: _poll_controls() entered, game_state=4
[DIAG] _poll_controls: EXIT (LANDED/GAME_OVER)
[DIAG] _physics_process: ENTER, state=4
[DIAG] _physics_process: camera target set to character (state: 4)
[DIAG] _physics_process: ENTER, state=4
[DIAG] _physics_process: camera target set to character (state: 4)
[DIAG] _poll_controls: ENTER, state=4
[VERBATIM] POLL: _poll_controls() entered, game_state=4
[DIAG] _poll_controls: EXIT (LANDED/GAME_OVER)
[DEBUG] _input (build_terrain) called, event=InputEventKey: keycode=96 (QuoteLeft), mods=none, physical=false, location=unspecified, pressed=false, echo=false
[AUDIT] _input: ENTER
2026-08-05T15:42:28 [INFO] InputManager ready
2026-08-05T15:42:28 [INFO] InputMap.has_action('restart') = true
[INPUT] unhandled_input triggered
[DIAG] _physics_process: ENTER, state=4
[DIAG] _physics_process: camera target set to character (state: 4)
[DIAG] _physics_process: ENTER, state=4
[DIAG] _physics_process: camera target set to character (state: 4)
[DIAG] _poll_controls: ENTER, state=4
[VERBATIM] POLL: _poll_controls() entered, game_state=4
[DIAG] _poll_controls: EXIT (LANDED/GAME_OVER)
[DIAG] _physics_process: ENTER, state=4
[DIAG] _physics_process: camera target set to character (state: 4)
[DIAG] _physics_process: ENTER, state=4
[DIAG] _physics_process: camera target set to character (state: 4)
[DIAG] _poll_controls: ENTER, state=4
[VERBATIM] POLL: _poll_controls() entered, game_state=4
[DIAG] _poll_controls: EXIT (LANDED/GAME_OVER)
[DIAG] _physics_process: ENTER, state=4
[DIAG] _physics_process: camera target set to character (state: 4)
[GLIDE],29.033333333333,0.0,0.0,0.0,0.0,11.0,0.0,109.457504384259,4.23076923076923,2.6,766.8671875,583.716613769531,0.0
[DIAG] _physics_process: ENTER, state=4
[DIAG] _physics_process: camera target set to character (state: 4)
[DIAG] _poll_controls: ENTER, state=4
[VERBATIM] POLL: _poll_controls() entered, game_state=4
[DIAG] _poll_controls: EXIT (LANDED/GAME_OVER)
[VERBATIM] Wind updated: 12.5 kts @ 240.0°
[DIAG] _physics_process: ENTER, state=4
[DIAG] _physics_process: camera target set to character (state: 4)
[DIAG] _physics_process: ENTER, state=4
[DIAG] _physics_process: camera target set to character (state: 4)
[DIAG] _poll_controls: ENTER, state=4
[VERBATIM] POLL: _poll_controls() entered, game_state=4
[DIAG] _poll_controls: EXIT (LANDED/GAME_OVER)
[DIAG] _physics_process: ENTER, state=4
[DIAG] _physics_process: camera target set to character (state: 4)
[DIAG] _physics_process: ENTER, state=4
[DIAG] _physics_process: camera target set to character (state: 4)
[DIAG] _poll_controls: ENTER, state=4
[VERBATIM] POLL: _poll_controls() entered, game_state=4
[DIAG] _poll_controls: EXIT (LANDED/GAME_OVER)
[DIAG] _physics_process: ENTER, state=4
[DIAG] _physics_process: camera target set to character (state: 4)
[DIAG] _physics_process: ENTER, state=4
[DIAG] _physics_process: camera target set to character (state: 4)
[DIAG] _physics_process: ENTER, state=4
[DIAG] _physics_process: camera target set to character (state: 4)
[DIAG] _poll_controls: ENTER, state=4
[VERBATIM] POLL: _poll_controls() entered, game_state=4
[DIAG] _poll_controls: EXIT (LANDED/GAME_OVER)
[DIAG] _physics_process: ENTER, state=4
[DIAG] _physics_process: camera target set to character (state: 4)
[DIAG] _physics_process: ENTER, state=4
[DIAG] _physics_process: camera target set to character (state: 4)
[DIAG] _poll_controls: ENTER, state=4
[VERBATIM] POLL: _poll_controls() entered, game_state=4
[DIAG] _poll_controls: EXIT (LANDED/GAME_OVER)
[DIAG] _physics_process: ENTER, state=4
[DIAG] _physics_process: camera target set to character (state: 4)
[DIAG] _physics_process: ENTER, state=4
[DIAG] _physics_process: camera target set to character (state: 4)
[DIAG] _poll_controls: ENTER, state=4
[VERBATIM] POLL: _poll_controls() entered, game_state=4
[DIAG] _poll_controls: EXIT (LANDED/GAME_OVER)
[DIAG] _physics_process: ENTER, state=4
[DIAG] _physics_process: camera target set to character (state: 4)
[DIAG] _physics_process: ENTER, state=4
[DIAG] _physics_process: camera target set to character (state: 4)
[DIAG] _poll_controls: ENTER, state=4
[VERBATIM] POLL: _poll_controls() entered, game_state=4
[DIAG] _poll_controls: EXIT (LANDED/GAME_OVER)
[DIAG] _physics_process: ENTER, state=4
[DIAG] _physics_process: camera target set to character (state: 4)
[DIAG] _physics_process: ENTER, state=4
[DIAG] _physics_process: camera target set to character (state: 4)
[DIAG] _poll_controls: ENTER, state=4
[VERBATIM] POLL: _poll_controls() entered, game_state=4
[DIAG] _poll_controls: EXIT (LANDED/GAME_OVER)
[PIPLIVE] eye=(769.6328, 1729.673, 582.7391) state=4 deployed=true framing=canopy
[DIAG] _physics_process: ENTER, state=4
[DIAG] _physics_process: camera target set to character (state: 4)
[DIAG] _physics_process: ENTER, state=4
[DIAG] _physics_process: camera target set to character (state: 4)
[DIAG] _poll_controls: ENTER, state=4
[VERBATIM] POLL: _poll_controls() entered, game_state=4
[DIAG] _poll_controls: EXIT (LANDED/GAME_OVER)
[DEBUG] _input (build_terrain) called, event=InputEventKey: keycode=96 (QuoteLeft), mods=none, physical=false, location=unspecified, pressed=true, echo=false
[AUDIT] _input: ENTER
[FHUD_PROCESS] toggled visible=true
[FPANEL] toggled visible=false
[DIAG] _physics_process: ENTER, state=4
[DIAG] _physics_process: camera target set to character (state: 4)
[DIAG] _physics_process: ENTER, state=4
[DIAG] _physics_process: camera target set to character (state: 4)
[DIAG] _poll_controls: ENTER, state=4
[VERBATIM] POLL: _poll_controls() entered, game_state=4
[DIAG] _poll_controls: EXIT (LANDED/GAME_OVER)
[DIAG] _physics_process: ENTER, state=4
[DIAG] _physics_process: camera target set to character (state: 4)
[DIAG] _physics_process: ENTER, state=4
[DIAG] _physics_process: camera target set to character (state: 4)
[DIAG] _poll_controls: ENTER, state=4
[VERBATIM] POLL: _poll_controls() entered, game_state=4
[DIAG] _poll_controls: EXIT (LANDED/GAME_OVER)
[DIAG] _physics_process: ENTER, state=4
[DIAG] _physics_process: camera target set to character (state: 4)
[DIAG] _physics_process: ENTER, state=4
[DIAG] _physics_process: camera target set to character (state: 4)
[DIAG] _poll_controls: ENTER, state=4
[VERBATIM] POLL: _poll_controls() entered, game_state=4
[DIAG] _poll_controls: EXIT (LANDED/GAME_OVER)
[DIAG] _physics_process: ENTER, state=4
[DIAG] _physics_process: camera target set to character (state: 4)
[DIAG] _physics_process: ENTER, state=4
[DIAG] _physics_process: camera target set to character (state: 4)
[DIAG] _poll_controls: ENTER, state=4
[VERBATIM] POLL: _poll_controls() entered, game_state=4
[DIAG] _poll_controls: EXIT (LANDED/GAME_OVER)
[DIAG] _physics_process: ENTER, state=4
[DIAG] _physics_process: camera target set to character (state: 4)
[DIAG] _physics_process: ENTER, state=4
[DIAG] _physics_process: camera target set to character (state: 4)
[DIAG] _poll_controls: ENTER, state=4
[VERBATIM] POLL: _poll_controls() entered, game_state=4
[DIAG] _poll_controls: EXIT (LANDED/GAME_OVER)
[DEBUG] _input (build_terrain) called, event=InputEventKey: keycode=96 (QuoteLeft), mods=none, physical=false, location=unspecified, pressed=false, echo=false
[AUDIT] _input: ENTER
2026-08-05T15:42:29 [INFO] InputManager ready
2026-08-05T15:42:29 [INFO] InputMap.has_action('restart') = true
[INPUT] unhandled_input triggered
[DIAG] _physics_process: ENTER, state=4
[DIAG] _physics_process: camera target set to character (state: 4)
[DIAG] _physics_process: ENTER, state=4
[DIAG] _physics_process: camera target set to character (state: 4)
[DIAG] _poll_controls: ENTER, state=4
[VERBATIM] POLL: _poll_controls() entered, game_state=4
[DIAG] _poll_controls: EXIT (LANDED/GAME_OVER)
[DIAG] _physics_process: ENTER, state=4
[DIAG] _physics_process: camera target set to character (state: 4)
[GLIDE],29.5499999999996,0.0,0.0,0.0,0.0,11.0,0.0,109.457504384259,4.23076923076923,2.6,772.2255859375,581.822631835938,0.0
[DIAG] _physics_process: ENTER, state=4
[DIAG] _physics_process: camera target set to character (state: 4)
[DIAG] _poll_controls: ENTER, state=4
[VERBATIM] POLL: _poll_controls() entered, game_state=4
[DIAG] _poll_controls: EXIT (LANDED/GAME_OVER)
[DIAG] _physics_process: ENTER, state=4
[DIAG] _physics_process: camera target set to character (state: 4)
[DIAG] _physics_process: ENTER, state=4
[DIAG] _physics_process: camera target set to character (state: 4)
[DIAG] _poll_controls: ENTER, state=4
[VERBATIM] POLL: _poll_controls() entered, game_state=4
[DIAG] _poll_controls: EXIT (LANDED/GAME_OVER)
[DIAG] _physics_process: ENTER, state=4
[DIAG] _physics_process: camera target set to character (state: 4)
[DIAG] _physics_process: ENTER, state=4
[DIAG] _physics_process: camera target set to character (state: 4)
[DIAG] _poll_controls: ENTER, state=4
[VERBATIM] POLL: _poll_controls() entered, game_state=4
[DIAG] _poll_controls: EXIT (LANDED/GAME_OVER)
[DEBUG] _input (build_terrain) called, event=InputEventMouseMotion: button_mask=0, position=((974.0, 346.0)), relative=((0.0, -3.0)), velocity=((-1.282222, 0.0)), pressure=0.00, tilt=((0.0, 0.0)), pen_inverted=(false)
[AUDIT] _input: ENTER
[AUDIT] _gui_input: ENTER
[DIAG] _physics_process: ENTER, state=4
[DIAG] _physics_process: camera target set to character (state: 4)
[DIAG] _physics_process: ENTER, state=4
[DIAG] _physics_process: camera target set to character (state: 4)
[DIAG] _poll_controls: ENTER, state=4
[VERBATIM] POLL: _poll_controls() entered, game_state=4
[DIAG] _poll_controls: EXIT (LANDED/GAME_OVER)
[DEBUG] _input (build_terrain) called, event=InputEventMouseMotion: button_mask=0, position=((973.0, 336.0)), relative=((-1.0, -10.0)), velocity=((-1.282222, 0.0)), pressure=0.00, tilt=((0.0, 0.0)), pen_inverted=(false)
[AUDIT] _input: ENTER
[AUDIT] _gui_input: ENTER
[DIAG] _physics_process: ENTER, state=4
[DIAG] _physics_process: camera target set to character (state: 4)
[DIAG] _physics_process: ENTER, state=4
[DIAG] _physics_process: camera target set to character (state: 4)
[DIAG] _poll_controls: ENTER, state=4
[VERBATIM] POLL: _poll_controls() entered, game_state=4
[DIAG] _poll_controls: EXIT (LANDED/GAME_OVER)
[DEBUG] _input (build_terrain) called, event=InputEventMouseMotion: button_mask=0, position=((964.0, 325.0)), relative=((-9.0, -11.0)), velocity=((-1.282222, 0.0)), pressure=0.00, tilt=((0.0, 0.0)), pen_inverted=(false)
[AUDIT] _input: ENTER
[AUDIT] _gui_input: ENTER
[DIAG] _physics_process: ENTER, state=4
[DIAG] _physics_process: camera target set to character (state: 4)
[DIAG] _physics_process: ENTER, state=4
[DIAG] _physics_process: camera target set to character (state: 4)
[DIAG] _poll_controls: ENTER, state=4
[VERBATIM] POLL: _poll_controls() entered, game_state=4
[DIAG] _poll_controls: EXIT (LANDED/GAME_OVER)
[DEBUG] _input (build_terrain) called, event=InputEventMouseMotion: button_mask=0, position=((956.0, 311.0)), relative=((-8.0, -14.0)), velocity=((-99.35321, -238.4477)), pressure=0.00, tilt=((0.0, 0.0)), pen_inverted=(false)
[AUDIT] _input: ENTER
[AUDIT] _gui_input: ENTER
[DIAG] _physics_process: ENTER, state=4
[DIAG] _physics_process: camera target set to character (state: 4)
[DIAG] _physics_process: ENTER, state=4
[DIAG] _physics_process: camera target set to character (state: 4)
[DIAG] _poll_controls: ENTER, state=4
[VERBATIM] POLL: _poll_controls() entered, game_state=4
[DIAG] _poll_controls: EXIT (LANDED/GAME_OVER)
[DEBUG] _input (build_terrain) called, event=InputEventMouseMotion: button_mask=0, position=((946.0, 296.0)), relative=((-10.0, -15.0)), velocity=((-99.35321, -238.4477)), pressure=0.00, tilt=((0.0, 0.0)), pen_inverted=(false)
[AUDIT] _input: ENTER
[AUDIT] _gui_input: ENTER
[DIAG] _physics_process: ENTER, state=4
[DIAG] _physics_process: camera target set to character (state: 4)
[DIAG] _physics_process: ENTER, state=4
[DIAG] _physics_process: camera target set to character (state: 4)
[DIAG] _poll_controls: ENTER, state=4
[VERBATIM] POLL: _poll_controls() entered, game_state=4
[DIAG] _poll_controls: EXIT (LANDED/GAME_OVER)
[DEBUG] _input (build_terrain) called, event=InputEventMouseMotion: button_mask=0, position=((941.0, 286.0)), relative=((-5.0, -10.0)), velocity=((-99.35321, -238.4477)), pressure=0.00, tilt=((0.0, 0.0)), pen_inverted=(false)
[AUDIT] _input: ENTER
[AUDIT] _gui_input: ENTER
[DIAG] _physics_process: ENTER, state=4
[DIAG] _physics_process: camera target set to character (state: 4)
[DIAG] _physics_process: ENTER, state=4
[DIAG] _physics_process: camera target set to character (state: 4)
[DIAG] _poll_controls: ENTER, state=4
[VERBATIM] POLL: _poll_controls() entered, game_state=4
[DIAG] _poll_controls: EXIT (LANDED/GAME_OVER)
[DEBUG] _input (build_terrain) called, event=InputEventMouseMotion: button_mask=0, position=((940.0, 285.0)), relative=((-1.0, -1.0)), velocity=((-226.7305, -384.4561)), pressure=0.00, tilt=((0.0, 0.0)), pen_inverted=(false)
[AUDIT] _input: ENTER
[AUDIT] _gui_input: ENTER
[DIAG] _physics_process: ENTER, state=4
[DIAG] _physics_process: camera target set to character (state: 4)
[DIAG] _physics_process: ENTER, state=4
[DIAG] _physics_process: camera target set to character (state: 4)
[DIAG] _poll_controls: ENTER, state=4
[VERBATIM] POLL: _poll_controls() entered, game_state=4
[DIAG] _poll_controls: EXIT (LANDED/GAME_OVER)
[DEBUG] _input (build_terrain) called, event=InputEventMouseMotion: button_mask=0, position=((940.0, 284.0)), relative=((0.0, -1.0)), velocity=((-226.7305, -384.4561)), pressure=0.00, tilt=((0.0, 0.0)), pen_inverted=(false)
[AUDIT] _input: ENTER
[AUDIT] _gui_input: ENTER
[DIAG] _physics_process: ENTER, state=4
[DIAG] _physics_process: camera target set to character (state: 4)
[DIAG] _physics_process: ENTER, state=4
[DIAG] _physics_process: camera target set to character (state: 4)
[DIAG] _poll_controls: ENTER, state=4
[VERBATIM] POLL: _poll_controls() entered, game_state=4
[DIAG] _poll_controls: EXIT (LANDED/GAME_OVER)
[DIAG] _physics_process: ENTER, state=4
[DIAG] _physics_process: camera target set to character (state: 4)
[DIAG] _physics_process: ENTER, state=4
[DIAG] _physics_process: camera target set to character (state: 4)
[DIAG] _poll_controls: ENTER, state=4
[VERBATIM] POLL: _poll_controls() entered, game_state=4
[DIAG] _poll_controls: EXIT (LANDED/GAME_OVER)
[DEBUG] _input (build_terrain) called, event=InputEventMouseMotion: button_mask=0, position=((940.0, 283.0)), relative=((0.0, -1.0)), velocity=((-9.887187, -19.77437)), pressure=0.00, tilt=((0.0, 0.0)), pen_inverted=(false)
[AUDIT] _input: ENTER
[AUDIT] _gui_input: ENTER
[DIAG] _physics_process: ENTER, state=4
[DIAG] _physics_process: camera target set to character (state: 4)
[DIAG] _physics_process: ENTER, state=4
[DIAG] _physics_process: camera target set to character (state: 4)
[AUDIT] _poll_fast: ENTER
[AUDIT] _poll_slow: ENTER
[DIAG] _poll_controls: ENTER, state=4
[VERBATIM] POLL: _poll_controls() entered, game_state=4
[DIAG] _poll_controls: EXIT (LANDED/GAME_OVER)
[DEBUG] _input (build_terrain) called, event=InputEventMouseMotion: button_mask=0, position=((940.0, 283.0)), relative=((0.0, 0.0)), velocity=((-9.887187, -19.77437)), pressure=0.00, tilt=((0.0, 0.0)), pen_inverted=(false)
[AUDIT] _input: ENTER
[AUDIT] _gui_input: ENTER
[DIAG] _physics_process: ENTER, state=4
[DIAG] _physics_process: camera target set to character (state: 4)
[DIAG] _physics_process: ENTER, state=4
[DIAG] _physics_process: camera target set to character (state: 4)
[DIAG] _poll_controls: ENTER, state=4
[VERBATIM] POLL: _poll_controls() entered, game_state=4
[DIAG] _poll_controls: EXIT (LANDED/GAME_OVER)
[DIAG] _physics_process: ENTER, state=4
[DIAG] _physics_process: camera target set to character (state: 4)
[DIAG] _physics_process: ENTER, state=4
[DIAG] _physics_process: camera target set to character (state: 4)
[DIAG] _poll_controls: ENTER, state=4
[VERBATIM] POLL: _poll_controls() entered, game_state=4
[DIAG] _poll_controls: EXIT (LANDED/GAME_OVER)
[VERBATIM] Wind updated: 12.5 kts @ 240.0°
[DIAG] _physics_process: ENTER, state=4
[DIAG] _physics_process: camera target set to character (state: 4)
[DIAG] _physics_process: ENTER, state=4
[DIAG] _physics_process: camera target set to character (state: 4)
[GLIDE],30.0666666666662,0.0,0.0,0.0,0.0,11.0,0.0,109.457504384259,4.23076923076923,2.6,777.583984375,579.928649902344,0.0
[DIAG] _poll_controls: ENTER, state=4
[VERBATIM] POLL: _poll_controls() entered, game_state=4
[DIAG] _poll_controls: EXIT (LANDED/GAME_OVER)
[DEBUG] _input (build_terrain) called, event=InputEventMouseButton: button_index=1, mods=none, pressed=true, canceled=false, position=((940.0, 283.0)), button_mask=1, double_click=false
[AUDIT] _input: ENTER
[AUDIT] _gui_input: ENTER
[DEBUG] _input (build_terrain) called, event=InputEventMouseMotion: button_mask=1 (Left Mouse Button), position=((940.0, 283.0)), relative=((0.0, 0.0)), velocity=((0.0, -7.34236)), pressure=1.00, tilt=((0.0, 0.0)), pen_inverted=(false)
[AUDIT] _input: ENTER
[AUDIT] _gui_input: ENTER
[DIAG] _physics_process: ENTER, state=4
[DIAG] _physics_process: camera target set to character (state: 4)
[WIND] speed 6.58334539049909 kts  dir 0°  gust 0.51501828125636  vec_ms (0.0, 0.0, 3.386763)
[DIAG] _physics_process: ENTER, state=4
[DIAG] _physics_process: camera target set to character (state: 4)
[DIAG] _poll_controls: ENTER, state=4
[VERBATIM] POLL: _poll_controls() entered, game_state=4
[DIAG] _poll_controls: EXIT (LANDED/GAME_OVER)
[DEBUG] _input (build_terrain) called, event=InputEventMouseMotion: button_mask=1 (Left Mouse Button), position=((939.0, 311.0)), relative=((-1.0, 28.0)), velocity=((0.0, -7.34236)), pressure=1.00, tilt=((0.0, 0.0)), pen_inverted=(false)
[AUDIT] _input: ENTER
[AUDIT] _gui_input: ENTER
[DIAG] _physics_process: ENTER, state=4
[DIAG] _physics_process: camera target set to character (state: 4)
[DIAG] _physics_process: ENTER, state=4
[DIAG] _physics_process: camera target set to character (state: 4)
[DIAG] _poll_controls: ENTER, state=4
[VERBATIM] POLL: _poll_controls() entered, game_state=4
[DIAG] _poll_controls: EXIT (LANDED/GAME_OVER)
[AUDIT] _on_stats_completed: ENTER
[AUDIT] _on_leader_completed: ENTER
[AUDIT] _mklabel: ENTER
[AUDIT] _on_ctrl_health_completed: ENTER
[DEBUG] _input (build_terrain) called, event=InputEventMouseMotion: button_mask=1 (Left Mouse Button), position=((939.0, 341.0)), relative=((0.0, 30.0)), velocity=((0.0, -7.34236)), pressure=1.00, tilt=((0.0, 0.0)), pen_inverted=(false)
[AUDIT] _input: ENTER
[AUDIT] _gui_input: ENTER
[DIAG] _physics_process: ENTER, state=4
[DIAG] _physics_process: camera target set to character (state: 4)
[DIAG] _physics_process: ENTER, state=4
[DIAG] _physics_process: camera target set to character (state: 4)
[DIAG] _physics_process: ENTER, state=4
[DIAG] _physics_process: camera target set to character (state: 4)
[DIAG] _poll_controls: ENTER, state=4
[VERBATIM] POLL: _poll_controls() entered, game_state=4
[DIAG] _poll_controls: EXIT (LANDED/GAME_OVER)
[DEBUG] _input (build_terrain) called, event=InputEventMouseMotion: button_mask=1 (Left Mouse Button), position=((944.0, 369.0)), relative=((5.0, 28.0)), velocity=((-9.444833, 547.8003)), pressure=1.00, tilt=((0.0, 0.0)), pen_inverted=(false)
[AUDIT] _input: ENTER
[AUDIT] _gui_input: ENTER
[DIAG] _physics_process: ENTER, state=4
[DIAG] _physics_process: camera target set to character (state: 4)
[DIAG] _physics_process: ENTER, state=4
[DIAG] _physics_process: camera target set to character (state: 4)
[DIAG] _poll_controls: ENTER, state=4
[VERBATIM] POLL: _poll_controls() entered, game_state=4
[DIAG] _poll_controls: EXIT (LANDED/GAME_OVER)
[DEBUG] _input (build_terrain) called, event=InputEventMouseMotion: button_mask=1 (Left Mouse Button), position=((944.0, 383.0)), relative=((0.0, 14.0)), velocity=((-9.444833, 547.8003)), pressure=1.00, tilt=((0.0, 0.0)), pen_inverted=(false)
[AUDIT] _input: ENTER
[AUDIT] _gui_input: ENTER
[DIAG] _physics_process: ENTER, state=4
[DIAG] _physics_process: camera target set to character (state: 4)
[DIAG] _physics_process: ENTER, state=4
[DIAG] _physics_process: camera target set to character (state: 4)
[DIAG] _poll_controls: ENTER, state=4
[VERBATIM] POLL: _poll_controls() entered, game_state=4
[DIAG] _poll_controls: EXIT (LANDED/GAME_OVER)
[DEBUG] _input (build_terrain) called, event=InputEventMouseMotion: button_mask=1 (Left Mouse Button), position=((945.0, 393.0)), relative=((1.0, 10.0)), velocity=((-9.444833, 547.8003)), pressure=1.00, tilt=((0.0, 0.0)), pen_inverted=(false)
[AUDIT] _input: ENTER
[AUDIT] _gui_input: ENTER
[DIAG] _physics_process: ENTER, state=4
[DIAG] _physics_process: camera target set to character (state: 4)
[DIAG] _physics_process: ENTER, state=4
[DIAG] _physics_process: camera target set to character (state: 4)
[DIAG] _poll_controls: ENTER, state=4
[VERBATIM] POLL: _poll_controls() entered, game_state=4
[DIAG] _poll_controls: EXIT (LANDED/GAME_OVER)
[AUDIT] _on_integ_completed: ENTER
[DEBUG] _input (build_terrain) called, event=InputEventMouseMotion: button_mask=1 (Left Mouse Button), position=((945.0, 402.0)), relative=((0.0, 9.0)), velocity=((56.89793, 493.1154)), pressure=1.00, tilt=((0.0, 0.0)), pen_inverted=(false)
[AUDIT] _input: ENTER
[AUDIT] _gui_input: ENTER
[DIAG] _physics_process: ENTER, state=4
[DIAG] _physics_process: camera target set to character (state: 4)
[DIAG] _physics_process: ENTER, state=4
[DIAG] _physics_process: camera target set to character (state: 4)
[DIAG] _poll_controls: ENTER, state=4
[VERBATIM] POLL: _poll_controls() entered, game_state=4
[DIAG] _poll_controls: EXIT (LANDED/GAME_OVER)
[DEBUG] _input (build_terrain) called, event=InputEventMouseMotion: button_mask=1 (Left Mouse Button), position=((946.0, 411.0)), relative=((1.0, 9.0)), velocity=((56.89793, 493.1154)), pressure=1.00, tilt=((0.0, 0.0)), pen_inverted=(false)
[AUDIT] _input: ENTER
[AUDIT] _gui_input: ENTER
[DIAG] _physics_process: ENTER, state=4
[DIAG] _physics_process: camera target set to character (state: 4)
[DIAG] _physics_process: ENTER, state=4
[DIAG] _physics_process: camera target set to character (state: 4)
[DIAG] _poll_controls: ENTER, state=4
[VERBATIM] POLL: _poll_controls() entered, game_state=4
[DIAG] _poll_controls: EXIT (LANDED/GAME_OVER)
[DEBUG] _input (build_terrain) called, event=InputEventMouseMotion: button_mask=1 (Left Mouse Button), position=((948.0, 418.0)), relative=((2.0, 7.0)), velocity=((56.89793, 493.1154)), pressure=1.00, tilt=((0.0, 0.0)), pen_inverted=(false)
[AUDIT] _input: ENTER
[AUDIT] _gui_input: ENTER
[DIAG] _physics_process: ENTER, state=4
[DIAG] _physics_process: camera target set to character (state: 4)
[DIAG] _physics_process: ENTER, state=4
[DIAG] _physics_process: camera target set to character (state: 4)
[DIAG] _poll_controls: ENTER, state=4
[VERBATIM] POLL: _poll_controls() entered, game_state=4
[DIAG] _poll_controls: EXIT (LANDED/GAME_OVER)
[DEBUG] _input (build_terrain) called, event=InputEventMouseMotion: button_mask=1 (Left Mouse Button), position=((951.0, 426.0)), relative=((3.0, 8.0)), velocity=((29.71091, 247.591)), pressure=1.00, tilt=((0.0, 0.0)), pen_inverted=(false)
[AUDIT] _input: ENTER
[AUDIT] _gui_input: ENTER
[DIAG] _physics_process: ENTER, state=4
[DIAG] _physics_process: camera target set to character (state: 4)
[DIAG] _physics_process: ENTER, state=4
[DIAG] _physics_process: camera target set to character (state: 4)
[DIAG] _poll_controls: ENTER, state=4
[VERBATIM] POLL: _poll_controls() entered, game_state=4
[DIAG] _poll_controls: EXIT (LANDED/GAME_OVER)
[DEBUG] _input (build_terrain) called, event=InputEventMouseMotion: button_mask=1 (Left Mouse Button), position=((951.0, 427.0)), relative=((0.0, 1.0)), velocity=((29.71091, 247.591)), pressure=1.00, tilt=((0.0, 0.0)), pen_inverted=(false)
[AUDIT] _input: ENTER
[AUDIT] _gui_input: ENTER
[DIAG] _physics_process: ENTER, state=4
[DIAG] _physics_process: camera target set to character (state: 4)
[DIAG] _physics_process: ENTER, state=4
[DIAG] _physics_process: camera target set to character (state: 4)
[DIAG] _poll_controls: ENTER, state=4
[VERBATIM] POLL: _poll_controls() entered, game_state=4
[DIAG] _poll_controls: EXIT (LANDED/GAME_OVER)
[DIAG] _physics_process: ENTER, state=4
[DIAG] _physics_process: camera target set to character (state: 4)
[DIAG] _physics_process: ENTER, state=4
[DIAG] _physics_process: camera target set to character (state: 4)
[DIAG] _poll_controls: ENTER, state=4
[VERBATIM] POLL: _poll_controls() entered, game_state=4
[DIAG] _poll_controls: EXIT (LANDED/GAME_OVER)
[DEBUG] _input (build_terrain) called, event=InputEventMouseMotion: button_mask=1 (Left Mouse Button), position=((952.0, 428.0)), relative=((1.0, 1.0)), velocity=((29.78259, 89.34776)), pressure=1.00, tilt=((0.0, 0.0)), pen_inverted=(false)
[AUDIT] _input: ENTER
[AUDIT] _gui_input: ENTER
[DIAG] _physics_process: ENTER, state=4
[DIAG] _physics_process: camera target set to character (state: 4)
[DIAG] _physics_process: ENTER, state=4
[DIAG] _physics_process: camera target set to character (state: 4)
[DIAG] _poll_controls: ENTER, state=4
[VERBATIM] POLL: _poll_controls() entered, game_state=4
[DIAG] _poll_controls: EXIT (LANDED/GAME_OVER)
[DEBUG] _input (build_terrain) called, event=InputEventMouseMotion: button_mask=1 (Left Mouse Button), position=((954.0, 431.0)), relative=((2.0, 3.0)), velocity=((29.78259, 89.34776)), pressure=1.00, tilt=((0.0, 0.0)), pen_inverted=(false)
[AUDIT] _input: ENTER
[AUDIT] _gui_input: ENTER
[DIAG] _physics_process: ENTER, state=4
[DIAG] _physics_process: camera target set to character (state: 4)
[DIAG] _physics_process: ENTER, state=4
[DIAG] _physics_process: camera target set to character (state: 4)
[DIAG] _poll_controls: ENTER, state=4
[VERBATIM] POLL: _poll_controls() entered, game_state=4
[DIAG] _poll_controls: EXIT (LANDED/GAME_OVER)
[DIAG] _physics_process: ENTER, state=4
[DIAG] _physics_process: camera target set to character (state: 4)
[DIAG] _physics_process: ENTER, state=4
[DIAG] _physics_process: camera target set to character (state: 4)
[GLIDE],30.5833333333329,0.0,0.0,0.0,0.0,11.0,0.0,109.457504384259,4.23076923076923,2.6,782.9423828125,578.03466796875,0.0
[DIAG] _poll_controls: ENTER, state=4
[VERBATIM] POLL: _poll_controls() entered, game_state=4
[DIAG] _poll_controls: EXIT (LANDED/GAME_OVER)
[DEBUG] _input (build_terrain) called, event=InputEventMouseMotion: button_mask=1 (Left Mouse Button), position=((956.0, 435.0)), relative=((2.0, 4.0)), velocity=((29.61325, 39.48433)), pressure=1.00, tilt=((0.0, 0.0)), pen_inverted=(false)
[AUDIT] _input: ENTER
[AUDIT] _gui_input: ENTER
[DIAG] _physics_process: ENTER, state=4
[DIAG] _physics_process: camera target set to character (state: 4)
[DIAG] _physics_process: ENTER, state=4
[DIAG] _physics_process: camera target set to character (state: 4)
[DIAG] _poll_controls: ENTER, state=4
[VERBATIM] POLL: _poll_controls() entered, game_state=4
[DIAG] _poll_controls: EXIT (LANDED/GAME_OVER)
[DEBUG] _input (build_terrain) called, event=InputEventMouseMotion: button_mask=1 (Left Mouse Button), position=((964.0, 456.0)), relative=((8.0, 21.0)), velocity=((29.61325, 39.48433)), pressure=1.00, tilt=((0.0, 0.0)), pen_inverted=(false)
[AUDIT] _input: ENTER
[AUDIT] _gui_input: ENTER
[DIAG] _physics_process: ENTER, state=4
[DIAG] _physics_process: camera target set to character (state: 4)
[DIAG] _physics_process: ENTER, state=4
[DIAG] _physics_process: camera target set to character (state: 4)
[DIAG] _poll_controls: ENTER, state=4
[VERBATIM] POLL: _poll_controls() entered, game_state=4
[DIAG] _poll_controls: EXIT (LANDED/GAME_OVER)
[DEBUG] _input (build_terrain) called, event=InputEventMouseMotion: button_mask=1 (Left Mouse Button), position=((965.0, 464.0)), relative=((1.0, 8.0)), velocity=((29.61325, 39.48433)), pressure=1.00, tilt=((0.0, 0.0)), pen_inverted=(false)
[AUDIT] _input: ENTER
[AUDIT] _gui_input: ENTER
[DIAG] _physics_process: ENTER, state=4
[DIAG] _physics_process: camera target set to character (state: 4)
[DIAG] _physics_process: ENTER, state=4
[DIAG] _physics_process: camera target set to character (state: 4)
[DIAG] _poll_controls: ENTER, state=4
[VERBATIM] POLL: _poll_controls() entered, game_state=4
[DIAG] _poll_controls: EXIT (LANDED/GAME_OVER)
[DEBUG] _input (build_terrain) called, event=InputEventMouseMotion: button_mask=1 (Left Mouse Button), position=((965.0, 466.0)), relative=((0.0, 2.0)), velocity=((108.0603, 324.1809)), pressure=1.00, tilt=((0.0, 0.0)), pen_inverted=(false)
[AUDIT] _input: ENTER
[AUDIT] _gui_input: ENTER
[DIAG] _physics_process: ENTER, state=4
[DIAG] _physics_process: camera target set to character (state: 4)
[DIAG] _physics_process: ENTER, state=4
[DIAG] _physics_process: camera target set to character (state: 4)
[DIAG] _poll_controls: ENTER, state=4
[VERBATIM] POLL: _poll_controls() entered, game_state=4
[DIAG] _poll_controls: EXIT (LANDED/GAME_OVER)
[DEBUG] _input (build_terrain) called, event=InputEventMouseMotion: button_mask=1 (Left Mouse Button), position=((965.0, 479.0)), relative=((0.0, 13.0)), velocity=((108.0603, 324.1809)), pressure=1.00, tilt=((0.0, 0.0)), pen_inverted=(false)
[AUDIT] _input: ENTER
[AUDIT] _gui_input: ENTER
[DIAG] _physics_process: ENTER, state=4
[DIAG] _physics_process: camera target set to character (state: 4)
[DIAG] _physics_process: ENTER, state=4
[DIAG] _physics_process: camera target set to character (state: 4)
[DIAG] _poll_controls: ENTER, state=4
[VERBATIM] POLL: _poll_controls() entered, game_state=4
[DIAG] _poll_controls: EXIT (LANDED/GAME_OVER)
[DEBUG] _input (build_terrain) called, event=InputEventMouseMotion: button_mask=1 (Left Mouse Button), position=((965.0, 498.0)), relative=((0.0, 19.0)), velocity=((108.0603, 324.1809)), pressure=1.00, tilt=((0.0, 0.0)), pen_inverted=(false)
[AUDIT] _input: ENTER
[AUDIT] _gui_input: ENTER
[DIAG] _physics_process: ENTER, state=4
[DIAG] _physics_process: camera target set to character (state: 4)
[DIAG] _physics_process: ENTER, state=4
[DIAG] _physics_process: camera target set to character (state: 4)
[DIAG] _poll_controls: ENTER, state=4
[VERBATIM] POLL: _poll_controls() entered, game_state=4
[DIAG] _poll_controls: EXIT (LANDED/GAME_OVER)
[DEBUG] _input (build_terrain) called, event=InputEventMouseMotion: button_mask=1 (Left Mouse Button), position=((965.0, 499.0)), relative=((0.0, 1.0)), velocity=((0.0, 335.8821)), pressure=1.00, tilt=((0.0, 0.0)), pen_inverted=(false)
[AUDIT] _input: ENTER
[AUDIT] _gui_input: ENTER
[DIAG] _physics_process: ENTER, state=4
[DIAG] _physics_process: camera target set to character (state: 4)
[DIAG] _physics_process: ENTER, state=4
[DIAG] _physics_process: camera target set to character (state: 4)
[DIAG] _poll_controls: ENTER, state=4
[VERBATIM] POLL: _poll_controls() entered, game_state=4
[DIAG] _poll_controls: EXIT (LANDED/GAME_OVER)
[DIAG] _physics_process: ENTER, state=4
[DIAG] _physics_process: camera target set to character (state: 4)
[DIAG] _physics_process: ENTER, state=4
[DIAG] _physics_process: camera target set to character (state: 4)
[DIAG] _poll_controls: ENTER, state=4
[VERBATIM] POLL: _poll_controls() entered, game_state=4
[DIAG] _poll_controls: EXIT (LANDED/GAME_OVER)
[DIAG] _physics_process: ENTER, state=4
[DIAG] _physics_process: camera target set to character (state: 4)
[DIAG] _physics_process: ENTER, state=4
[DIAG] _physics_process: camera target set to character (state: 4)
[DIAG] _poll_controls: ENTER, state=4
[VERBATIM] POLL: _poll_controls() entered, game_state=4
[DIAG] _poll_controls: EXIT (LANDED/GAME_OVER)
[DEBUG] _input (build_terrain) called, event=InputEventMouseMotion: button_mask=1 (Left Mouse Button), position=((965.0, 502.0)), relative=((0.0, 3.0)), velocity=((0.0, 9.900599)), pressure=1.00, tilt=((0.0, 0.0)), pen_inverted=(false)
[AUDIT] _input: ENTER
[AUDIT] _gui_input: ENTER
[DIAG] _physics_process: ENTER, state=4
[DIAG] _physics_process: camera target set to character (state: 4)
[DIAG] _physics_process: ENTER, state=4
[DIAG] _physics_process: camera target set to character (state: 4)
[DIAG] _poll_controls: ENTER, state=4
[VERBATIM] POLL: _poll_controls() entered, game_state=4
[DIAG] _poll_controls: EXIT (LANDED/GAME_OVER)
[DEBUG] _input (build_terrain) called, event=InputEventMouseMotion: button_mask=1 (Left Mouse Button), position=((965.0, 504.0)), relative=((0.0, 2.0)), velocity=((0.0, 9.900599)), pressure=1.00, tilt=((0.0, 0.0)), pen_inverted=(false)
[AUDIT] _input: ENTER
[AUDIT] _gui_input: ENTER
[DIAG] _physics_process: ENTER, state=4
[DIAG] _physics_process: camera target set to character (state: 4)
[DIAG] _physics_process: ENTER, state=4
[DIAG] _physics_process: camera target set to character (state: 4)
[DIAG] _poll_controls: ENTER, state=4
[VERBATIM] POLL: _poll_controls() entered, game_state=4
[DIAG] _poll_controls: EXIT (LANDED/GAME_OVER)
[DEBUG] _input (build_terrain) called, event=InputEventMouseMotion: button_mask=1 (Left Mouse Button), position=((965.0, 513.0)), relative=((0.0, 9.0)), velocity=((0.0, 9.900599)), pressure=1.00, tilt=((0.0, 0.0)), pen_inverted=(false)
[AUDIT] _input: ENTER
[AUDIT] _gui_input: ENTER
[DIAG] _physics_process: ENTER, state=4
[DIAG] _physics_process: camera target set to character (state: 4)
[DIAG] _physics_process: ENTER, state=4
[DIAG] _physics_process: camera target set to character (state: 4)
[DIAG] _poll_controls: ENTER, state=4
[VERBATIM] POLL: _poll_controls() entered, game_state=4
[DIAG] _poll_controls: EXIT (LANDED/GAME_OVER)
[DEBUG] _input (build_terrain) called, event=InputEventMouseMotion: button_mask=1 (Left Mouse Button), position=((965.0, 521.0)), relative=((0.0, 8.0)), velocity=((0.0, 139.4714)), pressure=1.00, tilt=((0.0, 0.0)), pen_inverted=(false)
[AUDIT] _input: ENTER
[AUDIT] _gui_input: ENTER
[DIAG] _physics_process: ENTER, state=4
[DIAG] _physics_process: camera target set to character (state: 4)
[DIAG] _physics_process: ENTER, state=4
[DIAG] _physics_process: camera target set to character (state: 4)
[DIAG] _poll_controls: ENTER, state=4
[VERBATIM] POLL: _poll_controls() entered, game_state=4
[DIAG] _poll_controls: EXIT (LANDED/GAME_OVER)
[DIAG] _physics_process: ENTER, state=4
[DIAG] _physics_process: camera target set to character (state: 4)
[DIAG] _physics_process: ENTER, state=4
[DIAG] _physics_process: camera target set to character (state: 4)
[DIAG] _poll_controls: ENTER, state=4
[VERBATIM] POLL: _poll_controls() entered, game_state=4
[DIAG] _poll_controls: EXIT (LANDED/GAME_OVER)
[VERBATIM] Wind updated: 12.5 kts @ 240.0°
[DEBUG] _input (build_terrain) called, event=InputEventMouseMotion: button_mask=1 (Left Mouse Button), position=((967.0, 528.0)), relative=((2.0, 7.0)), velocity=((0.0, 139.4714)), pressure=1.00, tilt=((0.0, 0.0)), pen_inverted=(false)
[AUDIT] _input: ENTER
[AUDIT] _gui_input: ENTER
[DIAG] _physics_process: ENTER, state=4
[DIAG] _physics_process: camera target set to character (state: 4)
[DIAG] _physics_process: ENTER, state=4
[DIAG] _physics_process: camera target set to character (state: 4)
[DIAG] _poll_controls: ENTER, state=4
[VERBATIM] POLL: _poll_controls() entered, game_state=4
[DIAG] _poll_controls: EXIT (LANDED/GAME_OVER)
[DEBUG] _input (build_terrain) called, event=InputEventMouseMotion: button_mask=1 (Left Mouse Button), position=((969.0, 538.0)), relative=((2.0, 10.0)), velocity=((19.8277, 148.7077)), pressure=1.00, tilt=((0.0, 0.0)), pen_inverted=(false)
[AUDIT] _input: ENTER
[AUDIT] _gui_input: ENTER
[DIAG] _physics_process: ENTER, state=4
[DIAG] _physics_process: camera target set to character (state: 4)
[GLIDE],31.0999999999995,0.0,0.0,0.0,0.0,11.0,0.0,109.457504384259,4.23076923076923,2.6,788.30078125,576.140686035156,0.0
[DIAG] _physics_process: ENTER, state=4
[DIAG] _physics_process: camera target set to character (state: 4)
[DIAG] _poll_controls: ENTER, state=4
[VERBATIM] POLL: _poll_controls() entered, game_state=4
[DIAG] _poll_controls: EXIT (LANDED/GAME_OVER)
[DEBUG] _input (build_terrain) called, event=InputEventMouseMotion: button_mask=1 (Left Mouse Button), position=((971.0, 553.0)), relative=((2.0, 15.0)), velocity=((19.8277, 148.7077)), pressure=1.00, tilt=((0.0, 0.0)), pen_inverted=(false)
[AUDIT] _input: ENTER
[AUDIT] _gui_input: ENTER
[DIAG] _physics_process: ENTER, state=4
[DIAG] _physics_process: camera target set to character (state: 4)
[DIAG] _physics_process: ENTER, state=4
[DIAG] _physics_process: camera target set to character (state: 4)
[DIAG] _poll_controls: ENTER, state=4
[VERBATIM] POLL: _poll_controls() entered, game_state=4
[DIAG] _poll_controls: EXIT (LANDED/GAME_OVER)
[DEBUG] _input (build_terrain) called, event=InputEventMouseMotion: button_mask=1 (Left Mouse Button), position=((979.0, 578.0)), relative=((8.0, 25.0)), velocity=((19.8277, 148.7077)), pressure=1.00, tilt=((0.0, 0.0)), pen_inverted=(false)
[AUDIT] _input: ENTER
[AUDIT] _gui_input: ENTER
[DIAG] _physics_process: ENTER, state=4
[DIAG] _physics_process: camera target set to character (state: 4)
[DIAG] _physics_process: ENTER, state=4
[DIAG] _physics_process: camera target set to character (state: 4)
[DIAG] _poll_controls: ENTER, state=4
[VERBATIM] POLL: _poll_controls() entered, game_state=4
[DIAG] _poll_controls: EXIT (LANDED/GAME_OVER)
[DEBUG] _input (build_terrain) called, event=InputEventMouseMotion: button_mask=1 (Left Mouse Button), position=((983.0, 594.0)), relative=((4.0, 16.0)), velocity=((119.4089, 497.5372)), pressure=1.00, tilt=((0.0, 0.0)), pen_inverted=(false)
[AUDIT] _input: ENTER
[AUDIT] _gui_input: ENTER
[DIAG] _physics_process: ENTER, state=4
[DIAG] _physics_process: camera target set to character (state: 4)
[DIAG] _physics_process: ENTER, state=4
[DIAG] _physics_process: camera target set to character (state: 4)
[DIAG] _physics_process: ENTER, state=4
[DIAG] _physics_process: camera target set to character (state: 4)
[DIAG] _poll_controls: ENTER, state=4
[VERBATIM] POLL: _poll_controls() entered, game_state=4
[DIAG] _poll_controls: EXIT (LANDED/GAME_OVER)
[DEBUG] _input (build_terrain) called, event=InputEventMouseMotion: button_mask=1 (Left Mouse Button), position=((984.0, 601.0)), relative=((1.0, 7.0)), velocity=((119.4089, 497.5372)), pressure=1.00, tilt=((0.0, 0.0)), pen_inverted=(false)
[AUDIT] _input: ENTER
[AUDIT] _gui_input: ENTER
[DIAG] _physics_process: ENTER, state=4
[DIAG] _physics_process: camera target set to character (state: 4)
[DIAG] _physics_process: ENTER, state=4
[DIAG] _physics_process: camera target set to character (state: 4)
[DIAG] _poll_controls: ENTER, state=4
[VERBATIM] POLL: _poll_controls() entered, game_state=4
[DIAG] _poll_controls: EXIT (LANDED/GAME_OVER)
[DEBUG] _input (build_terrain) called, event=InputEventMouseMotion: button_mask=1 (Left Mouse Button), position=((984.0, 602.0)), relative=((0.0, 1.0)), velocity=((119.4089, 497.5372)), pressure=1.00, tilt=((0.0, 0.0)), pen_inverted=(false)
[AUDIT] _input: ENTER
[AUDIT] _gui_input: ENTER
[DIAG] _physics_process: ENTER, state=4
[DIAG] _physics_process: camera target set to character (state: 4)
[DIAG] _physics_process: ENTER, state=4
[DIAG] _physics_process: camera target set to character (state: 4)
[DIAG] _poll_controls: ENTER, state=4
[VERBATIM] POLL: _poll_controls() entered, game_state=4
[DIAG] _poll_controls: EXIT (LANDED/GAME_OVER)
[DEBUG] _input (build_terrain) called, event=InputEventMouseMotion: button_mask=1 (Left Mouse Button), position=((984.0, 604.0)), relative=((0.0, 2.0)), velocity=((49.60514, 238.1047)), pressure=1.00, tilt=((0.0, 0.0)), pen_inverted=(false)
[AUDIT] _input: ENTER
[AUDIT] _gui_input: ENTER
[DIAG] _physics_process: ENTER, state=4
[DIAG] _physics_process: camera target set to character (state: 4)
[PIPLIVE] eye=(790.5479, 1721.136, 575.3464) state=4 deployed=true framing=canopy
[DIAG] _physics_process: ENTER, state=4
[DIAG] _physics_process: camera target set to character (state: 4)
[DIAG] _poll_controls: ENTER, state=4
[VERBATIM] POLL: _poll_controls() entered, game_state=4
[DIAG] _poll_controls: EXIT (LANDED/GAME_OVER)
[DEBUG] _input (build_terrain) called, event=InputEventMouseMotion: button_mask=1 (Left Mouse Button), position=((984.0, 605.0)), relative=((0.0, 1.0)), velocity=((49.60514, 238.1047)), pressure=1.00, tilt=((0.0, 0.0)), pen_inverted=(false)
[AUDIT] _input: ENTER
[AUDIT] _gui_input: ENTER
[DIAG] _physics_process: ENTER, state=4
[DIAG] _physics_process: camera target set to character (state: 4)
[DIAG] _physics_process: ENTER, state=4
[DIAG] _physics_process: camera target set to character (state: 4)
[DIAG] _poll_controls: ENTER, state=4
[VERBATIM] POLL: _poll_controls() entered, game_state=4
[DIAG] _poll_controls: EXIT (LANDED/GAME_OVER)
[DEBUG] _input (build_terrain) called, event=InputEventMouseMotion: button_mask=1 (Left Mouse Button), position=((984.0, 608.0)), relative=((0.0, 3.0)), velocity=((49.60514, 238.1047)), pressure=1.00, tilt=((0.0, 0.0)), pen_inverted=(false)
[AUDIT] _input: ENTER
[AUDIT] _gui_input: ENTER
[DIAG] _physics_process: ENTER, state=4
[DIAG] _physics_process: camera target set to character (state: 4)
[DIAG] _physics_process: ENTER, state=4
[DIAG] _physics_process: camera target set to character (state: 4)
[DIAG] _poll_controls: ENTER, state=4
[VERBATIM] POLL: _poll_controls() entered, game_state=4
[DIAG] _poll_controls: EXIT (LANDED/GAME_OVER)
[DEBUG] _input (build_terrain) called, event=InputEventMouseMotion: button_mask=1 (Left Mouse Button), position=((984.0, 619.0)), relative=((0.0, 11.0)), velocity=((0.0, 59.35598)), pressure=1.00, tilt=((0.0, 0.0)), pen_inverted=(false)
[AUDIT] _input: ENTER
[AUDIT] _gui_input: ENTER
[DIAG] _physics_process: ENTER, state=4
[DIAG] _physics_process: camera target set to character (state: 4)
[DIAG] _physics_process: ENTER, state=4
[DIAG] _physics_process: camera target set to character (state: 4)
[DIAG] _poll_controls: ENTER, state=4
[VERBATIM] POLL: _poll_controls() entered, game_state=4
[DIAG] _poll_controls: EXIT (LANDED/GAME_OVER)
[DEBUG] _input (build_terrain) called, event=InputEventMouseMotion: button_mask=1 (Left Mouse Button), position=((984.0, 626.0)), relative=((0.0, 7.0)), velocity=((0.0, 59.35598)), pressure=1.00, tilt=((0.0, 0.0)), pen_inverted=(false)
[AUDIT] _input: ENTER
[AUDIT] _gui_input: ENTER
[DIAG] _physics_process: ENTER, state=4
[DIAG] _physics_process: camera target set to character (state: 4)
[DIAG] _physics_process: ENTER, state=4
[DIAG] _physics_process: camera target set to character (state: 4)
[DIAG] _poll_controls: ENTER, state=4
[VERBATIM] POLL: _poll_controls() entered, game_state=4
[DIAG] _poll_controls: EXIT (LANDED/GAME_OVER)
[DEBUG] _input (build_terrain) called, event=InputEventMouseMotion: button_mask=1 (Left Mouse Button), position=((984.0, 628.0)), relative=((0.0, 2.0)), velocity=((0.0, 59.35598)), pressure=1.00, tilt=((0.0, 0.0)), pen_inverted=(false)
[AUDIT] _input: ENTER
[AUDIT] _gui_input: ENTER
[DIAG] _physics_process: ENTER, state=4
[DIAG] _physics_process: camera target set to character (state: 4)
[DIAG] _physics_process: ENTER, state=4
[DIAG] _physics_process: camera target set to character (state: 4)
[DIAG] _poll_controls: ENTER, state=4
[VERBATIM] POLL: _poll_controls() entered, game_state=4
[DIAG] _poll_controls: EXIT (LANDED/GAME_OVER)
[DEBUG] _input (build_terrain) called, event=InputEventMouseMotion: button_mask=1 (Left Mouse Button), position=((984.0, 629.0)), relative=((0.0, 1.0)), velocity=((0.0, 198.2848)), pressure=1.00, tilt=((0.0, 0.0)), pen_inverted=(false)
[AUDIT] _input: ENTER
[AUDIT] _gui_input: ENTER
[DIAG] _physics_process: ENTER, state=4
[DIAG] _physics_process: camera target set to character (state: 4)
[DIAG] _physics_process: ENTER, state=4
[DIAG] _physics_process: camera target set to character (state: 4)
[DIAG] _poll_controls: ENTER, state=4
[VERBATIM] POLL: _poll_controls() entered, game_state=4
[DIAG] _poll_controls: EXIT (LANDED/GAME_OVER)
[DEBUG] _input (build_terrain) called, event=InputEventMouseMotion: button_mask=1 (Left Mouse Button), position=((984.0, 633.0)), relative=((0.0, 4.0)), velocity=((0.0, 198.2848)), pressure=1.00, tilt=((0.0, 0.0)), pen_inverted=(false)
[AUDIT] _input: ENTER
[AUDIT] _gui_input: ENTER
[DIAG] _physics_process: ENTER, state=4
[DIAG] _physics_process: camera target set to character (state: 4)
[DIAG] _physics_process: ENTER, state=4
[DIAG] _physics_process: camera target set to character (state: 4)
[DIAG] _poll_controls: ENTER, state=4
[VERBATIM] POLL: _poll_controls() entered, game_state=4
[DIAG] _poll_controls: EXIT (LANDED/GAME_OVER)
[DEBUG] _input (build_terrain) called, event=InputEventMouseMotion: button_mask=1 (Left Mouse Button), position=((984.0, 634.0)), relative=((0.0, 1.0)), velocity=((0.0, 198.2848)), pressure=1.00, tilt=((0.0, 0.0)), pen_inverted=(false)
[AUDIT] _input: ENTER
[AUDIT] _gui_input: ENTER
[DIAG] _physics_process: ENTER, state=4
[DIAG] _physics_process: camera target set to character (state: 4)
[DIAG] _physics_process: ENTER, state=4
[DIAG] _physics_process: camera target set to character (state: 4)
[DIAG] _poll_controls: ENTER, state=4
[VERBATIM] POLL: _poll_controls() entered, game_state=4
[DIAG] _poll_controls: EXIT (LANDED/GAME_OVER)
[DEBUG] _input (build_terrain) called, event=InputEventMouseMotion: button_mask=1 (Left Mouse Button), position=((984.0, 635.0)), relative=((0.0, 1.0)), velocity=((0.0, 59.37537)), pressure=1.00, tilt=((0.0, 0.0)), pen_inverted=(false)
[AUDIT] _input: ENTER
[AUDIT] _gui_input: ENTER
[DIAG] _physics_process: ENTER, state=4
[DIAG] _physics_process: camera target set to character (state: 4)
[GLIDE],31.6166666666662,0.0,0.0,0.0,0.0,11.0,0.0,109.457504384259,4.23076923076923,2.6,793.6591796875,574.246704101562,0.0
[DIAG] _physics_process: ENTER, state=4
[DIAG] _physics_process: camera target set to character (state: 4)
[DIAG] _poll_controls: ENTER, state=4
[VERBATIM] POLL: _poll_controls() entered, game_state=4
[DIAG] _poll_controls: EXIT (LANDED/GAME_OVER)
[DIAG] _physics_process: ENTER, state=4
[DIAG] _physics_process: camera target set to character (state: 4)
[DIAG] _physics_process: ENTER, state=4
[DIAG] _physics_process: camera target set to character (state: 4)
[DIAG] _poll_controls: ENTER, state=4
[VERBATIM] POLL: _poll_controls() entered, game_state=4
[DIAG] _poll_controls: EXIT (LANDED/GAME_OVER)
[DIAG] _physics_process: ENTER, state=4
[DIAG] _physics_process: camera target set to character (state: 4)
[DIAG] _physics_process: ENTER, state=4
[DIAG] _physics_process: camera target set to character (state: 4)
[DIAG] _poll_controls: ENTER, state=4
[VERBATIM] POLL: _poll_controls() entered, game_state=4
[DIAG] _poll_controls: EXIT (LANDED/GAME_OVER)
[DEBUG] _input (build_terrain) called, event=InputEventMouseMotion: button_mask=1 (Left Mouse Button), position=((984.0, 634.0)), relative=((0.0, -1.0)), velocity=((0.0, 9.940852)), pressure=1.00, tilt=((0.0, 0.0)), pen_inverted=(false)
[AUDIT] _input: ENTER
[AUDIT] _gui_input: ENTER
[DIAG] _physics_process: ENTER, state=4
[DIAG] _physics_process: camera target set to character (state: 4)
[DIAG] _physics_process: ENTER, state=4
[DIAG] _physics_process: camera target set to character (state: 4)
[DIAG] _poll_controls: ENTER, state=4
[VERBATIM] POLL: _poll_controls() entered, game_state=4
[DIAG] _poll_controls: EXIT (LANDED/GAME_OVER)
[DEBUG] _input (build_terrain) called, event=InputEventMouseMotion: button_mask=1 (Left Mouse Button), position=((979.0, 620.0)), relative=((-5.0, -14.0)), velocity=((0.0, 9.940852)), pressure=1.00, tilt=((0.0, 0.0)), pen_inverted=(false)
[AUDIT] _input: ENTER
[AUDIT] _gui_input: ENTER
[DIAG] _physics_process: ENTER, state=4
[DIAG] _physics_process: camera target set to character (state: 4)
[DIAG] _physics_process: ENTER, state=4
[DIAG] _physics_process: camera target set to character (state: 4)
[DIAG] _poll_controls: ENTER, state=4
[VERBATIM] POLL: _poll_controls() entered, game_state=4
[DIAG] _poll_controls: EXIT (LANDED/GAME_OVER)
[DEBUG] _input (build_terrain) called, event=InputEventMouseMotion: button_mask=1 (Left Mouse Button), position=((973.0, 607.0)), relative=((-6.0, -13.0)), velocity=((0.0, 9.940852)), pressure=1.00, tilt=((0.0, 0.0)), pen_inverted=(false)
[AUDIT] _input: ENTER
[AUDIT] _gui_input: ENTER
[DIAG] _physics_process: ENTER, state=4
[DIAG] _physics_process: camera target set to character (state: 4)
[DIAG] _physics_process: ENTER, state=4
[DIAG] _physics_process: camera target set to character (state: 4)
[DIAG] _poll_controls: ENTER, state=4
[VERBATIM] POLL: _poll_controls() entered, game_state=4
[DIAG] _poll_controls: EXIT (LANDED/GAME_OVER)
[DEBUG] _input (build_terrain) called, event=InputEventMouseMotion: button_mask=1 (Left Mouse Button), position=((970.0, 600.0)), relative=((-3.0, -7.0)), velocity=((-107.5637, -273.7985)), pressure=1.00, tilt=((0.0, 0.0)), pen_inverted=(false)
[AUDIT] _input: ENTER
[AUDIT] _gui_input: ENTER
[DIAG] _physics_process: ENTER, state=4
[DIAG] _physics_process: camera target set to character (state: 4)
[DIAG] _physics_process: ENTER, state=4
[DIAG] _physics_process: camera target set to character (state: 4)
[DIAG] _poll_controls: ENTER, state=4
[VERBATIM] POLL: _poll_controls() entered, game_state=4
[DIAG] _poll_controls: EXIT (LANDED/GAME_OVER)
[DIAG] _physics_process: ENTER, state=4
[DIAG] _physics_process: camera target set to character (state: 4)
[DIAG] _physics_process: ENTER, state=4
[DIAG] _physics_process: camera target set to character (state: 4)
[DIAG] _poll_controls: ENTER, state=4
[VERBATIM] POLL: _poll_controls() entered, game_state=4
[DIAG] _poll_controls: EXIT (LANDED/GAME_OVER)
[DEBUG] _input (build_terrain) called, event=InputEventMouseMotion: button_mask=1 (Left Mouse Button), position=((958.0, 600.0)), relative=((-12.0, 0.0)), velocity=((-107.5637, -273.7985)), pressure=1.00, tilt=((0.0, 0.0)), pen_inverted=(false)
[AUDIT] _input: ENTER
[AUDIT] _gui_input: ENTER
[DIAG] _physics_process: ENTER, state=4
[DIAG] _physics_process: camera target set to character (state: 4)
[DIAG] _physics_process: ENTER, state=4
[DIAG] _physics_process: camera target set to character (state: 4)
[DIAG] _poll_controls: ENTER, state=4
[VERBATIM] POLL: _poll_controls() entered, game_state=4
[DIAG] _poll_controls: EXIT (LANDED/GAME_OVER)
[DEBUG] _input (build_terrain) called, event=InputEventMouseMotion: button_mask=1 (Left Mouse Button), position=((899.0, 588.0)), relative=((-59.0, -12.0)), velocity=((-149.1246, -69.5915)), pressure=1.00, tilt=((0.0, 0.0)), pen_inverted=(false)
[AUDIT] _input: ENTER
[AUDIT] _gui_input: ENTER
[DIAG] _physics_process: ENTER, state=4
[DIAG] _physics_process: camera target set to character (state: 4)
[DIAG] _physics_process: ENTER, state=4
[DIAG] _physics_process: camera target set to character (state: 4)
[DIAG] _poll_controls: ENTER, state=4
[VERBATIM] POLL: _poll_controls() entered, game_state=4
[DIAG] _poll_controls: EXIT (LANDED/GAME_OVER)
[DEBUG] _input (build_terrain) called, event=InputEventMouseMotion: button_mask=1 (Left Mouse Button), position=((891.0, 587.0)), relative=((-8.0, -1.0)), velocity=((-149.1246, -69.5915)), pressure=1.00, tilt=((0.0, 0.0)), pen_inverted=(false)
[AUDIT] _input: ENTER
[AUDIT] _gui_input: ENTER
[DIAG] _physics_process: ENTER, state=4
[DIAG] _physics_process: camera target set to character (state: 4)
[DIAG] _physics_process: ENTER, state=4
[DIAG] _physics_process: camera target set to character (state: 4)
[AUDIT] _poll_fast: ENTER
[DIAG] _poll_controls: ENTER, state=4
[VERBATIM] POLL: _poll_controls() entered, game_state=4
[DIAG] _poll_controls: EXIT (LANDED/GAME_OVER)
[DIAG] _physics_process: ENTER, state=4
[DIAG] _physics_process: camera target set to character (state: 4)
[DIAG] _physics_process: ENTER, state=4
[DIAG] _physics_process: camera target set to character (state: 4)
[DIAG] _poll_controls: ENTER, state=4
[VERBATIM] POLL: _poll_controls() entered, game_state=4
[DIAG] _poll_controls: EXIT (LANDED/GAME_OVER)
[DEBUG] _input (build_terrain) called, event=InputEventMouseMotion: button_mask=1 (Left Mouse Button), position=((888.0, 587.0)), relative=((-3.0, 0.0)), velocity=((-662.3171, -128.5093)), pressure=1.00, tilt=((0.0, 0.0)), pen_inverted=(false)
[AUDIT] _input: ENTER
[AUDIT] _gui_input: ENTER
[DIAG] _physics_process: ENTER, state=4
[DIAG] _physics_process: camera target set to character (state: 4)
[DIAG] _physics_process: ENTER, state=4
[DIAG] _physics_process: camera target set to character (state: 4)
[DIAG] _poll_controls: ENTER, state=4
[VERBATIM] POLL: _poll_controls() entered, game_state=4
[DIAG] _poll_controls: EXIT (LANDED/GAME_OVER)
[VERBATIM] Wind updated: 12.5 kts @ 240.0°
[DIAG] _physics_process: ENTER, state=4
[DIAG] _physics_process: camera target set to character (state: 4)
[DIAG] _physics_process: ENTER, state=4
[DIAG] _physics_process: camera target set to character (state: 4)
[DIAG] _poll_controls: ENTER, state=4
[VERBATIM] POLL: _poll_controls() entered, game_state=4
[DIAG] _poll_controls: EXIT (LANDED/GAME_OVER)
[DIAG] _physics_process: ENTER, state=4
[DIAG] _physics_process: camera target set to character (state: 4)
[DIAG] _physics_process: ENTER, state=4
[DIAG] _physics_process: camera target set to character (state: 4)
[DIAG] _poll_controls: ENTER, state=4
[VERBATIM] POLL: _poll_controls() entered, game_state=4
[DIAG] _poll_controls: EXIT (LANDED/GAME_OVER)
[DIAG] _physics_process: ENTER, state=4
[DIAG] _physics_process: camera target set to character (state: 4)
[DIAG] _physics_process: ENTER, state=4
[DIAG] _physics_process: camera target set to character (state: 4)
[GLIDE],32.1333333333328,0.0,0.0,0.0,0.0,11.0,0.0,109.457504384259,4.23076923076923,2.6,799.017578125,572.352722167969,0.0
[DIAG] _poll_controls: ENTER, state=4
[VERBATIM] POLL: _poll_controls() entered, game_state=4
[DIAG] _poll_controls: EXIT (LANDED/GAME_OVER)
[AUDIT] _on_stats_completed: ENTER
[AUDIT] _on_leader_completed: ENTER
[AUDIT] _mklabel: ENTER
[DIAG] _physics_process: ENTER, state=4
[DIAG] _physics_process: camera target set to character (state: 4)
[DIAG] _physics_process: ENTER, state=4
[DIAG] _physics_process: camera target set to character (state: 4)
[DIAG] _poll_controls: ENTER, state=4
[VERBATIM] POLL: _poll_controls() entered, game_state=4
[DIAG] _poll_controls: EXIT (LANDED/GAME_OVER)
[DIAG] _physics_process: ENTER, state=4
[DIAG] _physics_process: camera target set to character (state: 4)
[DIAG] _physics_process: ENTER, state=4
[DIAG] _physics_process: camera target set to character (state: 4)
[DIAG] _poll_controls: ENTER, state=4
[VERBATIM] POLL: _poll_controls() entered, game_state=4
[DIAG] _poll_controls: EXIT (LANDED/GAME_OVER)
[DEBUG] _input (build_terrain) called, event=InputEventMouseMotion: button_mask=1 (Left Mouse Button), position=((897.0, 586.0)), relative=((9.0, -1.0)), velocity=((-14.88671, 0.0)), pressure=1.00, tilt=((0.0, 0.0)), pen_inverted=(false)
[AUDIT] _input: ENTER
[AUDIT] _gui_input: ENTER
[DIAG] _physics_process: ENTER, state=4
[DIAG] _physics_process: camera target set to character (state: 4)
[DIAG] _physics_process: ENTER, state=4
[DIAG] _physics_process: camera target set to character (state: 4)
[DIAG] _poll_controls: ENTER, state=4
[VERBATIM] POLL: _poll_controls() entered, game_state=4
[DIAG] _poll_controls: EXIT (LANDED/GAME_OVER)
[DEBUG] _input (build_terrain) called, event=InputEventMouseMotion: button_mask=1 (Left Mouse Button), position=((918.0, 585.0)), relative=((21.0, -1.0)), velocity=((-14.88671, 0.0)), pressure=1.00, tilt=((0.0, 0.0)), pen_inverted=(false)
[AUDIT] _input: ENTER
[AUDIT] _gui_input: ENTER
[DIAG] _physics_process: ENTER, state=4
[DIAG] _physics_process: camera target set to character (state: 4)
[DIAG] _physics_process: ENTER, state=4
[DIAG] _physics_process: camera target set to character (state: 4)
[DIAG] _poll_controls: ENTER, state=4
[VERBATIM] POLL: _poll_controls() entered, game_state=4
[DIAG] _poll_controls: EXIT (LANDED/GAME_OVER)
[DEBUG] _input (build_terrain) called, event=InputEventMouseMotion: button_mask=1 (Left Mouse Button), position=((940.0, 578.0)), relative=((22.0, -7.0)), velocity=((-14.88671, 0.0)), pressure=1.00, tilt=((0.0, 0.0)), pen_inverted=(false)
[AUDIT] _input: ENTER
[AUDIT] _gui_input: ENTER
[DIAG] _physics_process: ENTER, state=4
[DIAG] _physics_process: camera target set to character (state: 4)
[DIAG] _physics_process: ENTER, state=4
[DIAG] _physics_process: camera target set to character (state: 4)
[DIAG] _poll_controls: ENTER, state=4
[VERBATIM] POLL: _poll_controls() entered, game_state=4
[DIAG] _poll_controls: EXIT (LANDED/GAME_OVER)
[DEBUG] _input (build_terrain) called, event=InputEventMouseMotion: button_mask=1 (Left Mouse Button), position=((943.0, 578.0)), relative=((3.0, 0.0)), velocity=((516.4366, -89.38326)), pressure=1.00, tilt=((0.0, 0.0)), pen_inverted=(false)
[AUDIT] _input: ENTER
[AUDIT] _gui_input: ENTER
[DIAG] _physics_process: ENTER, state=4
[DIAG] _physics_process: camera target set to character (state: 4)
[DIAG] _physics_process: ENTER, state=4
[DIAG] _physics_process: camera target set to character (state: 4)
[DIAG] _poll_controls: ENTER, state=4
[VERBATIM] POLL: _poll_controls() entered, game_state=4
[DIAG] _poll_controls: EXIT (LANDED/GAME_OVER)
[DIAG] _physics_process: ENTER, state=4
[DIAG] _physics_process: camera target set to character (state: 4)
[DIAG] _physics_process: ENTER, state=4
[DIAG] _physics_process: camera target set to character (state: 4)
[DIAG] _poll_controls: ENTER, state=4
[VERBATIM] POLL: _poll_controls() entered, game_state=4
[DIAG] _poll_controls: EXIT (LANDED/GAME_OVER)
[DIAG] _physics_process: ENTER, state=4
[DIAG] _physics_process: camera target set to character (state: 4)
[DIAG] _physics_process: ENTER, state=4
[DIAG] _physics_process: camera target set to character (state: 4)
[DIAG] _poll_controls: ENTER, state=4
[VERBATIM] POLL: _poll_controls() entered, game_state=4
[DIAG] _poll_controls: EXIT (LANDED/GAME_OVER)
[DIAG] _physics_process: ENTER, state=4
[DIAG] _physics_process: camera target set to character (state: 4)
[DIAG] _physics_process: ENTER, state=4
[DIAG] _physics_process: camera target set to character (state: 4)
[DIAG] _poll_controls: ENTER, state=4
[VERBATIM] POLL: _poll_controls() entered, game_state=4
[DIAG] _poll_controls: EXIT (LANDED/GAME_OVER)
[DIAG] _physics_process: ENTER, state=4
[DIAG] _physics_process: camera target set to character (state: 4)
[DIAG] _physics_process: ENTER, state=4
[DIAG] _physics_process: camera target set to character (state: 4)
[DIAG] _poll_controls: ENTER, state=4
[VERBATIM] POLL: _poll_controls() entered, game_state=4
[DIAG] _poll_controls: EXIT (LANDED/GAME_OVER)
[DIAG] _physics_process: ENTER, state=4
[DIAG] _physics_process: camera target set to character (state: 4)
[DIAG] _physics_process: ENTER, state=4
[DIAG] _physics_process: camera target set to character (state: 4)
[DIAG] _poll_controls: ENTER, state=4
[VERBATIM] POLL: _poll_controls() entered, game_state=4
[DIAG] _poll_controls: EXIT (LANDED/GAME_OVER)
[DIAG] _physics_process: ENTER, state=4
[DIAG] _physics_process: camera target set to character (state: 4)
[DIAG] _physics_process: ENTER, state=4
[DIAG] _physics_process: camera target set to character (state: 4)
[DIAG] _poll_controls: ENTER, state=4
[VERBATIM] POLL: _poll_controls() entered, game_state=4
[DIAG] _poll_controls: EXIT (LANDED/GAME_OVER)
[DIAG] _physics_process: ENTER, state=4
[DIAG] _physics_process: camera target set to character (state: 4)
[DIAG] _physics_process: ENTER, state=4
[DIAG] _physics_process: camera target set to character (state: 4)
[DIAG] _poll_controls: ENTER, state=4
[VERBATIM] POLL: _poll_controls() entered, game_state=4
[DIAG] _poll_controls: EXIT (LANDED/GAME_OVER)
[DEBUG] _input (build_terrain) called, event=InputEventMouseButton: button_index=1, mods=none, pressed=false, canceled=false, position=((943.0, 578.0)), button_mask=0, double_click=false
[AUDIT] _input: ENTER
[AUDIT] _gui_input: ENTER
[DEBUG] _input (build_terrain) called, event=InputEventMouseMotion: button_mask=0, position=((938.0, 578.0)), relative=((-5.0, 0.0)), velocity=((11.17422, 0.0)), pressure=0.00, tilt=((0.0, 0.0)), pen_inverted=(false)
[AUDIT] _input: ENTER
[AUDIT] _gui_input: ENTER
[DIAG] _physics_process: ENTER, state=4
[DIAG] _physics_process: camera target set to character (state: 4)
[DIAG] _physics_process: ENTER, state=4
[DIAG] _physics_process: camera target set to character (state: 4)
[DIAG] _poll_controls: ENTER, state=4
[VERBATIM] POLL: _poll_controls() entered, game_state=4
[DIAG] _poll_controls: EXIT (LANDED/GAME_OVER)
[DEBUG] _input (build_terrain) called, event=InputEventMouseMotion: button_mask=0, position=((903.0, 601.0)), relative=((-35.0, 23.0)), velocity=((11.17422, 0.0)), pressure=0.00, tilt=((0.0, 0.0)), pen_inverted=(false)
[AUDIT] _input: ENTER
[AUDIT] _gui_input: ENTER
[DIAG] _physics_process: ENTER, state=4
[DIAG] _physics_process: camera target set to character (state: 4)
[DIAG] _physics_process: ENTER, state=4
[DIAG] _physics_process: camera target set to character (state: 4)
[DIAG] _poll_controls: ENTER, state=4
[VERBATIM] POLL: _poll_controls() entered, game_state=4
[DIAG] _poll_controls: EXIT (LANDED/GAME_OVER)
[DEBUG] _input (build_terrain) called, event=InputEventMouseMotion: button_mask=0, position=((878.0, 604.0)), relative=((-25.0, 3.0)), velocity=((11.17422, 0.0)), pressure=0.00, tilt=((0.0, 0.0)), pen_inverted=(false)
[AUDIT] _input: ENTER
[AUDIT] _gui_input: ENTER
[DIAG] _physics_process: ENTER, state=4
[DIAG] _physics_process: camera target set to character (state: 4)
[GLIDE],32.6499999999994,0.0,0.0,0.0,0.0,11.0,0.0,109.457504384259,4.23076923076923,2.6,804.3759765625,570.458740234375,0.0
[DIAG] _physics_process: ENTER, state=4
[DIAG] _physics_process: camera target set to character (state: 4)
[DIAG] _poll_controls: ENTER, state=4
[VERBATIM] POLL: _poll_controls() entered, game_state=4
[DIAG] _poll_controls: EXIT (LANDED/GAME_OVER)
[DEBUG] _input (build_terrain) called, event=InputEventMouseMotion: button_mask=0, position=((793.0, 610.0)), relative=((-85.0, 6.0)), velocity=((-648.7414, 259.4966)), pressure=0.00, tilt=((0.0, 0.0)), pen_inverted=(false)
[AUDIT] _input: ENTER
[AUDIT] _gui_input: ENTER
[DIAG] _physics_process: ENTER, state=4
[DIAG] _physics_process: camera target set to character (state: 4)
[DIAG] _physics_process: ENTER, state=4
[DIAG] _physics_process: camera target set to character (state: 4)
[DIAG] _poll_controls: ENTER, state=4
[VERBATIM] POLL: _poll_controls() entered, game_state=4
[DIAG] _poll_controls: EXIT (LANDED/GAME_OVER)
[DEBUG] _input (build_terrain) called, event=InputEventMouseMotion: button_mask=0, position=((645.0, 610.0)), relative=((-148.0, 0.0)), velocity=((-648.7414, 259.4966)), pressure=0.00, tilt=((0.0, 0.0)), pen_inverted=(false)
[AUDIT] _input: ENTER
[AUDIT] _gui_input: ENTER
[DIAG] _physics_process: ENTER, state=4
[DIAG] _physics_process: camera target set to character (state: 4)
[DIAG] _physics_process: ENTER, state=4
[DIAG] _physics_process: camera target set to character (state: 4)
[DIAG] _poll_controls: ENTER, state=4
[VERBATIM] POLL: _poll_controls() entered, game_state=4
[DIAG] _poll_controls: EXIT (LANDED/GAME_OVER)
[DEBUG] _input (build_terrain) called, event=InputEventMouseMotion: button_mask=0, position=((606.0, 608.0)), relative=((-39.0, -2.0)), velocity=((-648.7414, 259.4966)), pressure=0.00, tilt=((0.0, 0.0)), pen_inverted=(false)
[AUDIT] _input: ENTER
[AUDIT] _gui_input: ENTER
[DIAG] _physics_process: ENTER, state=4
[DIAG] _physics_process: camera target set to character (state: 4)
[DIAG] _physics_process: ENTER, state=4
[DIAG] _physics_process: camera target set to character (state: 4)
[DIAG] _poll_controls: ENTER, state=4
[VERBATIM] POLL: _poll_controls() entered, game_state=4
[DIAG] _poll_controls: EXIT (LANDED/GAME_OVER)
[DEBUG] _input (build_terrain) called, event=InputEventMouseMotion: button_mask=0, position=((603.0, 607.0)), relative=((-3.0, -1.0)), velocity=((-2705.525, 39.78714)), pressure=0.00, tilt=((0.0, 0.0)), pen_inverted=(false)
[AUDIT] _input: ENTER
[AUDIT] _gui_input: ENTER
[DIAG] _physics_process: ENTER, state=4
[DIAG] _physics_process: camera target set to character (state: 4)
[DIAG] _physics_process: ENTER, state=4
[DIAG] _physics_process: camera target set to character (state: 4)
[DIAG] _poll_controls: ENTER, state=4
[VERBATIM] POLL: _poll_controls() entered, game_state=4
[DIAG] _poll_controls: EXIT (LANDED/GAME_OVER)
[DEBUG] _input (build_terrain) called, event=InputEventMouseMotion: button_mask=0, position=((598.0, 606.0)), relative=((-5.0, -1.0)), velocity=((-2705.525, 39.78714)), pressure=0.00, tilt=((0.0, 0.0)), pen_inverted=(false)
[AUDIT] _input: ENTER
[AUDIT] _gui_input: ENTER
[DIAG] _physics_process: ENTER, state=4
[DIAG] _physics_process: camera target set to character (state: 4)
[DIAG] _physics_process: ENTER, state=4
[DIAG] _physics_process: camera target set to character (state: 4)
[DIAG] _poll_controls: ENTER, state=4
[VERBATIM] POLL: _poll_controls() entered, game_state=4
[DIAG] _poll_controls: EXIT (LANDED/GAME_OVER)
[DEBUG] _input (build_terrain) called, event=InputEventMouseMotion: button_mask=0, position=((591.0, 606.0)), relative=((-7.0, 0.0)), velocity=((-2705.525, 39.78714)), pressure=0.00, tilt=((0.0, 0.0)), pen_inverted=(false)
[AUDIT] _input: ENTER
[AUDIT] _gui_input: ENTER
[DIAG] _physics_process: ENTER, state=4
[DIAG] _physics_process: camera target set to character (state: 4)
[DIAG] _physics_process: ENTER, state=4
[DIAG] _physics_process: camera target set to character (state: 4)
[DIAG] _poll_controls: ENTER, state=4
[VERBATIM] POLL: _poll_controls() entered, game_state=4
[DIAG] _poll_controls: EXIT (LANDED/GAME_OVER)
[DIAG] _physics_process: ENTER, state=4
[DIAG] _physics_process: camera target set to character (state: 4)
[DIAG] _physics_process: ENTER, state=4
[DIAG] _physics_process: camera target set to character (state: 4)
[DIAG] _poll_controls: ENTER, state=4
[VERBATIM] POLL: _poll_controls() entered, game_state=4
[DIAG] _poll_controls: EXIT (LANDED/GAME_OVER)
[DIAG] _physics_process: ENTER, state=4
[DIAG] _physics_process: camera target set to character (state: 4)
[DIAG] _physics_process: ENTER, state=4
[DIAG] _physics_process: camera target set to character (state: 4)
[DIAG] _poll_controls: ENTER, state=4
[VERBATIM] POLL: _poll_controls() entered, game_state=4
[DIAG] _poll_controls: EXIT (LANDED/GAME_OVER)
[DEBUG] _input (build_terrain) called, event=InputEventMouseMotion: button_mask=0, position=((590.0, 599.0)), relative=((-1.0, -7.0)), velocity=((-87.45845, -11.66113)), pressure=0.00, tilt=((0.0, 0.0)), pen_inverted=(false)
[AUDIT] _input: ENTER
[AUDIT] _gui_input: ENTER
[DIAG] _physics_process: ENTER, state=4
[DIAG] _physics_process: camera target set to character (state: 4)
[DIAG] _physics_process: ENTER, state=4
[DIAG] _physics_process: camera target set to character (state: 4)
[DIAG] _physics_process: ENTER, state=4
[DIAG] _physics_process: camera target set to character (state: 4)
[DIAG] _poll_controls: ENTER, state=4
[VERBATIM] POLL: _poll_controls() entered, game_state=4
[DIAG] _poll_controls: EXIT (LANDED/GAME_OVER)
[DEBUG] _input (build_terrain) called, event=InputEventMouseMotion: button_mask=0, position=((592.0, 586.0)), relative=((2.0, -13.0)), velocity=((-87.45845, -11.66113)), pressure=0.00, tilt=((0.0, 0.0)), pen_inverted=(false)
[AUDIT] _input: ENTER
[AUDIT] _gui_input: ENTER
[DIAG] _physics_process: ENTER, state=4
[DIAG] _physics_process: camera target set to character (state: 4)
[DIAG] _physics_process: ENTER, state=4
[DIAG] _physics_process: camera target set to character (state: 4)
[DIAG] _poll_controls: ENTER, state=4
[VERBATIM] POLL: _poll_controls() entered, game_state=4
[DIAG] _poll_controls: EXIT (LANDED/GAME_OVER)
[DEBUG] _input (build_terrain) called, event=InputEventMouseMotion: button_mask=0, position=((593.0, 573.0)), relative=((1.0, -13.0)), velocity=((-87.45845, -11.66113)), pressure=0.00, tilt=((0.0, 0.0)), pen_inverted=(false)
[AUDIT] _input: ENTER
[AUDIT] _gui_input: ENTER
[DIAG] _physics_process: ENTER, state=4
[DIAG] _physics_process: camera target set to character (state: 4)
[DIAG] _physics_process: ENTER, state=4
[DIAG] _physics_process: camera target set to character (state: 4)
[DIAG] _poll_controls: ENTER, state=4
[VERBATIM] POLL: _poll_controls() entered, game_state=4
[DIAG] _poll_controls: EXIT (LANDED/GAME_OVER)
[VERBATIM] Wind updated: 12.5 kts @ 240.0°
[DEBUG] _input (build_terrain) called, event=InputEventMouseMotion: button_mask=0, position=((593.0, 561.0)), relative=((0.0, -12.0)), velocity=((19.62227, -323.7675)), pressure=0.00, tilt=((0.0, 0.0)), pen_inverted=(false)
[AUDIT] _input: ENTER
[AUDIT] _gui_input: ENTER
[DIAG] _physics_process: ENTER, state=4
[DIAG] _physics_process: camera target set to character (state: 4)
[DIAG] _physics_process: ENTER, state=4
[DIAG] _physics_process: camera target set to character (state: 4)
[DIAG] _poll_controls: ENTER, state=4
[VERBATIM] POLL: _poll_controls() entered, game_state=4
[DIAG] _poll_controls: EXIT (LANDED/GAME_OVER)
[DEBUG] _input (build_terrain) called, event=InputEventMouseMotion: button_mask=0, position=((593.0, 555.0)), relative=((0.0, -6.0)), velocity=((19.62227, -323.7675)), pressure=0.00, tilt=((0.0, 0.0)), pen_inverted=(false)
[AUDIT] _input: ENTER
[AUDIT] _gui_input: ENTER
[DIAG] _physics_process: ENTER, state=4
[DIAG] _physics_process: camera target set to character (state: 4)
[DIAG] _physics_process: ENTER, state=4
[DIAG] _physics_process: camera target set to character (state: 4)
[DIAG] _poll_controls: ENTER, state=4
[VERBATIM] POLL: _poll_controls() entered, game_state=4
[DIAG] _poll_controls: EXIT (LANDED/GAME_OVER)
[DEBUG] _input (build_terrain) called, event=InputEventMouseMotion: button_mask=0, position=((593.0, 551.0)), relative=((0.0, -4.0)), velocity=((19.62227, -323.7675)), pressure=0.00, tilt=((0.0, 0.0)), pen_inverted=(false)
[AUDIT] _input: ENTER
[AUDIT] _gui_input: ENTER
[DIAG] _physics_process: ENTER, state=4
[DIAG] _physics_process: camera target set to character (state: 4)
[DIAG] _physics_process: ENTER, state=4
[DIAG] _physics_process: camera target set to character (state: 4)
[DIAG] _poll_controls: ENTER, state=4
[VERBATIM] POLL: _poll_controls() entered, game_state=4
[DIAG] _poll_controls: EXIT (LANDED/GAME_OVER)
[DEBUG] _input (build_terrain) called, event=InputEventMouseMotion: button_mask=0, position=((593.0, 542.0)), relative=((0.0, -9.0)), velocity=((0.0, -217.8412)), pressure=0.00, tilt=((0.0, 0.0)), pen_inverted=(false)
[AUDIT] _input: ENTER
[AUDIT] _gui_input: ENTER
[DIAG] _physics_process: ENTER, state=4
[DIAG] _physics_process: camera target set to character (state: 4)
[GLIDE],33.1666666666661,0.0,0.0,0.0,0.0,11.0,0.0,109.457504384259,4.23076923076923,2.6,809.734375,568.564758300781,0.0
[DIAG] _physics_process: ENTER, state=4
[DIAG] _physics_process: camera target set to character (state: 4)
[DIAG] _poll_controls: ENTER, state=4
[VERBATIM] POLL: _poll_controls() entered, game_state=4
[DIAG] _poll_controls: EXIT (LANDED/GAME_OVER)
[DIAG] _physics_process: ENTER, state=4
[DIAG] _physics_process: camera target set to character (state: 4)
[DIAG] _physics_process: ENTER, state=4
[DIAG] _physics_process: camera target set to character (state: 4)
[DIAG] _poll_controls: ENTER, state=4
[VERBATIM] POLL: _poll_controls() entered, game_state=4
[DIAG] _poll_controls: EXIT (LANDED/GAME_OVER)
[DEBUG] _input (build_terrain) called, event=InputEventMouseButton: button_index=1, mods=none, pressed=true, canceled=false, position=((593.0, 542.0)), button_mask=1, double_click=false
[AUDIT] _input: ENTER
[AUDIT] _gui_input: ENTER
2026-08-05T15:42:33 [INFO] InputManager ready
2026-08-05T15:42:33 [INFO] InputMap.has_action('restart') = true
[DIAG] _physics_process: ENTER, state=4
[DIAG] _physics_process: camera target set to character (state: 4)
[DIAG] _physics_process: ENTER, state=4
[DIAG] _physics_process: camera target set to character (state: 4)
[DIAG] _poll_controls: ENTER, state=4
[VERBATIM] POLL: _poll_controls() entered, game_state=4
[DIAG] _poll_controls: EXIT (LANDED/GAME_OVER)
[DEBUG] _input (build_terrain) called, event=InputEventMouseMotion: button_mask=1 (Left Mouse Button), position=((593.0, 541.0)), relative=((0.0, -1.0)), velocity=((0.0, -89.49613)), pressure=1.00, tilt=((0.0, 0.0)), pen_inverted=(false)
[AUDIT] _input: ENTER
[AUDIT] _gui_input: ENTER
[DIAG] _physics_process: ENTER, state=4
[DIAG] _physics_process: camera target set to character (state: 4)
[DIAG] _physics_process: ENTER, state=4
[DIAG] _physics_process: camera target set to character (state: 4)
[DIAG] _poll_controls: ENTER, state=4
[VERBATIM] POLL: _poll_controls() entered, game_state=4
[DIAG] _poll_controls: EXIT (LANDED/GAME_OVER)
[DIAG] _physics_process: ENTER, state=4
[DIAG] _physics_process: camera target set to character (state: 4)
[DIAG] _physics_process: ENTER, state=4
[DIAG] _physics_process: camera target set to character (state: 4)
[DIAG] _poll_controls: ENTER, state=4
[VERBATIM] POLL: _poll_controls() entered, game_state=4
[DIAG] _poll_controls: EXIT (LANDED/GAME_OVER)
[DIAG] _physics_process: ENTER, state=4
[DIAG] _physics_process: camera target set to character (state: 4)
[PIPLIVE] eye=(811.4629, 1712.598, 567.9538) state=4 deployed=true framing=canopy
[DIAG] _physics_process: ENTER, state=4
[DIAG] _physics_process: camera target set to character (state: 4)
[DIAG] _poll_controls: ENTER, state=4
[VERBATIM] POLL: _poll_controls() entered, game_state=4
[DIAG] _poll_controls: EXIT (LANDED/GAME_OVER)
[DEBUG] _input (build_terrain) called, event=InputEventMouseButton: button_index=1, mods=none, pressed=false, canceled=false, position=((593.0, 541.0)), button_mask=0, double_click=false
[AUDIT] _input: ENTER
[AUDIT] _gui_input: ENTER
2026-08-05T15:42:33 [INFO] InputManager ready
2026-08-05T15:42:33 [INFO] InputMap.has_action('restart') = true
[DIAG] _physics_process: ENTER, state=4
[DIAG] _physics_process: camera target set to character (state: 4)
[DIAG] _physics_process: ENTER, state=4
[DIAG] _physics_process: camera target set to character (state: 4)
[DIAG] _poll_controls: ENTER, state=4
[VERBATIM] POLL: _poll_controls() entered, game_state=4
[DIAG] _poll_controls: EXIT (LANDED/GAME_OVER)
[DIAG] _physics_process: ENTER, state=4
[DIAG] _physics_process: camera target set to character (state: 4)
[DIAG] _physics_process: ENTER, state=4
[DIAG] _physics_process: camera target set to character (state: 4)
[DIAG] _poll_controls: ENTER, state=4
[VERBATIM] POLL: _poll_controls() entered, game_state=4
[DIAG] _poll_controls: EXIT (LANDED/GAME_OVER)
[DIAG] _physics_process: ENTER, state=4
[DIAG] _physics_process: camera target set to character (state: 4)
[DIAG] _physics_process: ENTER, state=4
[DIAG] _physics_process: camera target set to character (state: 4)
[DIAG] _poll_controls: ENTER, state=4
[VERBATIM] POLL: _poll_controls() entered, game_state=4
[DIAG] _poll_controls: EXIT (LANDED/GAME_OVER)
