Godot Engine v4.6.3.stable.fedora.7d41c59c4 - https://godotengine.org
Inconsistent value (1) for DRI_PRIME. Should be < 1 (GPU devices count). Using: 0
OpenGL API 4.2 (Core Profile) Mesa 25.3.6 - Compatibility - Using Device: Intel - Mesa Intel(R) HD Graphics 4000 (IVB GT2)

[VERBATIM] SqliteDb.gd _ready() called
[VERBATIM] SqliteDb.gd _ready() called
[VERBATIM] SqliteDb.gd _ready() called
[VERBATIM] SqliteDb: _ready started
[VERBATIM] DB OPEN OK /home/owner/Documents/69f7bcc6-1f68-83ea-b9b2-95a4db8629ac/parachute-cfd-game/parachute_mutations.db
[VERBATIM] DB OPEN OK /home/owner/Documents/69f7bcc6-1f68-83ea-b9b2-95a4db8629ac/parachute-cfd-game/parachute_mutations.db
[HealthChecker] Control hierarchy dumped to DB in 1ms
[VERBATIM] DatabaseGuard.gd _ready() called
[VERBATIM] DatabaseGuard: _ready ok=true
[VERBATIM] ResourceThrottle.gd _ready() called
[VERBATIM] ResourceThrottle: table ensured
[VERBATIM] ResourceThrottle: _ready ok=true
[VERBATIM] SqliteWatchdog.gd _ready() called
[VERBATIM] SqliteWatchdog.gd _ready() called
[VERBATIM] SqliteWatchdog.gd _ready() called
[VERBATIM] Watchdog: _ready started
[VERBATIM] Watchdog: started, polling user://screenshots/
[VERBATIM] Watchdog: scan disabled — single-launch screenshot mode
[VERBATIM] Watchdog: _ready completed
[StructuredLogger] WARN: could not open /home/owner/.local/share/godot/app_userdata/Parachute Landing Pattern v314/logs/godot_logs.jsonl — stdout only
[StructuredLogger] sentry_available=false
[VERBATIM] 2026-08-12T13:08:55 GameIntegrity autoload initialized
[VERBATIM] 2026-08-12T13:08:55 Log file: /home/owner/.local/share/godot/app_userdata/Parachute Landing Pattern v314/game_integrity.log
[ALTIMETER] ready: layer=1 visible=true panel.pos=(50.0, 200.0) panel.size=(200.0, 100.0) panel.visible=true
[AUDIT] _ready: ENTER
[HUD_DIAG] _ready called
[HUD_DIAG] is_processing_input()=true is_inside_tree()=true frame=0 process_mode=0
[AUDIT] _resolve_hub_url: ENTER
[AUDIT] _build_ui: ENTER
[AUDIT] _load_saved_position: ENTER
[AUDIT] _mklabel: ENTER
[AUDIT] _mklabel: ENTER
[AUDIT] _mklabel: ENTER
[AUDIT] _mklabel: ENTER
[AUDIT] _mklabel: ENTER
[AUDIT] _mklabel: ENTER
[AUDIT] _mklabel: ENTER
[AUDIT] _mklabel: ENTER
[AUDIT] _mklabel: ENTER
[AUDIT] _poll_fast: ENTER
[AUDIT] _poll_slow: ENTER
Wind field loaded:
  Grid: 31 x 31 x 21
  Spacing: 10.0 m
  Bounds: (0.0, 0.0, 0.0) to (300.0, 300.0, 200.0)
  Velocities: 20181 vectors
[FPANEL] ready. Toggle: F3 / F9 / ` / T (polled in _process, not _input)
[FPANEL_DIAG] is_inside_tree()=true process_mode=0 frame=0 layer=100 visible=false
[CAMERA] Loaded plane camera distance from DB: 215.0
[INIT] Press SPACE to start
[DIAG] _ready: ENTER
[VERBATIM] 2026-08-12T13:08:56 ENTER _ready gate=none
[VERBATIM] Baked colours loaded: 50331648
[VERBATIM] Terrain colour pass ms: 1108 box=4 bake_bytes=50331648
[VERBATIM] Terrain: 1024 vertex-colour, colour=baked_colours_4096.bin, verts: 1048576
[VERBATIM] Runways: placeholder positions disabled pending georef
[DEBUG] _character position after set: (100.0, 1828.8, -100.0)
[DEBUG] _character global_position: (100.0, 1828.8, -100.0)
[VERBATIM] ENTER _load_character gate=none
[VERBATIM] FBX loaded
[DEBUG] FBX instance visible: true
[DEBUG] FBX instance added. Node: parachutist:<Node3D#39191578203>
[DEBUG] Instance position: (0.0, 0.0, 0.0)
[DEBUG] Instance scale: (1.0, 1.0, 1.0)
[DEBUG] Instance visible: true
[DEBUG] _character position: (100.0, 1828.8, -100.0)
[VERBATIM] Left arm bone found index 8
[VERBATIM] Right arm bone found index 32
[VERBATIM] _setup_anim_player: clips=["Take 001", "mixamo_com"]
[VERBATIM] _setup_anim_player: deferring play of mixamo_com
[VERBATIM] RESET animation not available – using fallback
[VERBATIM] EXIT _load_character ok=true
[DIAG] _ready: character loaded
[VERBATIM] [VERBATIM] Creating plane node...
[VERBATIM] [VERBATIM] Plane script attached
[VERBATIM] Cessna model loaded. visible=true scale=(15.0, 15.0, 15.0)
[VERBATIM] [VERBATIM] Plane created at altitude 6000
[DIAG] _ready: plane created, _plane_node=FlyingPlane:<CharacterBody3D#39325795946>
[DEBUG] Plane position: (0.0, 1828.8, 0.0)
[DEBUG] Camera position: (0.0, 1892.337, -205.3974)
[DIAG] _ready: camera positioned
[VERBATIM] Camera attached to root, following plane
[VERBATIM] Drop zone created
[VERBATIM] ENTER _load_faa_obstacles gate=none
[VERBATIM] _load_faa_obstacles read_bytes=9568
[VERBATIM] _load_faa_obstacles obstacle_count=41
[VERBATIM] FAA obstacles loaded: 41
[VERBATIM] EXIT _load_faa_obstacles ok=true placed=41
[VERBATIM] HUD created
[DIAG] _ready: HUD created, _hud_labels size=8
[VERBATIM] Initial heading set to 0.0
[VERBATIM] ENTER _setup_pip_overlay gate=none
[PIP] _ready: size=(320.0, 240.0) position=(10.0, 10.0)
[VERBATIM] PiP canopy path=res://assets/canopy/parachute_sanitized.glb
[VERBATIM] main canopy attached offset=(0,2.5,0) path=res://assets/canopy/parachute_sanitized.glb
[CANOPYSYNC] main canopy attached HIDDEN, awaiting deploy
[VERBATIM] EXIT _setup_pip_overlay ok=true
[VERBATIM] ENTER _init_achievements gate=none
[VERBATIM] Unlocked achievements: ["first_jump", "malfunction_ace"]
[VERBATIM] EXIT _init_achievements ok=true
[VERBATIM] ENTER _init_mission gate=none
[VERBATIM] Mission updated: Training
[VERBATIM] EXIT _init_mission ok=true
[VERBATIM] ENTER _init_leaderboard gate=none
[VERBATIM] EXIT _init_leaderboard ok=true
[VERBATIM] ENTER _init_controller gate=none
[VERBATIM] EXIT _init_controller ok=true
[VERBATIM] ENTER _init_sentry gate=none
[VERBATIM] Sentry not configured
[VERBATIM] EXIT _init_sentry ok=true
[VERBATIM] Clean GLB loaded from: res://assets/canopy/parachute_sanitized.glb
[VERBATIM] ENTER _randomize_malfunction gate=none
[VERBATIM] Canopy visuals updated for BAG LOCK
[VERBATIM] EXIT _randomize_malfunction ok=true
[VERBATIM] Initial malfunction: BAG LOCK
[VERBATIM] Game ready – press SPACE at ~4000 ft to deploy
[VERBATIM] ARM GATE: Left arm rotation = (1.570796, 1.570796, 0.0)
[VERBATIM] ARM GATE: Right arm rotation = (1.570796, -1.570796, 0.0)
[VERBATIM] ARM GATE: Arms are lowered
[VERBATIM] ... EXIT _ready ok=true
[DIAG] _ready: EXIT
[DEBUG] _input (build_terrain) called, event=InputEventMouseMotion: button_mask=0, position=((499.0, 1.0)), relative=((-315.0, -478.0)), velocity=((0.0, 0.0)), pressure=0.00, tilt=((0.0, 0.0)), pen_inverted=(false)
[DEBUG] _input (build_terrain) called, event=InputEventMouseMotion: button_mask=0, position=((511.0, 2.0)), relative=((12.0, 1.0)), velocity=((0.0, 0.0)), pressure=0.00, tilt=((0.0, 0.0)), pen_inverted=(false)
[DEBUG] _input (build_terrain) called, event=InputEventMouseMotion: button_mask=0, position=((516.0, 1.0)), relative=((5.0, -1.0)), velocity=((0.0, 0.0)), pressure=0.00, tilt=((0.0, 0.0)), pen_inverted=(false)
[FPANEL] _process() alive, frame=0
[ALTIMETER] update_altitude FIRST CALL: alt_ft=6000.00035219727
[ARMTEL] rest captured L_idx=8 R_idx=32 restL=(-0.010452, -0.001063, 0.101151, 0.994816) restR=(-0.010455, 0.001063, -0.101149, 0.994816)
[AXISSOLVE] bones OK on attempt 1  hips=0 head=5 foot=57 toe=59 handL=10 handR=34
[ANIMDIAG] current='' is_playing=false speed_scale=1.0 active=true process_mode=1 list=["Take 001", "mixamo_com"]
[AXISSOLVE] up=(-0.000073, 0.999984, -0.005653) forward=(0.009652, 0.005654, 0.999937) right=(-0.999953, -0.000019, 0.009652)
[AXISSOLVE] orthogonality up.dot(fwd)=-0.000000028871 (want ~0); desired hand dir (fwd+down)=(0.006877, -0.703098, 0.71106)
[AXISSOLVE_HDR] side,label,angle_deg,d_forward,d_up,d_right
[AXISSOLVE] L lever=(0.550191, 0.000049, 0.0) len=0.5501914024353 axis_global=(0.000063, -0.711076, -0.703115) AXIS_LOCAL_APPLIED=(0.703115, -0.0, 0.711076)
[AXISSOLVE],L,SOLVED,15.0,0.10050402581692,-0.10069465637207,0.01971686445177
[AXISSOLVE],L,+X,15.0,-0.00098592438735,-0.14239792525768,0.01873648166656
[AXISSOLVE],L,-X,15.0,0.00062396959402,0.14239744842052,0.01875631324947
[AXISSOLVE],L,+Y,15.0,0.00000001184914,0.0000001191442,0.00000000010565
[AXISSOLVE],L,-Y,15.0,0.00000000745011,-0.00000000004212,0.00000000007191
[AXISSOLVE],L,+Z,15.0,0.14221015572548,-0.00080531829735,0.02012093178928
[AXISSOLVE],L,-Z,15.0,-0.14257210493088,0.00080472708214,0.01737180165946
[AXISSOLVE],L,SOLVED,60.0,0.33424305915833,-0.336934030056,0.27832999825478
[AXISSOLVE],L,+X,60.0,-0.00534905865788,-0.47647625207901,0.27504971623421
[AXISSOLVE],L,-X,60.0,0.00003785827721,0.4764678478241,0.27511608600616
[AXISSOLVE],L,+Y,60.0,0.00000007145006,0.00000011880724,0.00000000068096
[AXISSOLVE],L,-Y,60.0,0.00000008500235,-0.00000011969176,0.00000000082924
[AXISSOLVE],L,+Z,60.0,0.47379446029663,-0.00269782519899,0.27968221902847
[AXISSOLVE],L,-Z,60.0,-0.47910553216934,0.00268949149176,0.27048355340958
[AXISSOLVE] R lever=(-0.550191, -0.000048, 0.0) len=0.5501914024353 axis_global=(-0.000061, 0.711076, 0.703115) AXIS_LOCAL_APPLIED=(0.703115, 0.0, -0.711076)
[AXISSOLVE],R,SOLVED,15.0,0.10086593776941,-0.10069417953491,-0.01777581125498
[AXISSOLVE],R,+X,15.0,-0.00062398682348,-0.14239744842052,-0.01875607483089
[AXISSOLVE],R,-X,15.0,0.00098590110429,0.14239792525768,-0.01873677968979
[AXISSOLVE],R,+Y,15.0,0.00000003352552,-0.00000000018954,0.00000000032362
[AXISSOLVE],R,-Y,15.0,-0.00000005587586,0.0000000003159,-0.00000000053936
[AXISSOLVE],R,+Z,15.0,-0.14221015572548,0.00080531829735,-0.02012087218463
[AXISSOLVE],R,-Z,15.0,0.14257207512856,-0.00080472690752,-0.01737192086875
[AXISSOLVE],R,SOLVED,60.0,0.33955377340317,-0.33692640066147,-0.27183523774147
[AXISSOLVE],R,+X,60.0,-0.00003805011875,-0.47646844387054,-0.27511510252953
[AXISSOLVE],R,-X,60.0,0.00534880580381,0.47647559642792,-0.27505052089691
[AXISSOLVE],R,+Y,60.0,0.00000007584908,0.00000023799356,0.00000000071469
[AXISSOLVE],R,-Y,60.0,-0.00000019370299,0.00000000109512,-0.00000000186978
[AXISSOLVE],R,+Z,60.0,-0.47379460930824,0.00269723008387,-0.27968180179596
[AXISSOLVE],R,-Z,60.0,0.47910526394844,-0.0026900859084,-0.27048382163048
[ELBOWSOLVE] L reference=pull_dir
[ELBOWSOLVE] L fore_idx=9 lever=(0.276145, 0.000024, 0.0) len=0.27614459395409 d_want=(0.000062, -0.703115, 0.711076) ELBOW_AXIS_LOCAL=(0.703115, 0.0, 0.711077)
[ELBOWSOLVE_HDR] side,angle_deg,dist_before,dist_after,delta_want_negative,along_pulldir_want_positive
[ELBOWSOLVE],L,30.0,0.5501914024353,0.53144437074661,-0.01874703168869,0.13781696557999
[ELBOWSOLVE],L,75.0,0.5501914024353,0.436498016119,-0.1136933863163,0.26533415913582
[ELBOWSOLVE] R reference=pull_dir
[ELBOWSOLVE] R fore_idx=33 lever=(-0.276145, -0.000024, 0.0) len=0.27614462375641 d_want=(0.000061, -0.703115, 0.711076) ELBOW_AXIS_LOCAL=(0.703115, 0.0, -0.711076)
[ELBOWSOLVE_HDR] side,angle_deg,dist_before,dist_after,delta_want_negative,along_pulldir_want_positive
[ELBOWSOLVE],R,30.0,0.5501914024353,0.53144431114197,-0.01874709129333,0.13832128047943
[ELBOWSOLVE],R,75.0,0.5501914024353,0.43649789690971,-0.11369350552559,0.26812392473221
[AXISSOLVE] solved L=true R=true - axes now APPLIED live, pose restored
[ARMTEL_HDR] t,side,held,dt,force,tension,damping,accel,vel,pull,deg,anim_pos,elbow_deg,hold_t
[CONTROLS] ---- InputMap audit and repair ----
[CONTROLS] deploy  action_existed=true  keys_before=[]  wanted=Space  added=true
[CONTROLS] turnleft  action_existed=true  keys_before=[]  wanted=Q  added=true
[CONTROLS] turnright  action_existed=true  keys_before=[]  wanted=E  added=true
[CONTROLS] camera_cycle  action_existed=true  keys_before=[]  wanted=C  added=true
[CONTROLS] cutaway  action_existed=true  keys_before=[]  wanted=X  added=true
[CONTROLS] reserve  action_existed=true  keys_before=[]  wanted=V  added=true
[CONTROLS] flare  action_existed=true  keys_before=[]  wanted=F  added=true
[CONTROLS] togglehud  action_existed=true  keys_before=[]  wanted=H  added=true
[CONTROLS] flightcheck  action_existed=true  keys_before=[]  wanted=G  added=true
[CONTROLS] restart  action_existed=true  keys_before=[]  wanted=R  added=true
[CONTROLS] j  action_existed=true  keys_before=["J"]  wanted=J  added=false
[CONTROLS] pause  action_existed=true  keys_before=[]  wanted=Escape  added=true
[CONTROLS] ---- 11 binding(s) added ----
[CANOPYSYNC] transition at state=0 deployed=false visible=false
[PIPLIVE] SubViewport now shares the main World3D
[PIPLIVE] hid 2 standalone PiP prop(s); camera kept
[DIAG] _physics_process: ENTER, state=0
[DIAG] _physics_process: IN_PLANE branch entered
[DIAG] _physics_process: plane position updated to (799.9964, 1853.8, 2.399997)
[DIAG] _physics_process: checking camera follow
[DIAG] _physics_process: plane and camera valid, updating camera
[DIAG] _physics_process: camera moved from (0.0, 1892.337, -205.3974) to (799.9964, 1917.337, -202.9974)
[DIAG] _physics_process: IN_PLANE returning
[HubManager] Hub spawn requested pid=2444698 non-blocking
[FPANEL] Adopted existing pip container
[DIAG] _physics_process: ENTER, state=0
[DIAG] _physics_process: IN_PLANE branch entered
[DIAG] _physics_process: plane position updated to (799.9856, 1853.8, 4.799971)
[DIAG] _physics_process: checking camera follow
[DIAG] _physics_process: plane and camera valid, updating camera
[DIAG] _physics_process: camera moved from (799.9964, 1917.337, -202.9974) to (799.9856, 1917.337, -200.5974)
[DIAG] _physics_process: IN_PLANE returning
[DIAG] _physics_process: ENTER, state=0
[DIAG] _physics_process: IN_PLANE branch entered
[DIAG] _physics_process: plane position updated to (799.9676, 1853.8, 7.199903)
[DIAG] _physics_process: checking camera follow
[DIAG] _physics_process: plane and camera valid, updating camera
[DIAG] _physics_process: camera moved from (799.9856, 1917.337, -200.5974) to (799.9676, 1917.337, -198.1974)
[DIAG] _physics_process: IN_PLANE returning
[DIAG] _physics_process: ENTER, state=0
[DIAG] _physics_process: IN_PLANE branch entered
[DIAG] _physics_process: plane position updated to (799.9424, 1853.8, 9.59977)
[DIAG] _physics_process: checking camera follow
[DIAG] _physics_process: plane and camera valid, updating camera
[DIAG] _physics_process: camera moved from (799.9676, 1917.337, -198.1974) to (799.9424, 1917.337, -195.7976)
[DIAG] _physics_process: IN_PLANE returning
[DIAG] _physics_process: ENTER, state=0
[DIAG] _physics_process: IN_PLANE branch entered
[DIAG] _physics_process: plane position updated to (799.91, 1853.8, 11.99955)
[DIAG] _physics_process: checking camera follow
[DIAG] _physics_process: plane and camera valid, updating camera
[DIAG] _physics_process: camera moved from (799.9424, 1917.337, -195.7976) to (799.91, 1917.337, -193.3978)
[DIAG] _physics_process: IN_PLANE returning
[DIAG] _physics_process: ENTER, state=0
[DIAG] _physics_process: IN_PLANE branch entered
[DIAG] _physics_process: plane position updated to (799.8704, 1853.8, 14.39922)
[DIAG] _physics_process: checking camera follow
[DIAG] _physics_process: plane and camera valid, updating camera
[DIAG] _physics_process: camera moved from (799.91, 1917.337, -193.3978) to (799.8704, 1917.337, -190.9981)
[DIAG] _physics_process: IN_PLANE returning
[DIAG] _physics_process: ENTER, state=0
[DIAG] _physics_process: IN_PLANE branch entered
[DIAG] _physics_process: plane position updated to (799.8236, 1853.8, 16.79877)
[DIAG] _physics_process: checking camera follow
[DIAG] _physics_process: plane and camera valid, updating camera
[DIAG] _physics_process: camera moved from (799.8704, 1917.337, -190.9981) to (799.8236, 1917.337, -188.5986)
[DIAG] _physics_process: IN_PLANE returning
[DIAG] _physics_process: ENTER, state=0
[DIAG] _physics_process: IN_PLANE branch entered
[DIAG] _physics_process: plane position updated to (799.7696, 1853.8, 19.19816)
[DIAG] _physics_process: checking camera follow
[DIAG] _physics_process: plane and camera valid, updating camera
[DIAG] _physics_process: camera moved from (799.8236, 1917.337, -188.5986) to (799.7696, 1917.337, -186.1992)
[DIAG] _physics_process: IN_PLANE returning
[DIAG] _poll_controls: ENTER, state=0
[VERBATIM] POLL: _poll_controls() entered, game_state=0
[DIAG] _poll_controls: EXIT (IN_PLANE branch)
[VERBATIM] Entering BASE
[DIAG] _physics_process: ENTER, state=0
[DIAG] _physics_process: IN_PLANE branch entered
[DIAG] _physics_process: plane position updated to (799.7084, 1853.8, 21.59738)
[DIAG] _physics_process: checking camera follow
[DIAG] _physics_process: plane and camera valid, updating camera
[DIAG] _physics_process: camera moved from (799.7696, 1917.337, -186.1992) to (799.7084, 1917.337, -183.8)
[DIAG] _physics_process: IN_PLANE returning
[DIAG] _physics_process: ENTER, state=0
[DIAG] _physics_process: IN_PLANE branch entered
[DIAG] _physics_process: plane position updated to (799.64, 1853.8, 23.9964)
[DIAG] _physics_process: checking camera follow
[DIAG] _physics_process: plane and camera valid, updating camera
[DIAG] _physics_process: camera moved from (799.7084, 1917.337, -183.8) to (799.64, 1917.337, -181.401)
[DIAG] _physics_process: IN_PLANE returning
[DIAG] _physics_process: ENTER, state=0
[DIAG] _physics_process: IN_PLANE branch entered
[DIAG] _physics_process: plane position updated to (799.5645, 1853.8, 26.39521)
[DIAG] _physics_process: checking camera follow
[DIAG] _physics_process: plane and camera valid, updating camera
[DIAG] _physics_process: camera moved from (799.64, 1917.337, -181.401) to (799.5645, 1917.337, -179.0022)
[DIAG] _physics_process: IN_PLANE returning
[DIAG] _physics_process: ENTER, state=0
[DIAG] _physics_process: IN_PLANE branch entered
[DIAG] _physics_process: plane position updated to (799.4816, 1853.8, 28.79378)
[DIAG] _physics_process: checking camera follow
[DIAG] _physics_process: plane and camera valid, updating camera
[DIAG] _physics_process: camera moved from (799.5645, 1917.337, -179.0022) to (799.4816, 1917.337, -176.6036)
[DIAG] _physics_process: IN_PLANE returning
[DIAG] _physics_process: ENTER, state=0
[DIAG] _physics_process: IN_PLANE branch entered
[DIAG] _physics_process: plane position updated to (799.3917, 1853.8, 31.19209)
[DIAG] _physics_process: checking camera follow
[DIAG] _physics_process: plane and camera valid, updating camera
[DIAG] _physics_process: camera moved from (799.4816, 1917.337, -176.6036) to (799.3917, 1917.337, -174.2053)
[DIAG] _physics_process: IN_PLANE returning
[DIAG] _physics_process: ENTER, state=0
[DIAG] _physics_process: IN_PLANE branch entered
[DIAG] _physics_process: plane position updated to (799.2945, 1853.8, 33.59012)
[DIAG] _physics_process: checking camera follow
[DIAG] _physics_process: plane and camera valid, updating camera
[DIAG] _physics_process: camera moved from (799.3917, 1917.337, -174.2053) to (799.2945, 1917.337, -171.8072)
[DIAG] _physics_process: IN_PLANE returning
[DIAG] _physics_process: ENTER, state=0
[DIAG] _physics_process: IN_PLANE branch entered
[DIAG] _physics_process: plane position updated to (799.1901, 1853.8, 35.98785)
[DIAG] _physics_process: checking camera follow
[DIAG] _physics_process: plane and camera valid, updating camera
[DIAG] _physics_process: camera moved from (799.2945, 1917.337, -171.8072) to (799.1901, 1917.337, -169.4095)
[DIAG] _physics_process: IN_PLANE returning
[DIAG] _physics_process: ENTER, state=0
[DIAG] _physics_process: IN_PLANE branch entered
[DIAG] _physics_process: plane position updated to (799.0786, 1853.8, 38.38526)
[DIAG] _physics_process: checking camera follow
[DIAG] _physics_process: plane and camera valid, updating camera
[DIAG] _physics_process: camera moved from (799.1901, 1917.337, -169.4095) to (799.0786, 1917.337, -167.0121)
[DIAG] _physics_process: IN_PLANE returning
[VERBATIM] _setup_anim_player: playing mixamo_com pos=0.0
[DIAG] _poll_controls: ENTER, state=0
[VERBATIM] POLL: _poll_controls() entered, game_state=0
[DIAG] _poll_controls: EXIT (IN_PLANE branch)
[VERBATIM] Screenshot saved: /home/owner/Documents/69f7bcc6-1f68-83ea-b9b2-95a4db8629ac/parachute-cfd-game/godot_project/../audit_logs/screenshots/v314_20260812T130910.png
[DIAG] _physics_process: ENTER, state=0
[DIAG] _physics_process: IN_PLANE branch entered
[DIAG] _physics_process: plane position updated to (798.9598, 1853.8, 40.78231)
[DIAG] _physics_process: checking camera follow
[DIAG] _physics_process: plane and camera valid, updating camera
[DIAG] _physics_process: camera moved from (799.0786, 1917.337, -167.0121) to (798.9598, 1917.337, -164.615)
[DIAG] _physics_process: IN_PLANE returning
[DIAG] _physics_process: ENTER, state=0
[DIAG] _physics_process: IN_PLANE branch entered
[DIAG] _physics_process: plane position updated to (798.8339, 1853.8, 43.17901)
[DIAG] _physics_process: checking camera follow
[DIAG] _physics_process: plane and camera valid, updating camera
[DIAG] _physics_process: camera moved from (798.9598, 1917.337, -164.615) to (798.8339, 1917.337, -162.2184)
[DIAG] _physics_process: IN_PLANE returning
[DIAG] _poll_controls: ENTER, state=0
[VERBATIM] POLL: _poll_controls() entered, game_state=0
[DIAG] _poll_controls: EXIT (IN_PLANE branch)
[DIAG] _physics_process: ENTER, state=0
[DIAG] _physics_process: IN_PLANE branch entered
[DIAG] _physics_process: plane position updated to (798.7007, 1853.8, 45.57531)
[DIAG] _physics_process: checking camera follow
[DIAG] _physics_process: plane and camera valid, updating camera
[DIAG] _physics_process: camera moved from (798.8339, 1917.337, -162.2184) to (798.7007, 1917.337, -159.8221)
[DIAG] _physics_process: IN_PLANE returning
[DIAG] _physics_process: ENTER, state=0
[DIAG] _physics_process: IN_PLANE branch entered
[DIAG] _physics_process: plane position updated to (798.5604, 1853.8, 47.97121)
[DIAG] _physics_process: checking camera follow
[DIAG] _physics_process: plane and camera valid, updating camera
[DIAG] _physics_process: camera moved from (798.7007, 1917.337, -159.8221) to (798.5604, 1917.337, -157.4261)
[DIAG] _physics_process: IN_PLANE returning
[DIAG] _poll_controls: ENTER, state=0
[VERBATIM] POLL: _poll_controls() entered, game_state=0
[DIAG] _poll_controls: EXIT (IN_PLANE branch)
[DIAG] _physics_process: ENTER, state=0
[DIAG] _physics_process: IN_PLANE branch entered
[DIAG] _physics_process: plane position updated to (798.4129, 1853.8, 50.36667)
[DIAG] _physics_process: checking camera follow
[DIAG] _physics_process: plane and camera valid, updating camera
[DIAG] _physics_process: camera moved from (798.5604, 1917.337, -157.4261) to (798.4129, 1917.337, -155.0307)
[DIAG] _physics_process: IN_PLANE returning
[DIAG] _physics_process: ENTER, state=0
[DIAG] _physics_process: IN_PLANE branch entered
[DIAG] _physics_process: plane position updated to (798.2582, 1853.8, 52.76168)
[DIAG] _physics_process: checking camera follow
[DIAG] _physics_process: plane and camera valid, updating camera
[DIAG] _physics_process: camera moved from (798.4129, 1917.337, -155.0307) to (798.2582, 1917.337, -152.6357)
[DIAG] _physics_process: IN_PLANE returning
[DIAG] _poll_controls: ENTER, state=0
[VERBATIM] POLL: _poll_controls() entered, game_state=0
[DIAG] _poll_controls: EXIT (IN_PLANE branch)
[DIAG] _physics_process: ENTER, state=0
[DIAG] _physics_process: IN_PLANE branch entered
[DIAG] _physics_process: plane position updated to (798.0964, 1853.8, 55.15621)
[DIAG] _physics_process: checking camera follow
[DIAG] _physics_process: plane and camera valid, updating camera
[DIAG] _physics_process: camera moved from (798.2582, 1917.337, -152.6357) to (798.0964, 1917.337, -150.2411)
[DIAG] _physics_process: IN_PLANE returning
[DIAG] _physics_process: ENTER, state=0
[DIAG] _physics_process: IN_PLANE branch entered
[DIAG] _physics_process: plane position updated to (797.9273, 1853.8, 57.55025)
[DIAG] _physics_process: checking camera follow
[DIAG] _physics_process: plane and camera valid, updating camera
[DIAG] _physics_process: camera moved from (798.0964, 1917.337, -150.2411) to (797.9273, 1917.337, -147.8471)
[DIAG] _physics_process: IN_PLANE returning
[DIAG] _poll_controls: ENTER, state=0
[VERBATIM] POLL: _poll_controls() entered, game_state=0
[DIAG] _poll_controls: EXIT (IN_PLANE branch)
[DIAG] _physics_process: ENTER, state=0
[DIAG] _physics_process: IN_PLANE branch entered
[DIAG] _physics_process: plane position updated to (797.751, 1853.8, 59.94377)
[DIAG] _physics_process: checking camera follow
[DIAG] _physics_process: plane and camera valid, updating camera
[DIAG] _physics_process: camera moved from (797.9273, 1917.337, -147.8471) to (797.751, 1917.337, -145.4536)
[DIAG] _physics_process: IN_PLANE returning
[DIAG] _physics_process: ENTER, state=0
[DIAG] _physics_process: IN_PLANE branch entered
[DIAG] _physics_process: plane position updated to (797.5676, 1853.8, 62.33675)
[DIAG] _physics_process: checking camera follow
[DIAG] _physics_process: plane and camera valid, updating camera
[DIAG] _physics_process: camera moved from (797.751, 1917.337, -145.4536) to (797.5676, 1917.337, -143.0606)
[DIAG] _physics_process: IN_PLANE returning
[DIAG] _poll_controls: ENTER, state=0
[VERBATIM] POLL: _poll_controls() entered, game_state=0
[DIAG] _poll_controls: EXIT (IN_PLANE branch)
[DIAG] _physics_process: ENTER, state=0
[DIAG] _physics_process: IN_PLANE branch entered
[DIAG] _physics_process: plane position updated to (797.377, 1853.8, 64.72916)
[DIAG] _physics_process: checking camera follow
[DIAG] _physics_process: plane and camera valid, updating camera
[DIAG] _physics_process: camera moved from (797.5676, 1917.337, -143.0606) to (797.377, 1917.337, -140.6682)
[DIAG] _physics_process: IN_PLANE returning
[DIAG] _physics_process: ENTER, state=0
[DIAG] _physics_process: IN_PLANE branch entered
[DIAG] _physics_process: plane position updated to (797.1793, 1853.8, 67.121)
[DIAG] _physics_process: checking camera follow
[DIAG] _physics_process: plane and camera valid, updating camera
[DIAG] _physics_process: camera moved from (797.377, 1917.337, -140.6682) to (797.1793, 1917.337, -138.2764)
[DIAG] _physics_process: IN_PLANE returning
[DIAG] _poll_controls: ENTER, state=0
[VERBATIM] POLL: _poll_controls() entered, game_state=0
[DIAG] _poll_controls: EXIT (IN_PLANE branch)
[DIAG] _physics_process: ENTER, state=0
[DIAG] _physics_process: IN_PLANE branch entered
[DIAG] _physics_process: plane position updated to (796.9743, 1853.8, 69.51223)
[DIAG] _physics_process: checking camera follow
[DIAG] _physics_process: plane and camera valid, updating camera
[DIAG] _physics_process: camera moved from (797.1793, 1917.337, -138.2764) to (796.9743, 1917.337, -135.8851)
[DIAG] _physics_process: IN_PLANE returning
[DIAG] _physics_process: ENTER, state=0
[DIAG] _physics_process: IN_PLANE branch entered
[DIAG] _physics_process: plane position updated to (796.7622, 1853.8, 71.90284)
[DIAG] _physics_process: checking camera follow
[DIAG] _physics_process: plane and camera valid, updating camera
[DIAG] _physics_process: camera moved from (796.9743, 1917.337, -135.8851) to (796.7622, 1917.337, -133.4945)
[DIAG] _physics_process: IN_PLANE returning
[DIAG] _poll_controls: ENTER, state=0
[VERBATIM] POLL: _poll_controls() entered, game_state=0
[DIAG] _poll_controls: EXIT (IN_PLANE branch)
[DIAG] _physics_process: ENTER, state=0
[DIAG] _physics_process: IN_PLANE branch entered
[DIAG] _physics_process: plane position updated to (796.5429, 1853.8, 74.2928)
[DIAG] _physics_process: checking camera follow
[DIAG] _physics_process: plane and camera valid, updating camera
[DIAG] _physics_process: camera moved from (796.7622, 1917.337, -133.4945) to (796.5429, 1917.337, -131.1046)
[DIAG] _physics_process: IN_PLANE returning
[DIAG] _physics_process: ENTER, state=0
[DIAG] _physics_process: IN_PLANE branch entered
[DIAG] _physics_process: plane position updated to (796.3164, 1853.8, 76.68209)
[DIAG] _physics_process: checking camera follow
[DIAG] _physics_process: plane and camera valid, updating camera
[DIAG] _physics_process: camera moved from (796.5429, 1917.337, -131.1046) to (796.3164, 1917.337, -128.7153)
[DIAG] _physics_process: IN_PLANE returning
[DIAG] _poll_controls: ENTER, state=0
[VERBATIM] POLL: _poll_controls() entered, game_state=0
[DIAG] _poll_controls: EXIT (IN_PLANE branch)
[DIAG] _physics_process: ENTER, state=0
[DIAG] _physics_process: IN_PLANE branch entered
[DIAG] _physics_process: plane position updated to (796.0828, 1853.8, 79.07069)
[DIAG] _physics_process: checking camera follow
[DIAG] _physics_process: plane and camera valid, updating camera
[DIAG] _physics_process: camera moved from (796.3164, 1917.337, -128.7153) to (796.0828, 1917.337, -126.3267)
[DIAG] _physics_process: IN_PLANE returning
[DIAG] _physics_process: ENTER, state=0
[DIAG] _physics_process: IN_PLANE branch entered
[DIAG] _physics_process: plane position updated to (795.842, 1853.8, 81.45858)
[DIAG] _physics_process: checking camera follow
[DIAG] _physics_process: plane and camera valid, updating camera
[DIAG] _physics_process: camera moved from (796.0828, 1917.337, -126.3267) to (795.842, 1917.337, -123.9388)
[DIAG] _physics_process: IN_PLANE returning
[DIAG] _poll_controls: ENTER, state=0
[VERBATIM] POLL: _poll_controls() entered, game_state=0
[DIAG] _poll_controls: EXIT (IN_PLANE branch)
[DIAG] _physics_process: ENTER, state=0
[DIAG] _physics_process: IN_PLANE branch entered
[DIAG] _physics_process: plane position updated to (795.5941, 1853.8, 83.84573)
[DIAG] _physics_process: checking camera follow
[DIAG] _physics_process: plane and camera valid, updating camera
[DIAG] _physics_process: camera moved from (795.842, 1917.337, -123.9388) to (795.5941, 1917.337, -121.5516)
[DIAG] _physics_process: IN_PLANE returning
[DIAG] _physics_process: ENTER, state=0
[DIAG] _physics_process: IN_PLANE branch entered
[DIAG] _physics_process: plane position updated to (795.3389, 1853.8, 86.23214)
[DIAG] _physics_process: checking camera follow
[DIAG] _physics_process: plane and camera valid, updating camera
[DIAG] _physics_process: camera moved from (795.5941, 1917.337, -121.5516) to (795.3389, 1917.337, -119.1652)
[DIAG] _physics_process: IN_PLANE returning
[DIAG] _poll_controls: ENTER, state=0
[VERBATIM] POLL: _poll_controls() entered, game_state=0
[DIAG] _poll_controls: EXIT (IN_PLANE branch)
[DIAG] _physics_process: ENTER, state=0
[DIAG] _physics_process: IN_PLANE branch entered
[DIAG] _physics_process: plane position updated to (795.0767, 1853.8, 88.61776)
[DIAG] _physics_process: checking camera follow
[DIAG] _physics_process: plane and camera valid, updating camera
[DIAG] _physics_process: camera moved from (795.3389, 1917.337, -119.1652) to (795.0767, 1917.337, -116.7796)
[DIAG] _physics_process: IN_PLANE returning
[DIAG] _physics_process: ENTER, state=0
[DIAG] _physics_process: IN_PLANE branch entered
[DIAG] _physics_process: plane position updated to (794.8073, 1853.8, 91.00259)
[DIAG] _physics_process: checking camera follow
[DIAG] _physics_process: plane and camera valid, updating camera
[DIAG] _physics_process: camera moved from (795.0767, 1917.337, -116.7796) to (794.8073, 1917.337, -114.3948)
[DIAG] _physics_process: IN_PLANE returning
[DIAG] _poll_controls: ENTER, state=0
[VERBATIM] POLL: _poll_controls() entered, game_state=0
[DIAG] _poll_controls: EXIT (IN_PLANE branch)
[DIAG] _physics_process: ENTER, state=0
[DIAG] _physics_process: IN_PLANE branch entered
[DIAG] _physics_process: plane position updated to (794.5306, 1853.8, 93.3866)
[DIAG] _physics_process: checking camera follow
[DIAG] _physics_process: plane and camera valid, updating camera
[DIAG] _physics_process: camera moved from (794.8073, 1917.337, -114.3948) to (794.5306, 1917.337, -112.0108)
[DIAG] _physics_process: IN_PLANE returning
[DIAG] _physics_process: ENTER, state=0
[DIAG] _physics_process: IN_PLANE branch entered
[DIAG] _physics_process: plane position updated to (794.2469, 1853.8, 95.76977)
[DIAG] _physics_process: checking camera follow
[DIAG] _physics_process: plane and camera valid, updating camera
[DIAG] _physics_process: camera moved from (794.5306, 1917.337, -112.0108) to (794.2469, 1917.337, -109.6276)
[DIAG] _physics_process: IN_PLANE returning
[DIAG] _poll_controls: ENTER, state=0
[VERBATIM] POLL: _poll_controls() entered, game_state=0
[DIAG] _poll_controls: EXIT (IN_PLANE branch)
[DIAG] _physics_process: ENTER, state=0
[DIAG] _physics_process: IN_PLANE branch entered
[DIAG] _physics_process: plane position updated to (793.9561, 1853.8, 98.15207)
[DIAG] _physics_process: checking camera follow
[DIAG] _physics_process: plane and camera valid, updating camera
[DIAG] _physics_process: camera moved from (794.2469, 1917.337, -109.6276) to (793.9561, 1917.337, -107.2453)
[DIAG] _physics_process: IN_PLANE returning
[DIAG] _physics_process: ENTER, state=0
[DIAG] _physics_process: IN_PLANE branch entered
[DIAG] _physics_process: plane position updated to (793.658, 1853.8, 100.5335)
[DIAG] _physics_process: checking camera follow
[DIAG] _physics_process: plane and camera valid, updating camera
[DIAG] _physics_process: camera moved from (793.9561, 1917.337, -107.2453) to (793.658, 1917.337, -104.8639)
[DIAG] _physics_process: IN_PLANE returning
[DIAG] _poll_controls: ENTER, state=0
[VERBATIM] POLL: _poll_controls() entered, game_state=0
[DIAG] _poll_controls: EXIT (IN_PLANE branch)
[DIAG] _physics_process: ENTER, state=0
[DIAG] _physics_process: IN_PLANE branch entered
[DIAG] _physics_process: plane position updated to (793.3528, 1853.8, 102.914)
[DIAG] _physics_process: checking camera follow
[DIAG] _physics_process: plane and camera valid, updating camera
[DIAG] _physics_process: camera moved from (793.658, 1917.337, -104.8639) to (793.3528, 1917.337, -102.4833)
[DIAG] _physics_process: IN_PLANE returning
[DIAG] _physics_process: ENTER, state=0
[DIAG] _physics_process: IN_PLANE branch entered
[DIAG] _physics_process: plane position updated to (793.0405, 1853.8, 105.2936)
[DIAG] _physics_process: checking camera follow
[DIAG] _physics_process: plane and camera valid, updating camera
[DIAG] _physics_process: camera moved from (793.3528, 1917.337, -102.4833) to (793.0405, 1917.337, -100.1038)
[DIAG] _physics_process: IN_PLANE returning
[DIAG] _poll_controls: ENTER, state=0
[VERBATIM] POLL: _poll_controls() entered, game_state=0
[DIAG] _poll_controls: EXIT (IN_PLANE branch)
[DIAG] _physics_process: ENTER, state=0
[DIAG] _physics_process: IN_PLANE branch entered
[DIAG] _physics_process: plane position updated to (792.7211, 1853.8, 107.6722)
[DIAG] _physics_process: checking camera follow
[DIAG] _physics_process: plane and camera valid, updating camera
[DIAG] _physics_process: camera moved from (793.0405, 1917.337, -100.1038) to (792.7211, 1917.337, -97.72511)
[DIAG] _physics_process: IN_PLANE returning
[DIAG] _physics_process: ENTER, state=0
[DIAG] _physics_process: IN_PLANE branch entered
[DIAG] _physics_process: plane position updated to (792.3945, 1853.8, 110.0499)
[DIAG] _physics_process: checking camera follow
[DIAG] _physics_process: plane and camera valid, updating camera
[DIAG] _physics_process: camera moved from (792.7211, 1917.337, -97.72511) to (792.3945, 1917.337, -95.34743)
[DIAG] _physics_process: IN_PLANE returning
[DIAG] _poll_controls: ENTER, state=0
[VERBATIM] POLL: _poll_controls() entered, game_state=0
[DIAG] _poll_controls: EXIT (IN_PLANE branch)
[DIAG] _physics_process: ENTER, state=0
[DIAG] _physics_process: IN_PLANE branch entered
[DIAG] _physics_process: plane position updated to (792.0608, 1853.8, 112.4266)
[DIAG] _physics_process: checking camera follow
[DIAG] _physics_process: plane and camera valid, updating camera
[DIAG] _physics_process: camera moved from (792.3945, 1917.337, -95.34743) to (792.0608, 1917.337, -92.97075)
[DIAG] _physics_process: IN_PLANE returning
[DIAG] _physics_process: ENTER, state=0
[DIAG] _physics_process: IN_PLANE branch entered
[DIAG] _physics_process: plane position updated to (791.7199, 1853.8, 114.8023)
[DIAG] _physics_process: checking camera follow
[DIAG] _physics_process: plane and camera valid, updating camera
[DIAG] _physics_process: camera moved from (792.0608, 1917.337, -92.97075) to (791.7199, 1917.337, -90.59507)
[DIAG] _physics_process: IN_PLANE returning
[DIAG] _poll_controls: ENTER, state=0
[VERBATIM] POLL: _poll_controls() entered, game_state=0
[DIAG] _poll_controls: EXIT (IN_PLANE branch)
[VERBATIM] Real wind loaded: WNW 4.34488 kts
[DIAG] _physics_process: ENTER, state=0
[DIAG] _physics_process: IN_PLANE branch entered
[DIAG] _physics_process: plane position updated to (791.3719, 1853.8, 117.1769)
[DIAG] _physics_process: checking camera follow
[DIAG] _physics_process: plane and camera valid, updating camera
[DIAG] _physics_process: camera moved from (791.7199, 1917.337, -90.59507) to (791.3719, 1917.337, -88.22044)
[DIAG] _physics_process: IN_PLANE returning
[DIAG] _physics_process: ENTER, state=0
[DIAG] _physics_process: IN_PLANE branch entered
[DIAG] _physics_process: plane position updated to (791.0168, 1853.8, 119.5505)
[DIAG] _physics_process: checking camera follow
[DIAG] _physics_process: plane and camera valid, updating camera
[DIAG] _physics_process: camera moved from (791.3719, 1917.337, -88.22044) to (791.0168, 1917.337, -85.84685)
[DIAG] _physics_process: IN_PLANE returning
[DIAG] _poll_controls: ENTER, state=0
[VERBATIM] POLL: _poll_controls() entered, game_state=0
[DIAG] _poll_controls: EXIT (IN_PLANE branch)
[DIAG] _physics_process: ENTER, state=0
[DIAG] _physics_process: IN_PLANE branch entered
[DIAG] _physics_process: plane position updated to (790.6547, 1853.8, 121.923)
[DIAG] _physics_process: checking camera follow
[DIAG] _physics_process: plane and camera valid, updating camera
[DIAG] _physics_process: camera moved from (791.0168, 1917.337, -85.84685) to (790.6547, 1917.337, -83.47434)
[DIAG] _physics_process: IN_PLANE returning
[DIAG] _physics_process: ENTER, state=0
[DIAG] _physics_process: IN_PLANE branch entered
[DIAG] _physics_process: plane position updated to (790.2853, 1853.8, 124.2944)
[DIAG] _physics_process: checking camera follow
[DIAG] _physics_process: plane and camera valid, updating camera
[DIAG] _physics_process: camera moved from (790.6547, 1917.337, -83.47434) to (790.2853, 1917.337, -81.10293)
[DIAG] _physics_process: IN_PLANE returning
[DIAG] _poll_controls: ENTER, state=0
[VERBATIM] POLL: _poll_controls() entered, game_state=0
[DIAG] _poll_controls: EXIT (IN_PLANE branch)
[DIAG] _physics_process: ENTER, state=0
[DIAG] _physics_process: IN_PLANE branch entered
[DIAG] _physics_process: plane position updated to (789.9089, 1853.8, 126.6647)
[DIAG] _physics_process: checking camera follow
[DIAG] _physics_process: plane and camera valid, updating camera
[DIAG] _physics_process: camera moved from (790.2853, 1917.337, -81.10293) to (789.9089, 1917.337, -78.73264)
[DIAG] _physics_process: IN_PLANE returning
[DIAG] _physics_process: ENTER, state=0
[DIAG] _physics_process: IN_PLANE branch entered
[DIAG] _physics_process: plane position updated to (789.5253, 1853.8, 129.0339)
[DIAG] _physics_process: checking camera follow
[DIAG] _physics_process: plane and camera valid, updating camera
[DIAG] _physics_process: camera moved from (789.9089, 1917.337, -78.73264) to (789.5253, 1917.337, -76.36348)
[DIAG] _physics_process: IN_PLANE returning
[DIAG] _physics_process: ENTER, state=0
[DIAG] _physics_process: IN_PLANE branch entered
[DIAG] _physics_process: plane position updated to (789.1347, 1853.8, 131.4019)
[DIAG] _physics_process: checking camera follow
[DIAG] _physics_process: plane and camera valid, updating camera
[DIAG] _physics_process: camera moved from (789.5253, 1917.337, -76.36348) to (789.1347, 1917.337, -73.99548)
[DIAG] _physics_process: IN_PLANE returning
[DIAG] _poll_controls: ENTER, state=0
[VERBATIM] POLL: _poll_controls() entered, game_state=0
[DIAG] _poll_controls: EXIT (IN_PLANE branch)
[DIAG] _physics_process: ENTER, state=0
[DIAG] _physics_process: IN_PLANE branch entered
[DIAG] _physics_process: plane position updated to (788.7369, 1853.8, 133.7687)
[DIAG] _physics_process: checking camera follow
[DIAG] _physics_process: plane and camera valid, updating camera
[DIAG] _physics_process: camera moved from (789.1347, 1917.337, -73.99548) to (788.7369, 1917.337, -71.62868)
[DIAG] _physics_process: IN_PLANE returning
[DIAG] _physics_process: ENTER, state=0
[DIAG] _physics_process: IN_PLANE branch entered
[DIAG] _physics_process: plane position updated to (788.3321, 1853.8, 136.1343)
[DIAG] _physics_process: checking camera follow
[DIAG] _physics_process: plane and camera valid, updating camera
[DIAG] _physics_process: camera moved from (788.7369, 1917.337, -71.62868) to (788.3321, 1917.337, -69.26308)
[DIAG] _physics_process: IN_PLANE returning
[DIAG] _poll_controls: ENTER, state=0
[VERBATIM] POLL: _poll_controls() entered, game_state=0
[DIAG] _poll_controls: EXIT (IN_PLANE branch)
[DIAG] _physics_process: ENTER, state=0
[DIAG] _physics_process: IN_PLANE branch entered
[DIAG] _physics_process: plane position updated to (787.9201, 1853.8, 138.4987)
[DIAG] _physics_process: checking camera follow
[DIAG] _physics_process: plane and camera valid, updating camera
[DIAG] _physics_process: camera moved from (788.3321, 1917.337, -69.26308) to (787.9201, 1917.337, -66.8987)
[DIAG] _physics_process: IN_PLANE returning
[DIAG] _physics_process: ENTER, state=0
[DIAG] _physics_process: IN_PLANE branch entered
[DIAG] _physics_process: plane position updated to (787.5011, 1853.8, 140.8618)
[DIAG] _physics_process: checking camera follow
[DIAG] _physics_process: plane and camera valid, updating camera
[DIAG] _physics_process: camera moved from (787.9201, 1917.337, -66.8987) to (787.5011, 1917.337, -64.53557)
[DIAG] _physics_process: IN_PLANE returning
[DIAG] _poll_controls: ENTER, state=0
[VERBATIM] POLL: _poll_controls() entered, game_state=0
[DIAG] _poll_controls: EXIT (IN_PLANE branch)
[DIAG] _physics_process: ENTER, state=0
[DIAG] _physics_process: IN_PLANE branch entered
[DIAG] _physics_process: plane position updated to (787.075, 1853.8, 143.2237)
[DIAG] _physics_process: checking camera follow
[DIAG] _physics_process: plane and camera valid, updating camera
[DIAG] _physics_process: camera moved from (787.5011, 1917.337, -64.53557) to (787.075, 1917.337, -62.17369)
[DIAG] _physics_process: IN_PLANE returning
[DIAG] _physics_process: ENTER, state=0
[DIAG] _physics_process: IN_PLANE branch entered
[DIAG] _physics_process: plane position updated to (786.6417, 1853.8, 145.5842)
[DIAG] _physics_process: checking camera follow
[DIAG] _physics_process: plane and camera valid, updating camera
[DIAG] _physics_process: camera moved from (787.075, 1917.337, -62.17369) to (786.6417, 1917.337, -59.81313)
[DIAG] _physics_process: IN_PLANE returning
[DIAG] _poll_controls: ENTER, state=0
[VERBATIM] POLL: _poll_controls() entered, game_state=0
[DIAG] _poll_controls: EXIT (IN_PLANE branch)
[VERBATIM] Wind updated: 12.5 kts @ 240.0°
[DIAG] _physics_process: ENTER, state=0
[DIAG] _physics_process: IN_PLANE branch entered
[DIAG] _physics_process: plane position updated to (786.2015, 1853.8, 147.9435)
[DIAG] _physics_process: checking camera follow
[DIAG] _physics_process: plane and camera valid, updating camera
[DIAG] _physics_process: camera moved from (786.6417, 1917.337, -59.81313) to (786.2015, 1917.337, -57.45386)
[DIAG] _physics_process: IN_PLANE returning
[DIAG] _physics_process: ENTER, state=0
[DIAG] _physics_process: IN_PLANE branch entered
[DIAG] _physics_process: plane position updated to (785.7541, 1853.8, 150.3014)
[DIAG] _physics_process: checking camera follow
[DIAG] _physics_process: plane and camera valid, updating camera
[DIAG] _physics_process: camera moved from (786.2015, 1917.337, -57.45386) to (785.7541, 1917.337, -55.09592)
[DIAG] _physics_process: IN_PLANE returning
[DIAG] _poll_controls: ENTER, state=0
[VERBATIM] POLL: _poll_controls() entered, game_state=0
[DIAG] _poll_controls: EXIT (IN_PLANE branch)
[DIAG] _physics_process: ENTER, state=0
[DIAG] _physics_process: IN_PLANE branch entered
[DIAG] _physics_process: plane position updated to (785.2996, 1853.8, 152.658)
[DIAG] _physics_process: checking camera follow
[DIAG] _physics_process: plane and camera valid, updating camera
[DIAG] _physics_process: camera moved from (785.7541, 1917.337, -55.09592) to (785.2996, 1917.337, -52.73933)
[DIAG] _physics_process: IN_PLANE returning
[DIAG] _physics_process: ENTER, state=0
[DIAG] _physics_process: IN_PLANE branch entered
[DIAG] _physics_process: plane position updated to (784.8381, 1853.8, 155.0132)
[DIAG] _physics_process: checking camera follow
[DIAG] _physics_process: plane and camera valid, updating camera
[DIAG] _physics_process: camera moved from (785.2996, 1917.337, -52.73933) to (784.8381, 1917.337, -50.38412)
[DIAG] _physics_process: IN_PLANE returning
[DIAG] _poll_controls: ENTER, state=0
[VERBATIM] POLL: _poll_controls() entered, game_state=0
[DIAG] _poll_controls: EXIT (IN_PLANE branch)
[DIAG] _physics_process: ENTER, state=0
[DIAG] _physics_process: IN_PLANE branch entered
[DIAG] _physics_process: plane position updated to (784.3696, 1853.8, 157.367)
[DIAG] _physics_process: checking camera follow
[DIAG] _physics_process: plane and camera valid, updating camera
[DIAG] _physics_process: camera moved from (784.8381, 1917.337, -50.38412) to (784.3696, 1917.337, -48.03032)
[DIAG] _physics_process: IN_PLANE returning
[DIAG] _physics_process: ENTER, state=0
[DIAG] _physics_process: IN_PLANE branch entered
[DIAG] _physics_process: plane position updated to (783.8939, 1853.8, 159.7194)
[DIAG] _physics_process: checking camera follow
[DIAG] _physics_process: plane and camera valid, updating camera
[DIAG] _physics_process: camera moved from (784.3696, 1917.337, -48.03032) to (783.8939, 1917.337, -45.67792)
[DIAG] _physics_process: IN_PLANE returning
[DIAG] _poll_controls: ENTER, state=0
[VERBATIM] POLL: _poll_controls() entered, game_state=0
[DIAG] _poll_controls: EXIT (IN_PLANE branch)
[DIAG] _physics_process: ENTER, state=0
[DIAG] _physics_process: IN_PLANE branch entered
[DIAG] _physics_process: plane position updated to (783.4113, 1853.8, 162.0704)
[DIAG] _physics_process: checking camera follow
[DIAG] _physics_process: plane and camera valid, updating camera
[DIAG] _physics_process: camera moved from (783.8939, 1917.337, -45.67792) to (783.4113, 1917.337, -43.32695)
[DIAG] _physics_process: IN_PLANE returning
[DIAG] _physics_process: ENTER, state=0
[DIAG] _physics_process: IN_PLANE branch entered
[DIAG] _physics_process: plane position updated to (782.9215, 1853.8, 164.4199)
[DIAG] _physics_process: checking camera follow
[DIAG] _physics_process: plane and camera valid, updating camera
[DIAG] _physics_process: camera moved from (783.4113, 1917.337, -43.32695) to (782.9215, 1917.337, -40.97746)
[DIAG] _physics_process: IN_PLANE returning
[DIAG] _poll_controls: ENTER, state=0
[VERBATIM] POLL: _poll_controls() entered, game_state=0
[DIAG] _poll_controls: EXIT (IN_PLANE branch)
[DEBUG] _input (build_terrain) called, event=InputEventMouseMotion: button_mask=0, position=((422.0, 49.0)), relative=((-94.0, 48.0)), velocity=((-118.7769, -190.5213)), pressure=0.00, tilt=((0.0, 0.0)), pen_inverted=(false)
[DIAG] _physics_process: ENTER, state=0
[DIAG] _physics_process: IN_PLANE branch entered
[DIAG] _physics_process: plane position updated to (782.4247, 1853.8, 166.7679)
[DIAG] _physics_process: checking camera follow
[DIAG] _physics_process: plane and camera valid, updating camera
[DIAG] _physics_process: camera moved from (782.9215, 1917.337, -40.97746) to (782.4247, 1917.337, -38.62944)
[DIAG] _physics_process: IN_PLANE returning
[DIAG] _physics_process: ENTER, state=0
[DIAG] _physics_process: IN_PLANE branch entered
[DIAG] _physics_process: plane position updated to (781.9209, 1853.8, 169.1144)
[DIAG] _physics_process: checking camera follow
[DIAG] _physics_process: plane and camera valid, updating camera
[DIAG] _physics_process: camera moved from (782.4247, 1917.337, -38.62944) to (781.9209, 1917.337, -36.28291)
[DIAG] _physics_process: IN_PLANE returning
[DIAG] _poll_controls: ENTER, state=0
[VERBATIM] POLL: _poll_controls() entered, game_state=0
[DIAG] _poll_controls: EXIT (IN_PLANE branch)
[DEBUG] _input (build_terrain) called, event=InputEventMouseMotion: button_mask=0, position=((429.0, 75.0)), relative=((7.0, 26.0)), velocity=((-118.7769, -190.5213)), pressure=0.00, tilt=((0.0, 0.0)), pen_inverted=(false)
[DIAG] _physics_process: ENTER, state=0
[DIAG] _physics_process: IN_PLANE branch entered
[DIAG] _physics_process: plane position updated to (781.41, 1853.8, 171.4594)
[DIAG] _physics_process: checking camera follow
[DIAG] _physics_process: plane and camera valid, updating camera
[DIAG] _physics_process: camera moved from (781.9209, 1917.337, -36.28291) to (781.41, 1917.337, -33.93791)
[DIAG] _physics_process: IN_PLANE returning
[DIAG] _physics_process: ENTER, state=0
[DIAG] _physics_process: IN_PLANE branch entered
[DIAG] _physics_process: plane position updated to (780.8922, 1853.8, 173.8029)
[DIAG] _physics_process: checking camera follow
[DIAG] _physics_process: plane and camera valid, updating camera
[DIAG] _physics_process: camera moved from (781.41, 1917.337, -33.93791) to (780.8922, 1917.337, -31.59447)
[DIAG] _physics_process: IN_PLANE returning
[DIAG] _poll_controls: ENTER, state=0
[VERBATIM] POLL: _poll_controls() entered, game_state=0
[DIAG] _poll_controls: EXIT (IN_PLANE branch)
[DIAG] _physics_process: ENTER, state=0
[DIAG] _physics_process: IN_PLANE branch entered
[DIAG] _physics_process: plane position updated to (780.3672, 1853.8, 176.1448)
[DIAG] _physics_process: checking camera follow
[DIAG] _physics_process: plane and camera valid, updating camera
[DIAG] _physics_process: camera moved from (780.8922, 1917.337, -31.59447) to (780.3672, 1917.337, -29.25256)
[DIAG] _physics_process: IN_PLANE returning
[DIAG] _physics_process: ENTER, state=0
[DIAG] _physics_process: IN_PLANE branch entered
[DIAG] _physics_process: plane position updated to (779.8353, 1853.8, 178.4851)
[DIAG] _physics_process: checking camera follow
[DIAG] _physics_process: plane and camera valid, updating camera
[DIAG] _physics_process: camera moved from (780.3672, 1917.337, -29.25256) to (779.8353, 1917.337, -26.91226)
[DIAG] _physics_process: IN_PLANE returning
[DIAG] _poll_controls: ENTER, state=0
[VERBATIM] POLL: _poll_controls() entered, game_state=0
[DIAG] _poll_controls: EXIT (IN_PLANE branch)
[DEBUG] _input (build_terrain) called, event=InputEventMouseMotion: button_mask=0, position=((438.0, 96.0)), relative=((9.0, 21.0)), velocity=((-822.1508, 699.3007)), pressure=0.00, tilt=((0.0, 0.0)), pen_inverted=(false)
[DIAG] _physics_process: ENTER, state=0
[DIAG] _physics_process: IN_PLANE branch entered
[DIAG] _physics_process: plane position updated to (779.2963, 1853.8, 180.8238)
[DIAG] _physics_process: checking camera follow
[DIAG] _physics_process: plane and camera valid, updating camera
[DIAG] _physics_process: camera moved from (779.8353, 1917.337, -26.91226) to (779.2963, 1917.337, -24.57356)
[DIAG] _physics_process: IN_PLANE returning
[DIAG] _physics_process: ENTER, state=0
[DIAG] _physics_process: IN_PLANE branch entered
[DIAG] _physics_process: plane position updated to (778.7504, 1853.8, 183.1609)
[DIAG] _physics_process: checking camera follow
[DIAG] _physics_process: plane and camera valid, updating camera
[DIAG] _physics_process: camera moved from (779.2963, 1917.337, -24.57356) to (778.7504, 1917.337, -22.2365)
[DIAG] _physics_process: IN_PLANE returning
[DIAG] _poll_controls: ENTER, state=0
[VERBATIM] POLL: _poll_controls() entered, game_state=0
[DIAG] _poll_controls: EXIT (IN_PLANE branch)
[DEBUG] _input (build_terrain) called, event=InputEventMouseMotion: button_mask=0, position=((451.0, 125.0)), relative=((13.0, 29.0)), velocity=((-822.1508, 699.3007)), pressure=0.00, tilt=((0.0, 0.0)), pen_inverted=(false)
[DIAG] _physics_process: ENTER, state=0
[DIAG] _physics_process: IN_PLANE branch entered
[DIAG] _physics_process: plane position updated to (778.1974, 1853.8, 185.4963)
[DIAG] _physics_process: checking camera follow
[DIAG] _physics_process: plane and camera valid, updating camera
[DIAG] _physics_process: camera moved from (778.7504, 1917.337, -22.2365) to (778.1974, 1917.337, -19.90108)
[DIAG] _physics_process: IN_PLANE returning
[DIAG] _physics_process: ENTER, state=0
[DIAG] _physics_process: IN_PLANE branch entered
[DIAG] _physics_process: plane position updated to (777.6374, 1853.8, 187.83)
[DIAG] _physics_process: checking camera follow
[DIAG] _physics_process: plane and camera valid, updating camera
[DIAG] _physics_process: camera moved from (778.1974, 1917.337, -19.90108) to (777.6374, 1917.337, -17.56732)
[DIAG] _physics_process: IN_PLANE returning
[DIAG] _poll_controls: ENTER, state=0
[VERBATIM] POLL: _poll_controls() entered, game_state=0
[DIAG] _poll_controls: EXIT (IN_PLANE branch)
[DEBUG] _input (build_terrain) called, event=InputEventMouseMotion: button_mask=0, position=((452.0, 127.0)), relative=((1.0, 2.0)), velocity=((-822.1508, 699.3007)), pressure=0.00, tilt=((0.0, 0.0)), pen_inverted=(false)
[DIAG] _physics_process: ENTER, state=0
[DIAG] _physics_process: IN_PLANE branch entered
[DIAG] _physics_process: plane position updated to (777.0704, 1853.8, 190.1621)
[DIAG] _physics_process: checking camera follow
[DIAG] _physics_process: plane and camera valid, updating camera
[DIAG] _physics_process: camera moved from (777.6374, 1917.337, -17.56732) to (777.0704, 1917.337, -15.23526)
[DIAG] _physics_process: IN_PLANE returning
[DIAG] _physics_process: ENTER, state=0
[DIAG] _physics_process: IN_PLANE branch entered
[DIAG] _physics_process: plane position updated to (776.4964, 1853.8, 192.4924)
[DIAG] _physics_process: checking camera follow
[DIAG] _physics_process: plane and camera valid, updating camera
[DIAG] _physics_process: camera moved from (777.0704, 1917.337, -15.23526) to (776.4964, 1917.337, -12.90491)
[DIAG] _physics_process: IN_PLANE returning
[DIAG] _poll_controls: ENTER, state=0
[VERBATIM] POLL: _poll_controls() entered, game_state=0
[DIAG] _poll_controls: EXIT (IN_PLANE branch)
[DEBUG] _input (build_terrain) called, event=InputEventMouseMotion: button_mask=0, position=((455.0, 132.0)), relative=((3.0, 5.0)), velocity=((-822.1508, 699.3007)), pressure=0.00, tilt=((0.0, 0.0)), pen_inverted=(false)
[DIAG] _physics_process: ENTER, state=0
[DIAG] _physics_process: IN_PLANE branch entered
[DIAG] _physics_process: plane position updated to (775.9154, 1853.8, 194.8211)
[DIAG] _physics_process: checking camera follow
[DIAG] _physics_process: plane and camera valid, updating camera
[DIAG] _physics_process: camera moved from (776.4964, 1917.337, -12.90491) to (775.9154, 1917.337, -10.57628)
[DIAG] _physics_process: IN_PLANE returning
[DIAG] _physics_process: ENTER, state=0
[DIAG] _physics_process: IN_PLANE branch entered
[DIAG] _physics_process: plane position updated to (775.3275, 1853.8, 197.1479)
[DIAG] _physics_process: checking camera follow
[DIAG] _physics_process: plane and camera valid, updating camera
[DIAG] _physics_process: camera moved from (775.9154, 1917.337, -10.57628) to (775.3275, 1917.337, -8.24942)
[DIAG] _physics_process: IN_PLANE returning
[DIAG] _poll_controls: ENTER, state=0
[VERBATIM] POLL: _poll_controls() entered, game_state=0
[DIAG] _poll_controls: EXIT (IN_PLANE branch)
[DEBUG] _input (build_terrain) called, event=InputEventMouseMotion: button_mask=0, position=((456.0, 133.0)), relative=((1.0, 1.0)), velocity=((199.8847, 438.2087)), pressure=0.00, tilt=((0.0, 0.0)), pen_inverted=(false)
[DIAG] _physics_process: ENTER, state=0
[DIAG] _physics_process: IN_PLANE branch entered
[DIAG] _physics_process: plane position updated to (774.7325, 1853.8, 199.473)
[DIAG] _physics_process: checking camera follow
[DIAG] _physics_process: plane and camera valid, updating camera
[DIAG] _physics_process: camera moved from (775.3275, 1917.337, -8.24942) to (774.7325, 1917.337, -5.924316)
[DIAG] _physics_process: IN_PLANE returning
[DIAG] _physics_process: ENTER, state=0
[DIAG] _physics_process: IN_PLANE branch entered
[DIAG] _physics_process: plane position updated to (774.1306, 1853.8, 201.7963)
[DIAG] _physics_process: checking camera follow
[DIAG] _physics_process: plane and camera valid, updating camera
[DIAG] _physics_process: camera moved from (774.7325, 1917.337, -5.924316) to (774.1306, 1917.337, -3.601028)
[DIAG] _physics_process: IN_PLANE returning
[DIAG] _poll_controls: ENTER, state=0
[VERBATIM] POLL: _poll_controls() entered, game_state=0
[DIAG] _poll_controls: EXIT (IN_PLANE branch)
[DIAG] _physics_process: ENTER, state=0
[DIAG] _physics_process: IN_PLANE branch entered
[DIAG] _physics_process: plane position updated to (773.5218, 1853.8, 204.1178)
[DIAG] _physics_process: checking camera follow
[DIAG] _physics_process: plane and camera valid, updating camera
[DIAG] _physics_process: camera moved from (774.1306, 1917.337, -3.601028) to (773.5218, 1917.337, -1.279541)
[DIAG] _physics_process: IN_PLANE returning
[DIAG] _physics_process: ENTER, state=0
[DIAG] _physics_process: IN_PLANE branch entered
[DIAG] _physics_process: plane position updated to (772.9059, 1853.8, 206.4375)
[DIAG] _physics_process: checking camera follow
[DIAG] _physics_process: plane and camera valid, updating camera
[DIAG] _physics_process: camera moved from (773.5218, 1917.337, -1.279541) to (772.9059, 1917.337, 1.0401)
[DIAG] _physics_process: IN_PLANE returning
[DIAG] _poll_controls: ENTER, state=0
[VERBATIM] POLL: _poll_controls() entered, game_state=0
[DIAG] _poll_controls: EXIT (IN_PLANE branch)
[DIAG] _physics_process: ENTER, state=0
[DIAG] _physics_process: IN_PLANE branch entered
[DIAG] _physics_process: plane position updated to (772.2831, 1853.8, 208.7552)
[DIAG] _physics_process: checking camera follow
[DIAG] _physics_process: plane and camera valid, updating camera
[DIAG] _physics_process: camera moved from (772.9059, 1917.337, 1.0401) to (772.2831, 1917.337, 3.35788)
[DIAG] _physics_process: IN_PLANE returning
[DIAG] _physics_process: ENTER, state=0
[DIAG] _physics_process: IN_PLANE branch entered
[DIAG] _physics_process: plane position updated to (771.6534, 1853.8, 211.0711)
[DIAG] _physics_process: checking camera follow
[DIAG] _physics_process: plane and camera valid, updating camera
[DIAG] _physics_process: camera moved from (772.2831, 1917.337, 3.35788) to (771.6534, 1917.337, 5.673782)
[DIAG] _physics_process: IN_PLANE returning
[DIAG] _poll_controls: ENTER, state=0
[VERBATIM] POLL: _poll_controls() entered, game_state=0
[DIAG] _poll_controls: EXIT (IN_PLANE branch)
[DIAG] _physics_process: ENTER, state=0
[DIAG] _physics_process: IN_PLANE branch entered
[DIAG] _physics_process: plane position updated to (771.0167, 1853.8, 213.3851)
[DIAG] _physics_process: checking camera follow
[DIAG] _physics_process: plane and camera valid, updating camera
[DIAG] _physics_process: camera moved from (771.6534, 1917.337, 5.673782) to (771.0167, 1917.337, 7.987793)
[DIAG] _physics_process: IN_PLANE returning
[DIAG] _physics_process: ENTER, state=0
[DIAG] _physics_process: IN_PLANE branch entered
[DIAG] _physics_process: plane position updated to (770.3731, 1853.8, 215.6972)
[DIAG] _physics_process: checking camera follow
[DIAG] _physics_process: plane and camera valid, updating camera
[DIAG] _physics_process: camera moved from (771.0167, 1917.337, 7.987793) to (770.3731, 1917.337, 10.29988)
[DIAG] _physics_process: IN_PLANE returning
[DIAG] _poll_controls: ENTER, state=0
[VERBATIM] POLL: _poll_controls() entered, game_state=0
[DIAG] _poll_controls: EXIT (IN_PLANE branch)
[DIAG] _physics_process: ENTER, state=0
[DIAG] _physics_process: IN_PLANE branch entered
[DIAG] _physics_process: plane position updated to (769.7225, 1853.8, 218.0074)
[DIAG] _physics_process: checking camera follow
[DIAG] _physics_process: plane and camera valid, updating camera
[DIAG] _physics_process: camera moved from (770.3731, 1917.337, 10.29988) to (769.7225, 1917.337, 12.61003)
[DIAG] _physics_process: IN_PLANE returning
[DIAG] _physics_process: ENTER, state=0
[DIAG] _physics_process: IN_PLANE branch entered
[DIAG] _physics_process: plane position updated to (769.0651, 1853.8, 220.3156)
[DIAG] _physics_process: checking camera follow
[DIAG] _physics_process: plane and camera valid, updating camera
[DIAG] _physics_process: camera moved from (769.7225, 1917.337, 12.61003) to (769.0651, 1917.337, 14.91821)
[DIAG] _physics_process: IN_PLANE returning
[DIAG] _poll_controls: ENTER, state=0
[VERBATIM] POLL: _poll_controls() entered, game_state=0
[DIAG] _poll_controls: EXIT (IN_PLANE branch)
[DEBUG] _input (build_terrain) called, event=InputEventMouseButton: button_index=1, mods=none, pressed=true, canceled=false, position=((456.0, 133.0)), button_mask=1, double_click=false
[DIAG] _physics_process: ENTER, state=0
[DIAG] _physics_process: IN_PLANE branch entered
[DIAG] _physics_process: plane position updated to (768.4006, 1853.8, 222.6218)
[DIAG] _physics_process: checking camera follow
[DIAG] _physics_process: plane and camera valid, updating camera
[DIAG] _physics_process: camera moved from (769.0651, 1917.337, 14.91821) to (768.4006, 1917.337, 17.22441)
[DIAG] _physics_process: IN_PLANE returning
[DIAG] _physics_process: ENTER, state=0
[DIAG] _physics_process: IN_PLANE branch entered
[DIAG] _physics_process: plane position updated to (767.7293, 1853.8, 224.926)
[DIAG] _physics_process: checking camera follow
[DIAG] _physics_process: plane and camera valid, updating camera
[DIAG] _physics_process: camera moved from (768.4006, 1917.337, 17.22441) to (767.7293, 1917.337, 19.52861)
[DIAG] _physics_process: IN_PLANE returning
[DIAG] _poll_controls: ENTER, state=0
[VERBATIM] POLL: _poll_controls() entered, game_state=0
[DIAG] _poll_controls: EXIT (IN_PLANE branch)
[DIAG] _physics_process: ENTER, state=0
[DIAG] _physics_process: IN_PLANE branch entered
[DIAG] _physics_process: plane position updated to (767.0511, 1853.8, 227.2281)
[DIAG] _physics_process: checking camera follow
[DIAG] _physics_process: plane and camera valid, updating camera
[DIAG] _physics_process: camera moved from (767.7293, 1917.337, 19.52861) to (767.0511, 1917.337, 21.83078)
[DIAG] _physics_process: IN_PLANE returning
[DIAG] _physics_process: ENTER, state=0
[DIAG] _physics_process: IN_PLANE branch entered
[DIAG] _physics_process: plane position updated to (766.366, 1853.8, 229.5283)
[DIAG] _physics_process: checking camera follow
[DIAG] _physics_process: plane and camera valid, updating camera
[DIAG] _physics_process: camera moved from (767.0511, 1917.337, 21.83078) to (766.366, 1917.337, 24.13091)
[DIAG] _physics_process: IN_PLANE returning
[DIAG] _poll_controls: ENTER, state=0
[VERBATIM] POLL: _poll_controls() entered, game_state=0
[DIAG] _poll_controls: EXIT (IN_PLANE branch)
[DIAG] _physics_process: ENTER, state=0
[DIAG] _physics_process: IN_PLANE branch entered
[DIAG] _physics_process: plane position updated to (765.674, 1853.8, 231.8263)
[DIAG] _physics_process: checking camera follow
[DIAG] _physics_process: plane and camera valid, updating camera
[DIAG] _physics_process: camera moved from (766.366, 1917.337, 24.13091) to (765.674, 1917.337, 26.42897)
[DIAG] _physics_process: IN_PLANE returning
[DIAG] _physics_process: ENTER, state=0
[DIAG] _physics_process: IN_PLANE branch entered
[DIAG] _physics_process: plane position updated to (764.975, 1853.8, 234.1223)
[DIAG] _physics_process: checking camera follow
[DIAG] _physics_process: plane and camera valid, updating camera
[DIAG] _physics_process: camera moved from (765.674, 1917.337, 26.42897) to (764.975, 1917.337, 28.72495)
[DIAG] _physics_process: IN_PLANE returning
[DIAG] _poll_controls: ENTER, state=0
[VERBATIM] POLL: _poll_controls() entered, game_state=0
[DIAG] _poll_controls: EXIT (IN_PLANE branch)
[DEBUG] _input (build_terrain) called, event=InputEventMouseButton: button_index=1, mods=none, pressed=false, canceled=false, position=((456.0, 133.0)), button_mask=0, double_click=false
[DIAG] _physics_process: ENTER, state=0
[DIAG] _physics_process: IN_PLANE branch entered
[DIAG] _physics_process: plane position updated to (764.2692, 1853.8, 236.4162)
[DIAG] _physics_process: checking camera follow
[DIAG] _physics_process: plane and camera valid, updating camera
[DIAG] _physics_process: camera moved from (764.975, 1917.337, 28.72495) to (764.2692, 1917.337, 31.01881)
[DIAG] _physics_process: IN_PLANE returning
[DIAG] _physics_process: ENTER, state=0
[DIAG] _physics_process: IN_PLANE branch entered
[DIAG] _physics_process: plane position updated to (763.5565, 1853.8, 238.7079)
[DIAG] _physics_process: checking camera follow
[DIAG] _physics_process: plane and camera valid, updating camera
[DIAG] _physics_process: camera moved from (764.2692, 1917.337, 31.01881) to (763.5565, 1917.337, 33.31055)
[DIAG] _physics_process: IN_PLANE returning
[DIAG] _poll_controls: ENTER, state=0
[VERBATIM] POLL: _poll_controls() entered, game_state=0
[DIAG] _poll_controls: EXIT (IN_PLANE branch)
[DEBUG] _input (build_terrain) called, event=InputEventMouseMotion: button_mask=0, position=((456.0, 135.0)), relative=((0.0, 2.0)), velocity=((3.405473, 3.405473)), pressure=0.00, tilt=((0.0, 0.0)), pen_inverted=(false)
[DIAG] _physics_process: ENTER, state=0
[DIAG] _physics_process: IN_PLANE branch entered
[DIAG] _physics_process: plane position updated to (762.837, 1853.8, 240.9975)
[DIAG] _physics_process: checking camera follow
[DIAG] _physics_process: plane and camera valid, updating camera
[DIAG] _physics_process: camera moved from (763.5565, 1917.337, 33.31055) to (762.837, 1917.337, 35.60014)
[DIAG] _physics_process: IN_PLANE returning
[DIAG] _physics_process: ENTER, state=0
[DIAG] _physics_process: IN_PLANE branch entered
[DIAG] _physics_process: plane position updated to (762.1105, 1853.8, 243.2849)
[DIAG] _physics_process: checking camera follow
[DIAG] _physics_process: plane and camera valid, updating camera
[DIAG] _physics_process: camera moved from (762.837, 1917.337, 35.60014) to (762.1105, 1917.337, 37.88757)
[DIAG] _physics_process: IN_PLANE returning
[DIAG] _poll_controls: ENTER, state=0
[VERBATIM] POLL: _poll_controls() entered, game_state=0
[DIAG] _poll_controls: EXIT (IN_PLANE branch)
[DIAG] _physics_process: ENTER, state=0
[DIAG] _physics_process: IN_PLANE branch entered
[DIAG] _physics_process: plane position updated to (761.3773, 1853.8, 245.5702)
[DIAG] _physics_process: checking camera follow
[DIAG] _physics_process: plane and camera valid, updating camera
[DIAG] _physics_process: camera moved from (762.1105, 1917.337, 37.88757) to (761.3773, 1917.337, 40.17281)
[DIAG] _physics_process: IN_PLANE returning
[DIAG] _poll_controls: ENTER, state=0
[VERBATIM] POLL: _poll_controls() entered, game_state=0
[DIAG] _poll_controls: EXIT (IN_PLANE branch)
[DIAG] _physics_process: ENTER, state=0
[DIAG] _physics_process: IN_PLANE branch entered
[DIAG] _physics_process: plane position updated to (760.6371, 1853.8, 247.8532)
[DIAG] _physics_process: checking camera follow
[DIAG] _physics_process: plane and camera valid, updating camera
[DIAG] _physics_process: camera moved from (761.3773, 1917.337, 40.17281) to (760.6371, 1917.337, 42.45583)
[DIAG] _physics_process: IN_PLANE returning
[DIAG] _physics_process: ENTER, state=0
[DIAG] _physics_process: IN_PLANE branch entered
[DIAG] _physics_process: plane position updated to (759.8901, 1853.8, 250.134)
[DIAG] _physics_process: checking camera follow
[DIAG] _physics_process: plane and camera valid, updating camera
[DIAG] _physics_process: camera moved from (760.6371, 1917.337, 42.45583) to (759.8901, 1917.337, 44.73662)
[DIAG] _physics_process: IN_PLANE returning
[DIAG] _poll_controls: ENTER, state=0
[VERBATIM] POLL: _poll_controls() entered, game_state=0
[DIAG] _poll_controls: EXIT (IN_PLANE branch)
[DIAG] _physics_process: ENTER, state=0
[DIAG] _physics_process: IN_PLANE branch entered
[DIAG] _physics_process: plane position updated to (759.1363, 1853.8, 252.4125)
[DIAG] _physics_process: checking camera follow
[DIAG] _physics_process: plane and camera valid, updating camera
[DIAG] _physics_process: camera moved from (759.8901, 1917.337, 44.73662) to (759.1363, 1917.337, 47.01515)
[DIAG] _physics_process: IN_PLANE returning
[DIAG] _physics_process: ENTER, state=0
[DIAG] _physics_process: IN_PLANE branch entered
[DIAG] _physics_process: plane position updated to (758.3757, 1853.8, 254.6888)
[DIAG] _physics_process: checking camera follow
[DIAG] _physics_process: plane and camera valid, updating camera
[DIAG] _physics_process: camera moved from (759.1363, 1917.337, 47.01515) to (758.3757, 1917.337, 49.29143)
[DIAG] _physics_process: IN_PLANE returning
[DIAG] _poll_controls: ENTER, state=0
[VERBATIM] POLL: _poll_controls() entered, game_state=0
[DIAG] _poll_controls: EXIT (IN_PLANE branch)
[DIAG] _physics_process: ENTER, state=0
[DIAG] _physics_process: IN_PLANE branch entered
[DIAG] _physics_process: plane position updated to (757.6082, 1853.8, 256.9628)
[DIAG] _physics_process: checking camera follow
[DIAG] _physics_process: plane and camera valid, updating camera
[DIAG] _physics_process: camera moved from (758.3757, 1917.337, 49.29143) to (757.6082, 1917.337, 51.56541)
[DIAG] _physics_process: IN_PLANE returning
[DIAG] _physics_process: ENTER, state=0
[DIAG] _physics_process: IN_PLANE branch entered
[DIAG] _physics_process: plane position updated to (756.8339, 1853.8, 259.2344)
[DIAG] _physics_process: checking camera follow
[DIAG] _physics_process: plane and camera valid, updating camera
[DIAG] _physics_process: camera moved from (757.6082, 1917.337, 51.56541) to (756.8339, 1917.337, 53.83708)
[DIAG] _physics_process: IN_PLANE returning
[DIAG] _poll_controls: ENTER, state=0
[VERBATIM] POLL: _poll_controls() entered, game_state=0
[DIAG] _poll_controls: EXIT (IN_PLANE branch)
[DIAG] _physics_process: ENTER, state=0
[DIAG] _physics_process: IN_PLANE branch entered
[DIAG] _physics_process: plane position updated to (756.0528, 1853.8, 261.5038)
[DIAG] _physics_process: checking camera follow
[DIAG] _physics_process: plane and camera valid, updating camera
[DIAG] _physics_process: camera moved from (756.8339, 1917.337, 53.83708) to (756.0528, 1917.337, 56.1064)
[DIAG] _physics_process: IN_PLANE returning
[DIAG] _physics_process: ENTER, state=0
[DIAG] _physics_process: IN_PLANE branch entered
[DIAG] _physics_process: plane position updated to (755.2648, 1853.8, 263.7707)
[DIAG] _physics_process: checking camera follow
[DIAG] _physics_process: plane and camera valid, updating camera
[DIAG] _physics_process: camera moved from (756.0528, 1917.337, 56.1064) to (755.2648, 1917.337, 58.37337)
[DIAG] _physics_process: IN_PLANE returning
[DIAG] _poll_controls: ENTER, state=0
[VERBATIM] POLL: _poll_controls() entered, game_state=0
[DIAG] _poll_controls: EXIT (IN_PLANE branch)
[DIAG] _physics_process: ENTER, state=0
[DIAG] _physics_process: IN_PLANE branch entered
[DIAG] _physics_process: plane position updated to (754.4702, 1853.8, 266.0353)
[DIAG] _physics_process: checking camera follow
[DIAG] _physics_process: plane and camera valid, updating camera
[DIAG] _physics_process: camera moved from (755.2648, 1917.337, 58.37337) to (754.4702, 1917.337, 60.63799)
[DIAG] _physics_process: IN_PLANE returning
[DIAG] _physics_process: ENTER, state=0
[DIAG] _physics_process: IN_PLANE branch entered
[DIAG] _physics_process: plane position updated to (753.6686, 1853.8, 268.2975)
[DIAG] _physics_process: checking camera follow
[DIAG] _physics_process: plane and camera valid, updating camera
[DIAG] _physics_process: camera moved from (754.4702, 1917.337, 60.63799) to (753.6686, 1917.337, 62.90019)
[DIAG] _physics_process: IN_PLANE returning
[DIAG] _poll_controls: ENTER, state=0
[VERBATIM] POLL: _poll_controls() entered, game_state=0
[DIAG] _poll_controls: EXIT (IN_PLANE branch)
[DIAG] _physics_process: ENTER, state=0
[DIAG] _physics_process: IN_PLANE branch entered
[DIAG] _physics_process: plane position updated to (752.8604, 1853.8, 270.5573)
[DIAG] _physics_process: checking camera follow
[DIAG] _physics_process: plane and camera valid, updating camera
[DIAG] _physics_process: camera moved from (753.6686, 1917.337, 62.90019) to (752.8604, 1917.337, 65.15999)
[DIAG] _physics_process: IN_PLANE returning
[DIAG] _physics_process: ENTER, state=0
[DIAG] _physics_process: IN_PLANE branch entered
[DIAG] _physics_process: plane position updated to (752.0453, 1853.8, 272.8147)
[DIAG] _physics_process: checking camera follow
[DIAG] _physics_process: plane and camera valid, updating camera
[DIAG] _physics_process: camera moved from (752.8604, 1917.337, 65.15999) to (752.0453, 1917.337, 67.41734)
[DIAG] _physics_process: IN_PLANE returning
[DIAG] _poll_controls: ENTER, state=0
[VERBATIM] POLL: _poll_controls() entered, game_state=0
[DIAG] _poll_controls: EXIT (IN_PLANE branch)
[DIAG] _physics_process: ENTER, state=0
[DIAG] _physics_process: IN_PLANE branch entered
[DIAG] _physics_process: plane position updated to (751.2234, 1853.8, 275.0696)
[DIAG] _physics_process: checking camera follow
[DIAG] _physics_process: plane and camera valid, updating camera
[DIAG] _physics_process: camera moved from (752.0453, 1917.337, 67.41734) to (751.2234, 1917.337, 69.67226)
[DIAG] _physics_process: IN_PLANE returning
[DIAG] _physics_process: ENTER, state=0
[DIAG] _physics_process: IN_PLANE branch entered
[DIAG] _physics_process: plane position updated to (750.3949, 1853.8, 277.322)
[DIAG] _physics_process: checking camera follow
[DIAG] _physics_process: plane and camera valid, updating camera
[DIAG] _physics_process: camera moved from (751.2234, 1917.337, 69.67226) to (750.3949, 1917.337, 71.92467)
[DIAG] _physics_process: IN_PLANE returning
[DIAG] _poll_controls: ENTER, state=0
[VERBATIM] POLL: _poll_controls() entered, game_state=0
[DIAG] _poll_controls: EXIT (IN_PLANE branch)
[DIAG] _physics_process: ENTER, state=0
[DIAG] _physics_process: IN_PLANE branch entered
[DIAG] _physics_process: plane position updated to (749.5596, 1853.8, 279.572)
[DIAG] _physics_process: checking camera follow
[DIAG] _physics_process: plane and camera valid, updating camera
[DIAG] _physics_process: camera moved from (750.3949, 1917.337, 71.92467) to (749.5596, 1917.337, 74.17461)
[DIAG] _physics_process: IN_PLANE returning
[DIAG] _physics_process: ENTER, state=0
[DIAG] _physics_process: IN_PLANE branch entered
[DIAG] _physics_process: plane position updated to (748.7175, 1853.8, 281.8194)
[DIAG] _physics_process: checking camera follow
[DIAG] _physics_process: plane and camera valid, updating camera
[DIAG] _physics_process: camera moved from (749.5596, 1917.337, 74.17461) to (748.7175, 1917.337, 76.42204)
[DIAG] _physics_process: IN_PLANE returning
[DIAG] _poll_controls: ENTER, state=0
[VERBATIM] POLL: _poll_controls() entered, game_state=0
[DIAG] _poll_controls: EXIT (IN_PLANE branch)
[VERBATIM] Wind updated: 12.5 kts @ 240.0°
[LABELDUMP_HDR] idx,name,parent_path,script,text
[LABELDUMP],0,WindLabel,/root/Main/PiPLayer,none,WIND: 12.5 kts @ 240°
[LABELDUMP],1,@Label@108,/root/Main/@CanvasLayer@96,none,>>> CLICK WINDOW THEN PRESS KEYS: Q/E turn; C FC check; X cutaway; V reserve; F flare; R restart; C cycle views; H toggle HUD <<<
[LABELDUMP],2,@Label@107,/root/Main/@CanvasLayer@96,none,Mission: Training | Target Score: 500
[LABELDUMP],3,@Label@106,/root/Main/@CanvasLayer@96,none,
[LABELDUMP],4,@Label@104,/root/Main/@CanvasLayer@96,none,EP: Press J or SPACE to exit aircraft
[LABELDUMP],5,@Label@103,/root/Main/@CanvasLayer@96,none,MALF: --
[LABELDUMP],6,@Label@102,/root/Main/@CanvasLayer@96,none,LEG: BASE
[LABELDUMP],7,@Label@101,/root/Main/@CanvasLayer@96,none,TURN: --
[LABELDUMP],8,@Label@100,/root/Main/@CanvasLayer@96,none,BRG: -45°
[LABELDUMP],9,@Label@99,/root/Main/@CanvasLayer@96,none,HDG: 0°
[LABELDUMP],10,@Label@98,/root/Main/@CanvasLayer@96,none,SPD: --
[LABELDUMP],11,@Label@97,/root/Main/@CanvasLayer@96,none,ALT: 6000 ft (IN PLANE)
[LABELDUMP],12,@Label@39,/root/ForensicPanel/@PanelContainer@37/@VBoxContainer@38,none,FORENSIC PANEL
[LABELDUMP],13,@Label@24,/root/ForensicHUD/@CanvasLayer@6/@PanelContainer@7/@VBoxContainer@8,none,t: --:--:--
[LABELDUMP],14,@Label@22,/root/ForensicHUD/@CanvasLayer@6/@PanelContainer@7/@VBoxContainer@8,none,control_health: (loading...)
[LABELDUMP],15,@Label@21,/root/ForensicHUD/@CanvasLayer@6/@PanelContainer@7/@VBoxContainer@8,none,Controls
[LABELDUMP],16,@Label@18,/root/ForensicHUD/@CanvasLayer@6/@PanelContainer@7/@VBoxContainer@8,none,Citations
[LABELDUMP],17,@Label@15,/root/ForensicHUD/@CanvasLayer@6/@PanelContainer@7/@VBoxContainer@8,none,Top strategies (UCB1)
[LABELDUMP],18,@Label@13,/root/ForensicHUD/@CanvasLayer@6/@PanelContainer@7/@VBoxContainer@8,none,Level - / XP - / Streak -
[LABELDUMP],19,@Label@12,/root/ForensicHUD/@CanvasLayer@6/@PanelContainer@7/@VBoxContainer@8,none,status: (starting)
[LABELDUMP],20,@Label@10,/root/ForensicHUD/@CanvasLayer@6/@PanelContainer@7/@VBoxContainer@8,none,hub: http://127.0.0.1:8765
[LABELDUMP],21,@Label@9,/root/ForensicHUD/@CanvasLayer@6/@PanelContainer@7/@VBoxContainer@8,none,FORENSIC HUB
[LABELDUMP],22,@Label@5,/root/AltimeterHUD/@Panel@2/@VBoxContainer@3,none,VARIO: 0.00 m/s
[LABELDUMP],23,@Label@4,/root/AltimeterHUD/@Panel@2/@VBoxContainer@3,none,ALT: 6000 ft
[LABELDUMP] total Label nodes in tree: 24
[LABELDUMP] _hud_labels.size()=8
[PIPLIVE] eye=(100.0, 1830.5, -100.0) state=0 deployed=false framing=aircraft/sky
[DIAG] _physics_process: ENTER, state=0
[DIAG] _physics_process: IN_PLANE branch entered
[DIAG] _physics_process: plane position updated to (747.8687, 1853.8, 284.0643)
[DIAG] _physics_process: checking camera follow
[DIAG] _physics_process: plane and camera valid, updating camera
[DIAG] _physics_process: camera moved from (748.7175, 1917.337, 76.42204) to (747.8687, 1917.337, 78.66692)
[DIAG] _physics_process: IN_PLANE returning
[DIAG] _physics_process: ENTER, state=0
[DIAG] _physics_process: IN_PLANE branch entered
[DIAG] _physics_process: plane position updated to (747.0131, 1853.8, 286.3066)
[DIAG] _physics_process: checking camera follow
[DIAG] _physics_process: plane and camera valid, updating camera
[DIAG] _physics_process: camera moved from (747.8687, 1917.337, 78.66692) to (747.0131, 1917.337, 80.90923)
[DIAG] _physics_process: IN_PLANE returning
[DIAG] _poll_controls: ENTER, state=0
[VERBATIM] POLL: _poll_controls() entered, game_state=0
[DIAG] _poll_controls: EXIT (IN_PLANE branch)
[DIAG] _physics_process: ENTER, state=0
[DIAG] _physics_process: IN_PLANE branch entered
[DIAG] _physics_process: plane position updated to (746.1508, 1853.8, 288.5463)
[DIAG] _physics_process: checking camera follow
[DIAG] _physics_process: plane and camera valid, updating camera
[DIAG] _physics_process: camera moved from (747.0131, 1917.337, 80.90923) to (746.1508, 1917.337, 83.14897)
[DIAG] _physics_process: IN_PLANE returning
[DIAG] _physics_process: ENTER, state=0
[DIAG] _physics_process: IN_PLANE branch entered
[DIAG] _physics_process: plane position updated to (745.2818, 1853.8, 290.7835)
[DIAG] _physics_process: checking camera follow
[DIAG] _physics_process: plane and camera valid, updating camera
[DIAG] _physics_process: camera moved from (746.1508, 1917.337, 83.14897) to (745.2818, 1917.337, 85.38612)
[DIAG] _physics_process: IN_PLANE returning
[DIAG] _poll_controls: ENTER, state=0
[VERBATIM] POLL: _poll_controls() entered, game_state=0
[DIAG] _poll_controls: EXIT (IN_PLANE branch)
[DIAG] _physics_process: ENTER, state=0
[DIAG] _physics_process: IN_PLANE branch entered
[DIAG] _physics_process: plane position updated to (744.4061, 1853.8, 293.018)
[DIAG] _physics_process: checking camera follow
[DIAG] _physics_process: plane and camera valid, updating camera
[DIAG] _physics_process: camera moved from (745.2818, 1917.337, 85.38612) to (744.4061, 1917.337, 87.62068)
[DIAG] _physics_process: IN_PLANE returning
[DIAG] _physics_process: ENTER, state=0
[DIAG] _physics_process: IN_PLANE branch entered
[DIAG] _physics_process: plane position updated to (743.5237, 1853.8, 295.2499)
[DIAG] _physics_process: checking camera follow
[DIAG] _physics_process: plane and camera valid, updating camera
[DIAG] _physics_process: camera moved from (744.4061, 1917.337, 87.62068) to (743.5237, 1917.337, 89.85255)
[DIAG] _physics_process: IN_PLANE returning
[DIAG] _poll_controls: ENTER, state=0
[VERBATIM] POLL: _poll_controls() entered, game_state=0
[DIAG] _poll_controls: EXIT (IN_PLANE branch)
[DIAG] _physics_process: ENTER, state=0
[DIAG] _physics_process: IN_PLANE branch entered
[DIAG] _physics_process: plane position updated to (742.6346, 1853.8, 297.4792)
[DIAG] _physics_process: checking camera follow
[DIAG] _physics_process: plane and camera valid, updating camera
[DIAG] _physics_process: camera moved from (743.5237, 1917.337, 89.85255) to (742.6346, 1917.337, 92.0818)
[DIAG] _physics_process: IN_PLANE returning
[DIAG] _physics_process: ENTER, state=0
[DIAG] _physics_process: IN_PLANE branch entered
[DIAG] _physics_process: plane position updated to (741.7388, 1853.8, 299.7057)
[DIAG] _physics_process: checking camera follow
[DIAG] _physics_process: plane and camera valid, updating camera
[DIAG] _physics_process: camera moved from (742.6346, 1917.337, 92.0818) to (741.7388, 1917.337, 94.30836)
[DIAG] _physics_process: IN_PLANE returning
[DIAG] _poll_controls: ENTER, state=0
[VERBATIM] POLL: _poll_controls() entered, game_state=0
[DIAG] _poll_controls: EXIT (IN_PLANE branch)
[DIAG] _physics_process: ENTER, state=0
[DIAG] _physics_process: IN_PLANE branch entered
[DIAG] _physics_process: plane position updated to (740.8364, 1853.8, 301.9296)
[DIAG] _physics_process: checking camera follow
[DIAG] _physics_process: plane and camera valid, updating camera
[DIAG] _physics_process: camera moved from (741.7388, 1917.337, 94.30836) to (740.8364, 1917.337, 96.53224)
[DIAG] _physics_process: IN_PLANE returning
[DIAG] _physics_process: ENTER, state=0
[DIAG] _physics_process: IN_PLANE branch entered
[DIAG] _physics_process: plane position updated to (739.9272, 1853.8, 304.1507)
[DIAG] _physics_process: checking camera follow
[DIAG] _physics_process: plane and camera valid, updating camera
[DIAG] _physics_process: camera moved from (740.8364, 1917.337, 96.53224) to (739.9272, 1917.337, 98.75337)
[DIAG] _physics_process: IN_PLANE returning
[DIAG] _poll_controls: ENTER, state=0
[VERBATIM] POLL: _poll_controls() entered, game_state=0
[DIAG] _poll_controls: EXIT (IN_PLANE branch)
[DIAG] _physics_process: ENTER, state=0
[DIAG] _physics_process: IN_PLANE branch entered
[DIAG] _physics_process: plane position updated to (739.0115, 1853.8, 306.3691)
[DIAG] _physics_process: checking camera follow
[DIAG] _physics_process: plane and camera valid, updating camera
[DIAG] _physics_process: camera moved from (739.9272, 1917.337, 98.75337) to (739.0115, 1917.337, 100.9718)
[DIAG] _physics_process: IN_PLANE returning
[DIAG] _physics_process: ENTER, state=0
[DIAG] _physics_process: IN_PLANE branch entered
[DIAG] _physics_process: plane position updated to (738.0891, 1853.8, 308.5848)
[DIAG] _physics_process: checking camera follow
[DIAG] _physics_process: plane and camera valid, updating camera
[DIAG] _physics_process: camera moved from (739.0115, 1917.337, 100.9718) to (738.0891, 1917.337, 103.1875)
[DIAG] _physics_process: IN_PLANE returning
[DIAG] _poll_controls: ENTER, state=0
[VERBATIM] POLL: _poll_controls() entered, game_state=0
[DIAG] _poll_controls: EXIT (IN_PLANE branch)
[DIAG] _physics_process: ENTER, state=0
[DIAG] _physics_process: IN_PLANE branch entered
[DIAG] _physics_process: plane position updated to (737.16, 1853.8, 310.7977)
[DIAG] _physics_process: checking camera follow
[DIAG] _physics_process: plane and camera valid, updating camera
[DIAG] _physics_process: camera moved from (738.0891, 1917.337, 103.1875) to (737.16, 1917.337, 105.4003)
[DIAG] _physics_process: IN_PLANE returning
[DIAG] _physics_process: ENTER, state=0
[DIAG] _physics_process: IN_PLANE branch entered
[DIAG] _physics_process: plane position updated to (736.2242, 1853.8, 313.0078)
[DIAG] _physics_process: checking camera follow
[DIAG] _physics_process: plane and camera valid, updating camera
[DIAG] _physics_process: camera moved from (737.16, 1917.337, 105.4003) to (736.2242, 1917.337, 107.6104)
[DIAG] _physics_process: IN_PLANE returning
[DIAG] _poll_controls: ENTER, state=0
[VERBATIM] POLL: _poll_controls() entered, game_state=0
[DIAG] _poll_controls: EXIT (IN_PLANE branch)
[DIAG] _physics_process: ENTER, state=0
[DIAG] _physics_process: IN_PLANE branch entered
[DIAG] _physics_process: plane position updated to (735.2819, 1853.8, 315.215)
[DIAG] _physics_process: checking camera follow
[DIAG] _physics_process: plane and camera valid, updating camera
[DIAG] _physics_process: camera moved from (736.2242, 1917.337, 107.6104) to (735.2819, 1917.337, 109.8176)
[DIAG] _physics_process: IN_PLANE returning
[DIAG] _physics_process: ENTER, state=0
[DIAG] _physics_process: IN_PLANE branch entered
[DIAG] _physics_process: plane position updated to (734.3329, 1853.8, 317.4194)
[DIAG] _physics_process: checking camera follow
[DIAG] _physics_process: plane and camera valid, updating camera
[DIAG] _physics_process: camera moved from (735.2819, 1917.337, 109.8176) to (734.3329, 1917.337, 112.0221)
[DIAG] _physics_process: IN_PLANE returning
[DIAG] _poll_controls: ENTER, state=0
[VERBATIM] POLL: _poll_controls() entered, game_state=0
[DIAG] _poll_controls: EXIT (IN_PLANE branch)
[DIAG] _physics_process: ENTER, state=0
[DIAG] _physics_process: IN_PLANE branch entered
[DIAG] _physics_process: plane position updated to (733.3774, 1853.8, 319.621)
[DIAG] _physics_process: checking camera follow
[DIAG] _physics_process: plane and camera valid, updating camera
[DIAG] _physics_process: camera moved from (734.3329, 1917.337, 112.0221) to (733.3774, 1917.337, 114.2236)
[DIAG] _physics_process: IN_PLANE returning
[DIAG] _physics_process: ENTER, state=0
[DIAG] _physics_process: IN_PLANE branch entered
[DIAG] _physics_process: plane position updated to (732.4152, 1853.8, 321.8197)
[DIAG] _physics_process: checking camera follow
[DIAG] _physics_process: plane and camera valid, updating camera
[DIAG] _physics_process: camera moved from (733.3774, 1917.337, 114.2236) to (732.4152, 1917.337, 116.4223)
[DIAG] _physics_process: IN_PLANE returning
[DIAG] _poll_controls: ENTER, state=0
[VERBATIM] POLL: _poll_controls() entered, game_state=0
[DIAG] _poll_controls: EXIT (IN_PLANE branch)
[DIAG] _physics_process: ENTER, state=0
[DIAG] _physics_process: IN_PLANE branch entered
[DIAG] _physics_process: plane position updated to (731.4465, 1853.8, 324.0155)
[DIAG] _physics_process: checking camera follow
[DIAG] _physics_process: plane and camera valid, updating camera
[DIAG] _physics_process: camera moved from (732.4152, 1917.337, 116.4223) to (731.4465, 1917.337, 118.6181)
[DIAG] _physics_process: IN_PLANE returning
[DIAG] _physics_process: ENTER, state=0
[DIAG] _physics_process: IN_PLANE branch entered
[DIAG] _physics_process: plane position updated to (730.4711, 1853.8, 326.2084)
[DIAG] _physics_process: checking camera follow
[DIAG] _physics_process: plane and camera valid, updating camera
[DIAG] _physics_process: camera moved from (731.4465, 1917.337, 118.6181) to (730.4711, 1917.337, 120.811)
[DIAG] _physics_process: IN_PLANE returning
[DIAG] _poll_controls: ENTER, state=0
[VERBATIM] POLL: _poll_controls() entered, game_state=0
[DIAG] _poll_controls: EXIT (IN_PLANE branch)
[DIAG] _physics_process: ENTER, state=0
[DIAG] _physics_process: IN_PLANE branch entered
[DIAG] _physics_process: plane position updated to (729.4893, 1853.8, 328.3983)
[DIAG] _physics_process: checking camera follow
[DIAG] _physics_process: plane and camera valid, updating camera
[DIAG] _physics_process: camera moved from (730.4711, 1917.337, 120.811) to (729.4893, 1917.337, 123.001)
[DIAG] _physics_process: IN_PLANE returning
[DIAG] _poll_controls: ENTER, state=0
[VERBATIM] POLL: _poll_controls() entered, game_state=0
[DIAG] _poll_controls: EXIT (IN_PLANE branch)
[DIAG] _physics_process: ENTER, state=0
[DIAG] _physics_process: IN_PLANE branch entered
[DIAG] _physics_process: plane position updated to (728.5008, 1853.8, 330.5853)
[DIAG] _physics_process: checking camera follow
[DIAG] _physics_process: plane and camera valid, updating camera
[DIAG] _physics_process: camera moved from (729.4893, 1917.337, 123.001) to (728.5008, 1917.337, 125.1879)
[DIAG] _physics_process: IN_PLANE returning
[DIAG] _physics_process: ENTER, state=0
[DIAG] _physics_process: IN_PLANE branch entered
[DIAG] _physics_process: plane position updated to (727.5057, 1853.8, 332.7693)
[DIAG] _physics_process: checking camera follow
[DIAG] _physics_process: plane and camera valid, updating camera
[DIAG] _physics_process: camera moved from (728.5008, 1917.337, 125.1879) to (727.5057, 1917.337, 127.372)
[DIAG] _physics_process: IN_PLANE returning
[DIAG] _poll_controls: ENTER, state=0
[VERBATIM] POLL: _poll_controls() entered, game_state=0
[DIAG] _poll_controls: EXIT (IN_PLANE branch)
[DIAG] _physics_process: ENTER, state=0
[DIAG] _physics_process: IN_PLANE branch entered
[DIAG] _physics_process: plane position updated to (726.5042, 1853.8, 334.9503)
[DIAG] _physics_process: checking camera follow
[DIAG] _physics_process: plane and camera valid, updating camera
[DIAG] _physics_process: camera moved from (727.5057, 1917.337, 127.372) to (726.5042, 1917.337, 129.553)
[DIAG] _physics_process: IN_PLANE returning
[DIAG] _physics_process: ENTER, state=0
[DIAG] _physics_process: IN_PLANE branch entered
[DIAG] _physics_process: plane position updated to (725.496, 1853.8, 337.1283)
[DIAG] _physics_process: checking camera follow
[DIAG] _physics_process: plane and camera valid, updating camera
[DIAG] _physics_process: camera moved from (726.5042, 1917.337, 129.553) to (725.496, 1917.337, 131.731)
[DIAG] _physics_process: IN_PLANE returning
[DIAG] _poll_controls: ENTER, state=0
[VERBATIM] POLL: _poll_controls() entered, game_state=0
[DIAG] _poll_controls: EXIT (IN_PLANE branch)
[DIAG] _physics_process: ENTER, state=0
[DIAG] _physics_process: IN_PLANE branch entered
[DIAG] _physics_process: plane position updated to (724.4814, 1853.8, 339.3033)
[DIAG] _physics_process: checking camera follow
[DIAG] _physics_process: plane and camera valid, updating camera
[DIAG] _physics_process: camera moved from (725.496, 1917.337, 131.731) to (724.4814, 1917.337, 133.9059)
[DIAG] _physics_process: IN_PLANE returning
[DIAG] _physics_process: ENTER, state=0
[DIAG] _physics_process: IN_PLANE branch entered
[DIAG] _physics_process: plane position updated to (723.4602, 1853.8, 341.4752)
[DIAG] _physics_process: checking camera follow
[DIAG] _physics_process: plane and camera valid, updating camera
[DIAG] _physics_process: camera moved from (724.4814, 1917.337, 133.9059) to (723.4602, 1917.337, 136.0778)
[DIAG] _physics_process: IN_PLANE returning
[DIAG] _poll_controls: ENTER, state=0
[VERBATIM] POLL: _poll_controls() entered, game_state=0
[DIAG] _poll_controls: EXIT (IN_PLANE branch)
[DIAG] _physics_process: ENTER, state=0
[DIAG] _physics_process: IN_PLANE branch entered
[DIAG] _physics_process: plane position updated to (722.4326, 1853.8, 343.644)
[DIAG] _physics_process: checking camera follow
[DIAG] _physics_process: plane and camera valid, updating camera
[DIAG] _physics_process: camera moved from (723.4602, 1917.337, 136.0778) to (722.4326, 1917.337, 138.2467)
[DIAG] _physics_process: IN_PLANE returning
[DIAG] _physics_process: ENTER, state=0
[DIAG] _physics_process: IN_PLANE branch entered
[DIAG] _physics_process: plane position updated to (721.3984, 1853.8, 345.8098)
[DIAG] _physics_process: checking camera follow
[DIAG] _physics_process: plane and camera valid, updating camera
[DIAG] _physics_process: camera moved from (722.4326, 1917.337, 138.2467) to (721.3984, 1917.337, 140.4124)
[DIAG] _physics_process: IN_PLANE returning
[DIAG] _poll_controls: ENTER, state=0
[VERBATIM] POLL: _poll_controls() entered, game_state=0
[DIAG] _poll_controls: EXIT (IN_PLANE branch)
[DEBUG] _input (build_terrain) called, event=InputEventKey: keycode=74 (J), mods=none, physical=false, location=unspecified, pressed=true, echo=false
[CTRL] pressed=j  key=J  state=0  deployed=false  alt_m=1828.8
[DIAG] _physics_process: ENTER, state=0
[DIAG] _physics_process: IN_PLANE branch entered
[DIAG] _physics_process: plane position updated to (720.3577, 1853.8, 347.9724)
[DIAG] _physics_process: checking camera follow
[DIAG] _physics_process: plane and camera valid, updating camera
[DIAG] _physics_process: camera moved from (721.3984, 1917.337, 140.4124) to (720.3577, 1917.337, 142.5751)
[DIAG] _physics_process: IN_PLANE returning
[DIAG] _physics_process: ENTER, state=0
[DIAG] _physics_process: IN_PLANE branch entered
[DIAG] _physics_process: plane position updated to (719.3105, 1853.8, 350.1319)
[DIAG] _physics_process: checking camera follow
[DIAG] _physics_process: plane and camera valid, updating camera
[DIAG] _physics_process: camera moved from (720.3577, 1917.337, 142.5751) to (719.3105, 1917.337, 144.7346)
[DIAG] _physics_process: IN_PLANE returning
[DIAG] _poll_controls: ENTER, state=0
[VERBATIM] POLL: _poll_controls() entered, game_state=0
[DIAG] _poll_controls: exit aircraft triggered
[VERBATIM] EXIT AIRCRAFT - transitioning FREEFALL
[CAMERA] Switched to character after exit
[DIAG] _poll_controls: EXIT (IN_PLANE branch)
[DEBUG] _input (build_terrain) called, event=InputEventKey: keycode=74 (J), mods=none, physical=false, location=unspecified, pressed=false, echo=false
[DIAG] _physics_process: ENTER, state=1
[DIAG] _physics_process: camera target set to character (state: 1)
[WIND] speed 6.09880954584222 kts  dir 0°  gust 0.0  vec_ms (0.0, 0.0, 3.137496)
[DIAG] _physics_process: ENTER, state=1
[DIAG] _physics_process: camera target set to character (state: 1)
[DIAG] _physics_process: ENTER, state=1
[DIAG] _physics_process: camera target set to character (state: 1)
[DIAG] _physics_process: ENTER, state=1
[DIAG] _physics_process: camera target set to character (state: 1)
[DIAG] _physics_process: ENTER, state=1
[DIAG] _physics_process: camera target set to character (state: 1)
[DIAG] _physics_process: ENTER, state=1
[DIAG] _physics_process: camera target set to character (state: 1)
[DIAG] _physics_process: ENTER, state=1
[DIAG] _physics_process: camera target set to character (state: 1)
[DIAG] _physics_process: ENTER, state=1
[DIAG] _physics_process: camera target set to character (state: 1)
[DIAG] _poll_controls: ENTER, state=1
[VERBATIM] POLL: _poll_controls() entered, game_state=1
[VERBATIM] POLL: checking deploy state=1 canopy=false
[DIAG] _physics_process: ENTER, state=1
[DIAG] _physics_process: camera target set to character (state: 1)
[DIAG] _physics_process: ENTER, state=1
[DIAG] _physics_process: camera target set to character (state: 1)
[DIAG] _physics_process: ENTER, state=1
[DIAG] _physics_process: camera target set to character (state: 1)
[DIAG] _poll_controls: ENTER, state=1
[VERBATIM] POLL: _poll_controls() entered, game_state=1
[VERBATIM] POLL: checking deploy state=1 canopy=false
[DIAG] _physics_process: ENTER, state=1
[DIAG] _physics_process: camera target set to character (state: 1)
[DIAG] _physics_process: ENTER, state=1
[DIAG] _physics_process: camera target set to character (state: 1)
[DIAG] _poll_controls: ENTER, state=1
[VERBATIM] POLL: _poll_controls() entered, game_state=1
[VERBATIM] POLL: checking deploy state=1 canopy=false
[DIAG] _physics_process: ENTER, state=1
[DIAG] _physics_process: camera target set to character (state: 1)
[DIAG] _physics_process: ENTER, state=1
[DIAG] _physics_process: camera target set to character (state: 1)
[DIAG] _poll_controls: ENTER, state=1
[VERBATIM] POLL: _poll_controls() entered, game_state=1
[VERBATIM] POLL: checking deploy state=1 canopy=false
[DIAG] _physics_process: ENTER, state=1
[DIAG] _physics_process: camera target set to character (state: 1)
[DIAG] _physics_process: ENTER, state=1
[DIAG] _physics_process: camera target set to character (state: 1)
[DIAG] _poll_controls: ENTER, state=1
[VERBATIM] POLL: _poll_controls() entered, game_state=1
[VERBATIM] POLL: checking deploy state=1 canopy=false
[DIAG] _physics_process: ENTER, state=1
[DIAG] _physics_process: camera target set to character (state: 1)
[DIAG] _physics_process: ENTER, state=1
[DIAG] _physics_process: camera target set to character (state: 1)
[DIAG] _poll_controls: ENTER, state=1
[VERBATIM] POLL: _poll_controls() entered, game_state=1
[VERBATIM] POLL: checking deploy state=1 canopy=false
[DIAG] _physics_process: ENTER, state=1
[DIAG] _physics_process: camera target set to character (state: 1)
[DIAG] _physics_process: ENTER, state=1
[DIAG] _physics_process: camera target set to character (state: 1)
[DIAG] _poll_controls: ENTER, state=1
[VERBATIM] POLL: _poll_controls() entered, game_state=1
[VERBATIM] POLL: checking deploy state=1 canopy=false
[DIAG] _physics_process: ENTER, state=1
[DIAG] _physics_process: camera target set to character (state: 1)
[DIAG] _physics_process: ENTER, state=1
[DIAG] _physics_process: camera target set to character (state: 1)
[DIAG] _poll_controls: ENTER, state=1
[VERBATIM] POLL: _poll_controls() entered, game_state=1
[VERBATIM] POLL: checking deploy state=1 canopy=false
[DIAG] _physics_process: ENTER, state=1
[DIAG] _physics_process: camera target set to character (state: 1)
[DIAG] _physics_process: ENTER, state=1
[DIAG] _physics_process: camera target set to character (state: 1)
[DIAG] _poll_controls: ENTER, state=1
[VERBATIM] POLL: _poll_controls() entered, game_state=1
[VERBATIM] POLL: checking deploy state=1 canopy=false
[DIAG] _physics_process: ENTER, state=1
[DIAG] _physics_process: camera target set to character (state: 1)
[DIAG] _poll_controls: ENTER, state=1
[VERBATIM] POLL: _poll_controls() entered, game_state=1
[VERBATIM] POLL: checking deploy state=1 canopy=false
[DIAG] _physics_process: ENTER, state=1
[DIAG] _physics_process: camera target set to character (state: 1)
[DIAG] _physics_process: ENTER, state=1
[DIAG] _physics_process: camera target set to character (state: 1)
[DIAG] _poll_controls: ENTER, state=1
[VERBATIM] POLL: _poll_controls() entered, game_state=1
[VERBATIM] POLL: checking deploy state=1 canopy=false
[DIAG] _physics_process: ENTER, state=1
[DIAG] _physics_process: camera target set to character (state: 1)
[DIAG] _physics_process: ENTER, state=1
[DIAG] _physics_process: camera target set to character (state: 1)
[DIAG] _poll_controls: ENTER, state=1
[VERBATIM] POLL: _poll_controls() entered, game_state=1
[VERBATIM] POLL: checking deploy state=1 canopy=false
[VERBATIM] Wind updated: 12.5 kts @ 240.0°
[DIAG] _physics_process: ENTER, state=1
[DIAG] _physics_process: camera target set to character (state: 1)
[DIAG] _physics_process: ENTER, state=1
[DIAG] _physics_process: camera target set to character (state: 1)
[DIAG] _poll_controls: ENTER, state=1
[VERBATIM] POLL: _poll_controls() entered, game_state=1
[VERBATIM] POLL: checking deploy state=1 canopy=false
[DIAG] _physics_process: ENTER, state=1
[DIAG] _physics_process: camera target set to character (state: 1)
[DIAG] _physics_process: ENTER, state=1
[DIAG] _physics_process: camera target set to character (state: 1)
[DIAG] _poll_controls: ENTER, state=1
[VERBATIM] POLL: _poll_controls() entered, game_state=1
[VERBATIM] POLL: checking deploy state=1 canopy=false
[DIAG] _physics_process: ENTER, state=1
[DIAG] _physics_process: camera target set to character (state: 1)
[DIAG] _physics_process: ENTER, state=1
[DIAG] _physics_process: camera target set to character (state: 1)
[DIAG] _poll_controls: ENTER, state=1
[VERBATIM] POLL: _poll_controls() entered, game_state=1
[VERBATIM] POLL: checking deploy state=1 canopy=false
[DIAG] _physics_process: ENTER, state=1
[DIAG] _physics_process: camera target set to character (state: 1)
[DIAG] _physics_process: ENTER, state=1
[DIAG] _physics_process: camera target set to character (state: 1)
[DIAG] _poll_controls: ENTER, state=1
[VERBATIM] POLL: _poll_controls() entered, game_state=1
[VERBATIM] POLL: checking deploy state=1 canopy=false
[DIAG] _physics_process: ENTER, state=1
[DIAG] _physics_process: camera target set to character (state: 1)
[DIAG] _physics_process: ENTER, state=1
[DIAG] _physics_process: camera target set to character (state: 1)
[DIAG] _poll_controls: ENTER, state=1
[VERBATIM] POLL: _poll_controls() entered, game_state=1
[VERBATIM] POLL: checking deploy state=1 canopy=false
[DIAG] _physics_process: ENTER, state=1
[DIAG] _physics_process: camera target set to character (state: 1)
[DIAG] _physics_process: ENTER, state=1
[DIAG] _physics_process: camera target set to character (state: 1)
[DIAG] _poll_controls: ENTER, state=1
[VERBATIM] POLL: _poll_controls() entered, game_state=1
[VERBATIM] POLL: checking deploy state=1 canopy=false
[DIAG] _physics_process: ENTER, state=1
[DIAG] _physics_process: camera target set to character (state: 1)
[DIAG] _physics_process: ENTER, state=1
[DIAG] _physics_process: camera target set to character (state: 1)
[DIAG] _poll_controls: ENTER, state=1
[VERBATIM] POLL: _poll_controls() entered, game_state=1
[VERBATIM] POLL: checking deploy state=1 canopy=false
[DIAG] _physics_process: ENTER, state=1
[DIAG] _physics_process: camera target set to character (state: 1)
[DIAG] _poll_controls: ENTER, state=1
[VERBATIM] POLL: _poll_controls() entered, game_state=1
[VERBATIM] POLL: checking deploy state=1 canopy=false
[DIAG] _physics_process: ENTER, state=1
[DIAG] _physics_process: camera target set to character (state: 1)
[DIAG] _physics_process: ENTER, state=1
[DIAG] _physics_process: camera target set to character (state: 1)
[DIAG] _poll_controls: ENTER, state=1
[VERBATIM] POLL: _poll_controls() entered, game_state=1
[VERBATIM] POLL: checking deploy state=1 canopy=false
[DIAG] _physics_process: ENTER, state=1
[DIAG] _physics_process: camera target set to character (state: 1)
[DIAG] _physics_process: ENTER, state=1
[DIAG] _physics_process: camera target set to character (state: 1)
[DIAG] _poll_controls: ENTER, state=1
[VERBATIM] POLL: _poll_controls() entered, game_state=1
[VERBATIM] POLL: checking deploy state=1 canopy=false
[DIAG] _physics_process: ENTER, state=1
[DIAG] _physics_process: camera target set to character (state: 1)
[DIAG] _physics_process: ENTER, state=1
[DIAG] _physics_process: camera target set to character (state: 1)
[DIAG] _poll_controls: ENTER, state=1
[VERBATIM] POLL: _poll_controls() entered, game_state=1
[VERBATIM] POLL: checking deploy state=1 canopy=false
[DIAG] _physics_process: ENTER, state=1
[DIAG] _physics_process: camera target set to character (state: 1)
[DIAG] _physics_process: ENTER, state=1
[DIAG] _physics_process: camera target set to character (state: 1)
[DIAG] _poll_controls: ENTER, state=1
[VERBATIM] POLL: _poll_controls() entered, game_state=1
[VERBATIM] POLL: checking deploy state=1 canopy=false
[DIAG] _physics_process: ENTER, state=1
[DIAG] _physics_process: camera target set to character (state: 1)
[DIAG] _physics_process: ENTER, state=1
[DIAG] _physics_process: camera target set to character (state: 1)
[DIAG] _poll_controls: ENTER, state=1
[VERBATIM] POLL: _poll_controls() entered, game_state=1
[VERBATIM] POLL: checking deploy state=1 canopy=false
[DIAG] _physics_process: ENTER, state=1
[DIAG] _physics_process: camera target set to character (state: 1)
[DIAG] _physics_process: ENTER, state=1
[DIAG] _physics_process: camera target set to character (state: 1)
[DIAG] _poll_controls: ENTER, state=1
[VERBATIM] POLL: _poll_controls() entered, game_state=1
[VERBATIM] POLL: checking deploy state=1 canopy=false
[DIAG] _physics_process: ENTER, state=1
[DIAG] _physics_process: camera target set to character (state: 1)
[DIAG] _physics_process: ENTER, state=1
[DIAG] _physics_process: camera target set to character (state: 1)
[DIAG] _poll_controls: ENTER, state=1
[VERBATIM] POLL: _poll_controls() entered, game_state=1
[VERBATIM] POLL: checking deploy state=1 canopy=false
[DIAG] _physics_process: ENTER, state=1
[DIAG] _physics_process: camera target set to character (state: 1)
[DIAG] _physics_process: ENTER, state=1
[DIAG] _physics_process: camera target set to character (state: 1)
[DIAG] _poll_controls: ENTER, state=1
[VERBATIM] POLL: _poll_controls() entered, game_state=1
[VERBATIM] POLL: checking deploy state=1 canopy=false
[DIAG] _physics_process: ENTER, state=1
[DIAG] _physics_process: camera target set to character (state: 1)
[DIAG] _poll_controls: ENTER, state=1
[VERBATIM] POLL: _poll_controls() entered, game_state=1
[VERBATIM] POLL: checking deploy state=1 canopy=false
[DIAG] _physics_process: ENTER, state=1
[DIAG] _physics_process: camera target set to character (state: 1)
[DIAG] _physics_process: ENTER, state=1
[DIAG] _physics_process: camera target set to character (state: 1)
[DIAG] _poll_controls: ENTER, state=1
[VERBATIM] POLL: _poll_controls() entered, game_state=1
[VERBATIM] POLL: checking deploy state=1 canopy=false
[DIAG] _physics_process: ENTER, state=1
[DIAG] _physics_process: camera target set to character (state: 1)
[DIAG] _physics_process: ENTER, state=1
[DIAG] _physics_process: camera target set to character (state: 1)
[DIAG] _poll_controls: ENTER, state=1
[VERBATIM] POLL: _poll_controls() entered, game_state=1
[VERBATIM] POLL: checking deploy state=1 canopy=false
[DIAG] _physics_process: ENTER, state=1
[DIAG] _physics_process: camera target set to character (state: 1)
[DIAG] _physics_process: ENTER, state=1
[DIAG] _physics_process: camera target set to character (state: 1)
[DIAG] _poll_controls: ENTER, state=1
[VERBATIM] POLL: _poll_controls() entered, game_state=1
[VERBATIM] POLL: checking deploy state=1 canopy=false
[DIAG] _physics_process: ENTER, state=1
[DIAG] _physics_process: camera target set to character (state: 1)
[DIAG] _physics_process: ENTER, state=1
[DIAG] _physics_process: camera target set to character (state: 1)
[DIAG] _poll_controls: ENTER, state=1
[VERBATIM] POLL: _poll_controls() entered, game_state=1
[VERBATIM] POLL: checking deploy state=1 canopy=false
[DIAG] _physics_process: ENTER, state=1
[DIAG] _physics_process: camera target set to character (state: 1)
[DIAG] _physics_process: ENTER, state=1
[DIAG] _physics_process: camera target set to character (state: 1)
[DIAG] _poll_controls: ENTER, state=1
[VERBATIM] POLL: _poll_controls() entered, game_state=1
[VERBATIM] POLL: checking deploy state=1 canopy=false
[DIAG] _physics_process: ENTER, state=1
[DIAG] _physics_process: camera target set to character (state: 1)
[DIAG] _physics_process: ENTER, state=1
[DIAG] _physics_process: camera target set to character (state: 1)
[DIAG] _poll_controls: ENTER, state=1
[VERBATIM] POLL: _poll_controls() entered, game_state=1
[VERBATIM] POLL: checking deploy state=1 canopy=false
[DIAG] _physics_process: ENTER, state=1
[DIAG] _physics_process: camera target set to character (state: 1)
[DIAG] _physics_process: ENTER, state=1
[DIAG] _physics_process: camera target set to character (state: 1)
[DIAG] _poll_controls: ENTER, state=1
[VERBATIM] POLL: _poll_controls() entered, game_state=1
[VERBATIM] POLL: checking deploy state=1 canopy=false
[DIAG] _physics_process: ENTER, state=1
[DIAG] _physics_process: camera target set to character (state: 1)
[DIAG] _physics_process: ENTER, state=1
[DIAG] _physics_process: camera target set to character (state: 1)
[DIAG] _poll_controls: ENTER, state=1
[VERBATIM] POLL: _poll_controls() entered, game_state=1
[VERBATIM] POLL: checking deploy state=1 canopy=false
[DIAG] _physics_process: ENTER, state=1
[DIAG] _physics_process: camera target set to character (state: 1)
[DIAG] _poll_controls: ENTER, state=1
[VERBATIM] POLL: _poll_controls() entered, game_state=1
[VERBATIM] POLL: checking deploy state=1 canopy=false
[DIAG] _physics_process: ENTER, state=1
[DIAG] _physics_process: camera target set to character (state: 1)
[DIAG] _physics_process: ENTER, state=1
[DIAG] _physics_process: camera target set to character (state: 1)
[DIAG] _poll_controls: ENTER, state=1
[VERBATIM] POLL: _poll_controls() entered, game_state=1
[VERBATIM] POLL: checking deploy state=1 canopy=false
[DIAG] _physics_process: ENTER, state=1
[DIAG] _physics_process: camera target set to character (state: 1)
[DIAG] _physics_process: ENTER, state=1
[DIAG] _physics_process: camera target set to character (state: 1)
[DIAG] _poll_controls: ENTER, state=1
[VERBATIM] POLL: _poll_controls() entered, game_state=1
[VERBATIM] POLL: checking deploy state=1 canopy=false
[DIAG] _physics_process: ENTER, state=1
[DIAG] _physics_process: camera target set to character (state: 1)
[DIAG] _physics_process: ENTER, state=1
[DIAG] _physics_process: camera target set to character (state: 1)
[DIAG] _poll_controls: ENTER, state=1
[VERBATIM] POLL: _poll_controls() entered, game_state=1
[VERBATIM] POLL: checking deploy state=1 canopy=false
[DIAG] _physics_process: ENTER, state=1
[DIAG] _physics_process: camera target set to character (state: 1)
[DIAG] _physics_process: ENTER, state=1
[DIAG] _physics_process: camera target set to character (state: 1)
[DIAG] _poll_controls: ENTER, state=1
[VERBATIM] POLL: _poll_controls() entered, game_state=1
[VERBATIM] POLL: checking deploy state=1 canopy=false
[DIAG] _physics_process: ENTER, state=1
[DIAG] _physics_process: camera target set to character (state: 1)
[DIAG] _physics_process: ENTER, state=1
[DIAG] _physics_process: camera target set to character (state: 1)
[DIAG] _poll_controls: ENTER, state=1
[VERBATIM] POLL: _poll_controls() entered, game_state=1
[VERBATIM] POLL: checking deploy state=1 canopy=false
[VERBATIM] Wind updated: 12.5 kts @ 240.0°
[DIAG] _physics_process: ENTER, state=1
[DIAG] _physics_process: camera target set to character (state: 1)
[PIPLIVE] eye=(718.0729, 1739.424, 350.9369) state=1 deployed=false framing=aircraft/sky
[DIAG] _physics_process: ENTER, state=1
[DIAG] _physics_process: camera target set to character (state: 1)
[DIAG] _poll_controls: ENTER, state=1
[VERBATIM] POLL: _poll_controls() entered, game_state=1
[VERBATIM] POLL: checking deploy state=1 canopy=false
[DEBUG] _input (build_terrain) called, event=InputEventKey: keycode=67 (C), mods=none, physical=false, location=unspecified, pressed=true, echo=false
[VERBATIM] INPUT: action=cycle_camera (C)
[CTRL] pressed=camera_cycle  key=C  state=1  deployed=false  alt_m=1736.5
[DIAG] _physics_process: ENTER, state=1
[DIAG] _physics_process: camera target set to character (state: 1)
[DIAG] _physics_process: ENTER, state=1
[DIAG] _physics_process: camera target set to character (state: 1)
[DIAG] _poll_controls: ENTER, state=1
[VERBATIM] POLL: _poll_controls() entered, game_state=1
[VERBATIM] POLL: checking deploy state=1 canopy=false
[DIAG] _flight_control_check: ENTER, state=1
[VERBATIM] ENTER _flight_control_check gate=_game_state=1
[DIAG] _flight_control_check: early exit – not deployed
[VERBATIM] EXIT _flight_control_check early=not_deployed
[VERBATIM] POLL: cyclecamera pressed - cycling camera
[DIAG] _cycle_camera: ENTER, current idx=0
[VERBATIM] ENTER _cycle_camera gate=none
[VERBATIM] camera=SIDE (6,1,0)
[DIAG] _cycle_camera: EXIT, new idx=1
[VERBATIM] EXIT _cycle_camera ok=true
[DIAG] _physics_process: ENTER, state=1
[DIAG] _physics_process: camera target set to character (state: 1)
[DIAG] _physics_process: ENTER, state=1
[DIAG] _physics_process: camera target set to character (state: 1)
[DIAG] _physics_process: ENTER, state=1
[DIAG] _physics_process: camera target set to character (state: 1)
[DIAG] _physics_process: ENTER, state=1
[DIAG] _physics_process: camera target set to character (state: 1)
[DIAG] _physics_process: ENTER, state=1
[DIAG] _physics_process: camera target set to character (state: 1)
[DIAG] _physics_process: ENTER, state=1
[DIAG] _physics_process: camera target set to character (state: 1)
[DIAG] _physics_process: ENTER, state=1
[DIAG] _physics_process: camera target set to character (state: 1)
[DIAG] _poll_controls: ENTER, state=1
[VERBATIM] POLL: _poll_controls() entered, game_state=1
[VERBATIM] POLL: checking deploy state=1 canopy=false
[DIAG] _physics_process: ENTER, state=1
[DIAG] _physics_process: camera target set to character (state: 1)
[DIAG] _physics_process: ENTER, state=1
[DIAG] _physics_process: camera target set to character (state: 1)
[DIAG] _physics_process: ENTER, state=1
[DIAG] _physics_process: camera target set to character (state: 1)
[DIAG] _poll_controls: ENTER, state=1
[VERBATIM] POLL: _poll_controls() entered, game_state=1
[VERBATIM] POLL: checking deploy state=1 canopy=false
[DIAG] _physics_process: ENTER, state=1
[DIAG] _physics_process: camera target set to character (state: 1)
[DIAG] _physics_process: ENTER, state=1
[DIAG] _physics_process: camera target set to character (state: 1)
[DIAG] _poll_controls: ENTER, state=1
[VERBATIM] POLL: _poll_controls() entered, game_state=1
[VERBATIM] POLL: checking deploy state=1 canopy=false
[DIAG] _physics_process: ENTER, state=1
[DIAG] _physics_process: camera target set to character (state: 1)
[DIAG] _physics_process: ENTER, state=1
[DIAG] _physics_process: camera target set to character (state: 1)
[DIAG] _poll_controls: ENTER, state=1
[VERBATIM] POLL: _poll_controls() entered, game_state=1
[VERBATIM] POLL: checking deploy state=1 canopy=false
[DIAG] _physics_process: ENTER, state=1
[DIAG] _physics_process: camera target set to character (state: 1)
[DIAG] _physics_process: ENTER, state=1
[DIAG] _physics_process: camera target set to character (state: 1)
[DIAG] _poll_controls: ENTER, state=1
[VERBATIM] POLL: _poll_controls() entered, game_state=1
[VERBATIM] POLL: checking deploy state=1 canopy=false
[DIAG] _physics_process: ENTER, state=1
[DIAG] _physics_process: camera target set to character (state: 1)
[DIAG] _physics_process: ENTER, state=1
[DIAG] _physics_process: camera target set to character (state: 1)
[DIAG] _poll_controls: ENTER, state=1
[VERBATIM] POLL: _poll_controls() entered, game_state=1
[VERBATIM] POLL: checking deploy state=1 canopy=false
[DIAG] _physics_process: ENTER, state=1
[DIAG] _physics_process: camera target set to character (state: 1)
[DIAG] _physics_process: ENTER, state=1
[DIAG] _physics_process: camera target set to character (state: 1)
[DIAG] _poll_controls: ENTER, state=1
[VERBATIM] POLL: _poll_controls() entered, game_state=1
[VERBATIM] POLL: checking deploy state=1 canopy=false
[DEBUG] _input (build_terrain) called, event=InputEventKey: keycode=67 (C), mods=none, physical=false, location=unspecified, pressed=false, echo=false
[DIAG] _physics_process: ENTER, state=1
[DIAG] _physics_process: camera target set to character (state: 1)
[DIAG] _physics_process: ENTER, state=1
[DIAG] _physics_process: camera target set to character (state: 1)
[DIAG] _poll_controls: ENTER, state=1
[VERBATIM] POLL: _poll_controls() entered, game_state=1
[VERBATIM] POLL: checking deploy state=1 canopy=false
[DIAG] _physics_process: ENTER, state=1
[DIAG] _physics_process: camera target set to character (state: 1)
[DIAG] _poll_controls: ENTER, state=1
[VERBATIM] POLL: _poll_controls() entered, game_state=1
[VERBATIM] POLL: checking deploy state=1 canopy=false
[DIAG] _physics_process: ENTER, state=1
[DIAG] _physics_process: camera target set to character (state: 1)
[DIAG] _physics_process: ENTER, state=1
[DIAG] _physics_process: camera target set to character (state: 1)
[DIAG] _poll_controls: ENTER, state=1
[VERBATIM] POLL: _poll_controls() entered, game_state=1
[VERBATIM] POLL: checking deploy state=1 canopy=false
[DIAG] _physics_process: ENTER, state=1
[DIAG] _physics_process: camera target set to character (state: 1)
[DIAG] _physics_process: ENTER, state=1
[DIAG] _physics_process: camera target set to character (state: 1)
[DIAG] _poll_controls: ENTER, state=1
[VERBATIM] POLL: _poll_controls() entered, game_state=1
[VERBATIM] POLL: checking deploy state=1 canopy=false
[DIAG] _physics_process: ENTER, state=1
[DIAG] _physics_process: camera target set to character (state: 1)
[DIAG] _physics_process: ENTER, state=1
[DIAG] _physics_process: camera target set to character (state: 1)
[DIAG] _poll_controls: ENTER, state=1
[VERBATIM] POLL: _poll_controls() entered, game_state=1
[VERBATIM] POLL: checking deploy state=1 canopy=false
[DIAG] _physics_process: ENTER, state=1
[DIAG] _physics_process: camera target set to character (state: 1)
[DIAG] _physics_process: ENTER, state=1
[DIAG] _physics_process: camera target set to character (state: 1)
[DIAG] _poll_controls: ENTER, state=1
[VERBATIM] POLL: _poll_controls() entered, game_state=1
[VERBATIM] POLL: checking deploy state=1 canopy=false
[DIAG] _physics_process: ENTER, state=1
[DIAG] _physics_process: camera target set to character (state: 1)
[DIAG] _physics_process: ENTER, state=1
[DIAG] _physics_process: camera target set to character (state: 1)
[DIAG] _poll_controls: ENTER, state=1
[VERBATIM] POLL: _poll_controls() entered, game_state=1
[VERBATIM] POLL: checking deploy state=1 canopy=false
[DIAG] _physics_process: ENTER, state=1
[DIAG] _physics_process: camera target set to character (state: 1)
[DIAG] _physics_process: ENTER, state=1
[DIAG] _physics_process: camera target set to character (state: 1)
[DIAG] _poll_controls: ENTER, state=1
[VERBATIM] POLL: _poll_controls() entered, game_state=1
[VERBATIM] POLL: checking deploy state=1 canopy=false
[DIAG] _physics_process: ENTER, state=1
[DIAG] _physics_process: camera target set to character (state: 1)
[DIAG] _physics_process: ENTER, state=1
[DIAG] _physics_process: camera target set to character (state: 1)
[DIAG] _poll_controls: ENTER, state=1
[VERBATIM] POLL: _poll_controls() entered, game_state=1
[VERBATIM] POLL: checking deploy state=1 canopy=false
[DIAG] _physics_process: ENTER, state=1
[DIAG] _physics_process: camera target set to character (state: 1)
[DIAG] _physics_process: ENTER, state=1
[DIAG] _physics_process: camera target set to character (state: 1)
[DIAG] _poll_controls: ENTER, state=1
[VERBATIM] POLL: _poll_controls() entered, game_state=1
[VERBATIM] POLL: checking deploy state=1 canopy=false
[DIAG] _physics_process: ENTER, state=1
[DIAG] _physics_process: camera target set to character (state: 1)
[DIAG] _physics_process: ENTER, state=1
[DIAG] _physics_process: camera target set to character (state: 1)
[DIAG] _poll_controls: ENTER, state=1
[VERBATIM] POLL: _poll_controls() entered, game_state=1
[VERBATIM] POLL: checking deploy state=1 canopy=false
[DIAG] _physics_process: ENTER, state=1
[DIAG] _physics_process: camera target set to character (state: 1)
[DIAG] _poll_controls: ENTER, state=1
[VERBATIM] POLL: _poll_controls() entered, game_state=1
[VERBATIM] POLL: checking deploy state=1 canopy=false
[DIAG] _physics_process: ENTER, state=1
[DIAG] _physics_process: camera target set to character (state: 1)
[DIAG] _physics_process: ENTER, state=1
[DIAG] _physics_process: camera target set to character (state: 1)
[DIAG] _poll_controls: ENTER, state=1
[VERBATIM] POLL: _poll_controls() entered, game_state=1
[VERBATIM] POLL: checking deploy state=1 canopy=false
[DIAG] _physics_process: ENTER, state=1
[DIAG] _physics_process: camera target set to character (state: 1)
[DIAG] _physics_process: ENTER, state=1
[DIAG] _physics_process: camera target set to character (state: 1)
[DIAG] _poll_controls: ENTER, state=1
[VERBATIM] POLL: _poll_controls() entered, game_state=1
[VERBATIM] POLL: checking deploy state=1 canopy=false
[DIAG] _physics_process: ENTER, state=1
[DIAG] _physics_process: camera target set to character (state: 1)
[DIAG] _physics_process: ENTER, state=1
[DIAG] _physics_process: camera target set to character (state: 1)
[DIAG] _poll_controls: ENTER, state=1
[VERBATIM] POLL: _poll_controls() entered, game_state=1
[VERBATIM] POLL: checking deploy state=1 canopy=false
[DIAG] _physics_process: ENTER, state=1
[DIAG] _physics_process: camera target set to character (state: 1)
[DIAG] _physics_process: ENTER, state=1
[DIAG] _physics_process: camera target set to character (state: 1)
[DIAG] _poll_controls: ENTER, state=1
[VERBATIM] POLL: _poll_controls() entered, game_state=1
[VERBATIM] POLL: checking deploy state=1 canopy=false
[DIAG] _physics_process: ENTER, state=1
[DIAG] _physics_process: camera target set to character (state: 1)
[DIAG] _physics_process: ENTER, state=1
[DIAG] _physics_process: camera target set to character (state: 1)
[DIAG] _poll_controls: ENTER, state=1
[VERBATIM] POLL: _poll_controls() entered, game_state=1
[VERBATIM] POLL: checking deploy state=1 canopy=false
[DIAG] _physics_process: ENTER, state=1
[DIAG] _physics_process: camera target set to character (state: 1)
[DIAG] _physics_process: ENTER, state=1
[DIAG] _physics_process: camera target set to character (state: 1)
[DIAG] _poll_controls: ENTER, state=1
[VERBATIM] POLL: _poll_controls() entered, game_state=1
[VERBATIM] POLL: checking deploy state=1 canopy=false
[DIAG] _physics_process: ENTER, state=1
[DIAG] _physics_process: camera target set to character (state: 1)
[DIAG] _physics_process: ENTER, state=1
[DIAG] _physics_process: camera target set to character (state: 1)
[DIAG] _poll_controls: ENTER, state=1
[VERBATIM] POLL: _poll_controls() entered, game_state=1
[VERBATIM] POLL: checking deploy state=1 canopy=false
[VERBATIM] Wind updated: 12.5 kts @ 240.0°
[DIAG] _physics_process: ENTER, state=1
[DIAG] _physics_process: camera target set to character (state: 1)
[DIAG] _physics_process: ENTER, state=1
[DIAG] _physics_process: camera target set to character (state: 1)
[DIAG] _poll_controls: ENTER, state=1
[VERBATIM] POLL: _poll_controls() entered, game_state=1
[VERBATIM] POLL: checking deploy state=1 canopy=false
[DIAG] _physics_process: ENTER, state=1
[DIAG] _physics_process: camera target set to character (state: 1)
[DIAG] _poll_controls: ENTER, state=1
[VERBATIM] POLL: _poll_controls() entered, game_state=1
[VERBATIM] POLL: checking deploy state=1 canopy=false
[DIAG] _physics_process: ENTER, state=1
[DIAG] _physics_process: camera target set to character (state: 1)
[DIAG] _physics_process: ENTER, state=1
[DIAG] _physics_process: camera target set to character (state: 1)
[DIAG] _poll_controls: ENTER, state=1
[VERBATIM] POLL: _poll_controls() entered, game_state=1
[VERBATIM] POLL: checking deploy state=1 canopy=false
[DIAG] _physics_process: ENTER, state=1
[DIAG] _physics_process: camera target set to character (state: 1)
[DIAG] _physics_process: ENTER, state=1
[DIAG] _physics_process: camera target set to character (state: 1)
[DIAG] _poll_controls: ENTER, state=1
[VERBATIM] POLL: _poll_controls() entered, game_state=1
[VERBATIM] POLL: checking deploy state=1 canopy=false
[DIAG] _physics_process: ENTER, state=1
[DIAG] _physics_process: camera target set to character (state: 1)
[DIAG] _physics_process: ENTER, state=1
[DIAG] _physics_process: camera target set to character (state: 1)
[DIAG] _poll_controls: ENTER, state=1
[VERBATIM] POLL: _poll_controls() entered, game_state=1
[VERBATIM] POLL: checking deploy state=1 canopy=false
[DIAG] _physics_process: ENTER, state=1
[DIAG] _physics_process: camera target set to character (state: 1)
[DIAG] _physics_process: ENTER, state=1
[DIAG] _physics_process: camera target set to character (state: 1)
[DIAG] _poll_controls: ENTER, state=1
[VERBATIM] POLL: _poll_controls() entered, game_state=1
[VERBATIM] POLL: checking deploy state=1 canopy=false
[DIAG] _physics_process: ENTER, state=1
[DIAG] _physics_process: camera target set to character (state: 1)
[DIAG] _physics_process: ENTER, state=1
[DIAG] _physics_process: camera target set to character (state: 1)
[DIAG] _poll_controls: ENTER, state=1
[VERBATIM] POLL: _poll_controls() entered, game_state=1
[VERBATIM] POLL: checking deploy state=1 canopy=false
[DIAG] _physics_process: ENTER, state=1
[DIAG] _physics_process: camera target set to character (state: 1)
[DIAG] _physics_process: ENTER, state=1
[DIAG] _physics_process: camera target set to character (state: 1)
[DIAG] _poll_controls: ENTER, state=1
[VERBATIM] POLL: _poll_controls() entered, game_state=1
[VERBATIM] POLL: checking deploy state=1 canopy=false
[DEBUG] _input (build_terrain) called, event=InputEventKey: keycode=4194322 (Down), mods=none, physical=false, location=unspecified, pressed=true, echo=false
[DIAG] _physics_process: ENTER, state=1
[DIAG] _physics_process: camera target set to character (state: 1)
[DIAG] _physics_process: ENTER, state=1
[DIAG] _physics_process: camera target set to character (state: 1)
[DIAG] _poll_controls: ENTER, state=1
[VERBATIM] POLL: _poll_controls() entered, game_state=1
[VERBATIM] POLL: checking deploy state=1 canopy=false
[DIAG] _physics_process: ENTER, state=1
[DIAG] _physics_process: camera target set to character (state: 1)
[DIAG] _physics_process: ENTER, state=1
[DIAG] _physics_process: camera target set to character (state: 1)
[DIAG] _poll_controls: ENTER, state=1
[VERBATIM] POLL: _poll_controls() entered, game_state=1
[VERBATIM] POLL: checking deploy state=1 canopy=false
[DIAG] _physics_process: ENTER, state=1
[DIAG] _physics_process: camera target set to character (state: 1)
[DIAG] _poll_controls: ENTER, state=1
[VERBATIM] POLL: _poll_controls() entered, game_state=1
[VERBATIM] POLL: checking deploy state=1 canopy=false
[DIAG] _physics_process: ENTER, state=1
[DIAG] _physics_process: camera target set to character (state: 1)
[DIAG] _physics_process: ENTER, state=1
[DIAG] _physics_process: camera target set to character (state: 1)
[DIAG] _poll_controls: ENTER, state=1
[VERBATIM] POLL: _poll_controls() entered, game_state=1
[VERBATIM] POLL: checking deploy state=1 canopy=false
[DIAG] _physics_process: ENTER, state=1
[DIAG] _physics_process: camera target set to character (state: 1)
[DIAG] _physics_process: ENTER, state=1
[DIAG] _physics_process: camera target set to character (state: 1)
[DIAG] _poll_controls: ENTER, state=1
[VERBATIM] POLL: _poll_controls() entered, game_state=1
[VERBATIM] POLL: checking deploy state=1 canopy=false
[DIAG] _physics_process: ENTER, state=1
[DIAG] _physics_process: camera target set to character (state: 1)
[DIAG] _physics_process: ENTER, state=1
[DIAG] _physics_process: camera target set to character (state: 1)
[DIAG] _poll_controls: ENTER, state=1
[VERBATIM] POLL: _poll_controls() entered, game_state=1
[VERBATIM] POLL: checking deploy state=1 canopy=false
[DIAG] _physics_process: ENTER, state=1
[DIAG] _physics_process: camera target set to character (state: 1)
[DIAG] _physics_process: ENTER, state=1
[DIAG] _physics_process: camera target set to character (state: 1)
[DIAG] _poll_controls: ENTER, state=1
[VERBATIM] POLL: _poll_controls() entered, game_state=1
[VERBATIM] POLL: checking deploy state=1 canopy=false
[DIAG] _physics_process: ENTER, state=1
[DIAG] _physics_process: camera target set to character (state: 1)
[DIAG] _physics_process: ENTER, state=1
[DIAG] _physics_process: camera target set to character (state: 1)
[DIAG] _poll_controls: ENTER, state=1
[VERBATIM] POLL: _poll_controls() entered, game_state=1
[VERBATIM] POLL: checking deploy state=1 canopy=false
[DIAG] _physics_process: ENTER, state=1
[DIAG] _physics_process: camera target set to character (state: 1)
[DIAG] _physics_process: ENTER, state=1
[DIAG] _physics_process: camera target set to character (state: 1)
[DIAG] _poll_controls: ENTER, state=1
[VERBATIM] POLL: _poll_controls() entered, game_state=1
[VERBATIM] POLL: checking deploy state=1 canopy=false
[DIAG] _physics_process: ENTER, state=1
[DIAG] _physics_process: camera target set to character (state: 1)
[DIAG] _poll_controls: ENTER, state=1
[VERBATIM] POLL: _poll_controls() entered, game_state=1
[VERBATIM] POLL: checking deploy state=1 canopy=false
[DIAG] _physics_process: ENTER, state=1
[DIAG] _physics_process: camera target set to character (state: 1)
[DIAG] _physics_process: ENTER, state=1
[DIAG] _physics_process: camera target set to character (state: 1)
[DIAG] _poll_controls: ENTER, state=1
[VERBATIM] POLL: _poll_controls() entered, game_state=1
[VERBATIM] POLL: checking deploy state=1 canopy=false
[DIAG] _physics_process: ENTER, state=1
[DIAG] _physics_process: camera target set to character (state: 1)
[DIAG] _physics_process: ENTER, state=1
[DIAG] _physics_process: camera target set to character (state: 1)
[DIAG] _poll_controls: ENTER, state=1
[VERBATIM] POLL: _poll_controls() entered, game_state=1
[VERBATIM] POLL: checking deploy state=1 canopy=false
[DIAG] _physics_process: ENTER, state=1
[DIAG] _physics_process: camera target set to character (state: 1)
[DIAG] _physics_process: ENTER, state=1
[DIAG] _physics_process: camera target set to character (state: 1)
[DIAG] _poll_controls: ENTER, state=1
[VERBATIM] POLL: _poll_controls() entered, game_state=1
[VERBATIM] POLL: checking deploy state=1 canopy=false
[DIAG] _physics_process: ENTER, state=1
[DIAG] _physics_process: camera target set to character (state: 1)
[DIAG] _physics_process: ENTER, state=1
[DIAG] _physics_process: camera target set to character (state: 1)
[DIAG] _poll_controls: ENTER, state=1
[VERBATIM] POLL: _poll_controls() entered, game_state=1
[VERBATIM] POLL: checking deploy state=1 canopy=false
[DIAG] _physics_process: ENTER, state=1
[DIAG] _physics_process: camera target set to character (state: 1)
[DIAG] _physics_process: ENTER, state=1
[DIAG] _physics_process: camera target set to character (state: 1)
[DIAG] _poll_controls: ENTER, state=1
[VERBATIM] POLL: _poll_controls() entered, game_state=1
[VERBATIM] POLL: checking deploy state=1 canopy=false
[DIAG] _physics_process: ENTER, state=1
[DIAG] _physics_process: camera target set to character (state: 1)
[DIAG] _physics_process: ENTER, state=1
[DIAG] _physics_process: camera target set to character (state: 1)
[DIAG] _poll_controls: ENTER, state=1
[VERBATIM] POLL: _poll_controls() entered, game_state=1
[VERBATIM] POLL: checking deploy state=1 canopy=false
[DEBUG] _input (build_terrain) called, event=InputEventKey: keycode=4194322 (Down), mods=none, physical=false, location=unspecified, pressed=true, echo=true
[DEBUG] _input (build_terrain) called, event=InputEventKey: keycode=4194322 (Down), mods=none, physical=false, location=unspecified, pressed=false, echo=false
[DIAG] _physics_process: ENTER, state=1
[DIAG] _physics_process: camera target set to character (state: 1)
[DIAG] _poll_controls: ENTER, state=1
[VERBATIM] POLL: _poll_controls() entered, game_state=1
[VERBATIM] POLL: checking deploy state=1 canopy=false
[DIAG] _physics_process: ENTER, state=1
[DIAG] _physics_process: camera target set to character (state: 1)
[DIAG] _physics_process: ENTER, state=1
[DIAG] _physics_process: camera target set to character (state: 1)
[DIAG] _poll_controls: ENTER, state=1
[VERBATIM] POLL: _poll_controls() entered, game_state=1
[VERBATIM] POLL: checking deploy state=1 canopy=false
[DIAG] _physics_process: ENTER, state=1
[DIAG] _physics_process: camera target set to character (state: 1)
[DIAG] _physics_process: ENTER, state=1
[DIAG] _physics_process: camera target set to character (state: 1)
[DIAG] _poll_controls: ENTER, state=1
[VERBATIM] POLL: _poll_controls() entered, game_state=1
[VERBATIM] POLL: checking deploy state=1 canopy=false
[DIAG] _physics_process: ENTER, state=1
[DIAG] _physics_process: camera target set to character (state: 1)
[DIAG] _physics_process: ENTER, state=1
[DIAG] _physics_process: camera target set to character (state: 1)
[DIAG] _poll_controls: ENTER, state=1
[VERBATIM] POLL: _poll_controls() entered, game_state=1
[VERBATIM] POLL: checking deploy state=1 canopy=false
[DIAG] _physics_process: ENTER, state=1
[DIAG] _physics_process: camera target set to character (state: 1)
[DIAG] _physics_process: ENTER, state=1
[DIAG] _physics_process: camera target set to character (state: 1)
[DIAG] _poll_controls: ENTER, state=1
[VERBATIM] POLL: _poll_controls() entered, game_state=1
[VERBATIM] POLL: checking deploy state=1 canopy=false
[DIAG] _physics_process: ENTER, state=1
[DIAG] _physics_process: camera target set to character (state: 1)
[DIAG] _physics_process: ENTER, state=1
[DIAG] _physics_process: camera target set to character (state: 1)
[DIAG] _poll_controls: ENTER, state=1
[VERBATIM] POLL: _poll_controls() entered, game_state=1
[VERBATIM] POLL: checking deploy state=1 canopy=false
[DIAG] _physics_process: ENTER, state=1
[DIAG] _physics_process: camera target set to character (state: 1)
[DIAG] _physics_process: ENTER, state=1
[DIAG] _physics_process: camera target set to character (state: 1)
[DIAG] _poll_controls: ENTER, state=1
[VERBATIM] POLL: _poll_controls() entered, game_state=1
[VERBATIM] POLL: checking deploy state=1 canopy=false
[DIAG] _physics_process: ENTER, state=1
[DIAG] _physics_process: camera target set to character (state: 1)
[DIAG] _poll_controls: ENTER, state=1
[VERBATIM] POLL: _poll_controls() entered, game_state=1
[VERBATIM] POLL: checking deploy state=1 canopy=false
[DIAG] _physics_process: ENTER, state=1
[DIAG] _physics_process: camera target set to character (state: 1)
[DIAG] _physics_process: ENTER, state=1
[DIAG] _physics_process: camera target set to character (state: 1)
[DIAG] _poll_controls: ENTER, state=1
[VERBATIM] POLL: _poll_controls() entered, game_state=1
[VERBATIM] POLL: checking deploy state=1 canopy=false
[VERBATIM] Wind updated: 12.5 kts @ 240.0°
[DIAG] _physics_process: ENTER, state=1
[DIAG] _physics_process: camera target set to character (state: 1)
[PIPLIVE] eye=(716.1097, 1585.655, 351.8584) state=1 deployed=false framing=aircraft/sky
[DIAG] _physics_process: ENTER, state=1
[DIAG] _physics_process: camera target set to character (state: 1)
[DIAG] _poll_controls: ENTER, state=1
[VERBATIM] POLL: _poll_controls() entered, game_state=1
[VERBATIM] POLL: checking deploy state=1 canopy=false
[DIAG] _physics_process: ENTER, state=1
[DIAG] _physics_process: camera target set to character (state: 1)
[DIAG] _physics_process: ENTER, state=1
[DIAG] _physics_process: camera target set to character (state: 1)
[DIAG] _poll_controls: ENTER, state=1
[VERBATIM] POLL: _poll_controls() entered, game_state=1
[VERBATIM] POLL: checking deploy state=1 canopy=false
[DIAG] _physics_process: ENTER, state=1
[DIAG] _physics_process: camera target set to character (state: 1)
[DIAG] _physics_process: ENTER, state=1
[DIAG] _physics_process: camera target set to character (state: 1)
[DIAG] _poll_controls: ENTER, state=1
[VERBATIM] POLL: _poll_controls() entered, game_state=1
[VERBATIM] POLL: checking deploy state=1 canopy=false
[DIAG] _physics_process: ENTER, state=1
[DIAG] _physics_process: camera target set to character (state: 1)
[DIAG] _physics_process: ENTER, state=1
[DIAG] _physics_process: camera target set to character (state: 1)
[DIAG] _poll_controls: ENTER, state=1
[VERBATIM] POLL: _poll_controls() entered, game_state=1
[VERBATIM] POLL: checking deploy state=1 canopy=false
[DIAG] _physics_process: ENTER, state=1
[DIAG] _physics_process: camera target set to character (state: 1)
[DIAG] _physics_process: ENTER, state=1
[DIAG] _physics_process: camera target set to character (state: 1)
[DIAG] _poll_controls: ENTER, state=1
[VERBATIM] POLL: _poll_controls() entered, game_state=1
[VERBATIM] POLL: checking deploy state=1 canopy=false
[DIAG] _physics_process: ENTER, state=1
[DIAG] _physics_process: camera target set to character (state: 1)
[DIAG] _physics_process: ENTER, state=1
[DIAG] _physics_process: camera target set to character (state: 1)
[DIAG] _poll_controls: ENTER, state=1
[VERBATIM] POLL: _poll_controls() entered, game_state=1
[VERBATIM] POLL: checking deploy state=1 canopy=false
[DIAG] _physics_process: ENTER, state=1
[DIAG] _physics_process: camera target set to character (state: 1)
[DIAG] _poll_controls: ENTER, state=1
[VERBATIM] POLL: _poll_controls() entered, game_state=1
[VERBATIM] POLL: checking deploy state=1 canopy=false
[DIAG] _physics_process: ENTER, state=1
[DIAG] _physics_process: camera target set to character (state: 1)
[DIAG] _physics_process: ENTER, state=1
[DIAG] _physics_process: camera target set to character (state: 1)
[DIAG] _poll_controls: ENTER, state=1
[VERBATIM] POLL: _poll_controls() entered, game_state=1
[VERBATIM] POLL: checking deploy state=1 canopy=false
[DIAG] _physics_process: ENTER, state=1
[DIAG] _physics_process: camera target set to character (state: 1)
[DIAG] _physics_process: ENTER, state=1
[DIAG] _physics_process: camera target set to character (state: 1)
[DIAG] _poll_controls: ENTER, state=1
[VERBATIM] POLL: _poll_controls() entered, game_state=1
[VERBATIM] POLL: checking deploy state=1 canopy=false
[DIAG] _physics_process: ENTER, state=1
[DIAG] _physics_process: camera target set to character (state: 1)
[DIAG] _physics_process: ENTER, state=1
[DIAG] _physics_process: camera target set to character (state: 1)
[DIAG] _poll_controls: ENTER, state=1
[VERBATIM] POLL: _poll_controls() entered, game_state=1
[VERBATIM] POLL: checking deploy state=1 canopy=false
[DIAG] _physics_process: ENTER, state=1
[DIAG] _physics_process: camera target set to character (state: 1)
[DIAG] _physics_process: ENTER, state=1
[DIAG] _physics_process: camera target set to character (state: 1)
[DIAG] _poll_controls: ENTER, state=1
[VERBATIM] POLL: _poll_controls() entered, game_state=1
[VERBATIM] POLL: checking deploy state=1 canopy=false
[DIAG] _physics_process: ENTER, state=1
[DIAG] _physics_process: camera target set to character (state: 1)
[DIAG] _physics_process: ENTER, state=1
[DIAG] _physics_process: camera target set to character (state: 1)
[DIAG] _poll_controls: ENTER, state=1
[VERBATIM] POLL: _poll_controls() entered, game_state=1
[VERBATIM] POLL: checking deploy state=1 canopy=false
[DIAG] _physics_process: ENTER, state=1
[DIAG] _physics_process: camera target set to character (state: 1)
[DIAG] _physics_process: ENTER, state=1
[DIAG] _physics_process: camera target set to character (state: 1)
[DIAG] _poll_controls: ENTER, state=1
[VERBATIM] POLL: _poll_controls() entered, game_state=1
[VERBATIM] POLL: checking deploy state=1 canopy=false
[DIAG] _physics_process: ENTER, state=1
[DIAG] _physics_process: camera target set to character (state: 1)
[DIAG] _physics_process: ENTER, state=1
[DIAG] _physics_process: camera target set to character (state: 1)
[DIAG] _poll_controls: ENTER, state=1
[VERBATIM] POLL: _poll_controls() entered, game_state=1
[VERBATIM] POLL: checking deploy state=1 canopy=false
[DIAG] _physics_process: ENTER, state=1
[DIAG] _physics_process: camera target set to character (state: 1)
[DIAG] _physics_process: ENTER, state=1
[DIAG] _physics_process: camera target set to character (state: 1)
[DIAG] _poll_controls: ENTER, state=1
[VERBATIM] POLL: _poll_controls() entered, game_state=1
[VERBATIM] POLL: checking deploy state=1 canopy=false
[DIAG] _physics_process: ENTER, state=1
[DIAG] _physics_process: camera target set to character (state: 1)
[DIAG] _physics_process: ENTER, state=1
[DIAG] _physics_process: camera target set to character (state: 1)
[DIAG] _poll_controls: ENTER, state=1
[VERBATIM] POLL: _poll_controls() entered, game_state=1
[VERBATIM] POLL: checking deploy state=1 canopy=false
[DIAG] _physics_process: ENTER, state=1
[DIAG] _physics_process: camera target set to character (state: 1)
[DIAG] _poll_controls: ENTER, state=1
[VERBATIM] POLL: _poll_controls() entered, game_state=1
[VERBATIM] POLL: checking deploy state=1 canopy=false
[DIAG] _physics_process: ENTER, state=1
[DIAG] _physics_process: camera target set to character (state: 1)
[DIAG] _physics_process: ENTER, state=1
[DIAG] _physics_process: camera target set to character (state: 1)
[DIAG] _poll_controls: ENTER, state=1
[VERBATIM] POLL: _poll_controls() entered, game_state=1
[VERBATIM] POLL: checking deploy state=1 canopy=false
[DIAG] _physics_process: ENTER, state=1
[DIAG] _physics_process: camera target set to character (state: 1)
[DIAG] _physics_process: ENTER, state=1
[DIAG] _physics_process: camera target set to character (state: 1)
[DIAG] _poll_controls: ENTER, state=1
[VERBATIM] POLL: _poll_controls() entered, game_state=1
[VERBATIM] POLL: checking deploy state=1 canopy=false
[DIAG] _physics_process: ENTER, state=1
[DIAG] _physics_process: camera target set to character (state: 1)
[DIAG] _physics_process: ENTER, state=1
[DIAG] _physics_process: camera target set to character (state: 1)
[DIAG] _poll_controls: ENTER, state=1
[VERBATIM] POLL: _poll_controls() entered, game_state=1
[VERBATIM] POLL: checking deploy state=1 canopy=false
[DIAG] _physics_process: ENTER, state=1
[DIAG] _physics_process: camera target set to character (state: 1)
[DIAG] _physics_process: ENTER, state=1
[DIAG] _physics_process: camera target set to character (state: 1)
[DIAG] _poll_controls: ENTER, state=1
[VERBATIM] POLL: _poll_controls() entered, game_state=1
[VERBATIM] POLL: checking deploy state=1 canopy=false
[DIAG] _physics_process: ENTER, state=1
[DIAG] _physics_process: camera target set to character (state: 1)
[DIAG] _physics_process: ENTER, state=1
[DIAG] _physics_process: camera target set to character (state: 1)
[DIAG] _poll_controls: ENTER, state=1
[VERBATIM] POLL: _poll_controls() entered, game_state=1
[VERBATIM] POLL: checking deploy state=1 canopy=false
[DIAG] _physics_process: ENTER, state=1
[DIAG] _physics_process: camera target set to character (state: 1)
[DIAG] _physics_process: ENTER, state=1
[DIAG] _physics_process: camera target set to character (state: 1)
[DIAG] _poll_controls: ENTER, state=1
[VERBATIM] POLL: _poll_controls() entered, game_state=1
[VERBATIM] POLL: checking deploy state=1 canopy=false
[DIAG] _physics_process: ENTER, state=1
[DIAG] _physics_process: camera target set to character (state: 1)
[DIAG] _physics_process: ENTER, state=1
[DIAG] _physics_process: camera target set to character (state: 1)
[DIAG] _poll_controls: ENTER, state=1
[VERBATIM] POLL: _poll_controls() entered, game_state=1
[VERBATIM] POLL: checking deploy state=1 canopy=false
[DEBUG] _input (build_terrain) called, event=InputEventKey: keycode=70 (F), mods=none, physical=false, location=unspecified, pressed=true, echo=false
[VERBATIM] INPUT: action=flare (F)
[CTRL] pressed=flare  key=F  state=1  deployed=false  alt_m=1526.8
[DIAG] _physics_process: ENTER, state=1
[DIAG] _physics_process: camera target set to character (state: 1)
[DIAG] _physics_process: ENTER, state=1
[DIAG] _physics_process: camera target set to character (state: 1)
[DIAG] _poll_controls: ENTER, state=1
[VERBATIM] POLL: _poll_controls() entered, game_state=1
[VERBATIM] POLL: checking deploy state=1 canopy=false
[DIAG] _do_flare: ENTER, state=1
[VERBATIM] ENTER _do_flare gate=_game_state=1
[DIAG] _do_flare: early exit – not in DIAGNOSIS
[VERBATIM] EXIT _do_flare early=not_in_diagnosis
[VERBATIM] POLL: flare pressed - calling _do_flare
[DIAG] _do_flare: ENTER, state=1
[VERBATIM] ENTER _do_flare gate=_game_state=1
[DIAG] _do_flare: early exit – not in DIAGNOSIS
[VERBATIM] EXIT _do_flare early=not_in_diagnosis
[DIAG] _physics_process: ENTER, state=1
[DIAG] _physics_process: camera target set to character (state: 1)
[DIAG] _physics_process: ENTER, state=1
[DIAG] _physics_process: camera target set to character (state: 1)
[DIAG] _physics_process: ENTER, state=1
[DIAG] _physics_process: camera target set to character (state: 1)
[DIAG] _poll_controls: ENTER, state=1
[VERBATIM] POLL: _poll_controls() entered, game_state=1
[VERBATIM] POLL: checking deploy state=1 canopy=false
[DIAG] _physics_process: ENTER, state=1
[DIAG] _physics_process: camera target set to character (state: 1)
[DIAG] _physics_process: ENTER, state=1
[DIAG] _physics_process: camera target set to character (state: 1)
[DIAG] _poll_controls: ENTER, state=1
[VERBATIM] POLL: _poll_controls() entered, game_state=1
[VERBATIM] POLL: checking deploy state=1 canopy=false
[DIAG] _physics_process: ENTER, state=1
[DIAG] _physics_process: camera target set to character (state: 1)
[DIAG] _physics_process: ENTER, state=1
[DIAG] _physics_process: camera target set to character (state: 1)
[DIAG] _poll_controls: ENTER, state=1
[VERBATIM] POLL: _poll_controls() entered, game_state=1
[VERBATIM] POLL: checking deploy state=1 canopy=false
[DIAG] _physics_process: ENTER, state=1
[DIAG] _physics_process: camera target set to character (state: 1)
[DIAG] _physics_process: ENTER, state=1
[DIAG] _physics_process: camera target set to character (state: 1)
[DIAG] _poll_controls: ENTER, state=1
[VERBATIM] POLL: _poll_controls() entered, game_state=1
[VERBATIM] POLL: checking deploy state=1 canopy=false
[DIAG] _physics_process: ENTER, state=1
[DIAG] _physics_process: camera target set to character (state: 1)
[DIAG] _physics_process: ENTER, state=1
[DIAG] _physics_process: camera target set to character (state: 1)
[DIAG] _poll_controls: ENTER, state=1
[VERBATIM] POLL: _poll_controls() entered, game_state=1
[VERBATIM] POLL: checking deploy state=1 canopy=false
[VERBATIM] Wind updated: 12.5 kts @ 240.0°
[DIAG] _physics_process: ENTER, state=1
[DIAG] _physics_process: camera target set to character (state: 1)
[DIAG] _physics_process: ENTER, state=1
[DIAG] _physics_process: camera target set to character (state: 1)
[DIAG] _poll_controls: ENTER, state=1
[VERBATIM] POLL: _poll_controls() entered, game_state=1
[VERBATIM] POLL: checking deploy state=1 canopy=false
[DIAG] _physics_process: ENTER, state=1
[DIAG] _physics_process: camera target set to character (state: 1)
[DIAG] _physics_process: ENTER, state=1
[DIAG] _physics_process: camera target set to character (state: 1)
[DIAG] _poll_controls: ENTER, state=1
[VERBATIM] POLL: _poll_controls() entered, game_state=1
[VERBATIM] POLL: checking deploy state=1 canopy=false
[DIAG] _physics_process: ENTER, state=1
[DIAG] _physics_process: camera target set to character (state: 1)
[DIAG] _physics_process: ENTER, state=1
[DIAG] _physics_process: camera target set to character (state: 1)
[DIAG] _poll_controls: ENTER, state=1
[VERBATIM] POLL: _poll_controls() entered, game_state=1
[VERBATIM] POLL: checking deploy state=1 canopy=false
[DIAG] _physics_process: ENTER, state=1
[DIAG] _physics_process: camera target set to character (state: 1)
[DIAG] _physics_process: ENTER, state=1
[DIAG] _physics_process: camera target set to character (state: 1)
[DIAG] _poll_controls: ENTER, state=1
[VERBATIM] POLL: _poll_controls() entered, game_state=1
[VERBATIM] POLL: checking deploy state=1 canopy=false
[DEBUG] _input (build_terrain) called, event=InputEventKey: keycode=70 (F), mods=none, physical=false, location=unspecified, pressed=false, echo=false
[DIAG] _physics_process: ENTER, state=1
[DIAG] _physics_process: camera target set to character (state: 1)
[DIAG] _physics_process: ENTER, state=1
[DIAG] _physics_process: camera target set to character (state: 1)
[DIAG] _poll_controls: ENTER, state=1
[VERBATIM] POLL: _poll_controls() entered, game_state=1
[VERBATIM] POLL: checking deploy state=1 canopy=false
[DIAG] _physics_process: ENTER, state=1
[DIAG] _physics_process: camera target set to character (state: 1)
[DIAG] _physics_process: ENTER, state=1
[DIAG] _physics_process: camera target set to character (state: 1)
[DIAG] _poll_controls: ENTER, state=1
[VERBATIM] POLL: _poll_controls() entered, game_state=1
[VERBATIM] POLL: checking deploy state=1 canopy=false
[DIAG] _physics_process: ENTER, state=1
[DIAG] _physics_process: camera target set to character (state: 1)
[DIAG] _physics_process: ENTER, state=1
[DIAG] _physics_process: camera target set to character (state: 1)
[DIAG] _poll_controls: ENTER, state=1
[VERBATIM] POLL: _poll_controls() entered, game_state=1
[VERBATIM] POLL: checking deploy state=1 canopy=false
[DIAG] _physics_process: ENTER, state=1
[DIAG] _physics_process: camera target set to character (state: 1)
[DIAG] _poll_controls: ENTER, state=1
[VERBATIM] POLL: _poll_controls() entered, game_state=1
[VERBATIM] POLL: checking deploy state=1 canopy=false
[DIAG] _physics_process: ENTER, state=1
[DIAG] _physics_process: camera target set to character (state: 1)
[DIAG] _physics_process: ENTER, state=1
[DIAG] _physics_process: camera target set to character (state: 1)
[DIAG] _poll_controls: ENTER, state=1
[VERBATIM] POLL: _poll_controls() entered, game_state=1
[VERBATIM] POLL: checking deploy state=1 canopy=false
[DIAG] _physics_process: ENTER, state=1
[DIAG] _physics_process: camera target set to character (state: 1)
[DIAG] _physics_process: ENTER, state=1
[DIAG] _physics_process: camera target set to character (state: 1)
[DIAG] _poll_controls: ENTER, state=1
[VERBATIM] POLL: _poll_controls() entered, game_state=1
[VERBATIM] POLL: checking deploy state=1 canopy=false
[DIAG] _physics_process: ENTER, state=1
[DIAG] _physics_process: camera target set to character (state: 1)
[DIAG] _physics_process: ENTER, state=1
[DIAG] _physics_process: camera target set to character (state: 1)
[DIAG] _poll_controls: ENTER, state=1
[VERBATIM] POLL: _poll_controls() entered, game_state=1
[VERBATIM] POLL: checking deploy state=1 canopy=false
[DIAG] _physics_process: ENTER, state=1
[DIAG] _physics_process: camera target set to character (state: 1)
[DIAG] _physics_process: ENTER, state=1
[DIAG] _physics_process: camera target set to character (state: 1)
[DIAG] _poll_controls: ENTER, state=1
[VERBATIM] POLL: _poll_controls() entered, game_state=1
[VERBATIM] POLL: checking deploy state=1 canopy=false
[DIAG] _physics_process: ENTER, state=1
[DIAG] _physics_process: camera target set to character (state: 1)
[DIAG] _physics_process: ENTER, state=1
[DIAG] _physics_process: camera target set to character (state: 1)
[DIAG] _poll_controls: ENTER, state=1
[VERBATIM] POLL: _poll_controls() entered, game_state=1
[VERBATIM] POLL: checking deploy state=1 canopy=false
[DIAG] _physics_process: ENTER, state=1
[DIAG] _physics_process: camera target set to character (state: 1)
[DIAG] _physics_process: ENTER, state=1
[DIAG] _physics_process: camera target set to character (state: 1)
[DIAG] _poll_controls: ENTER, state=1
[VERBATIM] POLL: _poll_controls() entered, game_state=1
[VERBATIM] POLL: checking deploy state=1 canopy=false
[DIAG] _physics_process: ENTER, state=1
[DIAG] _physics_process: camera target set to character (state: 1)
[DIAG] _physics_process: ENTER, state=1
[DIAG] _physics_process: camera target set to character (state: 1)
[DIAG] _poll_controls: ENTER, state=1
[VERBATIM] POLL: _poll_controls() entered, game_state=1
[VERBATIM] POLL: checking deploy state=1 canopy=false
[DIAG] _physics_process: ENTER, state=1
[DIAG] _physics_process: camera target set to character (state: 1)
[DIAG] _physics_process: ENTER, state=1
[DIAG] _physics_process: camera target set to character (state: 1)
[DIAG] _poll_controls: ENTER, state=1
[VERBATIM] POLL: _poll_controls() entered, game_state=1
[VERBATIM] POLL: checking deploy state=1 canopy=false
[DIAG] _physics_process: ENTER, state=1
[DIAG] _physics_process: camera target set to character (state: 1)
[DIAG] _physics_process: ENTER, state=1
[DIAG] _physics_process: camera target set to character (state: 1)
[WIND] speed 5.99878021178488 kts  dir 0°  gust 0.0  vec_ms (0.0, 0.0, 3.086036)
[DIAG] _poll_controls: ENTER, state=1
[VERBATIM] POLL: _poll_controls() entered, game_state=1
[VERBATIM] POLL: checking deploy state=1 canopy=false
[DIAG] _physics_process: ENTER, state=1
[DIAG] _physics_process: camera target set to character (state: 1)
[DIAG] _poll_controls: ENTER, state=1
[VERBATIM] POLL: _poll_controls() entered, game_state=1
[VERBATIM] POLL: checking deploy state=1 canopy=false
[DIAG] _physics_process: ENTER, state=1
[DIAG] _physics_process: camera target set to character (state: 1)
[DIAG] _physics_process: ENTER, state=1
[DIAG] _physics_process: camera target set to character (state: 1)
[DIAG] _poll_controls: ENTER, state=1
[VERBATIM] POLL: _poll_controls() entered, game_state=1
[VERBATIM] POLL: checking deploy state=1 canopy=false
[DIAG] _physics_process: ENTER, state=1
[DIAG] _physics_process: camera target set to character (state: 1)
[DIAG] _physics_process: ENTER, state=1
[DIAG] _physics_process: camera target set to character (state: 1)
[DIAG] _poll_controls: ENTER, state=1
[VERBATIM] POLL: _poll_controls() entered, game_state=1
[VERBATIM] POLL: checking deploy state=1 canopy=false
[DIAG] _physics_process: ENTER, state=1
[DIAG] _physics_process: camera target set to character (state: 1)
[DIAG] _physics_process: ENTER, state=1
[DIAG] _physics_process: camera target set to character (state: 1)
[DIAG] _poll_controls: ENTER, state=1
[VERBATIM] POLL: _poll_controls() entered, game_state=1
[VERBATIM] POLL: checking deploy state=1 canopy=false
[DIAG] _physics_process: ENTER, state=1
[DIAG] _physics_process: camera target set to character (state: 1)
[DIAG] _physics_process: ENTER, state=1
[DIAG] _physics_process: camera target set to character (state: 1)
[DIAG] _poll_controls: ENTER, state=1
[VERBATIM] POLL: _poll_controls() entered, game_state=1
[VERBATIM] POLL: checking deploy state=1 canopy=false
[DIAG] _physics_process: ENTER, state=1
[DIAG] _physics_process: camera target set to character (state: 1)
[DIAG] _physics_process: ENTER, state=1
[DIAG] _physics_process: camera target set to character (state: 1)
[DIAG] _poll_controls: ENTER, state=1
[VERBATIM] POLL: _poll_controls() entered, game_state=1
[VERBATIM] POLL: checking deploy state=1 canopy=false
[DIAG] _physics_process: ENTER, state=1
[DIAG] _physics_process: camera target set to character (state: 1)
[DIAG] _physics_process: ENTER, state=1
[DIAG] _physics_process: camera target set to character (state: 1)
[DIAG] _poll_controls: ENTER, state=1
[VERBATIM] POLL: _poll_controls() entered, game_state=1
[VERBATIM] POLL: checking deploy state=1 canopy=false
[DIAG] _physics_process: ENTER, state=1
[DIAG] _physics_process: camera target set to character (state: 1)
[DIAG] _physics_process: ENTER, state=1
[DIAG] _physics_process: camera target set to character (state: 1)
[DIAG] _poll_controls: ENTER, state=1
[VERBATIM] POLL: _poll_controls() entered, game_state=1
[VERBATIM] POLL: checking deploy state=1 canopy=false
[DIAG] _physics_process: ENTER, state=1
[DIAG] _physics_process: camera target set to character (state: 1)
[DIAG] _physics_process: ENTER, state=1
[DIAG] _physics_process: camera target set to character (state: 1)
[DIAG] _poll_controls: ENTER, state=1
[VERBATIM] POLL: _poll_controls() entered, game_state=1
[VERBATIM] POLL: checking deploy state=1 canopy=false
[DIAG] _physics_process: ENTER, state=1
[DIAG] _physics_process: camera target set to character (state: 1)
[DIAG] _poll_controls: ENTER, state=1
[VERBATIM] POLL: _poll_controls() entered, game_state=1
[VERBATIM] POLL: checking deploy state=1 canopy=false
[DIAG] _physics_process: ENTER, state=1
[DIAG] _physics_process: camera target set to character (state: 1)
[DIAG] _physics_process: ENTER, state=1
[DIAG] _physics_process: camera target set to character (state: 1)
[DIAG] _poll_controls: ENTER, state=1
[VERBATIM] POLL: _poll_controls() entered, game_state=1
[VERBATIM] POLL: checking deploy state=1 canopy=false
[DIAG] _physics_process: ENTER, state=1
[DIAG] _physics_process: camera target set to character (state: 1)
[DIAG] _physics_process: ENTER, state=1
[DIAG] _physics_process: camera target set to character (state: 1)
[DIAG] _poll_controls: ENTER, state=1
[VERBATIM] POLL: _poll_controls() entered, game_state=1
[VERBATIM] POLL: checking deploy state=1 canopy=false
[DEBUG] _input (build_terrain) called, event=InputEventKey: keycode=72 (H), mods=none, physical=false, location=unspecified, pressed=true, echo=false
[VERBATIM] INPUT: action=toggle_hud (H)
[CTRL] pressed=togglehud  key=H  state=1  deployed=false  alt_m=1440.4
[DIAG] _physics_process: ENTER, state=1
[DIAG] _physics_process: camera target set to character (state: 1)
[DIAG] _physics_process: ENTER, state=1
[DIAG] _physics_process: camera target set to character (state: 1)
[DIAG] _poll_controls: ENTER, state=1
[VERBATIM] POLL: _poll_controls() entered, game_state=1
[VERBATIM] POLL: checking deploy state=1 canopy=false
[VERBATIM] POLL: togglehud pressed - toggling HUD
[DIAG] _toggle_hud: ENTER, current visible=true
[VERBATIM] ENTER _toggle_hud gate=none
[VERBATIM] HUD toggled visible=false
[DIAG] _toggle_hud: EXIT, new visible=false
[VERBATIM] EXIT _toggle_hud ok=true
[DIAG] _physics_process: ENTER, state=1
[DIAG] _physics_process: camera target set to character (state: 1)
[DIAG] _physics_process: ENTER, state=1
[DIAG] _physics_process: camera target set to character (state: 1)
[DIAG] _physics_process: ENTER, state=1
[DIAG] _physics_process: camera target set to character (state: 1)
[DIAG] _physics_process: ENTER, state=1
[DIAG] _physics_process: camera target set to character (state: 1)
[DIAG] _physics_process: ENTER, state=1
[DIAG] _physics_process: camera target set to character (state: 1)
[DIAG] _physics_process: ENTER, state=1
[DIAG] _physics_process: camera target set to character (state: 1)
[PIPLIVE] eye=(713.9935, 1431.973, 352.7044) state=1 deployed=false framing=aircraft/sky
[DIAG] _physics_process: ENTER, state=1
[DIAG] _physics_process: camera target set to character (state: 1)
[DIAG] _physics_process: ENTER, state=1
[DIAG] _physics_process: camera target set to character (state: 1)
[DIAG] _poll_controls: ENTER, state=1
[VERBATIM] POLL: _poll_controls() entered, game_state=1
[VERBATIM] POLL: checking deploy state=1 canopy=false
[VERBATIM] Wind updated: 12.5 kts @ 240.0°
[DIAG] _physics_process: ENTER, state=1
[DIAG] _physics_process: camera target set to character (state: 1)
[DIAG] _physics_process: ENTER, state=1
[DIAG] _physics_process: camera target set to character (state: 1)
[DIAG] _physics_process: ENTER, state=1
[DIAG] _physics_process: camera target set to character (state: 1)
[DIAG] _poll_controls: ENTER, state=1
[VERBATIM] POLL: _poll_controls() entered, game_state=1
[VERBATIM] POLL: checking deploy state=1 canopy=false
[DIAG] _physics_process: ENTER, state=1
[DIAG] _physics_process: camera target set to character (state: 1)
[DIAG] _physics_process: ENTER, state=1
[DIAG] _physics_process: camera target set to character (state: 1)
[DIAG] _poll_controls: ENTER, state=1
[VERBATIM] POLL: _poll_controls() entered, game_state=1
[VERBATIM] POLL: checking deploy state=1 canopy=false
[DIAG] _physics_process: ENTER, state=1
[DIAG] _physics_process: camera target set to character (state: 1)
[DIAG] _poll_controls: ENTER, state=1
[VERBATIM] POLL: _poll_controls() entered, game_state=1
[VERBATIM] POLL: checking deploy state=1 canopy=false
[DIAG] _physics_process: ENTER, state=1
[DIAG] _physics_process: camera target set to character (state: 1)
[DIAG] _physics_process: ENTER, state=1
[DIAG] _physics_process: camera target set to character (state: 1)
[DIAG] _poll_controls: ENTER, state=1
[VERBATIM] POLL: _poll_controls() entered, game_state=1
[VERBATIM] POLL: checking deploy state=1 canopy=false
[DEBUG] _input (build_terrain) called, event=InputEventKey: keycode=72 (H), mods=none, physical=false, location=unspecified, pressed=false, echo=false
[DIAG] _physics_process: ENTER, state=1
[DIAG] _physics_process: camera target set to character (state: 1)
[DIAG] _physics_process: ENTER, state=1
[DIAG] _physics_process: camera target set to character (state: 1)
[DIAG] _poll_controls: ENTER, state=1
[VERBATIM] POLL: _poll_controls() entered, game_state=1
[VERBATIM] POLL: checking deploy state=1 canopy=false
[DIAG] _physics_process: ENTER, state=1
[DIAG] _physics_process: camera target set to character (state: 1)
[DIAG] _physics_process: ENTER, state=1
[DIAG] _physics_process: camera target set to character (state: 1)
[DIAG] _poll_controls: ENTER, state=1
[VERBATIM] POLL: _poll_controls() entered, game_state=1
[VERBATIM] POLL: checking deploy state=1 canopy=false
[DIAG] _physics_process: ENTER, state=1
[DIAG] _physics_process: camera target set to character (state: 1)
[DIAG] _physics_process: ENTER, state=1
[DIAG] _physics_process: camera target set to character (state: 1)
[DIAG] _poll_controls: ENTER, state=1
[VERBATIM] POLL: _poll_controls() entered, game_state=1
[VERBATIM] POLL: checking deploy state=1 canopy=false
[DIAG] _physics_process: ENTER, state=1
[DIAG] _physics_process: camera target set to character (state: 1)
[DIAG] _physics_process: ENTER, state=1
[DIAG] _physics_process: camera target set to character (state: 1)
[DIAG] _poll_controls: ENTER, state=1
[VERBATIM] POLL: _poll_controls() entered, game_state=1
[VERBATIM] POLL: checking deploy state=1 canopy=false
[DIAG] _physics_process: ENTER, state=1
[DIAG] _physics_process: camera target set to character (state: 1)
[DIAG] _physics_process: ENTER, state=1
[DIAG] _physics_process: camera target set to character (state: 1)
[DIAG] _poll_controls: ENTER, state=1
[VERBATIM] POLL: _poll_controls() entered, game_state=1
[VERBATIM] POLL: checking deploy state=1 canopy=false
[DIAG] _physics_process: ENTER, state=1
[DIAG] _physics_process: camera target set to character (state: 1)
[DIAG] _physics_process: ENTER, state=1
[DIAG] _physics_process: camera target set to character (state: 1)
[DIAG] _poll_controls: ENTER, state=1
[VERBATIM] POLL: _poll_controls() entered, game_state=1
[VERBATIM] POLL: checking deploy state=1 canopy=false
[DIAG] _physics_process: ENTER, state=1
[DIAG] _physics_process: camera target set to character (state: 1)
[DIAG] _physics_process: ENTER, state=1
[DIAG] _physics_process: camera target set to character (state: 1)
[DIAG] _poll_controls: ENTER, state=1
[VERBATIM] POLL: _poll_controls() entered, game_state=1
[VERBATIM] POLL: checking deploy state=1 canopy=false
[DIAG] _physics_process: ENTER, state=1
[DIAG] _physics_process: camera target set to character (state: 1)
[DIAG] _poll_controls: ENTER, state=1
[VERBATIM] POLL: _poll_controls() entered, game_state=1
[VERBATIM] POLL: checking deploy state=1 canopy=false
[DIAG] _physics_process: ENTER, state=1
[DIAG] _physics_process: camera target set to character (state: 1)
[DIAG] _physics_process: ENTER, state=1
[DIAG] _physics_process: camera target set to character (state: 1)
[DIAG] _poll_controls: ENTER, state=1
[VERBATIM] POLL: _poll_controls() entered, game_state=1
[VERBATIM] POLL: checking deploy state=1 canopy=false
[DIAG] _physics_process: ENTER, state=1
[DIAG] _physics_process: camera target set to character (state: 1)
[DIAG] _physics_process: ENTER, state=1
[DIAG] _physics_process: camera target set to character (state: 1)
[DIAG] _poll_controls: ENTER, state=1
[VERBATIM] POLL: _poll_controls() entered, game_state=1
[VERBATIM] POLL: checking deploy state=1 canopy=false
[DIAG] _physics_process: ENTER, state=1
[DIAG] _physics_process: camera target set to character (state: 1)
[DIAG] _physics_process: ENTER, state=1
[DIAG] _physics_process: camera target set to character (state: 1)
[DIAG] _poll_controls: ENTER, state=1
[VERBATIM] POLL: _poll_controls() entered, game_state=1
[VERBATIM] POLL: checking deploy state=1 canopy=false
[DIAG] _physics_process: ENTER, state=1
[DIAG] _physics_process: camera target set to character (state: 1)
[DIAG] _physics_process: ENTER, state=1
[DIAG] _physics_process: camera target set to character (state: 1)
[DIAG] _poll_controls: ENTER, state=1
[VERBATIM] POLL: _poll_controls() entered, game_state=1
[VERBATIM] POLL: checking deploy state=1 canopy=false
[DIAG] _physics_process: ENTER, state=1
[DIAG] _physics_process: camera target set to character (state: 1)
[DIAG] _physics_process: ENTER, state=1
[DIAG] _physics_process: camera target set to character (state: 1)
[DIAG] _poll_controls: ENTER, state=1
[VERBATIM] POLL: _poll_controls() entered, game_state=1
[VERBATIM] POLL: checking deploy state=1 canopy=false
[DIAG] _physics_process: ENTER, state=1
[DIAG] _physics_process: camera target set to character (state: 1)
[DIAG] _physics_process: ENTER, state=1
[DIAG] _physics_process: camera target set to character (state: 1)
[DIAG] _poll_controls: ENTER, state=1
[VERBATIM] POLL: _poll_controls() entered, game_state=1
[VERBATIM] POLL: checking deploy state=1 canopy=false
[DIAG] _physics_process: ENTER, state=1
[DIAG] _physics_process: camera target set to character (state: 1)
[DIAG] _physics_process: ENTER, state=1
[DIAG] _physics_process: camera target set to character (state: 1)
[DIAG] _poll_controls: ENTER, state=1
[VERBATIM] POLL: _poll_controls() entered, game_state=1
[VERBATIM] POLL: checking deploy state=1 canopy=false
[DIAG] _physics_process: ENTER, state=1
[DIAG] _physics_process: camera target set to character (state: 1)
[DIAG] _poll_controls: ENTER, state=1
[VERBATIM] POLL: _poll_controls() entered, game_state=1
[VERBATIM] POLL: checking deploy state=1 canopy=false
[DIAG] _physics_process: ENTER, state=1
[DIAG] _physics_process: camera target set to character (state: 1)
[DIAG] _physics_process: ENTER, state=1
[DIAG] _physics_process: camera target set to character (state: 1)
[DIAG] _poll_controls: ENTER, state=1
[VERBATIM] POLL: _poll_controls() entered, game_state=1
[VERBATIM] POLL: checking deploy state=1 canopy=false
[DIAG] _physics_process: ENTER, state=1
[DIAG] _physics_process: camera target set to character (state: 1)
[DIAG] _physics_process: ENTER, state=1
[DIAG] _physics_process: camera target set to character (state: 1)
[DIAG] _poll_controls: ENTER, state=1
[VERBATIM] POLL: _poll_controls() entered, game_state=1
[VERBATIM] POLL: checking deploy state=1 canopy=false
[DIAG] _physics_process: ENTER, state=1
[DIAG] _physics_process: camera target set to character (state: 1)
[DIAG] _physics_process: ENTER, state=1
[DIAG] _physics_process: camera target set to character (state: 1)
[DIAG] _poll_controls: ENTER, state=1
[VERBATIM] POLL: _poll_controls() entered, game_state=1
[VERBATIM] POLL: checking deploy state=1 canopy=false
[DIAG] _physics_process: ENTER, state=1
[DIAG] _physics_process: camera target set to character (state: 1)
[DIAG] _physics_process: ENTER, state=1
[DIAG] _physics_process: camera target set to character (state: 1)
[DIAG] _poll_controls: ENTER, state=1
[VERBATIM] POLL: _poll_controls() entered, game_state=1
[VERBATIM] POLL: checking deploy state=1 canopy=false
[DIAG] _physics_process: ENTER, state=1
[DIAG] _physics_process: camera target set to character (state: 1)
[DIAG] _physics_process: ENTER, state=1
[DIAG] _physics_process: camera target set to character (state: 1)
[DIAG] _poll_controls: ENTER, state=1
[VERBATIM] POLL: _poll_controls() entered, game_state=1
[VERBATIM] POLL: checking deploy state=1 canopy=false
[DIAG] _physics_process: ENTER, state=1
[DIAG] _physics_process: camera target set to character (state: 1)
[DIAG] _physics_process: ENTER, state=1
[DIAG] _physics_process: camera target set to character (state: 1)
[DIAG] _poll_controls: ENTER, state=1
[VERBATIM] POLL: _poll_controls() entered, game_state=1
[VERBATIM] POLL: checking deploy state=1 canopy=false
[DIAG] _physics_process: ENTER, state=1
[DIAG] _physics_process: camera target set to character (state: 1)
[DIAG] _physics_process: ENTER, state=1
[DIAG] _physics_process: camera target set to character (state: 1)
[DIAG] _poll_controls: ENTER, state=1
[VERBATIM] POLL: _poll_controls() entered, game_state=1
[VERBATIM] POLL: checking deploy state=1 canopy=false
[DIAG] _physics_process: ENTER, state=1
[DIAG] _physics_process: camera target set to character (state: 1)
[DIAG] _poll_controls: ENTER, state=1
[VERBATIM] POLL: _poll_controls() entered, game_state=1
[VERBATIM] POLL: checking deploy state=1 canopy=false
[DIAG] _physics_process: ENTER, state=1
[DIAG] _physics_process: camera target set to character (state: 1)
[DIAG] _physics_process: ENTER, state=1
[DIAG] _physics_process: camera target set to character (state: 1)
[DIAG] _poll_controls: ENTER, state=1
[VERBATIM] POLL: _poll_controls() entered, game_state=1
[VERBATIM] POLL: checking deploy state=1 canopy=false
[VERBATIM] Wind updated: 12.5 kts @ 240.0°
[DIAG] _physics_process: ENTER, state=1
[DIAG] _physics_process: camera target set to character (state: 1)
[DIAG] _physics_process: ENTER, state=1
[DIAG] _physics_process: camera target set to character (state: 1)
[DIAG] _poll_controls: ENTER, state=1
[VERBATIM] POLL: _poll_controls() entered, game_state=1
[VERBATIM] POLL: checking deploy state=1 canopy=false
[DEBUG] _input (build_terrain) called, event=InputEventKey: keycode=83 (S), mods=none, physical=false, location=unspecified, pressed=true, echo=false
[CAMERA] Saved camera distance to DB (camera_distance_freefall): 5.0
[CAMERA] Settings saved manually
[DIAG] _physics_process: ENTER, state=1
[DIAG] _physics_process: camera target set to character (state: 1)
[DIAG] _physics_process: ENTER, state=1
[DIAG] _physics_process: camera target set to character (state: 1)
[DIAG] _physics_process: ENTER, state=1
[DIAG] _physics_process: camera target set to character (state: 1)
[DIAG] _physics_process: ENTER, state=1
[DIAG] _physics_process: camera target set to character (state: 1)
[DIAG] _physics_process: ENTER, state=1
[DIAG] _physics_process: camera target set to character (state: 1)
[DIAG] _physics_process: ENTER, state=1
[DIAG] _physics_process: camera target set to character (state: 1)
[DIAG] _physics_process: ENTER, state=1
[DIAG] _physics_process: camera target set to character (state: 1)
[DIAG] _physics_process: ENTER, state=1
[DIAG] _physics_process: camera target set to character (state: 1)
[DIAG] _poll_controls: ENTER, state=1
[VERBATIM] POLL: _poll_controls() entered, game_state=1
[VERBATIM] POLL: checking deploy state=1 canopy=false
[CAMERA] Saved camera distance to DB (camera_distance_freefall): 5.0
[CAMERA] Settings saved manually (from _poll_controls)
[DIAG] _physics_process: ENTER, state=1
[DIAG] _physics_process: camera target set to character (state: 1)
[DIAG] _physics_process: ENTER, state=1
[DIAG] _physics_process: camera target set to character (state: 1)
[DIAG] _physics_process: ENTER, state=1
[DIAG] _physics_process: camera target set to character (state: 1)
[DIAG] _physics_process: ENTER, state=1
[DIAG] _physics_process: camera target set to character (state: 1)
[DIAG] _physics_process: ENTER, state=1
[DIAG] _physics_process: camera target set to character (state: 1)
[DIAG] _physics_process: ENTER, state=1
[DIAG] _physics_process: camera target set to character (state: 1)
[DIAG] _poll_controls: ENTER, state=1
[VERBATIM] POLL: _poll_controls() entered, game_state=1
[VERBATIM] POLL: checking deploy state=1 canopy=false
[DIAG] _physics_process: ENTER, state=1
[DIAG] _physics_process: camera target set to character (state: 1)
[DIAG] _physics_process: ENTER, state=1
[DIAG] _physics_process: camera target set to character (state: 1)
[DIAG] _poll_controls: ENTER, state=1
[VERBATIM] POLL: _poll_controls() entered, game_state=1
[VERBATIM] POLL: checking deploy state=1 canopy=false
[DEBUG] _input (build_terrain) called, event=InputEventKey: keycode=83 (S), mods=none, physical=false, location=unspecified, pressed=false, echo=false
[DIAG] _physics_process: ENTER, state=1
[DIAG] _physics_process: camera target set to character (state: 1)
[DIAG] _physics_process: ENTER, state=1
[DIAG] _physics_process: camera target set to character (state: 1)
[DIAG] _poll_controls: ENTER, state=1
[VERBATIM] POLL: _poll_controls() entered, game_state=1
[VERBATIM] POLL: checking deploy state=1 canopy=false
[DIAG] _physics_process: ENTER, state=1
[DIAG] _physics_process: camera target set to character (state: 1)
[DIAG] _physics_process: ENTER, state=1
[DIAG] _physics_process: camera target set to character (state: 1)
[DIAG] _poll_controls: ENTER, state=1
[VERBATIM] POLL: _poll_controls() entered, game_state=1
[VERBATIM] POLL: checking deploy state=1 canopy=false
[DIAG] _physics_process: ENTER, state=1
[DIAG] _physics_process: camera target set to character (state: 1)
[DIAG] _physics_process: ENTER, state=1
[DIAG] _physics_process: camera target set to character (state: 1)
[DIAG] _poll_controls: ENTER, state=1
[VERBATIM] POLL: _poll_controls() entered, game_state=1
[VERBATIM] POLL: checking deploy state=1 canopy=false
[DIAG] _physics_process: ENTER, state=1
[DIAG] _physics_process: camera target set to character (state: 1)
[DIAG] _physics_process: ENTER, state=1
[DIAG] _physics_process: camera target set to character (state: 1)
[DIAG] _poll_controls: ENTER, state=1
[VERBATIM] POLL: _poll_controls() entered, game_state=1
[VERBATIM] POLL: checking deploy state=1 canopy=false
[DIAG] _physics_process: ENTER, state=1
[DIAG] _physics_process: camera target set to character (state: 1)
[DIAG] _poll_controls: ENTER, state=1
[VERBATIM] POLL: _poll_controls() entered, game_state=1
[VERBATIM] POLL: checking deploy state=1 canopy=false
[DIAG] _physics_process: ENTER, state=1
[DIAG] _physics_process: camera target set to character (state: 1)
[DIAG] _physics_process: ENTER, state=1
[DIAG] _physics_process: camera target set to character (state: 1)
[DIAG] _poll_controls: ENTER, state=1
[VERBATIM] POLL: _poll_controls() entered, game_state=1
[VERBATIM] POLL: checking deploy state=1 canopy=false
[DIAG] _physics_process: ENTER, state=1
[DIAG] _physics_process: camera target set to character (state: 1)
[DIAG] _physics_process: ENTER, state=1
[DIAG] _physics_process: camera target set to character (state: 1)
[DIAG] _poll_controls: ENTER, state=1
[VERBATIM] POLL: _poll_controls() entered, game_state=1
[VERBATIM] POLL: checking deploy state=1 canopy=false
[DIAG] _physics_process: ENTER, state=1
[DIAG] _physics_process: camera target set to character (state: 1)
[DIAG] _physics_process: ENTER, state=1
[DIAG] _physics_process: camera target set to character (state: 1)
[DIAG] _poll_controls: ENTER, state=1
[VERBATIM] POLL: _poll_controls() entered, game_state=1
[VERBATIM] POLL: checking deploy state=1 canopy=false
[DIAG] _physics_process: ENTER, state=1
[DIAG] _physics_process: camera target set to character (state: 1)
[DIAG] _physics_process: ENTER, state=1
[DIAG] _physics_process: camera target set to character (state: 1)
[DIAG] _poll_controls: ENTER, state=1
[VERBATIM] POLL: _poll_controls() entered, game_state=1
[VERBATIM] POLL: checking deploy state=1 canopy=false
[DIAG] _physics_process: ENTER, state=1
[DIAG] _physics_process: camera target set to character (state: 1)
[DIAG] _physics_process: ENTER, state=1
[DIAG] _physics_process: camera target set to character (state: 1)
[DIAG] _poll_controls: ENTER, state=1
[VERBATIM] POLL: _poll_controls() entered, game_state=1
[VERBATIM] POLL: checking deploy state=1 canopy=false
[DIAG] _physics_process: ENTER, state=1
[DIAG] _physics_process: camera target set to character (state: 1)
[DIAG] _physics_process: ENTER, state=1
[DIAG] _physics_process: camera target set to character (state: 1)
[DIAG] _poll_controls: ENTER, state=1
[VERBATIM] POLL: _poll_controls() entered, game_state=1
[VERBATIM] POLL: checking deploy state=1 canopy=false
[DIAG] _physics_process: ENTER, state=1
[DIAG] _physics_process: camera target set to character (state: 1)
[DIAG] _physics_process: ENTER, state=1
[DIAG] _physics_process: camera target set to character (state: 1)
[DIAG] _poll_controls: ENTER, state=1
[VERBATIM] POLL: _poll_controls() entered, game_state=1
[VERBATIM] POLL: checking deploy state=1 canopy=false
[DIAG] _physics_process: ENTER, state=1
[DIAG] _physics_process: camera target set to character (state: 1)
[DIAG] _physics_process: ENTER, state=1
[DIAG] _physics_process: camera target set to character (state: 1)
[DIAG] _poll_controls: ENTER, state=1
[VERBATIM] POLL: _poll_controls() entered, game_state=1
[VERBATIM] POLL: checking deploy state=1 canopy=false
[DIAG] _physics_process: ENTER, state=1
[DIAG] _physics_process: camera target set to character (state: 1)
[DIAG] _poll_controls: ENTER, state=1
[VERBATIM] POLL: _poll_controls() entered, game_state=1
[VERBATIM] POLL: checking deploy state=1 canopy=false
[DIAG] _physics_process: ENTER, state=1
[DIAG] _physics_process: camera target set to character (state: 1)
[DIAG] _physics_process: ENTER, state=1
[DIAG] _physics_process: camera target set to character (state: 1)
[DIAG] _poll_controls: ENTER, state=1
[VERBATIM] POLL: _poll_controls() entered, game_state=1
[VERBATIM] POLL: checking deploy state=1 canopy=false
[DIAG] _physics_process: ENTER, state=1
[DIAG] _physics_process: camera target set to character (state: 1)
[DIAG] _physics_process: ENTER, state=1
[DIAG] _physics_process: camera target set to character (state: 1)
[DIAG] _poll_controls: ENTER, state=1
[VERBATIM] POLL: _poll_controls() entered, game_state=1
[VERBATIM] POLL: checking deploy state=1 canopy=false
[DIAG] _physics_process: ENTER, state=1
[DIAG] _physics_process: camera target set to character (state: 1)
[DIAG] _physics_process: ENTER, state=1
[DIAG] _physics_process: camera target set to character (state: 1)
[DIAG] _poll_controls: ENTER, state=1
[VERBATIM] POLL: _poll_controls() entered, game_state=1
[VERBATIM] POLL: checking deploy state=1 canopy=false
[DIAG] _physics_process: ENTER, state=1
[DIAG] _physics_process: camera target set to character (state: 1)
[DIAG] _physics_process: ENTER, state=1
[DIAG] _physics_process: camera target set to character (state: 1)
[DIAG] _poll_controls: ENTER, state=1
[VERBATIM] POLL: _poll_controls() entered, game_state=1
[VERBATIM] POLL: checking deploy state=1 canopy=false
[DIAG] _physics_process: ENTER, state=1
[DIAG] _physics_process: camera target set to character (state: 1)
[DIAG] _physics_process: ENTER, state=1
[DIAG] _physics_process: camera target set to character (state: 1)
[DIAG] _poll_controls: ENTER, state=1
[VERBATIM] POLL: _poll_controls() entered, game_state=1
[VERBATIM] POLL: checking deploy state=1 canopy=false
[DIAG] _physics_process: ENTER, state=1
[DIAG] _physics_process: camera target set to character (state: 1)
[DIAG] _physics_process: ENTER, state=1
[DIAG] _physics_process: camera target set to character (state: 1)
[DIAG] _poll_controls: ENTER, state=1
[VERBATIM] POLL: _poll_controls() entered, game_state=1
[VERBATIM] POLL: checking deploy state=1 canopy=false
[DIAG] _physics_process: ENTER, state=1
[DIAG] _physics_process: camera target set to character (state: 1)
[DIAG] _physics_process: ENTER, state=1
[DIAG] _physics_process: camera target set to character (state: 1)
[DIAG] _poll_controls: ENTER, state=1
[VERBATIM] POLL: _poll_controls() entered, game_state=1
[VERBATIM] POLL: checking deploy state=1 canopy=false
[DIAG] _physics_process: ENTER, state=1
[DIAG] _physics_process: camera target set to character (state: 1)
[DIAG] _physics_process: ENTER, state=1
[DIAG] _physics_process: camera target set to character (state: 1)
[DIAG] _poll_controls: ENTER, state=1
[VERBATIM] POLL: _poll_controls() entered, game_state=1
[VERBATIM] POLL: checking deploy state=1 canopy=false
[VERBATIM] Wind updated: 12.5 kts @ 240.0°
[DIAG] _physics_process: ENTER, state=1
[DIAG] _physics_process: camera target set to character (state: 1)
[DIAG] _poll_controls: ENTER, state=1
[VERBATIM] POLL: _poll_controls() entered, game_state=1
[VERBATIM] POLL: checking deploy state=1 canopy=false
[DIAG] _physics_process: ENTER, state=1
[DIAG] _physics_process: camera target set to character (state: 1)
[DIAG] _physics_process: ENTER, state=1
[DIAG] _physics_process: camera target set to character (state: 1)
[DIAG] _poll_controls: ENTER, state=1
[VERBATIM] POLL: _poll_controls() entered, game_state=1
[VERBATIM] POLL: checking deploy state=1 canopy=false
[DIAG] _physics_process: ENTER, state=1
[DIAG] _physics_process: camera target set to character (state: 1)
[PIPLIVE] eye=(711.7024, 1278.402, 353.9742) state=1 deployed=false framing=aircraft/sky
[DIAG] _physics_process: ENTER, state=1
[DIAG] _physics_process: camera target set to character (state: 1)
[DIAG] _poll_controls: ENTER, state=1
[VERBATIM] POLL: _poll_controls() entered, game_state=1
[VERBATIM] POLL: checking deploy state=1 canopy=false
[DIAG] _physics_process: ENTER, state=1
[DIAG] _physics_process: camera target set to character (state: 1)
[DIAG] _physics_process: ENTER, state=1
[DIAG] _physics_process: camera target set to character (state: 1)
[DIAG] _poll_controls: ENTER, state=1
[VERBATIM] POLL: _poll_controls() entered, game_state=1
[VERBATIM] POLL: checking deploy state=1 canopy=false
[DIAG] _physics_process: ENTER, state=1
[DIAG] _physics_process: camera target set to character (state: 1)
[DIAG] _physics_process: ENTER, state=1
[DIAG] _physics_process: camera target set to character (state: 1)
[DIAG] _poll_controls: ENTER, state=1
[VERBATIM] POLL: _poll_controls() entered, game_state=1
[VERBATIM] POLL: checking deploy state=1 canopy=false
[DEBUG] _input (build_terrain) called, event=InputEventKey: keycode=4194320 (Up), mods=none, physical=false, location=unspecified, pressed=true, echo=false
[DIAG] _physics_process: ENTER, state=1
[DIAG] _physics_process: camera target set to character (state: 1)
[DIAG] _physics_process: ENTER, state=1
[DIAG] _physics_process: camera target set to character (state: 1)
[DIAG] _poll_controls: ENTER, state=1
[VERBATIM] POLL: _poll_controls() entered, game_state=1
[VERBATIM] POLL: checking deploy state=1 canopy=false
[DIAG] _physics_process: ENTER, state=1
[DIAG] _physics_process: camera target set to character (state: 1)
[DIAG] _physics_process: ENTER, state=1
[DIAG] _physics_process: camera target set to character (state: 1)
[DIAG] _poll_controls: ENTER, state=1
[VERBATIM] POLL: _poll_controls() entered, game_state=1
[VERBATIM] POLL: checking deploy state=1 canopy=false
[DIAG] _physics_process: ENTER, state=1
[DIAG] _physics_process: camera target set to character (state: 1)
[DIAG] _physics_process: ENTER, state=1
[DIAG] _physics_process: camera target set to character (state: 1)
[DIAG] _poll_controls: ENTER, state=1
[VERBATIM] POLL: _poll_controls() entered, game_state=1
[VERBATIM] POLL: checking deploy state=1 canopy=false
[DIAG] _physics_process: ENTER, state=1
[DIAG] _physics_process: camera target set to character (state: 1)
[DIAG] _physics_process: ENTER, state=1
[DIAG] _physics_process: camera target set to character (state: 1)
[DIAG] _poll_controls: ENTER, state=1
[VERBATIM] POLL: _poll_controls() entered, game_state=1
[VERBATIM] POLL: checking deploy state=1 canopy=false
[DIAG] _physics_process: ENTER, state=1
[DIAG] _physics_process: camera target set to character (state: 1)
[DIAG] _poll_controls: ENTER, state=1
[VERBATIM] POLL: _poll_controls() entered, game_state=1
[VERBATIM] POLL: checking deploy state=1 canopy=false
[DIAG] _physics_process: ENTER, state=1
[DIAG] _physics_process: camera target set to character (state: 1)
[DIAG] _physics_process: ENTER, state=1
[DIAG] _physics_process: camera target set to character (state: 1)
[DIAG] _poll_controls: ENTER, state=1
[VERBATIM] POLL: _poll_controls() entered, game_state=1
[VERBATIM] POLL: checking deploy state=1 canopy=false
[DIAG] _physics_process: ENTER, state=1
[DIAG] _physics_process: camera target set to character (state: 1)
[DIAG] _physics_process: ENTER, state=1
[DIAG] _physics_process: camera target set to character (state: 1)
[DIAG] _poll_controls: ENTER, state=1
[VERBATIM] POLL: _poll_controls() entered, game_state=1
[VERBATIM] POLL: checking deploy state=1 canopy=false
[DIAG] _physics_process: ENTER, state=1
[DIAG] _physics_process: camera target set to character (state: 1)
[DIAG] _physics_process: ENTER, state=1
[DIAG] _physics_process: camera target set to character (state: 1)
[DIAG] _poll_controls: ENTER, state=1
[VERBATIM] POLL: _poll_controls() entered, game_state=1
[VERBATIM] POLL: checking deploy state=1 canopy=false
[DIAG] _physics_process: ENTER, state=1
[DIAG] _physics_process: camera target set to character (state: 1)
[DIAG] _physics_process: ENTER, state=1
[DIAG] _physics_process: camera target set to character (state: 1)
[DIAG] _poll_controls: ENTER, state=1
[VERBATIM] POLL: _poll_controls() entered, game_state=1
[VERBATIM] POLL: checking deploy state=1 canopy=false
[DIAG] _physics_process: ENTER, state=1
[DIAG] _physics_process: camera target set to character (state: 1)
[DIAG] _physics_process: ENTER, state=1
[DIAG] _physics_process: camera target set to character (state: 1)
[DIAG] _poll_controls: ENTER, state=1
[VERBATIM] POLL: _poll_controls() entered, game_state=1
[VERBATIM] POLL: checking deploy state=1 canopy=false
[DIAG] _physics_process: ENTER, state=1
[DIAG] _physics_process: camera target set to character (state: 1)
[DIAG] _physics_process: ENTER, state=1
[DIAG] _physics_process: camera target set to character (state: 1)
[DIAG] _poll_controls: ENTER, state=1
[VERBATIM] POLL: _poll_controls() entered, game_state=1
[VERBATIM] POLL: checking deploy state=1 canopy=false
[DIAG] _physics_process: ENTER, state=1
[DIAG] _physics_process: camera target set to character (state: 1)
[DIAG] _physics_process: ENTER, state=1
[DIAG] _physics_process: camera target set to character (state: 1)
[DIAG] _poll_controls: ENTER, state=1
[VERBATIM] POLL: _poll_controls() entered, game_state=1
[VERBATIM] POLL: checking deploy state=1 canopy=false
[DIAG] _physics_process: ENTER, state=1
[DIAG] _physics_process: camera target set to character (state: 1)
[DIAG] _poll_controls: ENTER, state=1
[VERBATIM] POLL: _poll_controls() entered, game_state=1
[VERBATIM] POLL: checking deploy state=1 canopy=false
[DEBUG] _input (build_terrain) called, event=InputEventKey: keycode=4194320 (Up), mods=none, physical=false, location=unspecified, pressed=false, echo=false
[DIAG] _physics_process: ENTER, state=1
[DIAG] _physics_process: camera target set to character (state: 1)
[DIAG] _physics_process: ENTER, state=1
[DIAG] _physics_process: camera target set to character (state: 1)
[DIAG] _poll_controls: ENTER, state=1
[VERBATIM] POLL: _poll_controls() entered, game_state=1
[VERBATIM] POLL: checking deploy state=1 canopy=false
[DIAG] _physics_process: ENTER, state=1
[DIAG] _physics_process: camera target set to character (state: 1)
[DIAG] _physics_process: ENTER, state=1
[DIAG] _physics_process: camera target set to character (state: 1)
[DIAG] _poll_controls: ENTER, state=1
[VERBATIM] POLL: _poll_controls() entered, game_state=1
[VERBATIM] POLL: checking deploy state=1 canopy=false
[DIAG] _physics_process: ENTER, state=1
[DIAG] _physics_process: camera target set to character (state: 1)
[DIAG] _physics_process: ENTER, state=1
[DIAG] _physics_process: camera target set to character (state: 1)
[DIAG] _poll_controls: ENTER, state=1
[VERBATIM] POLL: _poll_controls() entered, game_state=1
[VERBATIM] POLL: checking deploy state=1 canopy=false
[DIAG] _physics_process: ENTER, state=1
[DIAG] _physics_process: camera target set to character (state: 1)
[DIAG] _physics_process: ENTER, state=1
[DIAG] _physics_process: camera target set to character (state: 1)
[DIAG] _poll_controls: ENTER, state=1
[VERBATIM] POLL: _poll_controls() entered, game_state=1
[VERBATIM] POLL: checking deploy state=1 canopy=false
[DIAG] _physics_process: ENTER, state=1
[DIAG] _physics_process: camera target set to character (state: 1)
[DIAG] _physics_process: ENTER, state=1
[DIAG] _physics_process: camera target set to character (state: 1)
[DIAG] _poll_controls: ENTER, state=1
[VERBATIM] POLL: _poll_controls() entered, game_state=1
[VERBATIM] POLL: checking deploy state=1 canopy=false
[DIAG] _physics_process: ENTER, state=1
[DIAG] _physics_process: camera target set to character (state: 1)
[DIAG] _physics_process: ENTER, state=1
[DIAG] _physics_process: camera target set to character (state: 1)
[DIAG] _poll_controls: ENTER, state=1
[VERBATIM] POLL: _poll_controls() entered, game_state=1
[VERBATIM] POLL: checking deploy state=1 canopy=false
[DIAG] _physics_process: ENTER, state=1
[DIAG] _physics_process: camera target set to character (state: 1)
[DIAG] _physics_process: ENTER, state=1
[DIAG] _physics_process: camera target set to character (state: 1)
[DIAG] _poll_controls: ENTER, state=1
[VERBATIM] POLL: _poll_controls() entered, game_state=1
[VERBATIM] POLL: checking deploy state=1 canopy=false
[DIAG] _physics_process: ENTER, state=1
[DIAG] _physics_process: camera target set to character (state: 1)
[DIAG] _poll_controls: ENTER, state=1
[VERBATIM] POLL: _poll_controls() entered, game_state=1
[VERBATIM] POLL: checking deploy state=1 canopy=false
[DIAG] _physics_process: ENTER, state=1
[DIAG] _physics_process: camera target set to character (state: 1)
[DIAG] _physics_process: ENTER, state=1
[DIAG] _physics_process: camera target set to character (state: 1)
[DIAG] _poll_controls: ENTER, state=1
[VERBATIM] POLL: _poll_controls() entered, game_state=1
[VERBATIM] POLL: checking deploy state=1 canopy=false
[DIAG] _physics_process: ENTER, state=1
[DIAG] _physics_process: camera target set to character (state: 1)
[DIAG] _physics_process: ENTER, state=1
[DIAG] _physics_process: camera target set to character (state: 1)
[DIAG] _poll_controls: ENTER, state=1
[VERBATIM] POLL: _poll_controls() entered, game_state=1
[VERBATIM] POLL: checking deploy state=1 canopy=false
[DIAG] _physics_process: ENTER, state=1
[DIAG] _physics_process: camera target set to character (state: 1)
[DIAG] _physics_process: ENTER, state=1
[DIAG] _physics_process: camera target set to character (state: 1)
[DIAG] _poll_controls: ENTER, state=1
[VERBATIM] POLL: _poll_controls() entered, game_state=1
[VERBATIM] POLL: checking deploy state=1 canopy=false
[DIAG] _physics_process: ENTER, state=1
[DIAG] _physics_process: camera target set to character (state: 1)
[DIAG] _physics_process: ENTER, state=1
[DIAG] _physics_process: camera target set to character (state: 1)
[DIAG] _poll_controls: ENTER, state=1
[VERBATIM] POLL: _poll_controls() entered, game_state=1
[VERBATIM] POLL: checking deploy state=1 canopy=false
[DIAG] _physics_process: ENTER, state=1
[DIAG] _physics_process: camera target set to character (state: 1)
[DIAG] _physics_process: ENTER, state=1
[DIAG] _physics_process: camera target set to character (state: 1)
[DIAG] _poll_controls: ENTER, state=1
[VERBATIM] POLL: _poll_controls() entered, game_state=1
[VERBATIM] POLL: checking deploy state=1 canopy=false
[DIAG] _physics_process: ENTER, state=1
[DIAG] _physics_process: camera target set to character (state: 1)
[DIAG] _physics_process: ENTER, state=1
[DIAG] _physics_process: camera target set to character (state: 1)
[DIAG] _poll_controls: ENTER, state=1
[VERBATIM] POLL: _poll_controls() entered, game_state=1
[VERBATIM] POLL: checking deploy state=1 canopy=false
[VERBATIM] Wind updated: 12.5 kts @ 240.0°
[DIAG] _physics_process: ENTER, state=1
[DIAG] _physics_process: camera target set to character (state: 1)
[DIAG] _physics_process: ENTER, state=1
[DIAG] _physics_process: camera target set to character (state: 1)
[DIAG] _poll_controls: ENTER, state=1
[VERBATIM] POLL: _poll_controls() entered, game_state=1
[VERBATIM] POLL: checking deploy state=1 canopy=false
[DIAG] _physics_process: ENTER, state=1
[DIAG] _physics_process: camera target set to character (state: 1)
[DIAG] _poll_controls: ENTER, state=1
[VERBATIM] POLL: _poll_controls() entered, game_state=1
[VERBATIM] POLL: checking deploy state=1 canopy=false
[DIAG] _physics_process: ENTER, state=1
[DIAG] _physics_process: camera target set to character (state: 1)
[DIAG] _physics_process: ENTER, state=1
[DIAG] _physics_process: camera target set to character (state: 1)
[DIAG] _poll_controls: ENTER, state=1
[VERBATIM] POLL: _poll_controls() entered, game_state=1
[VERBATIM] POLL: checking deploy state=1 canopy=false
[DIAG] _physics_process: ENTER, state=1
[DIAG] _physics_process: camera target set to character (state: 1)
[DIAG] _physics_process: ENTER, state=1
[DIAG] _physics_process: camera target set to character (state: 1)
[DIAG] _poll_controls: ENTER, state=1
[VERBATIM] POLL: _poll_controls() entered, game_state=1
[VERBATIM] POLL: checking deploy state=1 canopy=false
[DIAG] _physics_process: ENTER, state=1
[DIAG] _physics_process: camera target set to character (state: 1)
[DIAG] _physics_process: ENTER, state=1
[DIAG] _physics_process: camera target set to character (state: 1)
[DIAG] _poll_controls: ENTER, state=1
[VERBATIM] POLL: _poll_controls() entered, game_state=1
[VERBATIM] POLL: checking deploy state=1 canopy=false
[DIAG] _physics_process: ENTER, state=1
[DIAG] _physics_process: camera target set to character (state: 1)
[DIAG] _physics_process: ENTER, state=1
[DIAG] _physics_process: camera target set to character (state: 1)
[DIAG] _poll_controls: ENTER, state=1
[VERBATIM] POLL: _poll_controls() entered, game_state=1
[VERBATIM] POLL: checking deploy state=1 canopy=false
[DIAG] _physics_process: ENTER, state=1
[DIAG] _physics_process: camera target set to character (state: 1)
[DIAG] _physics_process: ENTER, state=1
[DIAG] _physics_process: camera target set to character (state: 1)
[DIAG] _poll_controls: ENTER, state=1
[VERBATIM] POLL: _poll_controls() entered, game_state=1
[VERBATIM] POLL: checking deploy state=1 canopy=false
[DIAG] _physics_process: ENTER, state=1
[DIAG] _physics_process: camera target set to character (state: 1)
[DIAG] _physics_process: ENTER, state=1
[DIAG] _physics_process: camera target set to character (state: 1)
[DIAG] _poll_controls: ENTER, state=1
[VERBATIM] POLL: _poll_controls() entered, game_state=1
[VERBATIM] POLL: checking deploy state=1 canopy=false
[DIAG] _physics_process: ENTER, state=1
[DIAG] _physics_process: camera target set to character (state: 1)
[DIAG] _physics_process: ENTER, state=1
[DIAG] _physics_process: camera target set to character (state: 1)
[DIAG] _poll_controls: ENTER, state=1
[VERBATIM] POLL: _poll_controls() entered, game_state=1
[VERBATIM] POLL: checking deploy state=1 canopy=false
[DIAG] _physics_process: ENTER, state=1
[DIAG] _physics_process: camera target set to character (state: 1)
[DIAG] _poll_controls: ENTER, state=1
[VERBATIM] POLL: _poll_controls() entered, game_state=1
[VERBATIM] POLL: checking deploy state=1 canopy=false
[DEBUG] _input (build_terrain) called, event=InputEventKey: keycode=86 (V), mods=none, physical=false, location=unspecified, pressed=true, echo=false
[VERBATIM] INPUT: action=reserve (V)
[CTRL] pressed=reserve  key=V  state=1  deployed=false  alt_m=1182.9
[DIAG] _physics_process: ENTER, state=1
[DIAG] _physics_process: camera target set to character (state: 1)
[DIAG] _physics_process: ENTER, state=1
[DIAG] _physics_process: camera target set to character (state: 1)
[DIAG] _poll_controls: ENTER, state=1
[VERBATIM] POLL: _poll_controls() entered, game_state=1
[VERBATIM] POLL: checking deploy state=1 canopy=false
[VERBATIM] ENTER _do_reserve gate=_game_state=1
[VERBATIM] _deploy_reserve: reserve deployed
[VERBATIM] POLL: reserve pressed - calling _do_reserve
[VERBATIM] EXIT _do_reserve early=main_canopy_still_deployed
[DEBUG] _input (build_terrain) called, event=InputEventKey: keycode=86 (V), mods=none, physical=false, location=unspecified, pressed=false, echo=false
[CANOPYSYNC] main canopy visible -> true  state=1  deployed=true
[CANOPYSYNC] transition at state=1 deployed=true visible=true
[DIAG] _physics_process: ENTER, state=1
[DIAG] _physics_process: camera target set to character (state: 1)
[GLIDE_HDR] t,brake_L,brake_R,sym,diff,fwd_speed,turn_rate_deg_s,heading_deg,descent_m_s,glide_ratio,x,z,raw_descent
[DIAG] _physics_process: ENTER, state=1
[DIAG] _physics_process: camera target set to character (state: 1)
[DIAG] _physics_process: ENTER, state=1
[DIAG] _physics_process: camera target set to character (state: 1)
[DIAG] _physics_process: ENTER, state=1
[DIAG] _physics_process: camera target set to character (state: 1)
[DIAG] _physics_process: ENTER, state=1
[DIAG] _physics_process: camera target set to character (state: 1)
[DIAG] _physics_process: ENTER, state=1
[DIAG] _physics_process: camera target set to character (state: 1)
[DIAG] _physics_process: ENTER, state=1
[DIAG] _physics_process: camera target set to character (state: 1)
[DIAG] _physics_process: ENTER, state=1
[DIAG] _physics_process: camera target set to character (state: 1)
[DIAG] _poll_controls: ENTER, state=1
[VERBATIM] POLL: _poll_controls() entered, game_state=1
[VERBATIM] POLL: checking deploy state=1 canopy=true
[DIAG] _physics_process: ENTER, state=1
[DIAG] _physics_process: camera target set to character (state: 1)
[DIAG] _physics_process: ENTER, state=1
[DIAG] _physics_process: camera target set to character (state: 1)
[DIAG] _physics_process: ENTER, state=1
[DIAG] _physics_process: camera target set to character (state: 1)
[DIAG] _physics_process: ENTER, state=1
[DIAG] _physics_process: camera target set to character (state: 1)
[DIAG] _physics_process: ENTER, state=1
[DIAG] _physics_process: camera target set to character (state: 1)
[DIAG] _physics_process: ENTER, state=1
[DIAG] _physics_process: camera target set to character (state: 1)
[DIAG] _physics_process: ENTER, state=1
[DIAG] _physics_process: camera target set to character (state: 1)
[DIAG] _physics_process: ENTER, state=1
[DIAG] _physics_process: camera target set to character (state: 1)
[DIAG] _poll_controls: ENTER, state=1
[VERBATIM] POLL: _poll_controls() entered, game_state=1
[VERBATIM] POLL: checking deploy state=1 canopy=true
[DIAG] _physics_process: ENTER, state=1
[DIAG] _physics_process: camera target set to character (state: 1)
[DIAG] _physics_process: ENTER, state=1
[DIAG] _physics_process: camera target set to character (state: 1)
[DIAG] _poll_controls: ENTER, state=1
[VERBATIM] POLL: _poll_controls() entered, game_state=1
[VERBATIM] POLL: checking deploy state=1 canopy=true
[DIAG] _physics_process: ENTER, state=1
[DIAG] _physics_process: camera target set to character (state: 1)
[DIAG] _physics_process: ENTER, state=1
[DIAG] _physics_process: camera target set to character (state: 1)
[DIAG] _poll_controls: ENTER, state=1
[VERBATIM] POLL: _poll_controls() entered, game_state=1
[VERBATIM] POLL: checking deploy state=1 canopy=true
[DIAG] _physics_process: ENTER, state=1
[DIAG] _physics_process: camera target set to character (state: 1)
[DIAG] _physics_process: ENTER, state=1
[DIAG] _physics_process: camera target set to character (state: 1)
[DIAG] _poll_controls: ENTER, state=1
[VERBATIM] POLL: _poll_controls() entered, game_state=1
[VERBATIM] POLL: checking deploy state=1 canopy=true
[DIAG] _physics_process: ENTER, state=1
[DIAG] _physics_process: camera target set to character (state: 1)
[DIAG] _physics_process: ENTER, state=1
[DIAG] _physics_process: camera target set to character (state: 1)
[DIAG] _poll_controls: ENTER, state=1
[VERBATIM] POLL: _poll_controls() entered, game_state=1
[VERBATIM] POLL: checking deploy state=1 canopy=true
[DIAG] _physics_process: ENTER, state=1
[DIAG] _physics_process: camera target set to character (state: 1)
[DIAG] _physics_process: ENTER, state=1
[DIAG] _physics_process: camera target set to character (state: 1)
[DIAG] _poll_controls: ENTER, state=1
[VERBATIM] POLL: _poll_controls() entered, game_state=1
[VERBATIM] POLL: checking deploy state=1 canopy=true
[DIAG] _physics_process: ENTER, state=1
[DIAG] _physics_process: camera target set to character (state: 1)
[DIAG] _physics_process: ENTER, state=1
[DIAG] _physics_process: camera target set to character (state: 1)
[DIAG] _poll_controls: ENTER, state=1
[VERBATIM] POLL: _poll_controls() entered, game_state=1
[VERBATIM] POLL: checking deploy state=1 canopy=true
[DIAG] _physics_process: ENTER, state=1
[DIAG] _physics_process: camera target set to character (state: 1)
[DIAG] _poll_controls: ENTER, state=1
[VERBATIM] POLL: _poll_controls() entered, game_state=1
[VERBATIM] POLL: checking deploy state=1 canopy=true
[DIAG] _physics_process: ENTER, state=1
[DIAG] _physics_process: camera target set to character (state: 1)
[DIAG] _physics_process: ENTER, state=1
[DIAG] _physics_process: camera target set to character (state: 1)
[GLIDE],0.51666666666667,0.0,0.0,0.0,0.0,11.0,0.0,0.0,4.23076923076923,2.6,709.538208007812,360.669494628906,74.0
[DIAG] _poll_controls: ENTER, state=1
[VERBATIM] POLL: _poll_controls() entered, game_state=1
[VERBATIM] POLL: checking deploy state=1 canopy=true
[DIAG] _physics_process: ENTER, state=1
[DIAG] _physics_process: camera target set to character (state: 1)
[DIAG] _physics_process: ENTER, state=1
[DIAG] _physics_process: camera target set to character (state: 1)
[DIAG] _poll_controls: ENTER, state=1
[VERBATIM] POLL: _poll_controls() entered, game_state=1
[VERBATIM] POLL: checking deploy state=1 canopy=true
[DIAG] _physics_process: ENTER, state=1
[DIAG] _physics_process: camera target set to character (state: 1)
[DIAG] _physics_process: ENTER, state=1
[DIAG] _physics_process: camera target set to character (state: 1)
[DIAG] _poll_controls: ENTER, state=1
[VERBATIM] POLL: _poll_controls() entered, game_state=1
[VERBATIM] POLL: checking deploy state=1 canopy=true
[DIAG] _physics_process: ENTER, state=1
[DIAG] _physics_process: camera target set to character (state: 1)
[DIAG] _physics_process: ENTER, state=1
[DIAG] _physics_process: camera target set to character (state: 1)
[DIAG] _poll_controls: ENTER, state=1
[VERBATIM] POLL: _poll_controls() entered, game_state=1
[VERBATIM] POLL: checking deploy state=1 canopy=true
[DIAG] _physics_process: ENTER, state=1
[DIAG] _physics_process: camera target set to character (state: 1)
[DIAG] _physics_process: ENTER, state=1
[DIAG] _physics_process: camera target set to character (state: 1)
[DIAG] _poll_controls: ENTER, state=1
[VERBATIM] POLL: _poll_controls() entered, game_state=1
[VERBATIM] POLL: checking deploy state=1 canopy=true
[DIAG] _physics_process: ENTER, state=1
[DIAG] _physics_process: camera target set to character (state: 1)
[DIAG] _physics_process: ENTER, state=1
[DIAG] _physics_process: camera target set to character (state: 1)
[DIAG] _poll_controls: ENTER, state=1
[VERBATIM] POLL: _poll_controls() entered, game_state=1
[VERBATIM] POLL: checking deploy state=1 canopy=true
[VERBATIM] Wind updated: 12.5 kts @ 240.0°
[DIAG] _physics_process: ENTER, state=1
[DIAG] _physics_process: camera target set to character (state: 1)
[DIAG] _physics_process: ENTER, state=1
[DIAG] _physics_process: camera target set to character (state: 1)
[DIAG] _poll_controls: ENTER, state=1
[VERBATIM] POLL: _poll_controls() entered, game_state=1
[VERBATIM] POLL: checking deploy state=1 canopy=true
[DIAG] _physics_process: ENTER, state=1
[DIAG] _physics_process: camera target set to character (state: 1)
[DIAG] _physics_process: ENTER, state=1
[DIAG] _physics_process: camera target set to character (state: 1)
[DIAG] _poll_controls: ENTER, state=1
[VERBATIM] POLL: _poll_controls() entered, game_state=1
[VERBATIM] POLL: checking deploy state=1 canopy=true
[PIPLIVE] eye=(709.226, 1177.29, 363.3724) state=1 deployed=true framing=canopy
[DIAG] _physics_process: ENTER, state=1
[DIAG] _physics_process: camera target set to character (state: 1)
[DIAG] _physics_process: ENTER, state=1
[DIAG] _physics_process: camera target set to character (state: 1)
[DIAG] _poll_controls: ENTER, state=1
[VERBATIM] POLL: _poll_controls() entered, game_state=1
[VERBATIM] POLL: checking deploy state=1 canopy=true
[DIAG] _physics_process: ENTER, state=1
[DIAG] _physics_process: camera target set to character (state: 1)
[DIAG] _physics_process: ENTER, state=1
[DIAG] _physics_process: camera target set to character (state: 1)
[DIAG] _poll_controls: ENTER, state=1
[VERBATIM] POLL: _poll_controls() entered, game_state=1
[VERBATIM] POLL: checking deploy state=1 canopy=true
[DIAG] _physics_process: ENTER, state=1
[DIAG] _physics_process: camera target set to character (state: 1)
[DIAG] _physics_process: ENTER, state=1
[DIAG] _physics_process: camera target set to character (state: 1)
[DIAG] _poll_controls: ENTER, state=1
[VERBATIM] POLL: _poll_controls() entered, game_state=1
[VERBATIM] POLL: checking deploy state=1 canopy=true
[DIAG] _physics_process: ENTER, state=1
[DIAG] _physics_process: camera target set to character (state: 1)
[DIAG] _poll_controls: ENTER, state=1
[VERBATIM] POLL: _poll_controls() entered, game_state=1
[VERBATIM] POLL: checking deploy state=1 canopy=true
[DIAG] _physics_process: ENTER, state=1
[DIAG] _physics_process: camera target set to character (state: 1)
[DIAG] _physics_process: ENTER, state=1
[DIAG] _physics_process: camera target set to character (state: 1)
[DIAG] _poll_controls: ENTER, state=1
[VERBATIM] POLL: _poll_controls() entered, game_state=1
[VERBATIM] POLL: checking deploy state=1 canopy=true
[DIAG] _physics_process: ENTER, state=1
[DIAG] _physics_process: camera target set to character (state: 1)
[DIAG] _physics_process: ENTER, state=1
[DIAG] _physics_process: camera target set to character (state: 1)
[DIAG] _poll_controls: ENTER, state=1
[VERBATIM] POLL: _poll_controls() entered, game_state=1
[VERBATIM] POLL: checking deploy state=1 canopy=true
[DIAG] _physics_process: ENTER, state=1
[DIAG] _physics_process: camera target set to character (state: 1)
[DIAG] _physics_process: ENTER, state=1
[DIAG] _physics_process: camera target set to character (state: 1)
[DIAG] _poll_controls: ENTER, state=1
[VERBATIM] POLL: _poll_controls() entered, game_state=1
[VERBATIM] POLL: checking deploy state=1 canopy=true
[DIAG] _physics_process: ENTER, state=1
[DIAG] _physics_process: camera target set to character (state: 1)
[DIAG] _physics_process: ENTER, state=1
[DIAG] _physics_process: camera target set to character (state: 1)
[DIAG] _poll_controls: ENTER, state=1
[VERBATIM] POLL: _poll_controls() entered, game_state=1
[VERBATIM] POLL: checking deploy state=1 canopy=true
[DIAG] _physics_process: ENTER, state=1
[DIAG] _physics_process: camera target set to character (state: 1)
[GLIDE],1.01666666666667,0.0,0.0,0.0,0.0,11.0,0.0,0.0,4.23076923076923,2.6,708.913818359375,366.440551757812,74.0
[DIAG] _physics_process: ENTER, state=1
[DIAG] _physics_process: camera target set to character (state: 1)
[DIAG] _poll_controls: ENTER, state=1
[VERBATIM] POLL: _poll_controls() entered, game_state=1
[VERBATIM] POLL: checking deploy state=1 canopy=true
[DIAG] _physics_process: ENTER, state=1
[DIAG] _physics_process: camera target set to character (state: 1)
[DIAG] _physics_process: ENTER, state=1
[DIAG] _physics_process: camera target set to character (state: 1)
[DIAG] _poll_controls: ENTER, state=1
[VERBATIM] POLL: _poll_controls() entered, game_state=1
[VERBATIM] POLL: checking deploy state=1 canopy=true
[DIAG] _physics_process: ENTER, state=1
[DIAG] _physics_process: camera target set to character (state: 1)
[DIAG] _physics_process: ENTER, state=1
[DIAG] _physics_process: camera target set to character (state: 1)
[DIAG] _poll_controls: ENTER, state=1
[VERBATIM] POLL: _poll_controls() entered, game_state=1
[VERBATIM] POLL: checking deploy state=1 canopy=true
[DIAG] _physics_process: ENTER, state=1
[DIAG] _physics_process: camera target set to character (state: 1)
[DIAG] _physics_process: ENTER, state=1
[DIAG] _physics_process: camera target set to character (state: 1)
[DIAG] _poll_controls: ENTER, state=1
[VERBATIM] POLL: _poll_controls() entered, game_state=1
[VERBATIM] POLL: checking deploy state=1 canopy=true
[DIAG] _physics_process: ENTER, state=1
[DIAG] _physics_process: camera target set to character (state: 1)
[DIAG] _physics_process: ENTER, state=1
[DIAG] _physics_process: camera target set to character (state: 1)
[DIAG] _poll_controls: ENTER, state=1
[VERBATIM] POLL: _poll_controls() entered, game_state=1
[VERBATIM] POLL: checking deploy state=1 canopy=true
[DIAG] _physics_process: ENTER, state=1
[DIAG] _physics_process: camera target set to character (state: 1)
[DIAG] _physics_process: ENTER, state=1
[DIAG] _physics_process: camera target set to character (state: 1)
[DIAG] _poll_controls: ENTER, state=1
[VERBATIM] POLL: _poll_controls() entered, game_state=1
[VERBATIM] POLL: checking deploy state=1 canopy=true
[DIAG] _physics_process: ENTER, state=1
[DIAG] _physics_process: camera target set to character (state: 1)
[DIAG] _physics_process: ENTER, state=1
[DIAG] _physics_process: camera target set to character (state: 1)
[WIND] speed 7.66744486434929 kts  dir 0°  gust 1.76583027859578  vec_ms (0.0, 0.0, 3.944471)
[DIAG] _poll_controls: ENTER, state=1
[VERBATIM] POLL: _poll_controls() entered, game_state=1
[VERBATIM] POLL: checking deploy state=1 canopy=true
[DEBUG] _input (build_terrain) called, event=InputEventKey: keycode=87 (W), mods=none, physical=false, location=unspecified, pressed=true, echo=false
[DIAG] _physics_process: ENTER, state=1
[DIAG] _physics_process: camera target set to character (state: 1)
[DIAG] _poll_controls: ENTER, state=1
[VERBATIM] POLL: _poll_controls() entered, game_state=1
[VERBATIM] POLL: checking deploy state=1 canopy=true
[DIAG] _physics_process: ENTER, state=1
[DIAG] _physics_process: camera target set to character (state: 1)
[DIAG] _physics_process: ENTER, state=1
[DIAG] _physics_process: camera target set to character (state: 1)
[DIAG] _poll_controls: ENTER, state=1
[VERBATIM] POLL: _poll_controls() entered, game_state=1
[VERBATIM] POLL: checking deploy state=1 canopy=true
[DIAG] _physics_process: ENTER, state=1
[DIAG] _physics_process: camera target set to character (state: 1)
[DIAG] _physics_process: ENTER, state=1
[DIAG] _physics_process: camera target set to character (state: 1)
[DIAG] _poll_controls: ENTER, state=1
[VERBATIM] POLL: _poll_controls() entered, game_state=1
[VERBATIM] POLL: checking deploy state=1 canopy=true
[DIAG] _physics_process: ENTER, state=1
[DIAG] _physics_process: camera target set to character (state: 1)
[DIAG] _physics_process: ENTER, state=1
[DIAG] _physics_process: camera target set to character (state: 1)
[DIAG] _poll_controls: ENTER, state=1
[VERBATIM] POLL: _poll_controls() entered, game_state=1
[VERBATIM] POLL: checking deploy state=1 canopy=true
[DIAG] _physics_process: ENTER, state=1
[DIAG] _physics_process: camera target set to character (state: 1)
[DIAG] _physics_process: ENTER, state=1
[DIAG] _physics_process: camera target set to character (state: 1)
[DIAG] _poll_controls: ENTER, state=1
[VERBATIM] POLL: _poll_controls() entered, game_state=1
[VERBATIM] POLL: checking deploy state=1 canopy=true
[DIAG] _physics_process: ENTER, state=1
[DIAG] _physics_process: camera target set to character (state: 1)
[DIAG] _physics_process: ENTER, state=1
[DIAG] _physics_process: camera target set to character (state: 1)
[DIAG] _poll_controls: ENTER, state=1
[VERBATIM] POLL: _poll_controls() entered, game_state=1
[VERBATIM] POLL: checking deploy state=1 canopy=true
[DIAG] _physics_process: ENTER, state=1
[DIAG] _physics_process: camera target set to character (state: 1)
[DIAG] _physics_process: ENTER, state=1
[DIAG] _physics_process: camera target set to character (state: 1)
[DIAG] _poll_controls: ENTER, state=1
[VERBATIM] POLL: _poll_controls() entered, game_state=1
[VERBATIM] POLL: checking deploy state=1 canopy=true
[DIAG] _physics_process: ENTER, state=1
[DIAG] _physics_process: camera target set to character (state: 1)
[DIAG] _physics_process: ENTER, state=1
[DIAG] _physics_process: camera target set to character (state: 1)
[DIAG] _poll_controls: ENTER, state=1
[VERBATIM] POLL: _poll_controls() entered, game_state=1
[VERBATIM] POLL: checking deploy state=1 canopy=true
[DIAG] _physics_process: ENTER, state=1
[DIAG] _physics_process: camera target set to character (state: 1)
[DIAG] _physics_process: ENTER, state=1
[DIAG] _physics_process: camera target set to character (state: 1)
[DIAG] _poll_controls: ENTER, state=1
[VERBATIM] POLL: _poll_controls() entered, game_state=1
[VERBATIM] POLL: checking deploy state=1 canopy=true
[DIAG] _physics_process: ENTER, state=1
[DIAG] _physics_process: camera target set to character (state: 1)
[GLIDE],1.53333333333333,0.0,0.0,0.0,0.0,11.0,0.0,0.0,4.23076923076923,2.6,708.268615722656,372.398376464844,74.0
[DIAG] _physics_process: ENTER, state=1
[DIAG] _physics_process: camera target set to character (state: 1)
[DIAG] _poll_controls: ENTER, state=1
[VERBATIM] POLL: _poll_controls() entered, game_state=1
[VERBATIM] POLL: checking deploy state=1 canopy=true
[DIAG] _physics_process: ENTER, state=1
[DIAG] _physics_process: camera target set to character (state: 1)
[DIAG] _physics_process: ENTER, state=1
[DIAG] _physics_process: camera target set to character (state: 1)
[DIAG] _poll_controls: ENTER, state=1
[VERBATIM] POLL: _poll_controls() entered, game_state=1
[VERBATIM] POLL: checking deploy state=1 canopy=true
[DIAG] _physics_process: ENTER, state=1
[DIAG] _physics_process: camera target set to character (state: 1)
[DIAG] _physics_process: ENTER, state=1
[DIAG] _physics_process: camera target set to character (state: 1)
[DIAG] _poll_controls: ENTER, state=1
[VERBATIM] POLL: _poll_controls() entered, game_state=1
[VERBATIM] POLL: checking deploy state=1 canopy=true
[DIAG] _physics_process: ENTER, state=1
[DIAG] _physics_process: camera target set to character (state: 1)
[DIAG] _poll_controls: ENTER, state=1
[VERBATIM] POLL: _poll_controls() entered, game_state=1
[VERBATIM] POLL: checking deploy state=1 canopy=true
[DEBUG] _input (build_terrain) called, event=InputEventKey: keycode=87 (W), mods=none, physical=false, location=unspecified, pressed=false, echo=false
[DIAG] _physics_process: ENTER, state=1
[DIAG] _physics_process: camera target set to character (state: 1)
[DIAG] _physics_process: ENTER, state=1
[DIAG] _physics_process: camera target set to character (state: 1)
[DIAG] _poll_controls: ENTER, state=1
[VERBATIM] POLL: _poll_controls() entered, game_state=1
[VERBATIM] POLL: checking deploy state=1 canopy=true
[VERBATIM] Wind updated: 12.5 kts @ 240.0°
[DIAG] _physics_process: ENTER, state=1
[DIAG] _physics_process: camera target set to character (state: 1)
[DIAG] _physics_process: ENTER, state=1
[DIAG] _physics_process: camera target set to character (state: 1)
[DIAG] _poll_controls: ENTER, state=1
[VERBATIM] POLL: _poll_controls() entered, game_state=1
[VERBATIM] POLL: checking deploy state=1 canopy=true
[DIAG] _physics_process: ENTER, state=1
[DIAG] _physics_process: camera target set to character (state: 1)
[DIAG] _physics_process: ENTER, state=1
[DIAG] _physics_process: camera target set to character (state: 1)
[DIAG] _poll_controls: ENTER, state=1
[VERBATIM] POLL: _poll_controls() entered, game_state=1
[VERBATIM] POLL: checking deploy state=1 canopy=true
[DIAG] _physics_process: ENTER, state=1
[DIAG] _physics_process: camera target set to character (state: 1)
[DIAG] _physics_process: ENTER, state=1
[DIAG] _physics_process: camera target set to character (state: 1)
[DIAG] _poll_controls: ENTER, state=1
[VERBATIM] POLL: _poll_controls() entered, game_state=1
[VERBATIM] POLL: checking deploy state=1 canopy=true
[DIAG] _physics_process: ENTER, state=1
[DIAG] _physics_process: camera target set to character (state: 1)
[DIAG] _physics_process: ENTER, state=1
[DIAG] _physics_process: camera target set to character (state: 1)
[DIAG] _poll_controls: ENTER, state=1
[VERBATIM] POLL: _poll_controls() entered, game_state=1
[VERBATIM] POLL: checking deploy state=1 canopy=true
[DIAG] _physics_process: ENTER, state=1
[DIAG] _physics_process: camera target set to character (state: 1)
[DIAG] _physics_process: ENTER, state=1
[DIAG] _physics_process: camera target set to character (state: 1)
[DIAG] _poll_controls: ENTER, state=1
[VERBATIM] POLL: _poll_controls() entered, game_state=1
[VERBATIM] POLL: checking deploy state=1 canopy=true
[DIAG] _physics_process: ENTER, state=1
[DIAG] _physics_process: camera target set to character (state: 1)
[DIAG] _physics_process: ENTER, state=1
[DIAG] _physics_process: camera target set to character (state: 1)
[DIAG] _poll_controls: ENTER, state=1
[VERBATIM] POLL: _poll_controls() entered, game_state=1
[VERBATIM] POLL: checking deploy state=1 canopy=true
[DIAG] _physics_process: ENTER, state=1
[DIAG] _physics_process: camera target set to character (state: 1)
[DIAG] _physics_process: ENTER, state=1
[DIAG] _physics_process: camera target set to character (state: 1)
[DIAG] _poll_controls: ENTER, state=1
[VERBATIM] POLL: _poll_controls() entered, game_state=1
[VERBATIM] POLL: checking deploy state=1 canopy=true
[DIAG] _physics_process: ENTER, state=1
[DIAG] _physics_process: camera target set to character (state: 1)
[DIAG] _physics_process: ENTER, state=1
[DIAG] _physics_process: camera target set to character (state: 1)
[DIAG] _poll_controls: ENTER, state=1
[VERBATIM] POLL: _poll_controls() entered, game_state=1
[VERBATIM] POLL: checking deploy state=1 canopy=true
[DIAG] _physics_process: ENTER, state=1
[DIAG] _physics_process: camera target set to character (state: 1)
[DIAG] _physics_process: ENTER, state=1
[DIAG] _physics_process: camera target set to character (state: 1)
[DIAG] _poll_controls: ENTER, state=1
[VERBATIM] POLL: _poll_controls() entered, game_state=1
[VERBATIM] POLL: checking deploy state=1 canopy=true
[DIAG] _physics_process: ENTER, state=1
[DIAG] _physics_process: camera target set to character (state: 1)
[DIAG] _physics_process: ENTER, state=1
[DIAG] _physics_process: camera target set to character (state: 1)
[DIAG] _poll_controls: ENTER, state=1
[VERBATIM] POLL: _poll_controls() entered, game_state=1
[VERBATIM] POLL: checking deploy state=1 canopy=true
[DIAG] _physics_process: ENTER, state=1
[DIAG] _physics_process: camera target set to character (state: 1)
[DIAG] _poll_controls: ENTER, state=1
[VERBATIM] POLL: _poll_controls() entered, game_state=1
[VERBATIM] POLL: checking deploy state=1 canopy=true
[DIAG] _physics_process: ENTER, state=1
[DIAG] _physics_process: camera target set to character (state: 1)
[DIAG] _physics_process: ENTER, state=1
[DIAG] _physics_process: camera target set to character (state: 1)
[GLIDE],2.05,0.0,0.0,0.0,0.0,11.0,0.0,0.0,4.23076923076923,2.6,707.623413085938,378.335418701172,74.0
[DIAG] _poll_controls: ENTER, state=1
[VERBATIM] POLL: _poll_controls() entered, game_state=1
[VERBATIM] POLL: checking deploy state=1 canopy=true
[DIAG] _physics_process: ENTER, state=1
[DIAG] _physics_process: camera target set to character (state: 1)
[DIAG] _physics_process: ENTER, state=1
[DIAG] _physics_process: camera target set to character (state: 1)
[DIAG] _poll_controls: ENTER, state=1
[VERBATIM] POLL: _poll_controls() entered, game_state=1
[VERBATIM] POLL: checking deploy state=1 canopy=true
[DIAG] _physics_process: ENTER, state=1
[DIAG] _physics_process: camera target set to character (state: 1)
[DIAG] _physics_process: ENTER, state=1
[DIAG] _physics_process: camera target set to character (state: 1)
[DIAG] _poll_controls: ENTER, state=1
[VERBATIM] POLL: _poll_controls() entered, game_state=1
[VERBATIM] POLL: checking deploy state=1 canopy=true
[DIAG] _physics_process: ENTER, state=1
[DIAG] _physics_process: camera target set to character (state: 1)
[DIAG] _physics_process: ENTER, state=1
[DIAG] _physics_process: camera target set to character (state: 1)
[DIAG] _poll_controls: ENTER, state=1
[VERBATIM] POLL: _poll_controls() entered, game_state=1
[VERBATIM] POLL: checking deploy state=1 canopy=true
[DIAG] _physics_process: ENTER, state=1
[DIAG] _physics_process: camera target set to character (state: 1)
[DIAG] _physics_process: ENTER, state=1
[DIAG] _physics_process: camera target set to character (state: 1)
[DIAG] _poll_controls: ENTER, state=1
[VERBATIM] POLL: _poll_controls() entered, game_state=1
[VERBATIM] POLL: checking deploy state=1 canopy=true
[DIAG] _physics_process: ENTER, state=1
[DIAG] _physics_process: camera target set to character (state: 1)
[DIAG] _physics_process: ENTER, state=1
[DIAG] _physics_process: camera target set to character (state: 1)
[DIAG] _poll_controls: ENTER, state=1
[VERBATIM] POLL: _poll_controls() entered, game_state=1
[VERBATIM] POLL: checking deploy state=1 canopy=true
[DIAG] _physics_process: ENTER, state=1
[DIAG] _physics_process: camera target set to character (state: 1)
[DIAG] _physics_process: ENTER, state=1
[DIAG] _physics_process: camera target set to character (state: 1)
[DIAG] _poll_controls: ENTER, state=1
[VERBATIM] POLL: _poll_controls() entered, game_state=1
[VERBATIM] POLL: checking deploy state=1 canopy=true
[DIAG] _physics_process: ENTER, state=1
[DIAG] _physics_process: camera target set to character (state: 1)
[DIAG] _physics_process: ENTER, state=1
[DIAG] _physics_process: camera target set to character (state: 1)
[DIAG] _poll_controls: ENTER, state=1
[VERBATIM] POLL: _poll_controls() entered, game_state=1
[VERBATIM] POLL: checking deploy state=1 canopy=true
[DIAG] _physics_process: ENTER, state=1
[DIAG] _physics_process: camera target set to character (state: 1)
[DIAG] _physics_process: ENTER, state=1
[DIAG] _physics_process: camera target set to character (state: 1)
[DIAG] _poll_controls: ENTER, state=1
[VERBATIM] POLL: _poll_controls() entered, game_state=1
[VERBATIM] POLL: checking deploy state=1 canopy=true
[DIAG] _physics_process: ENTER, state=1
[DIAG] _physics_process: camera target set to character (state: 1)
[DIAG] _physics_process: ENTER, state=1
[DIAG] _physics_process: camera target set to character (state: 1)
[DIAG] _poll_controls: ENTER, state=1
[VERBATIM] POLL: _poll_controls() entered, game_state=1
[VERBATIM] POLL: checking deploy state=1 canopy=true
[DIAG] _physics_process: ENTER, state=1
[DIAG] _physics_process: camera target set to character (state: 1)
[DIAG] _physics_process: ENTER, state=1
[DIAG] _physics_process: camera target set to character (state: 1)
[DIAG] _poll_controls: ENTER, state=1
[VERBATIM] POLL: _poll_controls() entered, game_state=1
[VERBATIM] POLL: checking deploy state=1 canopy=true
[DIAG] _physics_process: ENTER, state=1
[DIAG] _physics_process: camera target set to character (state: 1)
[DIAG] _physics_process: ENTER, state=1
[DIAG] _physics_process: camera target set to character (state: 1)
[DIAG] _poll_controls: ENTER, state=1
[VERBATIM] POLL: _poll_controls() entered, game_state=1
[VERBATIM] POLL: checking deploy state=1 canopy=true
[DIAG] _physics_process: ENTER, state=1
[DIAG] _physics_process: camera target set to character (state: 1)
[DIAG] _physics_process: ENTER, state=1
[DIAG] _physics_process: camera target set to character (state: 1)
[DIAG] _poll_controls: ENTER, state=1
[VERBATIM] POLL: _poll_controls() entered, game_state=1
[VERBATIM] POLL: checking deploy state=1 canopy=true
[DIAG] _physics_process: ENTER, state=1
[DIAG] _physics_process: camera target set to character (state: 1)
[DIAG] _poll_controls: ENTER, state=1
[VERBATIM] POLL: _poll_controls() entered, game_state=1
[VERBATIM] POLL: checking deploy state=1 canopy=true
[DIAG] _physics_process: ENTER, state=1
[DIAG] _physics_process: camera target set to character (state: 1)
[DIAG] _physics_process: ENTER, state=1
[DIAG] _physics_process: camera target set to character (state: 1)
[DIAG] _poll_controls: ENTER, state=1
[VERBATIM] POLL: _poll_controls() entered, game_state=1
[VERBATIM] POLL: checking deploy state=1 canopy=true
[DIAG] _physics_process: ENTER, state=1
[DIAG] _physics_process: camera target set to character (state: 1)
[DIAG] _physics_process: ENTER, state=1
[DIAG] _physics_process: camera target set to character (state: 1)
[DIAG] _poll_controls: ENTER, state=1
[VERBATIM] POLL: _poll_controls() entered, game_state=1
[VERBATIM] POLL: checking deploy state=1 canopy=true
[DIAG] _physics_process: ENTER, state=1
[DIAG] _physics_process: camera target set to character (state: 1)
[DIAG] _physics_process: ENTER, state=1
[DIAG] _physics_process: camera target set to character (state: 1)
[GLIDE],2.56666666666666,0.0,0.0,0.0,0.0,11.0,0.0,0.0,4.23076923076923,2.6,706.978210449219,384.235321044922,74.0
[DIAG] _poll_controls: ENTER, state=1
[VERBATIM] POLL: _poll_controls() entered, game_state=1
[VERBATIM] POLL: checking deploy state=1 canopy=true
[DIAG] _physics_process: ENTER, state=1
[DIAG] _physics_process: camera target set to character (state: 1)
[DIAG] _physics_process: ENTER, state=1
[DIAG] _physics_process: camera target set to character (state: 1)
[DIAG] _poll_controls: ENTER, state=1
[VERBATIM] POLL: _poll_controls() entered, game_state=1
[VERBATIM] POLL: checking deploy state=1 canopy=true
[DIAG] _physics_process: ENTER, state=1
[DIAG] _physics_process: camera target set to character (state: 1)
[DIAG] _physics_process: ENTER, state=1
[DIAG] _physics_process: camera target set to character (state: 1)
[DIAG] _poll_controls: ENTER, state=1
[VERBATIM] POLL: _poll_controls() entered, game_state=1
[VERBATIM] POLL: checking deploy state=1 canopy=true
[DIAG] _physics_process: ENTER, state=1
[DIAG] _physics_process: camera target set to character (state: 1)
[DIAG] _physics_process: ENTER, state=1
[DIAG] _physics_process: camera target set to character (state: 1)
[DIAG] _poll_controls: ENTER, state=1
[VERBATIM] POLL: _poll_controls() entered, game_state=1
[VERBATIM] POLL: checking deploy state=1 canopy=true
[VERBATIM] Wind updated: 12.5 kts @ 240.0°
[DIAG] _physics_process: ENTER, state=1
[DIAG] _physics_process: camera target set to character (state: 1)
[DIAG] _physics_process: ENTER, state=1
[DIAG] _physics_process: camera target set to character (state: 1)
[DIAG] _poll_controls: ENTER, state=1
[VERBATIM] POLL: _poll_controls() entered, game_state=1
[VERBATIM] POLL: checking deploy state=1 canopy=true
[DIAG] _physics_process: ENTER, state=1
[DIAG] _physics_process: camera target set to character (state: 1)
[DIAG] _physics_process: ENTER, state=1
[DIAG] _physics_process: camera target set to character (state: 1)
[DIAG] _poll_controls: ENTER, state=1
[VERBATIM] POLL: _poll_controls() entered, game_state=1
[VERBATIM] POLL: checking deploy state=1 canopy=true
[DIAG] _physics_process: ENTER, state=1
[DIAG] _physics_process: camera target set to character (state: 1)
[DIAG] _physics_process: ENTER, state=1
[DIAG] _physics_process: camera target set to character (state: 1)
[DIAG] _poll_controls: ENTER, state=1
[VERBATIM] POLL: _poll_controls() entered, game_state=1
[VERBATIM] POLL: checking deploy state=1 canopy=true
[PIPLIVE] eye=(706.7076, 1164.609, 386.5245) state=1 deployed=true framing=canopy
[DIAG] _physics_process: ENTER, state=1
[DIAG] _physics_process: camera target set to character (state: 1)
[DIAG] _physics_process: ENTER, state=1
[DIAG] _physics_process: camera target set to character (state: 1)
[DIAG] _poll_controls: ENTER, state=1
[VERBATIM] POLL: _poll_controls() entered, game_state=1
[VERBATIM] POLL: checking deploy state=1 canopy=true
[DIAG] _physics_process: ENTER, state=1
[DIAG] _physics_process: camera target set to character (state: 1)
[DIAG] _physics_process: ENTER, state=1
[DIAG] _physics_process: camera target set to character (state: 1)
[DIAG] _poll_controls: ENTER, state=1
[VERBATIM] POLL: _poll_controls() entered, game_state=1
[VERBATIM] POLL: checking deploy state=1 canopy=true
[DIAG] _physics_process: ENTER, state=1
[DIAG] _physics_process: camera target set to character (state: 1)
[DIAG] _physics_process: ENTER, state=1
[DIAG] _physics_process: camera target set to character (state: 1)
[DIAG] _poll_controls: ENTER, state=1
[VERBATIM] POLL: _poll_controls() entered, game_state=1
[VERBATIM] POLL: checking deploy state=1 canopy=true
[DIAG] _physics_process: ENTER, state=1
[DIAG] _physics_process: camera target set to character (state: 1)
[DIAG] _physics_process: ENTER, state=1
[DIAG] _physics_process: camera target set to character (state: 1)
[DIAG] _poll_controls: ENTER, state=1
[VERBATIM] POLL: _poll_controls() entered, game_state=1
[VERBATIM] POLL: checking deploy state=1 canopy=true
[DIAG] _physics_process: ENTER, state=1
[DIAG] _physics_process: camera target set to character (state: 1)
[DIAG] _physics_process: ENTER, state=1
[DIAG] _physics_process: camera target set to character (state: 1)
[DIAG] _poll_controls: ENTER, state=1
[VERBATIM] POLL: _poll_controls() entered, game_state=1
[VERBATIM] POLL: checking deploy state=1 canopy=true
[DIAG] _physics_process: ENTER, state=1
[DIAG] _physics_process: camera target set to character (state: 1)
[DIAG] _physics_process: ENTER, state=1
[DIAG] _physics_process: camera target set to character (state: 1)
[DIAG] _poll_controls: ENTER, state=1
[VERBATIM] POLL: _poll_controls() entered, game_state=1
[VERBATIM] POLL: checking deploy state=1 canopy=true
[DIAG] _physics_process: ENTER, state=1
[DIAG] _physics_process: camera target set to character (state: 1)
[DIAG] _physics_process: ENTER, state=1
[DIAG] _physics_process: camera target set to character (state: 1)
[DIAG] _poll_controls: ENTER, state=1
[VERBATIM] POLL: _poll_controls() entered, game_state=1
[VERBATIM] POLL: checking deploy state=1 canopy=true
[DEBUG] _input (build_terrain) called, event=InputEventKey: keycode=88 (X), mods=none, physical=false, location=unspecified, pressed=true, echo=false
[VERBATIM] INPUT: action=cutaway (X)
[CTRL] pressed=cutaway  key=X  state=1  deployed=true  alt_m=1161.4
[DIAG] _physics_process: ENTER, state=1
[DIAG] _physics_process: camera target set to character (state: 1)
[DIAG] _poll_controls: ENTER, state=1
[VERBATIM] POLL: _poll_controls() entered, game_state=1
[VERBATIM] POLL: checking deploy state=1 canopy=true
[VERBATIM] POLL: cutaway pressed - calling _do_cutaway
[DIAG] _physics_process: ENTER, state=1
[DIAG] _physics_process: camera target set to character (state: 1)
[DIAG] _physics_process: ENTER, state=1
[DIAG] _physics_process: camera target set to character (state: 1)
[DIAG] _physics_process: ENTER, state=1
[DIAG] _physics_process: camera target set to character (state: 1)
[DIAG] _physics_process: ENTER, state=1
[DIAG] _physics_process: camera target set to character (state: 1)
[GLIDE],3.08333333333333,0.0,0.0,0.0,0.0,11.0,0.0,0.0,4.23076923076923,2.6,706.3330078125,390.129547119141,74.0
[DIAG] _physics_process: ENTER, state=1
[DIAG] _physics_process: camera target set to character (state: 1)
[DIAG] _physics_process: ENTER, state=1
[DIAG] _physics_process: camera target set to character (state: 1)
[DIAG] _physics_process: ENTER, state=1
[DIAG] _physics_process: camera target set to character (state: 1)
[DIAG] _physics_process: ENTER, state=1
[DIAG] _physics_process: camera target set to character (state: 1)
[DIAG] _poll_controls: ENTER, state=1
[VERBATIM] POLL: _poll_controls() entered, game_state=1
[VERBATIM] POLL: checking deploy state=1 canopy=true
[DIAG] _physics_process: ENTER, state=1
[DIAG] _physics_process: camera target set to character (state: 1)
[DIAG] _physics_process: ENTER, state=1
[DIAG] _physics_process: camera target set to character (state: 1)
[DIAG] _physics_process: ENTER, state=1
[DIAG] _physics_process: camera target set to character (state: 1)
[DIAG] _poll_controls: ENTER, state=1
[VERBATIM] POLL: _poll_controls() entered, game_state=1
[VERBATIM] POLL: checking deploy state=1 canopy=true
[DIAG] _physics_process: ENTER, state=1
[DIAG] _physics_process: camera target set to character (state: 1)
[DIAG] _physics_process: ENTER, state=1
[DIAG] _physics_process: camera target set to character (state: 1)
[DIAG] _poll_controls: ENTER, state=1
[VERBATIM] POLL: _poll_controls() entered, game_state=1
[VERBATIM] POLL: checking deploy state=1 canopy=true
[DIAG] _physics_process: ENTER, state=1
[DIAG] _physics_process: camera target set to character (state: 1)
[DIAG] _physics_process: ENTER, state=1
[DIAG] _physics_process: camera target set to character (state: 1)
[DIAG] _poll_controls: ENTER, state=1
[VERBATIM] POLL: _poll_controls() entered, game_state=1
[VERBATIM] POLL: checking deploy state=1 canopy=true
[DIAG] _physics_process: ENTER, state=1
[DIAG] _physics_process: camera target set to character (state: 1)
[DIAG] _physics_process: ENTER, state=1
[DIAG] _physics_process: camera target set to character (state: 1)
[DIAG] _poll_controls: ENTER, state=1
[VERBATIM] POLL: _poll_controls() entered, game_state=1
[VERBATIM] POLL: checking deploy state=1 canopy=true
[DIAG] _physics_process: ENTER, state=1
[DIAG] _physics_process: camera target set to character (state: 1)
[DIAG] _physics_process: ENTER, state=1
[DIAG] _physics_process: camera target set to character (state: 1)
[DIAG] _poll_controls: ENTER, state=1
[VERBATIM] POLL: _poll_controls() entered, game_state=1
[VERBATIM] POLL: checking deploy state=1 canopy=true
[DEBUG] _input (build_terrain) called, event=InputEventKey: keycode=88 (X), mods=none, physical=false, location=unspecified, pressed=false, echo=false
[DIAG] _physics_process: ENTER, state=1
[DIAG] _physics_process: camera target set to character (state: 1)
[DIAG] _physics_process: ENTER, state=1
[DIAG] _physics_process: camera target set to character (state: 1)
[DIAG] _poll_controls: ENTER, state=1
[VERBATIM] POLL: _poll_controls() entered, game_state=1
[VERBATIM] POLL: checking deploy state=1 canopy=true
[DIAG] _physics_process: ENTER, state=1
[DIAG] _physics_process: camera target set to character (state: 1)
[DIAG] _physics_process: ENTER, state=1
[DIAG] _physics_process: camera target set to character (state: 1)
[DIAG] _poll_controls: ENTER, state=1
[VERBATIM] POLL: _poll_controls() entered, game_state=1
[VERBATIM] POLL: checking deploy state=1 canopy=true
[DIAG] _physics_process: ENTER, state=1
[DIAG] _physics_process: camera target set to character (state: 1)
[DIAG] _physics_process: ENTER, state=1
[DIAG] _physics_process: camera target set to character (state: 1)
[DIAG] _poll_controls: ENTER, state=1
[VERBATIM] POLL: _poll_controls() entered, game_state=1
[VERBATIM] POLL: checking deploy state=1 canopy=true
[DIAG] _physics_process: ENTER, state=1
[DIAG] _physics_process: camera target set to character (state: 1)
[DIAG] _poll_controls: ENTER, state=1
[VERBATIM] POLL: _poll_controls() entered, game_state=1
[VERBATIM] POLL: checking deploy state=1 canopy=true
[DIAG] _physics_process: ENTER, state=1
[DIAG] _physics_process: camera target set to character (state: 1)
[DIAG] _physics_process: ENTER, state=1
[DIAG] _physics_process: camera target set to character (state: 1)
[DIAG] _poll_controls: ENTER, state=1
[VERBATIM] POLL: _poll_controls() entered, game_state=1
[VERBATIM] POLL: checking deploy state=1 canopy=true
[DIAG] _physics_process: ENTER, state=1
[DIAG] _physics_process: camera target set to character (state: 1)
[DIAG] _physics_process: ENTER, state=1
[DIAG] _physics_process: camera target set to character (state: 1)
[DIAG] _poll_controls: ENTER, state=1
[VERBATIM] POLL: _poll_controls() entered, game_state=1
[VERBATIM] POLL: checking deploy state=1 canopy=true
[DIAG] _physics_process: ENTER, state=1
[DIAG] _physics_process: camera target set to character (state: 1)
[DIAG] _physics_process: ENTER, state=1
[DIAG] _physics_process: camera target set to character (state: 1)
[DIAG] _poll_controls: ENTER, state=1
[VERBATIM] POLL: _poll_controls() entered, game_state=1
[VERBATIM] POLL: checking deploy state=1 canopy=true
[DIAG] _physics_process: ENTER, state=1
[DIAG] _physics_process: camera target set to character (state: 1)
[DIAG] _physics_process: ENTER, state=1
[DIAG] _physics_process: camera target set to character (state: 1)
[DIAG] _poll_controls: ENTER, state=1
[VERBATIM] POLL: _poll_controls() entered, game_state=1
[VERBATIM] POLL: checking deploy state=1 canopy=true
[DIAG] _physics_process: ENTER, state=1
[DIAG] _physics_process: camera target set to character (state: 1)
[GLIDE],3.59999999999999,0.0,0.0,0.0,0.0,11.0,0.0,0.0,4.23076923076923,2.6,705.687805175781,396.018035888672,74.0
[DIAG] _physics_process: ENTER, state=1
[DIAG] _physics_process: camera target set to character (state: 1)
[DIAG] _poll_controls: ENTER, state=1
[VERBATIM] POLL: _poll_controls() entered, game_state=1
[VERBATIM] POLL: checking deploy state=1 canopy=true
[DIAG] _physics_process: ENTER, state=1
[DIAG] _physics_process: camera target set to character (state: 1)
[DIAG] _physics_process: ENTER, state=1
[DIAG] _physics_process: camera target set to character (state: 1)
[DIAG] _poll_controls: ENTER, state=1
[VERBATIM] POLL: _poll_controls() entered, game_state=1
[VERBATIM] POLL: checking deploy state=1 canopy=true
[DIAG] _physics_process: ENTER, state=1
[DIAG] _physics_process: camera target set to character (state: 1)
[DIAG] _physics_process: ENTER, state=1
[DIAG] _physics_process: camera target set to character (state: 1)
[DIAG] _poll_controls: ENTER, state=1
[VERBATIM] POLL: _poll_controls() entered, game_state=1
[VERBATIM] POLL: checking deploy state=1 canopy=true
[VERBATIM] Wind updated: 12.5 kts @ 240.0°
[DIAG] _physics_process: ENTER, state=1
[DIAG] _physics_process: camera target set to character (state: 1)
[DIAG] _physics_process: ENTER, state=1
[DIAG] _physics_process: camera target set to character (state: 1)
[DIAG] _poll_controls: ENTER, state=1
[VERBATIM] POLL: _poll_controls() entered, game_state=1
[VERBATIM] POLL: checking deploy state=1 canopy=true
[DIAG] _physics_process: ENTER, state=1
[DIAG] _physics_process: camera target set to character (state: 1)
[DIAG] _physics_process: ENTER, state=1
[DIAG] _physics_process: camera target set to character (state: 1)
[DIAG] _poll_controls: ENTER, state=1
[VERBATIM] POLL: _poll_controls() entered, game_state=1
[VERBATIM] POLL: checking deploy state=1 canopy=true
[DIAG] _physics_process: ENTER, state=1
[DIAG] _physics_process: camera target set to character (state: 1)
[DIAG] _physics_process: ENTER, state=1
[DIAG] _physics_process: camera target set to character (state: 1)
[DIAG] _poll_controls: ENTER, state=1
[VERBATIM] POLL: _poll_controls() entered, game_state=1
[VERBATIM] POLL: checking deploy state=1 canopy=true
[DIAG] _physics_process: ENTER, state=1
[DIAG] _physics_process: camera target set to character (state: 1)
[DIAG] _physics_process: ENTER, state=1
[DIAG] _physics_process: camera target set to character (state: 1)
[DIAG] _poll_controls: ENTER, state=1
[VERBATIM] POLL: _poll_controls() entered, game_state=1
[VERBATIM] POLL: checking deploy state=1 canopy=true
[DIAG] _physics_process: ENTER, state=1
[DIAG] _physics_process: camera target set to character (state: 1)
[DIAG] _poll_controls: ENTER, state=1
[VERBATIM] POLL: _poll_controls() entered, game_state=1
[VERBATIM] POLL: checking deploy state=1 canopy=true
[DIAG] _physics_process: ENTER, state=1
[DIAG] _physics_process: camera target set to character (state: 1)
[DIAG] _physics_process: ENTER, state=1
[DIAG] _physics_process: camera target set to character (state: 1)
[DIAG] _poll_controls: ENTER, state=1
[VERBATIM] POLL: _poll_controls() entered, game_state=1
[VERBATIM] POLL: checking deploy state=1 canopy=true
[DIAG] _physics_process: ENTER, state=1
[DIAG] _physics_process: camera target set to character (state: 1)
[DIAG] _physics_process: ENTER, state=1
[DIAG] _physics_process: camera target set to character (state: 1)
[DIAG] _poll_controls: ENTER, state=1
[VERBATIM] POLL: _poll_controls() entered, game_state=1
[VERBATIM] POLL: checking deploy state=1 canopy=true
[DIAG] _physics_process: ENTER, state=1
[DIAG] _physics_process: camera target set to character (state: 1)
[DIAG] _physics_process: ENTER, state=1
[DIAG] _physics_process: camera target set to character (state: 1)
[DIAG] _poll_controls: ENTER, state=1
[VERBATIM] POLL: _poll_controls() entered, game_state=1
[VERBATIM] POLL: checking deploy state=1 canopy=true
[DIAG] _physics_process: ENTER, state=1
[DIAG] _physics_process: camera target set to character (state: 1)
[DIAG] _physics_process: ENTER, state=1
[DIAG] _physics_process: camera target set to character (state: 1)
[DIAG] _poll_controls: ENTER, state=1
[VERBATIM] POLL: _poll_controls() entered, game_state=1
[VERBATIM] POLL: checking deploy state=1 canopy=true
[DIAG] _physics_process: ENTER, state=1
[DIAG] _physics_process: camera target set to character (state: 1)
[DIAG] _physics_process: ENTER, state=1
[DIAG] _physics_process: camera target set to character (state: 1)
[DIAG] _poll_controls: ENTER, state=1
[VERBATIM] POLL: _poll_controls() entered, game_state=1
[VERBATIM] POLL: checking deploy state=1 canopy=true
[DIAG] _physics_process: ENTER, state=1
[DIAG] _physics_process: camera target set to character (state: 1)
[DIAG] _physics_process: ENTER, state=1
[DIAG] _physics_process: camera target set to character (state: 1)
[DIAG] _poll_controls: ENTER, state=1
[VERBATIM] POLL: _poll_controls() entered, game_state=1
[VERBATIM] POLL: checking deploy state=1 canopy=true
[DIAG] _physics_process: ENTER, state=1
[DIAG] _physics_process: camera target set to character (state: 1)
[DIAG] _physics_process: ENTER, state=1
[DIAG] _physics_process: camera target set to character (state: 1)
[DIAG] _poll_controls: ENTER, state=1
[VERBATIM] POLL: _poll_controls() entered, game_state=1
[VERBATIM] POLL: checking deploy state=1 canopy=true
[DIAG] _physics_process: ENTER, state=1
[DIAG] _physics_process: camera target set to character (state: 1)
[DIAG] _physics_process: ENTER, state=1
[DIAG] _physics_process: camera target set to character (state: 1)
[DIAG] _poll_controls: ENTER, state=1
[VERBATIM] POLL: _poll_controls() entered, game_state=1
[VERBATIM] POLL: checking deploy state=1 canopy=true
[DIAG] _physics_process: ENTER, state=1
[DIAG] _physics_process: camera target set to character (state: 1)
[GLIDE],4.11666666666666,0.0,0.0,0.0,0.0,11.0,0.0,0.0,4.23076923076923,2.6,705.042602539062,401.899871826172,74.0
[DIAG] _physics_process: ENTER, state=1
[DIAG] _physics_process: camera target set to character (state: 1)
[DIAG] _poll_controls: ENTER, state=1
[VERBATIM] POLL: _poll_controls() entered, game_state=1
[VERBATIM] POLL: checking deploy state=1 canopy=true
[DIAG] _physics_process: ENTER, state=1
[DIAG] _physics_process: camera target set to character (state: 1)
[DIAG] _physics_process: ENTER, state=1
[DIAG] _physics_process: camera target set to character (state: 1)
[DIAG] _poll_controls: ENTER, state=1
[VERBATIM] POLL: _poll_controls() entered, game_state=1
[VERBATIM] POLL: checking deploy state=1 canopy=true
[DIAG] _physics_process: ENTER, state=1
[DIAG] _physics_process: camera target set to character (state: 1)
[DIAG] _physics_process: ENTER, state=1
[DIAG] _physics_process: camera target set to character (state: 1)
[DIAG] _poll_controls: ENTER, state=1
[VERBATIM] POLL: _poll_controls() entered, game_state=1
[VERBATIM] POLL: checking deploy state=1 canopy=true
[DIAG] _physics_process: ENTER, state=1
[DIAG] _physics_process: camera target set to character (state: 1)
[DIAG] _poll_controls: ENTER, state=1
[VERBATIM] POLL: _poll_controls() entered, game_state=1
[VERBATIM] POLL: checking deploy state=1 canopy=true
[DIAG] _physics_process: ENTER, state=1
[DIAG] _physics_process: camera target set to character (state: 1)
[DIAG] _physics_process: ENTER, state=1
[DIAG] _physics_process: camera target set to character (state: 1)
[DIAG] _poll_controls: ENTER, state=1
[VERBATIM] POLL: _poll_controls() entered, game_state=1
[VERBATIM] POLL: checking deploy state=1 canopy=true
[DIAG] _physics_process: ENTER, state=1
[DIAG] _physics_process: camera target set to character (state: 1)
[DIAG] _physics_process: ENTER, state=1
[DIAG] _physics_process: camera target set to character (state: 1)
[DIAG] _poll_controls: ENTER, state=1
[VERBATIM] POLL: _poll_controls() entered, game_state=1
[VERBATIM] POLL: checking deploy state=1 canopy=true
[DIAG] _physics_process: ENTER, state=1
[DIAG] _physics_process: camera target set to character (state: 1)
[DIAG] _physics_process: ENTER, state=1
[DIAG] _physics_process: camera target set to character (state: 1)
[DIAG] _poll_controls: ENTER, state=1
[VERBATIM] POLL: _poll_controls() entered, game_state=1
[VERBATIM] POLL: checking deploy state=1 canopy=true
[DIAG] _physics_process: ENTER, state=1
[DIAG] _physics_process: camera target set to character (state: 1)
[DIAG] _physics_process: ENTER, state=1
[DIAG] _physics_process: camera target set to character (state: 1)
[DIAG] _poll_controls: ENTER, state=1
[VERBATIM] POLL: _poll_controls() entered, game_state=1
[VERBATIM] POLL: checking deploy state=1 canopy=true
[DIAG] _physics_process: ENTER, state=1
[DIAG] _physics_process: camera target set to character (state: 1)
[DIAG] _physics_process: ENTER, state=1
[DIAG] _physics_process: camera target set to character (state: 1)
[DIAG] _poll_controls: ENTER, state=1
[VERBATIM] POLL: _poll_controls() entered, game_state=1
[VERBATIM] POLL: checking deploy state=1 canopy=true
[DIAG] _physics_process: ENTER, state=1
[DIAG] _physics_process: camera target set to character (state: 1)
[DIAG] _physics_process: ENTER, state=1
[DIAG] _physics_process: camera target set to character (state: 1)
[DIAG] _poll_controls: ENTER, state=1
[VERBATIM] POLL: _poll_controls() entered, game_state=1
[VERBATIM] POLL: checking deploy state=1 canopy=true
[DIAG] _physics_process: ENTER, state=1
[DIAG] _physics_process: camera target set to character (state: 1)
[DIAG] _physics_process: ENTER, state=1
[DIAG] _physics_process: camera target set to character (state: 1)
[DIAG] _poll_controls: ENTER, state=1
[VERBATIM] POLL: _poll_controls() entered, game_state=1
[VERBATIM] POLL: checking deploy state=1 canopy=true
[DIAG] _physics_process: ENTER, state=1
[DIAG] _physics_process: camera target set to character (state: 1)
[DIAG] _physics_process: ENTER, state=1
[DIAG] _physics_process: camera target set to character (state: 1)
[DIAG] _poll_controls: ENTER, state=1
[VERBATIM] POLL: _poll_controls() entered, game_state=1
[VERBATIM] POLL: checking deploy state=1 canopy=true
[DIAG] _physics_process: ENTER, state=1
[DIAG] _physics_process: camera target set to character (state: 1)
[DIAG] _physics_process: ENTER, state=1
[DIAG] _physics_process: camera target set to character (state: 1)
[DIAG] _poll_controls: ENTER, state=1
[VERBATIM] POLL: _poll_controls() entered, game_state=1
[VERBATIM] POLL: checking deploy state=1 canopy=true
[DIAG] _physics_process: ENTER, state=1
[DIAG] _physics_process: camera target set to character (state: 1)
[DIAG] _physics_process: ENTER, state=1
[DIAG] _physics_process: camera target set to character (state: 1)
[DIAG] _poll_controls: ENTER, state=1
[VERBATIM] POLL: _poll_controls() entered, game_state=1
[VERBATIM] POLL: checking deploy state=1 canopy=true
[DIAG] _physics_process: ENTER, state=1
[DIAG] _physics_process: camera target set to character (state: 1)
[DIAG] _physics_process: ENTER, state=1
[DIAG] _physics_process: camera target set to character (state: 1)
[DIAG] _poll_controls: ENTER, state=1
[VERBATIM] POLL: _poll_controls() entered, game_state=1
[VERBATIM] POLL: checking deploy state=1 canopy=true
[DIAG] _physics_process: ENTER, state=1
[DIAG] _physics_process: camera target set to character (state: 1)
[DIAG] _poll_controls: ENTER, state=1
[VERBATIM] POLL: _poll_controls() entered, game_state=1
[VERBATIM] POLL: checking deploy state=1 canopy=true
[DIAG] _physics_process: ENTER, state=1
[DIAG] _physics_process: camera target set to character (state: 1)
[DIAG] _physics_process: ENTER, state=1
[DIAG] _physics_process: camera target set to character (state: 1)
[GLIDE],4.63333333333332,0.0,0.0,0.0,0.0,11.0,0.0,0.0,4.23076923076923,2.6,704.397399902344,407.775939941406,74.0
[DIAG] _poll_controls: ENTER, state=1
[VERBATIM] POLL: _poll_controls() entered, game_state=1
[VERBATIM] POLL: checking deploy state=1 canopy=true
[DIAG] _physics_process: ENTER, state=1
[DIAG] _physics_process: camera target set to character (state: 1)
[DIAG] _physics_process: ENTER, state=1
[DIAG] _physics_process: camera target set to character (state: 1)
[DIAG] _poll_controls: ENTER, state=1
[VERBATIM] POLL: _poll_controls() entered, game_state=1
[VERBATIM] POLL: checking deploy state=1 canopy=true
[VERBATIM] Wind updated: 12.5 kts @ 240.0°
[DIAG] _physics_process: ENTER, state=1
[DIAG] _physics_process: camera target set to character (state: 1)
[DIAG] _physics_process: ENTER, state=1
[DIAG] _physics_process: camera target set to character (state: 1)
[DIAG] _poll_controls: ENTER, state=1
[VERBATIM] POLL: _poll_controls() entered, game_state=1
[VERBATIM] POLL: checking deploy state=1 canopy=true
[DIAG] _physics_process: ENTER, state=1
[DIAG] _physics_process: camera target set to character (state: 1)
[DIAG] _physics_process: ENTER, state=1
[DIAG] _physics_process: camera target set to character (state: 1)
[DIAG] _poll_controls: ENTER, state=1
[VERBATIM] POLL: _poll_controls() entered, game_state=1
[VERBATIM] POLL: checking deploy state=1 canopy=true
[DIAG] _physics_process: ENTER, state=1
[DIAG] _physics_process: camera target set to character (state: 1)
[DIAG] _physics_process: ENTER, state=1
[DIAG] _physics_process: camera target set to character (state: 1)
[DIAG] _poll_controls: ENTER, state=1
[VERBATIM] POLL: _poll_controls() entered, game_state=1
[VERBATIM] POLL: checking deploy state=1 canopy=true
[DIAG] _physics_process: ENTER, state=1
[DIAG] _physics_process: camera target set to character (state: 1)
[PIPLIVE] eye=(704.1893, 1151.957, 409.4869) state=1 deployed=true framing=canopy
[DIAG] _physics_process: ENTER, state=1
[DIAG] _physics_process: camera target set to character (state: 1)
[DIAG] _poll_controls: ENTER, state=1
[VERBATIM] POLL: _poll_controls() entered, game_state=1
[VERBATIM] POLL: checking deploy state=1 canopy=true
[DIAG] _physics_process: ENTER, state=1
[DIAG] _physics_process: camera target set to character (state: 1)
[DIAG] _physics_process: ENTER, state=1
[DIAG] _physics_process: camera target set to character (state: 1)
[DIAG] _poll_controls: ENTER, state=1
[VERBATIM] POLL: _poll_controls() entered, game_state=1
[VERBATIM] POLL: checking deploy state=1 canopy=true
[DIAG] _physics_process: ENTER, state=1
[DIAG] _physics_process: camera target set to character (state: 1)
[DIAG] _physics_process: ENTER, state=1
[DIAG] _physics_process: camera target set to character (state: 1)
[DIAG] _poll_controls: ENTER, state=1
[VERBATIM] POLL: _poll_controls() entered, game_state=1
[VERBATIM] POLL: checking deploy state=1 canopy=true
[DIAG] _physics_process: ENTER, state=1
[DIAG] _physics_process: camera target set to character (state: 1)
[DIAG] _physics_process: ENTER, state=1
[DIAG] _physics_process: camera target set to character (state: 1)
[DIAG] _poll_controls: ENTER, state=1
[VERBATIM] POLL: _poll_controls() entered, game_state=1
[VERBATIM] POLL: checking deploy state=1 canopy=true
[DIAG] _physics_process: ENTER, state=1
[DIAG] _physics_process: camera target set to character (state: 1)
[DIAG] _physics_process: ENTER, state=1
[DIAG] _physics_process: camera target set to character (state: 1)
[DIAG] _poll_controls: ENTER, state=1
[VERBATIM] POLL: _poll_controls() entered, game_state=1
[VERBATIM] POLL: checking deploy state=1 canopy=true
[DIAG] _physics_process: ENTER, state=1
[DIAG] _physics_process: camera target set to character (state: 1)
[DIAG] _physics_process: ENTER, state=1
[DIAG] _physics_process: camera target set to character (state: 1)
[DIAG] _poll_controls: ENTER, state=1
[VERBATIM] POLL: _poll_controls() entered, game_state=1
[VERBATIM] POLL: checking deploy state=1 canopy=true
[DIAG] _physics_process: ENTER, state=1
[DIAG] _physics_process: camera target set to character (state: 1)
[DIAG] _poll_controls: ENTER, state=1
[VERBATIM] POLL: _poll_controls() entered, game_state=1
[VERBATIM] POLL: checking deploy state=1 canopy=true
[DIAG] _physics_process: ENTER, state=1
[DIAG] _physics_process: camera target set to character (state: 1)
[DIAG] _physics_process: ENTER, state=1
[DIAG] _physics_process: camera target set to character (state: 1)
[DIAG] _poll_controls: ENTER, state=1
[VERBATIM] POLL: _poll_controls() entered, game_state=1
[VERBATIM] POLL: checking deploy state=1 canopy=true
[DIAG] _physics_process: ENTER, state=1
[DIAG] _physics_process: camera target set to character (state: 1)
[DIAG] _physics_process: ENTER, state=1
[DIAG] _physics_process: camera target set to character (state: 1)
[DIAG] _poll_controls: ENTER, state=1
[VERBATIM] POLL: _poll_controls() entered, game_state=1
[VERBATIM] POLL: checking deploy state=1 canopy=true
[DIAG] _physics_process: ENTER, state=1
[DIAG] _physics_process: camera target set to character (state: 1)
[DIAG] _physics_process: ENTER, state=1
[DIAG] _physics_process: camera target set to character (state: 1)
[DIAG] _poll_controls: ENTER, state=1
[VERBATIM] POLL: _poll_controls() entered, game_state=1
[VERBATIM] POLL: checking deploy state=1 canopy=true
[DIAG] _physics_process: ENTER, state=1
[DIAG] _physics_process: camera target set to character (state: 1)
[DIAG] _physics_process: ENTER, state=1
[DIAG] _physics_process: camera target set to character (state: 1)
[DIAG] _poll_controls: ENTER, state=1
[VERBATIM] POLL: _poll_controls() entered, game_state=1
[VERBATIM] POLL: checking deploy state=1 canopy=true
[DIAG] _physics_process: ENTER, state=1
[DIAG] _physics_process: camera target set to character (state: 1)
[DIAG] _physics_process: ENTER, state=1
[DIAG] _physics_process: camera target set to character (state: 1)
[GLIDE],5.14999999999999,0.0,0.0,0.0,0.0,11.0,0.0,0.0,4.23076923076923,2.6,703.752197265625,413.646331787109,74.0
[DIAG] _poll_controls: ENTER, state=1
[VERBATIM] POLL: _poll_controls() entered, game_state=1
[VERBATIM] POLL: checking deploy state=1 canopy=true
[DIAG] _physics_process: ENTER, state=1
[DIAG] _physics_process: camera target set to character (state: 1)
[DIAG] _physics_process: ENTER, state=1
[DIAG] _physics_process: camera target set to character (state: 1)
[DIAG] _poll_controls: ENTER, state=1
[VERBATIM] POLL: _poll_controls() entered, game_state=1
[VERBATIM] POLL: checking deploy state=1 canopy=true
[DIAG] _physics_process: ENTER, state=1
[DIAG] _physics_process: camera target set to character (state: 1)
[DIAG] _physics_process: ENTER, state=1
[DIAG] _physics_process: camera target set to character (state: 1)
[DIAG] _poll_controls: ENTER, state=1
[VERBATIM] POLL: _poll_controls() entered, game_state=1
[VERBATIM] POLL: checking deploy state=1 canopy=true
[DIAG] _physics_process: ENTER, state=1
[DIAG] _physics_process: camera target set to character (state: 1)
[DIAG] _physics_process: ENTER, state=1
[DIAG] _physics_process: camera target set to character (state: 1)
[DIAG] _poll_controls: ENTER, state=1
[VERBATIM] POLL: _poll_controls() entered, game_state=1
[VERBATIM] POLL: checking deploy state=1 canopy=true
[DIAG] _physics_process: ENTER, state=1
[DIAG] _physics_process: camera target set to character (state: 1)
[DIAG] _physics_process: ENTER, state=1
[DIAG] _physics_process: camera target set to character (state: 1)
[DIAG] _poll_controls: ENTER, state=1
[VERBATIM] POLL: _poll_controls() entered, game_state=1
[VERBATIM] POLL: checking deploy state=1 canopy=true
[DIAG] _physics_process: ENTER, state=1
[DIAG] _physics_process: camera target set to character (state: 1)
[DIAG] _physics_process: ENTER, state=1
[DIAG] _physics_process: camera target set to character (state: 1)
[DIAG] _poll_controls: ENTER, state=1
[VERBATIM] POLL: _poll_controls() entered, game_state=1
[VERBATIM] POLL: checking deploy state=1 canopy=true
[DIAG] _physics_process: ENTER, state=1
[DIAG] _physics_process: camera target set to character (state: 1)
[DIAG] _physics_process: ENTER, state=1
[DIAG] _physics_process: camera target set to character (state: 1)
[DIAG] _poll_controls: ENTER, state=1
[VERBATIM] POLL: _poll_controls() entered, game_state=1
[VERBATIM] POLL: checking deploy state=1 canopy=true
[DIAG] _physics_process: ENTER, state=1
[DIAG] _physics_process: camera target set to character (state: 1)
[DIAG] _physics_process: ENTER, state=1
[DIAG] _physics_process: camera target set to character (state: 1)
[DIAG] _poll_controls: ENTER, state=1
[VERBATIM] POLL: _poll_controls() entered, game_state=1
[VERBATIM] POLL: checking deploy state=1 canopy=true
[DEBUG] _input (build_terrain) called, event=InputEventMouseMotion: button_mask=0, position=((444.0, 137.0)), relative=((-12.0, 2.0)), velocity=((0.0, 0.0)), pressure=0.00, tilt=((0.0, 0.0)), pen_inverted=(false)
[DIAG] _physics_process: ENTER, state=1
[DIAG] _physics_process: camera target set to character (state: 1)
[DIAG] _physics_process: ENTER, state=1
[DIAG] _physics_process: camera target set to character (state: 1)
[DIAG] _poll_controls: ENTER, state=1
[VERBATIM] POLL: _poll_controls() entered, game_state=1
[VERBATIM] POLL: checking deploy state=1 canopy=true
[DEBUG] _input (build_terrain) called, event=InputEventMouseMotion: button_mask=0, position=((424.0, 141.0)), relative=((-20.0, 4.0)), velocity=((0.0, 0.0)), pressure=0.00, tilt=((0.0, 0.0)), pen_inverted=(false)
[DIAG] _physics_process: ENTER, state=1
[DIAG] _physics_process: camera target set to character (state: 1)
[DIAG] _physics_process: ENTER, state=1
[DIAG] _physics_process: camera target set to character (state: 1)
[DIAG] _poll_controls: ENTER, state=1
[VERBATIM] POLL: _poll_controls() entered, game_state=1
[VERBATIM] POLL: checking deploy state=1 canopy=true
[DEBUG] _input (build_terrain) called, event=InputEventMouseMotion: button_mask=0, position=((422.0, 141.0)), relative=((-2.0, 0.0)), velocity=((0.0, 0.0)), pressure=0.00, tilt=((0.0, 0.0)), pen_inverted=(false)
[DIAG] _physics_process: ENTER, state=1
[DIAG] _physics_process: camera target set to character (state: 1)
[DIAG] _poll_controls: ENTER, state=1
[VERBATIM] POLL: _poll_controls() entered, game_state=1
[VERBATIM] POLL: checking deploy state=1 canopy=true
[DEBUG] _input (build_terrain) called, event=InputEventMouseMotion: button_mask=0, position=((463.0, 138.0)), relative=((41.0, -3.0)), velocity=((0.0, 0.0)), pressure=0.00, tilt=((0.0, 0.0)), pen_inverted=(false)
[DIAG] _physics_process: ENTER, state=1
[DIAG] _physics_process: camera target set to character (state: 1)
[DIAG] _physics_process: ENTER, state=1
[DIAG] _physics_process: camera target set to character (state: 1)
[DIAG] _poll_controls: ENTER, state=1
[VERBATIM] POLL: _poll_controls() entered, game_state=1
[VERBATIM] POLL: checking deploy state=1 canopy=true
[DEBUG] _input (build_terrain) called, event=InputEventMouseMotion: button_mask=0, position=((498.0, 133.0)), relative=((35.0, -5.0)), velocity=((54.36978, 23.30133)), pressure=0.00, tilt=((0.0, 0.0)), pen_inverted=(false)
[DIAG] _physics_process: ENTER, state=1
[DIAG] _physics_process: camera target set to character (state: 1)
[DIAG] _physics_process: ENTER, state=1
[DIAG] _physics_process: camera target set to character (state: 1)
[DIAG] _poll_controls: ENTER, state=1
[VERBATIM] POLL: _poll_controls() entered, game_state=1
[VERBATIM] POLL: checking deploy state=1 canopy=true
[DEBUG] _input (build_terrain) called, event=InputEventMouseMotion: button_mask=0, position=((630.0, 93.0)), relative=((132.0, -40.0)), velocity=((54.36978, 23.30133)), pressure=0.00, tilt=((0.0, 0.0)), pen_inverted=(false)
[DIAG] _physics_process: ENTER, state=1
[DIAG] _physics_process: camera target set to character (state: 1)
[DIAG] _physics_process: ENTER, state=1
[DIAG] _physics_process: camera target set to character (state: 1)
[DIAG] _poll_controls: ENTER, state=1
[VERBATIM] POLL: _poll_controls() entered, game_state=1
[VERBATIM] POLL: checking deploy state=1 canopy=true
[DEBUG] _input (build_terrain) called, event=InputEventMouseMotion: button_mask=0, position=((816.0, 49.0)), relative=((186.0, -44.0)), velocity=((54.36978, 23.30133)), pressure=0.00, tilt=((0.0, 0.0)), pen_inverted=(false)
[DIAG] _physics_process: ENTER, state=1
[DIAG] _physics_process: camera target set to character (state: 1)
[DIAG] _physics_process: ENTER, state=1
[DIAG] _physics_process: camera target set to character (state: 1)
[DIAG] _poll_controls: ENTER, state=1
[VERBATIM] POLL: _poll_controls() entered, game_state=1
[VERBATIM] POLL: checking deploy state=1 canopy=true
[DEBUG] _input (build_terrain) called, event=InputEventMouseMotion: button_mask=0, position=((904.0, 24.0)), relative=((88.0, -25.0)), velocity=((54.36978, 23.30133)), pressure=0.00, tilt=((0.0, 0.0)), pen_inverted=(false)
[DIAG] _physics_process: ENTER, state=1
[DIAG] _physics_process: camera target set to character (state: 1)
[DIAG] _physics_process: ENTER, state=1
[DIAG] _physics_process: camera target set to character (state: 1)
[DIAG] _poll_controls: ENTER, state=1
[VERBATIM] POLL: _poll_controls() entered, game_state=1
[VERBATIM] POLL: checking deploy state=1 canopy=true
[DEBUG] _input (build_terrain) called, event=InputEventMouseMotion: button_mask=0, position=((958.0, 3.0)), relative=((54.0, -21.0)), velocity=((3428.038, -886.1595)), pressure=0.00, tilt=((0.0, 0.0)), pen_inverted=(false)
[DIAG] _physics_process: ENTER, state=1
[DIAG] _physics_process: camera target set to character (state: 1)
[DIAG] _physics_process: ENTER, state=1
[DIAG] _physics_process: camera target set to character (state: 1)
[GLIDE],5.66666666666665,0.0,0.0,0.0,0.0,11.0,0.0,0.0,4.23076923076923,2.6,703.106994628906,419.510986328125,74.0
[DIAG] _poll_controls: ENTER, state=1
[VERBATIM] POLL: _poll_controls() entered, game_state=1
[VERBATIM] POLL: checking deploy state=1 canopy=true
[VERBATIM] Wind updated: 12.5 kts @ 240.0°
[DIAG] _physics_process: ENTER, state=1
[DIAG] _physics_process: camera target set to character (state: 1)
[DIAG] _physics_process: ENTER, state=1
[DIAG] _physics_process: camera target set to character (state: 1)
[DIAG] _poll_controls: ENTER, state=1
[VERBATIM] POLL: _poll_controls() entered, game_state=1
[VERBATIM] POLL: checking deploy state=1 canopy=true
[DIAG] _physics_process: ENTER, state=1
[DIAG] _physics_process: camera target set to character (state: 1)
[DIAG] _physics_process: ENTER, state=1
[DIAG] _physics_process: camera target set to character (state: 1)
[DIAG] _poll_controls: ENTER, state=1
[VERBATIM] POLL: _poll_controls() entered, game_state=1
[VERBATIM] POLL: checking deploy state=1 canopy=true
[DIAG] _physics_process: ENTER, state=1
[DIAG] _physics_process: camera target set to character (state: 1)
[DIAG] _physics_process: ENTER, state=1
[DIAG] _physics_process: camera target set to character (state: 1)
[DIAG] _poll_controls: ENTER, state=1
[VERBATIM] POLL: _poll_controls() entered, game_state=1
[VERBATIM] POLL: checking deploy state=1 canopy=true
[DIAG] _physics_process: ENTER, state=1
[DIAG] _physics_process: camera target set to character (state: 1)
[DIAG] _physics_process: ENTER, state=1
[DIAG] _physics_process: camera target set to character (state: 1)
[DIAG] _poll_controls: ENTER, state=1
[VERBATIM] POLL: _poll_controls() entered, game_state=1
[VERBATIM] POLL: checking deploy state=1 canopy=true
[DIAG] _physics_process: ENTER, state=1
[DIAG] _physics_process: camera target set to character (state: 1)
[DIAG] _physics_process: ENTER, state=1
[DIAG] _physics_process: camera target set to character (state: 1)
[DIAG] _poll_controls: ENTER, state=1
[VERBATIM] POLL: _poll_controls() entered, game_state=1
[VERBATIM] POLL: checking deploy state=1 canopy=true
[DIAG] _physics_process: ENTER, state=1
[DIAG] _physics_process: camera target set to character (state: 1)
[DIAG] _physics_process: ENTER, state=1
[DIAG] _physics_process: camera target set to character (state: 1)
[DIAG] _poll_controls: ENTER, state=1
[VERBATIM] POLL: _poll_controls() entered, game_state=1
[VERBATIM] POLL: checking deploy state=1 canopy=true
[DIAG] _physics_process: ENTER, state=1
[DIAG] _physics_process: camera target set to character (state: 1)
[DIAG] _physics_process: ENTER, state=1
[DIAG] _physics_process: camera target set to character (state: 1)
[DIAG] _poll_controls: ENTER, state=1
[VERBATIM] POLL: _poll_controls() entered, game_state=1
[VERBATIM] POLL: checking deploy state=1 canopy=true
[DIAG] _physics_process: ENTER, state=1
[DIAG] _physics_process: camera target set to character (state: 1)
[DIAG] _physics_process: ENTER, state=1
[DIAG] _physics_process: camera target set to character (state: 1)
[DIAG] _poll_controls: ENTER, state=1
[VERBATIM] POLL: _poll_controls() entered, game_state=1
[VERBATIM] POLL: checking deploy state=1 canopy=true
[DIAG] _physics_process: ENTER, state=1
[DIAG] _physics_process: camera target set to character (state: 1)
[DIAG] _physics_process: ENTER, state=1
[DIAG] _physics_process: camera target set to character (state: 1)
[DIAG] _poll_controls: ENTER, state=1
[VERBATIM] POLL: _poll_controls() entered, game_state=1
[VERBATIM] POLL: checking deploy state=1 canopy=true
[DIAG] _physics_process: ENTER, state=1
[DIAG] _physics_process: camera target set to character (state: 1)
[DIAG] _physics_process: ENTER, state=1
[DIAG] _physics_process: camera target set to character (state: 1)
[DIAG] _poll_controls: ENTER, state=1
[VERBATIM] POLL: _poll_controls() entered, game_state=1
[VERBATIM] POLL: checking deploy state=1 canopy=true
[DIAG] _physics_process: ENTER, state=1
[DIAG] _physics_process: camera target set to character (state: 1)
[DIAG] _physics_process: ENTER, state=1
[DIAG] _physics_process: camera target set to character (state: 1)
[DIAG] _poll_controls: ENTER, state=1
[VERBATIM] POLL: _poll_controls() entered, game_state=1
[VERBATIM] POLL: checking deploy state=1 canopy=true
[DIAG] _physics_process: ENTER, state=1
[DIAG] _physics_process: camera target set to character (state: 1)
[DIAG] _physics_process: ENTER, state=1
[DIAG] _physics_process: camera target set to character (state: 1)
[DIAG] _poll_controls: ENTER, state=1
[VERBATIM] POLL: _poll_controls() entered, game_state=1
[VERBATIM] POLL: checking deploy state=1 canopy=true
[DIAG] _physics_process: ENTER, state=1
[DIAG] _physics_process: camera target set to character (state: 1)
[DIAG] _physics_process: ENTER, state=1
[DIAG] _physics_process: camera target set to character (state: 1)
[DIAG] _poll_controls: ENTER, state=1
[VERBATIM] POLL: _poll_controls() entered, game_state=1
[VERBATIM] POLL: checking deploy state=1 canopy=true
[DIAG] _physics_process: ENTER, state=1
[DIAG] _physics_process: camera target set to character (state: 1)
[DIAG] _poll_controls: ENTER, state=1
[VERBATIM] POLL: _poll_controls() entered, game_state=1
[VERBATIM] POLL: checking deploy state=1 canopy=true
[DIAG] _physics_process: ENTER, state=1
[DIAG] _physics_process: camera target set to character (state: 1)
[DIAG] _physics_process: ENTER, state=1
[DIAG] _physics_process: camera target set to character (state: 1)
[DIAG] _poll_controls: ENTER, state=1
[VERBATIM] POLL: _poll_controls() entered, game_state=1
[VERBATIM] POLL: checking deploy state=1 canopy=true
[DIAG] _physics_process: ENTER, state=1
[DIAG] _physics_process: camera target set to character (state: 1)
[DIAG] _physics_process: ENTER, state=1
[DIAG] _physics_process: camera target set to character (state: 1)
[GLIDE],6.18333333333332,0.0,0.0,0.0,0.0,11.0,0.0,0.0,4.23076923076923,2.6,702.461791992188,425.369934082031,74.0
[DIAG] _poll_controls: ENTER, state=1
[VERBATIM] POLL: _poll_controls() entered, game_state=1
[VERBATIM] POLL: checking deploy state=1 canopy=true
[DIAG] _physics_process: ENTER, state=1
[DIAG] _physics_process: camera target set to character (state: 1)
[DIAG] _physics_process: ENTER, state=1
[DIAG] _physics_process: camera target set to character (state: 1)
[DIAG] _poll_controls: ENTER, state=1
[VERBATIM] POLL: _poll_controls() entered, game_state=1
[VERBATIM] POLL: checking deploy state=1 canopy=true
[DIAG] _physics_process: ENTER, state=1
[DIAG] _physics_process: camera target set to character (state: 1)
[DIAG] _physics_process: ENTER, state=1
[DIAG] _physics_process: camera target set to character (state: 1)
[WIND] speed 7.07084521639622 kts  dir 0°  gust 1.18097322250329  vec_ms (0.0, 0.0, 3.637554)
[DIAG] _poll_controls: ENTER, state=1
[VERBATIM] POLL: _poll_controls() entered, game_state=1
[VERBATIM] POLL: checking deploy state=1 canopy=true
[DIAG] _physics_process: ENTER, state=1
[DIAG] _physics_process: camera target set to character (state: 1)
[DIAG] _physics_process: ENTER, state=1
[DIAG] _physics_process: camera target set to character (state: 1)
[DIAG] _poll_controls: ENTER, state=1
[VERBATIM] POLL: _poll_controls() entered, game_state=1
[VERBATIM] POLL: checking deploy state=1 canopy=true
[DIAG] _physics_process: ENTER, state=1
[DIAG] _physics_process: camera target set to character (state: 1)
[DIAG] _physics_process: ENTER, state=1
[DIAG] _physics_process: camera target set to character (state: 1)
[DIAG] _poll_controls: ENTER, state=1
[VERBATIM] POLL: _poll_controls() entered, game_state=1
[VERBATIM] POLL: checking deploy state=1 canopy=true
[DIAG] _physics_process: ENTER, state=1
[DIAG] _physics_process: camera target set to character (state: 1)
[DIAG] _physics_process: ENTER, state=1
[DIAG] _physics_process: camera target set to character (state: 1)
[DIAG] _poll_controls: ENTER, state=1
[VERBATIM] POLL: _poll_controls() entered, game_state=1
[VERBATIM] POLL: checking deploy state=1 canopy=true
[DIAG] _physics_process: ENTER, state=1
[DIAG] _physics_process: camera target set to character (state: 1)
[DIAG] _physics_process: ENTER, state=1
[DIAG] _physics_process: camera target set to character (state: 1)
[DIAG] _poll_controls: ENTER, state=1
[VERBATIM] POLL: _poll_controls() entered, game_state=1
[VERBATIM] POLL: checking deploy state=1 canopy=true
[DIAG] _physics_process: ENTER, state=1
[DIAG] _physics_process: camera target set to character (state: 1)
[DIAG] _physics_process: ENTER, state=1
[DIAG] _physics_process: camera target set to character (state: 1)
[DIAG] _poll_controls: ENTER, state=1
[VERBATIM] POLL: _poll_controls() entered, game_state=1
[VERBATIM] POLL: checking deploy state=1 canopy=true
[DIAG] _physics_process: ENTER, state=1
[DIAG] _physics_process: camera target set to character (state: 1)
[DIAG] _physics_process: ENTER, state=1
[DIAG] _physics_process: camera target set to character (state: 1)
[DIAG] _poll_controls: ENTER, state=1
[VERBATIM] POLL: _poll_controls() entered, game_state=1
[VERBATIM] POLL: checking deploy state=1 canopy=true
[DIAG] _physics_process: ENTER, state=1
[DIAG] _physics_process: camera target set to character (state: 1)
[DIAG] _physics_process: ENTER, state=1
[DIAG] _physics_process: camera target set to character (state: 1)
[DIAG] _poll_controls: ENTER, state=1
[VERBATIM] POLL: _poll_controls() entered, game_state=1
[VERBATIM] POLL: checking deploy state=1 canopy=true
[DIAG] _physics_process: ENTER, state=1
[DIAG] _physics_process: camera target set to character (state: 1)
[DIAG] _physics_process: ENTER, state=1
[DIAG] _physics_process: camera target set to character (state: 1)
[DIAG] _poll_controls: ENTER, state=1
[VERBATIM] POLL: _poll_controls() entered, game_state=1
[VERBATIM] POLL: checking deploy state=1 canopy=true
[DEBUG] _input (build_terrain) called, event=InputEventMouseMotion: button_mask=0, position=((1107.0, 1.0)), relative=((149.0, -2.0)), velocity=((61.70864, -23.99781)), pressure=0.00, tilt=((0.0, 0.0)), pen_inverted=(false)
[DIAG] _physics_process: ENTER, state=1
[DIAG] _physics_process: camera target set to character (state: 1)
[DIAG] _physics_process: ENTER, state=1
[DIAG] _physics_process: camera target set to character (state: 1)
[DIAG] _poll_controls: ENTER, state=1
[VERBATIM] POLL: _poll_controls() entered, game_state=1
[VERBATIM] POLL: checking deploy state=1 canopy=true
[DEBUG] _input (build_terrain) called, event=InputEventMouseMotion: button_mask=0, position=((1102.0, 4.0)), relative=((-5.0, 3.0)), velocity=((61.70864, -23.99781)), pressure=0.00, tilt=((0.0, 0.0)), pen_inverted=(false)
[DIAG] _physics_process: ENTER, state=1
[DIAG] _physics_process: camera target set to character (state: 1)
[DIAG] _physics_process: ENTER, state=1
[DIAG] _physics_process: camera target set to character (state: 1)
[DIAG] _poll_controls: ENTER, state=1
[VERBATIM] POLL: _poll_controls() entered, game_state=1
[VERBATIM] POLL: checking deploy state=1 canopy=true
[DEBUG] _input (build_terrain) called, event=InputEventMouseMotion: button_mask=0, position=((1101.0, 5.0)), relative=((-1.0, 1.0)), velocity=((61.70864, -23.99781)), pressure=0.00, tilt=((0.0, 0.0)), pen_inverted=(false)
[DIAG] _physics_process: ENTER, state=1
[DIAG] _physics_process: camera target set to character (state: 1)
[DIAG] _poll_controls: ENTER, state=1
[VERBATIM] POLL: _poll_controls() entered, game_state=1
[VERBATIM] POLL: checking deploy state=1 canopy=true
[DEBUG] _input (build_terrain) called, event=InputEventMouseMotion: button_mask=0, position=((1099.0, 6.0)), relative=((-2.0, 1.0)), velocity=((61.70864, -23.99781)), pressure=0.00, tilt=((0.0, 0.0)), pen_inverted=(false)
[DIAG] _physics_process: ENTER, state=1
[DIAG] _physics_process: camera target set to character (state: 1)
[DIAG] _physics_process: ENTER, state=1
[DIAG] _physics_process: camera target set to character (state: 1)
[DIAG] _physics_process: ENTER, state=1
[DIAG] _physics_process: camera target set to character (state: 1)
[DIAG] _physics_process: ENTER, state=1
[DIAG] _physics_process: camera target set to character (state: 1)
[DIAG] _physics_process: ENTER, state=1
[DIAG] _physics_process: camera target set to character (state: 1)
[DIAG] _physics_process: ENTER, state=1
[DIAG] _physics_process: camera target set to character (state: 1)
[GLIDE],6.69999999999998,0.0,0.0,0.0,0.0,11.0,0.0,0.0,4.23076923076923,2.6,701.816589355469,431.223175048828,74.0
[DIAG] _physics_process: ENTER, state=1
[DIAG] _physics_process: camera target set to character (state: 1)
[DIAG] _physics_process: ENTER, state=1
[DIAG] _physics_process: camera target set to character (state: 1)
[DIAG] _poll_controls: ENTER, state=1
[VERBATIM] POLL: _poll_controls() entered, game_state=1
[VERBATIM] POLL: checking deploy state=1 canopy=true
[VERBATIM] Wind updated: 12.5 kts @ 240.0°
[DEBUG] _input (build_terrain) called, event=InputEventMouseMotion: button_mask=0, position=((1098.0, 7.0)), relative=((-1.0, 1.0)), velocity=((651.5019, 13.86174)), pressure=0.00, tilt=((0.0, 0.0)), pen_inverted=(false)
[DIAG] _physics_process: ENTER, state=1
[DIAG] _physics_process: camera target set to character (state: 1)
[DIAG] _physics_process: ENTER, state=1
[DIAG] _physics_process: camera target set to character (state: 1)
[DIAG] _poll_controls: ENTER, state=1
[VERBATIM] POLL: _poll_controls() entered, game_state=1
[VERBATIM] POLL: checking deploy state=1 canopy=true
[DIAG] _physics_process: ENTER, state=1
[DIAG] _physics_process: camera target set to character (state: 1)
[DIAG] _physics_process: ENTER, state=1
[DIAG] _physics_process: camera target set to character (state: 1)
[DIAG] _poll_controls: ENTER, state=1
[VERBATIM] POLL: _poll_controls() entered, game_state=1
[VERBATIM] POLL: checking deploy state=1 canopy=true
[PIPLIVE] eye=(701.6709, 1139.336, 432.3608) state=1 deployed=true framing=canopy
[DIAG] _physics_process: ENTER, state=1
[DIAG] _physics_process: camera target set to character (state: 1)
[DIAG] _physics_process: ENTER, state=1
[DIAG] _physics_process: camera target set to character (state: 1)
[DIAG] _poll_controls: ENTER, state=1
[VERBATIM] POLL: _poll_controls() entered, game_state=1
[VERBATIM] POLL: checking deploy state=1 canopy=true
[DIAG] _physics_process: ENTER, state=1
[DIAG] _physics_process: camera target set to character (state: 1)
[DIAG] _physics_process: ENTER, state=1
[DIAG] _physics_process: camera target set to character (state: 1)
[DIAG] _poll_controls: ENTER, state=1
[VERBATIM] POLL: _poll_controls() entered, game_state=1
[VERBATIM] POLL: checking deploy state=1 canopy=true
[DIAG] _physics_process: ENTER, state=1
[DIAG] _physics_process: camera target set to character (state: 1)
[DIAG] _physics_process: ENTER, state=1
[DIAG] _physics_process: camera target set to character (state: 1)
[DIAG] _poll_controls: ENTER, state=1
[VERBATIM] POLL: _poll_controls() entered, game_state=1
[VERBATIM] POLL: checking deploy state=1 canopy=true
[DIAG] _physics_process: ENTER, state=1
[DIAG] _physics_process: camera target set to character (state: 1)
[DIAG] _physics_process: ENTER, state=1
[DIAG] _physics_process: camera target set to character (state: 1)
[DIAG] _poll_controls: ENTER, state=1
[VERBATIM] POLL: _poll_controls() entered, game_state=1
[VERBATIM] POLL: checking deploy state=1 canopy=true
[DEBUG] _input (build_terrain) called, event=InputEventMouseMotion: button_mask=0, position=((1095.0, 7.0)), relative=((-3.0, 0.0)), velocity=((-5.203861, 5.203861)), pressure=0.00, tilt=((0.0, 0.0)), pen_inverted=(false)
[DIAG] _physics_process: ENTER, state=1
[DIAG] _physics_process: camera target set to character (state: 1)
[DIAG] _physics_process: ENTER, state=1
[DIAG] _physics_process: camera target set to character (state: 1)
[DIAG] _poll_controls: ENTER, state=1
[VERBATIM] POLL: _poll_controls() entered, game_state=1
[VERBATIM] POLL: checking deploy state=1 canopy=true
[DIAG] _physics_process: ENTER, state=1
[DIAG] _physics_process: camera target set to character (state: 1)
[DIAG] _physics_process: ENTER, state=1
[DIAG] _physics_process: camera target set to character (state: 1)
[DIAG] _poll_controls: ENTER, state=1
[VERBATIM] POLL: _poll_controls() entered, game_state=1
[VERBATIM] POLL: checking deploy state=1 canopy=true
[DIAG] _physics_process: ENTER, state=1
[DIAG] _physics_process: camera target set to character (state: 1)
[DIAG] _poll_controls: ENTER, state=1
[VERBATIM] POLL: _poll_controls() entered, game_state=1
[VERBATIM] POLL: checking deploy state=1 canopy=true
[DIAG] _physics_process: ENTER, state=1
[DIAG] _physics_process: camera target set to character (state: 1)
[DIAG] _physics_process: ENTER, state=1
[DIAG] _physics_process: camera target set to character (state: 1)
[DIAG] _poll_controls: ENTER, state=1
[VERBATIM] POLL: _poll_controls() entered, game_state=1
[VERBATIM] POLL: checking deploy state=1 canopy=true
[DIAG] _physics_process: ENTER, state=1
[DIAG] _physics_process: camera target set to character (state: 1)
[DIAG] _physics_process: ENTER, state=1
[DIAG] _physics_process: camera target set to character (state: 1)
[DIAG] _poll_controls: ENTER, state=1
[VERBATIM] POLL: _poll_controls() entered, game_state=1
[VERBATIM] POLL: checking deploy state=1 canopy=true
[DIAG] _physics_process: ENTER, state=1
[DIAG] _physics_process: camera target set to character (state: 1)
[DIAG] _physics_process: ENTER, state=1
[DIAG] _physics_process: camera target set to character (state: 1)
[DIAG] _poll_controls: ENTER, state=1
[VERBATIM] POLL: _poll_controls() entered, game_state=1
[VERBATIM] POLL: checking deploy state=1 canopy=true
[DIAG] _physics_process: ENTER, state=1
[DIAG] _physics_process: camera target set to character (state: 1)
[DIAG] _physics_process: ENTER, state=1
[DIAG] _physics_process: camera target set to character (state: 1)
[DIAG] _poll_controls: ENTER, state=1
[VERBATIM] POLL: _poll_controls() entered, game_state=1
[VERBATIM] POLL: checking deploy state=1 canopy=true
[DIAG] _physics_process: ENTER, state=1
[DIAG] _physics_process: camera target set to character (state: 1)
[DIAG] _physics_process: ENTER, state=1
[DIAG] _physics_process: camera target set to character (state: 1)
[DIAG] _poll_controls: ENTER, state=1
[VERBATIM] POLL: _poll_controls() entered, game_state=1
[VERBATIM] POLL: checking deploy state=1 canopy=true
[DIAG] _physics_process: ENTER, state=1
[DIAG] _physics_process: camera target set to character (state: 1)
[DIAG] _physics_process: ENTER, state=1
[DIAG] _physics_process: camera target set to character (state: 1)
[GLIDE],7.21666666666665,0.0,0.0,0.0,0.0,11.0,0.0,0.0,4.23076923076923,2.6,701.17138671875,437.065551757812,74.0
[DIAG] _poll_controls: ENTER, state=1
[VERBATIM] POLL: _poll_controls() entered, game_state=1
[VERBATIM] POLL: checking deploy state=1 canopy=true
[DIAG] _physics_process: ENTER, state=1
[DIAG] _physics_process: camera target set to character (state: 1)
[DIAG] _physics_process: ENTER, state=1
[DIAG] _physics_process: camera target set to character (state: 1)
[DIAG] _poll_controls: ENTER, state=1
[VERBATIM] POLL: _poll_controls() entered, game_state=1
[VERBATIM] POLL: checking deploy state=1 canopy=true
[DIAG] _physics_process: ENTER, state=1
[DIAG] _physics_process: camera target set to character (state: 1)
[DIAG] _physics_process: ENTER, state=1
[DIAG] _physics_process: camera target set to character (state: 1)
[DIAG] _poll_controls: ENTER, state=1
[VERBATIM] POLL: _poll_controls() entered, game_state=1
[VERBATIM] POLL: checking deploy state=1 canopy=true
[DEBUG] _input (build_terrain) called, event=InputEventMouseMotion: button_mask=0, position=((1095.0, 7.0)), relative=((0.0, 0.0)), velocity=((-8.495719, 0.0)), pressure=0.00, tilt=((0.0, 0.0)), pen_inverted=(false)
[DIAG] _physics_process: ENTER, state=1
[DIAG] _physics_process: camera target set to character (state: 1)
[DIAG] _physics_process: ENTER, state=1
[DIAG] _physics_process: camera target set to character (state: 1)
[DIAG] _poll_controls: ENTER, state=1
[VERBATIM] POLL: _poll_controls() entered, game_state=1
[VERBATIM] POLL: checking deploy state=1 canopy=true
[DIAG] _physics_process: ENTER, state=1
[DIAG] _physics_process: camera target set to character (state: 1)
[DIAG] _physics_process: ENTER, state=1
[DIAG] _physics_process: camera target set to character (state: 1)
[DIAG] _poll_controls: ENTER, state=1
[VERBATIM] POLL: _poll_controls() entered, game_state=1
[VERBATIM] POLL: checking deploy state=1 canopy=true
[DEBUG] _input (build_terrain) called, event=InputEventMouseMotion: button_mask=0, position=((1093.0, 7.0)), relative=((-2.0, 0.0)), velocity=((-8.495719, 0.0)), pressure=0.00, tilt=((0.0, 0.0)), pen_inverted=(false)
[DIAG] _physics_process: ENTER, state=1
[DIAG] _physics_process: camera target set to character (state: 1)
[DIAG] _physics_process: ENTER, state=1
[DIAG] _physics_process: camera target set to character (state: 1)
[DIAG] _poll_controls: ENTER, state=1
[VERBATIM] POLL: _poll_controls() entered, game_state=1
[VERBATIM] POLL: checking deploy state=1 canopy=true
[DEBUG] _input (build_terrain) called, event=InputEventMouseMotion: button_mask=0, position=((1090.0, 7.0)), relative=((-3.0, 0.0)), velocity=((-8.495719, 0.0)), pressure=0.00, tilt=((0.0, 0.0)), pen_inverted=(false)
[DIAG] _physics_process: ENTER, state=1
[DIAG] _physics_process: camera target set to character (state: 1)
[DIAG] _poll_controls: ENTER, state=1
[VERBATIM] POLL: _poll_controls() entered, game_state=1
[VERBATIM] POLL: checking deploy state=1 canopy=true
[DEBUG] _input (build_terrain) called, event=InputEventMouseMotion: button_mask=0, position=((1090.0, 7.0)), relative=((0.0, 0.0)), velocity=((-38.72997, 0.0)), pressure=0.00, tilt=((0.0, 0.0)), pen_inverted=(false)
[DIAG] _physics_process: ENTER, state=1
[DIAG] _physics_process: camera target set to character (state: 1)
[DIAG] _physics_process: ENTER, state=1
[DIAG] _physics_process: camera target set to character (state: 1)
[DIAG] _poll_controls: ENTER, state=1
[VERBATIM] POLL: _poll_controls() entered, game_state=1
[VERBATIM] POLL: checking deploy state=1 canopy=true
[DEBUG] _input (build_terrain) called, event=InputEventMouseMotion: button_mask=0, position=((1087.0, 7.0)), relative=((-3.0, 0.0)), velocity=((-38.72997, 0.0)), pressure=0.00, tilt=((0.0, 0.0)), pen_inverted=(false)
[DIAG] _physics_process: ENTER, state=1
[DIAG] _physics_process: camera target set to character (state: 1)
[DIAG] _physics_process: ENTER, state=1
[DIAG] _physics_process: camera target set to character (state: 1)
[DIAG] _poll_controls: ENTER, state=1
[VERBATIM] POLL: _poll_controls() entered, game_state=1
[VERBATIM] POLL: checking deploy state=1 canopy=true
[DEBUG] _input (build_terrain) called, event=InputEventMouseMotion: button_mask=0, position=((1085.0, 6.0)), relative=((-2.0, -1.0)), velocity=((-38.72997, 0.0)), pressure=0.00, tilt=((0.0, 0.0)), pen_inverted=(false)
[DIAG] _physics_process: ENTER, state=1
[DIAG] _physics_process: camera target set to character (state: 1)
[DIAG] _physics_process: ENTER, state=1
[DIAG] _physics_process: camera target set to character (state: 1)
[DIAG] _poll_controls: ENTER, state=1
[VERBATIM] POLL: _poll_controls() entered, game_state=1
[VERBATIM] POLL: checking deploy state=1 canopy=true
[DEBUG] _input (build_terrain) called, event=InputEventMouseMotion: button_mask=0, position=((1080.0, 6.0)), relative=((-5.0, 0.0)), velocity=((-38.72997, 0.0)), pressure=0.00, tilt=((0.0, 0.0)), pen_inverted=(false)
[DIAG] _physics_process: ENTER, state=1
[DIAG] _physics_process: camera target set to character (state: 1)
[DIAG] _physics_process: ENTER, state=1
[DIAG] _physics_process: camera target set to character (state: 1)
[DIAG] _poll_controls: ENTER, state=1
[VERBATIM] POLL: _poll_controls() entered, game_state=1
[VERBATIM] POLL: checking deploy state=1 canopy=true
[DEBUG] _input (build_terrain) called, event=InputEventMouseMotion: button_mask=0, position=((1069.0, 3.0)), relative=((-11.0, -3.0)), velocity=((-77.29589, -7.729589)), pressure=0.00, tilt=((0.0, 0.0)), pen_inverted=(false)
[DIAG] _physics_process: ENTER, state=1
[DIAG] _physics_process: camera target set to character (state: 1)
[DIAG] _physics_process: ENTER, state=1
[DIAG] _physics_process: camera target set to character (state: 1)
[DIAG] _poll_controls: ENTER, state=1
[VERBATIM] POLL: _poll_controls() entered, game_state=1
[VERBATIM] POLL: checking deploy state=1 canopy=true
[DEBUG] _input (build_terrain) called, event=InputEventMouseMotion: button_mask=0, position=((1068.0, 2.0)), relative=((-1.0, -1.0)), velocity=((-77.29589, -7.729589)), pressure=0.00, tilt=((0.0, 0.0)), pen_inverted=(false)
[DIAG] _physics_process: ENTER, state=1
[DIAG] _physics_process: camera target set to character (state: 1)
[DIAG] _physics_process: ENTER, state=1
[DIAG] _physics_process: camera target set to character (state: 1)
[DIAG] _physics_process: ENTER, state=1
[DIAG] _physics_process: camera target set to character (state: 1)
[DIAG] _physics_process: ENTER, state=1
[DIAG] _physics_process: camera target set to character (state: 1)
[DIAG] _physics_process: ENTER, state=1
[DIAG] _physics_process: camera target set to character (state: 1)
[DIAG] _poll_controls: ENTER, state=1
[VERBATIM] POLL: _poll_controls() entered, game_state=1
[VERBATIM] POLL: checking deploy state=1 canopy=true
[DIAG] _physics_process: ENTER, state=1
[DIAG] _physics_process: camera target set to character (state: 1)
[DIAG] _poll_controls: ENTER, state=1
[VERBATIM] POLL: _poll_controls() entered, game_state=1
[VERBATIM] POLL: checking deploy state=1 canopy=true
[VERBATIM] Wind updated: 12.5 kts @ 240.0°
[DIAG] _physics_process: ENTER, state=1
[DIAG] _physics_process: camera target set to character (state: 1)
[DIAG] _physics_process: ENTER, state=1
[DIAG] _physics_process: camera target set to character (state: 1)
[DIAG] _poll_controls: ENTER, state=1
[VERBATIM] POLL: _poll_controls() entered, game_state=1
[VERBATIM] POLL: checking deploy state=1 canopy=true
[DIAG] _physics_process: ENTER, state=1
[DIAG] _physics_process: camera target set to character (state: 1)
[DIAG] _physics_process: ENTER, state=1
[DIAG] _physics_process: camera target set to character (state: 1)
[GLIDE],7.73333333333331,0.0,0.0,0.0,0.0,11.0,0.0,0.0,4.23076923076923,2.6,700.526184082031,442.747589111328,74.0
[DIAG] _poll_controls: ENTER, state=1
[VERBATIM] POLL: _poll_controls() entered, game_state=1
[VERBATIM] POLL: checking deploy state=1 canopy=true
[DIAG] _physics_process: ENTER, state=1
[DIAG] _physics_process: camera target set to character (state: 1)
[DIAG] _physics_process: ENTER, state=1
[DIAG] _physics_process: camera target set to character (state: 1)
[DIAG] _poll_controls: ENTER, state=1
[VERBATIM] POLL: _poll_controls() entered, game_state=1
[VERBATIM] POLL: checking deploy state=1 canopy=true
[DIAG] _physics_process: ENTER, state=1
[DIAG] _physics_process: camera target set to character (state: 1)
[DIAG] _physics_process: ENTER, state=1
[DIAG] _physics_process: camera target set to character (state: 1)
[DIAG] _poll_controls: ENTER, state=1
[VERBATIM] POLL: _poll_controls() entered, game_state=1
[VERBATIM] POLL: checking deploy state=1 canopy=true
[DIAG] _physics_process: ENTER, state=1
[DIAG] _physics_process: camera target set to character (state: 1)
[DIAG] _physics_process: ENTER, state=1
[DIAG] _physics_process: camera target set to character (state: 1)
[DIAG] _poll_controls: ENTER, state=1
[VERBATIM] POLL: _poll_controls() entered, game_state=1
[VERBATIM] POLL: checking deploy state=1 canopy=true
[DIAG] _physics_process: ENTER, state=1
[DIAG] _physics_process: camera target set to character (state: 1)
[DIAG] _physics_process: ENTER, state=1
[DIAG] _physics_process: camera target set to character (state: 1)
[DIAG] _poll_controls: ENTER, state=1
[VERBATIM] POLL: _poll_controls() entered, game_state=1
[VERBATIM] POLL: checking deploy state=1 canopy=true
[DIAG] _physics_process: ENTER, state=1
[DIAG] _physics_process: camera target set to character (state: 1)
[DIAG] _physics_process: ENTER, state=1
[DIAG] _physics_process: camera target set to character (state: 1)
[DIAG] _poll_controls: ENTER, state=1
[VERBATIM] POLL: _poll_controls() entered, game_state=1
[VERBATIM] POLL: checking deploy state=1 canopy=true
[DIAG] _physics_process: ENTER, state=1
[DIAG] _physics_process: camera target set to character (state: 1)
[DIAG] _physics_process: ENTER, state=1
[DIAG] _physics_process: camera target set to character (state: 1)
[DIAG] _poll_controls: ENTER, state=1
[VERBATIM] POLL: _poll_controls() entered, game_state=1
[VERBATIM] POLL: checking deploy state=1 canopy=true
[DIAG] _physics_process: ENTER, state=1
[DIAG] _physics_process: camera target set to character (state: 1)
[DIAG] _physics_process: ENTER, state=1
[DIAG] _physics_process: camera target set to character (state: 1)
[DIAG] _poll_controls: ENTER, state=1
[VERBATIM] POLL: _poll_controls() entered, game_state=1
[VERBATIM] POLL: checking deploy state=1 canopy=true
[DIAG] _physics_process: ENTER, state=1
[DIAG] _physics_process: camera target set to character (state: 1)
[DIAG] _physics_process: ENTER, state=1
[DIAG] _physics_process: camera target set to character (state: 1)
[DIAG] _poll_controls: ENTER, state=1
[VERBATIM] POLL: _poll_controls() entered, game_state=1
[VERBATIM] POLL: checking deploy state=1 canopy=true
[DIAG] _physics_process: ENTER, state=1
[DIAG] _physics_process: camera target set to character (state: 1)
[DIAG] _physics_process: ENTER, state=1
[DIAG] _physics_process: camera target set to character (state: 1)
[DIAG] _poll_controls: ENTER, state=1
[VERBATIM] POLL: _poll_controls() entered, game_state=1
[VERBATIM] POLL: checking deploy state=1 canopy=true
[DIAG] _physics_process: ENTER, state=1
[DIAG] _physics_process: camera target set to character (state: 1)
[DIAG] _physics_process: ENTER, state=1
[DIAG] _physics_process: camera target set to character (state: 1)
[DIAG] _poll_controls: ENTER, state=1
[VERBATIM] POLL: _poll_controls() entered, game_state=1
[VERBATIM] POLL: checking deploy state=1 canopy=true
[DIAG] _physics_process: ENTER, state=1
[DIAG] _physics_process: camera target set to character (state: 1)
[DIAG] _physics_process: ENTER, state=1
[DIAG] _physics_process: camera target set to character (state: 1)
[DIAG] _poll_controls: ENTER, state=1
[VERBATIM] POLL: _poll_controls() entered, game_state=1
[VERBATIM] POLL: checking deploy state=1 canopy=true
[DIAG] _physics_process: ENTER, state=1
[DIAG] _physics_process: camera target set to character (state: 1)
[DIAG] _physics_process: ENTER, state=1
[DIAG] _physics_process: camera target set to character (state: 1)
[DIAG] _poll_controls: ENTER, state=1
[VERBATIM] POLL: _poll_controls() entered, game_state=1
[VERBATIM] POLL: checking deploy state=1 canopy=true
[DIAG] _physics_process: ENTER, state=1
[DIAG] _physics_process: camera target set to character (state: 1)
[DIAG] _physics_process: ENTER, state=1
[DIAG] _physics_process: camera target set to character (state: 1)
[DIAG] _poll_controls: ENTER, state=1
[VERBATIM] POLL: _poll_controls() entered, game_state=1
[VERBATIM] POLL: checking deploy state=1 canopy=true
[DIAG] _physics_process: ENTER, state=1
[DIAG] _physics_process: camera target set to character (state: 1)
[DIAG] _poll_controls: ENTER, state=1
[VERBATIM] POLL: _poll_controls() entered, game_state=1
[VERBATIM] POLL: checking deploy state=1 canopy=true
[DIAG] _physics_process: ENTER, state=1
[DIAG] _physics_process: camera target set to character (state: 1)
[DIAG] _physics_process: ENTER, state=1
[DIAG] _physics_process: camera target set to character (state: 1)
[DIAG] _poll_controls: ENTER, state=1
[VERBATIM] POLL: _poll_controls() entered, game_state=1
[VERBATIM] POLL: checking deploy state=1 canopy=true
[DIAG] _physics_process: ENTER, state=1
[DIAG] _physics_process: camera target set to character (state: 1)
[GLIDE],8.23333333333332,0.0,0.0,0.0,0.0,11.0,0.0,0.0,4.23076923076923,2.6,699.901794433594,448.241058349609,74.0
[DIAG] _physics_process: ENTER, state=1
[DIAG] _physics_process: camera target set to character (state: 1)
[DIAG] _poll_controls: ENTER, state=1
[VERBATIM] POLL: _poll_controls() entered, game_state=1
[VERBATIM] POLL: checking deploy state=1 canopy=true
[DIAG] _physics_process: ENTER, state=1
[DIAG] _physics_process: camera target set to character (state: 1)
[DIAG] _physics_process: ENTER, state=1
[DIAG] _physics_process: camera target set to character (state: 1)
[DIAG] _poll_controls: ENTER, state=1
[VERBATIM] POLL: _poll_controls() entered, game_state=1
[VERBATIM] POLL: checking deploy state=1 canopy=true
[DIAG] _physics_process: ENTER, state=1
[DIAG] _physics_process: camera target set to character (state: 1)
[DIAG] _physics_process: ENTER, state=1
[DIAG] _physics_process: camera target set to character (state: 1)
[DIAG] _poll_controls: ENTER, state=1
[VERBATIM] POLL: _poll_controls() entered, game_state=1
[VERBATIM] POLL: checking deploy state=1 canopy=true
[DIAG] _physics_process: ENTER, state=1
[DIAG] _physics_process: camera target set to character (state: 1)
[DIAG] _physics_process: ENTER, state=1
[DIAG] _physics_process: camera target set to character (state: 1)
[DIAG] _poll_controls: ENTER, state=1
[VERBATIM] POLL: _poll_controls() entered, game_state=1
[VERBATIM] POLL: checking deploy state=1 canopy=true
[DIAG] _physics_process: ENTER, state=1
[DIAG] _physics_process: camera target set to character (state: 1)
[DIAG] _physics_process: ENTER, state=1
[DIAG] _physics_process: camera target set to character (state: 1)
[DIAG] _poll_controls: ENTER, state=1
[VERBATIM] POLL: _poll_controls() entered, game_state=1
[VERBATIM] POLL: checking deploy state=1 canopy=true
[DIAG] _physics_process: ENTER, state=1
[DIAG] _physics_process: camera target set to character (state: 1)
[DIAG] _physics_process: ENTER, state=1
[DIAG] _physics_process: camera target set to character (state: 1)
[DIAG] _poll_controls: ENTER, state=1
[VERBATIM] POLL: _poll_controls() entered, game_state=1
[VERBATIM] POLL: checking deploy state=1 canopy=true
[DIAG] _physics_process: ENTER, state=1
[DIAG] _physics_process: camera target set to character (state: 1)
[DIAG] _physics_process: ENTER, state=1
[DIAG] _physics_process: camera target set to character (state: 1)
[DIAG] _poll_controls: ENTER, state=1
[VERBATIM] POLL: _poll_controls() entered, game_state=1
[VERBATIM] POLL: checking deploy state=1 canopy=true
[DIAG] _physics_process: ENTER, state=1
[DIAG] _physics_process: camera target set to character (state: 1)
[DIAG] _physics_process: ENTER, state=1
[DIAG] _physics_process: camera target set to character (state: 1)
[DIAG] _poll_controls: ENTER, state=1
[VERBATIM] POLL: _poll_controls() entered, game_state=1
[VERBATIM] POLL: checking deploy state=1 canopy=true
[DIAG] _physics_process: ENTER, state=1
[DIAG] _physics_process: camera target set to character (state: 1)
[DIAG] _physics_process: ENTER, state=1
[DIAG] _physics_process: camera target set to character (state: 1)
[DIAG] _poll_controls: ENTER, state=1
[VERBATIM] POLL: _poll_controls() entered, game_state=1
[VERBATIM] POLL: checking deploy state=1 canopy=true
[DIAG] _physics_process: ENTER, state=1
[DIAG] _physics_process: camera target set to character (state: 1)
[DIAG] _physics_process: ENTER, state=1
[DIAG] _physics_process: camera target set to character (state: 1)
[DIAG] _poll_controls: ENTER, state=1
[VERBATIM] POLL: _poll_controls() entered, game_state=1
[VERBATIM] POLL: checking deploy state=1 canopy=true
[DIAG] _physics_process: ENTER, state=1
[DIAG] _physics_process: camera target set to character (state: 1)
[DIAG] _physics_process: ENTER, state=1
[DIAG] _physics_process: camera target set to character (state: 1)
[DIAG] _poll_controls: ENTER, state=1
[VERBATIM] POLL: _poll_controls() entered, game_state=1
[VERBATIM] POLL: checking deploy state=1 canopy=true
[DIAG] _physics_process: ENTER, state=1
[DIAG] _physics_process: camera target set to character (state: 1)
[DIAG] _poll_controls: ENTER, state=1
[VERBATIM] POLL: _poll_controls() entered, game_state=1
[VERBATIM] POLL: checking deploy state=1 canopy=true
[AUDIT] _exit_tree: ENTER
[AUDIT] _save_position: ENTER
[VERBATIM] DatabaseGuard: _exit_tree called
[VERBATIM] DB CLOSED
