[GLIDE],46.083333333332,0.10732759006237,0.1247365103855,0.11603205022394,0.01740892032313,10.0810261622264,-1.10049214387156,63.9763166783078,3.91031837018469,2.57805764336019,454.242645263672,279.679992675781,0.0
[VERBATIM] FAILURE SCREENSHOT: ground impact (physics_process)
[VERBATIM] Ground impact – fatal
[DIAG] _poll_controls: ENTER, state=5
[VERBATIM] POLL: _poll_controls() entered, game_state=5
[DIAG] _poll_controls: EXIT (LANDED/GAME_OVER)
[ARMTEL],71.1166666666639,L,false,0.01666666666667,0.0,0.85862072049899,-1.46074992683871,0.60212920633972,-0.40732163518159,0.10053889614268,9.55119634673741,-2.0,20.0000085715136,0.0
[ARMTEL],71.1166666666639,R,false,0.01666666666667,0.0,0.99789208308399,-1.60748444819697,0.60959236511298,-0.44912139816154,0.11725115374947,11.1388610210462,-2.0,20.0000085715136,0.0
[DIAG] _physics_process: ENTER, state=5
[DIAG] _physics_process: camera target set to character (state: 5)
[GLIDE],46.0999999999987,0.10053889614268,0.11725115374947,0.10889502494608,0.01671225760679,10.1375514024271,-1.05920380574704,63.9586632815453,3.92798814330722,2.58085081537227,454.394439697266,279.754180908203,0.0
[VERBATIM] FAILURE SCREENSHOT: ground impact (physics_process)
[VERBATIM] Ground impact – fatal
[ARMTEL],71.1333333333306,L,false,0.01666666666667,0.0,0.80431116914145,-1.42562572313556,0.62131455399411,-0.39696639261502,0.0939227895991,8.92266614526172,-2.0,20.0000085715136,0.0
[ARMTEL],71.1333333333306,R,false,0.01666666666667,0.0,0.93800922999579,-1.57192489356538,0.63391566356959,-0.43855613710204,0.10994188479777,10.4444803824351,-2.0,20.0000085715136,0.0
[DIAG] _physics_process: ENTER, state=5
[DIAG] _physics_process: camera target set to character (state: 5)
[GLIDE],46.1166666666653,0.0939227895991,0.10994188479777,0.10193233719843,0.01601909519868,10.1926958893884,-1.01784415595408,63.9416992122794,3.94550115548668,2.58337166502011,454.547058105469,279.828796386719,0.0
[VERBATIM] FAILURE SCREENSHOT: ground impact (physics_process)
[VERBATIM] Ground impact – fatal
[DIAG] _poll_controls: ENTER, state=5
[VERBATIM] POLL: _poll_controls() entered, game_state=5
[DIAG] _poll_controls: EXIT (LANDED/GAME_OVER)
[ARMTEL],71.1499999999972,L,false,0.01666666666667,0.0,0.75138231679278,-1.38938237415257,0.63800005735979,-0.38633305832569,0.08748390529367,8.31097205854932,-2.0,20.0000085715136,0.0
[ARMTEL],71.1499999999972,R,false,0.01666666666667,0.0,0.87953507838218,-1.53494647985716,0.65541140147497,-0.42763261374413,0.1028146745687,9.76739532467097,-2.0,20.0000085715136,0.0
[DIAG] _physics_process: ENTER, state=5
[DIAG] _physics_process: camera target set to character (state: 5)
[GLIDE],46.133333333332,0.08748390529367,0.1028146745687,0.09514928993119,0.01533076927504,10.246417623745,-0.97650647538518,63.9254241043564,3.96281988154914,2.58563798759874,454.700439453125,279.903869628906,0.0
[VERBATIM] FAILURE SCREENSHOT: ground impact (physics_process)
[VERBATIM] Ground impact – fatal
[ARMTEL],71.1666666666639,L,false,0.01666666666667,0.0,0.69987124234935,-1.35216570413991,0.65229446179056,-0.37546148396251,0.08122621389429,7.71649130009836,-2.0,20.0000085715136,0.0
[ARMTEL],71.1666666666639,R,false,0.01666666666667,0.0,0.82251739654963,-1.49671414810445,0.67419675155482,-0.41639600121821,0.09587474121507,9.10810157233268,-2.0,20.0000085715136,0.0
[DIAG] _physics_process: ENTER, state=5
[DIAG] _physics_process: camera target set to character (state: 5)
[GLIDE],46.1499999999987,0.08122621389429,0.09587474121507,0.08855047755468,0.01464852732077,10.2986802177669,-0.93527968600317,63.9098361095896,3.97990896337369,2.58766728398655,454.854583740234,279.979370117188,0.0
[VERBATIM] FAILURE SCREENSHOT: ground impact (physics_process)
[VERBATIM] Ground impact – fatal
[DIAG] _poll_controls: ENTER, state=5
[VERBATIM] POLL: _poll_controls() entered, game_state=5
[DIAG] _poll_controls: EXIT (LANDED/GAME_OVER)
[ARMTEL],71.1833333333306,L,false,0.01666666666667,0.0,0.64980971115435,-1.3141151938688,0.66430548271445,-0.36438972591727,0.07515305179567,7.13954082744572,-2.0,20.0000085715136,0.0
[ARMTEL],71.1833333333306,R,false,0.01666666666667,0.0,0.76699792972054,-1.45738600426375,0.69038807454321,-0.40488953330916,0.08912658232658,8.46702639649782,-2.0,20.0000085715136,0.0
[DIAG] _physics_process: ENTER, state=5
[DIAG] _physics_process: camera target set to character (state: 5)
[GLIDE],46.1666666666653,0.07515305179567,0.08912658232658,0.08213981706113,0.01397353053091,10.3494526488759,-0.89424831091349,63.8949319710744,3.99673528130137,2.58947664042088,455.009490966797,280.055267333984,0.0
[VERBATIM] FAILURE SCREENSHOT: ground impact (physics_process)
[VERBATIM] Ground impact – fatal
[ARMTEL],71.1999999999972,L,false,0.01666666666667,0.0,0.60122441436538,-1.27536404071045,0.67413962634507,-0.35315406547819,0.06926715070437,6.58038015274793,-2.0,20.0000085715136,0.0
[ARMTEL],71.1999999999972,R,false,0.01666666666667,0.0,0.71301265861265,-1.41711336658206,0.70410070796942,-0.39315452150967,0.08257400696809,7.84453165837223,-2.0,20.0000085715136,0.0
[DIAG] _physics_process: ENTER, state=5
[DIAG] _physics_process: camera target set to character (state: 5)
[GLIDE],46.183333333332,0.06926715070437,0.08257400696809,0.07592057883623,0.01330685626372,10.3987090156171,-0.85349244755197,63.8807070969486,4.0132680037711,2.5910826303765,455.165100097656,280.131561279297,0.0
[VERBATIM] FAILURE SCREENSHOT: ground impact (physics_process)
[VERBATIM] Ground impact – fatal
[DIAG] _poll_controls: ENTER, state=5
[VERBATIM] POLL: _poll_controls() entered, game_state=5
[DIAG] _poll_controls: EXIT (LANDED/GAME_OVER)
[ARMTEL],71.2166666666639,L,false,0.01666666666667,0.0,0.55413720563495,-1.23603922917366,0.6819020235387,-0.34178903175254,0.06357066684183,6.03921411706807,-2.0,20.0000085715136,0.0
[ARMTEL],71.2166666666639,R,false,0.01666666666667,0.0,0.66059205574469,-1.37604082528385,0.71544876953916,-0.38123037535068,0.07622016737891,7.2409168207298,-2.0,20.0000085715136,0.0
[DIAG] _physics_process: ENTER, state=5
[DIAG] _physics_process: camera target set to character (state: 5)
[GLIDE],46.1999999999987,0.06357066684183,0.07622016737891,0.06989541711037,0.01264950053708,10.4464282964859,-0.81308775405136,63.867155634381,4.02947861704707,2.59250123633647,455.321411132812,280.208251953125,0.0
[VERBATIM] FAILURE SCREENSHOT: ground impact (physics_process)
[VERBATIM] Ground impact – fatal
[ARMTEL],71.2333333333306,L,false,0.01666666666667,0.0,0.50856533473462,-1.1962616111339,0.68769627639929,-0.33032742714589,0.05806520972273,5.5161956243205,-2.0,20.0000085715136,0.0
[ARMTEL],71.2333333333306,R,false,0.01666666666667,0.0,0.60976133903127,-1.3343063137274,0.72454497469613,-0.36915462577242,0.0700675902827,6.65642192234823,-2.0,20.0000085715136,0.0
[DIAG] _physics_process: ENTER, state=5
[DIAG] _physics_process: camera target set to character (state: 5)
[GLIDE],46.2166666666653,0.05806520972273,0.0700675902827,0.06406640000272,0.01200238055997,10.4925941119785,-0.77310544871058,63.8542705435692,4.04534093688204,2.59374778929405,455.478393554688,280.285308837891,0.0
[VERBATIM] FAILURE SCREENSHOT: ground impact (physics_process)
[VERBATIM] Ground impact – fatal
[DIAG] _poll_controls: ENTER, state=5
[VERBATIM] POLL: _poll_controls() entered, game_state=5
[DIAG] _poll_controls: EXIT (LANDED/GAME_OVER)
[ARMTEL],71.2499999999972,L,false,0.01666666666667,0.0,0.46452167778183,-1.15614599501061,0.69162431722878,-0.31880035519208,0.05275187046953,5.01142833115138,-2.0,20.0000085715136,0.0
[ARMTEL],71.2499999999972,R,false,0.01666666666667,0.0,0.56054072226161,-1.29204119020346,0.73150046794184,-0.35696295130672,0.06411820776092,6.09123051098925,-2.0,20.0000085715136,0.0
[DIAG] _physics_process: ENTER, state=5
[DIAG] _physics_process: camera target set to character (state: 5)
[GLIDE],46.233333333332,0.05275187046953,0.06411820776092,0.05843503911523,0.0113663372914,10.5371944902074,-0.733612322367,63.8420436715297,4.06083110391702,2.59483692391032,455.636016845703,280.362731933594,0.0
[VERBATIM] FAILURE SCREENSHOT: ground impact (physics_process)
[VERBATIM] Ground impact – fatal
[ARMTEL],71.2666666666639,L,false,0.01666666666667,0.0,0.42201496375622,-1.11580124317226,0.69378627941604,-0.30723725053514,0.04763124962728,4.5249692893479,-2.0,20.0000085715136,0.0
[ARMTEL],71.2666666666639,R,false,0.01666666666667,0.0,0.51294566208738,-1.24937032957352,0.73642466748613,-0.34468920684862,0.05837338764678,5.54547253082401,-2.0,20.0000085715136,0.0
[DIAG] _physics_process: ENTER, state=5
[DIAG] _physics_process: camera target set to character (state: 5)
[GLIDE],46.2499999999987,0.04763124962728,0.05837338764678,0.05300231863703,0.0107421380195,10.5802216363947,-0.69467076336222,63.8304658254737,4.07592756455426,2.59578254736521,455.794281005859,280.440490722656,0.0
[VERBATIM] FAILURE SCREENSHOT: ground impact (physics_process)
[VERBATIM] Ground impact – fatal
[DIAG] _poll_controls: ENTER, state=5
[VERBATIM] POLL: _poll_controls() entered, game_state=5
[DIAG] _poll_controls: EXIT (LANDED/GAME_OVER)
[ARMTEL],71.2833333333306,L,false,0.01666666666667,0.0,0.3810499970182,-1.07533037687299,0.69428037985479,-0.29566591087089,0.04270348444609,4.05683153767329,-2.0,20.0000085715136,0.0
[ARMTEL],71.2833333333306,R,false,0.01666666666667,0.0,0.46698710117423,-1.20641222397016,0.73942512279592,-0.33236545480202,0.05283396340008,5.01922716054436,-2.0,20.0000085715136,0.0
[DIAG] _physics_process: ENTER, state=5
[DIAG] _physics_process: camera target set to character (state: 5)
[GLIDE],46.2666666666653,0.04270348444609,0.05283396340008,0.04776872392309,0.01013047895399,10.6216717065292,-0.6563387946955,63.8195268455621,4.09061103896325,2.59659782007071,455.953155517578,280.518585205078,0.0
[VERBATIM] FAILURE SCREENSHOT: ground impact (physics_process)
[VERBATIM] Ground impact – fatal
[ARMTEL],71.2999999999972,L,false,0.01666666666667,0.0,0.34162787556875,-1.03483068804813,0.69320281247938,-0.28411253066291,0.03796827560171,3.60698664031821,-2.0,20.0000085715136,0.0
[ARMTEL],71.2999999999972,R,false,0.01666666666667,0.0,0.42267170720063,-1.16327909180706,0.74060738460643,-0.32002199839191,0.04750026342688,4.51252559872981,-2.0,20.0000085715136,0.0
[DIAG] _physics_process: ENTER, state=5
[DIAG] _physics_process: camera target set to character (state: 5)
[GLIDE],46.283333333332,0.03796827560171,0.04750026342688,0.0427342695143,0.00953198782517,10.6615445854468,-0.61867012287639,63.8092156768475,4.10486447779179,2.59729514655795,456.112609863281,280.597015380859,0.0
[VERBATIM] FAILURE SCREENSHOT: ground impact (physics_process)
[VERBATIM] Ground impact – fatal
[DIAG] _poll_controls: ENTER, state=5
[VERBATIM] POLL: _poll_controls() entered, game_state=5
[DIAG] _poll_controls: EXIT (LANDED/GAME_OVER)
[ARMTEL],71.3166666666639,L,false,0.01666666666667,0.0,0.3037462048137,-0.99439385732017,0.69064765250647,-0.27260173645446,0.03342491332747,3.17536716944147,-2.0,20.0000085715136,0.0
[ARMTEL],71.3166666666639,R,false,0.01666666666667,0.0,0.38000210741504,-1.12007699437169,0.74007488695664,-0.30768741694263,0.04237213981117,4.02535379335727,-2.0,20.0000085715136,0.0
[DIAG] _physics_process: ENTER, state=5
[DIAG] _physics_process: camera target set to character (state: 5)
[GLIDE],46.2999999999987,0.03342491332747,0.04237213981117,0.03789852656932,0.0089472264837,10.699843669571,-0.58171419791741,63.7995204402156,4.11867300905951,2.59788617499749,456.272613525391,280.675750732422,0.0
[VERBATIM] FAILURE SCREENSHOT: ground impact (physics_process)
[VERBATIM] Ground impact – fatal
[ARMTEL],71.3333333333306,L,false,0.01666666666667,0.0,0.26739930661977,-0.95410607759062,0.68670677097086,-0.26115662360495,0.02907230293405,2.76186912954488,-2.0,20.0000085715136,0.0
[ARMTEL],71.3333333333306,R,false,0.01666666666667,0.0,0.33897711848936,-1.07690595929922,0.73792884080986,-0.29538860292914,0.03744899642902,3.55765511264622,-2.0,20.0000085715136,0.0
[DIAG] _physics_process: ENTER, state=5
[DIAG] _physics_process: camera target set to character (state: 5)
[GLIDE],46.3166666666653,0.02907230293405,0.03744899642902,0.03326064968154,0.00837669349496,10.7365756545222,-0.5455162838489,63.7904285021514,4.13202387661296,2.59838180396069,456.433166503906,280.754791259766,0.0
[VERBATIM] FAILURE SCREENSHOT: ground impact (physics_process)
[VERBATIM] Ground impact – fatal
[DIAG] _poll_controls: ENTER, state=5
[VERBATIM] POLL: _poll_controls() entered, game_state=5
[DIAG] _poll_controls: EXIT (LANDED/GAME_OVER)
[ARMTEL],71.3499999999972,L,false,0.01666666666667,0.0,0.23257842347244,-0.91404818261732,0.68146975914488,-0.24979879428587,0.02490898969596,2.36635432168773,-2.0,20.0000085715136,0.0
[ARMTEL],71.3499999999972,R,false,0.01666666666667,0.0,0.29959197143214,-1.03386011025197,0.73426813881983,-0.28315080061547,0.03272981641876,3.10933295472632,-2.0,20.0000085715136,0.0
[DIAG] _physics_process: ENTER, state=5
[DIAG] _physics_process: camera target set to character (state: 5)
[GLIDE],46.333333333332,0.02490898969596,0.03272981641876,0.02881940305736,0.0078208267228,10.7717503277857,-0.51011753909064,63.7819265431666,4.14490637142184,2.59879219517585,456.59423828125,280.834106445312,0.0
[VERBATIM] FAILURE SCREENSHOT: ground impact (physics_process)
[VERBATIM] Ground impact – fatal
[ARMTEL],71.3666666666639,L,false,0.01666666666667,0.0,0.19927191756766,-0.87429578000054,0.67502386243288,-0.23854839657865,0.02093318308631,1.98865264579626,-2.0,20.0000085715136,0.0
[ARMTEL],71.3666666666639,R,false,0.01666666666667,0.0,0.26183853135008,-0.99102780215415,0.72918927080407,-0.27099764610207,0.02821318898373,2.6802532938968,-2.0,20.0000085715136,0.0
[DIAG] _physics_process: ENTER, state=5
[DIAG] _physics_process: camera target set to character (state: 5)
[GLIDE],46.3499999999987,0.02093318308631,0.02821318898373,0.02457318603502,0.00728000589741,10.8053803666026,-0.47555510597732,63.7740006247336,4.15731175689624,2.59912679117183,456.755798339844,280.913696289062,0.0
[VERBATIM] FAILURE SCREENSHOT: ground impact (physics_process)
[VERBATIM] Ground impact – fatal
[DIAG] _poll_controls: ENTER, state=5
[VERBATIM] POLL: _poll_controls() entered, game_state=5
[DIAG] _poll_controls: EXIT (LANDED/GAME_OVER)
[ARMTEL],71.3833333333306,L,false,0.01666666666667,0.0,0.1674654646905,-0.83491938802529,0.66745392333478,-0.22742416452307,0.01714278034426,1.62856433956336,-2.0,20.0000085715136,0.0
[ARMTEL],71.3833333333306,R,false,0.01666666666667,0.0,0.2257055118698,-0.94849176135725,0.72278624948744,-0.25895120861061,0.02389733550688,2.27024716151813,-2.0,20.0000085715136,0.0
[DIAG] _physics_process: ENTER, state=5
[DIAG] _physics_process: camera target set to character (state: 5)
[GLIDE],46.3666666666653,0.01714278034426,0.02389733550688,0.02052005792557,0.00675455516262,10.8374811412295,-0.44186220870724,63.7666362545885,4.16923318930802,2.59939433683445,456.917816162109,280.993530273438,0.0
[VERBATIM] FAILURE SCREENSHOT: ground impact (physics_process)
[VERBATIM] Ground impact – fatal
[ARMTEL],71.3999999999972,L,false,0.01666666666667,0.0,0.13714224275409,-0.79598457583076,0.65884233307666,-0.2164434589718,0.0135353893614,1.28586215266169,-2.0,20.0000085715136,0.0
[ARMTEL],71.3999999999972,R,false,0.01666666666667,0.0,0.19117868405505,-0.90632923013715,0.71515054608209,-0.24703203284258,0.01978013495951,1.87911305983594,-2.0,20.0000085715136,0.0
[DIAG] _physics_process: ENTER, state=5
[DIAG] _physics_process: camera target set to character (state: 5)
[GLIDE],46.383333333332,0.0135353893614,0.01978013495951,0.01665776216045,0.00624474559811,10.8680705236892,-0.40906825896473,63.7598184502724,4.18066563430524,2.59960290402304,457.080291748047,281.073608398438,0.0
[VERBATIM] FAILURE SCREENSHOT: ground impact (physics_process)
[VERBATIM] Ground impact – fatal
[DIAG] _poll_controls: ENTER, state=5
[VERBATIM] POLL: _poll_controls() entered, game_state=5
[DIAG] _poll_controls: EXIT (LANDED/GAME_OVER)
[ARMTEL],71.4166666666639,L,false,0.01666666666667,0.0,0.10828311489119,-0.75755210640129,0.6492689915101,-0.20562230911329,0.01010835087618,0.96029345521225,-2.0,20.0000085715136,0.0
[ARMTEL],71.4166666666639,R,false,0.01666666666667,0.0,0.15824107967604,-0.86461211494902,0.70637103527298,-0.2352591822547,0.01585914858859,1.50661930728559,-2.0,20.0000085715136,0.0
[DIAG] _physics_process: ENTER, state=5
[DIAG] _physics_process: camera target set to character (state: 5)
[GLIDE],46.3999999999986,0.01010835087618,0.01585914858859,0.01298374973239,0.00575079771242,10.8971687021195,-0.3771989684558,63.7535318007981,4.19160578041862,2.59975991850817,457.243194580078,281.153930664062,0.0
[VERBATIM] FAILURE SCREENSHOT: ground impact (physics_process)
[VERBATIM] Ground impact – fatal
[ARMTEL],71.4333333333306,L,false,0.01666666666667,0.0,0.08086680700942,-0.71967808189653,0.63881127488712,-0.19497545453184,0.00685875996731,0.651582279658,-2.0,20.0000085715136,0.0
[ARMTEL],71.4333333333306,R,false,0.01666666666667,0.0,0.12687318870875,-0.82340713789143,0.69653394918268,-0.22365028310165,0.01213164387023,1.15250631406225,-2.0,20.0000085715136,0.0
[DIAG] _physics_process: ENTER, state=5
[DIAG] _physics_process: camera target set to character (state: 5)
[GLIDE],46.4166666666653,0.00685875996731,0.01213164387023,0.00949520191877,0.00527288390292,10.9247980008033,-0.34627646759303,63.7477605263383,4.20205195037395,2.59987218859374,457.406494140625,281.234466552734,0.0
[VERBATIM] FAILURE SCREENSHOT: ground impact (physics_process)
[VERBATIM] Ground impact – fatal
[DIAG] _poll_controls: ENTER, state=5
[VERBATIM] POLL: _poll_controls() entered, game_state=5
[DIAG] _poll_controls: EXIT (LANDED/GAME_OVER)
[ARMTEL],71.4499999999972,L,false,0.01666666666667,0.0,0.0548700797385,-0.68241409086145,0.62754401112295,-0.18451638767979,0.00378348683932,0.35943129538963,-2.0,20.0000085715136,0.0
[ARMTEL],71.4499999999972,R,false,0.01666666666667,0.0,0.09705315096186,-0.78277599085578,0.68572283989391,-0.21222156910342,0.00859461771851,0.81648878696792,-2.0,20.0000085715136,0.0
[DIAG] _physics_process: ENTER, state=5
[DIAG] _physics_process: camera target set to character (state: 5)
[GLIDE],46.433333333332,0.00378348683932,0.00859461771851,0.00618905227891,0.00481113087919,10.950982705951,-0.31631942956892,63.7424885358454,4.21200401094392,2.59994593487979,457.570190429688,281.315216064453,0.0
[VERBATIM] FAILURE SCREENSHOT: ground impact (physics_process)
[VERBATIM] Ground impact – fatal
[ARMTEL],71.4666666666639,L,false,0.01666666666667,0.0,0.03026789471453,-0.64580735687928,0.61553946216475,-0.17425739664371,0.00087919689525,0.08352371565826,-2.0,20.0000085715136,0.0
[ARMTEL],71.4666666666639,R,false,0.01666666666667,0.0,0.06875694174807,-0.74277549186196,0.67401855011389,-0.20098792660152,0.00524481894182,0.49825786276083,-2.0,20.0000085715136,0.0
[DIAG] _physics_process: ENTER, state=5
[DIAG] _physics_process: camera target set to character (state: 5)
[GLIDE],46.4499999999986,0.00087919689525,0.00524481894182,0.00306200791854,0.00436562204656,10.9757488972852,-0.28734319906592,63.7376994825277,4.22146328199806,2.59998682070504,457.734222412109,281.396148681641,0.0
[VERBATIM] FAILURE SCREENSHOT: ground impact (physics_process)
[VERBATIM] Ground impact – fatal
[DIAG] _poll_controls: ENTER, state=5
[VERBATIM] POLL: _poll_controls() entered, game_state=5
[DIAG] _poll_controls: EXIT (LANDED/GAME_OVER)
[ARMTEL],71.4833333333306,R,false,0.01666666666667,0.0,0.04195855153454,-0.70345774310532,0.66149919157078,-0.18996294007534,0.00207876994056,0.19748316943746,-2.0,20.0000085715136,0.0
[DIAG] _physics_process: ENTER, state=5
[DIAG] _physics_process: camera target set to character (state: 5)
[GLIDE],46.4666666666653,0.0,0.00207876994056,0.00103938497028,0.00207876994056,10.9917680710354,-0.13692062803718,63.7354174720604,4.22760556685921,2.59999848547873,457.898498535156,281.477203369141,0.0
[VERBATIM] FAILURE SCREENSHOT: ground impact (physics_process)
[VERBATIM] Ground impact – fatal
[DIAG] _physics_process: ENTER, state=5
[DIAG] _physics_process: camera target set to character (state: 5)
[VERBATIM] FAILURE SCREENSHOT: ground impact (physics_process)
[VERBATIM] Ground impact – fatal
[DIAG] _poll_controls: ENTER, state=5
[VERBATIM] POLL: _poll_controls() entered, game_state=5
[DIAG] _poll_controls: EXIT (LANDED/GAME_OVER)
[DIAG] _physics_process: ENTER, state=5
[DIAG] _physics_process: camera target set to character (state: 5)
[VERBATIM] FAILURE SCREENSHOT: ground impact (physics_process)
[VERBATIM] Ground impact – fatal
[DIAG] _physics_process: ENTER, state=5
[DIAG] _physics_process: camera target set to character (state: 5)
[VERBATIM] FAILURE SCREENSHOT: ground impact (physics_process)
[VERBATIM] Ground impact – fatal
[DIAG] _poll_controls: ENTER, state=5
[VERBATIM] POLL: _poll_controls() entered, game_state=5
[DIAG] _poll_controls: EXIT (LANDED/GAME_OVER)
[DIAG] _physics_process: ENTER, state=5
[DIAG] _physics_process: camera target set to character (state: 5)
[VERBATIM] FAILURE SCREENSHOT: ground impact (physics_process)
[VERBATIM] Ground impact – fatal
[DIAG] _physics_process: ENTER, state=5
[DIAG] _physics_process: camera target set to character (state: 5)
[VERBATIM] FAILURE SCREENSHOT: ground impact (physics_process)
[VERBATIM] Ground impact – fatal
[DIAG] _poll_controls: ENTER, state=5
[VERBATIM] POLL: _poll_controls() entered, game_state=5
[DIAG] _poll_controls: EXIT (LANDED/GAME_OVER)
[DIAG] _physics_process: ENTER, state=5
[DIAG] _physics_process: camera target set to character (state: 5)
[VERBATIM] FAILURE SCREENSHOT: ground impact (physics_process)
[VERBATIM] Ground impact – fatal
[DIAG] _physics_process: ENTER, state=5
[DIAG] _physics_process: camera target set to character (state: 5)
[VERBATIM] FAILURE SCREENSHOT: ground impact (physics_process)
[VERBATIM] Ground impact – fatal
[DIAG] _poll_controls: ENTER, state=5
[VERBATIM] POLL: _poll_controls() entered, game_state=5
[DIAG] _poll_controls: EXIT (LANDED/GAME_OVER)
[DIAG] _physics_process: ENTER, state=5
[DIAG] _physics_process: camera target set to character (state: 5)
[VERBATIM] FAILURE SCREENSHOT: ground impact (physics_process)
[VERBATIM] Ground impact – fatal
[DIAG] _physics_process: ENTER, state=5
[DIAG] _physics_process: camera target set to character (state: 5)
[VERBATIM] FAILURE SCREENSHOT: ground impact (physics_process)
[VERBATIM] Ground impact – fatal
[DIAG] _poll_controls: ENTER, state=5
[VERBATIM] POLL: _poll_controls() entered, game_state=5
[DIAG] _poll_controls: EXIT (LANDED/GAME_OVER)
[DIAG] _physics_process: ENTER, state=5
[DIAG] _physics_process: camera target set to character (state: 5)
[VERBATIM] FAILURE SCREENSHOT: ground impact (physics_process)
[VERBATIM] Ground impact – fatal
[DIAG] _physics_process: ENTER, state=5
[DIAG] _physics_process: camera target set to character (state: 5)
[VERBATIM] FAILURE SCREENSHOT: ground impact (physics_process)
[VERBATIM] Ground impact – fatal
[DIAG] _poll_controls: ENTER, state=5
[VERBATIM] POLL: _poll_controls() entered, game_state=5
[DIAG] _poll_controls: EXIT (LANDED/GAME_OVER)
[DIAG] _physics_process: ENTER, state=5
[DIAG] _physics_process: camera target set to character (state: 5)
[VERBATIM] FAILURE SCREENSHOT: ground impact (physics_process)
[VERBATIM] Ground impact – fatal
[DIAG] _physics_process: ENTER, state=5
[DIAG] _physics_process: camera target set to character (state: 5)
[VERBATIM] FAILURE SCREENSHOT: ground impact (physics_process)
[VERBATIM] Ground impact – fatal
[DIAG] _poll_controls: ENTER, state=5
[VERBATIM] POLL: _poll_controls() entered, game_state=5
[DIAG] _poll_controls: EXIT (LANDED/GAME_OVER)
[DIAG] _physics_process: ENTER, state=5
[DIAG] _physics_process: camera target set to character (state: 5)
[VERBATIM] FAILURE SCREENSHOT: ground impact (physics_process)
[VERBATIM] Ground impact – fatal
[DIAG] _physics_process: ENTER, state=5
[DIAG] _physics_process: camera target set to character (state: 5)
[VERBATIM] FAILURE SCREENSHOT: ground impact (physics_process)
[VERBATIM] Ground impact – fatal
[DIAG] _poll_controls: ENTER, state=5
[VERBATIM] POLL: _poll_controls() entered, game_state=5
[DIAG] _poll_controls: EXIT (LANDED/GAME_OVER)
[DIAG] _physics_process: ENTER, state=5
[DIAG] _physics_process: camera target set to character (state: 5)
[VERBATIM] FAILURE SCREENSHOT: ground impact (physics_process)
[VERBATIM] Ground impact – fatal
[DIAG] _physics_process: ENTER, state=5
[DIAG] _physics_process: camera target set to character (state: 5)
[VERBATIM] FAILURE SCREENSHOT: ground impact (physics_process)
[VERBATIM] Ground impact – fatal
[DIAG] _poll_controls: ENTER, state=5
[VERBATIM] POLL: _poll_controls() entered, game_state=5
[DIAG] _poll_controls: EXIT (LANDED/GAME_OVER)
[DIAG] _physics_process: ENTER, state=5
[DIAG] _physics_process: camera target set to character (state: 5)
[VERBATIM] FAILURE SCREENSHOT: ground impact (physics_process)
[VERBATIM] Ground impact – fatal
[DIAG] _physics_process: ENTER, state=5
[DIAG] _physics_process: camera target set to character (state: 5)
[VERBATIM] FAILURE SCREENSHOT: ground impact (physics_process)
[VERBATIM] Ground impact – fatal
[DIAG] _poll_controls: ENTER, state=5
[VERBATIM] POLL: _poll_controls() entered, game_state=5
[DIAG] _poll_controls: EXIT (LANDED/GAME_OVER)
[DIAG] _physics_process: ENTER, state=5
[DIAG] _physics_process: camera target set to character (state: 5)
[VERBATIM] FAILURE SCREENSHOT: ground impact (physics_process)
[VERBATIM] Ground impact – fatal
[DIAG] _physics_process: ENTER, state=5
[DIAG] _physics_process: camera target set to character (state: 5)
[VERBATIM] FAILURE SCREENSHOT: ground impact (physics_process)
[VERBATIM] Ground impact – fatal
[DIAG] _poll_controls: ENTER, state=5
[VERBATIM] POLL: _poll_controls() entered, game_state=5
[DIAG] _poll_controls: EXIT (LANDED/GAME_OVER)
[DIAG] _physics_process: ENTER, state=5
[DIAG] _physics_process: camera target set to character (state: 5)
[VERBATIM] FAILURE SCREENSHOT: ground impact (physics_process)
[VERBATIM] Ground impact – fatal
[DIAG] _physics_process: ENTER, state=5
[DIAG] _physics_process: camera target set to character (state: 5)
[VERBATIM] FAILURE SCREENSHOT: ground impact (physics_process)
[VERBATIM] Ground impact – fatal
[DIAG] _poll_controls: ENTER, state=5
[VERBATIM] POLL: _poll_controls() entered, game_state=5
[DIAG] _poll_controls: EXIT (LANDED/GAME_OVER)
[DIAG] _physics_process: ENTER, state=5
[DIAG] _physics_process: camera target set to character (state: 5)
[VERBATIM] FAILURE SCREENSHOT: ground impact (physics_process)
[VERBATIM] Ground impact – fatal
[DIAG] _physics_process: ENTER, state=5
[DIAG] _physics_process: camera target set to character (state: 5)
[VERBATIM] FAILURE SCREENSHOT: ground impact (physics_process)
[VERBATIM] Ground impact – fatal
[DIAG] _poll_controls: ENTER, state=5
[VERBATIM] POLL: _poll_controls() entered, game_state=5
[DIAG] _poll_controls: EXIT (LANDED/GAME_OVER)
[DIAG] _physics_process: ENTER, state=5
[DIAG] _physics_process: camera target set to character (state: 5)
[VERBATIM] FAILURE SCREENSHOT: ground impact (physics_process)
[VERBATIM] Ground impact – fatal
[DIAG] _physics_process: ENTER, state=5
[DIAG] _physics_process: camera target set to character (state: 5)
[VERBATIM] FAILURE SCREENSHOT: ground impact (physics_process)
[VERBATIM] Ground impact – fatal
[DIAG] _poll_controls: ENTER, state=5
[VERBATIM] POLL: _poll_controls() entered, game_state=5
[DIAG] _poll_controls: EXIT (LANDED/GAME_OVER)
[DIAG] _physics_process: ENTER, state=5
[DIAG] _physics_process: camera target set to character (state: 5)
[VERBATIM] FAILURE SCREENSHOT: ground impact (physics_process)
[VERBATIM] Ground impact – fatal
[DIAG] _physics_process: ENTER, state=5
[DIAG] _physics_process: camera target set to character (state: 5)
[VERBATIM] FAILURE SCREENSHOT: ground impact (physics_process)
[VERBATIM] Ground impact – fatal
[DIAG] _poll_controls: ENTER, state=5
[VERBATIM] POLL: _poll_controls() entered, game_state=5
[DIAG] _poll_controls: EXIT (LANDED/GAME_OVER)
[DIAG] _physics_process: ENTER, state=5
[DIAG] _physics_process: camera target set to character (state: 5)
[VERBATIM] FAILURE SCREENSHOT: ground impact (physics_process)
[VERBATIM] Ground impact – fatal
[DIAG] _physics_process: ENTER, state=5
[DIAG] _physics_process: camera target set to character (state: 5)
[GLIDE],46.9833333333319,0.0,0.0,0.0,0.0,11.0,0.0,63.7354174720604,4.23076923076923,2.6,462.994842529297,283.991790771484,0.0
[VERBATIM] FAILURE SCREENSHOT: ground impact (physics_process)
[VERBATIM] Ground impact – fatal
[DIAG] _poll_controls: ENTER, state=5
[VERBATIM] POLL: _poll_controls() entered, game_state=5
[DIAG] _poll_controls: EXIT (LANDED/GAME_OVER)
[VERBATIM] Wind updated: 12.5 kts @ 240.0°
[DIAG] _physics_process: ENTER, state=5
[DIAG] _physics_process: camera target set to character (state: 5)
[VERBATIM] FAILURE SCREENSHOT: ground impact (physics_process)
[VERBATIM] Ground impact – fatal
[DIAG] _physics_process: ENTER, state=5
[DIAG] _physics_process: camera target set to character (state: 5)
[VERBATIM] FAILURE SCREENSHOT: ground impact (physics_process)
[VERBATIM] Ground impact – fatal
[DIAG] _poll_controls: ENTER, state=5
[VERBATIM] POLL: _poll_controls() entered, game_state=5
[DIAG] _poll_controls: EXIT (LANDED/GAME_OVER)
[DIAG] _physics_process: ENTER, state=5
[DIAG] _physics_process: camera target set to character (state: 5)
[VERBATIM] FAILURE SCREENSHOT: ground impact (physics_process)
[VERBATIM] Ground impact – fatal
[DIAG] _physics_process: ENTER, state=5
[DIAG] _physics_process: camera target set to character (state: 5)
[VERBATIM] FAILURE SCREENSHOT: ground impact (physics_process)
[VERBATIM] Ground impact – fatal
[DIAG] _poll_controls: ENTER, state=5
[VERBATIM] POLL: _poll_controls() entered, game_state=5
[DIAG] _poll_controls: EXIT (LANDED/GAME_OVER)
[DIAG] _physics_process: ENTER, state=5
[DIAG] _physics_process: camera target set to character (state: 5)
[VERBATIM] FAILURE SCREENSHOT: ground impact (physics_process)
[VERBATIM] Ground impact – fatal
[DIAG] _physics_process: ENTER, state=5
[DIAG] _physics_process: camera target set to character (state: 5)
[VERBATIM] FAILURE SCREENSHOT: ground impact (physics_process)
[VERBATIM] Ground impact – fatal
[DIAG] _poll_controls: ENTER, state=5
[VERBATIM] POLL: _poll_controls() entered, game_state=5
[DIAG] _poll_controls: EXIT (LANDED/GAME_OVER)
[DIAG] _physics_process: ENTER, state=5
[DIAG] _physics_process: camera target set to character (state: 5)
[VERBATIM] FAILURE SCREENSHOT: ground impact (physics_process)
[VERBATIM] Ground impact – fatal
[DIAG] _physics_process: ENTER, state=5
[DIAG] _physics_process: camera target set to character (state: 5)
[VERBATIM] FAILURE SCREENSHOT: ground impact (physics_process)
[VERBATIM] Ground impact – fatal
[DIAG] _poll_controls: ENTER, state=5
[VERBATIM] POLL: _poll_controls() entered, game_state=5
[DIAG] _poll_controls: EXIT (LANDED/GAME_OVER)
[DIAG] _physics_process: ENTER, state=5
[DIAG] _physics_process: camera target set to character (state: 5)
[VERBATIM] FAILURE SCREENSHOT: ground impact (physics_process)
[VERBATIM] Ground impact – fatal
[DIAG] _physics_process: ENTER, state=5
[DIAG] _physics_process: camera target set to character (state: 5)
[VERBATIM] FAILURE SCREENSHOT: ground impact (physics_process)
[VERBATIM] Ground impact – fatal
[DIAG] _poll_controls: ENTER, state=5
[VERBATIM] POLL: _poll_controls() entered, game_state=5
[DIAG] _poll_controls: EXIT (LANDED/GAME_OVER)
[DIAG] _physics_process: ENTER, state=5
[DIAG] _physics_process: camera target set to character (state: 5)
[VERBATIM] FAILURE SCREENSHOT: ground impact (physics_process)
[VERBATIM] Ground impact – fatal
[DIAG] _physics_process: ENTER, state=5
[DIAG] _physics_process: camera target set to character (state: 5)
[VERBATIM] FAILURE SCREENSHOT: ground impact (physics_process)
[VERBATIM] Ground impact – fatal
[DIAG] _poll_controls: ENTER, state=5
[VERBATIM] POLL: _poll_controls() entered, game_state=5
[DIAG] _poll_controls: EXIT (LANDED/GAME_OVER)
[DIAG] _physics_process: ENTER, state=5
[DIAG] _physics_process: camera target set to character (state: 5)
[VERBATIM] FAILURE SCREENSHOT: ground impact (physics_process)
[VERBATIM] Ground impact – fatal
[DIAG] _physics_process: ENTER, state=5
[DIAG] _physics_process: camera target set to character (state: 5)
[VERBATIM] FAILURE SCREENSHOT: ground impact (physics_process)
[VERBATIM] Ground impact – fatal
[DIAG] _poll_controls: ENTER, state=5
[VERBATIM] POLL: _poll_controls() entered, game_state=5
[DIAG] _poll_controls: EXIT (LANDED/GAME_OVER)
[DIAG] _physics_process: ENTER, state=5
[DIAG] _physics_process: camera target set to character (state: 5)
[VERBATIM] FAILURE SCREENSHOT: ground impact (physics_process)
[VERBATIM] Ground impact – fatal
[DIAG] _physics_process: ENTER, state=5
[DIAG] _physics_process: camera target set to character (state: 5)
[VERBATIM] FAILURE SCREENSHOT: ground impact (physics_process)
[VERBATIM] Ground impact – fatal
[DIAG] _poll_controls: ENTER, state=5
[VERBATIM] POLL: _poll_controls() entered, game_state=5
[DIAG] _poll_controls: EXIT (LANDED/GAME_OVER)
[DIAG] _physics_process: ENTER, state=5
[DIAG] _physics_process: camera target set to character (state: 5)
[VERBATIM] FAILURE SCREENSHOT: ground impact (physics_process)
[VERBATIM] Ground impact – fatal
[DIAG] _physics_process: ENTER, state=5
[DIAG] _physics_process: camera target set to character (state: 5)
[VERBATIM] FAILURE SCREENSHOT: ground impact (physics_process)
[VERBATIM] Ground impact – fatal
[DIAG] _poll_controls: ENTER, state=5
[VERBATIM] POLL: _poll_controls() entered, game_state=5
[DIAG] _poll_controls: EXIT (LANDED/GAME_OVER)
[DIAG] _physics_process: ENTER, state=5
[DIAG] _physics_process: camera target set to character (state: 5)
[VERBATIM] FAILURE SCREENSHOT: ground impact (physics_process)
[VERBATIM] Ground impact – fatal
[DIAG] _physics_process: ENTER, state=5
[DIAG] _physics_process: camera target set to character (state: 5)
[VERBATIM] FAILURE SCREENSHOT: ground impact (physics_process)
[VERBATIM] Ground impact – fatal
[DIAG] _poll_controls: ENTER, state=5
[VERBATIM] POLL: _poll_controls() entered, game_state=5
[DIAG] _poll_controls: EXIT (LANDED/GAME_OVER)
[DIAG] _physics_process: ENTER, state=5
[DIAG] _physics_process: camera target set to character (state: 5)
[VERBATIM] FAILURE SCREENSHOT: ground impact (physics_process)
[VERBATIM] Ground impact – fatal
[DIAG] _physics_process: ENTER, state=5
[DIAG] _physics_process: camera target set to character (state: 5)
[VERBATIM] FAILURE SCREENSHOT: ground impact (physics_process)
[VERBATIM] Ground impact – fatal
[DIAG] _poll_controls: ENTER, state=5
[VERBATIM] POLL: _poll_controls() entered, game_state=5
[DIAG] _poll_controls: EXIT (LANDED/GAME_OVER)
[DIAG] _physics_process: ENTER, state=5
[DIAG] _physics_process: camera target set to character (state: 5)
[VERBATIM] FAILURE SCREENSHOT: ground impact (physics_process)
[VERBATIM] Ground impact – fatal
[DIAG] _physics_process: ENTER, state=5
[DIAG] _physics_process: camera target set to character (state: 5)
[VERBATIM] FAILURE SCREENSHOT: ground impact (physics_process)
[VERBATIM] Ground impact – fatal
[DIAG] _poll_controls: ENTER, state=5
[VERBATIM] POLL: _poll_controls() entered, game_state=5
[DIAG] _poll_controls: EXIT (LANDED/GAME_OVER)
[DIAG] _physics_process: ENTER, state=5
[DIAG] _physics_process: camera target set to character (state: 5)
[VERBATIM] FAILURE SCREENSHOT: ground impact (physics_process)
[VERBATIM] Ground impact – fatal
[DIAG] _physics_process: ENTER, state=5
[DIAG] _physics_process: camera target set to character (state: 5)
[VERBATIM] FAILURE SCREENSHOT: ground impact (physics_process)
[VERBATIM] Ground impact – fatal
[DIAG] _poll_controls: ENTER, state=5
[VERBATIM] POLL: _poll_controls() entered, game_state=5
[DIAG] _poll_controls: EXIT (LANDED/GAME_OVER)
[DIAG] _physics_process: ENTER, state=5
[DIAG] _physics_process: camera target set to character (state: 5)
[VERBATIM] FAILURE SCREENSHOT: ground impact (physics_process)
[VERBATIM] Ground impact – fatal
[DIAG] _physics_process: ENTER, state=5
[DIAG] _physics_process: camera target set to character (state: 5)
[VERBATIM] FAILURE SCREENSHOT: ground impact (physics_process)
[VERBATIM] Ground impact – fatal
[DIAG] _poll_controls: ENTER, state=5
[VERBATIM] POLL: _poll_controls() entered, game_state=5
[DIAG] _poll_controls: EXIT (LANDED/GAME_OVER)
[DIAG] _physics_process: ENTER, state=5
[DIAG] _physics_process: camera target set to character (state: 5)
[VERBATIM] FAILURE SCREENSHOT: ground impact (physics_process)
[VERBATIM] Ground impact – fatal
[DIAG] _physics_process: ENTER, state=5
[DIAG] _physics_process: camera target set to character (state: 5)
[VERBATIM] FAILURE SCREENSHOT: ground impact (physics_process)
[VERBATIM] Ground impact – fatal
[DIAG] _poll_controls: ENTER, state=5
[VERBATIM] POLL: _poll_controls() entered, game_state=5
[DIAG] _poll_controls: EXIT (LANDED/GAME_OVER)
[DIAG] _physics_process: ENTER, state=5
[DIAG] _physics_process: camera target set to character (state: 5)
[GLIDE],47.4999999999986,0.0,0.0,0.0,0.0,11.0,0.0,63.7354174720604,4.23076923076923,2.6,468.091186523438,286.506378173828,0.0
[VERBATIM] FAILURE SCREENSHOT: ground impact (physics_process)
[VERBATIM] Ground impact – fatal
[DIAG] _physics_process: ENTER, state=5
[DIAG] _physics_process: camera target set to character (state: 5)
[VERBATIM] FAILURE SCREENSHOT: ground impact (physics_process)
[VERBATIM] Ground impact – fatal
[DIAG] _poll_controls: ENTER, state=5
[VERBATIM] POLL: _poll_controls() entered, game_state=5
[DIAG] _poll_controls: EXIT (LANDED/GAME_OVER)
[DIAG] _physics_process: ENTER, state=5
[DIAG] _physics_process: camera target set to character (state: 5)
[VERBATIM] FAILURE SCREENSHOT: ground impact (physics_process)
[VERBATIM] Ground impact – fatal
[DIAG] _physics_process: ENTER, state=5
[DIAG] _physics_process: camera target set to character (state: 5)
[VERBATIM] FAILURE SCREENSHOT: ground impact (physics_process)
[VERBATIM] Ground impact – fatal
[DIAG] _poll_controls: ENTER, state=5
[VERBATIM] POLL: _poll_controls() entered, game_state=5
[DIAG] _poll_controls: EXIT (LANDED/GAME_OVER)
[DIAG] _physics_process: ENTER, state=5
[DIAG] _physics_process: camera target set to character (state: 5)
[VERBATIM] FAILURE SCREENSHOT: ground impact (physics_process)
[VERBATIM] Ground impact – fatal
[PIPLIVE] eye=(468.7488, 26.7, 286.8308) state=5 deployed=true framing=canopy
[DIAG] _physics_process: ENTER, state=5
[DIAG] _physics_process: camera target set to character (state: 5)
[VERBATIM] FAILURE SCREENSHOT: ground impact (physics_process)
[VERBATIM] Ground impact – fatal
[DIAG] _poll_controls: ENTER, state=5
[VERBATIM] POLL: _poll_controls() entered, game_state=5
[DIAG] _poll_controls: EXIT (LANDED/GAME_OVER)
[DIAG] _physics_process: ENTER, state=5
[DIAG] _physics_process: camera target set to character (state: 5)
[VERBATIM] FAILURE SCREENSHOT: ground impact (physics_process)
[VERBATIM] Ground impact – fatal
[DIAG] _physics_process: ENTER, state=5
[DIAG] _physics_process: camera target set to character (state: 5)
[VERBATIM] FAILURE SCREENSHOT: ground impact (physics_process)
[VERBATIM] Ground impact – fatal
[AUDIT] _poll_fast: ENTER
[DIAG] _poll_controls: ENTER, state=5
[VERBATIM] POLL: _poll_controls() entered, game_state=5
[DIAG] _poll_controls: EXIT (LANDED/GAME_OVER)
[DIAG] _physics_process: ENTER, state=5
[DIAG] _physics_process: camera target set to character (state: 5)
[VERBATIM] FAILURE SCREENSHOT: ground impact (physics_process)
[VERBATIM] Ground impact – fatal
[DIAG] _physics_process: ENTER, state=5
[DIAG] _physics_process: camera target set to character (state: 5)
[VERBATIM] FAILURE SCREENSHOT: ground impact (physics_process)
[VERBATIM] Ground impact – fatal
[DIAG] _poll_controls: ENTER, state=5
[VERBATIM] POLL: _poll_controls() entered, game_state=5
[DIAG] _poll_controls: EXIT (LANDED/GAME_OVER)
[DIAG] _physics_process: ENTER, state=5
[DIAG] _physics_process: camera target set to character (state: 5)
[VERBATIM] FAILURE SCREENSHOT: ground impact (physics_process)
[VERBATIM] Ground impact – fatal
[DIAG] _physics_process: ENTER, state=5
[DIAG] _physics_process: camera target set to character (state: 5)
[VERBATIM] FAILURE SCREENSHOT: ground impact (physics_process)
[VERBATIM] Ground impact – fatal
[DIAG] _poll_controls: ENTER, state=5
[VERBATIM] POLL: _poll_controls() entered, game_state=5
[DIAG] _poll_controls: EXIT (LANDED/GAME_OVER)
[DIAG] _physics_process: ENTER, state=5
[DIAG] _physics_process: camera target set to character (state: 5)
[VERBATIM] FAILURE SCREENSHOT: ground impact (physics_process)
[VERBATIM] Ground impact – fatal
[DIAG] _physics_process: ENTER, state=5
[DIAG] _physics_process: camera target set to character (state: 5)
[VERBATIM] FAILURE SCREENSHOT: ground impact (physics_process)
[VERBATIM] Ground impact – fatal
[DIAG] _poll_controls: ENTER, state=5
[VERBATIM] POLL: _poll_controls() entered, game_state=5
[DIAG] _poll_controls: EXIT (LANDED/GAME_OVER)
[DIAG] _physics_process: ENTER, state=5
[DIAG] _physics_process: camera target set to character (state: 5)
[VERBATIM] FAILURE SCREENSHOT: ground impact (physics_process)
[VERBATIM] Ground impact – fatal
[DIAG] _physics_process: ENTER, state=5
[DIAG] _physics_process: camera target set to character (state: 5)
[VERBATIM] FAILURE SCREENSHOT: ground impact (physics_process)
[VERBATIM] Ground impact – fatal
[DIAG] _poll_controls: ENTER, state=5
[VERBATIM] POLL: _poll_controls() entered, game_state=5
[DIAG] _poll_controls: EXIT (LANDED/GAME_OVER)
[DIAG] _physics_process: ENTER, state=5
[DIAG] _physics_process: camera target set to character (state: 5)
[VERBATIM] FAILURE SCREENSHOT: ground impact (physics_process)
[VERBATIM] Ground impact – fatal
[DIAG] _physics_process: ENTER, state=5
[DIAG] _physics_process: camera target set to character (state: 5)
[VERBATIM] FAILURE SCREENSHOT: ground impact (physics_process)
[VERBATIM] Ground impact – fatal
[DIAG] _poll_controls: ENTER, state=5
[VERBATIM] POLL: _poll_controls() entered, game_state=5
[DIAG] _poll_controls: EXIT (LANDED/GAME_OVER)
[AUDIT] _on_stats_completed: ENTER
[AUDIT] _on_leader_completed: ENTER
[AUDIT] _mklabel: ENTER
[DIAG] _physics_process: ENTER, state=5
[DIAG] _physics_process: camera target set to character (state: 5)
[VERBATIM] FAILURE SCREENSHOT: ground impact (physics_process)
[VERBATIM] Ground impact – fatal
[DIAG] _physics_process: ENTER, state=5
[DIAG] _physics_process: camera target set to character (state: 5)
[VERBATIM] FAILURE SCREENSHOT: ground impact (physics_process)
[VERBATIM] Ground impact – fatal
[DIAG] _poll_controls: ENTER, state=5
[VERBATIM] POLL: _poll_controls() entered, game_state=5
[DIAG] _poll_controls: EXIT (LANDED/GAME_OVER)
[DIAG] _physics_process: ENTER, state=5
[DIAG] _physics_process: camera target set to character (state: 5)
[VERBATIM] FAILURE SCREENSHOT: ground impact (physics_process)
[VERBATIM] Ground impact – fatal
[DIAG] _physics_process: ENTER, state=5
[DIAG] _physics_process: camera target set to character (state: 5)
[VERBATIM] FAILURE SCREENSHOT: ground impact (physics_process)
[VERBATIM] Ground impact – fatal
[DIAG] _poll_controls: ENTER, state=5
[VERBATIM] POLL: _poll_controls() entered, game_state=5
[DIAG] _poll_controls: EXIT (LANDED/GAME_OVER)
[DIAG] _physics_process: ENTER, state=5
[DIAG] _physics_process: camera target set to character (state: 5)
[VERBATIM] FAILURE SCREENSHOT: ground impact (physics_process)
[VERBATIM] Ground impact – fatal
[WIND] speed 6.12206597750887 kts  dir 130°  gust -0.06448233002917  vec_ms (2.412626, 0.0, -2.024434)
[DIAG] _physics_process: ENTER, state=5
[DIAG] _physics_process: camera target set to character (state: 5)
[VERBATIM] FAILURE SCREENSHOT: ground impact (physics_process)
[VERBATIM] Ground impact – fatal
[DIAG] _poll_controls: ENTER, state=5
[VERBATIM] POLL: _poll_controls() entered, game_state=5
[DIAG] _poll_controls: EXIT (LANDED/GAME_OVER)
[DIAG] _physics_process: ENTER, state=5
[DIAG] _physics_process: camera target set to character (state: 5)
[VERBATIM] FAILURE SCREENSHOT: ground impact (physics_process)
[VERBATIM] Ground impact – fatal
[DIAG] _physics_process: ENTER, state=5
[DIAG] _physics_process: camera target set to character (state: 5)
[VERBATIM] FAILURE SCREENSHOT: ground impact (physics_process)
[VERBATIM] Ground impact – fatal
[DIAG] _poll_controls: ENTER, state=5
[VERBATIM] POLL: _poll_controls() entered, game_state=5
[DIAG] _poll_controls: EXIT (LANDED/GAME_OVER)
[DIAG] _physics_process: ENTER, state=5
[DIAG] _physics_process: camera target set to character (state: 5)
[VERBATIM] FAILURE SCREENSHOT: ground impact (physics_process)
[VERBATIM] Ground impact – fatal
[DIAG] _physics_process: ENTER, state=5
[DIAG] _physics_process: camera target set to character (state: 5)
[VERBATIM] FAILURE SCREENSHOT: ground impact (physics_process)
[VERBATIM] Ground impact – fatal
[DIAG] _poll_controls: ENTER, state=5
[VERBATIM] POLL: _poll_controls() entered, game_state=5
[DIAG] _poll_controls: EXIT (LANDED/GAME_OVER)
[DIAG] _physics_process: ENTER, state=5
[DIAG] _physics_process: camera target set to character (state: 5)
[VERBATIM] FAILURE SCREENSHOT: ground impact (physics_process)
[VERBATIM] Ground impact – fatal
[DIAG] _physics_process: ENTER, state=5
[DIAG] _physics_process: camera target set to character (state: 5)
[VERBATIM] FAILURE SCREENSHOT: ground impact (physics_process)
[VERBATIM] Ground impact – fatal
[DIAG] _poll_controls: ENTER, state=5
[VERBATIM] POLL: _poll_controls() entered, game_state=5
[DIAG] _poll_controls: EXIT (LANDED/GAME_OVER)
[VERBATIM] Wind updated: 12.5 kts @ 240.0°
[DIAG] _physics_process: ENTER, state=5
[DIAG] _physics_process: camera target set to character (state: 5)
[VERBATIM] FAILURE SCREENSHOT: ground impact (physics_process)
[VERBATIM] Ground impact – fatal
[DIAG] _physics_process: ENTER, state=5
[DIAG] _physics_process: camera target set to character (state: 5)
[GLIDE],48.0166666666652,0.0,0.0,0.0,0.0,11.0,0.0,63.7354174720604,4.23076923076923,2.6,473.187530517578,289.020965576172,0.0
[VERBATIM] FAILURE SCREENSHOT: ground impact (physics_process)
[VERBATIM] Ground impact – fatal
[DIAG] _poll_controls: ENTER, state=5
[VERBATIM] POLL: _poll_controls() entered, game_state=5
[DIAG] _poll_controls: EXIT (LANDED/GAME_OVER)
[DIAG] _physics_process: ENTER, state=5
[DIAG] _physics_process: camera target set to character (state: 5)
[VERBATIM] FAILURE SCREENSHOT: ground impact (physics_process)
[VERBATIM] Ground impact – fatal
[DIAG] _physics_process: ENTER, state=5
[DIAG] _physics_process: camera target set to character (state: 5)
[VERBATIM] FAILURE SCREENSHOT: ground impact (physics_process)
[VERBATIM] Ground impact – fatal
[DIAG] _poll_controls: ENTER, state=5
[VERBATIM] POLL: _poll_controls() entered, game_state=5
[DIAG] _poll_controls: EXIT (LANDED/GAME_OVER)
[DIAG] _physics_process: ENTER, state=5
[DIAG] _physics_process: camera target set to character (state: 5)
[VERBATIM] FAILURE SCREENSHOT: ground impact (physics_process)
[VERBATIM] Ground impact – fatal
[DIAG] _physics_process: ENTER, state=5
[DIAG] _physics_process: camera target set to character (state: 5)
[VERBATIM] FAILURE SCREENSHOT: ground impact (physics_process)
[VERBATIM] Ground impact – fatal
[DIAG] _poll_controls: ENTER, state=5
[VERBATIM] POLL: _poll_controls() entered, game_state=5
[DIAG] _poll_controls: EXIT (LANDED/GAME_OVER)
[DEBUG] _input (build_terrain) called, event=InputEventKey: keycode=69 (E), mods=none, physical=false, location=unspecified, pressed=true, echo=false
[VERBATIM] INPUT: action=turn_right (E)
[AUDIT] _input: ENTER
2026-08-05T15:44:00 [INFO] InputManager ready
2026-08-05T15:44:00 [INFO] InputMap.has_action('restart') = true
[INPUT] unhandled_input triggered
2026-08-05T15:44:00 [INFO] InputManager: key=E code=69
[DEBUG] _input (build_terrain) called, event=InputEventKey: keycode=81 (Q), mods=none, physical=false, location=unspecified, pressed=true, echo=false
[VERBATIM] INPUT: action=turn_left (Q)
[AUDIT] _input: ENTER
2026-08-05T15:44:00 [INFO] InputManager ready
2026-08-05T15:44:00 [INFO] InputMap.has_action('restart') = true
[INPUT] unhandled_input triggered
2026-08-05T15:44:00 [INFO] InputManager: key=Q code=81
[ARMTEL],73.1166666666638,L,true,0.01666666666667,5.04791666666667,0.0,0.0,5.04791666666667,0.08413194444444,0.00140219907407,0.13320892895709,1.60183366666667,20.0000085715136,0.01666666666667
[ARMTEL],73.1166666666638,R,true,0.01666666666667,5.04791666666667,0.0,0.0,5.04791666666667,0.08413194444444,0.00140219907407,0.13320892895709,1.60183366666667,20.0000085715136,0.01666666666667
[CTRL] pressed=turnleft  key=Q  state=5  deployed=true  alt_m=25.0
[CTRL] pressed=turnright  key=E  state=5  deployed=true  alt_m=25.0
[DIAG] _physics_process: ENTER, state=5
[DIAG] _physics_process: camera target set to character (state: 5)
[VERBATIM] FAILURE SCREENSHOT: ground impact (physics_process)
[VERBATIM] Ground impact – fatal
[ARMTEL],73.1333333333305,L,true,0.01666666666667,5.09583333333333,0.01121759259259,0.29446180555556,4.79015393518518,0.1639678433642,0.00413499646348,0.39282471392652,-2.0,20.0000085715136,0.03333333333333
[ARMTEL],73.1333333333305,R,true,0.01666666666667,5.09583333333333,0.01121759259259,0.29446180555556,4.79015393518518,0.1639678433642,0.00413499646348,0.39282471392652,-2.0,20.0000085715136,0.03333333333333
[DIAG] _physics_process: ENTER, state=5
[DIAG] _physics_process: camera target set to character (state: 5)
[GLIDE],48.1166666666652,0.00413499646348,0.00413499646348,0.00413499646348,0.0,10.9672508280093,0.0,63.7354174720604,4.21821244339336,2.59997593179224,474.173278808594,289.507354736328,0.0
[VERBATIM] FAILURE SCREENSHOT: ground impact (physics_process)
[VERBATIM] Ground impact – fatal
[DIAG] _poll_controls: ENTER, state=5
[VERBATIM] POLL: _poll_controls() entered, game_state=5
[DIAG] _poll_controls: EXIT (LANDED/GAME_OVER)
[ARMTEL],73.1499999999971,L,true,0.01666666666667,5.14375,0.03307997170782,0.57388745177469,4.53678257651749,0.23958088630616,0.00812801123525,0.77216116542751,-2.0,20.0000085715136,0.05
[ARMTEL],73.1499999999971,R,true,0.01666666666667,5.14375,0.03307997170782,0.57388745177469,4.53678257651749,0.23958088630616,0.00812801123525,0.77216116542751,-2.0,20.0000085715136,0.05
[DIAG] _physics_process: ENTER, state=5
[DIAG] _physics_process: camera target set to character (state: 5)
[GLIDE],48.1333333333319,0.00812801123525,0.00812801123525,0.00812801123525,0.0,10.9356261510168,0.0,63.7354174720604,4.2061612956823,2.59990651386633,474.336730957031,289.588012695312,0.0
[VERBATIM] FAILURE SCREENSHOT: ground impact (physics_process)
[VERBATIM] Ground impact – fatal
[ARMTEL],73.1666666666638,L,true,0.01666666666667,5.19166666666667,0.06502408988197,0.83853310207154,4.28810947471315,0.31104937755137,0.01331216752777,1.26465607577337,-2.0,20.0000085715136,0.06666666666667
[ARMTEL],73.1666666666638,R,true,0.01666666666667,5.19166666666667,0.06502408988197,0.83853310207154,4.28810947471315,0.31104937755137,0.01331216752777,1.26465607577337,-2.0,20.0000085715136,0.06666666666667
[DIAG] _physics_process: ENTER, state=5
[DIAG] _physics_process: camera target set to character (state: 5)
[GLIDE],48.1499999999985,0.01331216752777,0.01331216752777,0.01331216752777,0.0,10.8945676331801,0.0,63.7354174720604,4.19062527835005,2.59974751010654,474.499572753906,289.668365478516,0.0
[VERBATIM] FAILURE SCREENSHOT: ground impact (physics_process)
[VERBATIM] Ground impact – fatal
[DIAG] _poll_controls: ENTER, state=5
[VERBATIM] POLL: _poll_controls() entered, game_state=5
[DIAG] _poll_controls: EXIT (LANDED/GAME_OVER)
[ARMTEL],73.1833333333305,L,true,0.01666666666667,5.23958333333333,0.10649734022216,1.08867282142981,4.04441317168136,0.37845626374606,0.01961977192354,1.8638785694839,-2.0,20.0000085715136,0.08333333333333
[ARMTEL],73.1833333333305,R,true,0.01666666666667,5.23958333333333,0.10649734022216,1.08867282142981,4.04441317168136,0.37845626374606,0.01961977192354,1.8638785694839,-2.0,20.0000085715136,0.08333333333333
[DIAG] _physics_process: ENTER, state=5
[DIAG] _physics_process: camera target set to character (state: 5)
[GLIDE],48.1666666666652,0.01961977192354,0.01961977192354,0.01961977192354,0.0,10.8446114063656,0.0,63.7354174720604,4.17189175965338,2.59944697301221,474.661651611328,289.748352050781,0.0
[VERBATIM] FAILURE SCREENSHOT: ground impact (physics_process)
[VERBATIM] Ground impact – fatal
[ARMTEL],73.1999999999971,L,true,0.01666666666667,5.2875,0.1569581753883,1.32459692311122,3.80594490150048,0.44188867877107,0.02698458323639,2.56353573307447,-2.0,20.0000085715136,0.1
[ARMTEL],73.1999999999971,R,true,0.01666666666667,5.2875,0.1569581753883,1.32459692311122,3.80594490150048,0.44188867877107,0.02698458323639,2.56353573307447,-2.0,20.0000085715136,0.1
[DIAG] _physics_process: ENTER, state=5
[DIAG] _physics_process: camera target set to character (state: 5)
[GLIDE],48.1833333333319,0.02698458323639,0.02698458323639,0.02698458323639,0.0,10.7862821007678,0.0,63.7354174720604,4.15025623883856,2.59894365071452,474.822875976562,289.827911376953,0.0
[VERBATIM] FAILURE SCREENSHOT: ground impact (physics_process)
[VERBATIM] Ground impact – fatal
[DIAG] _poll_controls: ENTER, state=5
[VERBATIM] POLL: _poll_controls() entered, game_state=5
[DIAG] _poll_controls: EXIT (LANDED/GAME_OVER)
[ARMTEL],73.2166666666638,L,true,0.01666666666667,5.33541666666667,0.21587666589111,1.54661037569875,3.57292962507681,0.50143750585569,0.03534187500065,3.35747855152507,-2.0,20.0000085715136,0.11666666666667
[ARMTEL],73.2166666666638,R,true,0.01666666666667,5.33541666666667,0.21587666589111,1.54661037569875,3.57292962507681,0.50143750585569,0.03534187500065,3.35747855152507,-2.0,20.0000085715136,0.11666666666667
[DIAG] _physics_process: ENTER, state=5
[DIAG] _physics_process: camera target set to character (state: 5)
[GLIDE],48.1999999999985,0.03534187500065,0.03534187500065,0.03534187500065,0.0,10.7200923499949,0.0,63.7354174720604,4.12601979828054,2.59816793764836,474.983093261719,289.906982421875,0.0
[VERBATIM] FAILURE SCREENSHOT: ground impact (physics_process)
[VERBATIM] Ground impact – fatal
[ARMTEL],73.2333333333305,L,true,0.01666666666667,5.38333333333333,0.2827350000052,1.7550312704949,3.34556706283323,0.55719695690291,0.04462849094903,4.23970717868108,-2.0,20.0000085715136,0.13333333333333
[ARMTEL],73.2333333333305,R,true,0.01666666666667,5.38333333333333,0.2827350000052,1.7550312704949,3.34556706283323,0.55719695690291,0.04462849094903,4.23970717868108,-2.0,20.0000085715136,0.13333333333333
[DIAG] _physics_process: ENTER, state=5
[DIAG] _physics_process: camera target set to character (state: 5)
[GLIDE],48.2166666666652,0.04462849094903,0.04462849094903,0.04462849094903,0.0,10.6465423516837,0.0,63.7354174720604,4.09948687075515,2.59704267566602,475.142211914062,289.985504150391,0.0
[VERBATIM] FAILURE SCREENSHOT: ground impact (physics_process)
[VERBATIM] Ground impact – fatal
[DIAG] _poll_controls: ENTER, state=5
[VERBATIM] POLL: _poll_controls() entered, game_state=5
[DIAG] _poll_controls: EXIT (LANDED/GAME_OVER)
[ARMTEL],73.2499999999971,L,true,0.01666666666667,5.43125,0.35702792759225,1.95018934916017,3.12403272324758,0.60926416895703,0.05478289376498,5.20437556872752,-2.0,20.0000085715136,0.15
[ARMTEL],73.2499999999971,R,true,0.01666666666667,5.43125,0.35702792759225,1.95018934916017,3.12403272324758,0.60926416895703,0.05478289376498,5.20437556872752,-2.0,20.0000085715136,0.15
[DIAG] _physics_process: ENTER, state=5
[DIAG] _physics_process: camera target set to character (state: 5)
[GLIDE],48.2333333333319,0.05478289376498,0.05478289376498,0.05478289376498,0.0,10.5661194813813,0.0,63.7354174720604,4.07096327490506,2.59548386164888,475.300140380859,290.063446044922,0.0
[VERBATIM] FAILURE SCREENSHOT: ground impact (physics_process)
[VERBATIM] Ground impact – fatal
[ARMTEL],73.2666666666638,L,true,0.01666666666667,5.47916666666667,0.43826315011986,2.13242459134961,2.9084789251972,0.65773881771032,0.06574520739349,6.24579549571557,-2.0,20.0000085715136,0.16666666666667
[ARMTEL],73.2666666666638,R,true,0.01666666666667,5.47916666666667,0.43826315011986,2.13242459134961,2.9084789251972,0.65773881771032,0.06574520739349,6.24579549571557,-2.0,20.0000085715136,0.16666666666667
[DIAG] _physics_process: ENTER, state=5
[DIAG] _physics_process: camera target set to character (state: 5)
[GLIDE],48.2499999999985,0.06574520739349,0.06574520739349,0.06574520739349,0.0,10.4792979574436,0.0,63.7354174720604,4.04075447650683,2.59340131115879,475.456756591797,290.140747070312,0.0
[VERBATIM] FAILURE SCREENSHOT: ground impact (physics_process)
[VERBATIM] Ground impact – fatal
[DIAG] _poll_controls: ENTER, state=5
[VERBATIM] POLL: _poll_controls() entered, game_state=5
[DIAG] _poll_controls: EXIT (LANDED/GAME_OVER)
[ARMTEL],73.2833333333305,L,true,0.01666666666667,5.52708333333333,0.5259616591479,2.30208586198612,2.69903581219932,0.70272274791364,0.07745725319205,7.35843998790575,-2.0,20.0000085715136,0.18333333333333
[ARMTEL],73.2833333333305,R,true,0.01666666666667,5.52708333333333,0.5259616591479,2.30208586198612,2.69903581219932,0.70272274791364,0.07745725319205,7.35843998790575,-2.0,20.0000085715136,0.18333333333333
[DIAG] _physics_process: ENTER, state=5
[DIAG] _physics_process: camera target set to character (state: 5)
[GLIDE],48.2666666666652,0.07745725319205,0.07745725319205,0.07745725319205,0.0,10.386538554719,0.0,63.7354174720604,4.00916403742197,2.5906993222951,475.611999511719,290.217346191406,0.0
[VERBATIM] FAILURE SCREENSHOT: ground impact (physics_process)
[VERBATIM] Ground impact – fatal
[ARMTEL],73.2999999999971,L,true,0.01666666666667,5.575,0.61965802553639,2.45952961769774,2.49581235676587,0.74431962052641,0.08986258020082,8.53694620343182,-2.0,20.0000085715136,0.2
[ARMTEL],73.2999999999971,R,true,0.01666666666667,5.575,0.61965802553639,2.45952961769774,2.49581235676587,0.74431962052641,0.08986258020082,8.53694620343182,-2.0,20.0000085715136,0.2
[DIAG] _physics_process: ENTER, state=5
[DIAG] _physics_process: camera target set to character (state: 5)
[GLIDE],48.2833333333319,0.08986258020082,0.08986258020082,0.08986258020082,0.0,10.2882883648095,0.0,63.7354174720604,3.97649221845808,2.58727737905618,475.765777587891,290.293212890625,0.0
[VERBATIM] FAILURE SCREENSHOT: ground impact (physics_process)
[VERBATIM] Ground impact – fatal
[DIAG] _poll_controls: ENTER, state=5
[VERBATIM] POLL: _poll_controls() entered, game_state=5
[DIAG] _poll_controls: EXIT (LANDED/GAME_OVER)
[ARMTEL],73.3166666666638,L,true,0.01666666666667,5.62291666666667,0.71890064160657,2.60511867184242,2.29889735321767,0.78263457641337,0.10290648980771,9.77611777348456,-2.0,20.0000085715136,0.21666666666667
[ARMTEL],73.3166666666638,R,true,0.01666666666667,5.62291666666667,0.71890064160657,2.60511867184242,2.29889735321767,0.78263457641337,0.10290648980771,9.77611777348456,-2.0,20.0000085715136,0.21666666666667
[DIAG] _physics_process: ENTER, state=5
[DIAG] _physics_process: camera target set to character (state: 5)
[GLIDE],48.2999999999985,0.10290648980771,0.10290648980771,0.10290648980771,0.0,10.1849806007229,0.0,63.7354174720604,3.94303470692136,2.58303092865119,475.917999267578,290.368316650391,0.0
[VERBATIM] FAILURE SCREENSHOT: ground impact (physics_process)
[VERBATIM] Ground impact – fatal
[ARMTEL],73.3333333333305,L,true,0.01666666666667,5.67083333333333,0.82325191846169,2.73922101744678,2.10836039742486,0.81777391637045,0.11653605508055,11.0709266388697,-2.0,20.0000085715136,0.23333333333333
[ARMTEL],73.3333333333305,R,true,0.01666666666667,5.67083333333333,0.82325191846169,2.73922101744678,2.10836039742486,0.81777391637045,0.11653605508055,11.0709266388697,-2.0,20.0000085715136,0.23333333333333
[DIAG] _physics_process: ENTER, state=5
[DIAG] _physics_process: camera target set to character (state: 5)
[GLIDE],48.3166666666652,0.11653605508055,0.11653605508055,0.11653605508055,0.0,10.077034443762,0.0,63.7354174720604,3.90908144440767,2.5778522619881,476.068603515625,290.442626953125,0.0
[VERBATIM] FAILURE SCREENSHOT: ground impact (physics_process)
[VERBATIM] Ground impact – fatal
[DIAG] _poll_controls: ENTER, state=5
[VERBATIM] POLL: _poll_controls() entered, game_state=5
[DIAG] _poll_controls: EXIT (LANDED/GAME_OVER)
[ARMTEL],73.3499999999971,L,true,0.01666666666667,5.71875,0.93228844064441,2.86220870729657,1.92425285205902,0.8498447972381,0.13070013503452,12.4165144054118,-2.0,20.0000085715136,0.25
[ARMTEL],73.3499999999971,R,true,0.01666666666667,5.71875,0.93228844064441,2.86220870729657,1.92425285205902,0.8498447972381,0.13070013503452,12.4165144054118,-2.0,20.0000085715136,0.25
[DIAG] _physics_process: ENTER, state=5
[DIAG] _physics_process: camera target set to character (state: 5)
[GLIDE],48.3333333333319,0.13070013503452,0.13070013503452,0.13070013503452,0.0,9.9648549305266,0.0,63.7354174720604,3.87491553525727,2.5716315207023,476.217529296875,290.51611328125,0.0
[VERBATIM] FAILURE SCREENSHOT: ground impact (physics_process)
[VERBATIM] Ground impact – fatal
[ARMTEL],73.3666666666638,L,true,0.01666666666667,5.76666666666667,1.04560108027616,2.97445679033334,1.74660879605716,0.87895494383905,0.1453493840985,13.8081932432598,-2.0,20.0000085715136,0.26666666666667
[ARMTEL],73.3666666666638,R,true,0.01666666666667,5.76666666666667,1.04560108027616,2.97445679033334,1.74660879605716,0.87895494383905,0.1453493840985,13.8081932432598,-2.0,20.0000085715136,0.26666666666667
[DIAG] _physics_process: ENTER, state=5
[DIAG] _physics_process: camera target set to character (state: 5)
[GLIDE],48.3499999999985,0.1453493840985,0.1453493840985,0.1453493840985,0.0,9.84883287793985,0.0,63.7354174720604,3.84081222093885,2.56425784740197,476.364715576172,290.588745117188,0.0
[VERBATIM] FAILURE SCREENSHOT: ground impact (physics_process)
[VERBATIM] Ground impact – fatal
[DIAG] _poll_controls: ENTER, state=5
[VERBATIM] POLL: _poll_controls() entered, game_state=5
[DIAG] _poll_controls: EXIT (LANDED/GAME_OVER)
[ARMTEL],73.3833333333305,L,true,0.01666666666667,5.81458333333333,1.16279507278803,3.07634230343668,1.57544595710862,0.90521237645753,0.16043625703946,15.2414463547012,-2.0,20.0000085715136,0.28333333333333
[ARMTEL],73.3833333333305,R,true,0.01666666666667,5.81458333333333,1.16279507278803,3.07634230343668,1.57544595710862,0.90521237645753,0.16043625703946,15.2414463547012,-2.0,20.0000085715136,0.28333333333333
[DIAG] _physics_process: ENTER, state=5
[DIAG] _physics_process: camera target set to character (state: 5)
[GLIDE],48.3666666666652,0.16043625703946,0.16043625703946,0.16043625703946,0.0,9.72934484424745,0.0,63.7354174720604,3.80703791026328,2.55562068820445,476.510131835938,290.660491943359,0.0
[VERBATIM] FAILURE SCREENSHOT: ground impact (physics_process)
[VERBATIM] Ground impact – fatal
[ARMTEL],73.3999999999971,L,true,0.01666666666667,5.8625,1.28349005631571,3.16824331760135,1.41076662608295,0.92872515355891,0.17591500959878,16.7119280346151,-2.0,20.0000085715136,0.3
[ARMTEL],73.3999999999971,R,true,0.01666666666667,5.8625,1.28349005631571,3.16824331760135,1.41076662608295,0.92872515355891,0.17591500959878,16.7119280346151,-2.0,20.0000085715136,0.3
[DIAG] _physics_process: ENTER, state=5
[DIAG] _physics_process: camera target set to character (state: 5)
[GLIDE],48.3833333333319,0.17591500959878,0.17591500959878,0.17591500959878,0.0,9.60675312397768,0.0,63.7354174720604,3.7738492595966,2.5456112481304,476.653717041016,290.731353759766,0.0
[VERBATIM] FAILURE SCREENSHOT: ground impact (physics_process)
[VERBATIM] Ground impact – fatal
[DIAG] _poll_controls: ENTER, state=5
[VERBATIM] POLL: _poll_controls() entered, game_state=5
[DIAG] _poll_controls: EXIT (LANDED/GAME_OVER)
[ARMTEL],73.4166666666638,L,true,0.01666666666667,5.91041666666667,1.40732007679023,3.25053803745619,1.25255855242025,0.94960112943258,0.19174169508932,18.2154633471942,-2.0,20.0000085715136,0.31666666666667
[ARMTEL],73.4166666666638,R,true,0.01666666666667,5.91041666666667,1.40732007679023,3.25053803745619,1.25255855242025,0.94960112943258,0.19174169508932,18.2154633471942,-2.0,20.0000085715136,0.31666666666667
[DIAG] _physics_process: ENTER, state=5
[DIAG] _physics_process: camera target set to character (state: 5)
[GLIDE],48.3999999999985,0.19174169508932,0.19174169508932,0.19174169508932,0.0,9.48140577489258,0.0,63.7354174720604,3.74149230101396,2.53412409062637,476.795440673828,290.80126953125,0.0
[VERBATIM] FAILURE SCREENSHOT: ground impact (physics_process)
[VERBATIM] Ground impact – fatal
[ARMTEL],73.4333333333305,L,true,0.01666666666667,5.95833333333333,1.53393356071457,3.32360395301403,1.10079581960473,0.96794772642599,0.20787415719642,19.7480474420359,-2.0,20.0000085715136,0.33333333333333
[ARMTEL],73.4333333333305,R,true,0.01666666666667,5.95833333333333,1.53393356071457,3.32360395301403,1.10079581960473,0.96794772642599,0.20787415719642,19.7480474420359,-2.0,20.0000085715136,0.33333333333333
[DIAG] _physics_process: ENTER, state=5
[DIAG] _physics_process: camera target set to character (state: 5)
[GLIDE],48.4166666666652,0.20787415719642,0.20787415719642,0.20787415719642,0.0,9.35363667500434,0.0,63.7354174720604,3.71020161951151,2.52105886262748,476.935241699219,290.870269775391,0.0
[VERBATIM] FAILURE SCREENSHOT: ground impact (physics_process)
[VERBATIM] Ground impact – fatal
[DIAG] _poll_controls: ENTER, state=5
[VERBATIM] POLL: _poll_controls() entered, game_state=5
[DIAG] _poll_controls: EXIT (LANDED/GAME_OVER)
[ARMTEL],73.4499999999971,L,true,0.01666666666667,6.00625,1.66299325757137,3.38781704249098,0.95543969993765,0.98387172142495,0.22427201922017,21.3058445321618,-2.0,20.0000085715136,0.35
[ARMTEL],73.4499999999971,R,true,0.01666666666667,6.00625,1.66299325757137,3.38781704249098,0.95543969993765,0.98387172142495,0.22427201922017,21.3058445321618,-2.0,20.0000085715136,0.35
[DIAG] _physics_process: ENTER, state=5
[DIAG] _physics_process: camera target set to character (state: 5)
[GLIDE],48.4333333333319,0.22427201922017,0.22427201922017,0.22427201922017,0.0,9.22376560777625,0.0,63.7354174720604,3.68019958291618,2.50632211649439,477.073089599609,290.938293457031,0.0
[VERBATIM] FAILURE SCREENSHOT: ground impact (physics_process)
[VERBATIM] Ground impact – fatal
[ARMTEL],73.4666666666638,L,true,0.01666666666667,6.05416666666667,1.79417615376136,3.44355102498734,0.81643948791796,0.99747904622359,0.24089666999056,22.8851865559554,-2.0,20.0000085715136,0.36666666666667
[ARMTEL],73.4666666666638,R,true,0.01666666666667,6.05416666666667,1.79417615376136,3.44355102498734,0.81643948791796,0.99747904622359,0.24089666999056,22.8851865559554,-2.0,20.0000085715136,0.36666666666667
[DIAG] _physics_process: ENTER, state=5
[DIAG] _physics_process: camera target set to character (state: 5)
[GLIDE],48.4499999999985,0.24089666999056,0.24089666999056,0.24089666999056,0.0,9.09209837367474,0.0,63.7354174720604,3.65169562998176,2.48982919031512,477.208984375,291.005340576172,0.0
[VERBATIM] FAILURE SCREENSHOT: ground impact (physics_process)
[VERBATIM] Ground impact – fatal
[DIAG] _poll_controls: ENTER, state=5
[VERBATIM] POLL: _poll_controls() entered, game_state=5
[DIAG] _poll_controls: EXIT (LANDED/GAME_OVER)
[ARMTEL],73.4833333333304,L,true,0.01666666666667,6.10208333333333,1.92717335992451,3.49117666178255,0.68373331162627,1.00887460141736,0.25771124668085,24.482571544431,-2.0,20.0000085715136,0.38333333333333
[ARMTEL],73.4833333333304,R,true,0.01666666666667,6.10208333333333,1.92717335992451,3.49117666178255,0.68373331162627,1.00887460141736,0.25771124668085,24.482571544431,-2.0,20.0000085715136,0.38333333333333
[DIAG] _physics_process: ENTER, state=5
[DIAG] _physics_process: camera target set to character (state: 5)
[GLIDE],48.4666666666652,0.25771124668085,0.25771124668085,0.25771124668085,0.0,8.95892692628765,0.0,63.7354174720604,3.62488562334913,2.47150609900079,477.342895507812,291.071411132812,0.0
[VERBATIM] FAILURE SCREENSHOT: ground impact (physics_process)
[VERBATIM] Ground impact – fatal
[ARMTEL],73.4999999999971,L,true,0.01666666666667,6.15,2.06168997344682,3.53106110496075,0.55724892159242,1.0181620834439,0.27468061473825,26.0946617146499,-2.0,20.0000085715136,0.4
[ARMTEL],73.4999999999971,R,true,0.01666666666667,6.15,2.06168997344682,3.53106110496075,0.55724892159242,1.0181620834439,0.27468061473825,26.0946617146499,-2.0,20.0000085715136,0.4
[DIAG] _physics_process: ENTER, state=5
[DIAG] _physics_process: camera target set to character (state: 5)
[GLIDE],48.4833333333319,0.27468061473825,0.27468061473825,0.27468061473825,0.0,8.82452953127305,0.0,63.7354174720604,3.59995127461958,2.45129138093837,477.474792480469,291.136505126953,0.0
[VERBATIM] FAILURE SCREENSHOT: ground impact (physics_process)
[VERBATIM] Ground impact – fatal
[DIAG] _poll_controls: ENTER, state=5
[VERBATIM] POLL: _poll_controls() entered, game_state=5
[DIAG] _poll_controls: EXIT (LANDED/GAME_OVER)
[ARMTEL],73.5166666666638,L,true,0.01666666666667,6.19791666666667,2.19744491790601,3.56356729205364,0.43690445670701,1.02544382438902,0.29177134514473,27.7182813094962,-2.0,20.0000085715136,0.41666666666667
[ARMTEL],73.5166666666638,R,true,0.01666666666667,6.19791666666667,2.19744491790601,3.56356729205364,0.43690445670701,1.02544382438902,0.29177134514473,27.7182813094962,-2.0,20.0000085715136,0.41666666666667
[DIAG] _physics_process: ENTER, state=5
[DIAG] _physics_process: camera target set to character (state: 5)
[GLIDE],48.4999999999985,0.29177134514473,0.29177134514473,0.29177134514473,0.0,8.6891709464537,0.0,63.7354174720604,3.5770596488072,2.42913783932878,477.604675292969,291.200592041016,0.0
[VERBATIM] FAILURE SCREENSHOT: ground impact (physics_process)
[VERBATIM] Ground impact – fatal
[ARMTEL],73.5333333333304,L,true,0.01666666666667,6.24583333333333,2.33417076115788,3.58905338536155,0.3226091868139,1.03082064416925,0.30895168921422,29.3504142034093,-2.0,20.0000085715136,0.43333333333333
[ARMTEL],73.5333333333304,R,true,0.01666666666667,6.24583333333333,2.33417076115788,3.58905338536155,0.3226091868139,1.03082064416925,0.30895168921422,29.3504142034093,-2.0,20.0000085715136,0.43333333333333
[DIAG] _physics_process: ENTER, state=5
[DIAG] _physics_process: camera target set to character (state: 5)
[GLIDE],48.5166666666652,0.30895168921422,0.30895168921422,0.30895168921422,0.0,8.55310262142336,0.0,63.7354174720604,3.55636275497536,2.40501411433846,477.732513427734,291.263671875,0.0
[VERBATIM] FAILURE SCREENSHOT: ground impact (physics_process)
[VERBATIM] Ground impact – fatal
[DIAG] _poll_controls: ENTER, state=5
[VERBATIM] POLL: _poll_controls() entered, game_state=5
[DIAG] _poll_controls: EXIT (LANDED/GAME_OVER)
[ARMTEL],73.5499999999971,L,true,0.01666666666667,6.29375,2.47161351371378,3.60787225459236,0.21426423169386,1.03439171469748,0.32619155112585,30.9882012930436,-2.0,20.0000085715136,0.45
[ARMTEL],73.5499999999971,R,true,0.01666666666667,6.29375,2.47161351371378,3.60787225459236,0.21426423169386,1.03439171469748,0.32619155112585,30.9882012930436,-2.0,20.0000085715136,0.45
[DIAG] _physics_process: ENTER, state=5
[DIAG] _physics_process: camera target set to character (state: 5)
[GLIDE],48.5333333333319,0.32619155112585,0.32619155112585,0.32619155112585,0.0,8.41656291508329,0.0,63.7354174720604,3.53799722900996,2.37890602233131,477.858306884766,291.325744628906,0.0
[VERBATIM] FAILURE SCREENSHOT: ground impact (physics_process)
[VERBATIM] Ground impact – fatal
[ARMTEL],73.5666666666638,L,true,0.01666666666667,6.34166666666667,2.60953240900677,3.62037100144117,0.11176325621872,1.03625443563446,0.34346245838642,32.6289376912027,-2.0,20.0000085715136,0.46666666666667
[ARMTEL],73.5666666666638,R,true,0.01666666666667,6.34166666666667,2.60953240900677,3.62037100144117,0.11176325621872,1.03625443563446,0.34346245838642,32.6289376912027,-2.0,20.0000085715136,0.46666666666667
[DIAG] _physics_process: ENTER, state=5
[DIAG] _physics_process: camera target set to character (state: 5)
[GLIDE],48.5499999999985,0.34346245838642,0.34346245838642,0.34346245838642,0.0,8.27977732957955,0.0,63.7354174720604,3.52208411332618,2.35081760207036,477.982055664062,291.386810302734,0.0
[VERBATIM] FAILURE SCREENSHOT: ground impact (physics_process)
[VERBATIM] Ground impact – fatal
[DIAG] _poll_controls: ENTER, state=5
[VERBATIM] POLL: _poll_controls() entered, game_state=5
[DIAG] _poll_controls: EXIT (LANDED/GAME_OVER)
[ARMTEL],73.5833333333304,L,true,0.01666666666667,6.38958333333333,2.74769966709137,3.6268905247206,0.01499314152137,1.03650432132648,0.36073753040853,34.2700697417578,-2.0,21.2389544456219,0.48333333333333
[ARMTEL],73.5833333333304,R,true,0.01666666666667,6.38958333333333,2.74769966709137,3.6268905247206,0.01499314152137,1.03650432132648,0.36073753040853,34.2700697417578,-2.0,21.2389544456219,0.48333333333333
[DIAG] _physics_process: ENTER, state=5
[DIAG] _physics_process: camera target set to character (state: 5)
[GLIDE],48.5666666666652,0.36073753040853,0.36073753040853,0.36073753040853,0.0,8.14295875916445,0.0,63.7354174720604,3.50872873693242,2.32077181500317,478.103759765625,291.446868896484,0.0
[VERBATIM] FAILURE SCREENSHOT: ground impact (physics_process)
[VERBATIM] Ground impact – fatal
[ARMTEL],73.5999999999971,L,true,0.01666666666667,6.4375,2.88590024326823,3.62776512464268,-0.07616536791091,1.03523489852796,0.377991445384,35.9091918726266,-2.0,23.2297908817255,0.5
[ARMTEL],73.5999999999971,R,true,0.01666666666667,6.4375,2.88590024326823,3.62776512464268,-0.07616536791091,1.03523489852796,0.377991445384,35.9091918726266,-2.0,23.2297908817255,0.5
[DIAG] _physics_process: ENTER, state=5
[DIAG] _physics_process: camera target set to character (state: 5)
[GLIDE],48.5833333333319,0.377991445384,0.377991445384,0.377991445384,0.0,8.00630775255876,0.0,63.7354174720604,3.49802069776676,2.28881085742866,478.223419189453,291.505920410156,0.0
[VERBATIM] FAILURE SCREENSHOT: ground impact (physics_process)
[VERBATIM] Ground impact – fatal
[DIAG] _poll_controls: ENTER, state=5
[VERBATIM] POLL: _poll_controls() entered, game_state=5
[DIAG] _poll_controls: EXIT (LANDED/GAME_OVER)
[DEBUG] _input (build_terrain) called, event=InputEventKey: keycode=81 (Q), mods=none, physical=false, location=unspecified, pressed=true, echo=true
[AUDIT] _input: ENTER
2026-08-05T15:44:00 [INFO] InputManager ready
2026-08-05T15:44:00 [INFO] InputMap.has_action('restart') = true
[INPUT] unhandled_input triggered
2026-08-05T15:44:00 [INFO] InputManager: key=Q code=81
[ARMTEL],73.6166666666638,L,true,0.01666666666667,6.48541666666667,3.02393156307196,3.62332214484787,-0.16183704125317,1.03253761450708,0.39520040562578,37.5440433032533,-2.0,25.2154402329318,0.51666666666667
[ARMTEL],73.6166666666638,R,true,0.01666666666667,6.48541666666667,3.02393156307196,3.62332214484787,-0.16183704125317,1.03253761450708,0.39520040562578,37.5440433032533,-2.0,25.2154402329318,0.51666666666667
[DIAG] _physics_process: ENTER, state=5
[DIAG] _physics_process: camera target set to character (state: 5)
[GLIDE],48.5999999999985,0.39520040562578,0.39520040562578,0.39520040562578,0.0,7.87001278744382,0.0,63.7354174720604,3.49003394765112,2.25499605605285,478.341033935547,291.56396484375,0.0
[VERBATIM] FAILURE SCREENSHOT: ground impact (physics_process)
[VERBATIM] Ground impact – fatal
[ARMTEL],73.6333333333304,L,true,0.01666666666667,6.53333333333333,3.16160324500624,3.61388165077477,-0.24215156244768,1.02850175513295,0.41234210154466,39.1725046223925,-2.0,27.1933283157492,0.53333333333333
[ARMTEL],73.6333333333304,R,true,0.01666666666667,6.53333333333333,3.16160324500624,3.61388165077477,-0.24215156244768,1.02850175513295,0.41234210154466,39.1725046223925,-2.0,27.1933283157492,0.53333333333333
[DIAG] _physics_process: ENTER, state=5
[DIAG] _physics_process: camera target set to character (state: 5)
[GLIDE],48.6166666666652,0.41234210154466,0.41234210154466,0.41234210154466,0.0,7.73425055576628,0.0,63.7354174720604,3.48482697864148,2.219407334473,478.456634521484,291.621002197266,0.0
[VERBATIM] FAILURE SCREENSHOT: ground impact (physics_process)
[VERBATIM] Ground impact – fatal
[DIAG] _poll_controls: ENTER, state=5
[VERBATIM] POLL: _poll_controls() entered, game_state=5
[DIAG] _poll_controls: EXIT (LANDED/GAME_OVER)
[ARMTEL],73.6499999999971,L,true,0.01666666666667,6.58125,3.2987368123573,3.59975614296533,-0.31724295532262,1.02321437254424,0.4293956744204,40.7925942513696,-2.0,29.1610483546529,0.55
[ARMTEL],73.6499999999971,R,true,0.01666666666667,6.58125,3.2987368123573,3.59975614296533,-0.31724295532262,1.02321437254424,0.4293956744204,40.7925942513696,-2.0,29.1610483546529,0.55
[DIAG] _physics_process: ENTER, state=5
[DIAG] _physics_process: camera target set to character (state: 5)
[GLIDE],48.6333333333319,0.4293956744204,0.4293956744204,0.4293956744204,0.0,7.59918625859043,0.0,63.7354174720604,3.48244310804351,2.1821422555442,478.570220947266,291.677062988281,0.0
[VERBATIM] FAILURE SCREENSHOT: ground impact (physics_process)
[VERBATIM] Ground impact – fatal
[ARMTEL],73.6666666666638,L,true,0.01666666666667,6.62916666666667,3.4351653953632,3.58125030390484,-0.38724903260137,1.01676022200088,0.44634167812041,42.402464807355,-2.0,31.1163565650102,0.56666666666667
[ARMTEL],73.6666666666638,R,true,0.01666666666667,6.62916666666667,3.4351653953632,3.58125030390484,-0.38724903260137,1.01676022200088,0.44634167812041,42.402464807355,-2.0,31.1163565650102,0.56666666666667
[DIAG] _physics_process: ENTER, state=5
[DIAG] _physics_process: camera target set to character (state: 5)
[GLIDE],48.6499999999985,0.44634167812041,0.44634167812041,0.44634167812041,0.0,7.46497390928632,0.0,63.7354174720604,3.48291085795637,2.14331466228409,478.681793212891,291.732116699219,0.0
[VERBATIM] FAILURE SCREENSHOT: ground impact (physics_process)
[VERBATIM] Ground impact – fatal
[DIAG] _poll_controls: ENTER, state=5
[VERBATIM] POLL: _poll_controls() entered, game_state=5
[DIAG] _poll_controls: EXIT (LANDED/GAME_OVER)
[DEBUG] _input (build_terrain) called, event=InputEventKey: keycode=81 (Q), mods=none, physical=false, location=unspecified, pressed=true, echo=true
[AUDIT] _input: ENTER
2026-08-05T15:44:00 [INFO] InputManager ready
2026-08-05T15:44:00 [INFO] InputMap.has_action('restart') = true
[INPUT] unhandled_input triggered
2026-08-05T15:44:00 [INFO] InputManager: key=Q code=81
[ARMTEL],73.6833333333304,L,true,0.01666666666667,6.67708333333333,3.57073342496331,3.55866077700309,-0.45231086863307,1.00922170752367,0.46316203991248,44.0003993805688,-2.0,33.0571676314665,0.58333333333333
[ARMTEL],73.6833333333304,R,true,0.01666666666667,6.67708333333333,3.57073342496331,3.55866077700309,-0.45231086863307,1.00922170752367,0.46316203991248,44.0003993805688,-2.0,33.0571676314665,0.58333333333333
[DIAG] _physics_process: ENTER, state=5
[DIAG] _physics_process: camera target set to character (state: 5)
[GLIDE],48.6666666666652,0.46316203991248,0.46316203991248,0.46316203991248,0.0,7.33175664389319,0.0,63.7354174720604,3.48624442393774,2.10305295680098,478.791381835938,291.786193847656,0.0
[VERBATIM] FAILURE SCREENSHOT: ground impact (physics_process)
[VERBATIM] Ground impact – fatal
[ARMTEL],73.6999999999971,L,true,0.01666666666667,6.725,3.7052963192998,3.53227597633283,-0.51257229563263,1.00067883592979,0.47984002051131,45.5848077387075,-2.0,34.9815500979381,0.6
[ARMTEL],73.6999999999971,R,true,0.01666666666667,6.725,3.7052963192998,3.53227597633283,-0.51257229563263,1.00067883592979,0.47984002051131,45.5848077387075,-2.0,34.9815500979381,0.6
[DIAG] _physics_process: ENTER, state=5
[DIAG] _physics_process: camera target set to character (state: 5)
[GLIDE],48.6833333333319,0.47984002051131,0.47984002051131,0.47984002051131,0.0,7.19966703755046,0.0,63.7354174720604,3.49244422627567,2.06149807157498,478.898986816406,291.839294433594,0.0
[VERBATIM] FAILURE SCREENSHOT: ground impact (physics_process)
[VERBATIM] Ground impact – fatal
[DIAG] _poll_controls: ENTER, state=5
[VERBATIM] POLL: _poll_controls() entered, game_state=5
[DIAG] _poll_controls: EXIT (LANDED/GAME_OVER)
[DEBUG] _input (build_terrain) called, event=InputEventKey: keycode=81 (Q), mods=none, physical=false, location=unspecified, pressed=true, echo=true
[AUDIT] _input: ENTER
2026-08-05T15:44:00 [INFO] InputManager ready
2026-08-05T15:44:00 [INFO] InputMap.has_action('restart') = true
[INPUT] unhandled_input triggered
2026-08-05T15:44:00 [INFO] InputManager: key=Q code=81
[ARMTEL],73.7166666666638,L,true,0.01666666666667,6.77291666666667,3.83872016409044,3.50237592575426,-0.56817942317803,0.99120917887682,0.49636017349259,47.1542224712745,-2.0,36.887721684613,0.61666666666667
[ARMTEL],73.7166666666638,R,true,0.01666666666667,6.77291666666667,3.83872016409044,3.50237592575426,-0.56817942317803,0.99120917887682,0.49636017349259,47.1542224712745,-2.0,36.887721684613,0.61666666666667
[DIAG] _physics_process: ENTER, state=5
[DIAG] _physics_process: camera target set to character (state: 5)
[GLIDE],48.6999999999985,0.49636017349259,0.49636017349259,0.49636017349259,0.0,7.06882742593872,0.0,63.7354174720604,3.50149753642317,2.0188011993176,479.004638671875,291.891418457031,0.0
[VERBATIM] FAILURE SCREENSHOT: ground impact (physics_process)
[VERBATIM] Ground impact – fatal
[ARMTEL],73.7333333333304,L,true,0.01666666666667,6.82083333333333,3.97088138794068,3.46923212606887,-0.61928018067622,0.98088784253222,0.51270830420146,48.7072950858868,-2.0,38.7740445466233,0.63333333333333
[ARMTEL],73.7333333333304,R,true,0.01666666666667,6.82083333333333,3.97088138794068,3.46923212606887,-0.61928018067622,0.98088784253222,0.51270830420146,48.7072950858868,-2.0,38.7740445466233,0.63333333333333
[DIAG] _physics_process: ENTER, state=5
[DIAG] _physics_process: camera target set to character (state: 5)
[GLIDE],48.7166666666652,0.51270830420146,0.51270830420146,0.51270830420146,0.0,6.93935023072447,0.0,63.7354174720604,3.51337917040928,1.97512135586438,479.108367919922,291.942596435547,0.0
[VERBATIM] FAILURE SCREENSHOT: ground impact (physics_process)
[VERBATIM] Ground impact – fatal
[DIAG] _poll_controls: ENTER, state=5
[VERBATIM] POLL: _poll_controls() entered, game_state=5
[DIAG] _poll_controls: EXIT (LANDED/GAME_OVER)
[ARMTEL],73.7499999999971,L,true,0.01666666666667,6.86875,4.10166643361165,3.43310744886276,-0.66602388247441,0.96978744449098,0.52887142827631,50.2427920680347,-2.0,40.6390204883286,0.65
[ARMTEL],73.7499999999971,R,true,0.01666666666667,6.86875,4.10166643361165,3.43310744886276,-0.66602388247441,0.96978744449098,0.52887142827631,50.2427920680347,-2.0,40.6390204883286,0.65
[DIAG] _physics_process: ENTER, state=5
[DIAG] _physics_process: camera target set to character (state: 5)
[GLIDE],48.7333333333318,0.52887142827631,0.52887142827631,0.52887142827631,0.0,6.81133828805166,0.0,63.7354174720604,3.52805224048717,1.93062285469762,479.210174560547,291.992828369141,0.0
[VERBATIM] FAILURE SCREENSHOT: ground impact (physics_process)
[VERBATIM] Ground impact – fatal
[ARMTEL],73.7666666666638,L,true,0.01666666666667,6.91666666666667,4.23097142621044,3.39425605571842,-0.7085608152622,0.95797809756994,0.54483772990247,51.7595909151826,-2.0,42.4812861464351,0.66666666666667
[ARMTEL],73.7666666666638,R,true,0.01666666666667,6.91666666666667,4.23097142621044,3.39425605571842,-0.7085608152622,0.95797809756994,0.54483772990247,51.7595909151826,-2.0,42.4812861464351,0.66666666666667
[DIAG] _physics_process: ENTER, state=5
[DIAG] _physics_process: camera target set to character (state: 5)
[GLIDE],48.7499999999985,0.54483772990247,0.54483772990247,0.54483772990247,0.0,6.68488517917243,0.0,63.7354174720604,3.54546895591137,1.88547277167008,479.310089111328,292.042144775391,0.0
[VERBATIM] FAILURE SCREENSHOT: ground impact (physics_process)
[VERBATIM] Ground impact – fatal
[DIAG] _poll_controls: ENTER, state=5
[VERBATIM] POLL: _poll_controls() entered, game_state=5
[DIAG] _poll_controls: EXIT (LANDED/GAME_OVER)
[DEBUG] _input (build_terrain) called, event=InputEventKey: keycode=81 (Q), mods=none, physical=false, location=unspecified, pressed=true, echo=true
[AUDIT] _input: ENTER
2026-08-05T15:44:00 [INFO] InputManager ready
2026-08-05T15:44:00 [INFO] InputMap.has_action('restart') = true
[INPUT] unhandled_input triggered
2026-08-05T15:44:00 [INFO] InputManager: key=Q code=81
[ARMTEL],73.7833333333304,L,true,0.01666666666667,6.96458333333333,4.35870183921977,3.35292334149479,-0.74704184738123,0.94552740011359,0.56059651990436,53.2566761555206,-2.0,44.2996081544712,0.68333333333333
[ARMTEL],73.7833333333304,R,true,0.01666666666667,6.96458333333333,4.35870183921977,3.35292334149479,-0.74704184738123,0.94552740011359,0.56059651990436,53.2566761555206,-2.0,44.2996081544712,0.68333333333333
[DIAG] _physics_process: ENTER, state=5
[DIAG] _physics_process: camera target set to character (state: 5)
[GLIDE],48.7666666666652,0.56059651990436,0.56059651990436,0.56059651990436,0.0,6.56007556235743,0.0,63.7354174720604,3.56557146354613,1.83983847454094,479.408142089844,292.090515136719,0.0
[VERBATIM] FAILURE SCREENSHOT: ground impact (physics_process)
[VERBATIM] Ground impact – fatal
[ARMTEL],73.7999999999971,L,true,0.01666666666667,7.0125,4.48477215923491,3.30934590039755,-0.78161805963247,0.93250043245305,0.57613819377858,54.7331353611095,-2.0,46.0928783004541,0.7
[ARMTEL],73.7999999999971,R,true,0.01666666666667,7.0125,4.48477215923491,3.30934590039755,-0.78161805963247,0.93250043245305,0.57613819377858,54.7331353611095,-2.0,46.0928783004541,0.7
[DIAG] _physics_process: ENTER, state=5
[DIAG] _physics_process: camera target set to character (state: 5)
[GLIDE],48.7833333333318,0.57613819377858,0.57613819377858,0.57613819377858,0.0,6.43698550527363,0.0,63.7354174720604,3.58829271898116,1.79388528455987,479.504364013672,292.138000488281,0.0
[VERBATIM] FAILURE SCREENSHOT: ground impact (physics_process)
[VERBATIM] Ground impact – fatal
[DIAG] _poll_controls: ENTER, state=5
[VERBATIM] POLL: _poll_controls() entered, game_state=5
[DIAG] _poll_controls: EXIT (LANDED/GAME_OVER)
[DEBUG] _input (build_terrain) called, event=InputEventKey: keycode=81 (Q), mods=none, physical=false, location=unspecified, pressed=true, echo=true
[AUDIT] _input: ENTER
2026-08-05T15:44:00 [INFO] InputManager ready
2026-08-05T15:44:00 [INFO] InputMap.has_action('restart') = true
[INPUT] unhandled_input triggered
2026-08-05T15:44:00 [INFO] InputManager: key=Q code=81
[ARMTEL],73.8166666666638,L,true,0.01666666666667,7.06041666666667,4.60910555022865,3.26375151358566,-0.81244039714765,0.91895975916725,0.5914541897647,56.1881551646061,-2.0,47.8601086889047,0.71666666666667
[ARMTEL],73.8166666666638,R,true,0.01666666666667,7.06041666666667,4.60910555022865,3.26375151358566,-0.81244039714765,0.91895975916725,0.5914541897647,56.1881551646061,-2.0,47.8601086889047,0.71666666666667
[DIAG] _physics_process: ENTER, state=5
[DIAG] _physics_process: camera target set to character (state: 5)
[GLIDE],48.7999999999985,0.5914541897647,0.5914541897647,0.5914541897647,0.0,6.31568281706356,0.0,63.7354174720604,3.61355737895687,1.74777432727157,479.598754882812,292.1845703125,0.0
[VERBATIM] FAILURE SCREENSHOT: ground impact (physics_process)
[VERBATIM] Ground impact – fatal
[ARMTEL],73.8333333333304,L,true,0.01666666666667,7.10833333333333,4.73163351811762,3.21635915708538,-0.83965934186967,0.90496543680276,0.60653694704475,57.621017288211,-2.0,49.6004269177077,0.73333333333333
[ARMTEL],73.8333333333304,R,true,0.01666666666667,7.10833333333333,4.73163351811762,3.21635915708538,-0.83965934186967,0.90496543680276,0.60653694704475,57.621017288211,-2.0,49.6004269177077,0.73333333333333
[DIAG] _physics_process: ENTER, state=5
[DIAG] _physics_process: camera target set to character (state: 5)
[GLIDE],48.8166666666652,0.60653694704475,0.60653694704475,0.60653694704475,0.0,6.19622737940559,0.0,63.7354174720604,3.64128270616177,1.7016606178148,479.691375732422,292.230255126953,0.0
[VERBATIM] FAILURE SCREENSHOT: ground impact (physics_process)
[VERBATIM] Ground impact – fatal
[DIAG] _poll_controls: ENTER, state=5
[VERBATIM] POLL: _poll_controls() entered, game_state=5
[DIAG] _poll_controls: EXIT (LANDED/GAME_OVER)
[ARMTEL],73.8499999999971,L,true,0.01666666666667,7.15625,4.85229557635799,3.16737902880965,-0.86342460516764,0.89057502671663,0.62137986415669,59.0310945929522,-2.0,51.3130712796709,0.75
[ARMTEL],73.8499999999971,R,true,0.01666666666667,7.15625,4.85229557635799,3.16737902880965,-0.86342460516764,0.89057502671663,0.62137986415669,59.0310945929522,-2.0,51.3130712796709,0.75
[DIAG] _physics_process: ENTER, state=5
[DIAG] _physics_process: camera target set to character (state: 5)
[GLIDE],48.8333333333318,0.62137986415669,0.62137986415669,0.62137986415669,0.0,6.078671475879,0.0,63.7354174720604,3.6713794778417,1.65569141315037,479.7822265625,292.275085449219,0.0
[VERBATIM] FAILURE SCREENSHOT: ground impact (physics_process)
[VERBATIM] Ground impact – fatal
[ARMTEL],73.8666666666638,L,true,0.01666666666667,7.20416666666667,4.97103891325354,3.11701259350821,-0.88388484009508,0.87584361271505,0.63597725770194,60.4178471558949,-2.0,52.997385998003,0.76666666666667
[ARMTEL],73.8666666666638,R,true,0.01666666666667,7.20416666666667,4.97103891325354,3.11701259350821,-0.88388484009508,0.87584361271505,0.63597725770194,60.4178471558949,-2.0,52.997385998003,0.76666666666667
[DIAG] _physics_process: ENTER, state=5
[DIAG] _physics_process: camera target set to character (state: 5)
[GLIDE],48.8499999999985,0.63597725770194,0.63597725770194,0.63597725770194,0.0,5.96306011900061,0.0,63.7354174720604,3.70375289013781,1.61000485072284,479.871337890625,292.319061279297,0.0
[VERBATIM] FAILURE SCREENSHOT: ground impact (physics_process)
[VERBATIM] Ground impact – fatal
[DIAG] _poll_controls: ENTER, state=5
[VERBATIM] POLL: _poll_controls() entered, game_state=5
[DIAG] _poll_controls: EXIT (LANDED/GAME_OVER)
[DEBUG] _input (build_terrain) called, event=InputEventKey: keycode=81 (Q), mods=none, physical=false, location=unspecified, pressed=true, echo=true
[AUDIT] _input: ENTER
2026-08-05T15:44:00 [INFO] InputManager ready
2026-08-05T15:44:00 [INFO] InputMap.has_action('restart') = true
[INPUT] unhandled_input triggered
2026-08-05T15:44:00 [INFO] InputManager: key=Q code=81
[ARMTEL],73.8833333333304,L,true,0.01666666666667,7.25208333333333,5.08781806161555,3.06545264450266,-0.90118737278487,0.86082382316863,0.65032432142142,61.7808183823683,-2.0,54.6528165043228,0.78333333333333
[ARMTEL],73.8833333333304,R,true,0.01666666666667,7.25208333333333,5.08781806161555,3.06545264450266,-0.90118737278487,0.86082382316863,0.65032432142142,61.7808183823683,-2.0,54.6528165043228,0.78333333333333
[DIAG] _physics_process: ENTER, state=5
[DIAG] _physics_process: camera target set to character (state: 5)
[GLIDE],48.8666666666652,0.65032432142142,0.65032432142142,0.65032432142142,0.0,5.84943137434235,0.0,63.7354174720604,3.73830345062742,1.56472888078698,479.958770751953,292.362213134766,0.0
[VERBATIM] FAILURE SCREENSHOT: ground impact (physics_process)
[VERBATIM] Ground impact – fatal
[ARMTEL],73.8999999999971,L,true,0.01666666666667,7.3,5.20259457137136,3.01288338109021,-0.91547795246157,0.84556585729427,0.66441708570966,63.1196311598055,-2.0,56.2789047672091,0.8
[ARMTEL],73.8999999999971,R,true,0.01666666666667,7.3,5.20259457137136,3.01288338109021,-0.91547795246157,0.84556585729427,0.66441708570966,63.1196311598055,-2.0,56.2789047672091,0.8
[DIAG] _physics_process: ENTER, state=5
[DIAG] _physics_process: camera target set to character (state: 5)
[GLIDE],48.8833333333318,0.66441708570966,0.66441708570966,0.66441708570966,0.0,5.73781668117951,0.0,63.7354174720604,3.77492785216358,1.51998048860481,480.044525146484,292.404541015625,0.0
[VERBATIM] FAILURE SCREENSHOT: ground impact (physics_process)
[VERBATIM] Ground impact – fatal
[DIAG] _poll_controls: ENTER, state=5
[VERBATIM] POLL: _poll_controls() entered, game_state=5
[DIAG] _poll_controls: EXIT (LANDED/GAME_OVER)
[DEBUG] _input (build_terrain) called, event=InputEventKey: keycode=81 (Q), mods=none, physical=false, location=unspecified, pressed=true, echo=true
[AUDIT] _input: ENTER
2026-08-05T15:44:00 [INFO] InputManager ready
2026-08-05T15:44:00 [INFO] InputMap.has_action('restart') = true
[INPUT] unhandled_input triggered
2026-08-05T15:44:00 [INFO] InputManager: key=Q code=81
[ARMTEL],73.9166666666638,L,true,0.01666666666667,7.34791666666667,5.31533668567726,2.95948050052995,-0.92690051954055,0.83011751530193,0.67825237763136,64.4339840593146,-2.0,57.8752846787256,0.81666666666667
[ARMTEL],73.9166666666638,R,true,0.01666666666667,7.34791666666667,5.31533668567726,2.95948050052995,-0.92690051954055,0.83011751530193,0.67825237763136,64.4339840593146,-2.0,57.8752846787256,0.81666666666667
[DIAG] _physics_process: ENTER, state=5
[DIAG] _physics_process: camera target set to character (state: 5)
[GLIDE],48.8999999999985,0.67825237763136,0.67825237763136,0.67825237763136,0.0,5.62824116915965,0.0,63.7354174720604,3.81351982177698,1.47586519336278,480.128631591797,292.446044921875,0.0
[VERBATIM] FAILURE SCREENSHOT: ground impact (physics_process)
[VERBATIM] Ground impact – fatal
[ARMTEL],73.9333333333304,L,true,0.01666666666667,7.39583333333334,5.42601902105086,2.90541130355675,-0.93559699127427,0.81452423211402,0.69182778149992,65.7236475906401,-2.0,59.4416775057909,0.83333333333333
[ARMTEL],73.9333333333304,R,true,0.01666666666667,7.39583333333334,5.42601902105086,2.90541130355675,-0.93559699127427,0.81452423211402,0.69182778149992,65.7236475906401,-2.0,59.4416775057909,0.83333333333333
[DIAG] _physics_process: ENTER, state=5
[DIAG] _physics_process: camera target set to character (state: 5)
[GLIDE],48.9166666666652,0.69182778149992,0.69182778149992,0.69182778149992,0.0,5.5207239705206,0.0,63.7354174720604,3.85397093910287,1.43247680321267,480.211151123047,292.486755371094,0.0
[VERBATIM] FAILURE SCREENSHOT: ground impact (physics_process)
[VERBATIM] Ground impact – fatal
[DIAG] _poll_controls: ENTER, state=5
[VERBATIM] POLL: _poll_controls() entered, game_state=5
[DIAG] _poll_controls: EXIT (LANDED/GAME_OVER)
[ARMTEL],73.9499999999971,L,true,0.01666666666667,7.44375,5.53462225199939,2.85083481239909,-0.94170706439848,0.79882911437405,0.70514160007282,66.9884605157209,-2.0,60.9778874127188,0.85
[ARMTEL],73.9499999999971,R,true,0.01666666666667,7.44375,5.53462225199939,2.85083481239909,-0.94170706439848,0.79882911437405,0.70514160007282,66.9884605157209,-2.0,60.9778874127188,0.85
[DIAG] _physics_process: ENTER, state=5
[DIAG] _physics_process: camera target set to character (state: 5)
[GLIDE],48.9333333333318,0.70514160007282,0.70514160007282,0.70514160007282,0.0,5.41527852742323,0.0,63.7354174720604,3.89617141951164,1.38989740038235,480.292083740234,292.526702880859,0.0
[VERBATIM] FAILURE SCREENSHOT: ground impact (physics_process)
[VERBATIM] Ground impact – fatal
[ARMTEL],73.9666666666638,L,true,0.01666666666667,7.49166666666667,5.6411328005826,2.79590190030917,-0.9453680342251,0.7830729804703,0.718192816414,68.2283262256186,-2.0,62.4837970607275,0.86666666666667
[ARMTEL],73.9666666666638,R,true,0.01666666666667,7.49166666666667,5.6411328005826,2.79590190030917,-0.9453680342251,0.7830729804703,0.718192816414,68.2283262256186,-2.0,62.4837970607275,0.86666666666667
[DIAG] _physics_process: ENTER, state=5
[DIAG] _physics_process: camera target set to character (state: 5)
[GLIDE],48.9499999999985,0.718192816414,0.718192816414,0.718192816414,0.0,5.31191289400115,0.0,63.7354174720604,3.94001085784015,1.34819752677358,480.371490478516,292.565887451172,0.0
[VERBATIM] FAILURE SCREENSHOT: ground impact (physics_process)
[VERBATIM] Ground impact – fatal
[DIAG] _poll_controls: ENTER, state=5
[VERBATIM] POLL: _poll_controls() entered, game_state=5
[DIAG] _poll_controls: EXIT (LANDED/GAME_OVER)
[DEBUG] _input (build_terrain) called, event=InputEventKey: keycode=81 (Q), mods=none, physical=false, location=unspecified, pressed=true, echo=true
[AUDIT] _input: ENTER
2026-08-05T15:44:01 [INFO] InputManager ready
2026-08-05T15:44:01 [INFO] InputMap.has_action('restart') = true
[INPUT] unhandled_input triggered
2026-08-05T15:44:01 [INFO] InputManager: key=Q code=81
[ARMTEL],73.9833333333304,L,true,0.01666666666667,7.53958333333334,5.74554253131197,2.74075543164604,-0.94671462962468,0.76729440330989,0.73098105646916,69.4432091851724,-2.0,63.9593632897058,0.88333333333333
[ARMTEL],73.9833333333304,R,true,0.01666666666667,7.53958333333334,5.74554253131197,2.74075543164604,-0.94671462962468,0.76729440330989,0.73098105646916,69.4432091851724,-2.0,63.9593632897058,0.88333333333333
[DIAG] _physics_process: ENTER, state=5
[DIAG] _physics_process: camera target set to character (state: 5)
[GLIDE],48.9666666666652,0.73098105646916,0.73098105646916,0.73098105646916,0.0,5.21063003276424,0.0,63.7354174720604,3.98537892933239,1.30743653869749,480.449371337891,292.604309082031,0.0
[VERBATIM] FAILURE SCREENSHOT: ground impact (physics_process)
[VERBATIM] Ground impact – fatal
[ARMTEL],73.9999999999971,L,true,0.01666666666667,7.5875,5.84784845175329,2.6855304115846,-0.94587886333789,0.75152975558759,0.74350655239562,70.6331314493287,-2.0,65.4046128870361,0.9
[ARMTEL],73.9999999999971,R,true,0.01666666666667,7.5875,5.84784845175329,2.6855304115846,-0.94587886333789,0.75152975558759,0.74350655239562,70.6331314493287,-2.0,65.4046128870361,0.9
[DIAG] _physics_process: ENTER, state=5
[DIAG] _physics_process: camera target set to character (state: 5)
[GLIDE],48.9833333333318,0.74350655239562,0.74350655239562,0.74350655239562,0.0,5.11142810502668,0.0,63.7354174720604,4.0321660450903,1.26766309915499,480.525756835938,292.641998291016,0.0
[VERBATIM] FAILURE SCREENSHOT: ground impact (physics_process)
[VERBATIM] Ground impact – fatal
[DIAG] _poll_controls: ENTER, state=5
[VERBATIM] POLL: _poll_controls() entered, game_state=5
[DIAG] _poll_controls: EXIT (LANDED/GAME_OVER)
[VERBATIM] Wind updated: 12.5 kts @ 240.0°
[DEBUG] _input (build_terrain) called, event=InputEventKey: keycode=81 (Q), mods=none, physical=false, location=unspecified, pressed=true, echo=true
[AUDIT] _input: ENTER
2026-08-05T15:44:01 [INFO] InputManager ready
2026-08-05T15:44:01 [INFO] InputMap.has_action('restart') = true
[INPUT] unhandled_input triggered
2026-08-05T15:44:01 [INFO] InputManager: key=Q code=81
[ARMTEL],74.0166666666638,L,true,0.01666666666667,7.63541666666667,5.94805241916497,2.63035414455656,-0.94298989705486,0.73581325730334,0.75577010668401,71.7981692547075,-2.0,66.8196384477958,0.91666666666667
[ARMTEL],74.0166666666638,R,true,0.01666666666667,7.63541666666667,5.94805241916497,2.63035414455656,-0.94298989705486,0.73581325730334,0.75577010668401,71.7981692547075,-2.0,66.8196384477958,0.91666666666667
[DIAG] _physics_process: ENTER, state=5
[DIAG] _physics_process: camera target set to character (state: 5)
[GLIDE],48.9999999999985,0.75577010668401,0.75577010668401,0.75577010668401,0.0,5.01430075506264,0.0,63.7354174720604,4.08026396000165,1.22891577707159,480.600708007812,292.678985595703,0.0
[VERBATIM] FAILURE SCREENSHOT: ground impact (physics_process)
[VERBATIM] Ground impact – fatal
[ARMTEL],74.0333333333304,L,true,0.01666666666667,7.68333333333334,6.04616085347208,2.57534640056169,-0.93817392070044,0.72017702529167,0.76777305710554,72.9384496895899,-2.0,68.2045943302086,0.93333333333333
[ARMTEL],74.0333333333304,R,true,0.01666666666667,7.68333333333334,6.04616085347208,2.57534640056169,-0.93817392070044,0.72017702529167,0.76777305710554,72.9384496895899,-2.0,68.2045943302086,0.93333333333333
[DIAG] _physics_process: ENTER, state=5
[DIAG] _physics_process: camera target set to character (state: 5)
[GLIDE],49.0166666666652,0.76777305710554,0.76777305710554,0.76777305710554,0.0,4.91923738772414,0.0,63.7354174720604,4.12956633174381,1.19122372485221,480.674224853516,292.715270996094,0.0
[VERBATIM] FAILURE SCREENSHOT: ground impact (physics_process)
[VERBATIM] Ground impact – fatal
[DIAG] _poll_controls: ENTER, state=5
[VERBATIM] POLL: _poll_controls() entered, game_state=5
[DIAG] _poll_controls: EXIT (LANDED/GAME_OVER)
[ARMTEL],74.0499999999971,L,true,0.01666666666667,7.73125,6.1421844568443,2.52061958852083,-0.93155404536513,0.70465112453558,0.77951724251446,74.0541474451526,-2.0,69.5596927097759,0.95
[ARMTEL],74.0499999999971,R,true,0.01666666666667,7.73125,6.1421844568443,2.52061958852083,-0.93155404536513,0.70465112453558,0.77951724251446,74.0541474451526,-2.0,69.5596927097759,0.95
[DIAG] _physics_process: ENTER, state=5
[DIAG] _physics_process: camera target set to character (state: 5)
[GLIDE],49.0333333333318,0.77951724251446,0.77951724251446,0.77951724251446,0.0,4.82622343928544,0.0,63.7354174720604,4.1799692300542,1.15460740825187,480.746368408203,292.750854492188,0.0
[VERBATIM] FAILURE SCREENSHOT: ground impact (physics_process)
[VERBATIM] Ground impact – fatal
[ARMTEL],74.0666666666637,L,true,0.01666666666667,7.77916666666667,6.23613794011571,2.46627893587454,-0.92325020932358,0.68926362104686,0.79100496953191,75.1454816504302,-2.0,70.8851997351013,0.96666666666667
[ARMTEL],74.0666666666637,R,true,0.01666666666667,7.77916666666667,6.23613794011571,2.46627893587454,-0.92325020932358,0.68926362104686,0.79100496953191,75.1454816504302,-2.0,70.8851997351013,0.96666666666667
[DIAG] _physics_process: ENTER, state=5
[DIAG] _physics_process: camera target set to character (state: 5)
[GLIDE],49.0499999999985,0.79100496953191,0.79100496953191,0.79100496953191,0.0,4.73524064130726,0.0,63.7354174720604,4.23137159600721,1.11907936560701,480.817138671875,292.785766601562,0.0
[VERBATIM] FAILURE SCREENSHOT: ground impact (physics_process)
[VERBATIM] Ground impact – fatal
[DIAG] _poll_controls: ENTER, state=5
[VERBATIM] POLL: _poll_controls() entered, game_state=5
[DIAG] _poll_controls: EXIT (LANDED/GAME_OVER)
[DEBUG] _input (build_terrain) called, event=InputEventKey: keycode=81 (Q), mods=none, physical=false, location=unspecified, pressed=true, echo=true
[AUDIT] _input: ENTER
2026-08-05T15:44:01 [INFO] InputManager ready
2026-08-05T15:44:01 [INFO] InputMap.has_action('restart') = true
[INPUT] unhandled_input triggered
2026-08-05T15:44:01 [INFO] InputManager: key=Q code=81
