[ARMTEL],17.516666666667,L,true,0.01666666666667,5.67083333333333,0.82325191846169,2.73922101744678,2.10836039742486,0.81777391637045,0.11653605508055,11.0709266388697,-2.0,20.0000085715136,0.23333333333333
[DIAG] _physics_process: ENTER, state=1
[DIAG] _physics_process: camera target set to character (state: 1)
[ARMTEL],17.5333333333336,L,true,0.01666666666667,5.71875,0.93228844064441,2.86220870729657,1.92425285205902,0.8498447972381,0.13070013503452,12.4165144054118,-2.0,20.0000085715136,0.25
[DIAG] _physics_process: ENTER, state=1
[DIAG] _physics_process: camera target set to character (state: 1)
[DIAG] _poll_controls: ENTER, state=1
[VERBATIM] POLL: _poll_controls() entered, game_state=1
[VERBATIM] POLL: checking deploy state=1 canopy=false
[ARMTEL],17.5500000000003,L,true,0.01666666666667,5.76666666666667,1.04560108027616,2.97445679033334,1.74660879605716,0.87895494383905,0.1453493840985,13.8081932432598,-2.0,20.0000085715136,0.26666666666667
[DIAG] _physics_process: ENTER, state=1
[DIAG] _physics_process: camera target set to character (state: 1)
[ARMTEL],17.566666666667,L,true,0.01666666666667,5.81458333333333,1.16279507278803,3.07634230343668,1.57544595710862,0.90521237645753,0.16043625703946,15.2414463547012,-2.0,20.0000085715136,0.28333333333333
[DIAG] _physics_process: ENTER, state=1
[DIAG] _physics_process: camera target set to character (state: 1)
[DIAG] _poll_controls: ENTER, state=1
[VERBATIM] POLL: _poll_controls() entered, game_state=1
[VERBATIM] POLL: checking deploy state=1 canopy=false
[ARMTEL],17.5833333333336,L,true,0.01666666666667,5.8625,1.28349005631571,3.16824331760135,1.41076662608295,0.92872515355891,0.17591500959878,16.7119280346151,-2.0,20.0000085715136,0.3
[DIAG] _physics_process: ENTER, state=1
[DIAG] _physics_process: camera target set to character (state: 1)
[ARMTEL],17.6000000000003,L,true,0.01666666666667,5.91041666666667,1.40732007679023,3.25053803745619,1.25255855242025,0.94960112943258,0.19174169508932,18.2154633471942,-2.0,20.0000085715136,0.31666666666667
[DIAG] _physics_process: ENTER, state=1
[DIAG] _physics_process: camera target set to character (state: 1)
[DIAG] _poll_controls: ENTER, state=1
[VERBATIM] POLL: _poll_controls() entered, game_state=1
[VERBATIM] POLL: checking deploy state=1 canopy=false
[ARMTEL],17.6166666666669,L,true,0.01666666666667,5.95833333333333,1.53393356071457,3.32360395301403,1.10079581960473,0.96794772642599,0.20787415719642,19.7480474420359,-2.0,20.0000085715136,0.33333333333333
[DIAG] _physics_process: ENTER, state=1
[DIAG] _physics_process: camera target set to character (state: 1)
[ARMTEL],17.6333333333336,L,true,0.01666666666667,6.00625,1.66299325757137,3.38781704249098,0.95543969993765,0.98387172142495,0.22427201922017,21.3058445321618,-2.0,20.0000085715136,0.35
[DIAG] _physics_process: ENTER, state=1
[DIAG] _physics_process: camera target set to character (state: 1)
[DIAG] _poll_controls: ENTER, state=1
[VERBATIM] POLL: _poll_controls() entered, game_state=1
[VERBATIM] POLL: checking deploy state=1 canopy=false
[ARMTEL],17.6500000000003,L,true,0.01666666666667,6.05416666666667,1.79417615376136,3.44355102498734,0.81643948791796,0.99747904622359,0.24089666999056,22.8851865559554,-2.0,20.0000085715136,0.36666666666667
[DIAG] _physics_process: ENTER, state=1
[DIAG] _physics_process: camera target set to character (state: 1)
[ARMTEL],17.6666666666669,L,true,0.01666666666667,6.10208333333333,1.92717335992451,3.49117666178255,0.68373331162627,1.00887460141736,0.25771124668085,24.482571544431,-2.0,20.0000085715136,0.38333333333333
[DIAG] _physics_process: ENTER, state=1
[DIAG] _physics_process: camera target set to character (state: 1)
[DIAG] _poll_controls: ENTER, state=1
[VERBATIM] POLL: _poll_controls() entered, game_state=1
[VERBATIM] POLL: checking deploy state=1 canopy=false
[ARMTEL],17.6833333333336,L,true,0.01666666666667,6.15,2.06168997344682,3.53106110496075,0.55724892159242,1.0181620834439,0.27468061473825,26.0946617146499,-2.0,20.0000085715136,0.4
[DIAG] _physics_process: ENTER, state=1
[DIAG] _physics_process: camera target set to character (state: 1)
[ARMTEL],17.7000000000003,L,true,0.01666666666667,6.19791666666667,2.19744491790601,3.56356729205364,0.43690445670701,1.02544382438902,0.29177134514473,27.7182813094962,-2.0,20.0000085715136,0.41666666666667
[DIAG] _physics_process: ENTER, state=1
[DIAG] _physics_process: camera target set to character (state: 1)
[WIND] speed 6.75146384358857 kts  dir 0°  gust 1.05054121543789  vec_ms (0.0, 0.0, 3.47325)
[DIAG] _poll_controls: ENTER, state=1
[VERBATIM] POLL: _poll_controls() entered, game_state=1
[VERBATIM] POLL: checking deploy state=1 canopy=false
[ARMTEL],17.7166666666669,L,true,0.01666666666667,6.24583333333333,2.33417076115788,3.58905338536155,0.3226091868139,1.03082064416925,0.30895168921422,29.3504142034093,-2.0,20.0000085715136,0.43333333333333
[DIAG] _physics_process: ENTER, state=1
[DIAG] _physics_process: camera target set to character (state: 1)
[ARMTEL],17.7333333333336,L,true,0.01666666666667,6.29375,2.47161351371378,3.60787225459236,0.21426423169386,1.03439171469748,0.32619155112585,30.9882012930436,-2.0,20.0000085715136,0.45
[DIAG] _physics_process: ENTER, state=1
[DIAG] _physics_process: camera target set to character (state: 1)
[DIAG] _poll_controls: ENTER, state=1
[VERBATIM] POLL: _poll_controls() entered, game_state=1
[VERBATIM] POLL: checking deploy state=1 canopy=false
[ARMTEL],17.7500000000003,L,true,0.01666666666667,6.34166666666667,2.60953240900677,3.62037100144117,0.11176325621872,1.03625443563446,0.34346245838642,32.6289376912027,-2.0,20.0000085715136,0.46666666666667
[DIAG] _physics_process: ENTER, state=1
[DIAG] _physics_process: camera target set to character (state: 1)
[ARMTEL],17.7666666666669,L,true,0.01666666666667,6.38958333333333,2.74769966709137,3.6268905247206,0.01499314152137,1.03650432132648,0.36073753040853,34.2700697417578,-2.0,21.2389544456219,0.48333333333333
[DIAG] _physics_process: ENTER, state=1
[DIAG] _physics_process: camera target set to character (state: 1)
[DIAG] _poll_controls: ENTER, state=1
[VERBATIM] POLL: _poll_controls() entered, game_state=1
[VERBATIM] POLL: checking deploy state=1 canopy=false
[ARMTEL],17.7833333333336,L,true,0.01666666666667,6.4375,2.88590024326823,3.62776512464268,-0.07616536791091,1.03523489852796,0.377991445384,35.9091918726266,-2.0,23.2297908817255,0.5
[DIAG] _physics_process: ENTER, state=1
[DIAG] _physics_process: camera target set to character (state: 1)
[ARMTEL],17.8000000000003,L,true,0.01666666666667,6.48541666666667,3.02393156307196,3.62332214484787,-0.16183704125317,1.03253761450708,0.39520040562578,37.5440433032533,-2.0,25.2154402329318,0.51666666666667
[DIAG] _physics_process: ENTER, state=1
[DIAG] _physics_process: camera target set to character (state: 1)
[DIAG] _poll_controls: ENTER, state=1
[VERBATIM] POLL: _poll_controls() entered, game_state=1
[VERBATIM] POLL: checking deploy state=1 canopy=false
[DEBUG] _input (build_terrain) called, event=InputEventKey: keycode=81 (Q), mods=none, physical=false, location=unspecified, pressed=true, echo=true
[ARMTEL],17.8166666666669,L,true,0.01666666666667,6.53333333333333,3.16160324500624,3.61388165077477,-0.24215156244768,1.02850175513295,0.41234210154466,39.1725046223925,-2.0,27.1933283157492,0.53333333333333
[DIAG] _physics_process: ENTER, state=1
[DIAG] _physics_process: camera target set to character (state: 1)
[ARMTEL],17.8333333333336,L,true,0.01666666666667,6.58125,3.2987368123573,3.59975614296533,-0.31724295532262,1.02321437254424,0.4293956744204,40.7925942513696,-2.0,29.1610483546529,0.55
[DIAG] _physics_process: ENTER, state=1
[DIAG] _physics_process: camera target set to character (state: 1)
[DIAG] _poll_controls: ENTER, state=1
[VERBATIM] POLL: _poll_controls() entered, game_state=1
[VERBATIM] POLL: checking deploy state=1 canopy=false
[DEBUG] _input (build_terrain) called, event=InputEventKey: keycode=81 (Q), mods=none, physical=false, location=unspecified, pressed=true, echo=true
[ARMTEL],17.8500000000003,L,true,0.01666666666667,6.62916666666667,3.4351653953632,3.58125030390484,-0.38724903260137,1.01676022200088,0.44634167812041,42.402464807355,-2.0,31.1163565650102,0.56666666666667
[DIAG] _physics_process: ENTER, state=1
[DIAG] _physics_process: camera target set to character (state: 1)
[ARMTEL],17.8666666666669,L,true,0.01666666666667,6.67708333333333,3.57073342496331,3.55866077700309,-0.45231086863307,1.00922170752367,0.46316203991248,44.0003993805688,-2.0,33.0571676314665,0.58333333333333
[DIAG] _physics_process: ENTER, state=1
[DIAG] _physics_process: camera target set to character (state: 1)
[DIAG] _poll_controls: ENTER, state=1
[VERBATIM] POLL: _poll_controls() entered, game_state=1
[VERBATIM] POLL: checking deploy state=1 canopy=false
[ARMTEL],17.8833333333336,L,true,0.01666666666667,6.725,3.7052963192998,3.53227597633283,-0.51257229563263,1.00067883592979,0.47984002051131,45.5848077387075,-2.0,34.9815500979381,0.6
[DIAG] _physics_process: ENTER, state=1
[DIAG] _physics_process: camera target set to character (state: 1)
[DIAG] _poll_controls: ENTER, state=1
[VERBATIM] POLL: _poll_controls() entered, game_state=1
[VERBATIM] POLL: checking deploy state=1 canopy=false
[DEBUG] _input (build_terrain) called, event=InputEventKey: keycode=81 (Q), mods=none, physical=false, location=unspecified, pressed=true, echo=true
[ARMTEL],17.9000000000003,L,true,0.01666666666667,6.77291666666667,3.83872016409044,3.50237592575426,-0.56817942317803,0.99120917887682,0.49636017349259,47.1542224712745,-2.0,36.887721684613,0.61666666666667
[DIAG] _physics_process: ENTER, state=1
[DIAG] _physics_process: camera target set to character (state: 1)
[ARMTEL],17.9166666666669,L,true,0.01666666666667,6.82083333333333,3.97088138794068,3.46923212606887,-0.61928018067622,0.98088784253222,0.51270830420146,48.7072950858868,-2.0,38.7740445466233,0.63333333333333
[DIAG] _physics_process: ENTER, state=1
[DIAG] _physics_process: camera target set to character (state: 1)
[DIAG] _poll_controls: ENTER, state=1
[VERBATIM] POLL: _poll_controls() entered, game_state=1
[VERBATIM] POLL: checking deploy state=1 canopy=false
[DEBUG] _input (build_terrain) called, event=InputEventKey: keycode=81 (Q), mods=none, physical=false, location=unspecified, pressed=true, echo=true
[ARMTEL],17.9333333333336,L,true,0.01666666666667,6.86875,4.10166643361165,3.43310744886276,-0.66602388247441,0.96978744449098,0.52887142827631,50.2427920680347,-2.0,40.6390204883286,0.65
[DIAG] _physics_process: ENTER, state=1
[DIAG] _physics_process: camera target set to character (state: 1)
[ARMTEL],17.9500000000003,L,true,0.01666666666667,6.91666666666667,4.23097142621044,3.39425605571842,-0.7085608152622,0.95797809756994,0.54483772990247,51.7595909151826,-2.0,42.4812861464351,0.66666666666667
[DIAG] _physics_process: ENTER, state=1
[DIAG] _physics_process: camera target set to character (state: 1)
[DIAG] _poll_controls: ENTER, state=1
[VERBATIM] POLL: _poll_controls() entered, game_state=1
[VERBATIM] POLL: checking deploy state=1 canopy=false
[ARMTEL],17.9666666666669,L,true,0.01666666666667,6.96458333333333,4.35870183921977,3.35292334149479,-0.74704184738123,0.94552740011359,0.56059651990436,53.2566761555206,-2.0,44.2996081544712,0.68333333333333
[DIAG] _physics_process: ENTER, state=1
[DIAG] _physics_process: camera target set to character (state: 1)
[ARMTEL],17.9833333333336,L,true,0.01666666666667,7.0125,4.48477215923491,3.30934590039755,-0.78161805963247,0.93250043245305,0.57613819377858,54.7331353611095,-2.0,46.0928783004541,0.7
[DIAG] _physics_process: ENTER, state=1
[DIAG] _physics_process: camera target set to character (state: 1)
[DIAG] _poll_controls: ENTER, state=1
[VERBATIM] POLL: _poll_controls() entered, game_state=1
[VERBATIM] POLL: checking deploy state=1 canopy=false
[DEBUG] _input (build_terrain) called, event=InputEventKey: keycode=81 (Q), mods=none, physical=false, location=unspecified, pressed=true, echo=true
[ARMTEL],18.0000000000003,L,true,0.01666666666667,7.06041666666667,4.60910555022865,3.26375151358566,-0.81244039714765,0.91895975916725,0.5914541897647,56.1881551646061,-2.0,47.8601086889047,0.71666666666667
[DIAG] _physics_process: ENTER, state=1
[DIAG] _physics_process: camera target set to character (state: 1)
[ARMTEL],18.0166666666669,L,true,0.01666666666667,7.10833333333333,4.73163351811762,3.21635915708538,-0.83965934186967,0.90496543680276,0.60653694704475,57.621017288211,-2.0,49.6004269177077,0.73333333333333
[DIAG] _physics_process: ENTER, state=1
[DIAG] _physics_process: camera target set to character (state: 1)
[DIAG] _poll_controls: ENTER, state=1
[VERBATIM] POLL: _poll_controls() entered, game_state=1
[VERBATIM] POLL: checking deploy state=1 canopy=false
[VERBATIM] Wind updated: 12.5 kts @ 240.0°
[DEBUG] _input (build_terrain) called, event=InputEventKey: keycode=81 (Q), mods=none, physical=false, location=unspecified, pressed=true, echo=true
[ARMTEL],18.0333333333336,L,true,0.01666666666667,7.15625,4.85229557635799,3.16737902880965,-0.86342460516764,0.89057502671663,0.62137986415669,59.0310945929522,-2.0,51.3130712796709,0.75
[DIAG] _physics_process: ENTER, state=1
[DIAG] _physics_process: camera target set to character (state: 1)
[ARMTEL],18.0500000000003,L,true,0.01666666666667,7.20416666666667,4.97103891325354,3.11701259350821,-0.88388484009508,0.87584361271505,0.63597725770194,60.4178471558949,-2.0,52.997385998003,0.76666666666667
[DIAG] _physics_process: ENTER, state=1
[DIAG] _physics_process: camera target set to character (state: 1)
[DIAG] _poll_controls: ENTER, state=1
[VERBATIM] POLL: _poll_controls() entered, game_state=1
[VERBATIM] POLL: checking deploy state=1 canopy=false
[ARMTEL],18.0666666666669,L,true,0.01666666666667,7.25208333333333,5.08781806161555,3.06545264450266,-0.90118737278487,0.86082382316863,0.65032432142142,61.7808183823683,-2.0,54.6528165043228,0.78333333333333
[DIAG] _physics_process: ENTER, state=1
[DIAG] _physics_process: camera target set to character (state: 1)
[ARMTEL],18.0833333333336,L,true,0.01666666666667,7.3,5.20259457137136,3.01288338109021,-0.91547795246157,0.84556585729427,0.66441708570966,63.1196311598055,-2.0,56.2789047672091,0.8
[DIAG] _physics_process: ENTER, state=1
[DIAG] _physics_process: camera target set to character (state: 1)
[DIAG] _poll_controls: ENTER, state=1
[VERBATIM] POLL: _poll_controls() entered, game_state=1
[VERBATIM] POLL: checking deploy state=1 canopy=false
[DEBUG] _input (build_terrain) called, event=InputEventKey: keycode=81 (Q), mods=none, physical=false, location=unspecified, pressed=true, echo=true
[ARMTEL],18.1000000000003,L,true,0.01666666666667,7.34791666666667,5.31533668567726,2.95948050052995,-0.92690051954055,0.83011751530193,0.67825237763136,64.4339840593146,-2.0,57.8752846787256,0.81666666666667
[DIAG] _physics_process: ENTER, state=1
[DIAG] _physics_process: camera target set to character (state: 1)
[ARMTEL],18.1166666666669,L,true,0.01666666666667,7.39583333333334,5.42601902105086,2.90541130355675,-0.93559699127427,0.81452423211402,0.69182778149992,65.7236475906401,-2.0,59.4416775057909,0.83333333333333
[DIAG] _physics_process: ENTER, state=1
[DIAG] _physics_process: camera target set to character (state: 1)
[DIAG] _poll_controls: ENTER, state=1
[VERBATIM] POLL: _poll_controls() entered, game_state=1
[VERBATIM] POLL: checking deploy state=1 canopy=false
[DEBUG] _input (build_terrain) called, event=InputEventKey: keycode=81 (Q), mods=none, physical=false, location=unspecified, pressed=true, echo=true
[ARMTEL],18.1333333333336,L,true,0.01666666666667,7.44375,5.53462225199939,2.85083481239909,-0.94170706439848,0.79882911437405,0.70514160007282,66.9884605157209,-2.0,60.9778874127188,0.85
[DIAG] _physics_process: ENTER, state=1
[DIAG] _physics_process: camera target set to character (state: 1)
[ARMTEL],18.1500000000003,L,true,0.01666666666667,7.49166666666667,5.6411328005826,2.79590190030917,-0.9453680342251,0.7830729804703,0.718192816414,68.2283262256186,-2.0,62.4837970607275,0.86666666666667
[PIPLIVE] eye=(693.3057, 705.6762, 370.9333) state=1 deployed=false framing=aircraft/sky
[DIAG] _physics_process: ENTER, state=1
[DIAG] _physics_process: camera target set to character (state: 1)
[DIAG] _poll_controls: ENTER, state=1
[VERBATIM] POLL: _poll_controls() entered, game_state=1
[VERBATIM] POLL: checking deploy state=1 canopy=false
[ARMTEL],18.1666666666669,L,true,0.01666666666667,7.53958333333334,5.74554253131197,2.74075543164604,-0.94671462962468,0.76729440330989,0.73098105646916,69.4432091851724,-2.0,63.9593632897058,0.88333333333333
[DIAG] _physics_process: ENTER, state=1
[DIAG] _physics_process: camera target set to character (state: 1)
[ARMTEL],18.1833333333336,L,true,0.01666666666667,7.5875,5.84784845175329,2.6855304115846,-0.94587886333789,0.75152975558759,0.74350655239562,70.6331314493287,-2.0,65.4046128870361,0.9
[DIAG] _physics_process: ENTER, state=1
[DIAG] _physics_process: camera target set to character (state: 1)
[DIAG] _poll_controls: ENTER, state=1
[VERBATIM] POLL: _poll_controls() entered, game_state=1
[VERBATIM] POLL: checking deploy state=1 canopy=false
[DEBUG] _input (build_terrain) called, event=InputEventKey: keycode=81 (Q), mods=none, physical=false, location=unspecified, pressed=true, echo=true
[ARMTEL],18.2000000000002,L,true,0.01666666666667,7.63541666666667,5.94805241916497,2.63035414455656,-0.94298989705486,0.73581325730334,0.75577010668401,71.7981692547075,-2.0,66.8196384477958,0.91666666666667
[DIAG] _physics_process: ENTER, state=1
[DIAG] _physics_process: camera target set to character (state: 1)
[ARMTEL],18.2166666666669,L,true,0.01666666666667,7.68333333333334,6.04616085347208,2.57534640056169,-0.93817392070044,0.72017702529167,0.76777305710554,72.9384496895899,-2.0,68.2045943302086,0.93333333333333
[DIAG] _physics_process: ENTER, state=1
[DIAG] _physics_process: camera target set to character (state: 1)
[DIAG] _poll_controls: ENTER, state=1
[VERBATIM] POLL: _poll_controls() entered, game_state=1
[VERBATIM] POLL: checking deploy state=1 canopy=false
[DEBUG] _input (build_terrain) called, event=InputEventKey: keycode=81 (Q), mods=none, physical=false, location=unspecified, pressed=true, echo=true
[ARMTEL],18.2333333333336,L,true,0.01666666666667,7.73125,6.1421844568443,2.52061958852083,-0.93155404536513,0.70465112453558,0.77951724251446,74.0541474451526,-2.0,69.5596927097759,0.95
[DIAG] _physics_process: ENTER, state=1
[DIAG] _physics_process: camera target set to character (state: 1)
[ARMTEL],18.2500000000002,L,true,0.01666666666667,7.77916666666667,6.23613794011571,2.46627893587454,-0.92325020932358,0.68926362104686,0.79100496953191,75.1454816504302,-2.0,70.8851997351013,0.96666666666667
[DIAG] _physics_process: ENTER, state=1
[DIAG] _physics_process: camera target set to character (state: 1)
[DIAG] _poll_controls: ENTER, state=1
[VERBATIM] POLL: _poll_controls() entered, game_state=1
[VERBATIM] POLL: checking deploy state=1 canopy=false
[ARMTEL],18.2666666666669,L,true,0.01666666666667,7.82708333333334,6.32803975625529,2.41242267366399,-0.91337909658595,0.67404063610376,0.80223898013364,76.2127127931531,-2.0,72.1814317880178,0.98333333333333
[DIAG] _physics_process: ENTER, state=1
[DIAG] _physics_process: camera target set to character (state: 1)
[ARMTEL],18.2833333333336,L,true,0.01666666666667,7.875,6.41791184106913,2.35914222636315,-0.90205406743227,0.65900640164655,0.81322242016108,77.2561397282951,-2.0,73.4487518502462,1.0
[DIAG] _physics_process: ENTER, state=1
[DIAG] _physics_process: camera target set to character (state: 1)
[DIAG] _poll_controls: ENTER, state=1
[VERBATIM] POLL: _poll_controls() entered, game_state=1
[VERBATIM] POLL: checking deploy state=1 canopy=false
[DEBUG] _input (build_terrain) called, event=InputEventKey: keycode=81 (Q), mods=none, physical=false, location=unspecified, pressed=true, echo=true
[DEBUG] _input (build_terrain) called, event=InputEventKey: keycode=81 (Q), mods=none, physical=false, location=unspecified, pressed=false, echo=false
[ARMTEL],18.3000000000002,L,false,0.01666666666667,0.0,6.50577936128867,2.30652240576293,-8.8123017670516,0.51213470552902,0.82175799858657,78.0670197817132,-2.0,74.4336263298548,0.0
[DIAG] _physics_process: ENTER, state=1
[DIAG] _physics_process: camera target set to character (state: 1)
[ARMTEL],18.3166666666669,L,false,0.01666666666667,0.0,6.57406398869254,1.79247146935159,-8.36653545804413,0.37269244789496,0.82796953938482,78.6571162325003,-2.0,75.1503426092083,0.0
[DIAG] _physics_process: ENTER, state=1
[DIAG] _physics_process: camera target set to character (state: 1)
[DIAG] _poll_controls: ENTER, state=1
[VERBATIM] POLL: _poll_controls() entered, game_state=1
[VERBATIM] POLL: checking deploy state=1 canopy=false
[ARMTEL],18.3333333333336,L,false,0.01666666666667,0.0,6.62375631507853,1.30442356763235,-7.92817988271088,0.24055611651644,0.83197880799342,79.037996798697,-2.0,75.6129505471454,0.0
[DIAG] _physics_process: ENTER, state=1
[DIAG] _physics_process: camera target set to character (state: 1)
[ARMTEL],18.3500000000002,L,false,0.01666666666667,0.0,6.65583046394739,0.84194640780755,-7.49777687175494,0.11559316865386,0.83390536080432,79.2210193389796,-2.0,75.8352451126088,0.0
[DIAG] _physics_process: ENTER, state=1
[DIAG] _physics_process: camera target set to character (state: 1)
[DIAG] _poll_controls: ENTER, state=1
[VERBATIM] POLL: _poll_controls() entered, game_state=1
[VERBATIM] POLL: checking deploy state=1 canopy=false
[ARMTEL],18.3666666666669,L,false,0.01666666666667,0.0,6.67124288643457,0.40457609028851,-7.07581897672308,-0.00233714762486,0.83386640834391,79.2173188547702,-2.0,75.8307505977361,0.0
[DIAG] _physics_process: ENTER, state=1
[DIAG] _physics_process: camera target set to character (state: 1)
[ARMTEL],18.3833333333336,L,false,0.01666666666667,0.0,6.67093126675126,-0.00818001668701,-6.66275125006425,-0.1133830017926,0.83197669164736,79.0377957457958,-2.0,75.6127063533579,0.0
[DIAG] _physics_process: ENTER, state=1
[DIAG] _physics_process: camera target set to character (state: 1)
[DIAG] _poll_controls: ENTER, state=1
[VERBATIM] POLL: _poll_controls() entered, game_state=1
[VERBATIM] POLL: checking deploy state=1 canopy=false
[ARMTEL],18.4000000000002,L,false,0.01666666666667,0.0,6.65581353317891,-0.39684050627409,-6.25897302690483,-0.21769921890768,0.82834837133224,78.6931052720764,-2.0,75.1940539897939,0.0
[DIAG] _physics_process: ENTER, state=1
[DIAG] _physics_process: camera target set to character (state: 1)
[ARMTEL],18.4166666666669,L,false,0.01666666666667,0.0,6.62678697065789,-0.76194726617687,-5.86483970448102,-0.31544654731569,0.82309092887697,78.1936481753861,-2.0,74.5874259859156,0.0
[DIAG] _physics_process: ENTER, state=1
[DIAG] _physics_process: camera target set to character (state: 1)
[DIAG] _poll_controls: ENTER, state=1
[VERBATIM] POLL: _poll_controls() entered, game_state=1
[VERBATIM] POLL: checking deploy state=1 canopy=false
[ARMTEL],18.4333333333336,L,false,0.01666666666667,0.0,6.5847274310158,-1.10406291560493,-5.48066451541087,-0.40679095590587,0.81631107961188,77.5495624133907,-2.0,73.8051356496389,0.0
[DIAG] _physics_process: ENTER, state=1
[DIAG] _physics_process: camera target set to character (state: 1)
[ARMTEL],18.4500000000002,L,false,0.01666666666667,0.0,6.53048863689501,-1.42376834567056,-5.10672029122445,-0.49190296075962,0.80811269693255,76.7707159599264,-2.0,72.8591683733232,0.0
[DIAG] _physics_process: ENTER, state=1
[DIAG] _physics_process: camera target set to character (state: 1)
[DIAG] _poll_controls: ENTER, state=1
[VERBATIM] POLL: _poll_controls() entered, game_state=1
[VERBATIM] POLL: checking deploy state=1 canopy=false
[ARMTEL],18.4666666666669,L,false,0.01666666666667,0.0,6.4649015754604,-1.72166036265866,-4.74324121280174,-0.57095698097298,0.79859674724967,75.8667006252254,-2.0,71.7611741279736,0.0
[DIAG] _physics_process: ENTER, state=1
[DIAG] _physics_process: camera target set to character (state: 1)
[ARMTEL],18.4833333333336,L,false,0.01666666666667,0.0,6.38877397799733,-1.99834943340542,-4.39042454459191,-0.64413072338284,0.78786123519329,74.846826850326,-2.0,70.5224611406625,0.0
[DIAG] _physics_process: ENTER, state=1
[DIAG] _physics_process: camera target set to character (state: 1)
[DIAG] _poll_controls: ENTER, state=1
[VERBATIM] POLL: _poll_controls() entered, game_state=1
[VERBATIM] POLL: checking deploy state=1 canopy=false
[ARMTEL],18.5000000000002,L,false,0.01666666666667,0.0,6.30288988154629,-2.25445753183995,-4.04843234970634,-0.71160459587795,0.77600115859532,73.7201194304061,-2.0,69.1539907001982,0.0
[DIAG] _physics_process: ENTER, state=1
[DIAG] _physics_process: camera target set to character (state: 1)
[ARMTEL],18.5166666666669,L,false,0.01666666666667,0.0,6.20800926876256,-2.49061608557282,-3.71739318318974,-0.77356114893111,0.7631084727798,72.4953141223584,-2.0,67.6663730367713,0.0
[DIAG] _physics_process: ENTER, state=1
[DIAG] _physics_process: camera target set to character (state: 1)
[DIAG] _poll_controls: ENTER, state=1
[VERBATIM] POLL: _poll_controls() entered, game_state=1
[VERBATIM] POLL: checking deploy state=1 canopy=false
[ARMTEL],18.5333333333336,L,false,0.01666666666667,0.0,6.10486778223841,-2.70746402125889,-3.39740376097952,-0.83018454494744,0.74927206369734,71.1808550925637,-2.0,66.0698642220843,0.0
[DIAG] _physics_process: ENTER, state=1
[DIAG] _physics_process: camera target set to character (state: 1)
[ARMTEL],18.5500000000002,L,false,0.01666666666667,0.0,5.99417650957876,-2.90564590731603,-3.08853060226273,-0.88166005498515,0.73457772944759,69.7848931615237,-2.0,64.3743640373269,0.0
[DIAG] _physics_process: ENTER, state=1
[DIAG] _physics_process: camera target set to character (state: 1)
[DIAG] _poll_controls: ENTER, state=1
[VERBATIM] POLL: _poll_controls() entered, game_state=1
[VERBATIM] POLL: checking deploy state=1 canopy=false
[ARMTEL],18.5666666666669,L,false,0.01666666666667,0.0,5.87662183558074,-3.08581019244802,-2.79081164313271,-0.92817358237069,0.71910816974141,68.3152848027686,-2.0,62.5894147572747,0.0
[DIAG] _physics_process: ENTER, state=1
[DIAG] _physics_process: camera target set to character (state: 1)
[ARMTEL],18.5833333333336,L,false,0.01666666666667,0.0,5.75286535793131,-3.24860753829743,-2.50425781963388,-0.96991121269793,0.70294298286311,66.7795918542682,-2.0,60.7242007997757,0.0
[DIAG] _physics_process: ENTER, state=1
[DIAG] _physics_process: camera target set to character (state: 1)
[DIAG] _poll_controls: ENTER, state=1
[VERBATIM] POLL: _poll_controls() entered, game_state=1
[VERBATIM] POLL: checking deploy state=1 canopy=false
[ARMTEL],18.6000000000002,L,false,0.01666666666667,0.0,5.62354386290492,-3.39468924444274,-2.22885461846218,-1.0070587896723,0.68615866970191,65.1850819014208,-2.0,58.7875491909198,0.0
[DIAG] _physics_process: ENTER, state=1
[DIAG] _physics_process: camera target set to character (state: 1)
[ARMTEL],18.6166666666669,L,false,0.01666666666667,0.0,5.48926935761528,-3.52470576385303,-1.96456359376225,-1.039801516235,0.66882864443133,63.5387292915974,-2.0,56.787930797278,0.0
[DIAG] _physics_process: ENTER, state=1
[DIAG] _physics_process: camera target set to character (state: 1)
[DIAG] _poll_controls: ENTER, state=1
[VERBATIM] POLL: _poll_controls() entered, game_state=1
[VERBATIM] POLL: checking deploy state=1 canopy=false
[ARMTEL],18.6333333333336,L,false,0.01666666666667,0.0,5.35062915545061,-3.6393053068225,-1.71132384862812,-1.0683235803788,0.65102325142501,61.8472167411435,-2.0,54.7334622777266,0.0
[DIAG] _physics_process: ENTER, state=1
[DIAG] _physics_process: camera target set to character (state: 1)
[ARMTEL],18.6500000000002,L,false,0.01666666666667,0.0,5.20818601140011,-3.7391325313258,-1.4690534800743,-1.09280780504671,0.63280978800757,60.116937496708,-2.0,52.6319087085425,0.0
[DIAG] _physics_process: ENTER, state=1
[DIAG] _physics_process: camera target set to character (state: 1)
[DIAG] _poll_controls: ENTER, state=1
[VERBATIM] POLL: _poll_controls() entered, game_state=1
[VERBATIM] POLL: checking deploy state=1 canopy=false
[ARMTEL],18.6666666666669,L,false,0.01666666666667,0.0,5.06247830406055,-3.82482731766347,-1.23765098639707,-1.11343532148666,0.61425253264946,58.3539980137608,-2.0,50.4906868366637,0.0
[DIAG] _physics_process: ENTER, state=1
[DIAG] _physics_process: camera target set to character (state: 1)
[ARMTEL],18.6833333333336,L,false,0.01666666666667,0.0,4.91402026119566,-3.8970236252033,-1.01699663599236,-1.13038526541986,0.59541277822579,56.5642211161771,-2.0,48.3168689172403,0.0
[DIAG] _physics_process: ENTER, state=1
[DIAG] _physics_process: camera target set to character (state: 1)
[DIAG] _poll_controls: ENTER, state=1
[VERBATIM] POLL: _poll_controls() entered, game_state=1
[VERBATIM] POLL: checking deploy state=1 canopy=false
[ARMTEL],18.7000000000002,L,false,0.01666666666667,0.0,4.76330222580634,-3.95634842896952,-0.80695379683682,-1.14383449536714,0.57634886996967,54.7531496018055,-2.0,46.1171870928669,0.0
[DIAG] _physics_process: ENTER, state=1
[DIAG] _physics_process: camera target set to character (state: 1)
[ARMTEL],18.7166666666669,L,false,0.01666666666667,0.0,4.61079095975739,-4.003420733785,-0.60737022597239,-1.15395733246668,0.5571162477619,52.9260502599903,-2.0,43.898038273164,0.0
[DIAG] _physics_process: ENTER, state=1
[DIAG] _physics_process: camera target set to character (state: 1)
[DIAG] _poll_controls: ENTER, state=1
[VERBATIM] POLL: _poll_controls() entered, game_state=1
[VERBATIM] POLL: checking deploy state=1 canopy=false
[ARMTEL],18.7333333333336,L,false,0.01666666666667,0.0,4.45692998209517,-4.03885066363339,-0.41807931846177,-1.16092532110771,0.5377674924101,51.0879182680922,-2.0,41.6654894746808,0.0
[DIAG] _physics_process: ENTER, state=1
[DIAG] _physics_process: camera target set to character (state: 1)
[ARMTEL],18.7500000000002,L,false,0.01666666666667,0.0,4.3021399392808,-4.063238623877,-0.23890131540381,-1.16490700969778,0.5183523755818,49.2434819351258,-2.0,39.4252835823983,0.0
[DIAG] _physics_process: ENTER, state=1
[DIAG] _physics_process: camera target set to character (state: 1)
[DIAG] _poll_controls: ENTER, state=1
[VERBATIM] POLL: _poll_controls() entered, game_state=1
[VERBATIM] POLL: checking deploy state=1 canopy=false
[ARMTEL],18.7666666666669,L,false,0.01666666666667,0.0,4.14681900465443,-4.07717453394222,-0.06964447071222,-1.16606775087631,0.4989179130672,47.3972077617265,-2.0,37.1828454954377,0.0
[DIAG] _physics_process: ENTER, state=1
[DIAG] _physics_process: camera target set to character (state: 1)
[ARMTEL],18.7833333333335,L,false,0.01666666666667,0.0,3.99134330453759,-4.0812371280671,0.08989382352951,-1.16456952048416,0.47950842105913,45.5533057867495,-2.0,34.943288620904,0.0
[DIAG] _physics_process: ENTER, state=1
[DIAG] _physics_process: camera target set to character (state: 1)
[DIAG] _poll_controls: ENTER, state=1
[VERBATIM] POLL: _poll_controls() entered, game_state=1
[VERBATIM] POLL: checking deploy state=1 canopy=false
[ARMTEL],18.8000000000002,L,false,0.01666666666667,0.0,3.83606736847304,-4.07599332169454,0.2399259532215,-1.16057075459713,0.46016557514918,43.7157351918977,-2.0,32.7114216811267,0.0
[DIAG] _physics_process: ENTER, state=1
[DIAG] _physics_process: camera target set to character (state: 1)
[ARMTEL],18.8166666666669,L,false,0.01666666666667,0.0,3.68132460119342,-4.06199764108996,0.38067303989653,-1.15422620393219,0.44092847175031,41.8882101368748,-2.0,30.4917558008892,0.0
[DIAG] _physics_process: ENTER, state=1
[DIAG] _physics_process: camera target set to character (state: 1)
[DIAG] _poll_controls: ENTER, state=1
[VERBATIM] POLL: _poll_controls() entered, game_state=1
[VERBATIM] POLL: checking deploy state=1 canopy=false
[ARMTEL],18.8333333333335,L,false,0.01666666666667,0.0,3.52742777400246,-4.03979171376266,0.51236393976019,-1.14568680493618,0.42183369166804,40.0742057986463,-2.0,28.2885118425631,0.0
[DIAG] _physics_process: ENTER, state=1
[DIAG] _physics_process: camera target set to character (state: 1)
[ARMTEL],18.8500000000002,L,false,0.01666666666667,0.0,3.3746695333443,-4.00990381727665,0.63523428393234,-1.13509956687065,0.40291536555353,38.2769645894842,-2.0,26.1056279583888,0.0
[DIAG] _physics_process: ENTER, state=1
[DIAG] _physics_process: camera target set to character (state: 1)
[DIAG] _poll_controls: ENTER, state=1
[VERBATIM] POLL: _poll_controls() entered, game_state=1
[VERBATIM] POLL: checking deploy state=1 canopy=false
[ARMTEL],18.8666666666669,L,false,0.01666666666667,0.0,3.22332292442822,-3.97284848404726,0.74952555961904,-1.12260747421033,0.38420524098336,36.4995025295465,-2.0,23.9467673304501,0.0
[DIAG] _physics_process: ENTER, state=1
[DIAG] _physics_process: camera target set to character (state: 1)
[ARMTEL],18.8833333333335,L,false,0.01666666666667,0.0,3.07364192786684,-3.92912615973615,0.85548423186931,-1.10834940367917,0.36573275092204,34.7446157508173,-2.0,21.8153260701953,0.0
[DIAG] _physics_process: ENTER, state=1
[DIAG] _physics_process: camera target set to character (state: 1)
[DIAG] _poll_controls: ENTER, state=1
[VERBATIM] POLL: _poll_controls() entered, game_state=1
[VERBATIM] POLL: checking deploy state=1 canopy=false
[ARMTEL],18.9000000000002,L,false,0.01666666666667,0.0,2.92586200737628,-3.87922291287711,0.95336090550082,-1.09246005525416,0.34752508333447,33.0148871102899,-2.0,20.0000085715136,0.0
[DIAG] _physics_process: ENTER, state=1
[DIAG] _physics_process: camera target set to character (state: 1)
[ARMTEL],18.9166666666669,L,false,0.01666666666667,0.0,2.78020066667573,-3.82361019338956,1.04340952671383,-1.0750698964756,0.32960725172654,31.312692891326,-2.0,20.0000085715136,0.0
[DIAG] _physics_process: ENTER, state=1
[DIAG] _physics_process: camera target set to character (state: 1)
[DIAG] _poll_controls: ENTER, state=1
[VERBATIM] POLL: _poll_controls() entered, game_state=1
[VERBATIM] POLL: checking deploy state=1 canopy=false
[ARMTEL],18.9333333333335,L,false,0.01666666666667,0.0,2.63685801381232,-3.76274463766458,1.12588662385227,-1.05630511941139,0.31200216640302,29.6402095731543,-2.0,20.0000085715136,0.0
[DIAG] _physics_process: ENTER, state=1
[DIAG] _physics_process: camera target set to character (state: 1)
[ARMTEL],18.9500000000002,L,false,0.01666666666667,0.0,2.49601733122413,-3.69706791793987,1.20105058671574,-1.0362876096328,0.29473070624247,27.9994206494911,-2.0,20.0000085715136,0.0
[DIAG] _physics_process: ENTER, state=1
[DIAG] _physics_process: camera target set to character (state: 1)
[DIAG] _poll_controls: ENTER, state=1
[VERBATIM] POLL: _poll_controls() entered, game_state=1
[VERBATIM] POLL: checking deploy state=1 canopy=false
[ARMTEL],18.9666666666669,L,false,0.01666666666667,0.0,2.35784564993976,-3.62700663371478,1.26916098377502,-1.01513492656988,0.27781179079964,26.3921234782649,-2.0,20.0000085715136,0.0
[DIAG] _physics_process: ENTER, state=1
[DIAG] _physics_process: camera target set to character (state: 1)
[ARMTEL],18.9833333333335,L,false,0.01666666666667,0.0,2.22249432639711,-3.55297224299457,1.33047791659747,-0.99296029462659,0.26126245255586,24.8199361454086,-2.0,20.0000085715136,0.0
[DIAG] _physics_process: ENTER, state=1
[DIAG] _physics_process: camera target set to character (state: 1)
[DIAG] _poll_controls: ENTER, state=1
[VERBATIM] POLL: _poll_controls() entered, game_state=1
[VERBATIM] POLL: checking deploy state=1 canopy=false
[ARMTEL],19.0000000000002,L,false,0.01666666666667,0.0,2.0900996204469,-3.47536103119306,1.38526141074616,-0.96987260444748,0.2450979091484,23.2843043266458,-2.0,20.0000085715136,0.0
[DIAG] _physics_process: ENTER, state=1
[DIAG] _physics_process: camera target set to character (state: 1)
[ARMTEL],19.0166666666669,L,false,0.01666666666667,0.0,1.96078327318723,-3.3945541155662,1.43377084237896,-0.94597642374117,0.22933163541938,21.7865081321405,-2.0,20.0000085715136,0.0
[DIAG] _physics_process: ENTER, state=1
[DIAG] _physics_process: camera target set to character (state: 1)
[DIAG] _poll_controls: ENTER, state=1
[VERBATIM] POLL: _poll_controls() entered, game_state=1
[VERBATIM] POLL: checking deploy state=1 canopy=false
[VERBATIM] Wind updated: 12.5 kts @ 240.0°
[DEBUG] _input (build_terrain) called, event=InputEventMouseMotion: button_mask=0, position=((601.0, 52.0)), relative=((0.0, 0.0)), velocity=((0.688069, 0.0)), pressure=0.00, tilt=((0.0, 0.0)), pen_inverted=(false)
[ARMTEL],19.0333333333335,L,false,0.01666666666667,0.0,1.83465308335508,-3.31091748309409,1.47626439973901,-0.92137201707885,0.21397543513474,20.3276689197988,-2.0,20.0000085715136,0.0
[DIAG] _physics_process: ENTER, state=1
[DIAG] _physics_process: camera target set to character (state: 1)
[ARMTEL],19.0500000000002,L,false,0.01666666666667,0.0,1.7118034810779,-3.22480205977598,1.51299857869808,-0.89615537410055,0.19903951223306,18.9087560639108,-2.0,20.0000085715136,0.0
[DIAG] _physics_process: ENTER, state=1
[DIAG] _physics_process: camera target set to character (state: 1)
[DIAG] _poll_controls: ENTER, state=1
[VERBATIM] POLL: _poll_controls() entered, game_state=1
[VERBATIM] POLL: checking deploy state=1 canopy=false
[DEBUG] _input (build_terrain) called, event=InputEventMouseMotion: button_mask=0, position=((610.0, 51.0)), relative=((9.0, -1.0)), velocity=((0.688069, 0.0)), pressure=0.00, tilt=((0.0, 0.0)), pen_inverted=(false)
[ARMTEL],19.0666666666669,L,false,0.01666666666667,0.0,1.59231609786449,-3.13654380935193,1.54422771148744,-0.87041824557576,0.18453254147347,17.5305936666964,-2.0,20.0000085715136,0.0
[DIAG] _physics_process: ENTER, state=1
[DIAG] _physics_process: camera target set to character (state: 1)
[ARMTEL],19.0833333333335,L,false,0.01666666666667,0.0,1.47626033178772,-3.04646385951516,1.57020352772744,-0.8442481867803,0.17046173836046,16.1938672011714,-2.0,20.0000085715136,0.0
[DIAG] _physics_process: ENTER, state=1
[DIAG] _physics_process: camera target set to character (state: 1)
[DIAG] _poll_controls: ENTER, state=1
[VERBATIM] POLL: _poll_controls() entered, game_state=1
[VERBATIM] POLL: checking deploy state=1 canopy=false
[ARMTEL],19.1000000000002,L,false,0.01666666666667,0.0,1.36369390688368,-2.95486865373106,1.59117474684738,-0.81772860766618,0.15683292823269,14.8991300745772,-2.0,20.0000085715136,0.0
[DIAG] _physics_process: ENTER, state=1
[DIAG] _physics_process: camera target set to character (state: 1)
[ARMTEL],19.1166666666669,L,false,0.01666666666667,0.0,1.25466342586152,-2.86205012683163,1.6073867009701,-0.79093882931668,0.14365061441075,13.6468101024241,-2.0,20.0000085715136,0.0
[DIAG] _physics_process: ENTER, state=1
[DIAG] _physics_process: camera target set to character (state: 1)
[DIAG] _poll_controls: ENTER, state=1
[VERBATIM] POLL: _poll_controls() entered, game_state=1
[VERBATIM] POLL: checking deploy state=1 canopy=false
[DEBUG] _input (build_terrain) called, event=InputEventMouseMotion: button_mask=0, position=((612.0, 50.0)), relative=((2.0, -1.0)), velocity=((89.0851, -9.898344)), pressure=0.00, tilt=((0.0, 0.0)), pen_inverted=(false)
[ARMTEL],19.1333333333335,L,false,0.01666666666667,0.0,1.14920491528597,-2.76828590260837,1.6190809873224,-0.76395414619464,0.1309180453075,12.4372158839745,-2.0,20.0000085715136,0.0
[DIAG] _physics_process: ENTER, state=1
[DIAG] _physics_process: camera target set to character (state: 1)
[ARMTEL],19.1500000000002,L,false,0.01666666666667,0.0,1.04734436246002,-2.67383951168123,1.62649514922122,-0.73684589370762,0.11863728041238,11.2705430707479,-2.0,20.0000085715136,0.0
[DIAG] _physics_process: ENTER, state=1
[DIAG] _physics_process: camera target set to character (state: 1)
[DIAG] _poll_controls: ENTER, state=1
[VERBATIM] POLL: _poll_controls() entered, game_state=1
[VERBATIM] POLL: checking deploy state=1 canopy=false
[DEBUG] _input (build_terrain) called, event=InputEventMouseMotion: button_mask=0, position=((613.0, 50.0)), relative=((1.0, 0.0)), velocity=((89.0851, -9.898344)), pressure=0.00, tilt=((0.0, 0.0)), pen_inverted=(false)
[ARMTEL],19.1666666666669,L,false,0.01666666666667,0.0,0.949098243299,-2.57896062797666,1.62986238467766,-0.70968152062966,0.10680925506855,10.1468805203579,-2.0,20.0000085715136,0.0
[DIAG] _physics_process: ENTER, state=1
[DIAG] _physics_process: camera target set to character (state: 1)
[ARMTEL],19.1833333333335,L,false,0.01666666666667,0.0,0.85447404054838,-2.4838853222038,1.62941128165542,-0.6825246659354,0.09543384396962,9.06621632869538,-2.0,20.0000085715136,0.0
[DIAG] _physics_process: ENTER, state=1
[DIAG] _physics_process: camera target set to character (state: 1)
[DIAG] _poll_controls: ENTER, state=1
[VERBATIM] POLL: _poll_controls() entered, game_state=1
[VERBATIM] POLL: checking deploy state=1 canopy=false
[ARMTEL],19.2000000000002,L,false,0.01666666666667,0.0,0.76347075175699,-2.3888363307739,1.62536557901691,-0.65543523961845,0.08450992330932,8.0284437341494,-2.0,20.0000085715136,0.0
[DIAG] _physics_process: ENTER, state=1
[DIAG] _physics_process: camera target set to character (state: 1)
[ARMTEL],19.2166666666669,L,false,0.01666666666667,0.0,0.67607938647453,-2.29402333866458,1.61794395219005,-0.62846950708195,0.07403543152462,7.03336688820939,-2.0,20.0000085715136,0.0
[DIAG] _physics_process: ENTER, state=1
[DIAG] _physics_process: camera target set to character (state: 1)
[DIAG] _poll_controls: ENTER, state=1
[VERBATIM] POLL: _poll_controls() entered, game_state=1
[VERBATIM] POLL: checking deploy state=1 canopy=false
[DEBUG] _input (build_terrain) called, event=InputEventMouseMotion: button_mask=0, position=((613.0, 49.0)), relative=((0.0, -1.0)), velocity=((89.0851, -9.898344)), pressure=0.00, tilt=((0.0, 0.0)), pen_inverted=(false)
[ARMTEL],19.2333333333335,L,false,0.01666666666667,0.0,0.59228345219694,-2.19964327478683,1.60735982258989,-0.60168017670545,0.06400742857953,6.08070648741985,-2.0,20.0000085715136,0.0
[DIAG] _physics_process: ENTER, state=1
[DIAG] _physics_process: camera target set to character (state: 1)
[ARMTEL],19.2500000000002,L,false,0.01666666666667,0.0,0.51205942863621,-2.10588061846908,1.59382118983287,-0.57511649020824,0.05442215374272,5.17010526225988,-2.0,20.0000085715136,0.0
[DIAG] _physics_process: ENTER, state=1
[DIAG] _physics_process: camera target set to character (state: 1)
[DIAG] _poll_controls: ENTER, state=1
[VERBATIM] POLL: _poll_controls() entered, game_state=1
[VERBATIM] POLL: checking deploy state=1 canopy=false
[ARMTEL],19.2666666666669,L,false,0.01666666666667,0.0,0.43537722994178,-2.01290771572883,1.57753048578705,-0.54882431544512,0.04527508181864,4.30113331909589,-2.0,20.0000085715136,0.0
[DIAG] _physics_process: ENTER, state=1
[DIAG] _physics_process: camera target set to character (state: 1)
[ARMTEL],19.2833333333335,L,false,0.01666666666667,0.0,0.3622006545491,-1.92088510405792,1.55868444950882,-0.52284624128664,0.03656097779719,3.47329333190736,-2.0,20.0000085715136,0.0
[DIAG] _physics_process: ENTER, state=1
[DIAG] _physics_process: camera target set to character (state: 1)
[DIAG] _poll_controls: ENTER, state=1
[VERBATIM] POLL: _poll_controls() entered, game_state=1
[VERBATIM] POLL: checking deploy state=1 canopy=false
[ARMTEL],19.3000000000002,L,false,0.01666666666667,0.0,0.29248782237755,-1.82996184450324,1.53747402212569,-0.49722167425121,0.02827394989301,2.6860255810117,-2.0,20.0000085715136,0.0
[DIAG] _physics_process: ENTER, state=1
[DIAG] _physics_process: camera target set to character (state: 1)
[ARMTEL],19.3166666666669,L,false,0.01666666666667,0.0,0.22619159914405,-1.74027585987924,1.51408426073519,-0.47198693657229,0.02040750095013,1.93871283651604,-2.0,20.0000085715136,0.0
[DIAG] _physics_process: ENTER, state=1
[DIAG] _physics_process: camera target set to character (state: 1)
[DIAG] _poll_controls: ENTER, state=1
[VERBATIM] POLL: _poll_controls() entered, game_state=1
[VERBATIM] POLL: checking deploy state=1 canopy=false
[ARMTEL],19.3333333333335,L,false,0.01666666666667,0.0,0.16326000760108,-1.65195427800302,1.48869427040194,-0.44717536539893,0.01295457819349,1.23068508470148,-2.0,20.0000085715136,0.0
[DIAG] _physics_process: ENTER, state=1
[DIAG] _physics_process: camera target set to character (state: 1)
[ARMTEL],19.3500000000002,L,false,0.01666666666667,0.0,0.10363662554789,-1.56511377889624,1.46147715334835,-0.42281741284312,0.00590762131277,0.56122409599899,-2.0,20.0000085715136,0.0
[DIAG] _physics_process: ENTER, state=1
[DIAG] _physics_process: camera target set to character (state: 1)
[DIAG] _poll_controls: ENTER, state=1
[VERBATIM] POLL: _poll_controls() entered, game_state=1
[VERBATIM] POLL: checking deploy state=1 canopy=false
[DIAG] _physics_process: ENTER, state=1
[DIAG] _physics_process: camera target set to character (state: 1)
[DIAG] _physics_process: ENTER, state=1
[DIAG] _physics_process: camera target set to character (state: 1)
[DIAG] _poll_controls: ENTER, state=1
[VERBATIM] POLL: _poll_controls() entered, game_state=1
[VERBATIM] POLL: checking deploy state=1 canopy=false
[DIAG] _physics_process: ENTER, state=1
[DIAG] _physics_process: camera target set to character (state: 1)
[DIAG] _physics_process: ENTER, state=1
[DIAG] _physics_process: camera target set to character (state: 1)
[DIAG] _poll_controls: ENTER, state=1
[VERBATIM] POLL: _poll_controls() entered, game_state=1
[VERBATIM] POLL: checking deploy state=1 canopy=false
[DEBUG] _input (build_terrain) called, event=InputEventMouseMotion: button_mask=0, position=((612.0, 49.0)), relative=((-1.0, 0.0)), velocity=((10.15452, -6.769678)), pressure=0.00, tilt=((0.0, 0.0)), pen_inverted=(false)
[DIAG] _physics_process: ENTER, state=1
[DIAG] _physics_process: camera target set to character (state: 1)
[DIAG] _physics_process: ENTER, state=1
[DIAG] _physics_process: camera target set to character (state: 1)
[DIAG] _poll_controls: ENTER, state=1
[VERBATIM] POLL: _poll_controls() entered, game_state=1
[VERBATIM] POLL: checking deploy state=1 canopy=false
[DIAG] _physics_process: ENTER, state=1
[DIAG] _physics_process: camera target set to character (state: 1)
[DIAG] _physics_process: ENTER, state=1
[DIAG] _physics_process: camera target set to character (state: 1)
[DIAG] _poll_controls: ENTER, state=1
[VERBATIM] POLL: _poll_controls() entered, game_state=1
[VERBATIM] POLL: checking deploy state=1 canopy=false
[DIAG] _physics_process: ENTER, state=1
[DIAG] _physics_process: camera target set to character (state: 1)
[DIAG] _physics_process: ENTER, state=1
[DIAG] _physics_process: camera target set to character (state: 1)
[DIAG] _poll_controls: ENTER, state=1
[VERBATIM] POLL: _poll_controls() entered, game_state=1
[VERBATIM] POLL: checking deploy state=1 canopy=false
[DIAG] _physics_process: ENTER, state=1
[DIAG] _physics_process: camera target set to character (state: 1)
[DIAG] _physics_process: ENTER, state=1
[DIAG] _physics_process: camera target set to character (state: 1)
[DIAG] _poll_controls: ENTER, state=1
[VERBATIM] POLL: _poll_controls() entered, game_state=1
[VERBATIM] POLL: checking deploy state=1 canopy=false
[DIAG] _physics_process: ENTER, state=1
[DIAG] _physics_process: camera target set to character (state: 1)
[DIAG] _physics_process: ENTER, state=1
[DIAG] _physics_process: camera target set to character (state: 1)
[DIAG] _poll_controls: ENTER, state=1
[VERBATIM] POLL: _poll_controls() entered, game_state=1
[VERBATIM] POLL: checking deploy state=1 canopy=false
[DIAG] _physics_process: ENTER, state=1
[DIAG] _physics_process: camera target set to character (state: 1)
[DIAG] _physics_process: ENTER, state=1
[DIAG] _physics_process: camera target set to character (state: 1)
[DIAG] _poll_controls: ENTER, state=1
[VERBATIM] POLL: _poll_controls() entered, game_state=1
[VERBATIM] POLL: checking deploy state=1 canopy=false
[DIAG] _physics_process: ENTER, state=1
[DIAG] _physics_process: camera target set to character (state: 1)
[DIAG] _physics_process: ENTER, state=1
[DIAG] _physics_process: camera target set to character (state: 1)
[DIAG] _poll_controls: ENTER, state=1
[VERBATIM] POLL: _poll_controls() entered, game_state=1
[VERBATIM] POLL: checking deploy state=1 canopy=false
[DIAG] _physics_process: ENTER, state=1
[DIAG] _physics_process: camera target set to character (state: 1)
[DIAG] _physics_process: ENTER, state=1
[DIAG] _physics_process: camera target set to character (state: 1)
[DIAG] _poll_controls: ENTER, state=1
[VERBATIM] POLL: _poll_controls() entered, game_state=1
[VERBATIM] POLL: checking deploy state=1 canopy=false
[DIAG] _physics_process: ENTER, state=1
[DIAG] _physics_process: camera target set to character (state: 1)
[DIAG] _physics_process: ENTER, state=1
[DIAG] _physics_process: camera target set to character (state: 1)
[DIAG] _poll_controls: ENTER, state=1
[VERBATIM] POLL: _poll_controls() entered, game_state=1
[VERBATIM] POLL: checking deploy state=1 canopy=false
[DIAG] _physics_process: ENTER, state=1
[DIAG] _physics_process: camera target set to character (state: 1)
[DIAG] _physics_process: ENTER, state=1
[DIAG] _physics_process: camera target set to character (state: 1)
[DIAG] _poll_controls: ENTER, state=1
[VERBATIM] POLL: _poll_controls() entered, game_state=1
[VERBATIM] POLL: checking deploy state=1 canopy=false
[DIAG] _physics_process: ENTER, state=1
[DIAG] _physics_process: camera target set to character (state: 1)
[DIAG] _physics_process: ENTER, state=1
[DIAG] _physics_process: camera target set to character (state: 1)
[DIAG] _poll_controls: ENTER, state=1
[VERBATIM] POLL: _poll_controls() entered, game_state=1
[VERBATIM] POLL: checking deploy state=1 canopy=false
[DIAG] _physics_process: ENTER, state=1
[DIAG] _physics_process: camera target set to character (state: 1)
[DIAG] _poll_controls: ENTER, state=1
[VERBATIM] POLL: _poll_controls() entered, game_state=1
[VERBATIM] POLL: checking deploy state=1 canopy=false
[DIAG] _physics_process: ENTER, state=1
[DIAG] _physics_process: camera target set to character (state: 1)
[DIAG] _physics_process: ENTER, state=1
[DIAG] _physics_process: camera target set to character (state: 1)
[DIAG] _poll_controls: ENTER, state=1
[VERBATIM] POLL: _poll_controls() entered, game_state=1
[VERBATIM] POLL: checking deploy state=1 canopy=false
[DIAG] _physics_process: ENTER, state=1
[DIAG] _physics_process: camera target set to character (state: 1)
[DIAG] _physics_process: ENTER, state=1
[DIAG] _physics_process: camera target set to character (state: 1)
[DIAG] _poll_controls: ENTER, state=1
[VERBATIM] POLL: _poll_controls() entered, game_state=1
[VERBATIM] POLL: checking deploy state=1 canopy=false
[DIAG] _physics_process: ENTER, state=1
[DIAG] _physics_process: camera target set to character (state: 1)
[DIAG] _physics_process: ENTER, state=1
[DIAG] _physics_process: camera target set to character (state: 1)
[DIAG] _poll_controls: ENTER, state=1
[VERBATIM] POLL: _poll_controls() entered, game_state=1
[VERBATIM] POLL: checking deploy state=1 canopy=false
[DIAG] _physics_process: ENTER, state=1
[DIAG] _physics_process: camera target set to character (state: 1)
[DIAG] _physics_process: ENTER, state=1
[DIAG] _physics_process: camera target set to character (state: 1)
[DIAG] _poll_controls: ENTER, state=1
[VERBATIM] POLL: _poll_controls() entered, game_state=1
[VERBATIM] POLL: checking deploy state=1 canopy=false
[DIAG] _physics_process: ENTER, state=1
[DIAG] _physics_process: camera target set to character (state: 1)
[DIAG] _physics_process: ENTER, state=1
[DIAG] _physics_process: camera target set to character (state: 1)
[DIAG] _poll_controls: ENTER, state=1
[VERBATIM] POLL: _poll_controls() entered, game_state=1
[VERBATIM] POLL: checking deploy state=1 canopy=false
[DIAG] _physics_process: ENTER, state=1
[DIAG] _physics_process: camera target set to character (state: 1)
[DIAG] _physics_process: ENTER, state=1
[DIAG] _physics_process: camera target set to character (state: 1)
[DIAG] _poll_controls: ENTER, state=1
[VERBATIM] POLL: _poll_controls() entered, game_state=1
[VERBATIM] POLL: checking deploy state=1 canopy=false
[VERBATIM] Wind updated: 12.5 kts @ 240.0°
[DIAG] _physics_process: ENTER, state=1
[DIAG] _physics_process: camera target set to character (state: 1)
[DIAG] _physics_process: ENTER, state=1
[DIAG] _physics_process: camera target set to character (state: 1)
[DIAG] _poll_controls: ENTER, state=1
[VERBATIM] POLL: _poll_controls() entered, game_state=1
[VERBATIM] POLL: checking deploy state=1 canopy=false
[DEBUG] _input (build_terrain) called, event=InputEventMouseMotion: button_mask=0, position=((593.0, 49.0)), relative=((-19.0, 0.0)), velocity=((-1.621855, 0.0)), pressure=0.00, tilt=((0.0, 0.0)), pen_inverted=(false)
[DIAG] _physics_process: ENTER, state=1
[DIAG] _physics_process: camera target set to character (state: 1)
[DIAG] _physics_process: ENTER, state=1
[DIAG] _physics_process: camera target set to character (state: 1)
[DIAG] _poll_controls: ENTER, state=1
[VERBATIM] POLL: _poll_controls() entered, game_state=1
[VERBATIM] POLL: checking deploy state=1 canopy=false
[DEBUG] _input (build_terrain) called, event=InputEventMouseMotion: button_mask=0, position=((475.0, 49.0)), relative=((-118.0, 0.0)), velocity=((-1.621855, 0.0)), pressure=0.00, tilt=((0.0, 0.0)), pen_inverted=(false)
[DIAG] _physics_process: ENTER, state=1
[DIAG] _physics_process: camera target set to character (state: 1)
[DIAG] _physics_process: ENTER, state=1
[DIAG] _physics_process: camera target set to character (state: 1)
[DIAG] _poll_controls: ENTER, state=1
[VERBATIM] POLL: _poll_controls() entered, game_state=1
[VERBATIM] POLL: checking deploy state=1 canopy=false
[DEBUG] _input (build_terrain) called, event=InputEventMouseMotion: button_mask=0, position=((359.0, 27.0)), relative=((-116.0, -22.0)), velocity=((-1.621855, 0.0)), pressure=0.00, tilt=((0.0, 0.0)), pen_inverted=(false)
[DIAG] _physics_process: ENTER, state=1
[DIAG] _physics_process: camera target set to character (state: 1)
[DIAG] _physics_process: ENTER, state=1
[DIAG] _physics_process: camera target set to character (state: 1)
[DIAG] _poll_controls: ENTER, state=1
[VERBATIM] POLL: _poll_controls() entered, game_state=1
[VERBATIM] POLL: checking deploy state=1 canopy=false
[DEBUG] _input (build_terrain) called, event=InputEventMouseMotion: button_mask=0, position=((319.0, 9.0)), relative=((-40.0, -18.0)), velocity=((-1.621855, 0.0)), pressure=0.00, tilt=((0.0, 0.0)), pen_inverted=(false)
[DIAG] _physics_process: ENTER, state=1
[DIAG] _physics_process: camera target set to character (state: 1)
[PIPLIVE] eye=(689.8386, 557.3267, 370.8683) state=1 deployed=false framing=aircraft/sky
[DIAG] _physics_process: ENTER, state=1
[DIAG] _physics_process: camera target set to character (state: 1)
[DIAG] _poll_controls: ENTER, state=1
[VERBATIM] POLL: _poll_controls() entered, game_state=1
[VERBATIM] POLL: checking deploy state=1 canopy=false
[DIAG] _physics_process: ENTER, state=1
[DIAG] _physics_process: camera target set to character (state: 1)
[DIAG] _physics_process: ENTER, state=1
[DIAG] _physics_process: camera target set to character (state: 1)
[DIAG] _poll_controls: ENTER, state=1
[VERBATIM] POLL: _poll_controls() entered, game_state=1
[VERBATIM] POLL: checking deploy state=1 canopy=false
[DIAG] _physics_process: ENTER, state=1
[DIAG] _physics_process: camera target set to character (state: 1)
[DIAG] _physics_process: ENTER, state=1
[DIAG] _physics_process: camera target set to character (state: 1)
[DIAG] _poll_controls: ENTER, state=1
[VERBATIM] POLL: _poll_controls() entered, game_state=1
[VERBATIM] POLL: checking deploy state=1 canopy=false
[DIAG] _physics_process: ENTER, state=1
[DIAG] _physics_process: camera target set to character (state: 1)
[DIAG] _physics_process: ENTER, state=1
[DIAG] _physics_process: camera target set to character (state: 1)
[DIAG] _poll_controls: ENTER, state=1
[VERBATIM] POLL: _poll_controls() entered, game_state=1
[VERBATIM] POLL: checking deploy state=1 canopy=false
[DIAG] _physics_process: ENTER, state=1
[DIAG] _physics_process: camera target set to character (state: 1)
[DIAG] _physics_process: ENTER, state=1
[DIAG] _physics_process: camera target set to character (state: 1)
[DIAG] _poll_controls: ENTER, state=1
[VERBATIM] POLL: _poll_controls() entered, game_state=1
[VERBATIM] POLL: checking deploy state=1 canopy=false
[DIAG] _physics_process: ENTER, state=1
[DIAG] _physics_process: camera target set to character (state: 1)
[DIAG] _physics_process: ENTER, state=1
[DIAG] _physics_process: camera target set to character (state: 1)
[DIAG] _poll_controls: ENTER, state=1
[VERBATIM] POLL: _poll_controls() entered, game_state=1
[VERBATIM] POLL: checking deploy state=1 canopy=false
[DIAG] _physics_process: ENTER, state=1
[DIAG] _physics_process: camera target set to character (state: 1)
[DIAG] _physics_process: ENTER, state=1
[DIAG] _physics_process: camera target set to character (state: 1)
[DIAG] _poll_controls: ENTER, state=1
[VERBATIM] POLL: _poll_controls() entered, game_state=1
[VERBATIM] POLL: checking deploy state=1 canopy=false
[DIAG] _physics_process: ENTER, state=1
[DIAG] _physics_process: camera target set to character (state: 1)
[DIAG] _physics_process: ENTER, state=1
[DIAG] _physics_process: camera target set to character (state: 1)
[DIAG] _poll_controls: ENTER, state=1
[VERBATIM] POLL: _poll_controls() entered, game_state=1
[VERBATIM] POLL: checking deploy state=1 canopy=false
[DIAG] _physics_process: ENTER, state=1
[DIAG] _physics_process: camera target set to character (state: 1)
[DIAG] _physics_process: ENTER, state=1
[DIAG] _physics_process: camera target set to character (state: 1)
[DIAG] _poll_controls: ENTER, state=1
[VERBATIM] POLL: _poll_controls() entered, game_state=1
[VERBATIM] POLL: checking deploy state=1 canopy=false
[DIAG] _physics_process: ENTER, state=1
[DIAG] _physics_process: camera target set to character (state: 1)
[DIAG] _physics_process: ENTER, state=1
[DIAG] _physics_process: camera target set to character (state: 1)
[DIAG] _poll_controls: ENTER, state=1
[VERBATIM] POLL: _poll_controls() entered, game_state=1
[VERBATIM] POLL: checking deploy state=1 canopy=false
[DIAG] _physics_process: ENTER, state=1
[DIAG] _physics_process: camera target set to character (state: 1)
[DIAG] _physics_process: ENTER, state=1
[DIAG] _physics_process: camera target set to character (state: 1)
[DIAG] _poll_controls: ENTER, state=1
[VERBATIM] POLL: _poll_controls() entered, game_state=1
[VERBATIM] POLL: checking deploy state=1 canopy=false
[DIAG] _physics_process: ENTER, state=1
[DIAG] _physics_process: camera target set to character (state: 1)
[DIAG] _physics_process: ENTER, state=1
[DIAG] _physics_process: camera target set to character (state: 1)
[DIAG] _poll_controls: ENTER, state=1
[VERBATIM] POLL: _poll_controls() entered, game_state=1
[VERBATIM] POLL: checking deploy state=1 canopy=false
[DIAG] _physics_process: ENTER, state=1
[DIAG] _physics_process: camera target set to character (state: 1)
[DIAG] _poll_controls: ENTER, state=1
[VERBATIM] POLL: _poll_controls() entered, game_state=1
[VERBATIM] POLL: checking deploy state=1 canopy=false
[DIAG] _physics_process: ENTER, state=1
[DIAG] _physics_process: camera target set to character (state: 1)
[DIAG] _physics_process: ENTER, state=1
[DIAG] _physics_process: camera target set to character (state: 1)
[DIAG] _poll_controls: ENTER, state=1
[VERBATIM] POLL: _poll_controls() entered, game_state=1
[VERBATIM] POLL: checking deploy state=1 canopy=false
[VERBATIM] Entering FINAL
[DIAG] _physics_process: ENTER, state=1
[DIAG] _physics_process: camera target set to character (state: 1)
[DIAG] _physics_process: ENTER, state=1
[DIAG] _physics_process: camera target set to character (state: 1)
[DIAG] _poll_controls: ENTER, state=1
[VERBATIM] POLL: _poll_controls() entered, game_state=1
[VERBATIM] POLL: checking deploy state=1 canopy=false
[DIAG] _physics_process: ENTER, state=1
[DIAG] _physics_process: camera target set to character (state: 1)
[DIAG] _physics_process: ENTER, state=1
[DIAG] _physics_process: camera target set to character (state: 1)
[DIAG] _poll_controls: ENTER, state=1
[VERBATIM] POLL: _poll_controls() entered, game_state=1
[VERBATIM] POLL: checking deploy state=1 canopy=false
[DEBUG] _input (build_terrain) called, event=InputEventMouseMotion: button_mask=0, position=((127.0, 53.0)), relative=((-192.0, 44.0)), velocity=((-467.5038, -63.82304)), pressure=0.00, tilt=((0.0, 0.0)), pen_inverted=(false)
[DIAG] _physics_process: ENTER, state=1
[DIAG] _physics_process: camera target set to character (state: 1)
[DIAG] _physics_process: ENTER, state=1
[DIAG] _physics_process: camera target set to character (state: 1)
[DIAG] _poll_controls: ENTER, state=1
[VERBATIM] POLL: _poll_controls() entered, game_state=1
[VERBATIM] POLL: checking deploy state=1 canopy=false
[DEBUG] _input (build_terrain) called, event=InputEventMouseMotion: button_mask=0, position=((131.0, 71.0)), relative=((4.0, 18.0)), velocity=((-467.5038, -63.82304)), pressure=0.00, tilt=((0.0, 0.0)), pen_inverted=(false)
[DIAG] _physics_process: ENTER, state=1
[DIAG] _physics_process: camera target set to character (state: 1)
[DIAG] _physics_process: ENTER, state=1
[DIAG] _physics_process: camera target set to character (state: 1)
[DIAG] _poll_controls: ENTER, state=1
[VERBATIM] POLL: _poll_controls() entered, game_state=1
[VERBATIM] POLL: checking deploy state=1 canopy=false
[DEBUG] _input (build_terrain) called, event=InputEventMouseMotion: button_mask=0, position=((131.0, 75.0)), relative=((0.0, 4.0)), velocity=((-467.5038, -63.82304)), pressure=0.00, tilt=((0.0, 0.0)), pen_inverted=(false)
[DIAG] _physics_process: ENTER, state=1
[DIAG] _physics_process: camera target set to character (state: 1)
[DIAG] _physics_process: ENTER, state=1
[DIAG] _physics_process: camera target set to character (state: 1)
[DIAG] _physics_process: ENTER, state=1
[DIAG] _physics_process: camera target set to character (state: 1)
[DIAG] _poll_controls: ENTER, state=1
[VERBATIM] POLL: _poll_controls() entered, game_state=1
[VERBATIM] POLL: checking deploy state=1 canopy=false
[DIAG] _physics_process: ENTER, state=1
[DIAG] _physics_process: camera target set to character (state: 1)
[DIAG] _physics_process: ENTER, state=1
[DIAG] _physics_process: camera target set to character (state: 1)
[DIAG] _poll_controls: ENTER, state=1
[VERBATIM] POLL: _poll_controls() entered, game_state=1
[VERBATIM] POLL: checking deploy state=1 canopy=false
[DEBUG] _input (build_terrain) called, event=InputEventMouseMotion: button_mask=0, position=((131.0, 81.0)), relative=((0.0, 6.0)), velocity=((-1384.348, 485.9945)), pressure=0.00, tilt=((0.0, 0.0)), pen_inverted=(false)
[DIAG] _physics_process: ENTER, state=1
[DIAG] _physics_process: camera target set to character (state: 1)
[DIAG] _physics_process: ENTER, state=1
[DIAG] _physics_process: camera target set to character (state: 1)
[DIAG] _poll_controls: ENTER, state=1
[VERBATIM] POLL: _poll_controls() entered, game_state=1
[VERBATIM] POLL: checking deploy state=1 canopy=false
[DEBUG] _input (build_terrain) called, event=InputEventMouseMotion: button_mask=0, position=((131.0, 83.0)), relative=((0.0, 2.0)), velocity=((-1384.348, 485.9945)), pressure=0.00, tilt=((0.0, 0.0)), pen_inverted=(false)
[DIAG] _physics_process: ENTER, state=1
[DIAG] _physics_process: camera target set to character (state: 1)
[DIAG] _physics_process: ENTER, state=1
[DIAG] _physics_process: camera target set to character (state: 1)
[DIAG] _poll_controls: ENTER, state=1
[VERBATIM] POLL: _poll_controls() entered, game_state=1
[VERBATIM] POLL: checking deploy state=1 canopy=false
[DIAG] _physics_process: ENTER, state=1
[DIAG] _physics_process: camera target set to character (state: 1)
[DIAG] _physics_process: ENTER, state=1
[DIAG] _physics_process: camera target set to character (state: 1)
[DIAG] _poll_controls: ENTER, state=1
[VERBATIM] POLL: _poll_controls() entered, game_state=1
[VERBATIM] POLL: checking deploy state=1 canopy=false
[DIAG] _physics_process: ENTER, state=1
[DIAG] _physics_process: camera target set to character (state: 1)
[DIAG] _physics_process: ENTER, state=1
[DIAG] _physics_process: camera target set to character (state: 1)
[DIAG] _poll_controls: ENTER, state=1
[VERBATIM] POLL: _poll_controls() entered, game_state=1
[VERBATIM] POLL: checking deploy state=1 canopy=false
[DEBUG] _input (build_terrain) called, event=InputEventMouseButton: button_index=1, mods=none, pressed=true, canceled=false, position=((131.0, 83.0)), button_mask=1, double_click=false
[PIP] drag start offset=(121.0, 73.0)
[DIAG] _physics_process: ENTER, state=1
[DIAG] _physics_process: camera target set to character (state: 1)
[DIAG] _physics_process: ENTER, state=1
[DIAG] _physics_process: camera target set to character (state: 1)
[DIAG] _poll_controls: ENTER, state=1
[VERBATIM] POLL: _poll_controls() entered, game_state=1
[VERBATIM] POLL: checking deploy state=1 canopy=false
[DIAG] _physics_process: ENTER, state=1
[DIAG] _physics_process: camera target set to character (state: 1)
[DIAG] _physics_process: ENTER, state=1
[DIAG] _physics_process: camera target set to character (state: 1)
[DIAG] _poll_controls: ENTER, state=1
[VERBATIM] POLL: _poll_controls() entered, game_state=1
[VERBATIM] POLL: checking deploy state=1 canopy=false
[DEBUG] _input (build_terrain) called, event=InputEventMouseMotion: button_mask=1 (Left Mouse Button), position=((130.0, 101.0)), relative=((-1.0, 18.0)), velocity=((0.0, 41.55629)), pressure=1.00, tilt=((0.0, 0.0)), pen_inverted=(false)
[DIAG] _physics_process: ENTER, state=1
[DIAG] _physics_process: camera target set to character (state: 1)
[DIAG] _physics_process: ENTER, state=1
[DIAG] _physics_process: camera target set to character (state: 1)
[DIAG] _poll_controls: ENTER, state=1
[VERBATIM] POLL: _poll_controls() entered, game_state=1
[VERBATIM] POLL: checking deploy state=1 canopy=false
[VERBATIM] Wind updated: 12.5 kts @ 240.0°
[DEBUG] _input (build_terrain) called, event=InputEventMouseMotion: button_mask=1 (Left Mouse Button), position=((128.0, 151.0)), relative=((-2.0, 50.0)), velocity=((0.0, 41.55629)), pressure=1.00, tilt=((0.0, 0.0)), pen_inverted=(false)
[DIAG] _physics_process: ENTER, state=1
[DIAG] _physics_process: camera target set to character (state: 1)
[DIAG] _physics_process: ENTER, state=1
[DIAG] _physics_process: camera target set to character (state: 1)
[DIAG] _poll_controls: ENTER, state=1
[VERBATIM] POLL: _poll_controls() entered, game_state=1
[VERBATIM] POLL: checking deploy state=1 canopy=false
[DEBUG] _input (build_terrain) called, event=InputEventMouseMotion: button_mask=1 (Left Mouse Button), position=((123.0, 201.0)), relative=((-5.0, 50.0)), velocity=((0.0, 41.55629)), pressure=1.00, tilt=((0.0, 0.0)), pen_inverted=(false)
[DIAG] _physics_process: ENTER, state=1
[DIAG] _physics_process: camera target set to character (state: 1)
[DIAG] _physics_process: ENTER, state=1
[DIAG] _physics_process: camera target set to character (state: 1)
[DIAG] _poll_controls: ENTER, state=1
[VERBATIM] POLL: _poll_controls() entered, game_state=1
[VERBATIM] POLL: checking deploy state=1 canopy=false
[DEBUG] _input (build_terrain) called, event=InputEventMouseMotion: button_mask=1 (Left Mouse Button), position=((123.0, 272.0)), relative=((0.0, 71.0)), velocity=((0.0, 41.55629)), pressure=1.00, tilt=((0.0, 0.0)), pen_inverted=(false)
[DIAG] _physics_process: ENTER, state=1
[DIAG] _physics_process: camera target set to character (state: 1)
[DIAG] _physics_process: ENTER, state=1
[DIAG] _physics_process: camera target set to character (state: 1)
[DIAG] _poll_controls: ENTER, state=1
[VERBATIM] POLL: _poll_controls() entered, game_state=1
[VERBATIM] POLL: checking deploy state=1 canopy=false
[DEBUG] _input (build_terrain) called, event=InputEventMouseMotion: button_mask=1 (Left Mouse Button), position=((122.0, 319.0)), relative=((-1.0, 47.0)), velocity=((-60.90087, 1438.783)), pressure=1.00, tilt=((0.0, 0.0)), pen_inverted=(false)
[DIAG] _physics_process: ENTER, state=1
[DIAG] _physics_process: camera target set to character (state: 1)
[DIAG] _physics_process: ENTER, state=1
[DIAG] _physics_process: camera target set to character (state: 1)
[DIAG] _poll_controls: ENTER, state=1
[VERBATIM] POLL: _poll_controls() entered, game_state=1
[VERBATIM] POLL: checking deploy state=1 canopy=false
[DEBUG] _input (build_terrain) called, event=InputEventMouseMotion: button_mask=1 (Left Mouse Button), position=((119.0, 350.0)), relative=((-3.0, 31.0)), velocity=((-60.90087, 1438.783)), pressure=1.00, tilt=((0.0, 0.0)), pen_inverted=(false)
[DIAG] _physics_process: ENTER, state=1
[DIAG] _physics_process: camera target set to character (state: 1)
[DIAG] _physics_process: ENTER, state=1
[DIAG] _physics_process: camera target set to character (state: 1)
[DIAG] _poll_controls: ENTER, state=1
[VERBATIM] POLL: _poll_controls() entered, game_state=1
[VERBATIM] POLL: checking deploy state=1 canopy=false
[DEBUG] _input (build_terrain) called, event=InputEventMouseMotion: button_mask=1 (Left Mouse Button), position=((115.0, 386.0)), relative=((-4.0, 36.0)), velocity=((-60.90087, 1438.783)), pressure=1.00, tilt=((0.0, 0.0)), pen_inverted=(false)
[DIAG] _physics_process: ENTER, state=1
[DIAG] _physics_process: camera target set to character (state: 1)
[DIAG] _physics_process: ENTER, state=1
[DIAG] _physics_process: camera target set to character (state: 1)
[DIAG] _poll_controls: ENTER, state=1
[VERBATIM] POLL: _poll_controls() entered, game_state=1
[VERBATIM] POLL: checking deploy state=1 canopy=false
[DEBUG] _input (build_terrain) called, event=InputEventMouseMotion: button_mask=1 (Left Mouse Button), position=((115.0, 395.0)), relative=((0.0, 9.0)), velocity=((-60.90087, 1438.783)), pressure=1.00, tilt=((0.0, 0.0)), pen_inverted=(false)
[DIAG] _physics_process: ENTER, state=1
[DIAG] _physics_process: camera target set to character (state: 1)
[DIAG] _physics_process: ENTER, state=1
[DIAG] _physics_process: camera target set to character (state: 1)
[DIAG] _poll_controls: ENTER, state=1
[VERBATIM] POLL: _poll_controls() entered, game_state=1
[VERBATIM] POLL: checking deploy state=1 canopy=false
[DEBUG] _input (build_terrain) called, event=InputEventMouseMotion: button_mask=1 (Left Mouse Button), position=((115.0, 403.0)), relative=((0.0, 8.0)), velocity=((-61.87783, 951.3717)), pressure=1.00, tilt=((0.0, 0.0)), pen_inverted=(false)
[DIAG] _physics_process: ENTER, state=1
[DIAG] _physics_process: camera target set to character (state: 1)
[DIAG] _physics_process: ENTER, state=1
[DIAG] _physics_process: camera target set to character (state: 1)
[DIAG] _poll_controls: ENTER, state=1
[VERBATIM] POLL: _poll_controls() entered, game_state=1
[VERBATIM] POLL: checking deploy state=1 canopy=false
[DEBUG] _input (build_terrain) called, event=InputEventMouseMotion: button_mask=1 (Left Mouse Button), position=((115.0, 412.0)), relative=((0.0, 9.0)), velocity=((-61.87783, 951.3717)), pressure=1.00, tilt=((0.0, 0.0)), pen_inverted=(false)
[DIAG] _physics_process: ENTER, state=1
[DIAG] _physics_process: camera target set to character (state: 1)
[DIAG] _poll_controls: ENTER, state=1
[VERBATIM] POLL: _poll_controls() entered, game_state=1
[VERBATIM] POLL: checking deploy state=1 canopy=false
[DEBUG] _input (build_terrain) called, event=InputEventMouseMotion: button_mask=1 (Left Mouse Button), position=((115.0, 418.0)), relative=((0.0, 6.0)), velocity=((-61.87783, 951.3717)), pressure=1.00, tilt=((0.0, 0.0)), pen_inverted=(false)
[DIAG] _physics_process: ENTER, state=1
[DIAG] _physics_process: camera target set to character (state: 1)
[DIAG] _physics_process: ENTER, state=1
[DIAG] _physics_process: camera target set to character (state: 1)
[DIAG] _poll_controls: ENTER, state=1
[VERBATIM] POLL: _poll_controls() entered, game_state=1
[VERBATIM] POLL: checking deploy state=1 canopy=false
[DEBUG] _input (build_terrain) called, event=InputEventMouseMotion: button_mask=1 (Left Mouse Button), position=((116.0, 420.0)), relative=((1.0, 2.0)), velocity=((-61.87783, 951.3717)), pressure=1.00, tilt=((0.0, 0.0)), pen_inverted=(false)
[DIAG] _physics_process: ENTER, state=1
[DIAG] _physics_process: camera target set to character (state: 1)
[DIAG] _physics_process: ENTER, state=1
[DIAG] _physics_process: camera target set to character (state: 1)
[DIAG] _poll_controls: ENTER, state=1
[VERBATIM] POLL: _poll_controls() entered, game_state=1
[VERBATIM] POLL: checking deploy state=1 canopy=false
[DIAG] _physics_process: ENTER, state=1
[DIAG] _physics_process: camera target set to character (state: 1)
[DIAG] _physics_process: ENTER, state=1
[DIAG] _physics_process: camera target set to character (state: 1)
[DIAG] _poll_controls: ENTER, state=1
[VERBATIM] POLL: _poll_controls() entered, game_state=1
[VERBATIM] POLL: checking deploy state=1 canopy=false
[DIAG] _physics_process: ENTER, state=1
[DIAG] _physics_process: camera target set to character (state: 1)
[DIAG] _physics_process: ENTER, state=1
[DIAG] _physics_process: camera target set to character (state: 1)
[DIAG] _poll_controls: ENTER, state=1
[VERBATIM] POLL: _poll_controls() entered, game_state=1
[VERBATIM] POLL: checking deploy state=1 canopy=false
[DIAG] _physics_process: ENTER, state=1
[DIAG] _physics_process: camera target set to character (state: 1)
[DIAG] _physics_process: ENTER, state=1
[DIAG] _physics_process: camera target set to character (state: 1)
[DIAG] _poll_controls: ENTER, state=1
[VERBATIM] POLL: _poll_controls() entered, game_state=1
[VERBATIM] POLL: checking deploy state=1 canopy=false
[DIAG] _physics_process: ENTER, state=1
[DIAG] _physics_process: camera target set to character (state: 1)
[DIAG] _physics_process: ENTER, state=1
[DIAG] _physics_process: camera target set to character (state: 1)
[DIAG] _poll_controls: ENTER, state=1
[VERBATIM] POLL: _poll_controls() entered, game_state=1
[VERBATIM] POLL: checking deploy state=1 canopy=false
[DIAG] _physics_process: ENTER, state=1
[DIAG] _physics_process: camera target set to character (state: 1)
[DIAG] _physics_process: ENTER, state=1
[DIAG] _physics_process: camera target set to character (state: 1)
[DIAG] _poll_controls: ENTER, state=1
[VERBATIM] POLL: _poll_controls() entered, game_state=1
[VERBATIM] POLL: checking deploy state=1 canopy=false
[DIAG] _physics_process: ENTER, state=1
[DIAG] _physics_process: camera target set to character (state: 1)
[DIAG] _physics_process: ENTER, state=1
[DIAG] _physics_process: camera target set to character (state: 1)
[DIAG] _poll_controls: ENTER, state=1
[VERBATIM] POLL: _poll_controls() entered, game_state=1
[VERBATIM] POLL: checking deploy state=1 canopy=false
[DEBUG] _input (build_terrain) called, event=InputEventMouseMotion: button_mask=1 (Left Mouse Button), position=((117.0, 421.0)), relative=((1.0, 1.0)), velocity=((3.07914, 76.9785)), pressure=1.00, tilt=((0.0, 0.0)), pen_inverted=(false)
[DIAG] _physics_process: ENTER, state=1
[DIAG] _physics_process: camera target set to character (state: 1)
[DIAG] _physics_process: ENTER, state=1
[DIAG] _physics_process: camera target set to character (state: 1)
[DIAG] _poll_controls: ENTER, state=1
[VERBATIM] POLL: _poll_controls() entered, game_state=1
[VERBATIM] POLL: checking deploy state=1 canopy=false
[DEBUG] _input (build_terrain) called, event=InputEventMouseMotion: button_mask=1 (Left Mouse Button), position=((119.0, 421.0)), relative=((2.0, 0.0)), velocity=((3.07914, 76.9785)), pressure=1.00, tilt=((0.0, 0.0)), pen_inverted=(false)
[DIAG] _physics_process: ENTER, state=1
[DIAG] _physics_process: camera target set to character (state: 1)
[DIAG] _physics_process: ENTER, state=1
[DIAG] _physics_process: camera target set to character (state: 1)
[DIAG] _poll_controls: ENTER, state=1
[VERBATIM] POLL: _poll_controls() entered, game_state=1
[VERBATIM] POLL: checking deploy state=1 canopy=false
[DEBUG] _input (build_terrain) called, event=InputEventMouseMotion: button_mask=1 (Left Mouse Button), position=((122.0, 421.0)), relative=((3.0, 0.0)), velocity=((3.07914, 76.9785)), pressure=1.00, tilt=((0.0, 0.0)), pen_inverted=(false)
[DIAG] _physics_process: ENTER, state=1
[DIAG] _physics_process: camera target set to character (state: 1)
[DIAG] _physics_process: ENTER, state=1
[DIAG] _physics_process: camera target set to character (state: 1)
[DIAG] _poll_controls: ENTER, state=1
[VERBATIM] POLL: _poll_controls() entered, game_state=1
[VERBATIM] POLL: checking deploy state=1 canopy=false
[DIAG] _physics_process: ENTER, state=1
[DIAG] _physics_process: camera target set to character (state: 1)
[DIAG] _poll_controls: ENTER, state=1
[VERBATIM] POLL: _poll_controls() entered, game_state=1
[VERBATIM] POLL: checking deploy state=1 canopy=false
[DIAG] _physics_process: ENTER, state=1
[DIAG] _physics_process: camera target set to character (state: 1)
[DIAG] _physics_process: ENTER, state=1
[DIAG] _physics_process: camera target set to character (state: 1)
[DIAG] _poll_controls: ENTER, state=1
[VERBATIM] POLL: _poll_controls() entered, game_state=1
[VERBATIM] POLL: checking deploy state=1 canopy=false
[DIAG] _physics_process: ENTER, state=1
[DIAG] _physics_process: camera target set to character (state: 1)
[DIAG] _physics_process: ENTER, state=1
[DIAG] _physics_process: camera target set to character (state: 1)
[DIAG] _poll_controls: ENTER, state=1
[VERBATIM] POLL: _poll_controls() entered, game_state=1
[VERBATIM] POLL: checking deploy state=1 canopy=false
[DEBUG] _input (build_terrain) called, event=InputEventMouseMotion: button_mask=1 (Left Mouse Button), position=((129.0, 422.0)), relative=((7.0, 1.0)), velocity=((30.91604, 5.152674)), pressure=1.00, tilt=((0.0, 0.0)), pen_inverted=(false)
[DIAG] _physics_process: ENTER, state=1
[DIAG] _physics_process: camera target set to character (state: 1)
[DIAG] _physics_process: ENTER, state=1
[DIAG] _physics_process: camera target set to character (state: 1)
[DIAG] _poll_controls: ENTER, state=1
[VERBATIM] POLL: _poll_controls() entered, game_state=1
[VERBATIM] POLL: checking deploy state=1 canopy=false
[DEBUG] _input (build_terrain) called, event=InputEventMouseMotion: button_mask=1 (Left Mouse Button), position=((131.0, 423.0)), relative=((2.0, 1.0)), velocity=((30.91604, 5.152674)), pressure=1.00, tilt=((0.0, 0.0)), pen_inverted=(false)
[DIAG] _physics_process: ENTER, state=1
[DIAG] _physics_process: camera target set to character (state: 1)
[DIAG] _physics_process: ENTER, state=1
[DIAG] _physics_process: camera target set to character (state: 1)
[DIAG] _poll_controls: ENTER, state=1
[VERBATIM] POLL: _poll_controls() entered, game_state=1
[VERBATIM] POLL: checking deploy state=1 canopy=false
[DIAG] _physics_process: ENTER, state=1
[DIAG] _physics_process: camera target set to character (state: 1)
[DIAG] _physics_process: ENTER, state=1
[DIAG] _physics_process: camera target set to character (state: 1)
[DIAG] _poll_controls: ENTER, state=1
[VERBATIM] POLL: _poll_controls() entered, game_state=1
[VERBATIM] POLL: checking deploy state=1 canopy=false
[DIAG] _physics_process: ENTER, state=1
[DIAG] _physics_process: camera target set to character (state: 1)
[DIAG] _physics_process: ENTER, state=1
[DIAG] _physics_process: camera target set to character (state: 1)
[DIAG] _poll_controls: ENTER, state=1
[VERBATIM] POLL: _poll_controls() entered, game_state=1
[VERBATIM] POLL: checking deploy state=1 canopy=false
[DEBUG] _input (build_terrain) called, event=InputEventMouseButton: button_index=1, mods=none, pressed=false, canceled=false, position=((131.0, 423.0)), button_mask=0, double_click=false
[PIP] drag end position=(10.0, 350.0)
[VERBATIM] PiP position saved: (10.0, 350.0)
[PIP] position saved: (10.0, 350.0)
[DIAG] _physics_process: ENTER, state=1
[DIAG] _physics_process: camera target set to character (state: 1)
[DIAG] _physics_process: ENTER, state=1
[DIAG] _physics_process: camera target set to character (state: 1)
[DIAG] _physics_process: ENTER, state=1
[DIAG] _physics_process: camera target set to character (state: 1)
[DIAG] _physics_process: ENTER, state=1
[DIAG] _physics_process: camera target set to character (state: 1)
[DIAG] _physics_process: ENTER, state=1
[DIAG] _physics_process: camera target set to character (state: 1)
[DIAG] _physics_process: ENTER, state=1
[DIAG] _physics_process: camera target set to character (state: 1)
[DIAG] _physics_process: ENTER, state=1
[DIAG] _physics_process: camera target set to character (state: 1)
[DIAG] _poll_controls: ENTER, state=1
[VERBATIM] POLL: _poll_controls() entered, game_state=1
[VERBATIM] POLL: checking deploy state=1 canopy=false
[VERBATIM] Wind updated: 12.5 kts @ 240.0°
[DIAG] _physics_process: ENTER, state=1
[DIAG] _physics_process: camera target set to character (state: 1)
[DIAG] _physics_process: ENTER, state=1
[DIAG] _physics_process: camera target set to character (state: 1)
[DIAG] _poll_controls: ENTER, state=1
[VERBATIM] POLL: _poll_controls() entered, game_state=1
[VERBATIM] POLL: checking deploy state=1 canopy=false
[DIAG] _physics_process: ENTER, state=1
[DIAG] _physics_process: camera target set to character (state: 1)
[DIAG] _physics_process: ENTER, state=1
[DIAG] _physics_process: camera target set to character (state: 1)
[DIAG] _poll_controls: ENTER, state=1
[VERBATIM] POLL: _poll_controls() entered, game_state=1
[VERBATIM] POLL: checking deploy state=1 canopy=false
[DIAG] _physics_process: ENTER, state=1
[DIAG] _physics_process: camera target set to character (state: 1)
[DIAG] _physics_process: ENTER, state=1
[DIAG] _physics_process: camera target set to character (state: 1)
[DIAG] _poll_controls: ENTER, state=1
[VERBATIM] POLL: _poll_controls() entered, game_state=1
[VERBATIM] POLL: checking deploy state=1 canopy=false
[DIAG] _physics_process: ENTER, state=1
[DIAG] _physics_process: camera target set to character (state: 1)
[DIAG] _physics_process: ENTER, state=1
[DIAG] _physics_process: camera target set to character (state: 1)
[DIAG] _poll_controls: ENTER, state=1
[VERBATIM] POLL: _poll_controls() entered, game_state=1
[VERBATIM] POLL: checking deploy state=1 canopy=false
[DIAG] _physics_process: ENTER, state=1
[DIAG] _physics_process: camera target set to character (state: 1)
[PIPLIVE] eye=(686.0596, 409.4886, 370.5809) state=1 deployed=false framing=aircraft/sky
[DIAG] _physics_process: ENTER, state=1
[DIAG] _physics_process: camera target set to character (state: 1)
[DIAG] _poll_controls: ENTER, state=1
[VERBATIM] POLL: _poll_controls() entered, game_state=1
[VERBATIM] POLL: checking deploy state=1 canopy=false
[DIAG] _physics_process: ENTER, state=1
[DIAG] _physics_process: camera target set to character (state: 1)
[DIAG] _physics_process: ENTER, state=1
[DIAG] _physics_process: camera target set to character (state: 1)
[DIAG] _poll_controls: ENTER, state=1
[VERBATIM] POLL: _poll_controls() entered, game_state=1
[VERBATIM] POLL: checking deploy state=1 canopy=false
[DIAG] _physics_process: ENTER, state=1
[DIAG] _physics_process: camera target set to character (state: 1)
[DIAG] _physics_process: ENTER, state=1
[DIAG] _physics_process: camera target set to character (state: 1)
[DIAG] _poll_controls: ENTER, state=1
[VERBATIM] POLL: _poll_controls() entered, game_state=1
[VERBATIM] POLL: checking deploy state=1 canopy=false
[DEBUG] _input (build_terrain) called, event=InputEventMouseMotion: button_mask=0, position=((131.0, 423.0)), relative=((0.0, 0.0)), velocity=((18.77664, 4.172586)), pressure=0.00, tilt=((0.0, 0.0)), pen_inverted=(false)
[DIAG] _physics_process: ENTER, state=1
[DIAG] _physics_process: camera target set to character (state: 1)
[DIAG] _physics_process: ENTER, state=1
[DIAG] _physics_process: camera target set to character (state: 1)
[DIAG] _poll_controls: ENTER, state=1
[VERBATIM] POLL: _poll_controls() entered, game_state=1
[VERBATIM] POLL: checking deploy state=1 canopy=false
[DIAG] _physics_process: ENTER, state=1
[DIAG] _physics_process: camera target set to character (state: 1)
[DIAG] _physics_process: ENTER, state=1
[DIAG] _physics_process: camera target set to character (state: 1)
[DIAG] _poll_controls: ENTER, state=1
[VERBATIM] POLL: _poll_controls() entered, game_state=1
[VERBATIM] POLL: checking deploy state=1 canopy=false
[DIAG] _physics_process: ENTER, state=1
[DIAG] _physics_process: camera target set to character (state: 1)
[DIAG] _physics_process: ENTER, state=1
[DIAG] _physics_process: camera target set to character (state: 1)
[DIAG] _poll_controls: ENTER, state=1
[VERBATIM] POLL: _poll_controls() entered, game_state=1
[VERBATIM] POLL: checking deploy state=1 canopy=false
[DEBUG] _input (build_terrain) called, event=InputEventMouseMotion: button_mask=0, position=((132.0, 423.0)), relative=((1.0, 0.0)), velocity=((0.0, 0.0)), pressure=0.00, tilt=((0.0, 0.0)), pen_inverted=(false)
[DIAG] _physics_process: ENTER, state=1
[DIAG] _physics_process: camera target set to character (state: 1)
[DIAG] _physics_process: ENTER, state=1
[DIAG] _physics_process: camera target set to character (state: 1)
[DIAG] _poll_controls: ENTER, state=1
[VERBATIM] POLL: _poll_controls() entered, game_state=1
[VERBATIM] POLL: checking deploy state=1 canopy=false
[DEBUG] _input (build_terrain) called, event=InputEventMouseMotion: button_mask=0, position=((135.0, 420.0)), relative=((3.0, -3.0)), velocity=((0.0, 0.0)), pressure=0.00, tilt=((0.0, 0.0)), pen_inverted=(false)
[DIAG] _physics_process: ENTER, state=1
[DIAG] _physics_process: camera target set to character (state: 1)
[DIAG] _physics_process: ENTER, state=1
[DIAG] _physics_process: camera target set to character (state: 1)
[DIAG] _poll_controls: ENTER, state=1
[VERBATIM] POLL: _poll_controls() entered, game_state=1
[VERBATIM] POLL: checking deploy state=1 canopy=false
[DEBUG] _input (build_terrain) called, event=InputEventMouseMotion: button_mask=0, position=((136.0, 419.0)), relative=((1.0, -1.0)), velocity=((0.0, 0.0)), pressure=0.00, tilt=((0.0, 0.0)), pen_inverted=(false)
[DIAG] _physics_process: ENTER, state=1
[DIAG] _physics_process: camera target set to character (state: 1)
[DIAG] _physics_process: ENTER, state=1
[DIAG] _physics_process: camera target set to character (state: 1)
[DIAG] _poll_controls: ENTER, state=1
[VERBATIM] POLL: _poll_controls() entered, game_state=1
[VERBATIM] POLL: checking deploy state=1 canopy=false
[DEBUG] _input (build_terrain) called, event=InputEventMouseMotion: button_mask=0, position=((140.0, 414.0)), relative=((4.0, -5.0)), velocity=((0.0, 0.0)), pressure=0.00, tilt=((0.0, 0.0)), pen_inverted=(false)
[DIAG] _physics_process: ENTER, state=1
[DIAG] _physics_process: camera target set to character (state: 1)
[DIAG] _physics_process: ENTER, state=1
[DIAG] _physics_process: camera target set to character (state: 1)
[DIAG] _poll_controls: ENTER, state=1
[VERBATIM] POLL: _poll_controls() entered, game_state=1
[VERBATIM] POLL: checking deploy state=1 canopy=false
[DEBUG] _input (build_terrain) called, event=InputEventMouseMotion: button_mask=0, position=((146.0, 406.0)), relative=((6.0, -8.0)), velocity=((69.5464, -69.5464)), pressure=0.00, tilt=((0.0, 0.0)), pen_inverted=(false)
[DIAG] _physics_process: ENTER, state=1
[DIAG] _physics_process: camera target set to character (state: 1)
[DIAG] _physics_process: ENTER, state=1
[DIAG] _physics_process: camera target set to character (state: 1)
[DIAG] _poll_controls: ENTER, state=1
[VERBATIM] POLL: _poll_controls() entered, game_state=1
[VERBATIM] POLL: checking deploy state=1 canopy=false
[DEBUG] _input (build_terrain) called, event=InputEventMouseMotion: button_mask=0, position=((151.0, 401.0)), relative=((5.0, -5.0)), velocity=((69.5464, -69.5464)), pressure=0.00, tilt=((0.0, 0.0)), pen_inverted=(false)
[DIAG] _physics_process: ENTER, state=1
[DIAG] _physics_process: camera target set to character (state: 1)
[DIAG] _physics_process: ENTER, state=1
[DIAG] _physics_process: camera target set to character (state: 1)
[DIAG] _poll_controls: ENTER, state=1
[VERBATIM] POLL: _poll_controls() entered, game_state=1
[VERBATIM] POLL: checking deploy state=1 canopy=false
[DEBUG] _input (build_terrain) called, event=InputEventMouseMotion: button_mask=0, position=((154.0, 397.0)), relative=((3.0, -4.0)), velocity=((69.5464, -69.5464)), pressure=0.00, tilt=((0.0, 0.0)), pen_inverted=(false)
[DIAG] _physics_process: ENTER, state=1
[DIAG] _physics_process: camera target set to character (state: 1)
[DIAG] _physics_process: ENTER, state=1
[DIAG] _physics_process: camera target set to character (state: 1)
[DIAG] _poll_controls: ENTER, state=1
[VERBATIM] POLL: _poll_controls() entered, game_state=1
[VERBATIM] POLL: checking deploy state=1 canopy=false
[DEBUG] _input (build_terrain) called, event=InputEventMouseMotion: button_mask=0, position=((159.0, 393.0)), relative=((5.0, -4.0)), velocity=((69.5464, -69.5464)), pressure=0.00, tilt=((0.0, 0.0)), pen_inverted=(false)
[DIAG] _physics_process: ENTER, state=1
[DIAG] _physics_process: camera target set to character (state: 1)
[DIAG] _physics_process: ENTER, state=1
[DIAG] _physics_process: camera target set to character (state: 1)
[DIAG] _poll_controls: ENTER, state=1
[VERBATIM] POLL: _poll_controls() entered, game_state=1
[VERBATIM] POLL: checking deploy state=1 canopy=false
[DEBUG] _input (build_terrain) called, event=InputEventMouseMotion: button_mask=0, position=((164.0, 390.0)), relative=((5.0, -3.0)), velocity=((145.3633, -160.6647)), pressure=0.00, tilt=((0.0, 0.0)), pen_inverted=(false)
[DIAG] _physics_process: ENTER, state=1
[DIAG] _physics_process: camera target set to character (state: 1)
[DIAG] _physics_process: ENTER, state=1
[DIAG] _physics_process: camera target set to character (state: 1)
[DIAG] _poll_controls: ENTER, state=1
[VERBATIM] POLL: _poll_controls() entered, game_state=1
[VERBATIM] POLL: checking deploy state=1 canopy=false
[DEBUG] _input (build_terrain) called, event=InputEventMouseMotion: button_mask=0, position=((168.0, 389.0)), relative=((4.0, -1.0)), velocity=((145.3633, -160.6647)), pressure=0.00, tilt=((0.0, 0.0)), pen_inverted=(false)
[DIAG] _physics_process: ENTER, state=1
[DIAG] _physics_process: camera target set to character (state: 1)
[DIAG] _physics_process: ENTER, state=1
[DIAG] _physics_process: camera target set to character (state: 1)
[DIAG] _poll_controls: ENTER, state=1
[VERBATIM] POLL: _poll_controls() entered, game_state=1
[VERBATIM] POLL: checking deploy state=1 canopy=false
[DEBUG] _input (build_terrain) called, event=InputEventMouseMotion: button_mask=0, position=((175.0, 389.0)), relative=((7.0, 0.0)), velocity=((145.3633, -160.6647)), pressure=0.00, tilt=((0.0, 0.0)), pen_inverted=(false)
[DIAG] _physics_process: ENTER, state=1
[DIAG] _physics_process: camera target set to character (state: 1)
[DIAG] _physics_process: ENTER, state=1
[DIAG] _physics_process: camera target set to character (state: 1)
[WIND] speed 5.50650594104522 kts  dir 0°  gust 0.10264171208156  vec_ms (0.0, 0.0, 2.832789)
[DIAG] _poll_controls: ENTER, state=1
[VERBATIM] POLL: _poll_controls() entered, game_state=1
[VERBATIM] POLL: checking deploy state=1 canopy=false
[DEBUG] _input (build_terrain) called, event=InputEventMouseMotion: button_mask=0, position=((184.0, 388.0)), relative=((9.0, -1.0)), velocity=((158.4613, -39.61534)), pressure=0.00, tilt=((0.0, 0.0)), pen_inverted=(false)
[DIAG] _physics_process: ENTER, state=1
[DIAG] _physics_process: camera target set to character (state: 1)
[DIAG] _physics_process: ENTER, state=1
[DIAG] _physics_process: camera target set to character (state: 1)
[DIAG] _poll_controls: ENTER, state=1
[VERBATIM] POLL: _poll_controls() entered, game_state=1
[VERBATIM] POLL: checking deploy state=1 canopy=false
[DEBUG] _input (build_terrain) called, event=InputEventMouseMotion: button_mask=0, position=((189.0, 386.0)), relative=((5.0, -2.0)), velocity=((158.4613, -39.61534)), pressure=0.00, tilt=((0.0, 0.0)), pen_inverted=(false)
[DIAG] _physics_process: ENTER, state=1
[DIAG] _physics_process: camera target set to character (state: 1)
[DIAG] _physics_process: ENTER, state=1
[DIAG] _physics_process: camera target set to character (state: 1)
[DIAG] _poll_controls: ENTER, state=1
[VERBATIM] POLL: _poll_controls() entered, game_state=1
[VERBATIM] POLL: checking deploy state=1 canopy=false
[DEBUG] _input (build_terrain) called, event=InputEventMouseMotion: button_mask=0, position=((196.0, 384.0)), relative=((7.0, -2.0)), velocity=((158.4613, -39.61534)), pressure=0.00, tilt=((0.0, 0.0)), pen_inverted=(false)
[DIAG] _physics_process: ENTER, state=1
[DIAG] _physics_process: camera target set to character (state: 1)
[DIAG] _physics_process: ENTER, state=1
[DIAG] _physics_process: camera target set to character (state: 1)
[DIAG] _poll_controls: ENTER, state=1
[VERBATIM] POLL: _poll_controls() entered, game_state=1
[VERBATIM] POLL: checking deploy state=1 canopy=false
[DEBUG] _input (build_terrain) called, event=InputEventMouseMotion: button_mask=0, position=((200.0, 383.0)), relative=((4.0, -1.0)), velocity=((158.4613, -39.61534)), pressure=0.00, tilt=((0.0, 0.0)), pen_inverted=(false)
[DIAG] _physics_process: ENTER, state=1
[DIAG] _physics_process: camera target set to character (state: 1)
[DIAG] _physics_process: ENTER, state=1
[DIAG] _physics_process: camera target set to character (state: 1)
[DIAG] _poll_controls: ENTER, state=1
[VERBATIM] POLL: _poll_controls() entered, game_state=1
[VERBATIM] POLL: checking deploy state=1 canopy=false
[DEBUG] _input (build_terrain) called, event=InputEventMouseMotion: button_mask=0, position=((207.0, 381.0)), relative=((7.0, -2.0)), velocity=((191.1753, -45.88208)), pressure=0.00, tilt=((0.0, 0.0)), pen_inverted=(false)
[DIAG] _physics_process: ENTER, state=1
[DIAG] _physics_process: camera target set to character (state: 1)
[DIAG] _physics_process: ENTER, state=1
[DIAG] _physics_process: camera target set to character (state: 1)
[DIAG] _poll_controls: ENTER, state=1
[VERBATIM] POLL: _poll_controls() entered, game_state=1
[VERBATIM] POLL: checking deploy state=1 canopy=false
[DEBUG] _input (build_terrain) called, event=InputEventMouseMotion: button_mask=0, position=((209.0, 380.0)), relative=((2.0, -1.0)), velocity=((191.1753, -45.88208)), pressure=0.00, tilt=((0.0, 0.0)), pen_inverted=(false)
[DIAG] _physics_process: ENTER, state=1
[DIAG] _physics_process: camera target set to character (state: 1)
[DIAG] _physics_process: ENTER, state=1
[DIAG] _physics_process: camera target set to character (state: 1)
[DIAG] _poll_controls: ENTER, state=1
[VERBATIM] POLL: _poll_controls() entered, game_state=1
[VERBATIM] POLL: checking deploy state=1 canopy=false
[DEBUG] _input (build_terrain) called, event=InputEventMouseMotion: button_mask=0, position=((214.0, 379.0)), relative=((5.0, -1.0)), velocity=((191.1753, -45.88208)), pressure=0.00, tilt=((0.0, 0.0)), pen_inverted=(false)
[DIAG] _physics_process: ENTER, state=1
[DIAG] _physics_process: camera target set to character (state: 1)
[DIAG] _physics_process: ENTER, state=1
[DIAG] _physics_process: camera target set to character (state: 1)
[DIAG] _poll_controls: ENTER, state=1
[VERBATIM] POLL: _poll_controls() entered, game_state=1
[VERBATIM] POLL: checking deploy state=1 canopy=false
[DEBUG] _input (build_terrain) called, event=InputEventMouseMotion: button_mask=0, position=((228.0, 376.0)), relative=((14.0, -3.0)), velocity=((138.303, -39.51514)), pressure=0.00, tilt=((0.0, 0.0)), pen_inverted=(false)
[DIAG] _physics_process: ENTER, state=1
[DIAG] _physics_process: camera target set to character (state: 1)
[DIAG] _physics_process: ENTER, state=1
[DIAG] _physics_process: camera target set to character (state: 1)
[DIAG] _poll_controls: ENTER, state=1
[VERBATIM] POLL: _poll_controls() entered, game_state=1
[VERBATIM] POLL: checking deploy state=1 canopy=false
[DEBUG] _input (build_terrain) called, event=InputEventMouseMotion: button_mask=0, position=((244.0, 375.0)), relative=((16.0, -1.0)), velocity=((138.303, -39.51514)), pressure=0.00, tilt=((0.0, 0.0)), pen_inverted=(false)
[DIAG] _physics_process: ENTER, state=1
[DIAG] _physics_process: camera target set to character (state: 1)
[DIAG] _physics_process: ENTER, state=1
[DIAG] _physics_process: camera target set to character (state: 1)
[DIAG] _poll_controls: ENTER, state=1
[VERBATIM] POLL: _poll_controls() entered, game_state=1
[VERBATIM] POLL: checking deploy state=1 canopy=false
[VERBATIM] Wind updated: 12.5 kts @ 240.0°
[DEBUG] _input (build_terrain) called, event=InputEventMouseMotion: button_mask=0, position=((273.0, 375.0)), relative=((29.0, 0.0)), velocity=((138.303, -39.51514)), pressure=0.00, tilt=((0.0, 0.0)), pen_inverted=(false)
[DIAG] _physics_process: ENTER, state=1
[DIAG] _physics_process: camera target set to character (state: 1)
[DIAG] _physics_process: ENTER, state=1
[DIAG] _physics_process: camera target set to character (state: 1)
[DIAG] _poll_controls: ENTER, state=1
[VERBATIM] POLL: _poll_controls() entered, game_state=1
[VERBATIM] POLL: checking deploy state=1 canopy=false
[DEBUG] _input (build_terrain) called, event=InputEventMouseMotion: button_mask=0, position=((303.0, 375.0)), relative=((30.0, 0.0)), velocity=((586.8779, -39.78833)), pressure=0.00, tilt=((0.0, 0.0)), pen_inverted=(false)
[DIAG] _physics_process: ENTER, state=1
[DIAG] _physics_process: camera target set to character (state: 1)
[DIAG] _physics_process: ENTER, state=1
[DIAG] _physics_process: camera target set to character (state: 1)
[DIAG] _poll_controls: ENTER, state=1
[VERBATIM] POLL: _poll_controls() entered, game_state=1
[VERBATIM] POLL: checking deploy state=1 canopy=false
[DEBUG] _input (build_terrain) called, event=InputEventMouseMotion: button_mask=0, position=((320.0, 375.0)), relative=((17.0, 0.0)), velocity=((586.8779, -39.78833)), pressure=0.00, tilt=((0.0, 0.0)), pen_inverted=(false)
[DIAG] _physics_process: ENTER, state=1
[DIAG] _physics_process: camera target set to character (state: 1)
[DIAG] _physics_process: ENTER, state=1
[DIAG] _physics_process: camera target set to character (state: 1)
[DIAG] _poll_controls: ENTER, state=1
[VERBATIM] POLL: _poll_controls() entered, game_state=1
[VERBATIM] POLL: checking deploy state=1 canopy=false
[DEBUG] _input (build_terrain) called, event=InputEventMouseMotion: button_mask=0, position=((351.0, 375.0)), relative=((31.0, 0.0)), velocity=((586.8779, -39.78833)), pressure=0.00, tilt=((0.0, 0.0)), pen_inverted=(false)
[DIAG] _physics_process: ENTER, state=1
[DIAG] _physics_process: camera target set to character (state: 1)
[DIAG] _physics_process: ENTER, state=1
[DIAG] _physics_process: camera target set to character (state: 1)
[DIAG] _poll_controls: ENTER, state=1
[VERBATIM] POLL: _poll_controls() entered, game_state=1
[VERBATIM] POLL: checking deploy state=1 canopy=false
[DEBUG] _input (build_terrain) called, event=InputEventMouseMotion: button_mask=0, position=((368.0, 374.0)), relative=((17.0, -1.0)), velocity=((772.5908, 0.0)), pressure=0.00, tilt=((0.0, 0.0)), pen_inverted=(false)
[DIAG] _physics_process: ENTER, state=1
[DIAG] _physics_process: camera target set to character (state: 1)
[DIAG] _physics_process: ENTER, state=1
[DIAG] _physics_process: camera target set to character (state: 1)
[DIAG] _poll_controls: ENTER, state=1
[VERBATIM] POLL: _poll_controls() entered, game_state=1
[VERBATIM] POLL: checking deploy state=1 canopy=false
[DEBUG] _input (build_terrain) called, event=InputEventMouseMotion: button_mask=0, position=((375.0, 373.0)), relative=((7.0, -1.0)), velocity=((772.5908, 0.0)), pressure=0.00, tilt=((0.0, 0.0)), pen_inverted=(false)
[DIAG] _physics_process: ENTER, state=1
[DIAG] _physics_process: camera target set to character (state: 1)
[DIAG] _physics_process: ENTER, state=1
[DIAG] _physics_process: camera target set to character (state: 1)
[DIAG] _poll_controls: ENTER, state=1
[VERBATIM] POLL: _poll_controls() entered, game_state=1
[VERBATIM] POLL: checking deploy state=1 canopy=false
[DEBUG] _input (build_terrain) called, event=InputEventMouseMotion: button_mask=0, position=((379.0, 372.0)), relative=((4.0, -1.0)), velocity=((772.5908, 0.0)), pressure=0.00, tilt=((0.0, 0.0)), pen_inverted=(false)
[DIAG] _physics_process: ENTER, state=1
[DIAG] _physics_process: camera target set to character (state: 1)
[DIAG] _physics_process: ENTER, state=1
[DIAG] _physics_process: camera target set to character (state: 1)
[DIAG] _poll_controls: ENTER, state=1
[VERBATIM] POLL: _poll_controls() entered, game_state=1
[VERBATIM] POLL: checking deploy state=1 canopy=false
[DEBUG] _input (build_terrain) called, event=InputEventMouseMotion: button_mask=0, position=((385.0, 370.0)), relative=((6.0, -2.0)), velocity=((772.5908, 0.0)), pressure=0.00, tilt=((0.0, 0.0)), pen_inverted=(false)
[DIAG] _physics_process: ENTER, state=1
[DIAG] _physics_process: camera target set to character (state: 1)
[DIAG] _physics_process: ENTER, state=1
[DIAG] _physics_process: camera target set to character (state: 1)
[DIAG] _poll_controls: ENTER, state=1
[VERBATIM] POLL: _poll_controls() entered, game_state=1
[VERBATIM] POLL: checking deploy state=1 canopy=false
[DEBUG] _input (build_terrain) called, event=InputEventMouseMotion: button_mask=0, position=((400.0, 370.0)), relative=((15.0, 0.0)), velocity=((254.5139, -37.42851)), pressure=0.00, tilt=((0.0, 0.0)), pen_inverted=(false)
[DIAG] _physics_process: ENTER, state=1
[DIAG] _physics_process: camera target set to character (state: 1)
[DIAG] _physics_process: ENTER, state=1
[DIAG] _physics_process: camera target set to character (state: 1)
[DIAG] _poll_controls: ENTER, state=1
[VERBATIM] POLL: _poll_controls() entered, game_state=1
[VERBATIM] POLL: checking deploy state=1 canopy=false
[DEBUG] _input (build_terrain) called, event=InputEventMouseMotion: button_mask=0, position=((420.0, 368.0)), relative=((20.0, -2.0)), velocity=((254.5139, -37.42851)), pressure=0.00, tilt=((0.0, 0.0)), pen_inverted=(false)
[DIAG] _physics_process: ENTER, state=1
[DIAG] _physics_process: camera target set to character (state: 1)
[DIAG] _physics_process: ENTER, state=1
[DIAG] _physics_process: camera target set to character (state: 1)
[DIAG] _poll_controls: ENTER, state=1
[VERBATIM] POLL: _poll_controls() entered, game_state=1
[VERBATIM] POLL: checking deploy state=1 canopy=false
[DEBUG] _input (build_terrain) called, event=InputEventMouseMotion: button_mask=0, position=((432.0, 366.0)), relative=((12.0, -2.0)), velocity=((254.5139, -37.42851)), pressure=0.00, tilt=((0.0, 0.0)), pen_inverted=(false)
[DIAG] _physics_process: ENTER, state=1
[DIAG] _physics_process: camera target set to character (state: 1)
[DIAG] _physics_process: ENTER, state=1
