[VERBATIM] DIAGNOSIS turning block executed
[DIAG] _turn_input = 0.5
[ARMTEL],6.79999999999998,L,true,0.01666666666667,6.34166666666667,2.60953240900677,3.62037100144117,0.11176325621872,1.03625443563446,0.34346245838642,32.6289376912027,-2.0,20.0000085715136,0.46666666666667
[DIAG] _physics_process: ENTER, state=2
[DIAG] _physics_process: camera target set to character (state: 2)
[GLIDE],1.83333333333333,0.34346245838642,0.0,0.17173122919321,-0.34346245838642,9.63988866478977,21.2705468942671,4.15850498374026,3.78267129995062,2.54843413566376,504.871826171875,646.282592773438,18.0
[VERBATIM] DIAGNOSIS turning block executed
[DIAG] _turn_input = 0.5
[DIAG] _poll_controls: ENTER, state=2
[VERBATIM] POLL: _poll_controls() entered, game_state=2
[VERBATIM] POLL: checking deploy state=2 canopy=true
[VERBATIM] POLL: turnleft pressed - left turn
[STEER_TELEM] canopy=true has_pc=false turn=-1.0 state=2
[STEER_TELEM] /root/Main children: WorldEnvironment DirectionalLight3D AnimationPlayer HUD @MeshInstance3D@47 @MeshInstance3D@48 @MeshInstance3D@49 @MeshInstance3D@50 @Node3D@51 FlyingPlane @Camera3D@55 @MeshInstance3D@56 @MeshInstance3D@57 @MeshInstance3D@58 @MeshInstance3D@59 @MeshInstance3D@60 @MeshInstance3D@61 @MeshInstance3D@62 @MeshInstance3D@63 @MeshInstance3D@64 @MeshInstance3D@65 @MeshInstance3D@66 @MeshInstance3D@67 @MeshInstance3D@68 @MeshInstance3D@69 @MeshInstance3D@70 @MeshInstance3D@71 @MeshInstance3D@72 @MeshInstance3D@73 @MeshInstance3D@74 @MeshInstance3D@75 @MeshInstance3D@76 @MeshInstance3D@77 @MeshInstance3D@78 @MeshInstance3D@79 @MeshInstance3D@80 @MeshInstance3D@81 @MeshInstance3D@82 @MeshInstance3D@83 @MeshInstance3D@84 @MeshInstance3D@85 @MeshInstance3D@86 @MeshInstance3D@87 @MeshInstance3D@88 @MeshInstance3D@89 @MeshInstance3D@90 @MeshInstance3D@91 @MeshInstance3D@92 @MeshInstance3D@93 @MeshInstance3D@94 @MeshInstance3D@95 @MeshInstance3D@96 @MeshInstance3D@97 @CanvasLayer@99 @HTTPRequest@113 PiPLayer @HTTPRequest@122 OpeningAnimTimer 
[VERBATIM] ENTER _deploy_canopy gate=none
[VERBATIM] EXIT _deploy_canopy early=already_deployed_or_no_canopy
[ARMTEL],6.81666666666665,L,true,0.01666666666667,6.38958333333333,2.74769966709137,3.6268905247206,0.01499314152137,1.03650432132648,0.36073753040853,34.2700697417578,-2.0,21.2389544456219,0.48333333333333
[DIAG] _physics_process: ENTER, state=2
[DIAG] _physics_process: camera target set to character (state: 2)
[GLIDE],1.85,0.36073753040853,0.0,0.18036876520426,-0.36073753040853,9.57147937958223,22.2685308172853,4.52964716402835,3.76458042904734,2.54250893558525,504.884429931641,646.493835449219,18.0
[VERBATIM] DIAGNOSIS turning block executed
[DIAG] _turn_input = 0.5
[ARMTEL],6.83333333333331,L,true,0.01666666666667,6.4375,2.88590024326823,3.62776512464268,-0.07616536791091,1.03523489852796,0.377991445384,35.9091918726266,-2.0,23.2297908817255,0.5
[DIAG] _physics_process: ENTER, state=2
[DIAG] _physics_process: camera target set to character (state: 2)
[GLIDE],1.86666666666666,0.377991445384,0.0,0.188995722692,-0.377991445384,9.50315387627938,23.2584229167688,4.9172875459745,3.74698987194131,2.53621018499199,504.898010253906,646.703857421875,18.0
[VERBATIM] DIAGNOSIS turning block executed
[DIAG] _turn_input = 0.5
[DIAG] _poll_controls: ENTER, state=2
[VERBATIM] POLL: _poll_controls() entered, game_state=2
[VERBATIM] POLL: checking deploy state=2 canopy=true
[VERBATIM] POLL: turnleft pressed - left turn
[STEER_TELEM] canopy=true has_pc=false turn=-1.0 state=2
[STEER_TELEM] /root/Main children: WorldEnvironment DirectionalLight3D AnimationPlayer HUD @MeshInstance3D@47 @MeshInstance3D@48 @MeshInstance3D@49 @MeshInstance3D@50 @Node3D@51 FlyingPlane @Camera3D@55 @MeshInstance3D@56 @MeshInstance3D@57 @MeshInstance3D@58 @MeshInstance3D@59 @MeshInstance3D@60 @MeshInstance3D@61 @MeshInstance3D@62 @MeshInstance3D@63 @MeshInstance3D@64 @MeshInstance3D@65 @MeshInstance3D@66 @MeshInstance3D@67 @MeshInstance3D@68 @MeshInstance3D@69 @MeshInstance3D@70 @MeshInstance3D@71 @MeshInstance3D@72 @MeshInstance3D@73 @MeshInstance3D@74 @MeshInstance3D@75 @MeshInstance3D@76 @MeshInstance3D@77 @MeshInstance3D@78 @MeshInstance3D@79 @MeshInstance3D@80 @MeshInstance3D@81 @MeshInstance3D@82 @MeshInstance3D@83 @MeshInstance3D@84 @MeshInstance3D@85 @MeshInstance3D@86 @MeshInstance3D@87 @MeshInstance3D@88 @MeshInstance3D@89 @MeshInstance3D@90 @MeshInstance3D@91 @MeshInstance3D@92 @MeshInstance3D@93 @MeshInstance3D@94 @MeshInstance3D@95 @MeshInstance3D@96 @MeshInstance3D@97 @CanvasLayer@99 @HTTPRequest@113 PiPLayer @HTTPRequest@122 OpeningAnimTimer 
[VERBATIM] ENTER _deploy_canopy gate=none
[VERBATIM] EXIT _deploy_canopy early=already_deployed_or_no_canopy
[DEBUG] _input (build_terrain) called, event=InputEventKey: keycode=81 (Q), mods=none, physical=false, location=unspecified, pressed=true, echo=true
[AUDIT] _input: ENTER
2026-08-05T15:42:01 [INFO] InputManager ready
2026-08-05T15:42:01 [INFO] InputMap.has_action('restart') = true
[INPUT] unhandled_input triggered
2026-08-05T15:42:01 [INFO] InputManager: key=Q code=81
[ARMTEL],6.84999999999998,L,true,0.01666666666667,6.48541666666667,3.02393156307196,3.62332214484787,-0.16183704125317,1.03253761450708,0.39520040562578,37.5440433032533,-2.0,25.2154402329318,0.51666666666667
[DIAG] _physics_process: ENTER, state=2
[DIAG] _physics_process: camera target set to character (state: 2)
[GLIDE],1.88333333333333,0.39520040562578,0.0,0.19760020281289,-0.39520040562578,9.43500639372191,24.2388973120188,5.32126916784148,3.72992893924055,2.52954052139207,504.91259765625,646.912658691406,18.0
[VERBATIM] DIAGNOSIS turning block executed
[DIAG] _turn_input = 0.5
[ARMTEL],6.86666666666665,L,true,0.01666666666667,6.53333333333333,3.16160324500624,3.61388165077477,-0.24215156244768,1.02850175513295,0.41234210154466,39.1725046223925,-2.0,27.1933283157492,0.53333333333333
[DIAG] _physics_process: ENTER, state=2
[DIAG] _physics_process: camera target set to character (state: 2)
[GLIDE],1.9,0.41234210154466,0.0,0.20617105077233,-0.41234210154466,9.36712527788314,25.2087496970259,5.74141499612525,3.71342282908847,2.52250436026497,504.92822265625,647.120239257812,18.0
[VERBATIM] DIAGNOSIS turning block executed
[DIAG] _turn_input = 0.5
[DIAG] _poll_controls: ENTER, state=2
[VERBATIM] POLL: _poll_controls() entered, game_state=2
[VERBATIM] POLL: checking deploy state=2 canopy=true
[VERBATIM] POLL: turnleft pressed - left turn
[STEER_TELEM] canopy=true has_pc=false turn=-1.0 state=2
[STEER_TELEM] /root/Main children: WorldEnvironment DirectionalLight3D AnimationPlayer HUD @MeshInstance3D@47 @MeshInstance3D@48 @MeshInstance3D@49 @MeshInstance3D@50 @Node3D@51 FlyingPlane @Camera3D@55 @MeshInstance3D@56 @MeshInstance3D@57 @MeshInstance3D@58 @MeshInstance3D@59 @MeshInstance3D@60 @MeshInstance3D@61 @MeshInstance3D@62 @MeshInstance3D@63 @MeshInstance3D@64 @MeshInstance3D@65 @MeshInstance3D@66 @MeshInstance3D@67 @MeshInstance3D@68 @MeshInstance3D@69 @MeshInstance3D@70 @MeshInstance3D@71 @MeshInstance3D@72 @MeshInstance3D@73 @MeshInstance3D@74 @MeshInstance3D@75 @MeshInstance3D@76 @MeshInstance3D@77 @MeshInstance3D@78 @MeshInstance3D@79 @MeshInstance3D@80 @MeshInstance3D@81 @MeshInstance3D@82 @MeshInstance3D@83 @MeshInstance3D@84 @MeshInstance3D@85 @MeshInstance3D@86 @MeshInstance3D@87 @MeshInstance3D@88 @MeshInstance3D@89 @MeshInstance3D@90 @MeshInstance3D@91 @MeshInstance3D@92 @MeshInstance3D@93 @MeshInstance3D@94 @MeshInstance3D@95 @MeshInstance3D@96 @MeshInstance3D@97 @CanvasLayer@99 @HTTPRequest@113 PiPLayer @HTTPRequest@122 OpeningAnimTimer 
[VERBATIM] ENTER _deploy_canopy gate=none
[VERBATIM] EXIT _deploy_canopy early=already_deployed_or_no_canopy
[ARMTEL],6.88333333333331,L,true,0.01666666666667,6.58125,3.2987368123573,3.59975614296533,-0.31724295532262,1.02321437254424,0.4293956744204,40.7925942513696,-2.0,29.1610483546529,0.55
[DIAG] _physics_process: ENTER, state=2
[DIAG] _physics_process: camera target set to character (state: 2)
[GLIDE],1.91666666666666,0.4293956744204,0.0,0.2146978372102,-0.4293956744204,9.29959312929522,26.1668920183915,6.17752986309844,3.69749278700757,2.51510784874891,504.944915771484,647.326599121094,18.0
[VERBATIM] DIAGNOSIS turning block executed
[DIAG] _turn_input = 0.5
[ARMTEL],6.89999999999998,L,true,0.01666666666667,6.62916666666667,3.4351653953632,3.58125030390484,-0.38724903260137,1.01676022200088,0.44634167812041,42.402464807355,-2.0,31.1163565650102,0.56666666666667
[DIAG] _physics_process: ENTER, state=2
[DIAG] _physics_process: camera target set to character (state: 2)
[GLIDE],1.93333333333333,0.44634167812041,0.0,0.22317083906021,-0.44634167812041,9.23248695464316,27.1123471090204,6.62940231491544,3.68215627601046,2.5073588035341,504.962677001953,647.531677246094,18.0
[VERBATIM] DIAGNOSIS turning block executed
[DIAG] _turn_input = 0.5
[DIAG] _poll_controls: ENTER, state=2
[VERBATIM] POLL: _poll_controls() entered, game_state=2
[VERBATIM] POLL: checking deploy state=2 canopy=true
[VERBATIM] POLL: turnleft pressed - left turn
[STEER_TELEM] canopy=true has_pc=false turn=-1.0 state=2
[STEER_TELEM] /root/Main children: WorldEnvironment DirectionalLight3D AnimationPlayer HUD @MeshInstance3D@47 @MeshInstance3D@48 @MeshInstance3D@49 @MeshInstance3D@50 @Node3D@51 FlyingPlane @Camera3D@55 @MeshInstance3D@56 @MeshInstance3D@57 @MeshInstance3D@58 @MeshInstance3D@59 @MeshInstance3D@60 @MeshInstance3D@61 @MeshInstance3D@62 @MeshInstance3D@63 @MeshInstance3D@64 @MeshInstance3D@65 @MeshInstance3D@66 @MeshInstance3D@67 @MeshInstance3D@68 @MeshInstance3D@69 @MeshInstance3D@70 @MeshInstance3D@71 @MeshInstance3D@72 @MeshInstance3D@73 @MeshInstance3D@74 @MeshInstance3D@75 @MeshInstance3D@76 @MeshInstance3D@77 @MeshInstance3D@78 @MeshInstance3D@79 @MeshInstance3D@80 @MeshInstance3D@81 @MeshInstance3D@82 @MeshInstance3D@83 @MeshInstance3D@84 @MeshInstance3D@85 @MeshInstance3D@86 @MeshInstance3D@87 @MeshInstance3D@88 @MeshInstance3D@89 @MeshInstance3D@90 @MeshInstance3D@91 @MeshInstance3D@92 @MeshInstance3D@93 @MeshInstance3D@94 @MeshInstance3D@95 @MeshInstance3D@96 @MeshInstance3D@97 @CanvasLayer@99 @HTTPRequest@113 PiPLayer @HTTPRequest@122 OpeningAnimTimer 
[VERBATIM] ENTER _deploy_canopy gate=none
[VERBATIM] EXIT _deploy_canopy early=already_deployed_or_no_canopy
[DEBUG] _input (build_terrain) called, event=InputEventKey: keycode=81 (Q), mods=none, physical=false, location=unspecified, pressed=true, echo=true
[AUDIT] _input: ENTER
2026-08-05T15:42:01 [INFO] InputManager ready
2026-08-05T15:42:01 [INFO] InputMap.has_action('restart') = true
[INPUT] unhandled_input triggered
2026-08-05T15:42:01 [INFO] InputManager: key=Q code=81
[ARMTEL],6.91666666666665,L,true,0.01666666666667,6.67708333333333,3.57073342496331,3.55866077700309,-0.45231086863307,1.00922170752367,0.46316203991248,44.0003993805688,-2.0,33.0571676314665,0.58333333333333
[DIAG] _physics_process: ENTER, state=2
[DIAG] _physics_process: camera target set to character (state: 2)
[GLIDE],1.95,0.46316203991248,0.0,0.23158101995624,-0.46316203991248,9.1658783219466,28.0442433112752,7.09680637010336,3.66742715552054,2.49926663387146,504.981536865234,647.735534667969,18.0
[VERBATIM] DIAGNOSIS turning block executed
[DIAG] _turn_input = 0.5
[ARMTEL],6.93333333333331,L,true,0.01666666666667,6.725,3.7052963192998,3.53227597633283,-0.51257229563263,1.00067883592979,0.47984002051131,45.5848077387075,-2.0,34.9815500979381,0.6
[DIAG] _physics_process: ENTER, state=2
[DIAG] _physics_process: camera target set to character (state: 2)
[GLIDE],1.96666666666666,0.47984002051131,0.0,0.23992001025565,-0.47984002051131,9.09983351877523,28.9618091197947,7.57950318876661,3.65331586764025,2.490842250838,505.001556396484,647.938110351562,18.0
[VERBATIM] DIAGNOSIS turning block executed
[DIAG] _turn_input = 0.5
[AUDIT] _poll_fast: ENTER
[DIAG] _poll_controls: ENTER, state=2
[VERBATIM] POLL: _poll_controls() entered, game_state=2
[VERBATIM] POLL: checking deploy state=2 canopy=true
[VERBATIM] POLL: turnleft pressed - left turn
[STEER_TELEM] canopy=true has_pc=false turn=-1.0 state=2
[STEER_TELEM] /root/Main children: WorldEnvironment DirectionalLight3D AnimationPlayer HUD @MeshInstance3D@47 @MeshInstance3D@48 @MeshInstance3D@49 @MeshInstance3D@50 @Node3D@51 FlyingPlane @Camera3D@55 @MeshInstance3D@56 @MeshInstance3D@57 @MeshInstance3D@58 @MeshInstance3D@59 @MeshInstance3D@60 @MeshInstance3D@61 @MeshInstance3D@62 @MeshInstance3D@63 @MeshInstance3D@64 @MeshInstance3D@65 @MeshInstance3D@66 @MeshInstance3D@67 @MeshInstance3D@68 @MeshInstance3D@69 @MeshInstance3D@70 @MeshInstance3D@71 @MeshInstance3D@72 @MeshInstance3D@73 @MeshInstance3D@74 @MeshInstance3D@75 @MeshInstance3D@76 @MeshInstance3D@77 @MeshInstance3D@78 @MeshInstance3D@79 @MeshInstance3D@80 @MeshInstance3D@81 @MeshInstance3D@82 @MeshInstance3D@83 @MeshInstance3D@84 @MeshInstance3D@85 @MeshInstance3D@86 @MeshInstance3D@87 @MeshInstance3D@88 @MeshInstance3D@89 @MeshInstance3D@90 @MeshInstance3D@91 @MeshInstance3D@92 @MeshInstance3D@93 @MeshInstance3D@94 @MeshInstance3D@95 @MeshInstance3D@96 @MeshInstance3D@97 @CanvasLayer@99 @HTTPRequest@113 PiPLayer @HTTPRequest@122 OpeningAnimTimer 
[VERBATIM] ENTER _deploy_canopy gate=none
[VERBATIM] EXIT _deploy_canopy early=already_deployed_or_no_canopy
[DEBUG] _input (build_terrain) called, event=InputEventKey: keycode=81 (Q), mods=none, physical=false, location=unspecified, pressed=true, echo=true
[AUDIT] _input: ENTER
2026-08-05T15:42:01 [INFO] InputManager ready
2026-08-05T15:42:01 [INFO] InputMap.has_action('restart') = true
[INPUT] unhandled_input triggered
2026-08-05T15:42:01 [INFO] InputManager: key=Q code=81
[ARMTEL],6.94999999999998,L,true,0.01666666666667,6.77291666666667,3.83872016409044,3.50237592575426,-0.56817942317803,0.99120917887682,0.49636017349259,47.1542224712745,-2.0,36.887721684613,0.61666666666667
[DIAG] _physics_process: ENTER, state=2
[DIAG] _physics_process: camera target set to character (state: 2)
[GLIDE],1.98333333333333,0.49636017349259,0.0,0.24818008674629,-0.49636017349259,9.03441371296936,29.8643678708573,8.0772426532809,3.63982962931121,2.48209796420582,505.022705078125,648.139465332031,18.0
[VERBATIM] DIAGNOSIS turning block executed
[DIAG] _turn_input = 0.5
[ARMTEL],6.96666666666665,L,true,0.01666666666667,6.82083333333333,3.97088138794068,3.46923212606887,-0.61928018067622,0.98088784253222,0.51270830420146,48.7072950858868,-2.0,38.7740445466233,0.63333333333333
[DIAG] _physics_process: ENTER, state=2
[DIAG] _physics_process: camera target set to character (state: 2)
[GLIDE],2.0,0.51270830420146,0.0,0.25635415210073,-0.51270830420146,8.96967511536223,30.7513325020175,8.58976486164785,3.62697262892829,2.47304736843647,505.045043945312,648.339538574219,18.0
[VERBATIM] DIAGNOSIS turning block executed
[DIAG] _turn_input = 0.5
[DIAG] _poll_controls: ENTER, state=2
[VERBATIM] POLL: _poll_controls() entered, game_state=2
[VERBATIM] POLL: checking deploy state=2 canopy=true
[VERBATIM] POLL: turnleft pressed - left turn
[STEER_TELEM] canopy=true has_pc=false turn=-1.0 state=2
[STEER_TELEM] /root/Main children: WorldEnvironment DirectionalLight3D AnimationPlayer HUD @MeshInstance3D@47 @MeshInstance3D@48 @MeshInstance3D@49 @MeshInstance3D@50 @Node3D@51 FlyingPlane @Camera3D@55 @MeshInstance3D@56 @MeshInstance3D@57 @MeshInstance3D@58 @MeshInstance3D@59 @MeshInstance3D@60 @MeshInstance3D@61 @MeshInstance3D@62 @MeshInstance3D@63 @MeshInstance3D@64 @MeshInstance3D@65 @MeshInstance3D@66 @MeshInstance3D@67 @MeshInstance3D@68 @MeshInstance3D@69 @MeshInstance3D@70 @MeshInstance3D@71 @MeshInstance3D@72 @MeshInstance3D@73 @MeshInstance3D@74 @MeshInstance3D@75 @MeshInstance3D@76 @MeshInstance3D@77 @MeshInstance3D@78 @MeshInstance3D@79 @MeshInstance3D@80 @MeshInstance3D@81 @MeshInstance3D@82 @MeshInstance3D@83 @MeshInstance3D@84 @MeshInstance3D@85 @MeshInstance3D@86 @MeshInstance3D@87 @MeshInstance3D@88 @MeshInstance3D@89 @MeshInstance3D@90 @MeshInstance3D@91 @MeshInstance3D@92 @MeshInstance3D@93 @MeshInstance3D@94 @MeshInstance3D@95 @MeshInstance3D@96 @MeshInstance3D@97 @CanvasLayer@99 @HTTPRequest@113 PiPLayer @HTTPRequest@122 OpeningAnimTimer 
[VERBATIM] ENTER _deploy_canopy gate=none
[VERBATIM] EXIT _deploy_canopy early=already_deployed_or_no_canopy
[ARMTEL],6.98333333333331,L,true,0.01666666666667,6.86875,4.10166643361165,3.43310744886276,-0.66602388247441,0.96978744449098,0.52887142827631,50.2427920680347,-2.0,40.6390204883286,0.65
[DIAG] _physics_process: ENTER, state=2
[DIAG] _physics_process: camera target set to character (state: 2)
[GLIDE],2.01666666666666,0.52887142827631,0.0,0.26443571413815,-0.52887142827631,8.90566914402583,31.6222004027686,9.11680153502733,3.61474622599969,2.46370521946195,505.068572998047,648.538330078125,18.0
[VERBATIM] DIAGNOSIS turning block executed
[DIAG] _turn_input = 0.5
[ARMTEL],6.99999999999998,L,true,0.01666666666667,6.91666666666667,4.23097142621044,3.39425605571842,-0.7085608152622,0.95797809756994,0.54483772990247,51.7595909151826,-2.0,42.4812861464351,0.66666666666667
[DIAG] _physics_process: ENTER, state=2
[DIAG] _physics_process: camera target set to character (state: 2)
[GLIDE],2.03333333333333,0.54483772990247,0.0,0.27241886495124,-0.54483772990247,8.84244258958621,32.476548374193,9.65807734126388,3.60314915248606,2.45408730401438,505.093292236328,648.73583984375,18.0
[VERBATIM] DIAGNOSIS turning block executed
[DIAG] _turn_input = 0.5
[DIAG] _poll_controls: ENTER, state=2
[VERBATIM] POLL: _poll_controls() entered, game_state=2
[VERBATIM] POLL: checking deploy state=2 canopy=true
[VERBATIM] POLL: turnleft pressed - left turn
[STEER_TELEM] canopy=true has_pc=false turn=-1.0 state=2
[STEER_TELEM] /root/Main children: WorldEnvironment DirectionalLight3D AnimationPlayer HUD @MeshInstance3D@47 @MeshInstance3D@48 @MeshInstance3D@49 @MeshInstance3D@50 @Node3D@51 FlyingPlane @Camera3D@55 @MeshInstance3D@56 @MeshInstance3D@57 @MeshInstance3D@58 @MeshInstance3D@59 @MeshInstance3D@60 @MeshInstance3D@61 @MeshInstance3D@62 @MeshInstance3D@63 @MeshInstance3D@64 @MeshInstance3D@65 @MeshInstance3D@66 @MeshInstance3D@67 @MeshInstance3D@68 @MeshInstance3D@69 @MeshInstance3D@70 @MeshInstance3D@71 @MeshInstance3D@72 @MeshInstance3D@73 @MeshInstance3D@74 @MeshInstance3D@75 @MeshInstance3D@76 @MeshInstance3D@77 @MeshInstance3D@78 @MeshInstance3D@79 @MeshInstance3D@80 @MeshInstance3D@81 @MeshInstance3D@82 @MeshInstance3D@83 @MeshInstance3D@84 @MeshInstance3D@85 @MeshInstance3D@86 @MeshInstance3D@87 @MeshInstance3D@88 @MeshInstance3D@89 @MeshInstance3D@90 @MeshInstance3D@91 @MeshInstance3D@92 @MeshInstance3D@93 @MeshInstance3D@94 @MeshInstance3D@95 @MeshInstance3D@96 @MeshInstance3D@97 @CanvasLayer@99 @HTTPRequest@113 PiPLayer @HTTPRequest@122 OpeningAnimTimer 
[VERBATIM] ENTER _deploy_canopy gate=none
[VERBATIM] EXIT _deploy_canopy early=already_deployed_or_no_canopy
[VERBATIM] Wind updated: 12.5 kts @ 240.0°
[VERBATIM] OPENING_ANIM -> DIAGNOSIS (Timer fired)
[DEBUG] _input (build_terrain) called, event=InputEventKey: keycode=81 (Q), mods=none, physical=false, location=unspecified, pressed=true, echo=true
[AUDIT] _input: ENTER
2026-08-05T15:42:01 [INFO] InputManager ready
2026-08-05T15:42:01 [INFO] InputMap.has_action('restart') = true
[INPUT] unhandled_input triggered
2026-08-05T15:42:01 [INFO] InputManager: key=Q code=81
[ARMTEL],7.01666666666665,L,true,0.01666666666667,6.96458333333333,4.35870183921977,3.35292334149479,-0.74704184738123,0.94552740011359,0.56059651990436,53.2566761555206,-2.0,44.2996081544712,0.68333333333333
[DIAG] _physics_process: ENTER, state=3
[DIAG] _physics_process: camera target set to character (state: 3)
[GLIDE],2.05,0.56059651990436,0.0,0.28029825995218,-0.56059651990436,8.78003778117872,33.3140277129481,10.2133111364797,3.59217771450462,2.44421030332836,505.119232177734,648.93212890625,26.4
[VERBATIM] DIAGNOSIS turning block executed
[DIAG] _turn_input = 0.5
[ARMTEL],7.03333333333331,L,true,0.01666666666667,7.0125,4.48477215923491,3.30934590039755,-0.78161805963247,0.93250043245305,0.57613819377858,54.7331353611095,-2.0,46.0928783004541,0.7
[DIAG] _physics_process: ENTER, state=3
[DIAG] _physics_process: camera target set to character (state: 3)
[GLIDE],2.06666666666666,0.57613819377858,0.0,0.28806909688929,-0.57613819377858,8.71849275263682,34.1343594325033,10.7822171270214,3.58182599314695,2.43409165306125,505.146423339844,649.074890136719,26.4
[VERBATIM] DIAGNOSIS turning block executed
[DIAG] _turn_input = 0.5
[DIAG] _poll_controls: ENTER, state=3
[VERBATIM] POLL: _poll_controls() entered, game_state=3
[VERBATIM] POLL: checking deploy state=3 canopy=true
[VERBATIM] POLL: turnleft pressed - left turn
[STEER_TELEM] canopy=true has_pc=false turn=-1.0 state=3
[STEER_TELEM] /root/Main children: WorldEnvironment DirectionalLight3D AnimationPlayer HUD @MeshInstance3D@47 @MeshInstance3D@48 @MeshInstance3D@49 @MeshInstance3D@50 @Node3D@51 FlyingPlane @Camera3D@55 @MeshInstance3D@56 @MeshInstance3D@57 @MeshInstance3D@58 @MeshInstance3D@59 @MeshInstance3D@60 @MeshInstance3D@61 @MeshInstance3D@62 @MeshInstance3D@63 @MeshInstance3D@64 @MeshInstance3D@65 @MeshInstance3D@66 @MeshInstance3D@67 @MeshInstance3D@68 @MeshInstance3D@69 @MeshInstance3D@70 @MeshInstance3D@71 @MeshInstance3D@72 @MeshInstance3D@73 @MeshInstance3D@74 @MeshInstance3D@75 @MeshInstance3D@76 @MeshInstance3D@77 @MeshInstance3D@78 @MeshInstance3D@79 @MeshInstance3D@80 @MeshInstance3D@81 @MeshInstance3D@82 @MeshInstance3D@83 @MeshInstance3D@84 @MeshInstance3D@85 @MeshInstance3D@86 @MeshInstance3D@87 @MeshInstance3D@88 @MeshInstance3D@89 @MeshInstance3D@90 @MeshInstance3D@91 @MeshInstance3D@92 @MeshInstance3D@93 @MeshInstance3D@94 @MeshInstance3D@95 @MeshInstance3D@96 @MeshInstance3D@97 @CanvasLayer@99 @HTTPRequest@113 PiPLayer @HTTPRequest@122 OpeningAnimTimer 
[VERBATIM] ENTER _deploy_canopy gate=none
[VERBATIM] EXIT _deploy_canopy early=already_deployed_or_no_canopy
[DEBUG] _input (build_terrain) called, event=InputEventKey: keycode=81 (Q), mods=none, physical=false, location=unspecified, pressed=true, echo=true
[AUDIT] _input: ENTER
2026-08-05T15:42:01 [INFO] InputManager ready
2026-08-05T15:42:01 [INFO] InputMap.has_action('restart') = true
[INPUT] unhandled_input triggered
2026-08-05T15:42:01 [INFO] InputManager: key=Q code=81
[ARMTEL],7.04999999999998,L,true,0.01666666666667,7.06041666666667,4.60910555022865,3.26375151358566,-0.81244039714765,0.91895975916725,0.5914541897647,56.1881551646061,-2.0,47.8601086889047,0.71666666666667
[DIAG] _physics_process: ENTER, state=3
[DIAG] _physics_process: camera target set to character (state: 3)
[GLIDE],2.08333333333333,0.5914541897647,0.0,0.29572709488235,-0.5914541897647,8.65784140853178,34.9373296322949,11.3645059542263,3.57208604323127,2.42374940126022,505.174865722656,649.216369628906,26.4
[VERBATIM] DIAGNOSIS turning block executed
[DIAG] _turn_input = 0.5
[ARMTEL],7.06666666666665,L,true,0.01666666666667,7.10833333333333,4.73163351811762,3.21635915708538,-0.83965934186967,0.90496543680276,0.60653694704475,57.621017288211,-2.0,49.6004269177077,0.73333333333333
[DIAG] _physics_process: ENTER, state=3
[DIAG] _physics_process: camera target set to character (state: 3)
[GLIDE],2.1,0.60653694704475,0.0,0.30326847352237,-0.60653694704475,8.5981136897028,35.7227850233871,11.9598857046161,3.56294808889039,2.41320206615205,505.204559326172,649.356567382812,26.4
[VERBATIM] DIAGNOSIS turning block executed
[DIAG] _turn_input = 0.5
[DIAG] _poll_controls: ENTER, state=3
[VERBATIM] POLL: _poll_controls() entered, game_state=3
[VERBATIM] POLL: checking deploy state=3 canopy=true
[VERBATIM] POLL: turnleft pressed - left turn
[STEER_TELEM] canopy=true has_pc=false turn=-1.0 state=3
[STEER_TELEM] /root/Main children: WorldEnvironment DirectionalLight3D AnimationPlayer HUD @MeshInstance3D@47 @MeshInstance3D@48 @MeshInstance3D@49 @MeshInstance3D@50 @Node3D@51 FlyingPlane @Camera3D@55 @MeshInstance3D@56 @MeshInstance3D@57 @MeshInstance3D@58 @MeshInstance3D@59 @MeshInstance3D@60 @MeshInstance3D@61 @MeshInstance3D@62 @MeshInstance3D@63 @MeshInstance3D@64 @MeshInstance3D@65 @MeshInstance3D@66 @MeshInstance3D@67 @MeshInstance3D@68 @MeshInstance3D@69 @MeshInstance3D@70 @MeshInstance3D@71 @MeshInstance3D@72 @MeshInstance3D@73 @MeshInstance3D@74 @MeshInstance3D@75 @MeshInstance3D@76 @MeshInstance3D@77 @MeshInstance3D@78 @MeshInstance3D@79 @MeshInstance3D@80 @MeshInstance3D@81 @MeshInstance3D@82 @MeshInstance3D@83 @MeshInstance3D@84 @MeshInstance3D@85 @MeshInstance3D@86 @MeshInstance3D@87 @MeshInstance3D@88 @MeshInstance3D@89 @MeshInstance3D@90 @MeshInstance3D@91 @MeshInstance3D@92 @MeshInstance3D@93 @MeshInstance3D@94 @MeshInstance3D@95 @MeshInstance3D@96 @MeshInstance3D@97 @CanvasLayer@99 @HTTPRequest@113 PiPLayer @HTTPRequest@122 OpeningAnimTimer 
[VERBATIM] ENTER _deploy_canopy gate=none
[VERBATIM] EXIT _deploy_canopy early=already_deployed_or_no_canopy
[ARMTEL],7.08333333333331,L,true,0.01666666666667,7.15625,4.85229557635799,3.16737902880965,-0.86342460516764,0.89057502671663,0.62137986415669,59.0310945929522,-2.0,51.3130712796709,0.75
[DIAG] _physics_process: ENTER, state=3
[DIAG] _physics_process: camera target set to character (state: 3)
[GLIDE],2.11666666666666,0.62137986415669,0.0,0.31068993207835,-0.62137986415669,8.5393357379395,36.4906286173283,12.5680628482382,3.55440071498323,2.40246849544643,505.235534667969,649.495483398438,26.4
[VERBATIM] DIAGNOSIS turning block executed
[DIAG] _turn_input = 0.5
[ARMTEL],7.09999999999998,L,true,0.01666666666667,7.20416666666667,4.97103891325354,3.11701259350821,-0.88388484009508,0.87584361271505,0.63597725770194,60.4178471558949,-2.0,52.997385998003,0.76666666666667
[DIAG] _physics_process: ENTER, state=3
[DIAG] _physics_process: camera target set to character (state: 3)
[GLIDE],2.13333333333333,0.63597725770194,0.0,0.31798862885097,-0.63597725770194,8.48153005950031,37.2408155831526,13.1887431079575,3.54643105341016,2.39156772872962,505.267791748047,649.633117675781,26.4
[VERBATIM] DIAGNOSIS turning block executed
[DIAG] _turn_input = 0.5
[DIAG] _poll_controls: ENTER, state=3
[VERBATIM] POLL: _poll_controls() entered, game_state=3
[VERBATIM] POLL: checking deploy state=3 canopy=true
[VERBATIM] POLL: turnleft pressed - left turn
[STEER_TELEM] canopy=true has_pc=false turn=-1.0 state=3
[STEER_TELEM] /root/Main children: WorldEnvironment DirectionalLight3D AnimationPlayer HUD @MeshInstance3D@47 @MeshInstance3D@48 @MeshInstance3D@49 @MeshInstance3D@50 @Node3D@51 FlyingPlane @Camera3D@55 @MeshInstance3D@56 @MeshInstance3D@57 @MeshInstance3D@58 @MeshInstance3D@59 @MeshInstance3D@60 @MeshInstance3D@61 @MeshInstance3D@62 @MeshInstance3D@63 @MeshInstance3D@64 @MeshInstance3D@65 @MeshInstance3D@66 @MeshInstance3D@67 @MeshInstance3D@68 @MeshInstance3D@69 @MeshInstance3D@70 @MeshInstance3D@71 @MeshInstance3D@72 @MeshInstance3D@73 @MeshInstance3D@74 @MeshInstance3D@75 @MeshInstance3D@76 @MeshInstance3D@77 @MeshInstance3D@78 @MeshInstance3D@79 @MeshInstance3D@80 @MeshInstance3D@81 @MeshInstance3D@82 @MeshInstance3D@83 @MeshInstance3D@84 @MeshInstance3D@85 @MeshInstance3D@86 @MeshInstance3D@87 @MeshInstance3D@88 @MeshInstance3D@89 @MeshInstance3D@90 @MeshInstance3D@91 @MeshInstance3D@92 @MeshInstance3D@93 @MeshInstance3D@94 @MeshInstance3D@95 @MeshInstance3D@96 @MeshInstance3D@97 @CanvasLayer@99 @HTTPRequest@113 PiPLayer @HTTPRequest@122 OpeningAnimTimer 
[VERBATIM] ENTER _deploy_canopy gate=none
[VERBATIM] EXIT _deploy_canopy early=already_deployed_or_no_canopy
[AUDIT] _on_stats_completed: ENTER
[AUDIT] _on_leader_completed: ENTER
[AUDIT] _mklabel: ENTER
[DEBUG] _input (build_terrain) called, event=InputEventKey: keycode=81 (Q), mods=none, physical=false, location=unspecified, pressed=true, echo=true
[AUDIT] _input: ENTER
2026-08-05T15:42:01 [INFO] InputManager ready
2026-08-05T15:42:01 [INFO] InputMap.has_action('restart') = true
[INPUT] unhandled_input triggered
2026-08-05T15:42:01 [INFO] InputManager: key=Q code=81
[ARMTEL],7.11666666666665,L,true,0.01666666666667,7.25208333333333,5.08781806161555,3.06545264450266,-0.90118737278487,0.86082382316863,0.65032432142142,61.7808183823683,-2.0,54.6528165043228,0.78333333333333
[DIAG] _physics_process: ENTER, state=3
[DIAG] _physics_process: camera target set to character (state: 3)
[GLIDE],2.15,0.65032432142142,0.0,0.32516216071071,-0.65032432142142,8.42471568717118,37.9733492759079,13.8216322625559,3.53902496350795,2.38051886438813,505.301330566406,649.769470214844,26.4
[VERBATIM] DIAGNOSIS turning block executed
[DIAG] _turn_input = 0.5
[ARMTEL],7.13333333333331,L,true,0.01666666666667,7.3,5.20259457137136,3.01288338109021,-0.91547795246157,0.84556585729427,0.66441708570966,63.1196311598055,-2.0,56.2789047672091,0.8
[DIAG] _physics_process: ENTER, state=3
[DIAG] _physics_process: camera target set to character (state: 3)
[GLIDE],2.16666666666666,0.66441708570966,0.0,0.33220854285483,-0.66441708570966,8.36890834058975,38.688277438668,14.4664368865337,3.5321672057989,2.36934093234606,505.336181640625,649.904541015625,26.4
[VERBATIM] DIAGNOSIS turning block executed
[DIAG] _turn_input = 0.5
[DIAG] _poll_controls: ENTER, state=3
[VERBATIM] POLL: _poll_controls() entered, game_state=3
[VERBATIM] POLL: checking deploy state=3 canopy=true
[VERBATIM] POLL: turnleft pressed - left turn
[STEER_TELEM] canopy=true has_pc=false turn=-1.0 state=3
[STEER_TELEM] /root/Main children: WorldEnvironment DirectionalLight3D AnimationPlayer HUD @MeshInstance3D@47 @MeshInstance3D@48 @MeshInstance3D@49 @MeshInstance3D@50 @Node3D@51 FlyingPlane @Camera3D@55 @MeshInstance3D@56 @MeshInstance3D@57 @MeshInstance3D@58 @MeshInstance3D@59 @MeshInstance3D@60 @MeshInstance3D@61 @MeshInstance3D@62 @MeshInstance3D@63 @MeshInstance3D@64 @MeshInstance3D@65 @MeshInstance3D@66 @MeshInstance3D@67 @MeshInstance3D@68 @MeshInstance3D@69 @MeshInstance3D@70 @MeshInstance3D@71 @MeshInstance3D@72 @MeshInstance3D@73 @MeshInstance3D@74 @MeshInstance3D@75 @MeshInstance3D@76 @MeshInstance3D@77 @MeshInstance3D@78 @MeshInstance3D@79 @MeshInstance3D@80 @MeshInstance3D@81 @MeshInstance3D@82 @MeshInstance3D@83 @MeshInstance3D@84 @MeshInstance3D@85 @MeshInstance3D@86 @MeshInstance3D@87 @MeshInstance3D@88 @MeshInstance3D@89 @MeshInstance3D@90 @MeshInstance3D@91 @MeshInstance3D@92 @MeshInstance3D@93 @MeshInstance3D@94 @MeshInstance3D@95 @MeshInstance3D@96 @MeshInstance3D@97 @CanvasLayer@99 @HTTPRequest@113 PiPLayer @HTTPRequest@122 OpeningAnimTimer 
[VERBATIM] ENTER _deploy_canopy gate=none
[VERBATIM] EXIT _deploy_canopy early=already_deployed_or_no_canopy
[DEBUG] _input (build_terrain) called, event=InputEventKey: keycode=81 (Q), mods=none, physical=false, location=unspecified, pressed=true, echo=true
[AUDIT] _input: ENTER
2026-08-05T15:42:01 [INFO] InputManager ready
2026-08-05T15:42:01 [INFO] InputMap.has_action('restart') = true
[INPUT] unhandled_input triggered
2026-08-05T15:42:01 [INFO] InputManager: key=Q code=81
[ARMTEL],7.14999999999998,L,true,0.01666666666667,7.34791666666667,5.31533668567726,2.95948050052995,-0.92690051954055,0.83011751530193,0.67825237763136,64.4339840593146,-2.0,57.8752846787256,0.81666666666667
[DIAG] _physics_process: ENTER, state=3
[DIAG] _physics_process: camera target set to character (state: 3)
[GLIDE],2.18333333333333,0.67825237763136,0.0,0.33912618881568,-0.67825237763136,8.31412058457983,39.3856885787228,15.1228650295124,3.52584160846738,2.35805277373019,505.372344970703,650.038330078125,26.4
[VERBATIM] DIAGNOSIS turning block executed
[DIAG] _turn_input = 0.5
[ARMTEL],7.16666666666665,L,true,0.01666666666667,7.39583333333334,5.42601902105086,2.90541130355675,-0.93559699127427,0.81452423211402,0.69182778149992,65.7236475906401,-2.0,59.4416775057909,0.83333333333333
[DIAG] _physics_process: ENTER, state=3
[DIAG] _physics_process: camera target set to character (state: 3)
[GLIDE],2.2,0.69182778149992,0.0,0.34591389074996,-0.69182778149992,8.2603619852603,40.0657085175064,15.7906268381375,3.52003122603629,2.34667292839951,505.409820556641,650.170837402344,26.4
[VERBATIM] DIAGNOSIS turning block executed
[DIAG] _turn_input = 0.5
[DIAG] _poll_controls: ENTER, state=3
[VERBATIM] POLL: _poll_controls() entered, game_state=3
[VERBATIM] POLL: checking deploy state=3 canopy=true
[VERBATIM] POLL: turnleft pressed - left turn
[STEER_TELEM] canopy=true has_pc=false turn=-1.0 state=3
[STEER_TELEM] /root/Main children: WorldEnvironment DirectionalLight3D AnimationPlayer HUD @MeshInstance3D@47 @MeshInstance3D@48 @MeshInstance3D@49 @MeshInstance3D@50 @Node3D@51 FlyingPlane @Camera3D@55 @MeshInstance3D@56 @MeshInstance3D@57 @MeshInstance3D@58 @MeshInstance3D@59 @MeshInstance3D@60 @MeshInstance3D@61 @MeshInstance3D@62 @MeshInstance3D@63 @MeshInstance3D@64 @MeshInstance3D@65 @MeshInstance3D@66 @MeshInstance3D@67 @MeshInstance3D@68 @MeshInstance3D@69 @MeshInstance3D@70 @MeshInstance3D@71 @MeshInstance3D@72 @MeshInstance3D@73 @MeshInstance3D@74 @MeshInstance3D@75 @MeshInstance3D@76 @MeshInstance3D@77 @MeshInstance3D@78 @MeshInstance3D@79 @MeshInstance3D@80 @MeshInstance3D@81 @MeshInstance3D@82 @MeshInstance3D@83 @MeshInstance3D@84 @MeshInstance3D@85 @MeshInstance3D@86 @MeshInstance3D@87 @MeshInstance3D@88 @MeshInstance3D@89 @MeshInstance3D@90 @MeshInstance3D@91 @MeshInstance3D@92 @MeshInstance3D@93 @MeshInstance3D@94 @MeshInstance3D@95 @MeshInstance3D@96 @MeshInstance3D@97 @CanvasLayer@99 @HTTPRequest@113 PiPLayer @HTTPRequest@122 OpeningAnimTimer 
[VERBATIM] ENTER _deploy_canopy gate=none
[VERBATIM] EXIT _deploy_canopy early=already_deployed_or_no_canopy
[ARMTEL],7.18333333333331,L,true,0.01666666666667,7.44375,5.53462225199939,2.85083481239909,-0.94170706439848,0.79882911437405,0.70514160007282,66.9884605157209,-2.0,60.9778874127188,0.85
[DIAG] _physics_process: ENTER, state=3
[DIAG] _physics_process: camera target set to character (state: 3)
[GLIDE],2.21666666666666,0.70514160007282,0.0,0.35257080003641,-0.70514160007282,8.20763926371161,40.7284971128309,16.4694351233514,3.51471848981302,2.33521953109486,505.448608398438,650.302001953125,26.4
[VERBATIM] DIAGNOSIS turning block executed
[DIAG] _turn_input = 0.5
[ARMTEL],7.19999999999998,L,true,0.01666666666667,7.49166666666667,5.6411328005826,2.79590190030917,-0.9453680342251,0.7830729804703,0.718192816414,68.2283262256186,-2.0,62.4837970607275,0.86666666666667
[DIAG] _physics_process: ENTER, state=3
[DIAG] _physics_process: camera target set to character (state: 3)
[GLIDE],2.23333333333333,0.718192816414,0.0,0.359096408207,-0.718192816414,8.15595644700057,41.3742451511248,17.1590058758701,3.50988534976939,2.32371021678427,505.488708496094,650.431884765625,26.4
[VERBATIM] DIAGNOSIS turning block executed
[DIAG] _turn_input = 0.5
[DIAG] _poll_controls: ENTER, state=3
[VERBATIM] POLL: _poll_controls() entered, game_state=3
[VERBATIM] POLL: checking deploy state=3 canopy=true
[VERBATIM] POLL: turnleft pressed - left turn
[STEER_TELEM] canopy=true has_pc=false turn=-1.0 state=3
[STEER_TELEM] /root/Main children: WorldEnvironment DirectionalLight3D AnimationPlayer HUD @MeshInstance3D@47 @MeshInstance3D@48 @MeshInstance3D@49 @MeshInstance3D@50 @Node3D@51 FlyingPlane @Camera3D@55 @MeshInstance3D@56 @MeshInstance3D@57 @MeshInstance3D@58 @MeshInstance3D@59 @MeshInstance3D@60 @MeshInstance3D@61 @MeshInstance3D@62 @MeshInstance3D@63 @MeshInstance3D@64 @MeshInstance3D@65 @MeshInstance3D@66 @MeshInstance3D@67 @MeshInstance3D@68 @MeshInstance3D@69 @MeshInstance3D@70 @MeshInstance3D@71 @MeshInstance3D@72 @MeshInstance3D@73 @MeshInstance3D@74 @MeshInstance3D@75 @MeshInstance3D@76 @MeshInstance3D@77 @MeshInstance3D@78 @MeshInstance3D@79 @MeshInstance3D@80 @MeshInstance3D@81 @MeshInstance3D@82 @MeshInstance3D@83 @MeshInstance3D@84 @MeshInstance3D@85 @MeshInstance3D@86 @MeshInstance3D@87 @MeshInstance3D@88 @MeshInstance3D@89 @MeshInstance3D@90 @MeshInstance3D@91 @MeshInstance3D@92 @MeshInstance3D@93 @MeshInstance3D@94 @MeshInstance3D@95 @MeshInstance3D@96 @MeshInstance3D@97 @CanvasLayer@99 @HTTPRequest@113 PiPLayer @HTTPRequest@122 OpeningAnimTimer 
[VERBATIM] ENTER _deploy_canopy gate=none
[VERBATIM] EXIT _deploy_canopy early=already_deployed_or_no_canopy
[DEBUG] _input (build_terrain) called, event=InputEventKey: keycode=81 (Q), mods=none, physical=false, location=unspecified, pressed=true, echo=true
[AUDIT] _input: ENTER
2026-08-05T15:42:02 [INFO] InputManager ready
2026-08-05T15:42:02 [INFO] InputMap.has_action('restart') = true
[INPUT] unhandled_input triggered
2026-08-05T15:42:02 [INFO] InputManager: key=Q code=81
[ARMTEL],7.21666666666665,L,true,0.01666666666667,7.53958333333334,5.74554253131197,2.74075543164604,-0.94671462962468,0.76729440330989,0.73098105646916,69.4432091851724,-2.0,63.9593632897058,0.88333333333333
[DIAG] _physics_process: ENTER, state=3
[DIAG] _physics_process: camera target set to character (state: 3)
[GLIDE],2.25,0.73098105646916,0.0,0.36549052823458,-0.73098105646916,8.10531501638212,42.0031714066188,17.8590587326471,3.50551340761071,2.31216203560509,505.530151367188,650.560485839844,26.4
[VERBATIM] DIAGNOSIS turning block executed
[DIAG] _turn_input = 0.5
[ARMTEL],7.23333333333331,L,true,0.01666666666667,7.5875,5.84784845175329,2.6855304115846,-0.94587886333789,0.75152975558759,0.74350655239562,70.6331314493287,-2.0,65.4046128870361,0.9
[DIAG] _physics_process: ENTER, state=3
[DIAG] _physics_process: camera target set to character (state: 3)
[GLIDE],2.26666666666666,0.74350655239562,0.0,0.37175327619781,-0.74350655239562,8.05571405251334,42.6155198637854,18.5693173970435,3.50158404087639,2.30059137763751,505.572906494141,650.687744140625,26.4
[VERBATIM] DIAGNOSIS turning block executed
[DIAG] _turn_input = 0.5
[DIAG] _poll_controls: ENTER, state=3
[VERBATIM] POLL: _poll_controls() entered, game_state=3
[VERBATIM] POLL: checking deploy state=3 canopy=true
[VERBATIM] POLL: turnleft pressed - left turn
[STEER_TELEM] canopy=true has_pc=false turn=-1.0 state=3
[STEER_TELEM] /root/Main children: WorldEnvironment DirectionalLight3D AnimationPlayer HUD @MeshInstance3D@47 @MeshInstance3D@48 @MeshInstance3D@49 @MeshInstance3D@50 @Node3D@51 FlyingPlane @Camera3D@55 @MeshInstance3D@56 @MeshInstance3D@57 @MeshInstance3D@58 @MeshInstance3D@59 @MeshInstance3D@60 @MeshInstance3D@61 @MeshInstance3D@62 @MeshInstance3D@63 @MeshInstance3D@64 @MeshInstance3D@65 @MeshInstance3D@66 @MeshInstance3D@67 @MeshInstance3D@68 @MeshInstance3D@69 @MeshInstance3D@70 @MeshInstance3D@71 @MeshInstance3D@72 @MeshInstance3D@73 @MeshInstance3D@74 @MeshInstance3D@75 @MeshInstance3D@76 @MeshInstance3D@77 @MeshInstance3D@78 @MeshInstance3D@79 @MeshInstance3D@80 @MeshInstance3D@81 @MeshInstance3D@82 @MeshInstance3D@83 @MeshInstance3D@84 @MeshInstance3D@85 @MeshInstance3D@86 @MeshInstance3D@87 @MeshInstance3D@88 @MeshInstance3D@89 @MeshInstance3D@90 @MeshInstance3D@91 @MeshInstance3D@92 @MeshInstance3D@93 @MeshInstance3D@94 @MeshInstance3D@95 @MeshInstance3D@96 @MeshInstance3D@97 @CanvasLayer@99 @HTTPRequest@113 PiPLayer @HTTPRequest@122 OpeningAnimTimer 
[VERBATIM] ENTER _deploy_canopy gate=none
[VERBATIM] EXIT _deploy_canopy early=already_deployed_or_no_canopy
[DEBUG] _input (build_terrain) called, event=InputEventKey: keycode=81 (Q), mods=none, physical=false, location=unspecified, pressed=true, echo=true
[AUDIT] _input: ENTER
2026-08-05T15:42:02 [INFO] InputManager ready
2026-08-05T15:42:02 [INFO] InputMap.has_action('restart') = true
[INPUT] unhandled_input triggered
2026-08-05T15:42:02 [INFO] InputManager: key=Q code=81
[ARMTEL],7.24999999999998,L,true,0.01666666666667,7.63541666666667,5.94805241916497,2.63035414455656,-0.94298989705486,0.73581325730334,0.75577010668401,71.7981692547075,-2.0,66.8196384477958,0.91666666666667
[DIAG] _physics_process: ENTER, state=3
[DIAG] _physics_process: camera target set to character (state: 3)
[GLIDE],2.28333333333333,0.75577010668401,0.0,0.37788505334201,-0.75577010668401,8.00715037753132,43.2115570987939,19.2895100153568,3.49807851799529,2.28901390758951,505.617004394531,650.813720703125,26.4
[VERBATIM] DIAGNOSIS turning block executed
[DIAG] _turn_input = 0.5
[ARMTEL],7.26666666666665,L,true,0.01666666666667,7.68333333333334,6.04616085347208,2.57534640056169,-0.93817392070044,0.72017702529167,0.76777305710554,72.9384496895899,-2.0,68.2045943302086,0.93333333333333
[DIAG] _physics_process: ENTER, state=3
[DIAG] _physics_process: camera target set to character (state: 3)
[GLIDE],2.3,0.76777305710554,0.0,0.38388652855277,-0.76777305710554,7.95961869386207,43.7915698152977,20.0193695122784,3.49497810429561,2.27744450933156,505.662414550781,650.938354492188,26.4
[VERBATIM] DIAGNOSIS turning block executed
[DIAG] _turn_input = 0.5
[DIAG] _poll_controls: ENTER, state=3
[VERBATIM] POLL: _poll_controls() entered, game_state=3
[VERBATIM] POLL: checking deploy state=3 canopy=true
[VERBATIM] POLL: turnleft pressed - left turn
[STEER_TELEM] canopy=true has_pc=false turn=-1.0 state=3
[STEER_TELEM] /root/Main children: WorldEnvironment DirectionalLight3D AnimationPlayer HUD @MeshInstance3D@47 @MeshInstance3D@48 @MeshInstance3D@49 @MeshInstance3D@50 @Node3D@51 FlyingPlane @Camera3D@55 @MeshInstance3D@56 @MeshInstance3D@57 @MeshInstance3D@58 @MeshInstance3D@59 @MeshInstance3D@60 @MeshInstance3D@61 @MeshInstance3D@62 @MeshInstance3D@63 @MeshInstance3D@64 @MeshInstance3D@65 @MeshInstance3D@66 @MeshInstance3D@67 @MeshInstance3D@68 @MeshInstance3D@69 @MeshInstance3D@70 @MeshInstance3D@71 @MeshInstance3D@72 @MeshInstance3D@73 @MeshInstance3D@74 @MeshInstance3D@75 @MeshInstance3D@76 @MeshInstance3D@77 @MeshInstance3D@78 @MeshInstance3D@79 @MeshInstance3D@80 @MeshInstance3D@81 @MeshInstance3D@82 @MeshInstance3D@83 @MeshInstance3D@84 @MeshInstance3D@85 @MeshInstance3D@86 @MeshInstance3D@87 @MeshInstance3D@88 @MeshInstance3D@89 @MeshInstance3D@90 @MeshInstance3D@91 @MeshInstance3D@92 @MeshInstance3D@93 @MeshInstance3D@94 @MeshInstance3D@95 @MeshInstance3D@96 @MeshInstance3D@97 @CanvasLayer@99 @HTTPRequest@113 PiPLayer @HTTPRequest@122 OpeningAnimTimer 
[VERBATIM] ENTER _deploy_canopy gate=none
[VERBATIM] EXIT _deploy_canopy early=already_deployed_or_no_canopy
[ARMTEL],7.28333333333331,L,true,0.01666666666667,7.73125,6.1421844568443,2.52061958852083,-0.93155404536513,0.70465112453558,0.77951724251446,74.0541474451526,-2.0,69.5596927097759,0.95
[DIAG] _physics_process: ENTER, state=3
[DIAG] _physics_process: camera target set to character (state: 3)
[GLIDE],2.31666666666666,0.77951724251446,0.0,0.38975862125723,-0.77951724251446,7.91311171964272,44.3558625295107,20.7586338877702,3.49226415903831,2.2658972400936,505.709167480469,651.061706542969,26.4
[VERBATIM] DIAGNOSIS turning block executed
[DIAG] _turn_input = 0.5
[ARMTEL],7.29999999999998,L,true,0.01666666666667,7.77916666666667,6.23613794011571,2.46627893587454,-0.92325020932358,0.68926362104686,0.79100496953191,75.1454816504302,-2.0,70.8851997351013,0.96666666666667
[DIAG] _physics_process: ENTER, state=3
[DIAG] _physics_process: camera target set to character (state: 3)
[GLIDE],2.33333333333333,0.79100496953191,0.0,0.39550248476596,-0.79100496953191,7.86762032065363,44.9047553992482,21.5070464777577,3.48991822360681,2.25438529402631,505.757232666016,651.183715820312,26.4
[VERBATIM] DIAGNOSIS turning block executed
[DIAG] _turn_input = 0.5
[DIAG] _poll_controls: ENTER, state=3
[VERBATIM] POLL: _poll_controls() entered, game_state=3
[VERBATIM] POLL: checking deploy state=3 canopy=true
[VERBATIM] POLL: turnleft pressed - left turn
[STEER_TELEM] canopy=true has_pc=false turn=-1.0 state=3
[STEER_TELEM] /root/Main children: WorldEnvironment DirectionalLight3D AnimationPlayer HUD @MeshInstance3D@47 @MeshInstance3D@48 @MeshInstance3D@49 @MeshInstance3D@50 @Node3D@51 FlyingPlane @Camera3D@55 @MeshInstance3D@56 @MeshInstance3D@57 @MeshInstance3D@58 @MeshInstance3D@59 @MeshInstance3D@60 @MeshInstance3D@61 @MeshInstance3D@62 @MeshInstance3D@63 @MeshInstance3D@64 @MeshInstance3D@65 @MeshInstance3D@66 @MeshInstance3D@67 @MeshInstance3D@68 @MeshInstance3D@69 @MeshInstance3D@70 @MeshInstance3D@71 @MeshInstance3D@72 @MeshInstance3D@73 @MeshInstance3D@74 @MeshInstance3D@75 @MeshInstance3D@76 @MeshInstance3D@77 @MeshInstance3D@78 @MeshInstance3D@79 @MeshInstance3D@80 @MeshInstance3D@81 @MeshInstance3D@82 @MeshInstance3D@83 @MeshInstance3D@84 @MeshInstance3D@85 @MeshInstance3D@86 @MeshInstance3D@87 @MeshInstance3D@88 @MeshInstance3D@89 @MeshInstance3D@90 @MeshInstance3D@91 @MeshInstance3D@92 @MeshInstance3D@93 @MeshInstance3D@94 @MeshInstance3D@95 @MeshInstance3D@96 @MeshInstance3D@97 @CanvasLayer@99 @HTTPRequest@113 PiPLayer @HTTPRequest@122 OpeningAnimTimer 
[VERBATIM] ENTER _deploy_canopy gate=none
[VERBATIM] EXIT _deploy_canopy early=already_deployed_or_no_canopy
[DEBUG] _input (build_terrain) called, event=InputEventKey: keycode=81 (Q), mods=none, physical=false, location=unspecified, pressed=true, echo=true
[AUDIT] _input: ENTER
2026-08-05T15:42:02 [INFO] InputManager ready
2026-08-05T15:42:02 [INFO] InputMap.has_action('restart') = true
[INPUT] unhandled_input triggered
2026-08-05T15:42:02 [INFO] InputManager: key=Q code=81
[ARMTEL],7.31666666666665,L,true,0.01666666666667,7.82708333333334,6.32803975625529,2.41242267366399,-0.91337909658595,0.67404063610376,0.80223898013364,76.2127127931531,-2.0,72.1814317880178,0.98333333333333
[DIAG] _physics_process: ENTER, state=3
[DIAG] _physics_process: camera target set to character (state: 3)
[GLIDE],2.35,0.80223898013364,0.0,0.40111949006682,-0.80223898013364,7.82313363867078,45.4385821913981,22.2643561809477,3.48792210104244,2.24292097473526,505.806640625,651.304382324219,26.4
[VERBATIM] DIAGNOSIS turning block executed
[DIAG] _turn_input = 0.5
[ARMTEL],7.33333333333331,L,true,0.01666666666667,7.875,6.41791184106913,2.35914222636315,-0.90205406743227,0.65900640164655,0.81322242016108,77.2561397282951,-2.0,73.4487518502462,1.0
[DIAG] _physics_process: ENTER, state=3
[DIAG] _physics_process: camera target set to character (state: 3)
[GLIDE],2.36666666666666,0.81322242016108,0.0,0.40661121008054,-0.81322242016108,7.77963921616211,45.9576883821407,23.0303176539834,3.4862579271653,2.23151567631939,505.857360839844,651.423706054688,26.4
[VERBATIM] DIAGNOSIS turning block executed
[DIAG] _turn_input = 0.5
[DIAG] _poll_controls: ENTER, state=3
[VERBATIM] POLL: _poll_controls() entered, game_state=3
[VERBATIM] POLL: checking deploy state=3 canopy=true
[VERBATIM] POLL: turnleft pressed - left turn
[STEER_TELEM] canopy=true has_pc=false turn=-1.0 state=3
[STEER_TELEM] /root/Main children: WorldEnvironment DirectionalLight3D AnimationPlayer HUD @MeshInstance3D@47 @MeshInstance3D@48 @MeshInstance3D@49 @MeshInstance3D@50 @Node3D@51 FlyingPlane @Camera3D@55 @MeshInstance3D@56 @MeshInstance3D@57 @MeshInstance3D@58 @MeshInstance3D@59 @MeshInstance3D@60 @MeshInstance3D@61 @MeshInstance3D@62 @MeshInstance3D@63 @MeshInstance3D@64 @MeshInstance3D@65 @MeshInstance3D@66 @MeshInstance3D@67 @MeshInstance3D@68 @MeshInstance3D@69 @MeshInstance3D@70 @MeshInstance3D@71 @MeshInstance3D@72 @MeshInstance3D@73 @MeshInstance3D@74 @MeshInstance3D@75 @MeshInstance3D@76 @MeshInstance3D@77 @MeshInstance3D@78 @MeshInstance3D@79 @MeshInstance3D@80 @MeshInstance3D@81 @MeshInstance3D@82 @MeshInstance3D@83 @MeshInstance3D@84 @MeshInstance3D@85 @MeshInstance3D@86 @MeshInstance3D@87 @MeshInstance3D@88 @MeshInstance3D@89 @MeshInstance3D@90 @MeshInstance3D@91 @MeshInstance3D@92 @MeshInstance3D@93 @MeshInstance3D@94 @MeshInstance3D@95 @MeshInstance3D@96 @MeshInstance3D@97 @CanvasLayer@99 @HTTPRequest@113 PiPLayer @HTTPRequest@122 OpeningAnimTimer 
[VERBATIM] ENTER _deploy_canopy gate=none
[VERBATIM] EXIT _deploy_canopy early=already_deployed_or_no_canopy
[DEBUG] _input (build_terrain) called, event=InputEventKey: keycode=81 (Q), mods=none, physical=false, location=unspecified, pressed=true, echo=true
[AUDIT] _input: ENTER
2026-08-05T15:42:02 [INFO] InputManager ready
2026-08-05T15:42:02 [INFO] InputMap.has_action('restart') = true
[INPUT] unhandled_input triggered
2026-08-05T15:42:02 [INFO] InputManager: key=Q code=81
[ARMTEL],7.34999999999998,L,true,0.01666666666667,7.92291666666667,6.50577936128867,2.30652240576293,-0.88938510038493,0.64418331664014,0.82395880877175,78.2760967758625,-2.0,74.6875659784415,1.01666666666667
[DIAG] _physics_process: ENTER, state=3
[DIAG] _physics_process: camera target set to character (state: 3)
[GLIDE],2.38333333333333,0.82395880877175,0.0,0.41197940438588,-0.82395880877175,7.73712311726386,46.4624293841519,23.8046914770526,3.48490823356382,2.22017987238406,505.909393310547,651.541687011719,26.4
[VERBATIM] DIAGNOSIS turning block executed
[DIAG] _turn_input = 0.5
[ARMTEL],7.36666666666665,L,true,0.01666666666667,7.97083333333334,6.59167047017402,2.25464160824048,-0.87547874508116,0.62959200422212,0.83445200884212,79.2729509091669,-2.0,75.8983198891405,1.03333333333333
[DIAG] _physics_process: ENTER, state=3
[DIAG] _physics_process: camera target set to character (state: 3)
[GLIDE],2.4,0.83445200884212,0.0,0.41722600442106,-0.83445200884212,7.6955700449852,46.9531688949854,24.587244291969,3.48385600277348,2.20892311245321,505.962768554688,651.658325195312,26.4
[VERBATIM] DIAGNOSIS turning block executed
[DIAG] _turn_input = 0.5
[DIAG] _poll_controls: ENTER, state=3
[VERBATIM] POLL: _poll_controls() entered, game_state=3
[VERBATIM] POLL: checking deploy state=3 canopy=true
[VERBATIM] POLL: turnleft pressed - left turn
[STEER_TELEM] canopy=true has_pc=false turn=-1.0 state=3
[STEER_TELEM] /root/Main children: WorldEnvironment DirectionalLight3D AnimationPlayer HUD @MeshInstance3D@47 @MeshInstance3D@48 @MeshInstance3D@49 @MeshInstance3D@50 @Node3D@51 FlyingPlane @Camera3D@55 @MeshInstance3D@56 @MeshInstance3D@57 @MeshInstance3D@58 @MeshInstance3D@59 @MeshInstance3D@60 @MeshInstance3D@61 @MeshInstance3D@62 @MeshInstance3D@63 @MeshInstance3D@64 @MeshInstance3D@65 @MeshInstance3D@66 @MeshInstance3D@67 @MeshInstance3D@68 @MeshInstance3D@69 @MeshInstance3D@70 @MeshInstance3D@71 @MeshInstance3D@72 @MeshInstance3D@73 @MeshInstance3D@74 @MeshInstance3D@75 @MeshInstance3D@76 @MeshInstance3D@77 @MeshInstance3D@78 @MeshInstance3D@79 @MeshInstance3D@80 @MeshInstance3D@81 @MeshInstance3D@82 @MeshInstance3D@83 @MeshInstance3D@84 @MeshInstance3D@85 @MeshInstance3D@86 @MeshInstance3D@87 @MeshInstance3D@88 @MeshInstance3D@89 @MeshInstance3D@90 @MeshInstance3D@91 @MeshInstance3D@92 @MeshInstance3D@93 @MeshInstance3D@94 @MeshInstance3D@95 @MeshInstance3D@96 @MeshInstance3D@97 @CanvasLayer@99 @HTTPRequest@113 PiPLayer @HTTPRequest@122 OpeningAnimTimer 
[VERBATIM] ENTER _deploy_canopy gate=none
[VERBATIM] EXIT _deploy_canopy early=already_deployed_or_no_canopy
[ARMTEL],7.38333333333331,L,true,0.01666666666667,8.01875,6.67561607073697,2.20357201477741,-0.86043808551437,0.61525136946354,0.84470619833318,80.2470990345527,-2.0,77.0814956547878,1.05
[DIAG] _physics_process: ENTER, state=3
[DIAG] _physics_process: camera target set to character (state: 3)
[GLIDE],2.41666666666666,0.84470619833318,0.0,0.42235309916659,-0.84470619833318,7.65496345460061,47.4302773608398,25.3777489146496,3.48308471599596,2.19775402517355,506.017456054688,651.773620605469,26.4
[VERBATIM] DIAGNOSIS turning block executed
[DIAG] _turn_input = 0.5
[ARMTEL],7.39999999999998,L,true,0.01666666666667,8.06666666666667,6.75764958666544,2.1533797931224,-0.84436271312117,0.60117865757819,0.85472584262615,81.1989653632899,-2.0,78.2376085117021,1.06666666666667
[DIAG] _physics_process: ENTER, state=3
[DIAG] _physics_process: camera target set to character (state: 3)
[GLIDE],2.43333333333333,0.85472584262615,0.0,0.42736292131308,-0.85472584262615,7.61528566320045,47.894130549966,26.1759844238157,3.4825783937347,2.18668032768499,506.073455810547,651.887512207031,26.4
[VERBATIM] DIAGNOSIS turning block executed
[DIAG] _turn_input = 0.5
[DIAG] _poll_controls: ENTER, state=3
[VERBATIM] POLL: _poll_controls() entered, game_state=3
[VERBATIM] POLL: checking deploy state=3 canopy=true
[VERBATIM] POLL: turnleft pressed - left turn
[STEER_TELEM] canopy=true has_pc=false turn=-1.0 state=3
[STEER_TELEM] /root/Main children: WorldEnvironment DirectionalLight3D AnimationPlayer HUD @MeshInstance3D@47 @MeshInstance3D@48 @MeshInstance3D@49 @MeshInstance3D@50 @Node3D@51 FlyingPlane @Camera3D@55 @MeshInstance3D@56 @MeshInstance3D@57 @MeshInstance3D@58 @MeshInstance3D@59 @MeshInstance3D@60 @MeshInstance3D@61 @MeshInstance3D@62 @MeshInstance3D@63 @MeshInstance3D@64 @MeshInstance3D@65 @MeshInstance3D@66 @MeshInstance3D@67 @MeshInstance3D@68 @MeshInstance3D@69 @MeshInstance3D@70 @MeshInstance3D@71 @MeshInstance3D@72 @MeshInstance3D@73 @MeshInstance3D@74 @MeshInstance3D@75 @MeshInstance3D@76 @MeshInstance3D@77 @MeshInstance3D@78 @MeshInstance3D@79 @MeshInstance3D@80 @MeshInstance3D@81 @MeshInstance3D@82 @MeshInstance3D@83 @MeshInstance3D@84 @MeshInstance3D@85 @MeshInstance3D@86 @MeshInstance3D@87 @MeshInstance3D@88 @MeshInstance3D@89 @MeshInstance3D@90 @MeshInstance3D@91 @MeshInstance3D@92 @MeshInstance3D@93 @MeshInstance3D@94 @MeshInstance3D@95 @MeshInstance3D@96 @MeshInstance3D@97 @CanvasLayer@99 @HTTPRequest@113 PiPLayer @HTTPRequest@122 OpeningAnimTimer 
[VERBATIM] ENTER _deploy_canopy gate=none
[VERBATIM] EXIT _deploy_canopy early=already_deployed_or_no_canopy
[DEBUG] _input (build_terrain) called, event=InputEventKey: keycode=81 (Q), mods=none, physical=false, location=unspecified, pressed=true, echo=true
[AUDIT] _input: ENTER
2026-08-05T15:42:02 [INFO] InputManager ready
2026-08-05T15:42:02 [INFO] InputMap.has_action('restart') = true
[INPUT] unhandled_input triggered
2026-08-05T15:42:02 [INFO] InputManager: key=Q code=81
[ARMTEL],7.41666666666665,L,true,0.01666666666667,8.11458333333334,6.8378067410092,2.10412530152367,-0.82734870919953,0.58738951242487,0.86451566783323,82.1289988760945,-2.0,79.3672037805472,1.08333333333333
[DIAG] _physics_process: ENTER, state=3
[DIAG] _physics_process: camera target set to character (state: 3)
[GLIDE],2.45,0.86451566783323,0.0,0.43225783391662,-0.86451566783323,7.5765179553804,48.3451082300555,26.98173622765,3.48232162974205,2.17570884052477,506.130737304688,652.000061035156,26.4
[VERBATIM] DIAGNOSIS turning block executed
[DIAG] _turn_input = 0.5
[ARMTEL],7.43333333333331,L,true,0.01666666666667,8.1625,6.91612534266585,2.05586329348703,-0.80948863615288,0.57389803515565,0.87408063508583,83.0376708805095,-2.0,80.4708538995885,1.1
[DIAG] _physics_process: ENTER, state=3
[DIAG] _physics_process: camera target set to character (state: 3)
[GLIDE],2.46666666666666,0.87408063508583,0.0,0.43704031754291,-0.87408063508583,7.53864068506013,48.7835929440589,27.794796110051,3.48229961868679,2.16484550743598,506.189331054688,652.111206054688,26.4
[VERBATIM] DIAGNOSIS turning block executed
[DIAG] _turn_input = 0.5
[DIAG] _poll_controls: ENTER, state=3
[VERBATIM] POLL: _poll_controls() entered, game_state=3
[VERBATIM] POLL: checking deploy state=3 canopy=true
[VERBATIM] POLL: turnleft pressed - left turn
[STEER_TELEM] canopy=true has_pc=false turn=-1.0 state=3
[STEER_TELEM] /root/Main children: WorldEnvironment DirectionalLight3D AnimationPlayer HUD @MeshInstance3D@47 @MeshInstance3D@48 @MeshInstance3D@49 @MeshInstance3D@50 @Node3D@51 FlyingPlane @Camera3D@55 @MeshInstance3D@56 @MeshInstance3D@57 @MeshInstance3D@58 @MeshInstance3D@59 @MeshInstance3D@60 @MeshInstance3D@61 @MeshInstance3D@62 @MeshInstance3D@63 @MeshInstance3D@64 @MeshInstance3D@65 @MeshInstance3D@66 @MeshInstance3D@67 @MeshInstance3D@68 @MeshInstance3D@69 @MeshInstance3D@70 @MeshInstance3D@71 @MeshInstance3D@72 @MeshInstance3D@73 @MeshInstance3D@74 @MeshInstance3D@75 @MeshInstance3D@76 @MeshInstance3D@77 @MeshInstance3D@78 @MeshInstance3D@79 @MeshInstance3D@80 @MeshInstance3D@81 @MeshInstance3D@82 @MeshInstance3D@83 @MeshInstance3D@84 @MeshInstance3D@85 @MeshInstance3D@86 @MeshInstance3D@87 @MeshInstance3D@88 @MeshInstance3D@89 @MeshInstance3D@90 @MeshInstance3D@91 @MeshInstance3D@92 @MeshInstance3D@93 @MeshInstance3D@94 @MeshInstance3D@95 @MeshInstance3D@96 @MeshInstance3D@97 @CanvasLayer@99 @HTTPRequest@113 PiPLayer @HTTPRequest@122 OpeningAnimTimer 
[VERBATIM] ENTER _deploy_canopy gate=none
[VERBATIM] EXIT _deploy_canopy early=already_deployed_or_no_canopy
[DEBUG] _input (build_terrain) called, event=InputEventKey: keycode=81 (Q), mods=none, physical=false, location=unspecified, pressed=true, echo=true
[AUDIT] _input: ENTER
2026-08-05T15:42:02 [INFO] InputManager ready
2026-08-05T15:42:02 [INFO] InputMap.has_action('restart') = true
[INPUT] unhandled_input triggered
2026-08-05T15:42:02 [INFO] InputManager: key=Q code=81
[ARMTEL],7.44999999999998,L,true,0.01666666666667,8.21041666666667,6.9926450806866,2.00864312304478,-0.79087153706471,0.56071684287124,0.88342591580035,83.9254726611565,-2.0,81.5491555707477,1.11666666666667
[DIAG] _physics_process: ENTER, state=3
[DIAG] _physics_process: camera target set to character (state: 3)
[GLIDE],2.48333333333333,0.88342591580035,0.0,0.44171295790017,-0.88342591580035,7.50163337343063,49.2099688790277,28.6149622580348,3.48249817795936,2.15409541946304,506.249206542969,652.220947265625,26.4
[VERBATIM] DIAGNOSIS turning block executed
[DIAG] _turn_input = 0.5
[ARMTEL],7.46666666666665,L,true,0.01666666666667,8.25833333333333,7.06740732640277,1.96250895004934,-0.77158294311877,0.54785712715259,0.89255686791956,84.7929132226629,-2.0,82.6027270182186,1.13333333333333
[DIAG] _physics_process: ENTER, state=3
[DIAG] _physics_process: camera target set to character (state: 3)
[GLIDE],2.5,0.89255686791956,0.0,0.44627843395978,-0.89255686791956,7.46547480303856,49.6246208227272,29.4420392717469,3.48290376403647,2.1434628427363,506.310363769531,652.329284667969,26.4
[VERBATIM] DIAGNOSIS turning block executed
[DIAG] _turn_input = 0.5
[DIAG] _poll_controls: ENTER, state=3
[VERBATIM] POLL: _poll_controls() entered, game_state=3
[VERBATIM] POLL: checking deploy state=3 canopy=true
[VERBATIM] POLL: turnleft pressed - left turn
[STEER_TELEM] canopy=true has_pc=false turn=-1.0 state=3
[STEER_TELEM] /root/Main children: WorldEnvironment DirectionalLight3D AnimationPlayer HUD @MeshInstance3D@47 @MeshInstance3D@48 @MeshInstance3D@49 @MeshInstance3D@50 @Node3D@51 FlyingPlane @Camera3D@55 @MeshInstance3D@56 @MeshInstance3D@57 @MeshInstance3D@58 @MeshInstance3D@59 @MeshInstance3D@60 @MeshInstance3D@61 @MeshInstance3D@62 @MeshInstance3D@63 @MeshInstance3D@64 @MeshInstance3D@65 @MeshInstance3D@66 @MeshInstance3D@67 @MeshInstance3D@68 @MeshInstance3D@69 @MeshInstance3D@70 @MeshInstance3D@71 @MeshInstance3D@72 @MeshInstance3D@73 @MeshInstance3D@74 @MeshInstance3D@75 @MeshInstance3D@76 @MeshInstance3D@77 @MeshInstance3D@78 @MeshInstance3D@79 @MeshInstance3D@80 @MeshInstance3D@81 @MeshInstance3D@82 @MeshInstance3D@83 @MeshInstance3D@84 @MeshInstance3D@85 @MeshInstance3D@86 @MeshInstance3D@87 @MeshInstance3D@88 @MeshInstance3D@89 @MeshInstance3D@90 @MeshInstance3D@91 @MeshInstance3D@92 @MeshInstance3D@93 @MeshInstance3D@94 @MeshInstance3D@95 @MeshInstance3D@96 @MeshInstance3D@97 @CanvasLayer@99 @HTTPRequest@113 PiPLayer @HTTPRequest@122 OpeningAnimTimer 
[VERBATIM] ENTER _deploy_canopy gate=none
[VERBATIM] EXIT _deploy_canopy early=already_deployed_or_no_canopy
[ARMTEL],7.48333333333331,L,true,0.01666666666667,8.30625,7.14045494335645,1.91749994503407,-0.75170488839052,0.53532871234608,0.90147901312532,85.6405171248726,-2.0,83.6322053591694,1.15
[DIAG] _physics_process: ENTER, state=3
[DIAG] _physics_process: camera target set to character (state: 3)
[GLIDE],2.51666666666666,0.90147901312532,0.0,0.45073950656266,-0.90147901312532,7.43014310802372,50.0279332029436,30.2758381584626,3.48350348382632,2.13295124937334,506.372802734375,652.436218261719,26.4
[VERBATIM] DIAGNOSIS turning block executed
[DIAG] _turn_input = 0.5
[ARMTEL],7.49999999999998,L,true,0.01666666666667,8.35416666666667,7.21183210500259,1.87365049321129,-0.73131593154722,0.52314011348696,0.91019801501677,86.4688224097707,-2.0,84.6382440858373,1.16666666666667
[DIAG] _physics_process: ENTER, state=3
[DIAG] _physics_process: camera target set to character (state: 3)
[GLIDE],2.53333333333333,0.91019801501677,0.0,0.45509900750839,-0.91019801501677,7.39561586053358,50.4202892045998,31.1161763118726,3.48428510141215,2.12256335095432,506.436492919922,652.541748046875,26.4
[VERBATIM] DIAGNOSIS turning block executed
[DIAG] _turn_input = 0.5
[DIAG] _poll_controls: ENTER, state=3
[VERBATIM] POLL: _poll_controls() entered, game_state=3
[VERBATIM] POLL: checking deploy state=3 canopy=true
[VERBATIM] POLL: turnleft pressed - left turn
[STEER_TELEM] canopy=true has_pc=false turn=-1.0 state=3
[STEER_TELEM] /root/Main children: WorldEnvironment DirectionalLight3D AnimationPlayer HUD @MeshInstance3D@47 @MeshInstance3D@48 @MeshInstance3D@49 @MeshInstance3D@50 @Node3D@51 FlyingPlane @Camera3D@55 @MeshInstance3D@56 @MeshInstance3D@57 @MeshInstance3D@58 @MeshInstance3D@59 @MeshInstance3D@60 @MeshInstance3D@61 @MeshInstance3D@62 @MeshInstance3D@63 @MeshInstance3D@64 @MeshInstance3D@65 @MeshInstance3D@66 @MeshInstance3D@67 @MeshInstance3D@68 @MeshInstance3D@69 @MeshInstance3D@70 @MeshInstance3D@71 @MeshInstance3D@72 @MeshInstance3D@73 @MeshInstance3D@74 @MeshInstance3D@75 @MeshInstance3D@76 @MeshInstance3D@77 @MeshInstance3D@78 @MeshInstance3D@79 @MeshInstance3D@80 @MeshInstance3D@81 @MeshInstance3D@82 @MeshInstance3D@83 @MeshInstance3D@84 @MeshInstance3D@85 @MeshInstance3D@86 @MeshInstance3D@87 @MeshInstance3D@88 @MeshInstance3D@89 @MeshInstance3D@90 @MeshInstance3D@91 @MeshInstance3D@92 @MeshInstance3D@93 @MeshInstance3D@94 @MeshInstance3D@95 @MeshInstance3D@96 @MeshInstance3D@97 @CanvasLayer@99 @HTTPRequest@113 PiPLayer @HTTPRequest@122 OpeningAnimTimer 
[VERBATIM] ENTER _deploy_canopy gate=none
[VERBATIM] EXIT _deploy_canopy early=already_deployed_or_no_canopy
[DEBUG] _input (build_terrain) called, event=InputEventKey: keycode=81 (Q), mods=none, physical=false, location=unspecified, pressed=true, echo=true
[AUDIT] _input: ENTER
2026-08-05T15:42:02 [INFO] InputManager ready
2026-08-05T15:42:02 [INFO] InputMap.has_action('restart') = true
[INPUT] unhandled_input triggered
2026-08-05T15:42:02 [INFO] InputManager: key=Q code=81
[ARMTEL],7.51666666666665,L,true,0.01666666666667,8.40208333333334,7.28158412013419,1.83099039720437,-0.71049118400522,0.51129859375354,0.918719658246,87.2783786193761,-2.0,85.6215106581104,1.18333333333333
[DIAG] _physics_process: ENTER, state=3
[DIAG] _physics_process: camera target set to character (state: 3)
[GLIDE],2.55,0.918719658246,0.0,0.459359829123,-0.918719658246,7.36187015334584,50.8020699599889,31.9628774778724,3.4852370406043,2.11230113406272,506.501434326172,652.645874023438,26.4
[VERBATIM] DIAGNOSIS turning block executed
[DIAG] _turn_input = 0.5
[ARMTEL],7.53333333333331,L,true,0.01666666666667,8.45,7.34975726596799,1.7895450781374,-0.68930234410539,0.49981022135179,0.92704982860186,88.0697449037016,-2.0,86.5826842055043,1.2
[DIAG] _physics_process: ENTER, state=3
[DIAG] _physics_process: camera target set to character (state: 3)
[GLIDE],2.56666666666666,0.92704982860186,0.0,0.46352491430093,-0.92704982860186,7.32888267873663,51.1736538076431,32.8157717079998,3.48634838370111,2.10216589741851,506.567626953125,652.74853515625,26.4
[VERBATIM] DIAGNOSIS turning block executed
[DIAG] _turn_input = 0.5
[DIAG] _poll_controls: ENTER, state=3
[VERBATIM] POLL: _poll_controls() entered, game_state=3
[VERBATIM] POLL: checking deploy state=3 canopy=true
[VERBATIM] POLL: turnleft pressed - left turn
[STEER_TELEM] canopy=true has_pc=false turn=-1.0 state=3
[STEER_TELEM] /root/Main children: WorldEnvironment DirectionalLight3D AnimationPlayer HUD @MeshInstance3D@47 @MeshInstance3D@48 @MeshInstance3D@49 @MeshInstance3D@50 @Node3D@51 FlyingPlane @Camera3D@55 @MeshInstance3D@56 @MeshInstance3D@57 @MeshInstance3D@58 @MeshInstance3D@59 @MeshInstance3D@60 @MeshInstance3D@61 @MeshInstance3D@62 @MeshInstance3D@63 @MeshInstance3D@64 @MeshInstance3D@65 @MeshInstance3D@66 @MeshInstance3D@67 @MeshInstance3D@68 @MeshInstance3D@69 @MeshInstance3D@70 @MeshInstance3D@71 @MeshInstance3D@72 @MeshInstance3D@73 @MeshInstance3D@74 @MeshInstance3D@75 @MeshInstance3D@76 @MeshInstance3D@77 @MeshInstance3D@78 @MeshInstance3D@79 @MeshInstance3D@80 @MeshInstance3D@81 @MeshInstance3D@82 @MeshInstance3D@83 @MeshInstance3D@84 @MeshInstance3D@85 @MeshInstance3D@86 @MeshInstance3D@87 @MeshInstance3D@88 @MeshInstance3D@89 @MeshInstance3D@90 @MeshInstance3D@91 @MeshInstance3D@92 @MeshInstance3D@93 @MeshInstance3D@94 @MeshInstance3D@95 @MeshInstance3D@96 @MeshInstance3D@97 @CanvasLayer@99 @HTTPRequest@113 PiPLayer @HTTPRequest@122 OpeningAnimTimer 
[VERBATIM] ENTER _deploy_canopy gate=none
[VERBATIM] EXIT _deploy_canopy early=already_deployed_or_no_canopy
[DEBUG] _input (build_terrain) called, event=InputEventKey: keycode=81 (Q), mods=none, physical=false, location=unspecified, pressed=true, echo=true
[AUDIT] _input: ENTER
2026-08-05T15:42:02 [INFO] InputManager ready
2026-08-05T15:42:02 [INFO] InputMap.has_action('restart') = true
[INPUT] unhandled_input triggered
2026-08-05T15:42:02 [INFO] InputManager: key=Q code=81
[ARMTEL],7.54999999999998,L,true,0.01666666666667,8.49791666666667,7.4163986288149,1.74933577473125,-0.66781773687948,0.48867992573713,0.93519449403081,88.8434882177321,-2.0,87.5224533372572,1.21666666666667
[DIAG] _physics_process: ENTER, state=3
[DIAG] _physics_process: camera target set to character (state: 3)
[GLIDE],2.58333333333333,0.93519449403081,0.0,0.46759724701541,-0.93519449403081,7.29662980363798,51.5354156155613,33.6746953015925,3.48760886684644,2.09215829016851,506.635070800781,652.849731445312,26.4
[VERBATIM] DIAGNOSIS turning block executed
[DIAG] _turn_input = 0.5
[ARMTEL],7.56666666666665,L,true,0.01666666666667,8.54583333333333,7.48155595224651,1.71037974007995,-0.64610235899313,0.47791155308724,0.94315968658227,89.6001816062346,-2.0,88.4415140591028,1.23333333333333
[DIAG] _physics_process: ENTER, state=3
[DIAG] _physics_process: camera target set to character (state: 3)
[GLIDE],2.6,0.94315968658227,0.0,0.47157984329113,-0.94315968658227,7.26508764113422,51.8877261647343,34.5394907376714,3.48900887235651,2.08227835093675,506.703735351562,652.949462890625,26.4
[VERBATIM] DIAGNOSIS turning block executed
[DIAG] _turn_input = 0.5
[DIAG] _poll_controls: ENTER, state=3
[VERBATIM] POLL: _poll_controls() entered, game_state=3
[VERBATIM] POLL: checking deploy state=3 canopy=true
[VERBATIM] POLL: turnleft pressed - left turn
[STEER_TELEM] canopy=true has_pc=false turn=-1.0 state=3
[STEER_TELEM] /root/Main children: WorldEnvironment DirectionalLight3D AnimationPlayer HUD @MeshInstance3D@47 @MeshInstance3D@48 @MeshInstance3D@49 @MeshInstance3D@50 @Node3D@51 FlyingPlane @Camera3D@55 @MeshInstance3D@56 @MeshInstance3D@57 @MeshInstance3D@58 @MeshInstance3D@59 @MeshInstance3D@60 @MeshInstance3D@61 @MeshInstance3D@62 @MeshInstance3D@63 @MeshInstance3D@64 @MeshInstance3D@65 @MeshInstance3D@66 @MeshInstance3D@67 @MeshInstance3D@68 @MeshInstance3D@69 @MeshInstance3D@70 @MeshInstance3D@71 @MeshInstance3D@72 @MeshInstance3D@73 @MeshInstance3D@74 @MeshInstance3D@75 @MeshInstance3D@76 @MeshInstance3D@77 @MeshInstance3D@78 @MeshInstance3D@79 @MeshInstance3D@80 @MeshInstance3D@81 @MeshInstance3D@82 @MeshInstance3D@83 @MeshInstance3D@84 @MeshInstance3D@85 @MeshInstance3D@86 @MeshInstance3D@87 @MeshInstance3D@88 @MeshInstance3D@89 @MeshInstance3D@90 @MeshInstance3D@91 @MeshInstance3D@92 @MeshInstance3D@93 @MeshInstance3D@94 @MeshInstance3D@95 @MeshInstance3D@96 @MeshInstance3D@97 @CanvasLayer@99 @HTTPRequest@113 PiPLayer @HTTPRequest@122 OpeningAnimTimer 
[VERBATIM] ENTER _deploy_canopy gate=none
[VERBATIM] EXIT _deploy_canopy early=already_deployed_or_no_canopy
[ARMTEL],7.58333333333331,L,true,0.01666666666667,8.59375,7.54527749265815,1.67269043580535,-0.6242179284635,0.46750792094618,0.9509514852647,90.3404025750881,-2.0,89.3405677951294,1.25
[DIAG] _physics_process: ENTER, state=3
[DIAG] _physics_process: camera target set to character (state: 3)
[GLIDE],2.61666666666666,0.9509514852647,0.0,0.47547574263235,-0.9509514852647,7.23423211835177,52.230951589115,35.41000659749,3.49053941837297,2.07252554727597,506.773590087891,653.047729492188,26.4
[VERBATIM] DIAGNOSIS turning block executed
[DIAG] _turn_input = 0.5
[ARMTEL],7.59999999999998,L,true,0.01666666666667,8.64166666666667,7.60761188211764,1.63627772331165,-0.60222293876262,0.45747087196681,0.95857599979748,91.0647315477057,-2.0,90.2203195129885,1.26666666666667
[DIAG] _physics_process: ENTER, state=3
[DIAG] _physics_process: camera target set to character (state: 3)
[GLIDE],2.63333333333333,0.95857599979748,0.0,0.47928799989874,-0.95857599979748,7.20403904080196,52.5654528683912,36.2860974786299,3.49219214618066,2.06289881519861,506.844635009766,653.14453125,26.4
[VERBATIM] DIAGNOSIS turning block executed
[DIAG] _turn_input = 0.5
[DIAG] _poll_controls: ENTER, state=3
[VERBATIM] POLL: _poll_controls() entered, game_state=3
[VERBATIM] POLL: checking deploy state=3 canopy=true
[VERBATIM] POLL: turnleft pressed - left turn
[STEER_TELEM] canopy=true has_pc=false turn=-1.0 state=3
[STEER_TELEM] /root/Main children: WorldEnvironment DirectionalLight3D AnimationPlayer HUD @MeshInstance3D@47 @MeshInstance3D@48 @MeshInstance3D@49 @MeshInstance3D@50 @Node3D@51 FlyingPlane @Camera3D@55 @MeshInstance3D@56 @MeshInstance3D@57 @MeshInstance3D@58 @MeshInstance3D@59 @MeshInstance3D@60 @MeshInstance3D@61 @MeshInstance3D@62 @MeshInstance3D@63 @MeshInstance3D@64 @MeshInstance3D@65 @MeshInstance3D@66 @MeshInstance3D@67 @MeshInstance3D@68 @MeshInstance3D@69 @MeshInstance3D@70 @MeshInstance3D@71 @MeshInstance3D@72 @MeshInstance3D@73 @MeshInstance3D@74 @MeshInstance3D@75 @MeshInstance3D@76 @MeshInstance3D@77 @MeshInstance3D@78 @MeshInstance3D@79 @MeshInstance3D@80 @MeshInstance3D@81 @MeshInstance3D@82 @MeshInstance3D@83 @MeshInstance3D@84 @MeshInstance3D@85 @MeshInstance3D@86 @MeshInstance3D@87 @MeshInstance3D@88 @MeshInstance3D@89 @MeshInstance3D@90 @MeshInstance3D@91 @MeshInstance3D@92 @MeshInstance3D@93 @MeshInstance3D@94 @MeshInstance3D@95 @MeshInstance3D@96 @MeshInstance3D@97 @CanvasLayer@99 @HTTPRequest@113 PiPLayer @HTTPRequest@122 OpeningAnimTimer 
[VERBATIM] ENTER _deploy_canopy gate=none
[VERBATIM] EXIT _deploy_canopy early=already_deployed_or_no_canopy
[DEBUG] _input (build_terrain) called, event=InputEventKey: keycode=81 (Q), mods=none, physical=false, location=unspecified, pressed=true, echo=true
[AUDIT] _input: ENTER
2026-08-05T15:42:02 [INFO] InputManager ready
2026-08-05T15:42:02 [INFO] InputMap.has_action('restart') = true
[INPUT] unhandled_input triggered
2026-08-05T15:42:02 [INFO] InputManager: key=Q code=81
[ARMTEL],7.61666666666664,L,true,0.01666666666667,8.68958333333333,7.66860799837988,1.60114805188383,-0.58017271693037,0.44780132668464,0.96603935524223,91.7737504050152,-2.0,91.0814759505921,1.28333333333333
[DIAG] _physics_process: ENTER, state=3
[DIAG] _physics_process: camera target set to character (state: 3)
[GLIDE],2.65,0.96603935524223,0.0,0.48301967762111,-0.96603935524223,7.17448415324077,52.8915853701254,37.1676239014653,3.4939593055103,2.05339659850243,506.916870117188,653.239807128906,26.4
[VERBATIM] DIAGNOSIS turning block executed
[DIAG] _turn_input = 0.5
[ARMTEL],7.63333333333331,L,true,0.01666666666667,8.7375,7.72831484193783,1.56730464339622,-0.55811948533405,0.4384993352624,0.9733476774966,92.4680411073688,-2.0,91.9247439423193,1.3
[DIAG] _physics_process: ENTER, state=3
[DIAG] _physics_process: camera target set to character (state: 3)
[GLIDE],2.66666666666666,0.9733476774966,0.0,0.4866738387483,-0.9733476774966,7.14554319711346,53.2096984380282,38.0544522087658,3.49583373812627,2.04401688764048,506.990264892578,653.333557128906,26.4
[VERBATIM] DIAGNOSIS turning block executed
[DIAG] _turn_input = 0.5
[DIAG] _poll_controls: ENTER, state=3
[VERBATIM] POLL: _poll_controls() entered, game_state=3
[VERBATIM] POLL: checking deploy state=3 canopy=true
[VERBATIM] POLL: turnleft pressed - left turn
[STEER_TELEM] canopy=true has_pc=false turn=-1.0 state=3
[STEER_TELEM] /root/Main children: WorldEnvironment DirectionalLight3D AnimationPlayer HUD @MeshInstance3D@47 @MeshInstance3D@48 @MeshInstance3D@49 @MeshInstance3D@50 @Node3D@51 FlyingPlane @Camera3D@55 @MeshInstance3D@56 @MeshInstance3D@57 @MeshInstance3D@58 @MeshInstance3D@59 @MeshInstance3D@60 @MeshInstance3D@61 @MeshInstance3D@62 @MeshInstance3D@63 @MeshInstance3D@64 @MeshInstance3D@65 @MeshInstance3D@66 @MeshInstance3D@67 @MeshInstance3D@68 @MeshInstance3D@69 @MeshInstance3D@70 @MeshInstance3D@71 @MeshInstance3D@72 @MeshInstance3D@73 @MeshInstance3D@74 @MeshInstance3D@75 @MeshInstance3D@76 @MeshInstance3D@77 @MeshInstance3D@78 @MeshInstance3D@79 @MeshInstance3D@80 @MeshInstance3D@81 @MeshInstance3D@82 @MeshInstance3D@83 @MeshInstance3D@84 @MeshInstance3D@85 @MeshInstance3D@86 @MeshInstance3D@87 @MeshInstance3D@88 @MeshInstance3D@89 @MeshInstance3D@90 @MeshInstance3D@91 @MeshInstance3D@92 @MeshInstance3D@93 @MeshInstance3D@94 @MeshInstance3D@95 @MeshInstance3D@96 @MeshInstance3D@97 @CanvasLayer@99 @HTTPRequest@113 PiPLayer @HTTPRequest@122 OpeningAnimTimer 
[VERBATIM] ENTER _deploy_canopy gate=none
[VERBATIM] EXIT _deploy_canopy early=already_deployed_or_no_canopy
[DEBUG] _input (build_terrain) called, event=InputEventMouseMotion: button_mask=0, position=((486.0, 89.0)), relative=((-1.0, 1.0)), velocity=((-0.417298, 0.417298)), pressure=0.00, tilt=((0.0, 0.0)), pen_inverted=(false)
[AUDIT] _input: ENTER
[AUDIT] _gui_input: ENTER
[DEBUG] _input (build_terrain) called, event=InputEventKey: keycode=81 (Q), mods=none, physical=false, location=unspecified, pressed=true, echo=true
[AUDIT] _input: ENTER
2026-08-05T15:42:02 [INFO] InputManager ready
2026-08-05T15:42:02 [INFO] InputMap.has_action('restart') = true
[INPUT] unhandled_input triggered
2026-08-05T15:42:02 [INFO] InputManager: key=Q code=81
[ARMTEL],7.64999999999998,L,true,0.01666666666667,8.78541666666667,7.78678141997282,1.5347476734184,-0.53611242672455,0.42956412815032,0.98050707963244,93.1481843966645,-2.0,92.7508288426455,1.31666666666667
[DIAG] _physics_process: ENTER, state=3
[DIAG] _physics_process: camera target set to character (state: 3)
[GLIDE],2.68333333333333,0.98050707963244,0.0,0.49025353981622,-0.98050707963244,7.11719196465553,53.5201350233235,38.9464544591545,3.49780885997996,2.03475725791841,507.064819335938,653.425842285156,26.4
[VERBATIM] DIAGNOSIS turning block executed
[DIAG] _turn_input = 0.5
[ARMTEL],7.66666666666664,L,true,0.01666666666667,8.83333333333333,7.84405663705953,1.50347444852614,-0.51419775225233,0.42099416561279,0.98752364905932,93.8147585768857,-2.0,93.5604330450162,1.33333333333333
[DIAG] _physics_process: ENTER, state=3
[DIAG] _physics_process: camera target set to character (state: 3)
[GLIDE],2.7,0.98752364905932,0.0,0.49376182452966,-0.98752364905932,7.08940634972509,53.823231356359,39.8435083150938,3.49987864218889,2.02561490683324,507.140533447266,653.516540527344,26.4
[VERBATIM] DIAGNOSIS turning block executed
[DIAG] _turn_input = 0.5
[DIAG] _poll_controls: ENTER, state=3
[VERBATIM] POLL: _poll_controls() entered, game_state=3
[VERBATIM] POLL: checking deploy state=3 canopy=true
[VERBATIM] POLL: turnleft pressed - left turn
[STEER_TELEM] canopy=true has_pc=false turn=-1.0 state=3
[STEER_TELEM] /root/Main children: WorldEnvironment DirectionalLight3D AnimationPlayer HUD @MeshInstance3D@47 @MeshInstance3D@48 @MeshInstance3D@49 @MeshInstance3D@50 @Node3D@51 FlyingPlane @Camera3D@55 @MeshInstance3D@56 @MeshInstance3D@57 @MeshInstance3D@58 @MeshInstance3D@59 @MeshInstance3D@60 @MeshInstance3D@61 @MeshInstance3D@62 @MeshInstance3D@63 @MeshInstance3D@64 @MeshInstance3D@65 @MeshInstance3D@66 @MeshInstance3D@67 @MeshInstance3D@68 @MeshInstance3D@69 @MeshInstance3D@70 @MeshInstance3D@71 @MeshInstance3D@72 @MeshInstance3D@73 @MeshInstance3D@74 @MeshInstance3D@75 @MeshInstance3D@76 @MeshInstance3D@77 @MeshInstance3D@78 @MeshInstance3D@79 @MeshInstance3D@80 @MeshInstance3D@81 @MeshInstance3D@82 @MeshInstance3D@83 @MeshInstance3D@84 @MeshInstance3D@85 @MeshInstance3D@86 @MeshInstance3D@87 @MeshInstance3D@88 @MeshInstance3D@89 @MeshInstance3D@90 @MeshInstance3D@91 @MeshInstance3D@92 @MeshInstance3D@93 @MeshInstance3D@94 @MeshInstance3D@95 @MeshInstance3D@96 @MeshInstance3D@97 @CanvasLayer@99 @HTTPRequest@113 PiPLayer @HTTPRequest@122 OpeningAnimTimer 
[VERBATIM] ENTER _deploy_canopy gate=none
[VERBATIM] EXIT _deploy_canopy early=already_deployed_or_no_canopy
[DEBUG] _input (build_terrain) called, event=InputEventMouseMotion: button_mask=0, position=((459.0, 84.0)), relative=((-27.0, -5.0)), velocity=((-0.417298, 0.417298)), pressure=0.00, tilt=((0.0, 0.0)), pen_inverted=(false)
[AUDIT] _input: ENTER
[AUDIT] _gui_input: ENTER
[DEBUG] _input (build_terrain) called, event=InputEventKey: keycode=81 (Q), mods=none, physical=false, location=unspecified, pressed=false, echo=false
[AUDIT] _input: ENTER
2026-08-05T15:42:02 [INFO] InputManager ready
2026-08-05T15:42:02 [INFO] InputMap.has_action('restart') = true
[INPUT] unhandled_input triggered
[DEBUG] _input (build_terrain) called, event=InputEventMouseMotion: button_mask=0, position=((417.0, 72.0)), relative=((-42.0, -12.0)), velocity=((-0.417298, 0.417298)), pressure=0.00, tilt=((0.0, 0.0)), pen_inverted=(false)
[AUDIT] _input: ENTER
[AUDIT] _gui_input: ENTER
[ARMTEL],7.68333333333331,L,false,0.01666666666667,0.0,7.90018919247457,1.47347957964475,-9.37366877211932,0.26476635274413,0.99193642160506,94.2339720219786,-2.0,94.0695991317147,0.0
[DIAG] _physics_process: ENTER, state=3
[DIAG] _physics_process: camera target set to character (state: 3)
[GLIDE],2.71666666666666,0.99193642160506,0.0,0.49596821080253,-0.99193642160506,7.07193177044398,54.0132693322277,40.7437294706309,3.50124862779306,2.01983135796375,507.217468261719,653.605834960938,26.4
[VERBATIM] DIAGNOSIS turning block executed
[DIAG] _turn_input = 0.5
[ARMTEL],7.69999999999998,L,false,0.01666666666667,0.0,7.93549137284045,0.92668223460446,-8.86217360744491,0.11706345928672,0.99388747925983,94.4193225227256,-2.0,94.2947211792961,0.0
[DIAG] _physics_process: ENTER, state=3
[DIAG] _physics_process: camera target set to character (state: 3)
[GLIDE],2.73333333333333,0.99388747925983,0.0,0.49694373962992,-0.99388747925983,7.06420558213105,54.0971493133604,41.6453486258536,3.50187121612689,2.01726595472696,507.295715332031,653.693786621094,26.4
[VERBATIM] DIAGNOSIS turning block executed
[DIAG] _turn_input = 0.5
[DIAG] _poll_controls: ENTER, state=3
[VERBATIM] POLL: _poll_controls() entered, game_state=3
[VERBATIM] POLL: checking deploy state=3 canopy=true
[STEER_TELEM] canopy=true has_pc=false turn=0.0 state=3
[STEER_TELEM] /root/Main children: WorldEnvironment DirectionalLight3D AnimationPlayer HUD @MeshInstance3D@47 @MeshInstance3D@48 @MeshInstance3D@49 @MeshInstance3D@50 @Node3D@51 FlyingPlane @Camera3D@55 @MeshInstance3D@56 @MeshInstance3D@57 @MeshInstance3D@58 @MeshInstance3D@59 @MeshInstance3D@60 @MeshInstance3D@61 @MeshInstance3D@62 @MeshInstance3D@63 @MeshInstance3D@64 @MeshInstance3D@65 @MeshInstance3D@66 @MeshInstance3D@67 @MeshInstance3D@68 @MeshInstance3D@69 @MeshInstance3D@70 @MeshInstance3D@71 @MeshInstance3D@72 @MeshInstance3D@73 @MeshInstance3D@74 @MeshInstance3D@75 @MeshInstance3D@76 @MeshInstance3D@77 @MeshInstance3D@78 @MeshInstance3D@79 @MeshInstance3D@80 @MeshInstance3D@81 @MeshInstance3D@82 @MeshInstance3D@83 @MeshInstance3D@84 @MeshInstance3D@85 @MeshInstance3D@86 @MeshInstance3D@87 @MeshInstance3D@88 @MeshInstance3D@89 @MeshInstance3D@90 @MeshInstance3D@91 @MeshInstance3D@92 @MeshInstance3D@93 @MeshInstance3D@94 @MeshInstance3D@95 @MeshInstance3D@96 @MeshInstance3D@97 @CanvasLayer@99 @HTTPRequest@113 PiPLayer @HTTPRequest@122 OpeningAnimTimer 
[VERBATIM] ENTER _deploy_canopy gate=none
[VERBATIM] EXIT _deploy_canopy early=already_deployed_or_no_canopy
[DEBUG] _input (build_terrain) called, event=InputEventMouseMotion: button_mask=0, position=((364.0, 48.0)), relative=((-53.0, -24.0)), velocity=((-0.417298, 0.417298)), pressure=0.00, tilt=((0.0, 0.0)), pen_inverted=(false)
[AUDIT] _input: ENTER
[AUDIT] _gui_input: ENTER
[ARMTEL],7.71666666666664,L,false,0.01666666666667,0.0,7.95109983407868,0.4097221075035,-8.36082194158218,-0.02228357307299,0.99351608637528,94.3840401942118,-2.0,94.2518681521586,0.0
[DIAG] _physics_process: ENTER, state=3
[DIAG] _physics_process: camera target set to character (state: 3)
[GLIDE],2.75,0.99351608637528,0.0,0.49675804318764,-0.99351608637528,7.06567629795387,54.0811891342777,42.5467017780916,3.50175190552747,2.01775468067878,507.375335693359,653.780517578125,26.4
[VERBATIM] DIAGNOSIS turning block executed
[DIAG] _turn_input = 0.5
[ARMTEL],7.73333333333331,L,false,0.01666666666667,0.0,7.94812869100228,-0.07799250575546,-7.87013618524682,-0.15345250949377,0.99095854455039,94.1410736899853,-2.0,93.9567671586101,0.0
[DIAG] _physics_process: ENTER, state=3
[DIAG] _physics_process: camera target set to character (state: 3)
[GLIDE],2.76666666666666,0.99095854455039,0.0,0.49547927227519,-0.99095854455039,7.07580416358046,53.9711953608081,43.4462217007717,3.50094047781045,2.02111524272637,507.456420898438,653.866149902344,26.4
[VERBATIM] DIAGNOSIS turning block executed
[DIAG] _turn_input = 0.5
[DIAG] _poll_controls: ENTER, state=3
[VERBATIM] POLL: _poll_controls() entered, game_state=3
[VERBATIM] POLL: checking deploy state=3 canopy=true
[STEER_TELEM] canopy=true has_pc=false turn=0.0 state=3
[STEER_TELEM] /root/Main children: WorldEnvironment DirectionalLight3D AnimationPlayer HUD @MeshInstance3D@47 @MeshInstance3D@48 @MeshInstance3D@49 @MeshInstance3D@50 @Node3D@51 FlyingPlane @Camera3D@55 @MeshInstance3D@56 @MeshInstance3D@57 @MeshInstance3D@58 @MeshInstance3D@59 @MeshInstance3D@60 @MeshInstance3D@61 @MeshInstance3D@62 @MeshInstance3D@63 @MeshInstance3D@64 @MeshInstance3D@65 @MeshInstance3D@66 @MeshInstance3D@67 @MeshInstance3D@68 @MeshInstance3D@69 @MeshInstance3D@70 @MeshInstance3D@71 @MeshInstance3D@72 @MeshInstance3D@73 @MeshInstance3D@74 @MeshInstance3D@75 @MeshInstance3D@76 @MeshInstance3D@77 @MeshInstance3D@78 @MeshInstance3D@79 @MeshInstance3D@80 @MeshInstance3D@81 @MeshInstance3D@82 @MeshInstance3D@83 @MeshInstance3D@84 @MeshInstance3D@85 @MeshInstance3D@86 @MeshInstance3D@87 @MeshInstance3D@88 @MeshInstance3D@89 @MeshInstance3D@90 @MeshInstance3D@91 @MeshInstance3D@92 @MeshInstance3D@93 @MeshInstance3D@94 @MeshInstance3D@95 @MeshInstance3D@96 @MeshInstance3D@97 @CanvasLayer@99 @HTTPRequest@113 PiPLayer @HTTPRequest@122 OpeningAnimTimer 
[VERBATIM] ENTER _deploy_canopy gate=none
[VERBATIM] EXIT _deploy_canopy early=already_deployed_or_no_canopy
[DEBUG] _input (build_terrain) called, event=InputEventMouseMotion: button_mask=0, position=((280.0, 31.0)), relative=((-84.0, -17.0)), velocity=((-1222.129, -397.4405)), pressure=0.00, tilt=((0.0, 0.0)), pen_inverted=(false)
[AUDIT] _input: ENTER
[AUDIT] _gui_input: ENTER
[ARMTEL],7.74999999999998,L,false,0.01666666666667,0.0,7.92766835640311,-0.53708378322819,-7.39058457317492,-0.27662891904668,0.98634806256628,93.703077845861,-2.0,93.4247884433435,0.0
[DIAG] _physics_process: ENTER, state=3
[DIAG] _physics_process: camera target set to character (state: 3)
[GLIDE],2.78333333333333,0.98634806256628,0.0,0.49317403128314,-0.98634806256628,7.09406167223754,53.7725284583128,44.3424305084102,3.49952257774602,2.0271512798202,507.5390625,653.95068359375,26.4
[VERBATIM] DIAGNOSIS turning block executed
[DIAG] _turn_input = 0.5
[ARMTEL],7.76666666666664,L,false,0.01666666666667,0.0,7.89078450053022,-0.96820121666339,-6.92258328386683,-0.39200530711113,0.97981464078109,93.0824026974309,-2.0,92.6709320483818,0.0
[DIAG] _physics_process: ENTER, state=3
[DIAG] _physics_process: camera target set to character (state: 3)
[GLIDE],2.79999999999999,0.97981464078109,0.0,0.48990732039055,-0.97981464078109,7.11993402250688,53.4901620345175,45.2339332089855,3.4976118069852,2.03565587475643,507.623321533203,654.034240722656,26.4
[VERBATIM] DIAGNOSIS turning block executed
[DIAG] _turn_input = 0.5
[DIAG] _poll_controls: ENTER, state=3
[VERBATIM] POLL: _poll_controls() entered, game_state=3
[VERBATIM] POLL: checking deploy state=3 canopy=true
[STEER_TELEM] canopy=true has_pc=false turn=0.0 state=3
[STEER_TELEM] /root/Main children: WorldEnvironment DirectionalLight3D AnimationPlayer HUD @MeshInstance3D@47 @MeshInstance3D@48 @MeshInstance3D@49 @MeshInstance3D@50 @Node3D@51 FlyingPlane @Camera3D@55 @MeshInstance3D@56 @MeshInstance3D@57 @MeshInstance3D@58 @MeshInstance3D@59 @MeshInstance3D@60 @MeshInstance3D@61 @MeshInstance3D@62 @MeshInstance3D@63 @MeshInstance3D@64 @MeshInstance3D@65 @MeshInstance3D@66 @MeshInstance3D@67 @MeshInstance3D@68 @MeshInstance3D@69 @MeshInstance3D@70 @MeshInstance3D@71 @MeshInstance3D@72 @MeshInstance3D@73 @MeshInstance3D@74 @MeshInstance3D@75 @MeshInstance3D@76 @MeshInstance3D@77 @MeshInstance3D@78 @MeshInstance3D@79 @MeshInstance3D@80 @MeshInstance3D@81 @MeshInstance3D@82 @MeshInstance3D@83 @MeshInstance3D@84 @MeshInstance3D@85 @MeshInstance3D@86 @MeshInstance3D@87 @MeshInstance3D@88 @MeshInstance3D@89 @MeshInstance3D@90 @MeshInstance3D@91 @MeshInstance3D@92 @MeshInstance3D@93 @MeshInstance3D@94 @MeshInstance3D@95 @MeshInstance3D@96 @MeshInstance3D@97 @CanvasLayer@99 @HTTPRequest@113 PiPLayer @HTTPRequest@122 OpeningAnimTimer 
[VERBATIM] ENTER _deploy_canopy gate=none
[VERBATIM] EXIT _deploy_canopy early=already_deployed_or_no_canopy
[DEBUG] _input (build_terrain) called, event=InputEventMouseMotion: button_mask=0, position=((140.0, 25.0)), relative=((-140.0, -6.0)), velocity=((-1222.129, -397.4405)), pressure=0.00, tilt=((0.0, 0.0)), pen_inverted=(false)
[AUDIT] _input: ENTER
[AUDIT] _gui_input: ENTER
[ARMTEL],7.78333333333331,L,false,0.01666666666667,0.0,7.83851712624874,-1.37201857488896,-6.46649855135978,-0.49978028296713,0.97148496939831,92.2910838155538,-2.0,91.7098160748072,0.0
[DIAG] _physics_process: ENTER, state=3
[DIAG] _physics_process: camera target set to character (state: 3)
[GLIDE],2.81666666666666,0.97148496939831,0.0,0.48574248469915,-0.97148496939831,7.15291952118271,53.1287363566454,46.119412148263,3.49534242114215,2.04641453092467,507.709259033203,654.116882324219,26.4
[VERBATIM] DIAGNOSIS turning block executed
[DIAG] _turn_input = 0.5
[ARMTEL],7.79999999999998,L,false,0.01666666666667,0.0,7.77187975518645,-1.74923099038494,-6.02264876480151,-0.60015776238049,0.9614823400253,91.3408339044183,-2.0,90.55566647798,0.0
[DIAG] _physics_process: ENTER, state=3
[DIAG] _physics_process: camera target set to character (state: 3)
[GLIDE],2.83333333333333,0.9614823400253,0.0,0.48074117001265,-0.9614823400253,7.19252993349982,52.6926063709411,46.9976222544453,3.49286269109243,2.05920775295357,507.796936035156,654.198669433594,26.4
[VERBATIM] DIAGNOSIS turning block executed
[DIAG] _turn_input = 0.5
[DIAG] _poll_controls: ENTER, state=3
[VERBATIM] POLL: _poll_controls() entered, game_state=3
[VERBATIM] POLL: checking deploy state=3 canopy=true
[STEER_TELEM] canopy=true has_pc=false turn=0.0 state=3
[STEER_TELEM] /root/Main children: WorldEnvironment DirectionalLight3D AnimationPlayer HUD @MeshInstance3D@47 @MeshInstance3D@48 @MeshInstance3D@49 @MeshInstance3D@50 @Node3D@51 FlyingPlane @Camera3D@55 @MeshInstance3D@56 @MeshInstance3D@57 @MeshInstance3D@58 @MeshInstance3D@59 @MeshInstance3D@60 @MeshInstance3D@61 @MeshInstance3D@62 @MeshInstance3D@63 @MeshInstance3D@64 @MeshInstance3D@65 @MeshInstance3D@66 @MeshInstance3D@67 @MeshInstance3D@68 @MeshInstance3D@69 @MeshInstance3D@70 @MeshInstance3D@71 @MeshInstance3D@72 @MeshInstance3D@73 @MeshInstance3D@74 @MeshInstance3D@75 @MeshInstance3D@76 @MeshInstance3D@77 @MeshInstance3D@78 @MeshInstance3D@79 @MeshInstance3D@80 @MeshInstance3D@81 @MeshInstance3D@82 @MeshInstance3D@83 @MeshInstance3D@84 @MeshInstance3D@85 @MeshInstance3D@86 @MeshInstance3D@87 @MeshInstance3D@88 @MeshInstance3D@89 @MeshInstance3D@90 @MeshInstance3D@91 @MeshInstance3D@92 @MeshInstance3D@93 @MeshInstance3D@94 @MeshInstance3D@95 @MeshInstance3D@96 @MeshInstance3D@97 @CanvasLayer@99 @HTTPRequest@113 PiPLayer @HTTPRequest@122 OpeningAnimTimer 
[VERBATIM] ENTER _deploy_canopy gate=none
[VERBATIM] EXIT _deploy_canopy early=already_deployed_or_no_canopy
[DEBUG] _input (build_terrain) called, event=InputEventMouseMotion: button_mask=0, position=((71.0, 25.0)), relative=((-69.0, 0.0)), velocity=((-1222.129, -397.4405)), pressure=0.00, tilt=((0.0, 0.0)), pen_inverted=(false)
[AUDIT] _input: ENTER
[AUDIT] _gui_input: ENTER
[ARMTEL],7.81666666666664,L,false,0.01666666666667,0.0,7.69185872020239,-2.1005521683317,-5.59130655187069,-0.69334620491166,0.94992656994344,90.2430356072003,-2.0,89.2223083294719,0.0
[DIAG] _physics_process: ENTER, state=3
[DIAG] _physics_process: camera target set to character (state: 3)
[GLIDE],2.84999999999999,0.94992656994344,0.0,0.47496328497172,-0.94992656994344,7.23829078302399,52.1858844757766,47.8673869957083,3.4903289651405,2.07381334404753,507.886413574219,654.279602050781,26.4
[VERBATIM] DIAGNOSIS turning block executed
[DIAG] _turn_input = 0.5
[ARMTEL],7.83333333333331,L,false,0.01666666666667,0.0,7.5994125595475,-2.42671171719082,-5.17270084235668,-0.77955788561761,0.93693393851648,89.0087354648596,-2.0,87.7231584795719,0.0
[DIAG] _physics_process: ENTER, state=3
[DIAG] _physics_process: camera target set to character (state: 3)
[GLIDE],2.86666666666666,0.93693393851648,0.0,0.46846696925824,-0.93693393851648,7.28974160347475,51.6124783177384,48.7275949676706,3.4879004475704,2.0900085059918,507.977722167969,654.359741210938,26.4
[VERBATIM] DIAGNOSIS turning block executed
[DIAG] _turn_input = 0.5
[DIAG] _poll_controls: ENTER, state=3
[VERBATIM] POLL: _poll_controls() entered, game_state=3
[VERBATIM] POLL: checking deploy state=3 canopy=true
[STEER_TELEM] canopy=true has_pc=false turn=0.0 state=3
[STEER_TELEM] /root/Main children: WorldEnvironment DirectionalLight3D AnimationPlayer HUD @MeshInstance3D@47 @MeshInstance3D@48 @MeshInstance3D@49 @MeshInstance3D@50 @Node3D@51 FlyingPlane @Camera3D@55 @MeshInstance3D@56 @MeshInstance3D@57 @MeshInstance3D@58 @MeshInstance3D@59 @MeshInstance3D@60 @MeshInstance3D@61 @MeshInstance3D@62 @MeshInstance3D@63 @MeshInstance3D@64 @MeshInstance3D@65 @MeshInstance3D@66 @MeshInstance3D@67 @MeshInstance3D@68 @MeshInstance3D@69 @MeshInstance3D@70 @MeshInstance3D@71 @MeshInstance3D@72 @MeshInstance3D@73 @MeshInstance3D@74 @MeshInstance3D@75 @MeshInstance3D@76 @MeshInstance3D@77 @MeshInstance3D@78 @MeshInstance3D@79 @MeshInstance3D@80 @MeshInstance3D@81 @MeshInstance3D@82 @MeshInstance3D@83 @MeshInstance3D@84 @MeshInstance3D@85 @MeshInstance3D@86 @MeshInstance3D@87 @MeshInstance3D@88 @MeshInstance3D@89 @MeshInstance3D@90 @MeshInstance3D@91 @MeshInstance3D@92 @MeshInstance3D@93 @MeshInstance3D@94 @MeshInstance3D@95 @MeshInstance3D@96 @MeshInstance3D@97 @CanvasLayer@99 @HTTPRequest@113 PiPLayer @HTTPRequest@122 OpeningAnimTimer 
[VERBATIM] ENTER _deploy_canopy gate=none
[VERBATIM] EXIT _deploy_canopy early=already_deployed_or_no_canopy
[ARMTEL],7.84999999999998,L,false,0.01666666666667,0.0,7.49547150813182,-2.72845259966163,-4.76701890847019,-0.85900820075878,0.9226171351705,87.6486389742336,-2.0,86.0712195549722,0.0
[DIAG] _physics_process: ENTER, state=3
[DIAG] _physics_process: camera target set to character (state: 3)
[GLIDE],2.88333333333333,0.9226171351705,0.0,0.46130856758525,-0.9226171351705,7.34643614472483,50.9761238938017,49.5771970325673,3.48573469116403,2.10757180210739,508.070922851562,654.439147949219,26.4
[VERBATIM] DIAGNOSIS turning block executed
[DIAG] _turn_input = 0.5
[ARMTEL],7.86666666666664,L,false,0.01666666666667,0.0,7.38093708136398,-3.00652870265572,-4.37440837870826,-0.93191500707058,0.90708521838599,86.1731066922846,-2.0,84.2790752270849,0.0
[DIAG] _physics_process: ENTER, state=3
[DIAG] _physics_process: camera target set to character (state: 3)
[GLIDE],2.89999999999999,0.90708521838599,0.0,0.45354260919299,-0.90708521838599,7.40794253519149,50.2804142522959,50.4152039367722,3.48398378641702,2.12628502006031,508.166076660156,654.517822265625,26.4
[VERBATIM] DIAGNOSIS turning block executed
[DIAG] _turn_input = 0.5
[DIAG] _poll_controls: ENTER, state=3
[VERBATIM] POLL: _poll_controls() entered, game_state=3
[VERBATIM] POLL: checking deploy state=3 canopy=true
[STEER_TELEM] canopy=true has_pc=false turn=0.0 state=3
[STEER_TELEM] /root/Main children: WorldEnvironment DirectionalLight3D AnimationPlayer HUD @MeshInstance3D@47 @MeshInstance3D@48 @MeshInstance3D@49 @MeshInstance3D@50 @Node3D@51 FlyingPlane @Camera3D@55 @MeshInstance3D@56 @MeshInstance3D@57 @MeshInstance3D@58 @MeshInstance3D@59 @MeshInstance3D@60 @MeshInstance3D@61 @MeshInstance3D@62 @MeshInstance3D@63 @MeshInstance3D@64 @MeshInstance3D@65 @MeshInstance3D@66 @MeshInstance3D@67 @MeshInstance3D@68 @MeshInstance3D@69 @MeshInstance3D@70 @MeshInstance3D@71 @MeshInstance3D@72 @MeshInstance3D@73 @MeshInstance3D@74 @MeshInstance3D@75 @MeshInstance3D@76 @MeshInstance3D@77 @MeshInstance3D@78 @MeshInstance3D@79 @MeshInstance3D@80 @MeshInstance3D@81 @MeshInstance3D@82 @MeshInstance3D@83 @MeshInstance3D@84 @MeshInstance3D@85 @MeshInstance3D@86 @MeshInstance3D@87 @MeshInstance3D@88 @MeshInstance3D@89 @MeshInstance3D@90 @MeshInstance3D@91 @MeshInstance3D@92 @MeshInstance3D@93 @MeshInstance3D@94 @MeshInstance3D@95 @MeshInstance3D@96 @MeshInstance3D@97 @CanvasLayer@99 @HTTPRequest@113 PiPLayer @HTTPRequest@122 OpeningAnimTimer 
[VERBATIM] ENTER _deploy_canopy gate=none
[VERBATIM] EXIT _deploy_canopy early=already_deployed_or_no_canopy
[ARMTEL],7.88333333333331,L,false,0.01666666666667,0.0,7.2566817470879,-3.26170252474704,-3.99497922234087,-0.9984979941096,0.89044358515083,84.5921513341331,-2.0,82.3588866873861,0.0
[DIAG] _physics_process: ENTER, state=3
[DIAG] _physics_process: camera target set to character (state: 3)
[GLIDE],2.91666666666666,0.89044358515083,0.0,0.44522179257541,-0.89044358515083,7.47384340280272,49.5288240912431,51.2406843382929,3.48279121821909,2.14593495116955,508.263214111328,654.595825195312,26.4
[VERBATIM] DIAGNOSIS turning block executed
[DIAG] _turn_input = 0.5
[ARMTEL],7.89999999999998,L,false,0.01666666666667,0.0,7.12354868120662,-3.49474297938359,-3.62880570182304,-1.05897808913998,0.87279395033183,82.9154358133536,-2.0,80.3223902672084,0.0
[DIAG] _physics_process: ENTER, state=3
[DIAG] _physics_process: camera target set to character (state: 3)
[GLIDE],2.93333333333333,0.87279395033183,0.0,0.43639697516591,-0.87279395033183,7.54373595668596,48.7247305551679,52.052763180879,3.48228935146473,2.16631508622708,508.362365722656,654.673156738281,26.4
[VERBATIM] DIAGNOSIS turning block executed
[DIAG] _turn_input = 0.5
[DIAG] _poll_controls: ENTER, state=3
[VERBATIM] POLL: _poll_controls() entered, game_state=3
[VERBATIM] POLL: checking deploy state=3 canopy=true
[STEER_TELEM] canopy=true has_pc=false turn=0.0 state=3
[STEER_TELEM] /root/Main children: WorldEnvironment DirectionalLight3D AnimationPlayer HUD @MeshInstance3D@47 @MeshInstance3D@48 @MeshInstance3D@49 @MeshInstance3D@50 @Node3D@51 FlyingPlane @Camera3D@55 @MeshInstance3D@56 @MeshInstance3D@57 @MeshInstance3D@58 @MeshInstance3D@59 @MeshInstance3D@60 @MeshInstance3D@61 @MeshInstance3D@62 @MeshInstance3D@63 @MeshInstance3D@64 @MeshInstance3D@65 @MeshInstance3D@66 @MeshInstance3D@67 @MeshInstance3D@68 @MeshInstance3D@69 @MeshInstance3D@70 @MeshInstance3D@71 @MeshInstance3D@72 @MeshInstance3D@73 @MeshInstance3D@74 @MeshInstance3D@75 @MeshInstance3D@76 @MeshInstance3D@77 @MeshInstance3D@78 @MeshInstance3D@79 @MeshInstance3D@80 @MeshInstance3D@81 @MeshInstance3D@82 @MeshInstance3D@83 @MeshInstance3D@84 @MeshInstance3D@85 @MeshInstance3D@86 @MeshInstance3D@87 @MeshInstance3D@88 @MeshInstance3D@89 @MeshInstance3D@90 @MeshInstance3D@91 @MeshInstance3D@92 @MeshInstance3D@93 @MeshInstance3D@94 @MeshInstance3D@95 @MeshInstance3D@96 @MeshInstance3D@97 @CanvasLayer@99 @HTTPRequest@113 PiPLayer @HTTPRequest@122 OpeningAnimTimer 
[VERBATIM] ENTER _deploy_canopy gate=none
[VERBATIM] EXIT _deploy_canopy early=already_deployed_or_no_canopy
[DEBUG] _input (build_terrain) called, event=InputEventMouseMotion: button_mask=0, position=((70.0, 23.0)), relative=((-1.0, -2.0)), velocity=((-1738.645, -136.4807)), pressure=0.00, tilt=((0.0, 0.0)), pen_inverted=(false)
[AUDIT] _input: ENTER
[AUDIT] _gui_input: ENTER
[ARMTEL],7.91666666666664,L,false,0.01666666666667,0.0,6.98235160265463,-3.70642331198993,-3.27592829066469,-1.11357689398439,0.85423433543209,81.1522721739231,-2.0,78.1808961405135,0.0
[DIAG] _physics_process: ENTER, state=3
[DIAG] _physics_process: camera target set to character (state: 3)
[GLIDE],2.94999999999999,0.85423433543209,0.0,0.42711716771604,-0.85423433543209,7.61723203168893,47.8714305310117,52.8506203563959,3.48259750017097,2.18722721512175,508.463562011719,654.749816894531,26.4
[VERBATIM] DIAGNOSIS turning block executed
[DIAG] _turn_input = 0.5
[ARMTEL],7.93333333333331,L,false,0.01666666666667,0.0,6.83387468345671,-3.89751912894537,-2.93635555451133,-1.16251615322625,0.83485906621165,79.3116213641841,-2.0,75.9452880493521,0.0
[DIAG] _physics_process: ENTER, state=3
[DIAG] _physics_process: camera target set to character (state: 3)
[GLIDE],2.96666666666666,0.83485906621165,0.0,0.41742953310583,-0.83485906621165,7.69395809780186,46.9721547406552,53.6334896020735,3.48382052993478,2.20848290883282,508.566833496094,654.825866699219,26.4
[VERBATIM] DIAGNOSIS turning block executed
[DIAG] _turn_input = 0.5
[DIAG] _poll_controls: ENTER, state=3
[VERBATIM] POLL: _poll_controls() entered, game_state=3
[VERBATIM] POLL: checking deploy state=3 canopy=true
[STEER_TELEM] canopy=true has_pc=false turn=0.0 state=3
[STEER_TELEM] /root/Main children: WorldEnvironment DirectionalLight3D AnimationPlayer HUD @MeshInstance3D@47 @MeshInstance3D@48 @MeshInstance3D@49 @MeshInstance3D@50 @Node3D@51 FlyingPlane @Camera3D@55 @MeshInstance3D@56 @MeshInstance3D@57 @MeshInstance3D@58 @MeshInstance3D@59 @MeshInstance3D@60 @MeshInstance3D@61 @MeshInstance3D@62 @MeshInstance3D@63 @MeshInstance3D@64 @MeshInstance3D@65 @MeshInstance3D@66 @MeshInstance3D@67 @MeshInstance3D@68 @MeshInstance3D@69 @MeshInstance3D@70 @MeshInstance3D@71 @MeshInstance3D@72 @MeshInstance3D@73 @MeshInstance3D@74 @MeshInstance3D@75 @MeshInstance3D@76 @MeshInstance3D@77 @MeshInstance3D@78 @MeshInstance3D@79 @MeshInstance3D@80 @MeshInstance3D@81 @MeshInstance3D@82 @MeshInstance3D@83 @MeshInstance3D@84 @MeshInstance3D@85 @MeshInstance3D@86 @MeshInstance3D@87 @MeshInstance3D@88 @MeshInstance3D@89 @MeshInstance3D@90 @MeshInstance3D@91 @MeshInstance3D@92 @MeshInstance3D@93 @MeshInstance3D@94 @MeshInstance3D@95 @MeshInstance3D@96 @MeshInstance3D@97 @CanvasLayer@99 @HTTPRequest@113 PiPLayer @HTTPRequest@122 OpeningAnimTimer 
[VERBATIM] ENTER _deploy_canopy gate=none
[VERBATIM] EXIT _deploy_canopy early=already_deployed_or_no_canopy
[DEBUG] _input (build_terrain) called, event=InputEventMouseMotion: button_mask=0, position=((69.0, 18.0)), relative=((-1.0, -5.0)), velocity=((-1738.645, -136.4807)), pressure=0.00, tilt=((0.0, 0.0)), pen_inverted=(false)
[AUDIT] _input: ENTER
[AUDIT] _gui_input: ENTER
[ARMTEL],7.94999999999998,L,false,0.01666666666667,0.0,6.67887252969321,-4.06880653629187,-2.61006599340134,-1.20601725311627,0.81475877865971,77.4020938042038,-2.0,73.626023992965,0.0
[DIAG] _physics_process: ENTER, state=3
[DIAG] _physics_process: camera target set to character (state: 3)
[GLIDE],2.98333333333333,0.81475877865971,0.0,0.40737938932986,-0.81475877865971,7.77355523650754,46.0300789221181,54.4006575841088,3.48604794069418,2.22990485752172,508.672180175781,654.901306152344,26.4
[VERBATIM] DIAGNOSIS turning block executed
[DIAG] _turn_input = 0.5
[ARMTEL],7.96666666666664,L,false,0.01666666666667,0.0,6.5180702292777,-4.22106038590694,-2.29700984337076,-1.24430075050578,0.79402043281795,75.4319506989909,-2.0,71.2331378227824,0.0
[DIAG] _physics_process: ENTER, state=3
[DIAG] _physics_process: camera target set to character (state: 3)
[GLIDE],2.99999999999999,0.79402043281795,0.0,0.39701021640897,-0.79402043281795,7.85567908604092,45.0483323840521,55.151463123843,3.48935337549956,2.25132803722302,508.779632568359,654.976135253906,26.4
[VERBATIM] DIAGNOSIS turning block executed
[DIAG] _turn_input = 0.5
[DIAG] _poll_controls: ENTER, state=3
[VERBATIM] POLL: _poll_controls() entered, game_state=3
[VERBATIM] POLL: checking deploy state=3 canopy=true
[STEER_TELEM] canopy=true has_pc=false turn=0.0 state=3
[STEER_TELEM] /root/Main children: WorldEnvironment DirectionalLight3D AnimationPlayer HUD @MeshInstance3D@47 @MeshInstance3D@48 @MeshInstance3D@49 @MeshInstance3D@50 @Node3D@51 FlyingPlane @Camera3D@55 @MeshInstance3D@56 @MeshInstance3D@57 @MeshInstance3D@58 @MeshInstance3D@59 @MeshInstance3D@60 @MeshInstance3D@61 @MeshInstance3D@62 @MeshInstance3D@63 @MeshInstance3D@64 @MeshInstance3D@65 @MeshInstance3D@66 @MeshInstance3D@67 @MeshInstance3D@68 @MeshInstance3D@69 @MeshInstance3D@70 @MeshInstance3D@71 @MeshInstance3D@72 @MeshInstance3D@73 @MeshInstance3D@74 @MeshInstance3D@75 @MeshInstance3D@76 @MeshInstance3D@77 @MeshInstance3D@78 @MeshInstance3D@79 @MeshInstance3D@80 @MeshInstance3D@81 @MeshInstance3D@82 @MeshInstance3D@83 @MeshInstance3D@84 @MeshInstance3D@85 @MeshInstance3D@86 @MeshInstance3D@87 @MeshInstance3D@88 @MeshInstance3D@89 @MeshInstance3D@90 @MeshInstance3D@91 @MeshInstance3D@92 @MeshInstance3D@93 @MeshInstance3D@94 @MeshInstance3D@95 @MeshInstance3D@96 @MeshInstance3D@97 @CanvasLayer@99 @HTTPRequest@113 PiPLayer @HTTPRequest@122 OpeningAnimTimer 
[VERBATIM] ENTER _deploy_canopy gate=none
[VERBATIM] EXIT _deploy_canopy early=already_deployed_or_no_canopy
[DEBUG] _input (build_terrain) called, event=InputEventMouseMotion: button_mask=0, position=((39.0, 4.0)), relative=((-30.0, -14.0)), velocity=((-1738.645, -136.4807)), pressure=0.00, tilt=((0.0, 0.0)), pen_inverted=(false)
[AUDIT] _input: ENTER
[AUDIT] _gui_input: ENTER
[ARMTEL],7.98333333333331,L,false,0.01666666666667,0.0,6.3521634625436,-4.35505262677024,-1.99711083577336,-1.27758593110201,0.77272733396625,73.4091060511398,-2.0,68.7762416869317,0.0
[DIAG] _physics_process: ENTER, state=3
[DIAG] _physics_process: camera target set to character (state: 3)
[GLIDE],3.01666666666666,0.77272733396625,0.0,0.38636366698312,-0.77272733396625,7.93999975749365,44.0300042089791,55.885296527326,3.4937945011,2.27260067957454,508.889190673828,655.050354003906,26.4
[VERBATIM] DIAGNOSIS turning block executed
[DIAG] _turn_input = 0.5
