[ARMTEL],65.5166666666642,R,false,0.01666666666667,0.0,3.73735733314095,1.17720662307335,-4.9145639562143,0.25443535017929,0.47141025581227,44.7839799905791,-2.0,34.0088848950276,0.0
[DIAG] _physics_process: ENTER, state=3
[DIAG] _physics_process: camera target set to character (state: 3)
[GLIDE],40.499999999999,0.53233718742777,0.47141025581227,0.50187372162002,-0.06092693161549,7.02516012476944,3.30931695898208,62.9101552958873,3.50517635855031,2.00422444012915,413.745178222656,253.17822265625,58.8
[VERBATIM] DIAGNOSIS turning block executed
[DIAG] _turn_input = 0.0
[DIAG] _poll_controls: ENTER, state=3
[VERBATIM] POLL: _poll_controls() entered, game_state=3
[VERBATIM] POLL: checking deploy state=3 canopy=true
[STEER_TELEM] canopy=true has_pc=false turn=0.0 state=3
[STEER_TELEM] /root/Main children: WorldEnvironment DirectionalLight3D AnimationPlayer HUD @MeshInstance3D@165 @MeshInstance3D@166 @MeshInstance3D@167 @MeshInstance3D@168 @Node3D@169 FlyingPlane @Camera3D@173 @MeshInstance3D@174 @MeshInstance3D@175 @MeshInstance3D@176 @MeshInstance3D@177 @MeshInstance3D@178 @MeshInstance3D@179 @MeshInstance3D@180 @MeshInstance3D@181 @MeshInstance3D@182 @MeshInstance3D@183 @MeshInstance3D@184 @MeshInstance3D@185 @MeshInstance3D@186 @MeshInstance3D@187 @MeshInstance3D@188 @MeshInstance3D@189 @MeshInstance3D@190 @MeshInstance3D@191 @MeshInstance3D@192 @MeshInstance3D@193 @MeshInstance3D@194 @MeshInstance3D@195 @MeshInstance3D@196 @MeshInstance3D@197 @MeshInstance3D@198 @MeshInstance3D@199 @MeshInstance3D@200 @MeshInstance3D@201 @MeshInstance3D@202 @MeshInstance3D@203 @MeshInstance3D@204 @MeshInstance3D@205 @MeshInstance3D@206 @MeshInstance3D@207 @MeshInstance3D@208 @MeshInstance3D@209 @MeshInstance3D@210 @MeshInstance3D@211 @MeshInstance3D@212 @MeshInstance3D@213 @MeshInstance3D@214 @MeshInstance3D@215 @CanvasLayer@217 @HTTPRequest@231 PiPLayer @HTTPRequest@240 OpeningAnimTimer 
[VERBATIM] ENTER _deploy_canopy gate=none
[VERBATIM] EXIT _deploy_canopy early=already_deployed_or_no_canopy
[ARMTEL],65.5333333333309,L,false,0.01666666666667,0.0,4.25869749942214,0.64120192622922,-4.89989942565136,0.10153555992368,0.53402944675983,50.7328038862101,-2.0,41.2341764949332,0.0
[ARMTEL],65.5333333333309,R,false,0.01666666666667,0.0,3.77128204649819,0.89052372562752,-4.66180577212571,0.17673858731053,0.47435589893412,45.0638161226986,-2.0,34.3487668095415,0.0
[DIAG] _physics_process: ENTER, state=3
[DIAG] _physics_process: camera target set to character (state: 3)
[GLIDE],40.5166666666656,0.53402944675983,0.47435589893412,0.50419267284697,-0.05967354782571,7.00679403105198,3.2380467061128,62.9641227409891,3.50682307219105,1.99804606243627,413.849182128906,253.231307983398,58.8
[VERBATIM] DIAGNOSIS turning block executed
[DIAG] _turn_input = 0.0
[ARMTEL],65.5499999999976,L,false,0.01666666666667,0.0,4.27223557407863,0.3553744597329,-4.62761003381152,0.02440872602683,0.53443625886028,50.7714510406615,-2.0,41.2811163548646,0.0
[ARMTEL],65.5499999999976,R,false,0.01666666666667,0.0,3.79484719147292,0.61858505558685,-4.41343224705978,0.10318138319287,0.476075588654,45.2271866668385,-2.0,34.5471925556982,0.0
[DIAG] _physics_process: ENTER, state=3
[DIAG] _physics_process: camera target set to character (state: 3)
[GLIDE],40.5333333333323,0.53443625886028,0.476075588654,0.50525592375714,-0.05836067020628,6.99837308384348,3.16537543009657,63.0168789981574,3.50759786941442,1.99520393853239,413.953125,253.284225463867,58.8
[VERBATIM] DIAGNOSIS turning block executed
[DIAG] _turn_input = 0.0
[DIAG] _poll_controls: ENTER, state=3
[VERBATIM] POLL: _poll_controls() entered, game_state=3
[VERBATIM] POLL: checking deploy state=3 canopy=true
[STEER_TELEM] canopy=true has_pc=false turn=0.0 state=3
[STEER_TELEM] /root/Main children: WorldEnvironment DirectionalLight3D AnimationPlayer HUD @MeshInstance3D@165 @MeshInstance3D@166 @MeshInstance3D@167 @MeshInstance3D@168 @Node3D@169 FlyingPlane @Camera3D@173 @MeshInstance3D@174 @MeshInstance3D@175 @MeshInstance3D@176 @MeshInstance3D@177 @MeshInstance3D@178 @MeshInstance3D@179 @MeshInstance3D@180 @MeshInstance3D@181 @MeshInstance3D@182 @MeshInstance3D@183 @MeshInstance3D@184 @MeshInstance3D@185 @MeshInstance3D@186 @MeshInstance3D@187 @MeshInstance3D@188 @MeshInstance3D@189 @MeshInstance3D@190 @MeshInstance3D@191 @MeshInstance3D@192 @MeshInstance3D@193 @MeshInstance3D@194 @MeshInstance3D@195 @MeshInstance3D@196 @MeshInstance3D@197 @MeshInstance3D@198 @MeshInstance3D@199 @MeshInstance3D@200 @MeshInstance3D@201 @MeshInstance3D@202 @MeshInstance3D@203 @MeshInstance3D@204 @MeshInstance3D@205 @MeshInstance3D@206 @MeshInstance3D@207 @MeshInstance3D@208 @MeshInstance3D@209 @MeshInstance3D@210 @MeshInstance3D@211 @MeshInstance3D@212 @MeshInstance3D@213 @MeshInstance3D@214 @MeshInstance3D@215 @CanvasLayer@217 @HTTPRequest@231 PiPLayer @HTTPRequest@240 OpeningAnimTimer 
[VERBATIM] ENTER _deploy_canopy gate=none
[VERBATIM] EXIT _deploy_canopy early=already_deployed_or_no_canopy
[ARMTEL],65.5666666666642,L,false,0.01666666666667,0.0,4.2754900708822,0.08543054109389,-4.36092061197609,-0.04827328417278,0.53363170412406,50.6950183310129,-2.0,41.1882831117444,0.0
[ARMTEL],65.5666666666642,R,false,0.01666666666667,0.0,3.80860470923197,0.36113484117503,-4.16973955040701,0.03368572401942,0.47663701738765,45.2805224033105,-2.0,34.6119727972161,0.0
[DIAG] _physics_process: ENTER, state=3
[DIAG] _physics_process: camera target set to character (state: 3)
[GLIDE],40.549999999999,0.53363170412406,0.47663701738765,0.50513436075586,-0.05699468673641,6.9993358628136,3.09144677934886,63.0684031111466,3.50750865540241,1.99552917767799,414.05712890625,253.337066650391,58.8
[VERBATIM] DIAGNOSIS turning block executed
[DIAG] _turn_input = 0.0
[ARMTEL],65.5833333333309,L,false,0.01666666666667,0.0,4.2690536329925,-0.16895649460472,-4.10009713838778,-0.11660823647924,0.53168823351608,50.5103885998026,-2.0,40.9640364926798,0.0
[ARMTEL],65.5833333333309,R,false,0.01666666666667,0.0,3.81309613910123,0.11790003406796,-3.93099617316919,-0.03183087886674,0.47610650273987,45.2301235053699,-2.0,34.5507595657735,0.0
[DIAG] _physics_process: ENTER, state=3
[DIAG] _physics_process: camera target set to character (state: 3)
[GLIDE],40.5666666666656,0.53168823351608,0.47610650273987,0.50389736812797,-0.0555817307762,7.00913284442644,3.01639226359088,63.1186763155398,3.50661008966614,1.99883439139188,414.161315917969,253.389892578125,58.8
[VERBATIM] DIAGNOSIS turning block executed
[DIAG] _turn_input = 0.0
[DIAG] _poll_controls: ENTER, state=3
[VERBATIM] POLL: _poll_controls() entered, game_state=3
[VERBATIM] POLL: checking deploy state=3 canopy=true
[STEER_TELEM] canopy=true has_pc=false turn=0.0 state=3
[STEER_TELEM] /root/Main children: WorldEnvironment DirectionalLight3D AnimationPlayer HUD @MeshInstance3D@165 @MeshInstance3D@166 @MeshInstance3D@167 @MeshInstance3D@168 @Node3D@169 FlyingPlane @Camera3D@173 @MeshInstance3D@174 @MeshInstance3D@175 @MeshInstance3D@176 @MeshInstance3D@177 @MeshInstance3D@178 @MeshInstance3D@179 @MeshInstance3D@180 @MeshInstance3D@181 @MeshInstance3D@182 @MeshInstance3D@183 @MeshInstance3D@184 @MeshInstance3D@185 @MeshInstance3D@186 @MeshInstance3D@187 @MeshInstance3D@188 @MeshInstance3D@189 @MeshInstance3D@190 @MeshInstance3D@191 @MeshInstance3D@192 @MeshInstance3D@193 @MeshInstance3D@194 @MeshInstance3D@195 @MeshInstance3D@196 @MeshInstance3D@197 @MeshInstance3D@198 @MeshInstance3D@199 @MeshInstance3D@200 @MeshInstance3D@201 @MeshInstance3D@202 @MeshInstance3D@203 @MeshInstance3D@204 @MeshInstance3D@205 @MeshInstance3D@206 @MeshInstance3D@207 @MeshInstance3D@208 @MeshInstance3D@209 @MeshInstance3D@210 @MeshInstance3D@211 @MeshInstance3D@212 @MeshInstance3D@213 @MeshInstance3D@214 @MeshInstance3D@215 @CanvasLayer@217 @HTTPRequest@231 PiPLayer @HTTPRequest@240 OpeningAnimTimer 
[VERBATIM] ENTER _deploy_canopy gate=none
[VERBATIM] EXIT _deploy_canopy early=already_deployed_or_no_canopy
[ARMTEL],65.5999999999976,L,false,0.01666666666667,0.0,4.2535058681286,-0.40812882767734,-3.84537704045127,-0.18069785382009,0.52867660261907,50.2242836282467,-2.0,40.6165406037542,0.0
[ARMTEL],65.5999999999976,R,false,0.01666666666667,0.0,3.808852021919,-0.11140807603358,-3.69744394588542,-0.09345494463149,0.47454892032935,45.082153157575,-2.0,34.3710385100295,0.0
[DIAG] _physics_process: ENTER, state=3
[DIAG] _physics_process: camera target set to character (state: 3)
[GLIDE],40.5833333333323,0.52867660261907,0.47454892032935,0.50161276147421,-0.05412768228972,7.02722692912424,2.94033359378238,63.1676818754361,3.50499474272587,2.00491796562842,414.265838623047,253.442764282227,58.8
[VERBATIM] DIAGNOSIS turning block executed
[DIAG] _turn_input = 0.0
[ARMTEL],65.6166666666642,L,false,0.01666666666667,0.0,4.22941282095259,-0.63244248837033,-3.59697033258226,-0.24064735936313,0.52466581329635,49.8432585941911,-2.0,40.1537571987961,0.0
[ARMTEL],65.6166666666642,R,false,0.01666666666667,0.0,3.7963913626348,-0.32709230621023,-3.46929905642457,-0.1512765955719,0.47202764373648,44.8426318508291,-2.0,34.0801219665257,0.0
[DIAG] _physics_process: ENTER, state=3
[DIAG] _physics_process: camera target set to character (state: 3)
[GLIDE],40.599999999999,0.52466581329635,0.47202764373648,0.49834672851642,-0.05263816955987,7.05309391014996,2.86338471378142,63.2154049539991,3.50278478254681,2.01356758922019,414.370788574219,253.495742797852,58.8
[VERBATIM] DIAGNOSIS turning block executed
[DIAG] _turn_input = 0.0
[DIAG] _poll_controls: ENTER, state=3
[VERBATIM] POLL: _poll_controls() entered, game_state=3
[VERBATIM] POLL: checking deploy state=3 canopy=true
[STEER_TELEM] canopy=true has_pc=false turn=0.0 state=3
[STEER_TELEM] /root/Main children: WorldEnvironment DirectionalLight3D AnimationPlayer HUD @MeshInstance3D@165 @MeshInstance3D@166 @MeshInstance3D@167 @MeshInstance3D@168 @Node3D@169 FlyingPlane @Camera3D@173 @MeshInstance3D@174 @MeshInstance3D@175 @MeshInstance3D@176 @MeshInstance3D@177 @MeshInstance3D@178 @MeshInstance3D@179 @MeshInstance3D@180 @MeshInstance3D@181 @MeshInstance3D@182 @MeshInstance3D@183 @MeshInstance3D@184 @MeshInstance3D@185 @MeshInstance3D@186 @MeshInstance3D@187 @MeshInstance3D@188 @MeshInstance3D@189 @MeshInstance3D@190 @MeshInstance3D@191 @MeshInstance3D@192 @MeshInstance3D@193 @MeshInstance3D@194 @MeshInstance3D@195 @MeshInstance3D@196 @MeshInstance3D@197 @MeshInstance3D@198 @MeshInstance3D@199 @MeshInstance3D@200 @MeshInstance3D@201 @MeshInstance3D@202 @MeshInstance3D@203 @MeshInstance3D@204 @MeshInstance3D@205 @MeshInstance3D@206 @MeshInstance3D@207 @MeshInstance3D@208 @MeshInstance3D@209 @MeshInstance3D@210 @MeshInstance3D@211 @MeshInstance3D@212 @MeshInstance3D@213 @MeshInstance3D@214 @MeshInstance3D@215 @CanvasLayer@217 @HTTPRequest@231 PiPLayer @HTTPRequest@240 OpeningAnimTimer 
[VERBATIM] ENTER _deploy_canopy gate=none
[VERBATIM] EXIT _deploy_canopy early=already_deployed_or_no_canopy
[ARMTEL],65.6333333333309,L,false,0.01666666666667,0.0,4.19732650637084,-0.84226575777096,-3.35506074859988,-0.29656503850646,0.51972306265458,49.3736972235793,-2.0,39.5834397904739,0.0
[ARMTEL],65.6333333333309,R,false,0.01666666666667,0.0,3.77622114989188,-0.52946808450166,-3.24675306539022,-0.20538914666174,0.46860449129212,44.5174323273082,-2.0,33.6851428199225,0.0
[DIAG] _physics_process: ENTER, state=3
[DIAG] _physics_process: camera target set to character (state: 3)
[GLIDE],40.6166666666656,0.51972306265458,0.46860449129212,0.49416377697335,-0.05111857136246,7.08622288637106,2.78565354510305,63.2618325130842,3.50012428647632,2.02456321729791,414.476257324219,253.548873901367,58.8
[VERBATIM] DIAGNOSIS turning block executed
[DIAG] _turn_input = 0.0
[ARMTEL],65.6499999999976,L,false,0.01666666666667,0.0,4.15778450123664,-1.03797763477262,-3.11980686646403,-0.3485618196142,0.51391369899434,48.8218076057564,-2.0,38.9131285676691,0.0
[ARMTEL],65.6499999999976,R,false,0.01666666666667,0.0,3.74883593033698,-0.71886201331609,-3.02997391702089,-0.25588871194542,0.46433967942637,44.1122751485987,-2.0,33.193049120171,0.0
[DIAG] _physics_process: ENTER, state=3
[DIAG] _physics_process: camera target set to character (state: 3)
[GLIDE],40.6333333333323,0.51391369899434,0.46433967942637,0.48912668921035,-0.04957401956798,7.12611662145399,2.70724346619269,63.3069532375207,3.49717224506911,2.0376796228729,414.582366943359,253.60221862793,58.8
[VERBATIM] DIAGNOSIS turning block executed
[DIAG] _turn_input = 0.0
[DIAG] _poll_controls: ENTER, state=3
[VERBATIM] POLL: _poll_controls() entered, game_state=3
[VERBATIM] POLL: checking deploy state=3 canopy=true
[STEER_TELEM] canopy=true has_pc=false turn=0.0 state=3
[STEER_TELEM] /root/Main children: WorldEnvironment DirectionalLight3D AnimationPlayer HUD @MeshInstance3D@165 @MeshInstance3D@166 @MeshInstance3D@167 @MeshInstance3D@168 @Node3D@169 FlyingPlane @Camera3D@173 @MeshInstance3D@174 @MeshInstance3D@175 @MeshInstance3D@176 @MeshInstance3D@177 @MeshInstance3D@178 @MeshInstance3D@179 @MeshInstance3D@180 @MeshInstance3D@181 @MeshInstance3D@182 @MeshInstance3D@183 @MeshInstance3D@184 @MeshInstance3D@185 @MeshInstance3D@186 @MeshInstance3D@187 @MeshInstance3D@188 @MeshInstance3D@189 @MeshInstance3D@190 @MeshInstance3D@191 @MeshInstance3D@192 @MeshInstance3D@193 @MeshInstance3D@194 @MeshInstance3D@195 @MeshInstance3D@196 @MeshInstance3D@197 @MeshInstance3D@198 @MeshInstance3D@199 @MeshInstance3D@200 @MeshInstance3D@201 @MeshInstance3D@202 @MeshInstance3D@203 @MeshInstance3D@204 @MeshInstance3D@205 @MeshInstance3D@206 @MeshInstance3D@207 @MeshInstance3D@208 @MeshInstance3D@209 @MeshInstance3D@210 @MeshInstance3D@211 @MeshInstance3D@212 @MeshInstance3D@213 @MeshInstance3D@214 @MeshInstance3D@215 @CanvasLayer@217 @HTTPRequest@231 PiPLayer @HTTPRequest@240 OpeningAnimTimer 
[VERBATIM] ENTER _deploy_canopy gate=none
[VERBATIM] EXIT _deploy_canopy early=already_deployed_or_no_canopy
[ARMTEL],65.6666666666642,L,false,0.01666666666667,0.0,4.11130959195475,-1.21996636864969,-2.89134322330506,-0.39675087333595,0.50730118443874,48.1936186431826,-2.0,38.1501460833883,0.0
[ARMTEL],65.6666666666642,R,false,0.01666666666667,0.0,3.71471743541092,-0.89561049180897,-2.81910694360195,-0.30287382767212,0.4592917822985,43.6327248605392,-2.0,32.6105994244264,0.0
[DIAG] _physics_process: ENTER, state=3
[DIAG] _physics_process: camera target set to character (state: 3)
[GLIDE],40.649999999999,0.50730118443874,0.4592917822985,0.48329648336862,-0.04800940214025,7.17229185172052,2.62825454747906,63.3507574799787,3.49409629823119,2.05268866097117,414.689208984375,253.655838012695,58.8
[VERBATIM] DIAGNOSIS turning block executed
[DIAG] _turn_input = 0.0
[ARMTEL],65.6833333333309,L,false,0.01666666666667,0.0,4.05840947550996,-1.38862805667582,-2.66978141883414,-0.44124723031652,0.49994706393347,47.4949771064407,-2.0,37.3015936778492,0.0
[ARMTEL],65.6833333333309,R,false,0.01666666666667,0.0,3.67433425838797,-1.06005839685242,-2.61427586153555,-0.34644509203105,0.45351769743131,43.084186728482,-2.0,31.9443588317788,0.0
[DIAG] _physics_process: ENTER, state=3
[DIAG] _physics_process: camera target set to character (state: 3)
[GLIDE],40.6666666666656,0.49994706393347,0.45351769743131,0.47673238068239,-0.04642936650216,7.22427954499546,2.54878456314903,63.3932372226979,3.49106722160104,2.06936134036466,414.796875,253.709762573242,58.8
[VERBATIM] DIAGNOSIS turning block executed
[DIAG] _turn_input = 0.0
[DIAG] _poll_controls: ENTER, state=3
[VERBATIM] POLL: _poll_controls() entered, game_state=3
[VERBATIM] POLL: checking deploy state=3 canopy=true
[STEER_TELEM] canopy=true has_pc=false turn=0.0 state=3
[STEER_TELEM] /root/Main children: WorldEnvironment DirectionalLight3D AnimationPlayer HUD @MeshInstance3D@165 @MeshInstance3D@166 @MeshInstance3D@167 @MeshInstance3D@168 @Node3D@169 FlyingPlane @Camera3D@173 @MeshInstance3D@174 @MeshInstance3D@175 @MeshInstance3D@176 @MeshInstance3D@177 @MeshInstance3D@178 @MeshInstance3D@179 @MeshInstance3D@180 @MeshInstance3D@181 @MeshInstance3D@182 @MeshInstance3D@183 @MeshInstance3D@184 @MeshInstance3D@185 @MeshInstance3D@186 @MeshInstance3D@187 @MeshInstance3D@188 @MeshInstance3D@189 @MeshInstance3D@190 @MeshInstance3D@191 @MeshInstance3D@192 @MeshInstance3D@193 @MeshInstance3D@194 @MeshInstance3D@195 @MeshInstance3D@196 @MeshInstance3D@197 @MeshInstance3D@198 @MeshInstance3D@199 @MeshInstance3D@200 @MeshInstance3D@201 @MeshInstance3D@202 @MeshInstance3D@203 @MeshInstance3D@204 @MeshInstance3D@205 @MeshInstance3D@206 @MeshInstance3D@207 @MeshInstance3D@208 @MeshInstance3D@209 @MeshInstance3D@210 @MeshInstance3D@211 @MeshInstance3D@212 @MeshInstance3D@213 @MeshInstance3D@214 @MeshInstance3D@215 @CanvasLayer@217 @HTTPRequest@231 PiPLayer @HTTPRequest@240 OpeningAnimTimer 
[VERBATIM] ENTER _deploy_canopy gate=none
[VERBATIM] EXIT _deploy_canopy early=already_deployed_or_no_canopy
[ARMTEL],65.6999999999976,L,false,0.01666666666667,0.0,3.99957651146776,-1.54436530610781,-2.45521120535995,-0.48216741707252,0.49191094031559,46.7315452657723,-2.0,36.3743486018042,0.0
[ARMTEL],65.6999999999976,R,false,0.01666666666667,0.0,3.6281415794505,-1.21255782210866,-2.41558375734184,-0.38670482132008,0.44707261707598,42.4719040169537,-2.0,31.2006956791981,0.0
[DIAG] _physics_process: ENTER, state=3
[DIAG] _physics_process: camera target set to character (state: 3)
[GLIDE],40.6833333333323,0.49191094031559,0.44707261707598,0.46949177869579,-0.04483832323962,7.28162511272937,2.46892980011594,63.4343860526998,3.48825416196238,2.08746976987278,414.905426025391,253.764038085938,58.8
[VERBATIM] DIAGNOSIS turning block executed
[DIAG] _turn_input = 0.0
[ARMTEL],65.7166666666642,L,false,0.01666666666667,0.0,3.93528752252475,-1.6875859597538,-2.24770156277095,-0.51962910978536,0.4832504551525,45.9087990707745,-2.0,35.3750618056464,0.0
[ARMTEL],65.7166666666642,R,false,0.01666666666667,0.0,3.57658093660782,-1.35346687462027,-2.22311406198755,-0.4237567223532,0.44001000503676,41.8009557880046,-2.0,30.3857788674637,0.0
[DIAG] _physics_process: ENTER, state=3
[DIAG] _physics_process: camera target set to character (state: 3)
[GLIDE],40.699999999999,0.4832504551525,0.44001000503676,0.46163023009463,-0.04324045011575,7.34388857765052,2.38878568405342,63.474199147434,3.48582060461612,2.10678902061837,415.014953613281,253.818695068359,58.8
[VERBATIM] DIAGNOSIS turning block executed
[DIAG] _turn_input = 0.0
[DIAG] _poll_controls: ENTER, state=3
[VERBATIM] POLL: _poll_controls() entered, game_state=3
[VERBATIM] POLL: checking deploy state=3 canopy=true
[STEER_TELEM] canopy=true has_pc=false turn=0.0 state=3
[STEER_TELEM] /root/Main children: WorldEnvironment DirectionalLight3D AnimationPlayer HUD @MeshInstance3D@165 @MeshInstance3D@166 @MeshInstance3D@167 @MeshInstance3D@168 @Node3D@169 FlyingPlane @Camera3D@173 @MeshInstance3D@174 @MeshInstance3D@175 @MeshInstance3D@176 @MeshInstance3D@177 @MeshInstance3D@178 @MeshInstance3D@179 @MeshInstance3D@180 @MeshInstance3D@181 @MeshInstance3D@182 @MeshInstance3D@183 @MeshInstance3D@184 @MeshInstance3D@185 @MeshInstance3D@186 @MeshInstance3D@187 @MeshInstance3D@188 @MeshInstance3D@189 @MeshInstance3D@190 @MeshInstance3D@191 @MeshInstance3D@192 @MeshInstance3D@193 @MeshInstance3D@194 @MeshInstance3D@195 @MeshInstance3D@196 @MeshInstance3D@197 @MeshInstance3D@198 @MeshInstance3D@199 @MeshInstance3D@200 @MeshInstance3D@201 @MeshInstance3D@202 @MeshInstance3D@203 @MeshInstance3D@204 @MeshInstance3D@205 @MeshInstance3D@206 @MeshInstance3D@207 @MeshInstance3D@208 @MeshInstance3D@209 @MeshInstance3D@210 @MeshInstance3D@211 @MeshInstance3D@212 @MeshInstance3D@213 @MeshInstance3D@214 @MeshInstance3D@215 @CanvasLayer@217 @HTTPRequest@231 PiPLayer @HTTPRequest@240 OpeningAnimTimer 
[VERBATIM] ENTER _deploy_canopy gate=none
[VERBATIM] EXIT _deploy_canopy early=already_deployed_or_no_canopy
[ARMTEL],65.7333333333309,L,false,0.01666666666667,0.0,3.86600364122004,-1.81870188424878,-2.04730175697126,-0.55375080573489,0.47402127505692,45.0320268503276,-2.0,34.3101563603738,0.0
[ARMTEL],65.7333333333309,R,false,0.01666666666667,0.0,3.52008004029406,-1.48314852823621,-2.03693151205785,-0.4577055808875,0.43238157868863,41.0762551928821,-2.0,29.5055757862746,0.0
[DIAG] _physics_process: ENTER, state=3
[DIAG] _physics_process: camera target set to character (state: 3)
[GLIDE],40.7166666666656,0.47402127505692,0.43238157868863,0.45320142687278,-0.04163969636829,7.4106446991676,2.30844724166006,63.5126732681284,3.48392104283413,2.12709892332667,415.12548828125,253.873779296875,58.8
[VERBATIM] DIAGNOSIS turning block executed
[DIAG] _turn_input = 0.0
[ARMTEL],65.7499999999976,L,false,0.01666666666667,0.0,3.79217020045539,-1.9381278200721,-1.85404238038329,-0.58465151207461,0.46427708318901,44.1063285052949,-2.0,33.185826477063,0.0
[ARMTEL],65.7499999999976,R,false,0.01666666666667,0.0,3.45905262950906,-1.60196953310625,-1.85708309640281,-0.48865696582755,0.42423729592484,40.3025482320464,-2.0,28.5658508081961,0.0
[DIAG] _physics_process: ENTER, state=3
[DIAG] _physics_process: camera target set to character (state: 3)
[GLIDE],40.7333333333323,0.46427708318901,0.42423729592484,0.44425718955693,-0.04003978726417,7.48148305870914,2.22800941752328,63.5498067584204,3.48269830954012,2.14818580128379,415.237121582031,253.929321289062,58.8
[VERBATIM] DIAGNOSIS turning block executed
[DIAG] _turn_input = 0.0
[DIAG] _poll_controls: ENTER, state=3
[VERBATIM] POLL: _poll_controls() entered, game_state=3
[VERBATIM] POLL: checking deploy state=3 canopy=true
[STEER_TELEM] canopy=true has_pc=false turn=0.0 state=3
[STEER_TELEM] /root/Main children: WorldEnvironment DirectionalLight3D AnimationPlayer HUD @MeshInstance3D@165 @MeshInstance3D@166 @MeshInstance3D@167 @MeshInstance3D@168 @Node3D@169 FlyingPlane @Camera3D@173 @MeshInstance3D@174 @MeshInstance3D@175 @MeshInstance3D@176 @MeshInstance3D@177 @MeshInstance3D@178 @MeshInstance3D@179 @MeshInstance3D@180 @MeshInstance3D@181 @MeshInstance3D@182 @MeshInstance3D@183 @MeshInstance3D@184 @MeshInstance3D@185 @MeshInstance3D@186 @MeshInstance3D@187 @MeshInstance3D@188 @MeshInstance3D@189 @MeshInstance3D@190 @MeshInstance3D@191 @MeshInstance3D@192 @MeshInstance3D@193 @MeshInstance3D@194 @MeshInstance3D@195 @MeshInstance3D@196 @MeshInstance3D@197 @MeshInstance3D@198 @MeshInstance3D@199 @MeshInstance3D@200 @MeshInstance3D@201 @MeshInstance3D@202 @MeshInstance3D@203 @MeshInstance3D@204 @MeshInstance3D@205 @MeshInstance3D@206 @MeshInstance3D@207 @MeshInstance3D@208 @MeshInstance3D@209 @MeshInstance3D@210 @MeshInstance3D@211 @MeshInstance3D@212 @MeshInstance3D@213 @MeshInstance3D@214 @MeshInstance3D@215 @CanvasLayer@217 @HTTPRequest@231 PiPLayer @HTTPRequest@240 OpeningAnimTimer 
[VERBATIM] ENTER _deploy_canopy gate=none
[VERBATIM] EXIT _deploy_canopy early=already_deployed_or_no_canopy
[ARMTEL],65.7666666666642,L,false,0.01666666666667,0.0,3.71421666551211,-2.04628029226112,-1.66793637325098,-0.61245045162879,0.45406957566187,43.136615167044,-2.0,32.0080370921182,0.0
[ARMTEL],65.7666666666642,R,false,0.01666666666667,0.0,3.39389836739872,-1.71029938039642,-1.68359898700231,-0.51671694894425,0.41562534677577,39.484412958966,-2.0,27.5721643216091,0.0
[DIAG] _physics_process: ENTER, state=3
[DIAG] _physics_process: camera target set to character (state: 3)
[GLIDE],40.749999999999,0.45406957566187,0.41562534677577,0.43484746121882,-0.0384442288861,7.55600810714696,2.14756726308257,63.5855995461385,3.48228152394685,2.16984412523399,415.349914550781,253.9853515625,58.8
[VERBATIM] DIAGNOSIS turning block executed
[DIAG] _turn_input = 0.0
[ARMTEL],65.7833333333309,L,false,0.01666666666667,0.0,3.63255660529493,-2.14357658070077,-1.48898002459417,-0.63726678537203,0.44344846257233,42.1276092953755,-2.0,30.7825239862122,0.0
[ARMTEL],65.7833333333309,R,false,0.01666666666667,0.0,3.32500277420616,-1.80850932130488,-1.51649345290127,-0.54199183982594,0.40659214944534,38.6262591035731,-2.0,26.529872273369,0.0
[DIAG] _physics_process: ENTER, state=3
[DIAG] _physics_process: camera target set to character (state: 3)
[GLIDE],40.7666666666656,0.44344846257233,0.40659214944534,0.42502030600884,-0.036856313127,7.63383917641003,2.06721601426619,63.6200531463762,3.48278460074395,2.19187806641254,415.463897705078,254.041885375977,58.8
[VERBATIM] DIAGNOSIS turning block executed
[DIAG] _turn_input = 0.0
[DIAG] _poll_controls: ENTER, state=3
[VERBATIM] POLL: _poll_controls() entered, game_state=3
[VERBATIM] POLL: checking deploy state=3 canopy=true
[STEER_TELEM] canopy=true has_pc=false turn=0.0 state=3
[STEER_TELEM] /root/Main children: WorldEnvironment DirectionalLight3D AnimationPlayer HUD @MeshInstance3D@165 @MeshInstance3D@166 @MeshInstance3D@167 @MeshInstance3D@168 @Node3D@169 FlyingPlane @Camera3D@173 @MeshInstance3D@174 @MeshInstance3D@175 @MeshInstance3D@176 @MeshInstance3D@177 @MeshInstance3D@178 @MeshInstance3D@179 @MeshInstance3D@180 @MeshInstance3D@181 @MeshInstance3D@182 @MeshInstance3D@183 @MeshInstance3D@184 @MeshInstance3D@185 @MeshInstance3D@186 @MeshInstance3D@187 @MeshInstance3D@188 @MeshInstance3D@189 @MeshInstance3D@190 @MeshInstance3D@191 @MeshInstance3D@192 @MeshInstance3D@193 @MeshInstance3D@194 @MeshInstance3D@195 @MeshInstance3D@196 @MeshInstance3D@197 @MeshInstance3D@198 @MeshInstance3D@199 @MeshInstance3D@200 @MeshInstance3D@201 @MeshInstance3D@202 @MeshInstance3D@203 @MeshInstance3D@204 @MeshInstance3D@205 @MeshInstance3D@206 @MeshInstance3D@207 @MeshInstance3D@208 @MeshInstance3D@209 @MeshInstance3D@210 @MeshInstance3D@211 @MeshInstance3D@212 @MeshInstance3D@213 @MeshInstance3D@214 @MeshInstance3D@215 @CanvasLayer@217 @HTTPRequest@231 PiPLayer @HTTPRequest@240 OpeningAnimTimer 
[VERBATIM] ENTER _deploy_canopy gate=none
[VERBATIM] EXIT _deploy_canopy early=already_deployed_or_no_canopy
[DEBUG] _input (build_terrain) called, event=InputEventKey: keycode=69 (E), mods=none, physical=false, location=unspecified, pressed=true, echo=false
[VERBATIM] INPUT: action=turn_right (E)
[AUDIT] _input: ENTER
2026-08-05T15:43:52 [INFO] InputManager ready
2026-08-05T15:43:52 [INFO] InputMap.has_action('restart') = true
[INPUT] unhandled_input triggered
2026-08-05T15:43:52 [INFO] InputManager: key=E code=69
[ARMTEL],65.7999999999976,L,false,0.01666666666667,0.0,3.54758770057866,-2.23043374880209,-1.31715395177657,-0.65921935123497,0.43246147338508,41.083845190009,-2.0,29.5147944055255,0.0
[ARMTEL],65.7999999999976,R,true,0.01666666666667,5.04791666666667,3.2527371955627,-1.89697143939079,3.69215091049476,-0.48045599131769,0.39858454959004,37.865537020694,-2.0,25.6059184008522,0.01666666666667
[CTRL] pressed=turnright  key=E  state=3  deployed=true  alt_m=35.8
[DIAG] _physics_process: ENTER, state=3
[DIAG] _physics_process: camera target set to character (state: 3)
[GLIDE],40.7833333333323,0.43246147338508,0.39858454959004,0.41552301148756,-0.03387692379504,7.7090577490185,1.90752628277255,63.6518452510891,3.48416849184217,2.21259613795041,415.579040527344,254.098907470703,58.8
[VERBATIM] DIAGNOSIS turning block executed
[DIAG] _turn_input = 1.0
[ARMTEL],65.8166666666642,L,false,0.01666666666667,0.0,3.45969178708067,-2.30726772932239,-1.15242405775828,-0.67842641886427,0.42115436640401,40.0096698903666,-2.0,28.2101281545994,0.0
[ARMTEL],65.8166666666642,R,true,0.01666666666667,5.09583333333333,3.18867639672034,-1.68159596961193,3.58875290622493,-0.42064344288061,0.39157382554203,37.199518151536,-2.0,24.7969886653056,0.03333333333333
[DIAG] _physics_process: ENTER, state=3
[DIAG] _physics_process: camera target set to character (state: 3)
[GLIDE],40.799999999999,0.42115436640401,0.39157382554203,0.40636409597302,-0.02958054086198,7.78159635989366,1.67185549003215,63.6797095092563,3.48632667001874,2.23203305267198,415.695281982422,254.15641784668,58.8
[VERBATIM] DIAGNOSIS turning block executed
[DIAG] _turn_input = 1.0
[DIAG] _poll_controls: ENTER, state=3
[VERBATIM] POLL: _poll_controls() entered, game_state=3
[VERBATIM] POLL: checking deploy state=3 canopy=true
[VERBATIM] POLL: turnright pressed - right turn
[VERBATIM] ENTER _rotate_arm gate=left=false
[VERBATIM] EXIT _rotate_arm ok=true shim=physics_driven idx=32
[STEER_TELEM] canopy=true has_pc=false turn=1.0 state=3
[STEER_TELEM] /root/Main children: WorldEnvironment DirectionalLight3D AnimationPlayer HUD @MeshInstance3D@165 @MeshInstance3D@166 @MeshInstance3D@167 @MeshInstance3D@168 @Node3D@169 FlyingPlane @Camera3D@173 @MeshInstance3D@174 @MeshInstance3D@175 @MeshInstance3D@176 @MeshInstance3D@177 @MeshInstance3D@178 @MeshInstance3D@179 @MeshInstance3D@180 @MeshInstance3D@181 @MeshInstance3D@182 @MeshInstance3D@183 @MeshInstance3D@184 @MeshInstance3D@185 @MeshInstance3D@186 @MeshInstance3D@187 @MeshInstance3D@188 @MeshInstance3D@189 @MeshInstance3D@190 @MeshInstance3D@191 @MeshInstance3D@192 @MeshInstance3D@193 @MeshInstance3D@194 @MeshInstance3D@195 @MeshInstance3D@196 @MeshInstance3D@197 @MeshInstance3D@198 @MeshInstance3D@199 @MeshInstance3D@200 @MeshInstance3D@201 @MeshInstance3D@202 @MeshInstance3D@203 @MeshInstance3D@204 @MeshInstance3D@205 @MeshInstance3D@206 @MeshInstance3D@207 @MeshInstance3D@208 @MeshInstance3D@209 @MeshInstance3D@210 @MeshInstance3D@211 @MeshInstance3D@212 @MeshInstance3D@213 @MeshInstance3D@214 @MeshInstance3D@215 @CanvasLayer@217 @HTTPRequest@231 PiPLayer @HTTPRequest@240 OpeningAnimTimer 
[VERBATIM] ENTER _deploy_canopy gate=none
[VERBATIM] EXIT _deploy_canopy early=already_deployed_or_no_canopy
[VERBATIM] ENTER _rotate_arm gate=left=false
[VERBATIM] EXIT _rotate_arm ok=true shim=physics_driven idx=32
[VERBATIM] ENTER _rotate_arm gate=left=false
[VERBATIM] EXIT _rotate_arm ok=true shim=physics_driven idx=32
[ARMTEL],65.8333333333309,L,false,0.01666666666667,0.0,3.3692349312321,-2.37449246602496,-0.99474246520714,-0.69500545995106,0.40957094207149,38.9092444390026,-2.0,26.8735791308668,0.0
[ARMTEL],65.8333333333309,R,true,0.01666666666667,5.14375,3.13259060433626,-1.47225205008214,3.48341144574589,-0.36258658545151,0.38553071578451,36.6254226516501,-2.0,24.0997067377106,0.05
[DIAG] _physics_process: ENTER, state=3
[DIAG] _physics_process: camera target set to character (state: 3)
[GLIDE],40.8166666666656,0.40957094207149,0.38553071578451,0.397550828928,-0.02404022628699,7.85139743489024,1.36360989870064,63.7024363409013,3.48915602469057,2.25022824411715,415.812591552734,254.214385986328,58.8
[VERBATIM] DIAGNOSIS turning block executed
[DIAG] _turn_input = 1.0
[ARMTEL],65.8499999999976,L,false,0.01666666666667,0.0,3.27656753657196,-2.43251910982871,-0.84404842674325,-0.70907293373011,0.39775305984266,37.7865454846592,-2.0,25.5099772716829,0.0
[ARMTEL],65.8499999999976,R,true,0.01666666666667,5.19166666666667,3.08424572627605,-1.2690530490803,3.37647398947091,-0.30631201896033,0.3804255154685,36.1404285600262,-2.0,23.5106451353343,0.06666666666667
[DIAG] _physics_process: ENTER, state=3
[DIAG] _physics_process: camera target set to character (state: 3)
[GLIDE],40.8333333333323,0.39775305984266,0.3804255154685,0.38908928765558,-0.01732754437416,7.9184128417678,0.98623433641103,63.7188735798415,3.49255744982214,2.26722479315868,415.930908203125,254.272827148438,58.8
[VERBATIM] DIAGNOSIS turning block executed
[DIAG] _turn_input = 1.0
[DIAG] _poll_controls: ENTER, state=3
[VERBATIM] POLL: _poll_controls() entered, game_state=3
[VERBATIM] POLL: checking deploy state=3 canopy=true
[VERBATIM] POLL: turnright pressed - right turn
[STEER_TELEM] canopy=true has_pc=false turn=1.0 state=3
[STEER_TELEM] /root/Main children: WorldEnvironment DirectionalLight3D AnimationPlayer HUD @MeshInstance3D@165 @MeshInstance3D@166 @MeshInstance3D@167 @MeshInstance3D@168 @Node3D@169 FlyingPlane @Camera3D@173 @MeshInstance3D@174 @MeshInstance3D@175 @MeshInstance3D@176 @MeshInstance3D@177 @MeshInstance3D@178 @MeshInstance3D@179 @MeshInstance3D@180 @MeshInstance3D@181 @MeshInstance3D@182 @MeshInstance3D@183 @MeshInstance3D@184 @MeshInstance3D@185 @MeshInstance3D@186 @MeshInstance3D@187 @MeshInstance3D@188 @MeshInstance3D@189 @MeshInstance3D@190 @MeshInstance3D@191 @MeshInstance3D@192 @MeshInstance3D@193 @MeshInstance3D@194 @MeshInstance3D@195 @MeshInstance3D@196 @MeshInstance3D@197 @MeshInstance3D@198 @MeshInstance3D@199 @MeshInstance3D@200 @MeshInstance3D@201 @MeshInstance3D@202 @MeshInstance3D@203 @MeshInstance3D@204 @MeshInstance3D@205 @MeshInstance3D@206 @MeshInstance3D@207 @MeshInstance3D@208 @MeshInstance3D@209 @MeshInstance3D@210 @MeshInstance3D@211 @MeshInstance3D@212 @MeshInstance3D@213 @MeshInstance3D@214 @MeshInstance3D@215 @CanvasLayer@217 @HTTPRequest@231 PiPLayer @HTTPRequest@240 OpeningAnimTimer 
[VERBATIM] ENTER _deploy_canopy gate=none
[VERBATIM] EXIT _deploy_canopy early=already_deployed_or_no_canopy
[ARMTEL],65.8666666666642,L,false,0.01666666666667,0.0,3.18202447874128,-2.4817552680554,-0.70026921068588,-0.72074408724154,0.38574065838863,36.6453672015755,-2.0,24.1239308854695,0.0
[ARMTEL],65.8666666666642,R,true,0.01666666666667,5.23958333333333,3.04340412374801,-1.07209206636116,3.26827127594649,-0.25184083102789,0.3762281682847,35.7416805269168,-2.0,23.0263358223254,0.08333333333333
[DIAG] _physics_process: ENTER, state=3
[DIAG] _physics_process: camera target set to character (state: 3)
[GLIDE],40.849999999999,0.38574065838863,0.3762281682847,0.38098441333667,-0.00951249010393,7.98260344637359,0.54320175679667,63.7279269424548,3.49643632064655,2.28306844864758,416.050201416016,254.33171081543,58.8
[VERBATIM] DIAGNOSIS turning block executed
[DIAG] _turn_input = 1.0
[ARMTEL],65.8833333333309,L,false,0.01666666666667,0.0,3.08592526710907,-2.52260430534541,-0.56332096176366,-0.73013276993761,0.37357177888967,35.4893235023349,-2.0,22.7198293393838,0.0
[ARMTEL],65.8833333333309,R,true,0.01666666666667,5.2875,3.00982534627762,-0.88144290859762,3.15911756231999,-0.19918887165589,0.3729083537571,35.4262981067354,-2.0,22.6432802820584,0.1
[DIAG] _physics_process: ENTER, state=3
[DIAG] _physics_process: camera target set to character (state: 3)
[GLIDE],40.8666666666656,0.37357177888967,0.3729083537571,0.37324006632339,-0.00066342513257,8.04393867471876,0.03800275067886,63.7285603216328,3.50070286916549,2.29780674777357,416.17041015625,254.391052246094,58.8
[VERBATIM] DIAGNOSIS turning block executed
[DIAG] _turn_input = 1.0
[DIAG] _poll_controls: ENTER, state=3
[VERBATIM] POLL: _poll_controls() entered, game_state=3
[VERBATIM] POLL: checking deploy state=3 canopy=true
[VERBATIM] POLL: turnright pressed - right turn
[STEER_TELEM] canopy=true has_pc=false turn=1.0 state=3
[STEER_TELEM] /root/Main children: WorldEnvironment DirectionalLight3D AnimationPlayer HUD @MeshInstance3D@165 @MeshInstance3D@166 @MeshInstance3D@167 @MeshInstance3D@168 @Node3D@169 FlyingPlane @Camera3D@173 @MeshInstance3D@174 @MeshInstance3D@175 @MeshInstance3D@176 @MeshInstance3D@177 @MeshInstance3D@178 @MeshInstance3D@179 @MeshInstance3D@180 @MeshInstance3D@181 @MeshInstance3D@182 @MeshInstance3D@183 @MeshInstance3D@184 @MeshInstance3D@185 @MeshInstance3D@186 @MeshInstance3D@187 @MeshInstance3D@188 @MeshInstance3D@189 @MeshInstance3D@190 @MeshInstance3D@191 @MeshInstance3D@192 @MeshInstance3D@193 @MeshInstance3D@194 @MeshInstance3D@195 @MeshInstance3D@196 @MeshInstance3D@197 @MeshInstance3D@198 @MeshInstance3D@199 @MeshInstance3D@200 @MeshInstance3D@201 @MeshInstance3D@202 @MeshInstance3D@203 @MeshInstance3D@204 @MeshInstance3D@205 @MeshInstance3D@206 @MeshInstance3D@207 @MeshInstance3D@208 @MeshInstance3D@209 @MeshInstance3D@210 @MeshInstance3D@211 @MeshInstance3D@212 @MeshInstance3D@213 @MeshInstance3D@214 @MeshInstance3D@215 @CanvasLayer@217 @HTTPRequest@231 PiPLayer @HTTPRequest@240 OpeningAnimTimer 
[VERBATIM] ENTER _deploy_canopy gate=none
[VERBATIM] EXIT _deploy_canopy early=already_deployed_or_no_canopy
[ARMTEL],65.8999999999975,L,false,0.01666666666667,0.0,2.98857423111739,-2.55546469478162,-0.43310953633577,-0.73735126220987,0.36128259118618,34.3218505222114,-2.0,21.3018460767429,0.0
[ARMTEL],65.8999999999975,R,true,0.01666666666667,5.33541666666667,2.98326683005684,-0.69716105079562,3.04931088740545,-0.14836702353247,0.37043557003156,35.1913836229704,-2.0,22.3579590696604,0.11666666666667
[DIAG] _physics_process: ENTER, state=3
[DIAG] _physics_process: camera target set to character (state: 3)
[GLIDE],40.8833333333323,0.36128259118618,0.37043557003156,0.36585908060887,0.00915297884539,8.10239608157775,-0.52586488999501,63.7197959067995,3.5052724682039,2.31148823809677,416.29150390625,254.450836181641,58.8
[VERBATIM] DIAGNOSIS turning block executed
[DIAG] _turn_input = 1.0
[ARMTEL],65.9166666666642,L,false,0.01666666666667,0.0,2.89026072948941,-2.58072941773454,-0.30953131175486,-0.74251011740578,0.34890742256275,33.1462093536569,-2.0,20.0000085715136,0.0
[ARMTEL],65.9166666666642,R,true,0.01666666666667,5.38333333333333,2.96348456025251,-0.51928458236363,2.93913335544446,-0.09938146760839,0.36877921223809,35.0340296126035,-2.0,22.1668408538144,0.13333333333333
[DIAG] _physics_process: ENTER, state=3
[DIAG] _physics_process: camera target set to character (state: 3)
[GLIDE],40.899999999999,0.34890742256275,0.36877921223809,0.35884331740042,0.01987178967534,8.15796092618869,-1.14490646303985,63.7007141324155,3.51006583347994,2.32416180015084,416.413391113281,254.511077880859,58.8
[VERBATIM] DIAGNOSIS turning block executed
[DIAG] _turn_input = 1.0
[DIAG] _poll_controls: ENTER, state=3
[VERBATIM] POLL: _poll_controls() entered, game_state=3
[VERBATIM] POLL: checking deploy state=3 canopy=true
[VERBATIM] POLL: turnright pressed - right turn
[STEER_TELEM] canopy=true has_pc=false turn=1.0 state=3
[STEER_TELEM] /root/Main children: WorldEnvironment DirectionalLight3D AnimationPlayer HUD @MeshInstance3D@165 @MeshInstance3D@166 @MeshInstance3D@167 @MeshInstance3D@168 @Node3D@169 FlyingPlane @Camera3D@173 @MeshInstance3D@174 @MeshInstance3D@175 @MeshInstance3D@176 @MeshInstance3D@177 @MeshInstance3D@178 @MeshInstance3D@179 @MeshInstance3D@180 @MeshInstance3D@181 @MeshInstance3D@182 @MeshInstance3D@183 @MeshInstance3D@184 @MeshInstance3D@185 @MeshInstance3D@186 @MeshInstance3D@187 @MeshInstance3D@188 @MeshInstance3D@189 @MeshInstance3D@190 @MeshInstance3D@191 @MeshInstance3D@192 @MeshInstance3D@193 @MeshInstance3D@194 @MeshInstance3D@195 @MeshInstance3D@196 @MeshInstance3D@197 @MeshInstance3D@198 @MeshInstance3D@199 @MeshInstance3D@200 @MeshInstance3D@201 @MeshInstance3D@202 @MeshInstance3D@203 @MeshInstance3D@204 @MeshInstance3D@205 @MeshInstance3D@206 @MeshInstance3D@207 @MeshInstance3D@208 @MeshInstance3D@209 @MeshInstance3D@210 @MeshInstance3D@211 @MeshInstance3D@212 @MeshInstance3D@213 @MeshInstance3D@214 @MeshInstance3D@215 @CanvasLayer@217 @HTTPRequest@231 PiPLayer @HTTPRequest@240 OpeningAnimTimer 
[VERBATIM] ENTER _deploy_canopy gate=none
[VERBATIM] EXIT _deploy_canopy early=already_deployed_or_no_canopy
[ARMTEL],65.9333333333309,L,false,0.01666666666667,0.0,2.79125938050197,-2.59878541092024,-0.19247396958173,-0.74571801689881,0.33647878894777,31.9654890102599,-2.0,20.0000085715136,0.0
[ARMTEL],65.9333333333309,R,true,0.01666666666667,5.43125,2.95023369790472,-0.34783513662937,2.82885143872465,-0.05223394362965,0.36790864651093,34.9513258580183,-2.0,22.0663909575376,0.15
[DIAG] _physics_process: ENTER, state=3
[DIAG] _physics_process: camera target set to character (state: 3)
[GLIDE],40.9166666666656,0.33647878894777,0.36790864651093,0.35219371772935,0.03142985756316,8.21062575558357,-1.81564041926884,63.670453458761,3.51500915273729,2.33587606711908,416.536041259766,254.57177734375,58.8
[VERBATIM] DIAGNOSIS turning block executed
[DIAG] _turn_input = 1.0
[ARMTEL],65.9499999999975,L,false,0.01666666666667,0.0,2.69183031158213,-2.61001305914584,-0.08181725243628,-0.74708163777275,0.32402742831822,30.782609600205,-2.0,20.0000085715136,0.0
[ARMTEL],65.9499999999975,R,true,0.01666666666667,5.47916666666667,2.94326917208744,-0.18281880270377,2.718716297283,-0.0069220053416,0.36779327975524,34.9403660148353,-2.0,22.0530794081833,0.16666666666667
[DIAG] _physics_process: ENTER, state=3
[DIAG] _physics_process: camera target set to character (state: 3)
[GLIDE],40.9333333333323,0.32402742831822,0.36779327975524,0.34591035403673,0.04376585143702,8.26038999602911,-2.53460812525707,63.6282099900068,3.52003415050315,2.34667893629623,416.659393310547,254.632934570312,58.8
[VERBATIM] DIAGNOSIS turning block executed
[DIAG] _turn_input = 1.0
[DIAG] _poll_controls: ENTER, state=3
[VERBATIM] POLL: _poll_controls() entered, game_state=3
[VERBATIM] POLL: checking deploy state=3 canopy=true
[VERBATIM] POLL: turnright pressed - right turn
[STEER_TELEM] canopy=true has_pc=false turn=1.0 state=3
[STEER_TELEM] /root/Main children: WorldEnvironment DirectionalLight3D AnimationPlayer HUD @MeshInstance3D@165 @MeshInstance3D@166 @MeshInstance3D@167 @MeshInstance3D@168 @Node3D@169 FlyingPlane @Camera3D@173 @MeshInstance3D@174 @MeshInstance3D@175 @MeshInstance3D@176 @MeshInstance3D@177 @MeshInstance3D@178 @MeshInstance3D@179 @MeshInstance3D@180 @MeshInstance3D@181 @MeshInstance3D@182 @MeshInstance3D@183 @MeshInstance3D@184 @MeshInstance3D@185 @MeshInstance3D@186 @MeshInstance3D@187 @MeshInstance3D@188 @MeshInstance3D@189 @MeshInstance3D@190 @MeshInstance3D@191 @MeshInstance3D@192 @MeshInstance3D@193 @MeshInstance3D@194 @MeshInstance3D@195 @MeshInstance3D@196 @MeshInstance3D@197 @MeshInstance3D@198 @MeshInstance3D@199 @MeshInstance3D@200 @MeshInstance3D@201 @MeshInstance3D@202 @MeshInstance3D@203 @MeshInstance3D@204 @MeshInstance3D@205 @MeshInstance3D@206 @MeshInstance3D@207 @MeshInstance3D@208 @MeshInstance3D@209 @MeshInstance3D@210 @MeshInstance3D@211 @MeshInstance3D@212 @MeshInstance3D@213 @MeshInstance3D@214 @MeshInstance3D@215 @CanvasLayer@217 @HTTPRequest@231 PiPLayer @HTTPRequest@240 OpeningAnimTimer 
[VERBATIM] ENTER _deploy_canopy gate=none
[VERBATIM] EXIT _deploy_canopy early=already_deployed_or_no_canopy
[ARMTEL],65.9666666666642,L,false,0.01666666666667,0.0,2.59221942654576,-2.61478573220463,0.02256630565887,-0.74670553267844,0.31158233610691,29.6003256899584,-2.0,20.0000085715136,0.0
[ARMTEL],65.9666666666642,R,true,0.01666666666667,5.52708333333333,2.94234623804189,-0.02422701869559,2.60896411398704,0.03656072989152,0.36840262525343,34.9982538445164,-2.0,22.1233885074052,0.18333333333333
[DIAG] _physics_process: ENTER, state=3
[DIAG] _physics_process: camera target set to character (state: 3)
[GLIDE],40.949999999999,0.31158233610691,0.36840262525343,0.33999248068017,0.05682028914652,8.30725955301305,-3.29838326213276,63.5732369356379,3.52507809650149,2.35661716580342,416.783386230469,254.694549560547,58.8
[VERBATIM] DIAGNOSIS turning block executed
[DIAG] _turn_input = 1.0
[ARMTEL],65.9833333333309,L,false,0.01666666666667,0.0,2.4926586888553,-2.61346936437452,0.12081067551922,-0.74469202141978,0.29917080241658,28.4212298396096,-2.0,20.0000085715136,0.0
[ARMTEL],65.9833333333309,R,true,0.01666666666667,5.575,2.94722100202743,0.12796255462032,2.49981644335226,0.07822433728072,0.36970636420811,35.1221090609429,-2.0,22.2738199322635,0.2
[DIAG] _physics_process: ENTER, state=3
[DIAG] _physics_process: camera target set to character (state: 3)
[GLIDE],40.9666666666656,0.29917080241658,0.36970636420811,0.33443858331235,0.07053556179152,8.35124642016623,-4.10358080583007,63.5048439222074,3.53008376518838,2.36573604924658,416.907958984375,254.756637573242,58.8
[VERBATIM] DIAGNOSIS turning block executed
[DIAG] _turn_input = 1.0
[DIAG] _poll_controls: ENTER, state=3
[VERBATIM] POLL: _poll_controls() entered, game_state=3
[VERBATIM] POLL: checking deploy state=3 canopy=true
[VERBATIM] POLL: turnright pressed - right turn
[STEER_TELEM] canopy=true has_pc=false turn=1.0 state=3
[STEER_TELEM] /root/Main children: WorldEnvironment DirectionalLight3D AnimationPlayer HUD @MeshInstance3D@165 @MeshInstance3D@166 @MeshInstance3D@167 @MeshInstance3D@168 @Node3D@169 FlyingPlane @Camera3D@173 @MeshInstance3D@174 @MeshInstance3D@175 @MeshInstance3D@176 @MeshInstance3D@177 @MeshInstance3D@178 @MeshInstance3D@179 @MeshInstance3D@180 @MeshInstance3D@181 @MeshInstance3D@182 @MeshInstance3D@183 @MeshInstance3D@184 @MeshInstance3D@185 @MeshInstance3D@186 @MeshInstance3D@187 @MeshInstance3D@188 @MeshInstance3D@189 @MeshInstance3D@190 @MeshInstance3D@191 @MeshInstance3D@192 @MeshInstance3D@193 @MeshInstance3D@194 @MeshInstance3D@195 @MeshInstance3D@196 @MeshInstance3D@197 @MeshInstance3D@198 @MeshInstance3D@199 @MeshInstance3D@200 @MeshInstance3D@201 @MeshInstance3D@202 @MeshInstance3D@203 @MeshInstance3D@204 @MeshInstance3D@205 @MeshInstance3D@206 @MeshInstance3D@207 @MeshInstance3D@208 @MeshInstance3D@209 @MeshInstance3D@210 @MeshInstance3D@211 @MeshInstance3D@212 @MeshInstance3D@213 @MeshInstance3D@214 @MeshInstance3D@215 @CanvasLayer@217 @HTTPRequest@231 PiPLayer @HTTPRequest@240 OpeningAnimTimer 
[VERBATIM] ENTER _deploy_canopy gate=none
[VERBATIM] EXIT _deploy_canopy early=already_deployed_or_no_canopy
[ARMTEL],65.9999999999975,L,false,0.01666666666667,0.0,2.39336641933266,-2.60642207496924,0.21305565563657,-0.74114109382584,0.28681845085282,27.2477562919986,-2.0,20.0000085715136,0.0
[ARMTEL],65.9999999999975,R,true,0.01666666666667,5.62291666666667,2.95765091366486,0.27378518048253,2.39148057251928,0.11808234682271,0.37167440332182,35.3090728004934,-2.0,22.5009013790438,0.21666666666667
[DIAG] _physics_process: ENTER, state=3
[DIAG] _physics_process: camera target set to character (state: 3)
[GLIDE],40.9833333333323,0.28681845085282,0.37167440332182,0.32924642708732,0.084855952469,8.39236829746843,-4.94686554274905,63.4223961631616,3.53499935329879,2.37407916061904,417.033050537109,254.819213867188,58.8
[VERBATIM] DIAGNOSIS turning block executed
[DIAG] _turn_input = 1.0
[ARMTEL],66.0166666666642,L,false,0.01666666666667,0.0,2.29454760682255,-2.59399382839044,0.29944622156788,-0.73615032346637,0.27454927879505,26.0821847984606,-2.0,20.0000085715136,0.0
[ARMTEL],66.0166666666642,R,true,0.01666666666667,5.67083333333333,2.97339522657455,0.41328821387949,2.28414989287929,0.15615151170403,0.37427692851689,35.556312725429,-2.0,22.8011927617002,0.23333333333333
[DIAG] _physics_process: ENTER, state=3
[DIAG] _physics_process: camera target set to character (state: 3)
[GLIDE],40.999999999999,0.27454927879505,0.37427692851689,0.32441310365597,0.09972764972184,8.43064821904475,-5.82496008282677,63.3253134951145,3.53977836171693,2.38168816167223,417.158599853516,254.882293701172,58.8
[VERBATIM] DIAGNOSIS turning block executed
[DIAG] _turn_input = 1.0
[DIAG] _poll_controls: ENTER, state=3
[VERBATIM] POLL: _poll_controls() entered, game_state=3
[VERBATIM] POLL: checking deploy state=3 canopy=true
[VERBATIM] POLL: turnright pressed - right turn
[STEER_TELEM] canopy=true has_pc=false turn=1.0 state=3
[STEER_TELEM] /root/Main children: WorldEnvironment DirectionalLight3D AnimationPlayer HUD @MeshInstance3D@165 @MeshInstance3D@166 @MeshInstance3D@167 @MeshInstance3D@168 @Node3D@169 FlyingPlane @Camera3D@173 @MeshInstance3D@174 @MeshInstance3D@175 @MeshInstance3D@176 @MeshInstance3D@177 @MeshInstance3D@178 @MeshInstance3D@179 @MeshInstance3D@180 @MeshInstance3D@181 @MeshInstance3D@182 @MeshInstance3D@183 @MeshInstance3D@184 @MeshInstance3D@185 @MeshInstance3D@186 @MeshInstance3D@187 @MeshInstance3D@188 @MeshInstance3D@189 @MeshInstance3D@190 @MeshInstance3D@191 @MeshInstance3D@192 @MeshInstance3D@193 @MeshInstance3D@194 @MeshInstance3D@195 @MeshInstance3D@196 @MeshInstance3D@197 @MeshInstance3D@198 @MeshInstance3D@199 @MeshInstance3D@200 @MeshInstance3D@201 @MeshInstance3D@202 @MeshInstance3D@203 @MeshInstance3D@204 @MeshInstance3D@205 @MeshInstance3D@206 @MeshInstance3D@207 @MeshInstance3D@208 @MeshInstance3D@209 @MeshInstance3D@210 @MeshInstance3D@211 @MeshInstance3D@212 @MeshInstance3D@213 @MeshInstance3D@214 @MeshInstance3D@215 @CanvasLayer@217 @HTTPRequest@231 PiPLayer @HTTPRequest@240 OpeningAnimTimer 
[VERBATIM] ENTER _deploy_canopy gate=none
[VERBATIM] EXIT _deploy_canopy early=already_deployed_or_no_canopy
[VERBATIM] Wind updated: 12.5 kts @ 240.0°
[ARMTEL],66.0333333333309,L,false,0.01666666666667,0.0,2.19639423036037,-2.57652613213231,0.38013190177194,-0.72981479177018,0.26238569893221,24.9266445647156,-2.0,20.0000085715136,0.0
[ARMTEL],66.0333333333309,R,true,0.01666666666667,5.71875,2.99421542813509,0.54653029096411,2.1780042809008,0.19245158305238,0.37748445490109,35.8610277706331,-2.0,23.1712919771259,0.25
[DIAG] _physics_process: ENTER, state=3
[DIAG] _physics_process: camera target set to character (state: 3)
[GLIDE],41.0166666666656,0.26238569893221,0.37748445490109,0.31993507691665,0.11509875596888,8.46611419082012,-6.73465233960744,63.2130692894543,3.5443794474142,2.38860266414099,417.284545898438,254.945877075195,58.8
[VERBATIM] DIAGNOSIS turning block executed
[DIAG] _turn_input = 1.0
[ARMTEL],66.0499999999975,L,false,0.01666666666667,0.0,2.09908559145768,-2.55435177119561,0.45526617973793,-0.72222702210788,0.25034858189708,23.7831183011287,-2.0,20.0000085715136,0.0
[ARMTEL],66.0499999999975,R,true,0.01666666666667,5.76666666666667,3.01987563920874,0.67358054068333,2.0732104867746,0.22700509116529,0.38126787308718,36.2204525439653,-2.0,23.6078402497116,0.26666666666667
[DIAG] _physics_process: ENTER, state=3
[DIAG] _physics_process: camera target set to character (state: 3)
[GLIDE],41.0333333333323,0.25034858189708,0.38126787308718,0.31580822749213,0.1309192911901,8.49879883826233,-7.67280245399253,63.0851892485544,3.54876625064946,2.39486013955046,417.410858154297,255.009994506836,58.8
[VERBATIM] DIAGNOSIS turning block executed
[DIAG] _turn_input = 1.0
[DIAG] _poll_controls: ENTER, state=3
[VERBATIM] POLL: _poll_controls() entered, game_state=3
[VERBATIM] POLL: checking deploy state=3 canopy=true
[VERBATIM] POLL: turnright pressed - right turn
[STEER_TELEM] canopy=true has_pc=false turn=1.0 state=3
[STEER_TELEM] /root/Main children: WorldEnvironment DirectionalLight3D AnimationPlayer HUD @MeshInstance3D@165 @MeshInstance3D@166 @MeshInstance3D@167 @MeshInstance3D@168 @Node3D@169 FlyingPlane @Camera3D@173 @MeshInstance3D@174 @MeshInstance3D@175 @MeshInstance3D@176 @MeshInstance3D@177 @MeshInstance3D@178 @MeshInstance3D@179 @MeshInstance3D@180 @MeshInstance3D@181 @MeshInstance3D@182 @MeshInstance3D@183 @MeshInstance3D@184 @MeshInstance3D@185 @MeshInstance3D@186 @MeshInstance3D@187 @MeshInstance3D@188 @MeshInstance3D@189 @MeshInstance3D@190 @MeshInstance3D@191 @MeshInstance3D@192 @MeshInstance3D@193 @MeshInstance3D@194 @MeshInstance3D@195 @MeshInstance3D@196 @MeshInstance3D@197 @MeshInstance3D@198 @MeshInstance3D@199 @MeshInstance3D@200 @MeshInstance3D@201 @MeshInstance3D@202 @MeshInstance3D@203 @MeshInstance3D@204 @MeshInstance3D@205 @MeshInstance3D@206 @MeshInstance3D@207 @MeshInstance3D@208 @MeshInstance3D@209 @MeshInstance3D@210 @MeshInstance3D@211 @MeshInstance3D@212 @MeshInstance3D@213 @MeshInstance3D@214 @MeshInstance3D@215 @CanvasLayer@217 @HTTPRequest@231 PiPLayer @HTTPRequest@240 OpeningAnimTimer 
[VERBATIM] ENTER _deploy_canopy gate=none
[VERBATIM] EXIT _deploy_canopy early=already_deployed_or_no_canopy
[ARMTEL],66.0666666666642,L,false,0.01666666666667,0.0,2.00278865517663,-2.52779457737757,0.52500592220094,-0.71347692340453,0.23845729984034,22.6534463622485,-2.0,20.0000085715136,0.0
[ARMTEL],66.0666666666642,R,true,0.01666666666667,5.81458333333333,3.05014298469745,0.79451781907851,1.96992252955737,0.25983713332458,0.38559849197592,36.6318613906526,-2.0,24.1075270678539,0.28333333333333
[DIAG] _physics_process: ENTER, state=3
[DIAG] _physics_process: camera target set to character (state: 3)
[GLIDE],41.049999999999,0.23845729984034,0.38559849197592,0.31202789590813,0.14714119213559,8.52873906440761,-8.63634914494425,62.9412500961387,3.55290720210138,2.40049586979453,417.537445068359,255.074661254883,58.8
[VERBATIM] DIAGNOSIS turning block executed
[DIAG] _turn_input = 1.0
[ARMTEL],66.0833333333309,L,false,0.01666666666667,0.0,1.90765839872269,-2.49716923191585,0.58951083319315,-0.70365174285131,0.22672977079281,21.5393309612202,-2.0,20.0000085715136,0.0
[ARMTEL],66.0833333333309,R,true,0.01666666666667,5.8625,3.08478793580739,0.90942996663603,1.86828209755658,0.29097516828386,0.39044807811399,37.0925721322876,-2.0,24.667094725247,0.3
[DIAG] _physics_process: ENTER, state=3
[DIAG] _physics_process: camera target set to character (state: 3)
[GLIDE],41.0666666666656,0.22672977079281,0.39044807811399,0.3085889244534,0.16371830732117,8.55597571832906,-9.62231547650368,62.7808781715303,3.55677531410649,2.40554293221596,417.664245605469,255.139892578125,58.8
[VERBATIM] DIAGNOSIS turning block executed
[DIAG] _turn_input = 1.0
[DIAG] _poll_controls: ENTER, state=3
[VERBATIM] POLL: _poll_controls() entered, game_state=3
[VERBATIM] POLL: checking deploy state=3 canopy=true
[VERBATIM] POLL: turnright pressed - right turn
[STEER_TELEM] canopy=true has_pc=false turn=1.0 state=3
[STEER_TELEM] /root/Main children: WorldEnvironment DirectionalLight3D AnimationPlayer HUD @MeshInstance3D@165 @MeshInstance3D@166 @MeshInstance3D@167 @MeshInstance3D@168 @Node3D@169 FlyingPlane @Camera3D@173 @MeshInstance3D@174 @MeshInstance3D@175 @MeshInstance3D@176 @MeshInstance3D@177 @MeshInstance3D@178 @MeshInstance3D@179 @MeshInstance3D@180 @MeshInstance3D@181 @MeshInstance3D@182 @MeshInstance3D@183 @MeshInstance3D@184 @MeshInstance3D@185 @MeshInstance3D@186 @MeshInstance3D@187 @MeshInstance3D@188 @MeshInstance3D@189 @MeshInstance3D@190 @MeshInstance3D@191 @MeshInstance3D@192 @MeshInstance3D@193 @MeshInstance3D@194 @MeshInstance3D@195 @MeshInstance3D@196 @MeshInstance3D@197 @MeshInstance3D@198 @MeshInstance3D@199 @MeshInstance3D@200 @MeshInstance3D@201 @MeshInstance3D@202 @MeshInstance3D@203 @MeshInstance3D@204 @MeshInstance3D@205 @MeshInstance3D@206 @MeshInstance3D@207 @MeshInstance3D@208 @MeshInstance3D@209 @MeshInstance3D@210 @MeshInstance3D@211 @MeshInstance3D@212 @MeshInstance3D@213 @MeshInstance3D@214 @MeshInstance3D@215 @CanvasLayer@217 @HTTPRequest@231 PiPLayer @HTTPRequest@240 OpeningAnimTimer 
[VERBATIM] ENTER _deploy_canopy gate=none
[VERBATIM] EXIT _deploy_canopy early=already_deployed_or_no_canopy
[ARMTEL],66.0999999999975,L,false,0.01666666666667,0.0,1.81383816634252,-2.46278109997958,0.64894293363706,-0.69283602729069,0.2151825036713,20.442340445338,-2.0,20.0000085715136,0.0
[ARMTEL],66.0999999999975,R,true,0.01666666666667,5.91041666666667,3.1235846249119,1.01841308899349,1.76841895276127,0.32044881749654,0.39578889173893,37.5999494911037,-2.0,25.2833424799214,0.31666666666667
[DIAG] _physics_process: ENTER, state=3
[DIAG] _physics_process: camera target set to character (state: 3)
[GLIDE],41.0833333333323,0.2151825036713,0.39578889173893,0.30548569770512,0.18060638806763,8.58055327417548,-10.6278140360685,62.6037479375958,3.56034795971249,2.41003221349982,417.791229248047,255.205703735352,58.8
[VERBATIM] DIAGNOSIS turning block executed
[DIAG] _turn_input = 1.0
[ARMTEL],66.1166666666642,L,false,0.01666666666667,0.0,1.72146002937043,-2.42492609551742,0.70346606614699,-0.68111159285491,0.20383064379039,19.3639136196704,-2.0,20.0000085715136,0.0
[ARMTEL],66.1166666666642,R,true,0.01666666666667,5.95833333333333,3.16631113391144,1.1215708612379,1.67045133818399,0.34828967313294,0.40159371962448,38.1514082102766,-2.0,25.953130344084,0.33333333333333
[DIAG] _physics_process: ENTER, state=3
[DIAG] _physics_process: camera target set to character (state: 3)
[GLIDE],41.0999999999989,0.20383064379039,0.40159371962448,0.30271218170743,0.19776307583409,8.60251952087713,-11.6500515239593,62.4095804121965,3.5636066428258,2.41399244728528,417.918304443359,255.272109985352,58.8
[VERBATIM] DIAGNOSIS turning block executed
[DIAG] _turn_input = 1.0
[DIAG] _poll_controls: ENTER, state=3
[VERBATIM] POLL: _poll_controls() entered, game_state=3
[VERBATIM] POLL: checking deploy state=3 canopy=true
[VERBATIM] POLL: turnright pressed - right turn
[STEER_TELEM] canopy=true has_pc=false turn=1.0 state=3
[STEER_TELEM] /root/Main children: WorldEnvironment DirectionalLight3D AnimationPlayer HUD @MeshInstance3D@165 @MeshInstance3D@166 @MeshInstance3D@167 @MeshInstance3D@168 @Node3D@169 FlyingPlane @Camera3D@173 @MeshInstance3D@174 @MeshInstance3D@175 @MeshInstance3D@176 @MeshInstance3D@177 @MeshInstance3D@178 @MeshInstance3D@179 @MeshInstance3D@180 @MeshInstance3D@181 @MeshInstance3D@182 @MeshInstance3D@183 @MeshInstance3D@184 @MeshInstance3D@185 @MeshInstance3D@186 @MeshInstance3D@187 @MeshInstance3D@188 @MeshInstance3D@189 @MeshInstance3D@190 @MeshInstance3D@191 @MeshInstance3D@192 @MeshInstance3D@193 @MeshInstance3D@194 @MeshInstance3D@195 @MeshInstance3D@196 @MeshInstance3D@197 @MeshInstance3D@198 @MeshInstance3D@199 @MeshInstance3D@200 @MeshInstance3D@201 @MeshInstance3D@202 @MeshInstance3D@203 @MeshInstance3D@204 @MeshInstance3D@205 @MeshInstance3D@206 @MeshInstance3D@207 @MeshInstance3D@208 @MeshInstance3D@209 @MeshInstance3D@210 @MeshInstance3D@211 @MeshInstance3D@212 @MeshInstance3D@213 @MeshInstance3D@214 @MeshInstance3D@215 @CanvasLayer@217 @HTTPRequest@231 PiPLayer @HTTPRequest@240 OpeningAnimTimer 
[VERBATIM] ENTER _deploy_canopy gate=none
[VERBATIM] EXIT _deploy_canopy early=already_deployed_or_no_canopy
[ARMTEL],66.1333333333309,L,false,0.01666666666667,0.0,1.6306451503231,-2.38389057499218,0.75324542466907,-0.66855750244376,0.19268801874966,18.3053641063453,-2.0,20.0000085715136,0.0
[ARMTEL],66.1333333333309,R,true,0.01666666666667,6.00625,3.21274975699583,1.2190138559653,1.57448638703886,0.37453111291692,0.40783590483976,38.7444158810516,-2.0,26.6733825178754,0.35
[DIAG] _physics_process: ENTER, state=3
[DIAG] _physics_process: camera target set to character (state: 3)
[GLIDE],41.1166666666656,0.19268801874966,0.40783590483976,0.30026196179471,0.2151478860901,8.6219252625859,-12.6863327588974,62.1981415328815,3.56653676233589,2.41745027098473,418.04541015625,255.339126586914,58.8
[VERBATIM] DIAGNOSIS turning block executed
[DIAG] _turn_input = 1.0
[ARMTEL],66.1499999999975,L,false,0.01666666666667,0.0,1.54150414999727,-2.33995125855315,0.79844710855588,-0.65525005063449,0.18176718457242,17.2678847277279,-2.0,20.0000085715136,0.0
[ARMTEL],66.1499999999975,R,true,0.01666666666667,6.05416666666667,3.26268723871809,1.31085889520923,1.48062053273934,0.39920812179591,0.41448937353636,39.3764954875145,-2.0,27.4410904801841,0.36666666666667
[DIAG] _physics_process: ENTER, state=3
[DIAG] _physics_process: camera target set to character (state: 3)
[GLIDE],41.1333333333323,0.18176718457242,0.41448937353636,0.29812827905439,0.23272218896394,8.63882402988924,-13.734064108131,61.9692404644127,3.56912737273679,2.42043029785879,418.172515869141,255.406784057617,58.8
[VERBATIM] DIAGNOSIS turning block executed
[DIAG] _turn_input = 1.0
[DIAG] _poll_controls: ENTER, state=3
[VERBATIM] POLL: _poll_controls() entered, game_state=3
[VERBATIM] POLL: checking deploy state=3 canopy=true
[VERBATIM] POLL: turnright pressed - right turn
[STEER_TELEM] canopy=true has_pc=false turn=1.0 state=3
[STEER_TELEM] /root/Main children: WorldEnvironment DirectionalLight3D AnimationPlayer HUD @MeshInstance3D@165 @MeshInstance3D@166 @MeshInstance3D@167 @MeshInstance3D@168 @Node3D@169 FlyingPlane @Camera3D@173 @MeshInstance3D@174 @MeshInstance3D@175 @MeshInstance3D@176 @MeshInstance3D@177 @MeshInstance3D@178 @MeshInstance3D@179 @MeshInstance3D@180 @MeshInstance3D@181 @MeshInstance3D@182 @MeshInstance3D@183 @MeshInstance3D@184 @MeshInstance3D@185 @MeshInstance3D@186 @MeshInstance3D@187 @MeshInstance3D@188 @MeshInstance3D@189 @MeshInstance3D@190 @MeshInstance3D@191 @MeshInstance3D@192 @MeshInstance3D@193 @MeshInstance3D@194 @MeshInstance3D@195 @MeshInstance3D@196 @MeshInstance3D@197 @MeshInstance3D@198 @MeshInstance3D@199 @MeshInstance3D@200 @MeshInstance3D@201 @MeshInstance3D@202 @MeshInstance3D@203 @MeshInstance3D@204 @MeshInstance3D@205 @MeshInstance3D@206 @MeshInstance3D@207 @MeshInstance3D@208 @MeshInstance3D@209 @MeshInstance3D@210 @MeshInstance3D@211 @MeshInstance3D@212 @MeshInstance3D@213 @MeshInstance3D@214 @MeshInstance3D@215 @CanvasLayer@217 @HTTPRequest@231 PiPLayer @HTTPRequest@240 OpeningAnimTimer 
[VERBATIM] ENTER _deploy_canopy gate=none
[VERBATIM] EXIT _deploy_canopy early=already_deployed_or_no_canopy
[ARMTEL],66.1666666666642,L,false,0.01666666666667,0.0,1.45413747657934,-2.29337517722072,0.83923770064138,-0.6412627556238,0.17107947197869,16.252551902357,-2.0,20.0000085715136,0.0
[ARMTEL],66.1666666666642,R,true,0.01666666666667,6.10208333333333,3.31591498829088,1.3972284262857,1.38893991875676,0.42235712044186,0.42152865887706,40.0452276798224,-2.0,28.2533157496558,0.38333333333333
[DIAG] _physics_process: ENTER, state=3
[DIAG] _physics_process: camera target set to character (state: 3)
[GLIDE],41.1499999999989,0.17107947197869,0.42152865887706,0.29630406542787,0.25044918689837,8.65327180181125,-14.7907563545996,61.7227278585027,3.57137094343657,2.42295520091917,418.299530029297,255.475112915039,58.8
[VERBATIM] DIAGNOSIS turning block executed
[DIAG] _turn_input = 1.0
[ARMTEL],66.1833333333309,L,false,0.01666666666667,0.0,1.3686357758295,-2.24441964468331,0.87578386885381,-0.62666635780957,0.16063503268186,15.2603300431276,-2.0,20.0000085715136,0.0
[ARMTEL],66.1833333333309,R,true,0.01666666666667,6.15,3.37222927101646,1.47824992154651,1.29952080743703,0.44401580056581,0.42892892221982,40.7482527866824,-2.0,29.1071923289994,0.4
[DIAG] _physics_process: ENTER, state=3
[DIAG] _physics_process: camera target set to character (state: 3)
[GLIDE],41.1666666666656,0.16063503268186,0.42892892221982,0.29478197745084,0.26829388953796,8.66532673858934,-15.8540270167272,61.4584940748906,3.57326311864851,2.42504580571351,418.426391601562,255.54411315918,58.8
[VERBATIM] DIAGNOSIS turning block executed
[DIAG] _turn_input = 1.0
[DIAG] _poll_controls: ENTER, state=3
[VERBATIM] POLL: _poll_controls() entered, game_state=3
[VERBATIM] POLL: checking deploy state=3 canopy=true
[VERBATIM] POLL: turnright pressed - right turn
[STEER_TELEM] canopy=true has_pc=false turn=1.0 state=3
[STEER_TELEM] /root/Main children: WorldEnvironment DirectionalLight3D AnimationPlayer HUD @MeshInstance3D@165 @MeshInstance3D@166 @MeshInstance3D@167 @MeshInstance3D@168 @Node3D@169 FlyingPlane @Camera3D@173 @MeshInstance3D@174 @MeshInstance3D@175 @MeshInstance3D@176 @MeshInstance3D@177 @MeshInstance3D@178 @MeshInstance3D@179 @MeshInstance3D@180 @MeshInstance3D@181 @MeshInstance3D@182 @MeshInstance3D@183 @MeshInstance3D@184 @MeshInstance3D@185 @MeshInstance3D@186 @MeshInstance3D@187 @MeshInstance3D@188 @MeshInstance3D@189 @MeshInstance3D@190 @MeshInstance3D@191 @MeshInstance3D@192 @MeshInstance3D@193 @MeshInstance3D@194 @MeshInstance3D@195 @MeshInstance3D@196 @MeshInstance3D@197 @MeshInstance3D@198 @MeshInstance3D@199 @MeshInstance3D@200 @MeshInstance3D@201 @MeshInstance3D@202 @MeshInstance3D@203 @MeshInstance3D@204 @MeshInstance3D@205 @MeshInstance3D@206 @MeshInstance3D@207 @MeshInstance3D@208 @MeshInstance3D@209 @MeshInstance3D@210 @MeshInstance3D@211 @MeshInstance3D@212 @MeshInstance3D@213 @MeshInstance3D@214 @MeshInstance3D@215 @CanvasLayer@217 @HTTPRequest@231 PiPLayer @HTTPRequest@240 OpeningAnimTimer 
[VERBATIM] ENTER _deploy_canopy gate=none
[VERBATIM] EXIT _deploy_canopy early=already_deployed_or_no_canopy
[DEBUG] _input (build_terrain) called, event=InputEventKey: keycode=69 (E), mods=none, physical=false, location=unspecified, pressed=false, echo=false
[AUDIT] _input: ENTER
2026-08-05T15:43:53 [INFO] InputManager ready
2026-08-05T15:43:53 [INFO] InputMap.has_action('restart') = true
[INPUT] unhandled_input triggered
[ARMTEL],66.1999999999975,L,false,0.01666666666667,0.0,1.28508026145489,-2.1933322523335,0.90825199087861,-0.61152882462826,0.15044288560472,14.2920759478129,-2.0,20.0000085715136,0.0
[ARMTEL],66.1999999999975,R,false,0.01666666666667,0.0,3.43143137775857,1.55405530198033,-4.9854866797389,0.36092435590349,0.43494432815155,41.319716422783,-2.0,29.8012776611608,0.0
[DIAG] _physics_process: ENTER, state=3
[DIAG] _physics_process: camera target set to character (state: 3)
[GLIDE],41.1833333333323,0.15044288560472,0.43494432815155,0.29269360687813,0.28450144254682,8.68186663352517,-16.825465903205,61.1780696431705,3.57588905057294,2.42789038215102,418.553161621094,255.613876342773,58.8
[VERBATIM] DIAGNOSIS turning block executed
[DIAG] _turn_input = 0.0
[ARMTEL],66.2166666666642,L,false,0.01666666666667,0.0,1.20354308483779,-2.14035088619891,0.93680780136113,-0.59591536127224,0.14051096291685,13.3485431726187,-2.0,20.0000085715136,0.0
[ARMTEL],66.2166666666642,R,false,0.01666666666667,0.0,3.47955462521237,1.26323524566223,-4.7427898708746,0.28187785805558,0.43964229245247,41.7660230880604,-2.0,30.3433504903765,0.0
[DIAG] _physics_process: ENTER, state=3
[DIAG] _physics_process: camera target set to character (state: 3)
[GLIDE],41.1999999999989,0.14051096291685,0.43964229245247,0.29007662768466,0.29913132953562,8.70259310873747,-17.7087330755453,60.8829240919114,3.57922812769512,2.43141615964602,418.679870605469,255.684448242188,58.8
[VERBATIM] DIAGNOSIS turning block executed
[DIAG] _turn_input = 0.0
[DIAG] _poll_controls: ENTER, state=3
[VERBATIM] POLL: _poll_controls() entered, game_state=3
[VERBATIM] POLL: checking deploy state=3 canopy=true
[STEER_TELEM] canopy=true has_pc=false turn=0.0 state=3
[STEER_TELEM] /root/Main children: WorldEnvironment DirectionalLight3D AnimationPlayer HUD @MeshInstance3D@165 @MeshInstance3D@166 @MeshInstance3D@167 @MeshInstance3D@168 @Node3D@169 FlyingPlane @Camera3D@173 @MeshInstance3D@174 @MeshInstance3D@175 @MeshInstance3D@176 @MeshInstance3D@177 @MeshInstance3D@178 @MeshInstance3D@179 @MeshInstance3D@180 @MeshInstance3D@181 @MeshInstance3D@182 @MeshInstance3D@183 @MeshInstance3D@184 @MeshInstance3D@185 @MeshInstance3D@186 @MeshInstance3D@187 @MeshInstance3D@188 @MeshInstance3D@189 @MeshInstance3D@190 @MeshInstance3D@191 @MeshInstance3D@192 @MeshInstance3D@193 @MeshInstance3D@194 @MeshInstance3D@195 @MeshInstance3D@196 @MeshInstance3D@197 @MeshInstance3D@198 @MeshInstance3D@199 @MeshInstance3D@200 @MeshInstance3D@201 @MeshInstance3D@202 @MeshInstance3D@203 @MeshInstance3D@204 @MeshInstance3D@205 @MeshInstance3D@206 @MeshInstance3D@207 @MeshInstance3D@208 @MeshInstance3D@209 @MeshInstance3D@210 @MeshInstance3D@211 @MeshInstance3D@212 @MeshInstance3D@213 @MeshInstance3D@214 @MeshInstance3D@215 @CanvasLayer@217 @HTTPRequest@231 PiPLayer @HTTPRequest@240 OpeningAnimTimer 
[VERBATIM] ENTER _deploy_canopy gate=none
[VERBATIM] EXIT _deploy_canopy early=already_deployed_or_no_canopy
[ARMTEL],66.2333333333309,L,false,0.01666666666667,0.0,1.12408770333482,-2.08570376445285,0.96161606111803,-0.57988842692028,0.13084615580151,12.4303863800383,-2.0,20.0000085715136,0.0
[ARMTEL],66.2333333333309,R,false,0.01666666666667,0.0,3.51713833961978,0.98657250319455,-4.50371084281432,0.20681601067535,0.44308922596373,42.0934818132232,-2.0,30.7410736063645,0.0
[DIAG] _physics_process: ENTER, state=3
[DIAG] _physics_process: camera target set to character (state: 3)
[GLIDE],41.2166666666656,0.13084615580151,0.44308922596373,0.28696769088262,0.31224307016221,8.72721588820964,-18.5073419241631,60.5744683931754,3.58326465989542,2.43554878485151,418.806549072266,255.755905151367,58.8
[VERBATIM] DIAGNOSIS turning block executed
[DIAG] _turn_input = 0.0
[ARMTEL],66.2499999999975,L,false,0.01666666666667,0.0,1.04676924641212,-2.02960949422096,0.98284024780885,-0.56350775612346,0.12145435986612,11.5381656528472,-2.0,20.0000085715136,0.0
[ARMTEL],66.2499999999975,R,false,0.01666666666667,0.0,3.54471380770983,0.72385603736371,-4.26856984507353,0.13567317992412,0.44535044562913,42.308297708722,-2.0,31.0019835799165,0.0
[DIAG] _physics_process: ENTER, state=3
[DIAG] _physics_process: camera target set to character (state: 3)
[GLIDE],41.2333333333323,0.12145435986612,0.44535044562913,0.28340240274763,0.32389608576301,8.7554529702388,-19.2246731866423,60.254057173398,3.5879864392549,2.4402135065084,418.933258056641,255.828308105469,58.8
[VERBATIM] DIAGNOSIS turning block executed
[DIAG] _turn_input = 0.0
[DIAG] _poll_controls: ENTER, state=3
[VERBATIM] POLL: _poll_controls() entered, game_state=3
[VERBATIM] POLL: checking deploy state=3 canopy=true
[STEER_TELEM] canopy=true has_pc=false turn=0.0 state=3
[STEER_TELEM] /root/Main children: WorldEnvironment DirectionalLight3D AnimationPlayer HUD @MeshInstance3D@165 @MeshInstance3D@166 @MeshInstance3D@167 @MeshInstance3D@168 @Node3D@169 FlyingPlane @Camera3D@173 @MeshInstance3D@174 @MeshInstance3D@175 @MeshInstance3D@176 @MeshInstance3D@177 @MeshInstance3D@178 @MeshInstance3D@179 @MeshInstance3D@180 @MeshInstance3D@181 @MeshInstance3D@182 @MeshInstance3D@183 @MeshInstance3D@184 @MeshInstance3D@185 @MeshInstance3D@186 @MeshInstance3D@187 @MeshInstance3D@188 @MeshInstance3D@189 @MeshInstance3D@190 @MeshInstance3D@191 @MeshInstance3D@192 @MeshInstance3D@193 @MeshInstance3D@194 @MeshInstance3D@195 @MeshInstance3D@196 @MeshInstance3D@197 @MeshInstance3D@198 @MeshInstance3D@199 @MeshInstance3D@200 @MeshInstance3D@201 @MeshInstance3D@202 @MeshInstance3D@203 @MeshInstance3D@204 @MeshInstance3D@205 @MeshInstance3D@206 @MeshInstance3D@207 @MeshInstance3D@208 @MeshInstance3D@209 @MeshInstance3D@210 @MeshInstance3D@211 @MeshInstance3D@212 @MeshInstance3D@213 @MeshInstance3D@214 @MeshInstance3D@215 @CanvasLayer@217 @HTTPRequest@231 PiPLayer @HTTPRequest@240 OpeningAnimTimer 
[VERBATIM] ENTER _deploy_canopy gate=none
[VERBATIM] EXIT _deploy_canopy early=already_deployed_or_no_canopy
[ARMTEL],66.2666666666642,L,false,0.01666666666667,0.0,0.97163487892899,-1.97227714643211,1.00064226750313,-0.54683038499841,0.11234052011615,10.6723507666248,-2.0,20.0000085715136,0.0
[ARMTEL],66.2666666666642,R,false,0.01666666666667,0.0,3.56280356503304,0.47485612973442,-4.03765969476746,0.068378851678,0.4464900931571,42.4165642376308,-2.0,31.1334813777332,0.0
[DIAG] _physics_process: ENTER, state=3
[DIAG] _physics_process: camera target set to character (state: 3)
[GLIDE],41.2499999999989,0.11234052011615,0.4464900931571,0.27941530663662,0.33414957304095,8.78703077143794,-19.8639878505392,59.9229907092223,3.59338347743357,2.44533622047868,419.059997558594,255.901702880859,58.8
[VERBATIM] DIAGNOSIS turning block executed
[DIAG] _turn_input = 0.0
[ARMTEL],66.2833333333309,L,false,0.01666666666667,0.0,0.8987241609292,-1.91390634749443,1.01518218656523,-0.52991068188899,0.103508675418,9.8333254137285,-2.0,20.0000085715136,0.0
[ARMTEL],66.2833333333309,R,false,0.01666666666667,0.0,3.57192074525677,0.23932598087299,-3.81124672612976,0.00485807290917,0.44657106103892,42.4242561873806,-2.0,31.1428238260708,0.0
[DIAG] _physics_process: ENTER, state=3
[DIAG] _physics_process: camera target set to character (state: 3)
[GLIDE],41.2666666666656,0.103508675418,0.44657106103892,0.27503986822846,0.34306238562092,8.82168424363061,-20.4284389400554,59.5825167268881,3.59944691600091,2.450844379567,419.186798095703,255.976135253906,58.8
[VERBATIM] DIAGNOSIS turning block executed
[DIAG] _turn_input = 0.0
[DIAG] _poll_controls: ENTER, state=3
[VERBATIM] POLL: _poll_controls() entered, game_state=3
[VERBATIM] POLL: checking deploy state=3 canopy=true
[STEER_TELEM] canopy=true has_pc=false turn=0.0 state=3
[STEER_TELEM] /root/Main children: WorldEnvironment DirectionalLight3D AnimationPlayer HUD @MeshInstance3D@165 @MeshInstance3D@166 @MeshInstance3D@167 @MeshInstance3D@168 @Node3D@169 FlyingPlane @Camera3D@173 @MeshInstance3D@174 @MeshInstance3D@175 @MeshInstance3D@176 @MeshInstance3D@177 @MeshInstance3D@178 @MeshInstance3D@179 @MeshInstance3D@180 @MeshInstance3D@181 @MeshInstance3D@182 @MeshInstance3D@183 @MeshInstance3D@184 @MeshInstance3D@185 @MeshInstance3D@186 @MeshInstance3D@187 @MeshInstance3D@188 @MeshInstance3D@189 @MeshInstance3D@190 @MeshInstance3D@191 @MeshInstance3D@192 @MeshInstance3D@193 @MeshInstance3D@194 @MeshInstance3D@195 @MeshInstance3D@196 @MeshInstance3D@197 @MeshInstance3D@198 @MeshInstance3D@199 @MeshInstance3D@200 @MeshInstance3D@201 @MeshInstance3D@202 @MeshInstance3D@203 @MeshInstance3D@204 @MeshInstance3D@205 @MeshInstance3D@206 @MeshInstance3D@207 @MeshInstance3D@208 @MeshInstance3D@209 @MeshInstance3D@210 @MeshInstance3D@211 @MeshInstance3D@212 @MeshInstance3D@213 @MeshInstance3D@214 @MeshInstance3D@215 @CanvasLayer@217 @HTTPRequest@231 PiPLayer @HTTPRequest@240 OpeningAnimTimer 
[VERBATIM] ENTER _deploy_canopy gate=none
[VERBATIM] EXIT _deploy_canopy early=already_deployed_or_no_canopy
[ARMTEL],66.2999999999975,L,false,0.01666666666667,0.0,0.828069403344,-1.85468738661146,1.02661798326746,-0.51280038216786,0.09496200238187,9.02139137216506,-2.0,20.0000085715136,0.0
[ARMTEL],66.2999999999975,R,false,0.01666666666667,0.0,3.57256848831133,0.01700325518208,-3.58957174349341,-0.05496812281572,0.44565492565865,42.3372233152009,-2.0,31.0371158926527,0.0
[DIAG] _physics_process: ENTER, state=3
[DIAG] _physics_process: camera target set to character (state: 3)
[GLIDE],41.2833333333323,0.09496200238187,0.44565492565865,0.27030846402026,0.35069292327678,8.85915696495953,-20.9210821977569,59.2338320235921,3.60616810337757,2.45666777338027,419.313659667969,256.051666259766,58.8
[VERBATIM] DIAGNOSIS turning block executed
[DIAG] _turn_input = 0.0
[ARMTEL],66.3166666666642,L,false,0.01666666666667,0.0,0.75969601905495,-1.79480133758753,1.03510531853257,-0.49554862685899,0.08670285860089,8.23677261331022,-2.0,20.0000085715136,0.0
[ARMTEL],66.3166666666642,R,false,0.01666666666667,0.0,3.56523940526923,-0.19238842985503,-3.3728509754142,-0.11118230573929,0.44380188722967,42.1611846420868,-2.0,30.8233037562665,0.0
[DIAG] _physics_process: ENTER, state=3
[DIAG] _physics_process: camera target set to character (state: 3)
[GLIDE],41.2999999999989,0.08670285860089,0.44380188722967,0.26525237291528,0.35709902862878,8.89920120651101,-21.344885682849,58.878083928878,3.61353782988615,2.46273918399559,419.440643310547,256.128326416016,58.8
[VERBATIM] DIAGNOSIS turning block executed
[DIAG] _turn_input = 0.0
[DIAG] _poll_controls: ENTER, state=3
[VERBATIM] POLL: _poll_controls() entered, game_state=3
[VERBATIM] POLL: checking deploy state=3 canopy=true
[STEER_TELEM] canopy=true has_pc=false turn=0.0 state=3
[STEER_TELEM] /root/Main children: WorldEnvironment DirectionalLight3D AnimationPlayer HUD @MeshInstance3D@165 @MeshInstance3D@166 @MeshInstance3D@167 @MeshInstance3D@168 @Node3D@169 FlyingPlane @Camera3D@173 @MeshInstance3D@174 @MeshInstance3D@175 @MeshInstance3D@176 @MeshInstance3D@177 @MeshInstance3D@178 @MeshInstance3D@179 @MeshInstance3D@180 @MeshInstance3D@181 @MeshInstance3D@182 @MeshInstance3D@183 @MeshInstance3D@184 @MeshInstance3D@185 @MeshInstance3D@186 @MeshInstance3D@187 @MeshInstance3D@188 @MeshInstance3D@189 @MeshInstance3D@190 @MeshInstance3D@191 @MeshInstance3D@192 @MeshInstance3D@193 @MeshInstance3D@194 @MeshInstance3D@195 @MeshInstance3D@196 @MeshInstance3D@197 @MeshInstance3D@198 @MeshInstance3D@199 @MeshInstance3D@200 @MeshInstance3D@201 @MeshInstance3D@202 @MeshInstance3D@203 @MeshInstance3D@204 @MeshInstance3D@205 @MeshInstance3D@206 @MeshInstance3D@207 @MeshInstance3D@208 @MeshInstance3D@209 @MeshInstance3D@210 @MeshInstance3D@211 @MeshInstance3D@212 @MeshInstance3D@213 @MeshInstance3D@214 @MeshInstance3D@215 @CanvasLayer@217 @HTTPRequest@231 PiPLayer @HTTPRequest@240 OpeningAnimTimer 
[VERBATIM] ENTER _deploy_canopy gate=none
[VERBATIM] EXIT _deploy_canopy early=already_deployed_or_no_canopy
[DEBUG] _input (build_terrain) called, event=InputEventKey: keycode=69 (E), mods=none, physical=false, location=unspecified, pressed=true, echo=false
[VERBATIM] INPUT: action=turn_right (E)
[AUDIT] _input: ENTER
2026-08-05T15:43:53 [INFO] InputManager ready
2026-08-05T15:43:53 [INFO] InputMap.has_action('restart') = true
[INPUT] unhandled_input triggered
2026-08-05T15:43:53 [INFO] InputManager: key=E code=69
[ARMTEL],66.3333333333309,L,false,0.01666666666667,0.0,0.69362286880709,-1.73442019400646,1.04079732519937,-0.47820200477233,0.07873282518801,7.47961934291457,-2.0,20.0000085715136,0.0
[ARMTEL],66.3333333333309,R,true,0.01666666666667,5.04791666666667,3.55041509783733,-0.38913807008753,1.88663963891687,-0.07973831175735,0.44247291536704,42.0349322991012,-2.0,30.6699608418945,0.01666666666667
[CTRL] pressed=turnright  key=E  state=3  deployed=true  alt_m=33.9
[DIAG] _physics_process: ENTER, state=3
[DIAG] _physics_process: camera target set to character (state: 3)
[GLIDE],41.3166666666656,0.07873282518801,0.44247291536704,0.26060287027753,0.36374009017903,8.93602526740197,-21.7808438939758,58.5150698639784,3.62048426509211,2.46818508605634,419.567657470703,256.206115722656,58.8
[VERBATIM] DIAGNOSIS turning block executed
[DIAG] _turn_input = 1.0
[ARMTEL],66.3499999999975,L,false,0.01666666666667,0.0,0.62986260150411,-1.67370701670316,1.04384441519905,-0.46080459785235,0.07105274855714,6.75001197030774,-2.0,20.0000085715136,0.0
[ARMTEL],66.3499999999975,R,true,0.01666666666667,5.09583333333333,3.53978332293635,-0.27908409115071,1.8351341015477,-0.04915274339822,0.44165370297707,41.9571071121688,-2.0,30.5754363309542,0.03333333333333
[DIAG] _physics_process: ENTER, state=3
[DIAG] _physics_process: camera target set to character (state: 3)
[GLIDE],41.3333333333323,0.07105274855714,0.44165370297707,0.25635322576711,0.37060095441993,8.96968245192451,-22.2279942428691,58.1446032932639,3.62697405813805,2.47304841670944,419.694641113281,256.285003662109,58.8
[VERBATIM] DIAGNOSIS turning block executed
[DIAG] _turn_input = 1.0
[DIAG] _poll_controls: ENTER, state=3
[VERBATIM] POLL: _poll_controls() entered, game_state=3
[VERBATIM] POLL: checking deploy state=3 canopy=true
[VERBATIM] POLL: turnright pressed - right turn
[VERBATIM] ENTER _rotate_arm gate=left=false
[VERBATIM] EXIT _rotate_arm ok=true shim=physics_driven idx=32
[STEER_TELEM] canopy=true has_pc=false turn=1.0 state=3
[STEER_TELEM] /root/Main children: WorldEnvironment DirectionalLight3D AnimationPlayer HUD @MeshInstance3D@165 @MeshInstance3D@166 @MeshInstance3D@167 @MeshInstance3D@168 @Node3D@169 FlyingPlane @Camera3D@173 @MeshInstance3D@174 @MeshInstance3D@175 @MeshInstance3D@176 @MeshInstance3D@177 @MeshInstance3D@178 @MeshInstance3D@179 @MeshInstance3D@180 @MeshInstance3D@181 @MeshInstance3D@182 @MeshInstance3D@183 @MeshInstance3D@184 @MeshInstance3D@185 @MeshInstance3D@186 @MeshInstance3D@187 @MeshInstance3D@188 @MeshInstance3D@189 @MeshInstance3D@190 @MeshInstance3D@191 @MeshInstance3D@192 @MeshInstance3D@193 @MeshInstance3D@194 @MeshInstance3D@195 @MeshInstance3D@196 @MeshInstance3D@197 @MeshInstance3D@198 @MeshInstance3D@199 @MeshInstance3D@200 @MeshInstance3D@201 @MeshInstance3D@202 @MeshInstance3D@203 @MeshInstance3D@204 @MeshInstance3D@205 @MeshInstance3D@206 @MeshInstance3D@207 @MeshInstance3D@208 @MeshInstance3D@209 @MeshInstance3D@210 @MeshInstance3D@211 @MeshInstance3D@212 @MeshInstance3D@213 @MeshInstance3D@214 @MeshInstance3D@215 @CanvasLayer@217 @HTTPRequest@231 PiPLayer @HTTPRequest@240 OpeningAnimTimer 
[VERBATIM] ENTER _deploy_canopy gate=none
[VERBATIM] EXIT _deploy_canopy early=already_deployed_or_no_canopy
[VERBATIM] ENTER _rotate_arm gate=left=false
[VERBATIM] EXIT _rotate_arm ok=true shim=physics_driven idx=32
[VERBATIM] ENTER _rotate_arm gate=left=false
[VERBATIM] EXIT _rotate_arm ok=true shim=physics_driven idx=32
[ARMTEL],66.3666666666642,L,false,0.01666666666667,0.0,0.56842198845713,-1.61281609248322,1.04439410402609,-0.44339802945191,0.06366278139961,6.04796500116895,-2.0,20.0000085715136,0.0
[ARMTEL],66.3666666666642,R,true,0.01666666666667,5.14375,3.53322962381659,-0.17203460189376,1.78255497807718,-0.0194434937636,0.44132964474768,41.9263215764661,-2.0,30.5380449950509,0.05
[DIAG] _physics_process: ENTER, state=3
[DIAG] _physics_process: camera target set to character (state: 3)
[GLIDE],41.3499999999989,0.06366278139961,0.44132964474768,0.25249621307364,0.37766686334807,9.00022999245673,-22.6853880232825,57.7665134928759,3.63297973869118,2.47736861744766,419.821533203125,256.365020751953,58.8
[VERBATIM] DIAGNOSIS turning block executed
[DIAG] _turn_input = 1.0
[ARMTEL],66.3833333333309,L,false,0.01666666666667,0.0,0.50930225119688,-1.5518931030817,1.04259085188482,-0.42602151525383,0.05656242281205,5.37343084967178,-2.0,20.0000085715136,0.0
[ARMTEL],66.3833333333309,R,true,0.01666666666667,5.19166666666667,3.53063715798144,-0.06805222817259,1.72908173685782,0.00937453518403,0.44148588700075,41.9411645923928,-2.0,30.556072948168,0.06666666666667
[DIAG] _physics_process: ENTER, state=3
[DIAG] _physics_process: camera target set to character (state: 3)
[GLIDE],41.3666666666656,0.05656242281205,0.44148588700075,0.2490241549064,0.3849234641887,9.02772869314134,-23.1520928847695,57.3806452781297,3.63847935691203,2.48118178161197,419.948272705078,256.446136474609,58.8
[VERBATIM] DIAGNOSIS turning block executed
[DIAG] _turn_input = 1.0
[DIAG] _poll_controls: ENTER, state=3
[VERBATIM] POLL: _poll_controls() entered, game_state=3
[VERBATIM] POLL: checking deploy state=3 canopy=true
[VERBATIM] POLL: turnright pressed - right turn
[STEER_TELEM] canopy=true has_pc=false turn=1.0 state=3
[STEER_TELEM] /root/Main children: WorldEnvironment DirectionalLight3D AnimationPlayer HUD @MeshInstance3D@165 @MeshInstance3D@166 @MeshInstance3D@167 @MeshInstance3D@168 @Node3D@169 FlyingPlane @Camera3D@173 @MeshInstance3D@174 @MeshInstance3D@175 @MeshInstance3D@176 @MeshInstance3D@177 @MeshInstance3D@178 @MeshInstance3D@179 @MeshInstance3D@180 @MeshInstance3D@181 @MeshInstance3D@182 @MeshInstance3D@183 @MeshInstance3D@184 @MeshInstance3D@185 @MeshInstance3D@186 @MeshInstance3D@187 @MeshInstance3D@188 @MeshInstance3D@189 @MeshInstance3D@190 @MeshInstance3D@191 @MeshInstance3D@192 @MeshInstance3D@193 @MeshInstance3D@194 @MeshInstance3D@195 @MeshInstance3D@196 @MeshInstance3D@197 @MeshInstance3D@198 @MeshInstance3D@199 @MeshInstance3D@200 @MeshInstance3D@201 @MeshInstance3D@202 @MeshInstance3D@203 @MeshInstance3D@204 @MeshInstance3D@205 @MeshInstance3D@206 @MeshInstance3D@207 @MeshInstance3D@208 @MeshInstance3D@209 @MeshInstance3D@210 @MeshInstance3D@211 @MeshInstance3D@212 @MeshInstance3D@213 @MeshInstance3D@214 @MeshInstance3D@215 @CanvasLayer@217 @HTTPRequest@231 PiPLayer @HTTPRequest@240 OpeningAnimTimer 
[VERBATIM] ENTER _deploy_canopy gate=none
[VERBATIM] EXIT _deploy_canopy early=already_deployed_or_no_canopy
[ARMTEL],66.3999999999975,L,false,0.01666666666667,0.0,0.45249938249637,-1.49107530338841,1.03857592089205,-0.4087119165723,0.04975055753584,4.72630356623489,-2.0,20.0000085715136,0.0
[ARMTEL],66.3999999999975,R,true,0.01666666666667,5.23958333333333,3.53188709600598,0.03281087314411,1.67488536418324,0.03728929125375,0.44210737518831,42.0002059777106,-2.0,30.627783126998,0.08333333333333
[DIAG] _physics_process: ENTER, state=3
[DIAG] _physics_process: camera target set to character (state: 3)
[GLIDE],41.3833333333323,0.04975055753584,0.44210737518831,0.24592896636208,0.39235681765247,9.05224258641237,-23.627195121978,56.9868586927634,3.64345612391983,2.48452081719416,420.074798583984,256.528350830078,58.8
[VERBATIM] DIAGNOSIS turning block executed
[DIAG] _turn_input = 1.0
[ARMTEL],66.4166666666642,L,false,0.01666666666667,0.0,0.39800446028673,-1.43049170800305,1.03248724771632,-0.39150379577703,0.04322549427289,4.10642247751797,-2.0,20.0000085715136,0.0
[ARMTEL],66.4166666666642,R,true,0.01666666666667,5.2875,3.53685900150648,0.13051251938814,1.62012847910539,0.06429143257218,0.44317889906451,42.1020007588797,-2.0,30.7514205030911,0.1
[DIAG] _physics_process: ENTER, state=3
[DIAG] _physics_process: camera target set to character (state: 3)
[GLIDE],41.3999999999989,0.04322549427289,0.44317889906451,0.2432021966687,0.39995340479162,9.07383860238388,-24.1098017763027,56.5850286631584,3.64789805540891,2.48741561977854,420.201019287109,256.611633300781,58.8
[VERBATIM] DIAGNOSIS turning block executed
[DIAG] _turn_input = 1.0
[DIAG] _poll_controls: ENTER, state=3
[VERBATIM] POLL: _poll_controls() entered, game_state=3
[VERBATIM] POLL: checking deploy state=3 canopy=true
[VERBATIM] POLL: turnright pressed - right turn
[STEER_TELEM] canopy=true has_pc=false turn=1.0 state=3
[STEER_TELEM] /root/Main children: WorldEnvironment DirectionalLight3D AnimationPlayer HUD @MeshInstance3D@165 @MeshInstance3D@166 @MeshInstance3D@167 @MeshInstance3D@168 @Node3D@169 FlyingPlane @Camera3D@173 @MeshInstance3D@174 @MeshInstance3D@175 @MeshInstance3D@176 @MeshInstance3D@177 @MeshInstance3D@178 @MeshInstance3D@179 @MeshInstance3D@180 @MeshInstance3D@181 @MeshInstance3D@182 @MeshInstance3D@183 @MeshInstance3D@184 @MeshInstance3D@185 @MeshInstance3D@186 @MeshInstance3D@187 @MeshInstance3D@188 @MeshInstance3D@189 @MeshInstance3D@190 @MeshInstance3D@191 @MeshInstance3D@192 @MeshInstance3D@193 @MeshInstance3D@194 @MeshInstance3D@195 @MeshInstance3D@196 @MeshInstance3D@197 @MeshInstance3D@198 @MeshInstance3D@199 @MeshInstance3D@200 @MeshInstance3D@201 @MeshInstance3D@202 @MeshInstance3D@203 @MeshInstance3D@204 @MeshInstance3D@205 @MeshInstance3D@206 @MeshInstance3D@207 @MeshInstance3D@208 @MeshInstance3D@209 @MeshInstance3D@210 @MeshInstance3D@211 @MeshInstance3D@212 @MeshInstance3D@213 @MeshInstance3D@214 @MeshInstance3D@215 @CanvasLayer@217 @HTTPRequest@231 PiPLayer @HTTPRequest@240 OpeningAnimTimer 
[VERBATIM] ENTER _deploy_canopy gate=none
[VERBATIM] EXIT _deploy_canopy early=already_deployed_or_no_canopy
[ARMTEL],66.4333333333309,L,false,0.01666666666667,0.0,0.34580395418312,-1.37026328521959,1.02445933103647,-0.37442947359309,0.03698500304634,3.51357573569282,-2.0,20.0000085715136,0.0
[ARMTEL],66.4333333333309,R,true,0.01666666666667,5.33541666666667,3.5454311925161,0.22502001400262,1.56496546014795,0.09037419024131,0.44468513556853,42.2450932449373,-2.0,30.9252170308855,0.11666666666667
[DIAG] _physics_process: ENTER, state=3
[DIAG] _physics_process: camera target set to character (state: 3)
[GLIDE],41.4166666666656,0.03698500304634,0.44468513556853,0.24083506930744,0.4077001325222,9.0925862510851,-24.5990425483732,56.1750446206855,3.65179762063105,2.48989325139926,420.326904296875,256.695983886719,58.8
[VERBATIM] DIAGNOSIS turning block executed
[DIAG] _turn_input = 1.0
[ARMTEL],66.4499999999975,L,false,0.01666666666667,0.0,0.29588002437071,-1.3105031575758,1.01462313320509,-0.35751908803967,0.03102635157901,2.94750377439483,-2.0,20.0000085715136,0.0
[ARMTEL],66.4499999999975,R,true,0.01666666666667,5.38333333333333,3.55748108454827,0.31630966584458,1.50954258294048,0.11553323329032,0.44661068945671,42.4280208875489,-2.0,31.147396336029,0.13333333333333
[DIAG] _physics_process: ENTER, state=3
[DIAG] _physics_process: camera target set to character (state: 3)
[GLIDE],41.4333333333323,0.03102635157901,0.44661068945671,0.23881852051786,0.4155843378777,9.10855731749856,-25.094071521356,55.7568100953295,3.65515139857357,2.49197812190576,420.452392578125,256.781402587891,58.8
[VERBATIM] DIAGNOSIS turning block executed
[DIAG] _turn_input = 1.0
[DIAG] _poll_controls: ENTER, state=3
[VERBATIM] POLL: _poll_controls() entered, game_state=3
[VERBATIM] POLL: checking deploy state=3 canopy=true
[VERBATIM] POLL: turnright pressed - right turn
[STEER_TELEM] canopy=true has_pc=false turn=1.0 state=3
[STEER_TELEM] /root/Main children: WorldEnvironment DirectionalLight3D AnimationPlayer HUD @MeshInstance3D@165 @MeshInstance3D@166 @MeshInstance3D@167 @MeshInstance3D@168 @Node3D@169 FlyingPlane @Camera3D@173 @MeshInstance3D@174 @MeshInstance3D@175 @MeshInstance3D@176 @MeshInstance3D@177 @MeshInstance3D@178 @MeshInstance3D@179 @MeshInstance3D@180 @MeshInstance3D@181 @MeshInstance3D@182 @MeshInstance3D@183 @MeshInstance3D@184 @MeshInstance3D@185 @MeshInstance3D@186 @MeshInstance3D@187 @MeshInstance3D@188 @MeshInstance3D@189 @MeshInstance3D@190 @MeshInstance3D@191 @MeshInstance3D@192 @MeshInstance3D@193 @MeshInstance3D@194 @MeshInstance3D@195 @MeshInstance3D@196 @MeshInstance3D@197 @MeshInstance3D@198 @MeshInstance3D@199 @MeshInstance3D@200 @MeshInstance3D@201 @MeshInstance3D@202 @MeshInstance3D@203 @MeshInstance3D@204 @MeshInstance3D@205 @MeshInstance3D@206 @MeshInstance3D@207 @MeshInstance3D@208 @MeshInstance3D@209 @MeshInstance3D@210 @MeshInstance3D@211 @MeshInstance3D@212 @MeshInstance3D@213 @MeshInstance3D@214 @MeshInstance3D@215 @CanvasLayer@217 @HTTPRequest@231 PiPLayer @HTTPRequest@240 OpeningAnimTimer 
[VERBATIM] ENTER _deploy_canopy gate=none
[VERBATIM] EXIT _deploy_canopy early=already_deployed_or_no_canopy
[ARMTEL],66.4666666666642,L,false,0.01666666666667,0.0,0.24821081263209,-1.25131680813884,1.00310599550675,-0.34080065478122,0.02534634066599,2.40790266911834,-2.0,20.0000085715136,0.0
[ARMTEL],66.4666666666642,R,true,0.01666666666667,5.43125,3.57288551565365,0.40436631651611,1.45399816783024,0.13976653608749,0.44894013172483,42.6493179311297,-2.0,31.4161781487235,0.15
[DIAG] _physics_process: ENTER, state=3
[DIAG] _physics_process: camera target set to character (state: 3)
[GLIDE],41.4499999999989,0.02534634066599,0.44894013172483,0.23714323619541,0.42359379105884,9.12182556933235,-25.5940686964099,55.3302422837227,3.65795974282766,2.49369217012789,420.577423095703,256.867889404297,58.8
[VERBATIM] DIAGNOSIS turning block executed
[DIAG] _turn_input = 1.0
[ARMTEL],66.4833333333308,L,false,0.01666666666667,0.0,0.20277072532793,-1.19280229173428,0.99003156640635,-0.32430012867445,0.01994133852142,1.89442740016272,-2.0,20.0000085715136,0.0
[ARMTEL],66.4833333333308,R,true,0.01666666666667,5.47916666666667,3.59152105379865,0.48918287630621,1.39846273656181,0.16307424836352,0.45165803586422,42.9075188571683,-2.0,31.7297824871146,0.16666666666667
[DIAG] _physics_process: ENTER, state=3
[DIAG] _physics_process: camera target set to character (state: 3)
[GLIDE],41.4666666666656,0.01994133852142,0.45165803586422,0.23579968719282,0.43171669734281,9.13246647743287,-26.09824134286,54.895271594675,3.66022645635016,2.49505504272526,420.701934814453,256.955413818359,58.8
[VERBATIM] DIAGNOSIS turning block executed
[DIAG] _turn_input = 1.0
[DIAG] _poll_controls: ENTER, state=3
[VERBATIM] POLL: _poll_controls() entered, game_state=3
[VERBATIM] POLL: checking deploy state=3 canopy=true
[VERBATIM] POLL: turnright pressed - right turn
[STEER_TELEM] canopy=true has_pc=false turn=1.0 state=3
[STEER_TELEM] /root/Main children: WorldEnvironment DirectionalLight3D AnimationPlayer HUD @MeshInstance3D@165 @MeshInstance3D@166 @MeshInstance3D@167 @MeshInstance3D@168 @Node3D@169 FlyingPlane @Camera3D@173 @MeshInstance3D@174 @MeshInstance3D@175 @MeshInstance3D@176 @MeshInstance3D@177 @MeshInstance3D@178 @MeshInstance3D@179 @MeshInstance3D@180 @MeshInstance3D@181 @MeshInstance3D@182 @MeshInstance3D@183 @MeshInstance3D@184 @MeshInstance3D@185 @MeshInstance3D@186 @MeshInstance3D@187 @MeshInstance3D@188 @MeshInstance3D@189 @MeshInstance3D@190 @MeshInstance3D@191 @MeshInstance3D@192 @MeshInstance3D@193 @MeshInstance3D@194 @MeshInstance3D@195 @MeshInstance3D@196 @MeshInstance3D@197 @MeshInstance3D@198 @MeshInstance3D@199 @MeshInstance3D@200 @MeshInstance3D@201 @MeshInstance3D@202 @MeshInstance3D@203 @MeshInstance3D@204 @MeshInstance3D@205 @MeshInstance3D@206 @MeshInstance3D@207 @MeshInstance3D@208 @MeshInstance3D@209 @MeshInstance3D@210 @MeshInstance3D@211 @MeshInstance3D@212 @MeshInstance3D@213 @MeshInstance3D@214 @MeshInstance3D@215 @CanvasLayer@217 @HTTPRequest@231 PiPLayer @HTTPRequest@240 OpeningAnimTimer 
[VERBATIM] ENTER _deploy_canopy gate=none
[VERBATIM] EXIT _deploy_canopy early=already_deployed_or_no_canopy
[ARMTEL],66.4999999999975,L,false,0.01666666666667,0.0,0.15953070817133,-1.13505045036057,0.97551974218924,-0.30804146630463,0.01480731408301,1.40669501656248,-2.0,20.0000085715136,0.0
[ARMTEL],66.4999999999975,R,true,0.01666666666667,5.52708333333333,3.61326428691378,0.57075986927231,1.34305917714724,0.18545856798264,0.45474901199727,43.2011616271057,-2.0,32.0864335960102,0.18333333333333
[DIAG] _physics_process: ENTER, state=3
[DIAG] _physics_process: camera target set to character (state: 3)
[GLIDE],41.4833333333323,0.01480731408301,0.45474901199727,0.23477816304014,0.43994169791426,9.14055694872212,-26.6058251667507,54.4518411752292,3.66195847707152,2.49608426910177,420.825897216797,257.043975830078,58.8
[VERBATIM] DIAGNOSIS turning block executed
[DIAG] _turn_input = 1.0
[ARMTEL],66.5166666666642,L,false,0.01666666666667,0.0,0.11845851266405,-1.0781451320662,0.95968661940215,-0.29204668931459,0.0099398692611,0.94428769974656,-2.0,20.0000085715136,0.0
[ARMTEL],66.5166666666642,R,true,0.01666666666667,5.575,3.63799209597814,0.64910498793923,1.28790291608263,0.20692361658402,0.45819773894033,43.5287907283121,-2.0,32.4843636464476,0.2
[DIAG] _physics_process: ENTER, state=3
[DIAG] _physics_process: camera target set to character (state: 3)
[GLIDE],41.4999999999989,0.0099398692611,0.45819773894033,0.23406880410072,0.44825786967924,9.14617507152234,-27.1160853024039,53.9999064201891,3.66316557508696,2.4967954311771,420.94921875,257.133575439453,58.8
[VERBATIM] DIAGNOSIS turning block executed
[DIAG] _turn_input = 1.0
[DIAG] _poll_controls: ENTER, state=3
[VERBATIM] POLL: _poll_controls() entered, game_state=3
[VERBATIM] POLL: checking deploy state=3 canopy=true
[VERBATIM] POLL: turnright pressed - right turn
[STEER_TELEM] canopy=true has_pc=false turn=1.0 state=3
[STEER_TELEM] /root/Main children: WorldEnvironment DirectionalLight3D AnimationPlayer HUD @MeshInstance3D@165 @MeshInstance3D@166 @MeshInstance3D@167 @MeshInstance3D@168 @Node3D@169 FlyingPlane @Camera3D@173 @MeshInstance3D@174 @MeshInstance3D@175 @MeshInstance3D@176 @MeshInstance3D@177 @MeshInstance3D@178 @MeshInstance3D@179 @MeshInstance3D@180 @MeshInstance3D@181 @MeshInstance3D@182 @MeshInstance3D@183 @MeshInstance3D@184 @MeshInstance3D@185 @MeshInstance3D@186 @MeshInstance3D@187 @MeshInstance3D@188 @MeshInstance3D@189 @MeshInstance3D@190 @MeshInstance3D@191 @MeshInstance3D@192 @MeshInstance3D@193 @MeshInstance3D@194 @MeshInstance3D@195 @MeshInstance3D@196 @MeshInstance3D@197 @MeshInstance3D@198 @MeshInstance3D@199 @MeshInstance3D@200 @MeshInstance3D@201 @MeshInstance3D@202 @MeshInstance3D@203 @MeshInstance3D@204 @MeshInstance3D@205 @MeshInstance3D@206 @MeshInstance3D@207 @MeshInstance3D@208 @MeshInstance3D@209 @MeshInstance3D@210 @MeshInstance3D@211 @MeshInstance3D@212 @MeshInstance3D@213 @MeshInstance3D@214 @MeshInstance3D@215 @CanvasLayer@217 @HTTPRequest@231 PiPLayer @HTTPRequest@240 OpeningAnimTimer 
[VERBATIM] ENTER _deploy_canopy gate=none
[VERBATIM] EXIT _deploy_canopy early=already_deployed_or_no_canopy
[ARMTEL],66.5333333333308,L,false,0.01666666666667,0.0,0.07951895408877,-1.02216341260107,0.9426444585123,-0.27633594833939,0.00533427012211,0.50675572596768,-2.0,20.0000085715136,0.0
[ARMTEL],66.5333333333308,R,true,0.01666666666667,5.62291666666667,3.66558191152267,0.72423265804405,1.23310209709994,0.22747531820235,0.46198899424371,43.8889600278808,-2.0,32.9218162018391,0.21666666666667
[DIAG] _physics_process: ENTER, state=3
[DIAG] _physics_process: camera target set to character (state: 3)
[GLIDE],41.5166666666656,0.00533427012211,0.46198899424371,0.23366163218291,0.4566547241216,9.14939987311138,-27.6283171324533,53.5394344679816,3.66386006198411,2.49720232714255,421.071868896484,257.224182128906,58.8
[VERBATIM] DIAGNOSIS turning block executed
[DIAG] _turn_input = 1.0
[ARMTEL],66.5499999999975,L,false,0.01666666666667,0.0,0.04267416097685,-0.96717581918786,0.924501658211,-0.2609275873692,0.00098547699929,0.09362032682376,-2.0,20.0000085715136,0.0
[ARMTEL],66.5499999999975,R,true,0.01666666666667,5.67083333333333,3.69591195394965,0.79616361370822,1.17875776567546,0.24712128096361,0.46610768225977,44.2802354391059,-2.0,33.3970494566091,0.23333333333333
[PIPLIVE] eye=(421.0719, 34.78553, 257.2242) state=3 deployed=true framing=canopy
[DIAG] _physics_process: ENTER, state=3
[DIAG] _physics_process: camera target set to character (state: 3)
[GLIDE],41.5333333333323,0.00098547699929,0.46610768225977,0.23354657962953,0.46512220526048,9.15031108933415,-28.1418469425531,53.0704036856057,3.66405651270351,2.49731712860035,421.193786621094,257.315826416016,58.8
[VERBATIM] DIAGNOSIS turning block executed
[DIAG] _turn_input = 1.0
[DIAG] _poll_controls: ENTER, state=3
[VERBATIM] POLL: _poll_controls() entered, game_state=3
[VERBATIM] POLL: checking deploy state=3 canopy=true
[VERBATIM] POLL: turnright pressed - right turn
[STEER_TELEM] canopy=true has_pc=false turn=1.0 state=3
[STEER_TELEM] /root/Main children: WorldEnvironment DirectionalLight3D AnimationPlayer HUD @MeshInstance3D@165 @MeshInstance3D@166 @MeshInstance3D@167 @MeshInstance3D@168 @Node3D@169 FlyingPlane @Camera3D@173 @MeshInstance3D@174 @MeshInstance3D@175 @MeshInstance3D@176 @MeshInstance3D@177 @MeshInstance3D@178 @MeshInstance3D@179 @MeshInstance3D@180 @MeshInstance3D@181 @MeshInstance3D@182 @MeshInstance3D@183 @MeshInstance3D@184 @MeshInstance3D@185 @MeshInstance3D@186 @MeshInstance3D@187 @MeshInstance3D@188 @MeshInstance3D@189 @MeshInstance3D@190 @MeshInstance3D@191 @MeshInstance3D@192 @MeshInstance3D@193 @MeshInstance3D@194 @MeshInstance3D@195 @MeshInstance3D@196 @MeshInstance3D@197 @MeshInstance3D@198 @MeshInstance3D@199 @MeshInstance3D@200 @MeshInstance3D@201 @MeshInstance3D@202 @MeshInstance3D@203 @MeshInstance3D@204 @MeshInstance3D@205 @MeshInstance3D@206 @MeshInstance3D@207 @MeshInstance3D@208 @MeshInstance3D@209 @MeshInstance3D@210 @MeshInstance3D@211 @MeshInstance3D@212 @MeshInstance3D@213 @MeshInstance3D@214 @MeshInstance3D@215 @CanvasLayer@217 @HTTPRequest@231 PiPLayer @HTTPRequest@240 OpeningAnimTimer 
[VERBATIM] ENTER _deploy_canopy gate=none
[VERBATIM] EXIT _deploy_canopy early=already_deployed_or_no_canopy
[ARMTEL],66.5666666666642,R,true,0.01666666666667,5.71875,3.72886145807813,0.86492448337262,1.12496405854925,0.26587068193943,0.47053886029209,44.7011974056468,-2.0,33.9083392533976,0.25
[DIAG] _physics_process: ENTER, state=3
[DIAG] _physics_process: camera target set to character (state: 3)
[GLIDE],41.5499999999989,0.0,0.47053886029209,0.23526943014605,0.47053886029209,9.13666611324332,-28.4508820576804,52.5962223179777,3.66112459491054,2.49559005064852,421.314758300781,257.408325195312,58.8
[VERBATIM] DIAGNOSIS turning block executed
[DIAG] _turn_input = 1.0
[ARMTEL],66.5833333333308,R,true,0.01666666666667,5.76666666666667,3.76431088233672,0.93054738678799,1.07180839754195,0.28373415523179,0.47526776287929,45.1504432084932,-2.0,34.4539818850416,0.26666666666667
[DIAG] _physics_process: ENTER, state=3
[DIAG] _physics_process: camera target set to character (state: 3)
[GLIDE],41.5666666666656,0.0,0.47526776287929,0.23763388143964,0.47526776287929,9.11793965899802,-28.7108972787853,52.1177073633313,3.65713517918634,2.49319185981707,421.434692382812,257.501647949219,58.8
[VERBATIM] DIAGNOSIS turning block executed
[DIAG] _turn_input = 1.0
[DIAG] _poll_controls: ENTER, state=3
[VERBATIM] POLL: _poll_controls() entered, game_state=3
[VERBATIM] POLL: checking deploy state=3 canopy=true
[VERBATIM] POLL: turnright pressed - right turn
[STEER_TELEM] canopy=true has_pc=false turn=1.0 state=3
[STEER_TELEM] /root/Main children: WorldEnvironment DirectionalLight3D AnimationPlayer HUD @MeshInstance3D@165 @MeshInstance3D@166 @MeshInstance3D@167 @MeshInstance3D@168 @Node3D@169 FlyingPlane @Camera3D@173 @MeshInstance3D@174 @MeshInstance3D@175 @MeshInstance3D@176 @MeshInstance3D@177 @MeshInstance3D@178 @MeshInstance3D@179 @MeshInstance3D@180 @MeshInstance3D@181 @MeshInstance3D@182 @MeshInstance3D@183 @MeshInstance3D@184 @MeshInstance3D@185 @MeshInstance3D@186 @MeshInstance3D@187 @MeshInstance3D@188 @MeshInstance3D@189 @MeshInstance3D@190 @MeshInstance3D@191 @MeshInstance3D@192 @MeshInstance3D@193 @MeshInstance3D@194 @MeshInstance3D@195 @MeshInstance3D@196 @MeshInstance3D@197 @MeshInstance3D@198 @MeshInstance3D@199 @MeshInstance3D@200 @MeshInstance3D@201 @MeshInstance3D@202 @MeshInstance3D@203 @MeshInstance3D@204 @MeshInstance3D@205 @MeshInstance3D@206 @MeshInstance3D@207 @MeshInstance3D@208 @MeshInstance3D@209 @MeshInstance3D@210 @MeshInstance3D@211 @MeshInstance3D@212 @MeshInstance3D@213 @MeshInstance3D@214 @MeshInstance3D@215 @CanvasLayer@217 @HTTPRequest@231 PiPLayer @HTTPRequest@240 OpeningAnimTimer 
[VERBATIM] ENTER _deploy_canopy gate=none
[VERBATIM] EXIT _deploy_canopy early=already_deployed_or_no_canopy
[DEBUG] _input (build_terrain) called, event=InputEventKey: keycode=69 (E), mods=none, physical=false, location=unspecified, pressed=false, echo=false
[AUDIT] _input: ENTER
2026-08-05T15:43:53 [INFO] InputManager ready
2026-08-05T15:43:53 [INFO] InputMap.has_action('restart') = true
[INPUT] unhandled_input triggered
[ARMTEL],66.5999999999975,R,false,0.01666666666667,0.0,3.80214210303429,0.99306954331127,-4.79521164634557,0.20381396112603,0.47866466223139,45.4731486879325,-2.0,34.8459318285503,0.0
[DIAG] _physics_process: ENTER, state=3
[DIAG] _physics_process: camera target set to character (state: 3)
[GLIDE],41.5833333333323,0.0,0.47866466223139,0.23933233111569,0.47866466223139,9.10448793756371,-28.8973550057895,51.6360847799014,3.65429409927208,2.49144915275902,421.553680419922,257.595825195312,58.8
[VERBATIM] DIAGNOSIS turning block executed
[DIAG] _turn_input = 0.0
[ARMTEL],66.6166666666642,R,false,0.01666666666667,0.0,3.8293172978511,0.71334886394111,-4.54266616179221,0.1281028584295,0.48079970987188,45.6759782395424,-2.0,35.0922834908572,0.0
[DIAG] _physics_process: ENTER, state=3
[DIAG] _physics_process: camera target set to character (state: 3)
[GLIDE],41.5999999999989,0.0,0.48079970987188,0.24039985493594,0.48079970987188,9.09603314890736,-29.0144127888864,51.15251123342,3.6525189700007,2.49034521753781,421.671752929688,257.69091796875,58.8
[VERBATIM] DIAGNOSIS turning block executed
[DIAG] _turn_input = 0.0
[AUDIT] _poll_fast: ENTER
[DIAG] _poll_controls: ENTER, state=3
[VERBATIM] POLL: _poll_controls() entered, game_state=3
[VERBATIM] POLL: checking deploy state=3 canopy=true
[STEER_TELEM] canopy=true has_pc=false turn=0.0 state=3
