[ARMTEL],7.99999999999998,L,false,0.01666666666667,0.0,6.18181867173,-4.47155075885702,-1.71026791287298,-1.30609039631655,0.75095916069431,71.3411293276331,-2.0,66.2645292692676,0.0
[DIAG] _physics_process: ENTER, state=3
[DIAG] _physics_process: camera target set to character (state: 3)
[GLIDE],3.03333333333333,0.75095916069431,0.0,0.37547958034715,-0.75095916069431,8.02620172365054,42.9781473701251,56.6015989834947,3.4994132073649,2.29358502355724,509.000885009766,655.123962402344,26.4
[VERBATIM] DIAGNOSIS turning block executed
[DIAG] _turn_input = 0.5
[DIAG] _poll_controls: ENTER, state=3
[VERBATIM] POLL: _poll_controls() entered, game_state=3
[VERBATIM] POLL: checking deploy state=3 canopy=true
[STEER_TELEM] canopy=true has_pc=false turn=0.0 state=3
[STEER_TELEM] /root/Main children: WorldEnvironment DirectionalLight3D AnimationPlayer HUD @MeshInstance3D@47 @MeshInstance3D@48 @MeshInstance3D@49 @MeshInstance3D@50 @Node3D@51 FlyingPlane @Camera3D@55 @MeshInstance3D@56 @MeshInstance3D@57 @MeshInstance3D@58 @MeshInstance3D@59 @MeshInstance3D@60 @MeshInstance3D@61 @MeshInstance3D@62 @MeshInstance3D@63 @MeshInstance3D@64 @MeshInstance3D@65 @MeshInstance3D@66 @MeshInstance3D@67 @MeshInstance3D@68 @MeshInstance3D@69 @MeshInstance3D@70 @MeshInstance3D@71 @MeshInstance3D@72 @MeshInstance3D@73 @MeshInstance3D@74 @MeshInstance3D@75 @MeshInstance3D@76 @MeshInstance3D@77 @MeshInstance3D@78 @MeshInstance3D@79 @MeshInstance3D@80 @MeshInstance3D@81 @MeshInstance3D@82 @MeshInstance3D@83 @MeshInstance3D@84 @MeshInstance3D@85 @MeshInstance3D@86 @MeshInstance3D@87 @MeshInstance3D@88 @MeshInstance3D@89 @MeshInstance3D@90 @MeshInstance3D@91 @MeshInstance3D@92 @MeshInstance3D@93 @MeshInstance3D@94 @MeshInstance3D@95 @MeshInstance3D@96 @MeshInstance3D@97 @CanvasLayer@99 @HTTPRequest@113 PiPLayer @HTTPRequest@122 OpeningAnimTimer 
[VERBATIM] ENTER _deploy_canopy gate=none
[VERBATIM] EXIT _deploy_canopy early=already_deployed_or_no_canopy
[VERBATIM] Wind updated: 12.5 kts @ 240.0°
[ARMTEL],8.01666666666664,L,false,0.01666666666667,0.0,6.00767328555446,-4.57131638710794,-1.43635689844652,-1.33002967795733,0.72879199939502,69.2352487367139,-2.0,63.7067797693795,0.0
[DIAG] _physics_process: ENTER, state=3
[DIAG] _physics_process: camera target set to character (state: 3)
[GLIDE],3.04999999999999,0.72879199939502,0.0,0.36439599969751,-0.72879199939502,8.11398368239573,41.8957810149183,57.29986200041,3.50623607467256,2.31415783466705,509.114685058594,655.197021484375,26.4
[VERBATIM] DIAGNOSIS turning block executed
[DIAG] _turn_input = 0.5
[ARMTEL],8.03333333333331,L,false,0.01666666666667,0.0,5.83033599516015,-4.65510387285066,-1.17523212230949,-1.34961687999582,0.70629838472842,67.0983550719613,-2.0,61.1113625715081,0.0
[DIAG] _physics_process: ENTER, state=3
[DIAG] _physics_process: camera target set to character (state: 3)
[GLIDE],3.06666666666666,0.70629838472842,0.0,0.35314919236421,-0.70629838472842,8.20305839647545,40.785891155491,57.9796268530015,3.51427506120329,2.33421068459755,509.230590820312,655.26953125,26.4
[VERBATIM] DIAGNOSIS turning block executed
[DIAG] _turn_input = 0.5
[DIAG] _poll_controls: ENTER, state=3
[VERBATIM] POLL: _poll_controls() entered, game_state=3
[VERBATIM] POLL: checking deploy state=3 canopy=true
[STEER_TELEM] canopy=true has_pc=false turn=0.0 state=3
[STEER_TELEM] /root/Main children: WorldEnvironment DirectionalLight3D AnimationPlayer HUD @MeshInstance3D@47 @MeshInstance3D@48 @MeshInstance3D@49 @MeshInstance3D@50 @Node3D@51 FlyingPlane @Camera3D@55 @MeshInstance3D@56 @MeshInstance3D@57 @MeshInstance3D@58 @MeshInstance3D@59 @MeshInstance3D@60 @MeshInstance3D@61 @MeshInstance3D@62 @MeshInstance3D@63 @MeshInstance3D@64 @MeshInstance3D@65 @MeshInstance3D@66 @MeshInstance3D@67 @MeshInstance3D@68 @MeshInstance3D@69 @MeshInstance3D@70 @MeshInstance3D@71 @MeshInstance3D@72 @MeshInstance3D@73 @MeshInstance3D@74 @MeshInstance3D@75 @MeshInstance3D@76 @MeshInstance3D@77 @MeshInstance3D@78 @MeshInstance3D@79 @MeshInstance3D@80 @MeshInstance3D@81 @MeshInstance3D@82 @MeshInstance3D@83 @MeshInstance3D@84 @MeshInstance3D@85 @MeshInstance3D@86 @MeshInstance3D@87 @MeshInstance3D@88 @MeshInstance3D@89 @MeshInstance3D@90 @MeshInstance3D@91 @MeshInstance3D@92 @MeshInstance3D@93 @MeshInstance3D@94 @MeshInstance3D@95 @MeshInstance3D@96 @MeshInstance3D@97 @CanvasLayer@99 @HTTPRequest@113 PiPLayer @HTTPRequest@122 OpeningAnimTimer 
[VERBATIM] ENTER _deploy_canopy gate=none
[VERBATIM] EXIT _deploy_canopy early=already_deployed_or_no_canopy
[ARMTEL],8.04999999999998,L,false,0.01666666666667,0.0,5.65038707782737,-4.72365907998538,-0.926727997842,-1.36506234662652,0.68354734561798,64.937006081937,-2.0,58.4862425518088,0.0
[DIAG] _physics_process: ENTER, state=3
[DIAG] _physics_process: camera target set to character (state: 3)
[GLIDE],3.08333333333333,0.68354734561798,0.0,0.34177367280899,-0.68354734561798,8.2931525113528,39.6514299930797,58.6404840195529,3.52352836539618,2.35364999266022,509.3486328125,655.341491699219,26.4
[VERBATIM] DIAGNOSIS turning block executed
[DIAG] _turn_input = 0.5
[ARMTEL],8.06666666666665,L,false,0.01666666666667,0.0,5.46837876494383,-4.77771821319283,-0.69066055175101,-1.37657335582237,0.66060445635427,62.7574313250377,-2.0,55.838985974932,0.0
[PIPLIVE] eye=(509.3486, 1839.009, 655.3415) state=3 deployed=true framing=canopy
[DIAG] _physics_process: ENTER, state=3
[DIAG] _physics_process: camera target set to character (state: 3)
[GLIDE],3.09999999999999,0.66060445635427,0.0,0.33030222817714,-0.66060445635427,8.38400635283708,38.4953140892454,59.282072587707,3.5339814225049,2.37239683815159,509.46875,655.412841796875,26.4
[VERBATIM] DIAGNOSIS turning block executed
[DIAG] _turn_input = 0.5
[DIAG] _poll_controls: ENTER, state=3
[VERBATIM] POLL: _poll_controls() entered, game_state=3
[VERBATIM] POLL: checking deploy state=3 canopy=true
[STEER_TELEM] canopy=true has_pc=false turn=0.0 state=3
[STEER_TELEM] /root/Main children: WorldEnvironment DirectionalLight3D AnimationPlayer HUD @MeshInstance3D@47 @MeshInstance3D@48 @MeshInstance3D@49 @MeshInstance3D@50 @Node3D@51 FlyingPlane @Camera3D@55 @MeshInstance3D@56 @MeshInstance3D@57 @MeshInstance3D@58 @MeshInstance3D@59 @MeshInstance3D@60 @MeshInstance3D@61 @MeshInstance3D@62 @MeshInstance3D@63 @MeshInstance3D@64 @MeshInstance3D@65 @MeshInstance3D@66 @MeshInstance3D@67 @MeshInstance3D@68 @MeshInstance3D@69 @MeshInstance3D@70 @MeshInstance3D@71 @MeshInstance3D@72 @MeshInstance3D@73 @MeshInstance3D@74 @MeshInstance3D@75 @MeshInstance3D@76 @MeshInstance3D@77 @MeshInstance3D@78 @MeshInstance3D@79 @MeshInstance3D@80 @MeshInstance3D@81 @MeshInstance3D@82 @MeshInstance3D@83 @MeshInstance3D@84 @MeshInstance3D@85 @MeshInstance3D@86 @MeshInstance3D@87 @MeshInstance3D@88 @MeshInstance3D@89 @MeshInstance3D@90 @MeshInstance3D@91 @MeshInstance3D@92 @MeshInstance3D@93 @MeshInstance3D@94 @MeshInstance3D@95 @MeshInstance3D@96 @MeshInstance3D@97 @CanvasLayer@99 @HTTPRequest@113 PiPLayer @HTTPRequest@122 OpeningAnimTimer 
[VERBATIM] ENTER _deploy_canopy gate=none
[VERBATIM] EXIT _deploy_canopy early=already_deployed_or_no_canopy
[ARMTEL],8.08333333333331,L,false,0.01666666666667,0.0,5.28483565083418,-4.8180067453783,-0.46682890545588,-1.38435383757997,0.63753189239461,60.5655374704574,-2.0,53.1767669324394,0.0
[DIAG] _physics_process: ENTER, state=3
[DIAG] _physics_process: camera target set to character (state: 3)
[GLIDE],3.11666666666666,0.63753189239461,0.0,0.3187659461973,-0.63753189239461,8.47537370611736,37.3204215825284,59.9040796140824,3.54560799808359,2.39038656013251,509.590972900391,655.483703613281,26.4
[VERBATIM] DIAGNOSIS turning block executed
[DIAG] _turn_input = 0.5
[ARMTEL],8.09999999999998,L,false,0.01666666666667,0.0,5.10025513915686,-4.84523843152989,-0.25501670762696,-1.38860411604042,0.6143884904606,58.3669140074599,-2.0,50.506374277142,0.0
[DIAG] _physics_process: ENTER, state=3
[DIAG] _physics_process: camera target set to character (state: 3)
[GLIDE],3.13333333333333,0.6143884904606,0.0,0.3071942452303,-0.6143884904606,8.56702157777602,36.1295886346684,60.5062394246602,3.55837134522738,2.40756816718031,509.715240478516,655.554016113281,26.4
[VERBATIM] DIAGNOSIS turning block executed
[DIAG] _turn_input = 0.5
[DIAG] _poll_controls: ENTER, state=3
[VERBATIM] POLL: _poll_controls() entered, game_state=3
[VERBATIM] POLL: checking deploy state=3 canopy=true
[STEER_TELEM] canopy=true has_pc=false turn=0.0 state=3
[STEER_TELEM] /root/Main children: WorldEnvironment DirectionalLight3D AnimationPlayer HUD @MeshInstance3D@47 @MeshInstance3D@48 @MeshInstance3D@49 @MeshInstance3D@50 @Node3D@51 FlyingPlane @Camera3D@55 @MeshInstance3D@56 @MeshInstance3D@57 @MeshInstance3D@58 @MeshInstance3D@59 @MeshInstance3D@60 @MeshInstance3D@61 @MeshInstance3D@62 @MeshInstance3D@63 @MeshInstance3D@64 @MeshInstance3D@65 @MeshInstance3D@66 @MeshInstance3D@67 @MeshInstance3D@68 @MeshInstance3D@69 @MeshInstance3D@70 @MeshInstance3D@71 @MeshInstance3D@72 @MeshInstance3D@73 @MeshInstance3D@74 @MeshInstance3D@75 @MeshInstance3D@76 @MeshInstance3D@77 @MeshInstance3D@78 @MeshInstance3D@79 @MeshInstance3D@80 @MeshInstance3D@81 @MeshInstance3D@82 @MeshInstance3D@83 @MeshInstance3D@84 @MeshInstance3D@85 @MeshInstance3D@86 @MeshInstance3D@87 @MeshInstance3D@88 @MeshInstance3D@89 @MeshInstance3D@90 @MeshInstance3D@91 @MeshInstance3D@92 @MeshInstance3D@93 @MeshInstance3D@94 @MeshInstance3D@95 @MeshInstance3D@96 @MeshInstance3D@97 @CanvasLayer@99 @HTTPRequest@113 PiPLayer @HTTPRequest@122 OpeningAnimTimer 
[VERBATIM] ENTER _deploy_canopy gate=none
[VERBATIM] EXIT _deploy_canopy early=already_deployed_or_no_canopy
[ARMTEL],8.11666666666665,L,false,0.01666666666667,0.0,4.9151079236848,-4.86011440614147,-0.05499351754333,-1.38952067466614,0.5912298125495,56.1668393264541,-2.0,47.8342190090206,0.0
[DIAG] _physics_process: ENTER, state=3
[DIAG] _physics_process: camera target set to character (state: 3)
[GLIDE],3.14999999999999,0.5912298125495,0.0,0.29561490627475,-0.5912298125495,8.65872994230399,34.925605276017,61.0883328459272,3.5722253963866,2.423903584321,509.841552734375,655.623779296875,26.4
[VERBATIM] DIAGNOSIS turning block executed
[DIAG] _turn_input = 0.5
[ARMTEL],8.13333333333332,L,false,0.01666666666667,0.0,4.72983850039598,-4.8633223613315,0.13348386093552,-1.38729594365055,0.56810821348866,53.9702871366703,-2.0,45.1663420699748,0.0
[DIAG] _physics_process: ENTER, state=3
[DIAG] _physics_process: camera target set to character (state: 3)
[GLIDE],3.16666666666666,0.56810821348866,0.0,0.28405410674433,-0.56810821348866,8.75029147458493,33.7112108053649,61.65018635935,3.58711596448566,2.4393667674024,509.969909667969,655.693054199219,26.4
[VERBATIM] DIAGNOSIS turning block executed
[DIAG] _turn_input = 0.5
[DIAG] _poll_controls: ENTER, state=3
[VERBATIM] POLL: _poll_controls() entered, game_state=3
[VERBATIM] POLL: checking deploy state=3 canopy=true
[STEER_TELEM] canopy=true has_pc=false turn=0.0 state=3
[STEER_TELEM] /root/Main children: WorldEnvironment DirectionalLight3D AnimationPlayer HUD @MeshInstance3D@47 @MeshInstance3D@48 @MeshInstance3D@49 @MeshInstance3D@50 @Node3D@51 FlyingPlane @Camera3D@55 @MeshInstance3D@56 @MeshInstance3D@57 @MeshInstance3D@58 @MeshInstance3D@59 @MeshInstance3D@60 @MeshInstance3D@61 @MeshInstance3D@62 @MeshInstance3D@63 @MeshInstance3D@64 @MeshInstance3D@65 @MeshInstance3D@66 @MeshInstance3D@67 @MeshInstance3D@68 @MeshInstance3D@69 @MeshInstance3D@70 @MeshInstance3D@71 @MeshInstance3D@72 @MeshInstance3D@73 @MeshInstance3D@74 @MeshInstance3D@75 @MeshInstance3D@76 @MeshInstance3D@77 @MeshInstance3D@78 @MeshInstance3D@79 @MeshInstance3D@80 @MeshInstance3D@81 @MeshInstance3D@82 @MeshInstance3D@83 @MeshInstance3D@84 @MeshInstance3D@85 @MeshInstance3D@86 @MeshInstance3D@87 @MeshInstance3D@88 @MeshInstance3D@89 @MeshInstance3D@90 @MeshInstance3D@91 @MeshInstance3D@92 @MeshInstance3D@93 @MeshInstance3D@94 @MeshInstance3D@95 @MeshInstance3D@96 @MeshInstance3D@97 @CanvasLayer@99 @HTTPRequest@113 PiPLayer @HTTPRequest@122 OpeningAnimTimer 
[VERBATIM] ENTER _deploy_canopy gate=none
[VERBATIM] EXIT _deploy_canopy early=already_deployed_or_no_canopy
[ARMTEL],8.14999999999998,L,false,0.01666666666667,0.0,4.54486570790924,-4.85553580277692,0.31067009486768,-1.38211810873609,0.54507291167639,51.7819331865425,-2.0,42.5084225062285,0.0
[DIAG] _physics_process: ENTER, state=3
[DIAG] _physics_process: camera target set to character (state: 3)
[GLIDE],3.18333333333333,0.54507291167639,0.0,0.27253645583819,-0.54507291167639,8.84151126976151,32.4890888852305,62.1916711741038,3.60298193184081,2.45394271662202,510.100250244141,655.761779785156,26.4
[VERBATIM] DIAGNOSIS turning block executed
[DIAG] _turn_input = 0.5
[ARMTEL],8.16666666666665,L,false,0.01666666666667,0.0,4.3605832934111,-4.83741338057631,0.47683008716521,-1.37417094061667,0.52217006266611,49.606162254202,-2.0,39.8657859588087,0.0
[DIAG] _physics_process: ENTER, state=3
[DIAG] _physics_process: camera target set to character (state: 3)
[GLIDE],3.19999999999999,0.52217006266611,0.0,0.26108503133305,-0.52217006266611,8.93220655184221,31.2618624598015,62.7127022151005,3.61975640893496,2.46762642088127,510.232543945312,655.830017089844,26.4
[VERBATIM] DIAGNOSIS turning block executed
[DIAG] _turn_input = 0.5
[DIAG] _poll_controls: ENTER, state=3
[VERBATIM] POLL: _poll_controls() entered, game_state=3
[VERBATIM] POLL: checking deploy state=3 canopy=true
[STEER_TELEM] canopy=true has_pc=false turn=0.0 state=3
[STEER_TELEM] /root/Main children: WorldEnvironment DirectionalLight3D AnimationPlayer HUD @MeshInstance3D@47 @MeshInstance3D@48 @MeshInstance3D@49 @MeshInstance3D@50 @Node3D@51 FlyingPlane @Camera3D@55 @MeshInstance3D@56 @MeshInstance3D@57 @MeshInstance3D@58 @MeshInstance3D@59 @MeshInstance3D@60 @MeshInstance3D@61 @MeshInstance3D@62 @MeshInstance3D@63 @MeshInstance3D@64 @MeshInstance3D@65 @MeshInstance3D@66 @MeshInstance3D@67 @MeshInstance3D@68 @MeshInstance3D@69 @MeshInstance3D@70 @MeshInstance3D@71 @MeshInstance3D@72 @MeshInstance3D@73 @MeshInstance3D@74 @MeshInstance3D@75 @MeshInstance3D@76 @MeshInstance3D@77 @MeshInstance3D@78 @MeshInstance3D@79 @MeshInstance3D@80 @MeshInstance3D@81 @MeshInstance3D@82 @MeshInstance3D@83 @MeshInstance3D@84 @MeshInstance3D@85 @MeshInstance3D@86 @MeshInstance3D@87 @MeshInstance3D@88 @MeshInstance3D@89 @MeshInstance3D@90 @MeshInstance3D@91 @MeshInstance3D@92 @MeshInstance3D@93 @MeshInstance3D@94 @MeshInstance3D@95 @MeshInstance3D@96 @MeshInstance3D@97 @CanvasLayer@99 @HTTPRequest@113 PiPLayer @HTTPRequest@122 OpeningAnimTimer 
[VERBATIM] ENTER _deploy_canopy gate=none
[VERBATIM] EXIT _deploy_canopy early=already_deployed_or_no_canopy
[ARMTEL],8.18333333333332,L,false,0.01666666666667,0.0,4.17736050132887,-4.80959829215834,0.63223779082947,-1.36363364410284,0.4994428352644,47.4470753767942,-2.0,37.2434134440907,0.0
[DIAG] _physics_process: ENTER, state=3
[DIAG] _physics_process: camera target set to character (state: 3)
[GLIDE],3.21666666666666,0.4994428352644,0.0,0.2497214176322,-0.4994428352644,9.022206372353,30.0320886092757,63.2132370252551,3.6373678484326,2.4804217632926,510.366790771484,655.897766113281,26.4
[VERBATIM] DIAGNOSIS turning block executed
[DIAG] _turn_input = 0.5
[ARMTEL],8.19999999999999,L,false,0.01666666666667,0.0,3.99554268211516,-4.77271775435995,0.77717507224479,-1.3506807262321,0.47693148982719,45.3084972886202,-2.0,34.6459503879773,0.0
[DIAG] _physics_process: ENTER, state=3
[DIAG] _physics_process: camera target set to character (state: 3)
[GLIDE],3.23333333333333,0.47693148982719,0.0,0.2384657449136,-0.47693148982719,9.11135130028431,28.8022534413846,63.6932745826115,3.65574110287811,2.49234041576715,510.5029296875,655.965087890625,26.4
[VERBATIM] DIAGNOSIS turning block executed
[DIAG] _turn_input = 0.5
[DIAG] _poll_controls: ENTER, state=3
[VERBATIM] POLL: _poll_controls() entered, game_state=3
[VERBATIM] POLL: checking deploy state=3 canopy=true
[STEER_TELEM] canopy=true has_pc=false turn=0.0 state=3
[STEER_TELEM] /root/Main children: WorldEnvironment DirectionalLight3D AnimationPlayer HUD @MeshInstance3D@47 @MeshInstance3D@48 @MeshInstance3D@49 @MeshInstance3D@50 @Node3D@51 FlyingPlane @Camera3D@55 @MeshInstance3D@56 @MeshInstance3D@57 @MeshInstance3D@58 @MeshInstance3D@59 @MeshInstance3D@60 @MeshInstance3D@61 @MeshInstance3D@62 @MeshInstance3D@63 @MeshInstance3D@64 @MeshInstance3D@65 @MeshInstance3D@66 @MeshInstance3D@67 @MeshInstance3D@68 @MeshInstance3D@69 @MeshInstance3D@70 @MeshInstance3D@71 @MeshInstance3D@72 @MeshInstance3D@73 @MeshInstance3D@74 @MeshInstance3D@75 @MeshInstance3D@76 @MeshInstance3D@77 @MeshInstance3D@78 @MeshInstance3D@79 @MeshInstance3D@80 @MeshInstance3D@81 @MeshInstance3D@82 @MeshInstance3D@83 @MeshInstance3D@84 @MeshInstance3D@85 @MeshInstance3D@86 @MeshInstance3D@87 @MeshInstance3D@88 @MeshInstance3D@89 @MeshInstance3D@90 @MeshInstance3D@91 @MeshInstance3D@92 @MeshInstance3D@93 @MeshInstance3D@94 @MeshInstance3D@95 @MeshInstance3D@96 @MeshInstance3D@97 @CanvasLayer@99 @HTTPRequest@113 PiPLayer @HTTPRequest@122 OpeningAnimTimer 
[VERBATIM] ENTER _deploy_canopy gate=none
[VERBATIM] EXIT _deploy_canopy early=already_deployed_or_no_canopy
[DEBUG] _input (build_terrain) called, event=InputEventMouseMotion: button_mask=0, position=((17.0, 17.0)), relative=((-22.0, 13.0)), velocity=((-104.7522, -68.7436)), pressure=0.00, tilt=((0.0, 0.0)), pen_inverted=(false)
[AUDIT] _input: ENTER
[AUDIT] _gui_input: ENTER
[ARMTEL],8.21666666666665,L,false,0.01666666666667,0.0,3.81545191861755,-4.72738254181234,0.91193062319479,-1.33548188251218,0.45467345845199,43.1939840393927,-2.0,32.0777158788413,0.0
[DIAG] _physics_process: ENTER, state=3
[DIAG] _physics_process: camera target set to character (state: 3)
[GLIDE],3.24999999999999,0.45467345845199,0.0,0.227336729226,-0.45467345845199,9.19949310453012,27.5747671084664,64.1528540344193,3.6747984172977,2.50340074743339,510.640930175781,656.031921386719,26.4
[VERBATIM] DIAGNOSIS turning block executed
[DIAG] _turn_input = 0.5
[ARMTEL],8.23333333333332,L,false,0.01666666666667,0.0,3.63738766761592,-4.67418658879264,1.03679892117672,-1.31820190049257,0.43270342677711,41.1068307651715,-2.0,29.542712105907,0.0
[DIAG] _physics_process: ENTER, state=3
[DIAG] _physics_process: camera target set to character (state: 3)
[GLIDE],3.26666666666666,0.43270342677711,0.0,0.21635171338856,-0.43270342677711,9.28649442996263,26.3519590266292,64.5920533515298,3.69446035041265,2.5136267679596,510.780731201172,656.098327636719,26.4
[VERBATIM] DIAGNOSIS turning block executed
[DIAG] _turn_input = 0.5
[DIAG] _poll_controls: ENTER, state=3
[VERBATIM] POLL: _poll_controls() entered, game_state=3
[VERBATIM] POLL: checking deploy state=3 canopy=true
[STEER_TELEM] canopy=true has_pc=false turn=0.0 state=3
[STEER_TELEM] /root/Main children: WorldEnvironment DirectionalLight3D AnimationPlayer HUD @MeshInstance3D@47 @MeshInstance3D@48 @MeshInstance3D@49 @MeshInstance3D@50 @Node3D@51 FlyingPlane @Camera3D@55 @MeshInstance3D@56 @MeshInstance3D@57 @MeshInstance3D@58 @MeshInstance3D@59 @MeshInstance3D@60 @MeshInstance3D@61 @MeshInstance3D@62 @MeshInstance3D@63 @MeshInstance3D@64 @MeshInstance3D@65 @MeshInstance3D@66 @MeshInstance3D@67 @MeshInstance3D@68 @MeshInstance3D@69 @MeshInstance3D@70 @MeshInstance3D@71 @MeshInstance3D@72 @MeshInstance3D@73 @MeshInstance3D@74 @MeshInstance3D@75 @MeshInstance3D@76 @MeshInstance3D@77 @MeshInstance3D@78 @MeshInstance3D@79 @MeshInstance3D@80 @MeshInstance3D@81 @MeshInstance3D@82 @MeshInstance3D@83 @MeshInstance3D@84 @MeshInstance3D@85 @MeshInstance3D@86 @MeshInstance3D@87 @MeshInstance3D@88 @MeshInstance3D@89 @MeshInstance3D@90 @MeshInstance3D@91 @MeshInstance3D@92 @MeshInstance3D@93 @MeshInstance3D@94 @MeshInstance3D@95 @MeshInstance3D@96 @MeshInstance3D@97 @CanvasLayer@99 @HTTPRequest@113 PiPLayer @HTTPRequest@122 OpeningAnimTimer 
[VERBATIM] ENTER _deploy_canopy gate=none
[VERBATIM] EXIT _deploy_canopy early=already_deployed_or_no_canopy
[DEBUG] _input (build_terrain) called, event=InputEventMouseMotion: button_mask=0, position=((35.0, 24.0)), relative=((18.0, 7.0)), velocity=((-104.7522, -68.7436)), pressure=0.00, tilt=((0.0, 0.0)), pen_inverted=(false)
[AUDIT] _input: ENTER
[AUDIT] _gui_input: ENTER
[ARMTEL],8.24999999999999,L,false,0.01666666666667,0.0,3.46162741421691,-4.613706651724,1.15207923750709,-1.29900057986745,0.41105341711266,39.0500795858017,-2.0,27.0446339512804,0.0
[DIAG] _physics_process: ENTER, state=3
[DIAG] _physics_process: camera target set to character (state: 3)
[GLIDE],3.28333333333333,0.41105341711266,0.0,0.20552670855633,-0.41105341711266,9.37222846823388,25.1360733623533,65.010987907569,3.71464662036719,2.52304712293398,510.922302246094,656.164306640625,26.4
[VERBATIM] DIAGNOSIS turning block executed
[DIAG] _turn_input = 0.5
[ARMTEL],8.26666666666666,L,false,0.01666666666667,0.0,3.28842733690125,-4.54650202953609,1.25807469263484,-1.27803266832354,0.3897528726406,37.0265276039267,-2.0,24.5868787053482,0.0
[DIAG] _physics_process: ENTER, state=3
[DIAG] _physics_process: camera target set to character (state: 3)
[GLIDE],3.29999999999999,0.3897528726406,0.0,0.1948764363203,-0.3897528726406,9.45657862434323,23.9292648413458,65.4098089882581,3.73527687278404,2.53169415452057,511.065612792969,656.229919433594,26.4
[VERBATIM] DIAGNOSIS turning block executed
[DIAG] _turn_input = 0.5
[DIAG] _poll_controls: ENTER, state=3
[VERBATIM] POLL: _poll_controls() entered, game_state=3
[VERBATIM] POLL: checking deploy state=3 canopy=true
[STEER_TELEM] canopy=true has_pc=false turn=0.0 state=3
[STEER_TELEM] /root/Main children: WorldEnvironment DirectionalLight3D AnimationPlayer HUD @MeshInstance3D@47 @MeshInstance3D@48 @MeshInstance3D@49 @MeshInstance3D@50 @Node3D@51 FlyingPlane @Camera3D@55 @MeshInstance3D@56 @MeshInstance3D@57 @MeshInstance3D@58 @MeshInstance3D@59 @MeshInstance3D@60 @MeshInstance3D@61 @MeshInstance3D@62 @MeshInstance3D@63 @MeshInstance3D@64 @MeshInstance3D@65 @MeshInstance3D@66 @MeshInstance3D@67 @MeshInstance3D@68 @MeshInstance3D@69 @MeshInstance3D@70 @MeshInstance3D@71 @MeshInstance3D@72 @MeshInstance3D@73 @MeshInstance3D@74 @MeshInstance3D@75 @MeshInstance3D@76 @MeshInstance3D@77 @MeshInstance3D@78 @MeshInstance3D@79 @MeshInstance3D@80 @MeshInstance3D@81 @MeshInstance3D@82 @MeshInstance3D@83 @MeshInstance3D@84 @MeshInstance3D@85 @MeshInstance3D@86 @MeshInstance3D@87 @MeshInstance3D@88 @MeshInstance3D@89 @MeshInstance3D@90 @MeshInstance3D@91 @MeshInstance3D@92 @MeshInstance3D@93 @MeshInstance3D@94 @MeshInstance3D@95 @MeshInstance3D@96 @MeshInstance3D@97 @CanvasLayer@99 @HTTPRequest@113 PiPLayer @HTTPRequest@122 OpeningAnimTimer 
[VERBATIM] ENTER _deploy_canopy gate=none
[VERBATIM] EXIT _deploy_canopy early=already_deployed_or_no_canopy
[DEBUG] _input (build_terrain) called, event=InputEventMouseMotion: button_mask=0, position=((48.0, 29.0)), relative=((13.0, 5.0)), velocity=((-104.7522, -68.7436)), pressure=0.00, tilt=((0.0, 0.0)), pen_inverted=(false)
[AUDIT] _input: ENTER
[AUDIT] _gui_input: ENTER
[ARMTEL],8.28333333333332,L,false,0.01666666666667,0.0,3.11802298112478,-4.47311433913239,1.35509135800761,-1.25544781235675,0.36882874243465,35.0387349818745,-2.0,22.1725558767609,0.0
[DIAG] _physics_process: ENTER, state=3
[DIAG] _physics_process: camera target set to character (state: 3)
[GLIDE],3.31666666666666,0.36882874243465,0.0,0.18441437121733,-0.36882874243465,9.53943817995878,22.7335949246094,65.7887022370016,3.75627137059503,2.53960303684013,511.210632324219,656.295104980469,26.4
[VERBATIM] DIAGNOSIS turning block executed
[DIAG] _turn_input = 0.5
[ARMTEL],8.29999999999999,L,false,0.01666666666667,0.0,2.95062993947721,-4.39406734324861,1.4434374037714,-1.23139052229389,0.34830556706309,33.0890330739268,-2.0,20.0000085715136,0.0
[DIAG] _physics_process: ENTER, state=3
[DIAG] _physics_process: camera target set to character (state: 3)
[GLIDE],3.33333333333333,0.34830556706309,0.0,0.17415278353154,-0.34830556706309,9.62070995443018,21.5510283875243,66.1478860434603,3.77755160646721,2.54681099206147,511.357269287109,656.359924316406,26.4
[VERBATIM] DIAGNOSIS turning block executed
[DIAG] _turn_input = 0.5
[DIAG] _poll_controls: ENTER, state=3
[VERBATIM] POLL: _poll_controls() entered, game_state=3
[VERBATIM] POLL: checking deploy state=3 canopy=true
[STEER_TELEM] canopy=true has_pc=false turn=0.0 state=3
[STEER_TELEM] /root/Main children: WorldEnvironment DirectionalLight3D AnimationPlayer HUD @MeshInstance3D@47 @MeshInstance3D@48 @MeshInstance3D@49 @MeshInstance3D@50 @Node3D@51 FlyingPlane @Camera3D@55 @MeshInstance3D@56 @MeshInstance3D@57 @MeshInstance3D@58 @MeshInstance3D@59 @MeshInstance3D@60 @MeshInstance3D@61 @MeshInstance3D@62 @MeshInstance3D@63 @MeshInstance3D@64 @MeshInstance3D@65 @MeshInstance3D@66 @MeshInstance3D@67 @MeshInstance3D@68 @MeshInstance3D@69 @MeshInstance3D@70 @MeshInstance3D@71 @MeshInstance3D@72 @MeshInstance3D@73 @MeshInstance3D@74 @MeshInstance3D@75 @MeshInstance3D@76 @MeshInstance3D@77 @MeshInstance3D@78 @MeshInstance3D@79 @MeshInstance3D@80 @MeshInstance3D@81 @MeshInstance3D@82 @MeshInstance3D@83 @MeshInstance3D@84 @MeshInstance3D@85 @MeshInstance3D@86 @MeshInstance3D@87 @MeshInstance3D@88 @MeshInstance3D@89 @MeshInstance3D@90 @MeshInstance3D@91 @MeshInstance3D@92 @MeshInstance3D@93 @MeshInstance3D@94 @MeshInstance3D@95 @MeshInstance3D@96 @MeshInstance3D@97 @CanvasLayer@99 @HTTPRequest@113 PiPLayer @HTTPRequest@122 OpeningAnimTimer 
[VERBATIM] ENTER _deploy_canopy gate=none
[VERBATIM] EXIT _deploy_canopy early=already_deployed_or_no_canopy
[DEBUG] _input (build_terrain) called, event=InputEventMouseMotion: button_mask=0, position=((49.0, 29.0)), relative=((1.0, 0.0)), velocity=((89.55847, 248.7735)), pressure=0.00, tilt=((0.0, 0.0)), pen_inverted=(false)
[AUDIT] _input: ENTER
[AUDIT] _gui_input: ENTER
[ARMTEL],8.31666666666666,L,false,0.01666666666667,0.0,2.7864445365047,-4.30986682802861,1.52342229152392,-1.20600015076849,0.32820556455028,31.1795325926673,-2.0,20.0000085715136,0.0
[DIAG] _physics_process: ENTER, state=3
[DIAG] _physics_process: camera target set to character (state: 3)
[GLIDE],3.34999999999999,0.32820556455028,0.0,0.16410278227514,-0.32820556455028,9.7003059643809,20.3834303292747,66.4876098822815,3.79904083977354,2.55335659012266,511.505523681641,656.424438476562,26.4
[VERBATIM] DIAGNOSIS turning block executed
[DIAG] _turn_input = 0.5
[ARMTEL],8.33333333333333,L,false,0.01666666666667,0.0,2.62564451640223,-4.22100052768972,1.59535601128749,-1.1794108839137,0.30854871648505,29.3121317892754,-2.0,20.0000085715136,0.0
[DIAG] _physics_process: ENTER, state=3
[DIAG] _physics_process: camera target set to character (state: 3)
[GLIDE],3.36666666666666,0.30854871648505,0.0,0.15427435824253,-0.30854871648505,9.7781470827192,19.2325636321787,66.8081526094845,3.82066456096167,2.55927913238686,511.655334472656,656.488647460938,26.4
[VERBATIM] DIAGNOSIS turning block executed
[DIAG] _turn_input = 0.5
[DIAG] _poll_controls: ENTER, state=3
[VERBATIM] POLL: _poll_controls() entered, game_state=3
[VERBATIM] POLL: checking deploy state=3 canopy=true
[STEER_TELEM] canopy=true has_pc=false turn=0.0 state=3
[STEER_TELEM] /root/Main children: WorldEnvironment DirectionalLight3D AnimationPlayer HUD @MeshInstance3D@47 @MeshInstance3D@48 @MeshInstance3D@49 @MeshInstance3D@50 @Node3D@51 FlyingPlane @Camera3D@55 @MeshInstance3D@56 @MeshInstance3D@57 @MeshInstance3D@58 @MeshInstance3D@59 @MeshInstance3D@60 @MeshInstance3D@61 @MeshInstance3D@62 @MeshInstance3D@63 @MeshInstance3D@64 @MeshInstance3D@65 @MeshInstance3D@66 @MeshInstance3D@67 @MeshInstance3D@68 @MeshInstance3D@69 @MeshInstance3D@70 @MeshInstance3D@71 @MeshInstance3D@72 @MeshInstance3D@73 @MeshInstance3D@74 @MeshInstance3D@75 @MeshInstance3D@76 @MeshInstance3D@77 @MeshInstance3D@78 @MeshInstance3D@79 @MeshInstance3D@80 @MeshInstance3D@81 @MeshInstance3D@82 @MeshInstance3D@83 @MeshInstance3D@84 @MeshInstance3D@85 @MeshInstance3D@86 @MeshInstance3D@87 @MeshInstance3D@88 @MeshInstance3D@89 @MeshInstance3D@90 @MeshInstance3D@91 @MeshInstance3D@92 @MeshInstance3D@93 @MeshInstance3D@94 @MeshInstance3D@95 @MeshInstance3D@96 @MeshInstance3D@97 @CanvasLayer@99 @HTTPRequest@113 PiPLayer @HTTPRequest@122 OpeningAnimTimer 
[VERBATIM] ENTER _deploy_canopy gate=none
[VERBATIM] EXIT _deploy_canopy early=already_deployed_or_no_canopy
[DEBUG] _input (build_terrain) called, event=InputEventMouseMotion: button_mask=0, position=((52.0, 43.0)), relative=((3.0, 14.0)), velocity=((89.55847, 248.7735)), pressure=0.00, tilt=((0.0, 0.0)), pen_inverted=(false)
[AUDIT] _input: ENTER
[AUDIT] _gui_input: ENTER
[ARMTEL],8.34999999999999,L,false,0.01666666666667,0.0,2.4683897318804,-4.12793809369795,1.65954836181754,-1.15175174455007,0.28935285407588,27.4885246287718,-2.0,20.0000085715136,0.0
[DIAG] _physics_process: ENTER, state=3
[DIAG] _physics_process: camera target set to character (state: 3)
[GLIDE],3.38333333333333,0.28935285407588,0.0,0.14467642703794,-0.28935285407588,9.8541626978595,18.1000868833898,67.1098207242077,3.84235088687467,2.56461811739291,511.806640625,656.552551269531,26.4
[VERBATIM] DIAGNOSIS turning block executed
[DIAG] _turn_input = 0.5
[ARMTEL],8.36666666666666,L,false,0.01666666666667,0.0,2.31482283260706,-4.03113110592526,1.7163082733182,-1.12314660666144,0.27063374396486,25.7102089423448,-2.0,20.0000085715136,0.0
[DIAG] _physics_process: ENTER, state=3
[DIAG] _physics_process: camera target set to character (state: 3)
[GLIDE],3.39999999999999,0.27063374396486,0.0,0.13531687198243,-0.27063374396486,9.92829037389916,16.9875527650211,67.3929466036247,3.86403089109502,2.56941278517719,511.959411621094,656.616149902344,26.4
[VERBATIM] DIAGNOSIS turning block executed
[DIAG] _turn_input = 0.5
[DIAG] _poll_controls: ENTER, state=3
[VERBATIM] POLL: _poll_controls() entered, game_state=3
[VERBATIM] POLL: checking deploy state=3 canopy=true
[STEER_TELEM] canopy=true has_pc=false turn=0.0 state=3
[STEER_TELEM] /root/Main children: WorldEnvironment DirectionalLight3D AnimationPlayer HUD @MeshInstance3D@47 @MeshInstance3D@48 @MeshInstance3D@49 @MeshInstance3D@50 @Node3D@51 FlyingPlane @Camera3D@55 @MeshInstance3D@56 @MeshInstance3D@57 @MeshInstance3D@58 @MeshInstance3D@59 @MeshInstance3D@60 @MeshInstance3D@61 @MeshInstance3D@62 @MeshInstance3D@63 @MeshInstance3D@64 @MeshInstance3D@65 @MeshInstance3D@66 @MeshInstance3D@67 @MeshInstance3D@68 @MeshInstance3D@69 @MeshInstance3D@70 @MeshInstance3D@71 @MeshInstance3D@72 @MeshInstance3D@73 @MeshInstance3D@74 @MeshInstance3D@75 @MeshInstance3D@76 @MeshInstance3D@77 @MeshInstance3D@78 @MeshInstance3D@79 @MeshInstance3D@80 @MeshInstance3D@81 @MeshInstance3D@82 @MeshInstance3D@83 @MeshInstance3D@84 @MeshInstance3D@85 @MeshInstance3D@86 @MeshInstance3D@87 @MeshInstance3D@88 @MeshInstance3D@89 @MeshInstance3D@90 @MeshInstance3D@91 @MeshInstance3D@92 @MeshInstance3D@93 @MeshInstance3D@94 @MeshInstance3D@95 @MeshInstance3D@96 @MeshInstance3D@97 @CanvasLayer@99 @HTTPRequest@113 PiPLayer @HTTPRequest@122 OpeningAnimTimer 
[VERBATIM] ENTER _deploy_canopy gate=none
[VERBATIM] EXIT _deploy_canopy early=already_deployed_or_no_canopy
[DEBUG] _input (build_terrain) called, event=InputEventMouseMotion: button_mask=0, position=((60.0, 56.0)), relative=((8.0, 13.0)), velocity=((89.55847, 248.7735)), pressure=0.00, tilt=((0.0, 0.0)), pen_inverted=(false)
[AUDIT] _input: ENTER
[AUDIT] _gui_input: ENTER
[ARMTEL],8.38333333333333,L,false,0.01666666666667,0.0,2.16506995171887,-3.93101312331503,1.76594317159616,-1.09371422046817,0.25240517362372,23.9784945399763,-2.0,20.0000085715136,0.0
[DIAG] _physics_process: ENTER, state=3
[DIAG] _physics_process: camera target set to character (state: 3)
[GLIDE],3.41666666666666,0.25240517362372,0.0,0.12620258681186,-0.25240517362372,10.0004755124501,15.8964069129799,67.657886718841,3.88563887374035,2.57370173539146,512.113586425781,656.679504394531,26.4
[VERBATIM] DIAGNOSIS turning block executed
[DIAG] _turn_input = 0.5
[ARMTEL],8.4,L,false,0.01666666666667,0.0,2.01924138898978,-3.82799977163859,1.80875838264881,-1.06356824742402,0.23467903616666,22.2945112676572,-2.0,20.0000085715136,0.0
[DIAG] _physics_process: ENTER, state=3
[DIAG] _physics_process: camera target set to character (state: 3)
[GLIDE],3.43333333333333,0.23467903616666,0.0,0.11733951808333,-0.23467903616666,10.07067101678,14.827987239668,67.9050198395022,3.9071125753562,2.57752261357914,512.269104003906,656.742614746094,26.4
[VERBATIM] DIAGNOSIS turning block executed
[DIAG] _turn_input = 0.5
[DIAG] _poll_controls: ENTER, state=3
[VERBATIM] POLL: _poll_controls() entered, game_state=3
[VERBATIM] POLL: checking deploy state=3 canopy=true
[STEER_TELEM] canopy=true has_pc=false turn=0.0 state=3
[STEER_TELEM] /root/Main children: WorldEnvironment DirectionalLight3D AnimationPlayer HUD @MeshInstance3D@47 @MeshInstance3D@48 @MeshInstance3D@49 @MeshInstance3D@50 @Node3D@51 FlyingPlane @Camera3D@55 @MeshInstance3D@56 @MeshInstance3D@57 @MeshInstance3D@58 @MeshInstance3D@59 @MeshInstance3D@60 @MeshInstance3D@61 @MeshInstance3D@62 @MeshInstance3D@63 @MeshInstance3D@64 @MeshInstance3D@65 @MeshInstance3D@66 @MeshInstance3D@67 @MeshInstance3D@68 @MeshInstance3D@69 @MeshInstance3D@70 @MeshInstance3D@71 @MeshInstance3D@72 @MeshInstance3D@73 @MeshInstance3D@74 @MeshInstance3D@75 @MeshInstance3D@76 @MeshInstance3D@77 @MeshInstance3D@78 @MeshInstance3D@79 @MeshInstance3D@80 @MeshInstance3D@81 @MeshInstance3D@82 @MeshInstance3D@83 @MeshInstance3D@84 @MeshInstance3D@85 @MeshInstance3D@86 @MeshInstance3D@87 @MeshInstance3D@88 @MeshInstance3D@89 @MeshInstance3D@90 @MeshInstance3D@91 @MeshInstance3D@92 @MeshInstance3D@93 @MeshInstance3D@94 @MeshInstance3D@95 @MeshInstance3D@96 @MeshInstance3D@97 @CanvasLayer@99 @HTTPRequest@113 PiPLayer @HTTPRequest@122 OpeningAnimTimer 
[VERBATIM] ENTER _deploy_canopy gate=none
[VERBATIM] EXIT _deploy_canopy early=already_deployed_or_no_canopy
[DEBUG] _input (build_terrain) called, event=InputEventMouseMotion: button_mask=0, position=((67.0, 60.0)), relative=((7.0, 4.0)), velocity=((118.7778, 267.25)), pressure=0.00, tilt=((0.0, 0.0)), pen_inverted=(false)
[AUDIT] _input: ENTER
[AUDIT] _gui_input: ENTER
[ARMTEL],8.41666666666666,L,false,0.01666666666667,0.0,1.87743228933324,-3.72248886598407,1.84505657665083,-1.03281730447984,0.21746541442532,20.6592169945175,-2.0,20.0000085715136,0.0
[DIAG] _physics_process: ENTER, state=3
[DIAG] _physics_process: camera target set to character (state: 3)
[GLIDE],3.44999999999999,0.21746541442532,0.0,0.10873270721266,-0.21746541442532,10.1388369588757,13.78352371118,68.1347452346885,3.92839333964896,2.58091185944779,512.425903320312,656.805541992188,26.4
[VERBATIM] DIAGNOSIS turning block executed
[DIAG] _turn_input = 0.5
[ARMTEL],8.43333333333333,L,false,0.01666666666667,0.0,1.7397233154026,-3.61486056567944,1.87513725027684,-1.00156501697523,0.2007726641424,19.073405516212,-2.0,20.0000085715136,0.0
[DIAG] _physics_process: ENTER, state=3
[DIAG] _physics_process: camera target set to character (state: 3)
[GLIDE],3.46666666666666,0.2007726641424,0.0,0.1003863320712,-0.2007726641424,10.2049402499961,12.7641385656892,68.34748087745,3.94942622979955,2.58390451073548,512.583984375,656.868286132812,26.4
[VERBATIM] DIAGNOSIS turning block executed
[DIAG] _turn_input = 0.5
[DIAG] _poll_controls: ENTER, state=3
[VERBATIM] POLL: _poll_controls() entered, game_state=3
[VERBATIM] POLL: checking deploy state=3 canopy=true
[STEER_TELEM] canopy=true has_pc=false turn=0.0 state=3
[STEER_TELEM] /root/Main children: WorldEnvironment DirectionalLight3D AnimationPlayer HUD @MeshInstance3D@47 @MeshInstance3D@48 @MeshInstance3D@49 @MeshInstance3D@50 @Node3D@51 FlyingPlane @Camera3D@55 @MeshInstance3D@56 @MeshInstance3D@57 @MeshInstance3D@58 @MeshInstance3D@59 @MeshInstance3D@60 @MeshInstance3D@61 @MeshInstance3D@62 @MeshInstance3D@63 @MeshInstance3D@64 @MeshInstance3D@65 @MeshInstance3D@66 @MeshInstance3D@67 @MeshInstance3D@68 @MeshInstance3D@69 @MeshInstance3D@70 @MeshInstance3D@71 @MeshInstance3D@72 @MeshInstance3D@73 @MeshInstance3D@74 @MeshInstance3D@75 @MeshInstance3D@76 @MeshInstance3D@77 @MeshInstance3D@78 @MeshInstance3D@79 @MeshInstance3D@80 @MeshInstance3D@81 @MeshInstance3D@82 @MeshInstance3D@83 @MeshInstance3D@84 @MeshInstance3D@85 @MeshInstance3D@86 @MeshInstance3D@87 @MeshInstance3D@88 @MeshInstance3D@89 @MeshInstance3D@90 @MeshInstance3D@91 @MeshInstance3D@92 @MeshInstance3D@93 @MeshInstance3D@94 @MeshInstance3D@95 @MeshInstance3D@96 @MeshInstance3D@97 @CanvasLayer@99 @HTTPRequest@113 PiPLayer @HTTPRequest@122 OpeningAnimTimer 
[VERBATIM] ENTER _deploy_canopy gate=none
[VERBATIM] EXIT _deploy_canopy early=already_deployed_or_no_canopy
[DEBUG] _input (build_terrain) called, event=InputEventMouseMotion: button_mask=0, position=((75.0, 62.0)), relative=((8.0, 2.0)), velocity=((118.7778, 267.25)), pressure=0.00, tilt=((0.0, 0.0)), pen_inverted=(false)
[AUDIT] _input: ENTER
[AUDIT] _gui_input: ENTER
[ARMTEL],8.45,L,false,0.01666666666667,0.0,1.60618131313923,-3.50547755941329,1.89929624627406,-0.96991007953733,0.18460749615012,17.5377143618827,-2.0,20.0000085715136,0.0
[DIAG] _physics_process: ENTER, state=3
[DIAG] _physics_process: camera target set to character (state: 3)
[GLIDE],3.48333333333333,0.18460749615012,0.0,0.09230374807506,-0.18460749615012,10.2689543152455,11.7708469563194,68.5436616600553,3.97016010301464,2.58653405625836,512.743286132812,656.930908203125,26.4
[VERBATIM] DIAGNOSIS turning block executed
[DIAG] _turn_input = 0.5
[ARMTEL],8.46666666666667,L,false,0.01666666666667,0.0,1.47685996920092,-3.39468527838064,1.91782530917971,-0.93794632438433,0.16897505741038,16.052632492974,-2.0,20.0000085715136,0.0
[DIAG] _physics_process: ENTER, state=3
[DIAG] _physics_process: camera target set to character (state: 3)
[GLIDE],3.49999999999999,0.16897505741038,0.0,0.08448752870519,-0.16897505741038,10.3308587726549,10.8045579989308,68.7237376267041,3.99054764782221,2.58883233189631,512.903747558594,656.993408203125,26.4
[VERBATIM] DIAGNOSIS turning block executed
[DIAG] _turn_input = 0.5
[DIAG] _poll_controls: ENTER, state=3
[VERBATIM] POLL: _poll_controls() entered, game_state=3
[VERBATIM] POLL: checking deploy state=3 canopy=true
[STEER_TELEM] canopy=true has_pc=false turn=0.0 state=3
[STEER_TELEM] /root/Main children: WorldEnvironment DirectionalLight3D AnimationPlayer HUD @MeshInstance3D@47 @MeshInstance3D@48 @MeshInstance3D@49 @MeshInstance3D@50 @Node3D@51 FlyingPlane @Camera3D@55 @MeshInstance3D@56 @MeshInstance3D@57 @MeshInstance3D@58 @MeshInstance3D@59 @MeshInstance3D@60 @MeshInstance3D@61 @MeshInstance3D@62 @MeshInstance3D@63 @MeshInstance3D@64 @MeshInstance3D@65 @MeshInstance3D@66 @MeshInstance3D@67 @MeshInstance3D@68 @MeshInstance3D@69 @MeshInstance3D@70 @MeshInstance3D@71 @MeshInstance3D@72 @MeshInstance3D@73 @MeshInstance3D@74 @MeshInstance3D@75 @MeshInstance3D@76 @MeshInstance3D@77 @MeshInstance3D@78 @MeshInstance3D@79 @MeshInstance3D@80 @MeshInstance3D@81 @MeshInstance3D@82 @MeshInstance3D@83 @MeshInstance3D@84 @MeshInstance3D@85 @MeshInstance3D@86 @MeshInstance3D@87 @MeshInstance3D@88 @MeshInstance3D@89 @MeshInstance3D@90 @MeshInstance3D@91 @MeshInstance3D@92 @MeshInstance3D@93 @MeshInstance3D@94 @MeshInstance3D@95 @MeshInstance3D@96 @MeshInstance3D@97 @CanvasLayer@99 @HTTPRequest@113 PiPLayer @HTTPRequest@122 OpeningAnimTimer 
[VERBATIM] ENTER _deploy_canopy gate=none
[VERBATIM] EXIT _deploy_canopy early=already_deployed_or_no_canopy
[DEBUG] _input (build_terrain) called, event=InputEventMouseMotion: button_mask=0, position=((92.0, 70.0)), relative=((17.0, 8.0)), velocity=((118.7778, 267.25)), pressure=0.00, tilt=((0.0, 0.0)), pen_inverted=(false)
[AUDIT] _input: ENTER
[AUDIT] _gui_input: ENTER
[ARMTEL],8.48333333333333,L,false,0.01666666666667,0.0,1.35180045928301,-3.28281213534516,1.93101167606214,-0.90576279644996,0.15387901080288,14.6185078831006,-2.0,20.0000085715136,0.0
[DIAG] _physics_process: ENTER, state=3
[DIAG] _physics_process: camera target set to character (state: 3)
[GLIDE],3.51666666666666,0.15387901080288,0.0,0.07693950540144,-0.15387901080288,10.3906391172206,9.86607620286862,68.8881722300853,4.0105453884187,2.59082945357651,513.065307617188,657.055786132812,26.4
[VERBATIM] DIAGNOSIS turning block executed
[DIAG] _turn_input = 0.5
[ARMTEL],8.5,L,false,0.01666666666667,0.0,1.23103208642302,-3.17016978757486,1.93913770115184,-0.8734438347641,0.13932161355681,13.2355549690629,-2.0,20.0000085715136,0.0
[DIAG] _physics_process: ENTER, state=3
[DIAG] _physics_process: camera target set to character (state: 3)
[GLIDE],3.53333333333333,0.13932161355681,0.0,0.0696608067784,-0.13932161355681,10.448286410315,8.95610326079716,69.0374406177653,4.0301136601379,2.59255378171084,513.227905273438,657.118103027344,26.4
[VERBATIM] DIAGNOSIS turning block executed
[DIAG] _turn_input = 0.5
[DIAG] _poll_controls: ENTER, state=3
[VERBATIM] POLL: _poll_controls() entered, game_state=3
[VERBATIM] POLL: checking deploy state=3 canopy=true
[STEER_TELEM] canopy=true has_pc=false turn=0.0 state=3
[STEER_TELEM] /root/Main children: WorldEnvironment DirectionalLight3D AnimationPlayer HUD @MeshInstance3D@47 @MeshInstance3D@48 @MeshInstance3D@49 @MeshInstance3D@50 @Node3D@51 FlyingPlane @Camera3D@55 @MeshInstance3D@56 @MeshInstance3D@57 @MeshInstance3D@58 @MeshInstance3D@59 @MeshInstance3D@60 @MeshInstance3D@61 @MeshInstance3D@62 @MeshInstance3D@63 @MeshInstance3D@64 @MeshInstance3D@65 @MeshInstance3D@66 @MeshInstance3D@67 @MeshInstance3D@68 @MeshInstance3D@69 @MeshInstance3D@70 @MeshInstance3D@71 @MeshInstance3D@72 @MeshInstance3D@73 @MeshInstance3D@74 @MeshInstance3D@75 @MeshInstance3D@76 @MeshInstance3D@77 @MeshInstance3D@78 @MeshInstance3D@79 @MeshInstance3D@80 @MeshInstance3D@81 @MeshInstance3D@82 @MeshInstance3D@83 @MeshInstance3D@84 @MeshInstance3D@85 @MeshInstance3D@86 @MeshInstance3D@87 @MeshInstance3D@88 @MeshInstance3D@89 @MeshInstance3D@90 @MeshInstance3D@91 @MeshInstance3D@92 @MeshInstance3D@93 @MeshInstance3D@94 @MeshInstance3D@95 @MeshInstance3D@96 @MeshInstance3D@97 @CanvasLayer@99 @HTTPRequest@113 PiPLayer @HTTPRequest@122 OpeningAnimTimer 
[VERBATIM] ENTER _deploy_canopy gate=none
[VERBATIM] EXIT _deploy_canopy early=already_deployed_or_no_canopy
[DEBUG] _input (build_terrain) called, event=InputEventMouseMotion: button_mask=0, position=((100.0, 76.0)), relative=((8.0, 6.0)), velocity=((318.3193, 139.2647)), pressure=0.00, tilt=((0.0, 0.0)), pen_inverted=(false)
[AUDIT] _input: ENTER
[AUDIT] _gui_input: ENTER
[ARMTEL],8.51666666666667,L,false,0.01666666666667,0.0,1.11457290845447,-3.05705342167434,1.94248051321987,-0.84106915954377,0.12530379423108,11.9038619639684,-2.0,20.0000085715136,0.0
[DIAG] _physics_process: ENTER, state=3
[DIAG] _physics_process: camera target set to character (state: 3)
[GLIDE],3.54999999999999,0.12530379423108,0.0,0.06265189711554,-0.12530379423108,10.5037969748449,8.07524017224217,69.1720279539693,4.04921655984942,2.59403191199918,513.391540527344,657.180358886719,26.4
[VERBATIM] DIAGNOSIS turning block executed
[DIAG] _turn_input = 0.5
[ARMTEL],8.53333333333334,L,false,0.01666666666667,0.0,1.00243035384864,-2.94374205840318,1.94131170455454,-0.80871396446786,0.11182522815662,10.6233980242511,-2.0,20.0000085715136,0.0
[DIAG] _physics_process: ENTER, state=3
[DIAG] _physics_process: camera target set to character (state: 3)
[GLIDE],3.56666666666666,0.11182522815662,0.0,0.05591261407831,-0.11182522815662,10.5571720964998,7.22398967435608,69.2924277818752,4.06782187481718,2.59528868799701,513.55615234375,657.242553710938,26.4
[VERBATIM] DIAGNOSIS turning block executed
[DIAG] _turn_input = 0.5
[DIAG] _poll_controls: ENTER, state=3
[VERBATIM] POLL: _poll_controls() entered, game_state=3
[VERBATIM] POLL: checking deploy state=3 canopy=true
[STEER_TELEM] canopy=true has_pc=false turn=0.0 state=3
[STEER_TELEM] /root/Main children: WorldEnvironment DirectionalLight3D AnimationPlayer HUD @MeshInstance3D@47 @MeshInstance3D@48 @MeshInstance3D@49 @MeshInstance3D@50 @Node3D@51 FlyingPlane @Camera3D@55 @MeshInstance3D@56 @MeshInstance3D@57 @MeshInstance3D@58 @MeshInstance3D@59 @MeshInstance3D@60 @MeshInstance3D@61 @MeshInstance3D@62 @MeshInstance3D@63 @MeshInstance3D@64 @MeshInstance3D@65 @MeshInstance3D@66 @MeshInstance3D@67 @MeshInstance3D@68 @MeshInstance3D@69 @MeshInstance3D@70 @MeshInstance3D@71 @MeshInstance3D@72 @MeshInstance3D@73 @MeshInstance3D@74 @MeshInstance3D@75 @MeshInstance3D@76 @MeshInstance3D@77 @MeshInstance3D@78 @MeshInstance3D@79 @MeshInstance3D@80 @MeshInstance3D@81 @MeshInstance3D@82 @MeshInstance3D@83 @MeshInstance3D@84 @MeshInstance3D@85 @MeshInstance3D@86 @MeshInstance3D@87 @MeshInstance3D@88 @MeshInstance3D@89 @MeshInstance3D@90 @MeshInstance3D@91 @MeshInstance3D@92 @MeshInstance3D@93 @MeshInstance3D@94 @MeshInstance3D@95 @MeshInstance3D@96 @MeshInstance3D@97 @CanvasLayer@99 @HTTPRequest@113 PiPLayer @HTTPRequest@122 OpeningAnimTimer 
[VERBATIM] ENTER _deploy_canopy gate=none
[VERBATIM] EXIT _deploy_canopy early=already_deployed_or_no_canopy
[DEBUG] _input (build_terrain) called, event=InputEventMouseMotion: button_mask=0, position=((101.0, 80.0)), relative=((1.0, 4.0)), velocity=((318.3193, 139.2647)), pressure=0.00, tilt=((0.0, 0.0)), pen_inverted=(false)
[AUDIT] _input: ENTER
[AUDIT] _gui_input: ENTER
[DEBUG] _input (build_terrain) called, event=InputEventMouseButton: button_index=1, mods=none, pressed=true, canceled=false, position=((101.0, 80.0)), button_mask=1, double_click=false
[AUDIT] _input: ENTER
[AUDIT] _gui_input: ENTER
2026-08-05T15:42:03 [INFO] InputManager ready
2026-08-05T15:42:03 [INFO] InputMap.has_action('restart') = true
[PIP] drag start offset=(91.0, 70.0)
[DEBUG] _input (build_terrain) called, event=InputEventMouseMotion: button_mask=1 (Left Mouse Button), position=((104.0, 89.0)), relative=((3.0, 9.0)), velocity=((318.3193, 139.2647)), pressure=1.00, tilt=((0.0, 0.0)), pen_inverted=(false)
[AUDIT] _input: ENTER
[AUDIT] _gui_input: ENTER
[ARMTEL],8.55,L,false,0.01666666666667,0.0,0.89460182525292,-2.8304988756375,1.93589705038458,-0.77644901362811,0.09888441126281,9.39402026318568,-2.0,20.0000085715136,0.0
[DIAG] _physics_process: ENTER, state=3
[DIAG] _physics_process: camera target set to character (state: 3)
[GLIDE],3.58333333333333,0.09888441126281,0.0,0.04944220563141,-0.09888441126281,10.6084177313993,6.40275895266731,69.3991404310863,4.08590099326384,2.59634723134228,513.7216796875,657.304748535156,26.4
[VERBATIM] DIAGNOSIS turning block executed
[DIAG] _turn_input = 0.5
[ARMTEL],8.56666666666667,L,false,0.01666666666667,0.0,0.79107529010251,-2.7175715476984,1.92649625759589,-0.74434074266818,0.08647873221834,8.21548060426421,-2.0,20.0000085715136,0.0
[DIAG] _physics_process: ENTER, state=3
[DIAG] _physics_process: camera target set to character (state: 3)
[GLIDE],3.59999999999999,0.08647873221834,0.0,0.04323936610917,-0.08647873221834,10.6575442204154,5.6118626041505,69.4926714744889,4.10342879960263,2.59722898602442,513.888061523438,657.367004394531,26.4
[VERBATIM] DIAGNOSIS turning block executed
[DIAG] _turn_input = 0.5
[DIAG] _poll_controls: ENTER, state=3
[VERBATIM] POLL: _poll_controls() entered, game_state=3
[VERBATIM] POLL: checking deploy state=3 canopy=true
[STEER_TELEM] canopy=true has_pc=false turn=0.0 state=3
[STEER_TELEM] /root/Main children: WorldEnvironment DirectionalLight3D AnimationPlayer HUD @MeshInstance3D@47 @MeshInstance3D@48 @MeshInstance3D@49 @MeshInstance3D@50 @Node3D@51 FlyingPlane @Camera3D@55 @MeshInstance3D@56 @MeshInstance3D@57 @MeshInstance3D@58 @MeshInstance3D@59 @MeshInstance3D@60 @MeshInstance3D@61 @MeshInstance3D@62 @MeshInstance3D@63 @MeshInstance3D@64 @MeshInstance3D@65 @MeshInstance3D@66 @MeshInstance3D@67 @MeshInstance3D@68 @MeshInstance3D@69 @MeshInstance3D@70 @MeshInstance3D@71 @MeshInstance3D@72 @MeshInstance3D@73 @MeshInstance3D@74 @MeshInstance3D@75 @MeshInstance3D@76 @MeshInstance3D@77 @MeshInstance3D@78 @MeshInstance3D@79 @MeshInstance3D@80 @MeshInstance3D@81 @MeshInstance3D@82 @MeshInstance3D@83 @MeshInstance3D@84 @MeshInstance3D@85 @MeshInstance3D@86 @MeshInstance3D@87 @MeshInstance3D@88 @MeshInstance3D@89 @MeshInstance3D@90 @MeshInstance3D@91 @MeshInstance3D@92 @MeshInstance3D@93 @MeshInstance3D@94 @MeshInstance3D@95 @MeshInstance3D@96 @MeshInstance3D@97 @CanvasLayer@99 @HTTPRequest@113 PiPLayer @HTTPRequest@122 OpeningAnimTimer 
[VERBATIM] ENTER _deploy_canopy gate=none
[VERBATIM] EXIT _deploy_canopy early=already_deployed_or_no_canopy
[DEBUG] _input (build_terrain) called, event=InputEventMouseMotion: button_mask=1 (Left Mouse Button), position=((120.0, 123.0)), relative=((16.0, 34.0)), velocity=((318.3193, 139.2647)), pressure=1.00, tilt=((0.0, 0.0)), pen_inverted=(false)
[AUDIT] _input: ENTER
[AUDIT] _gui_input: ENTER
[ARMTEL],8.58333333333334,L,false,0.01666666666667,0.0,0.69182985774675,-2.60519259933864,1.91336274159189,-0.71245136364165,0.07460454282432,7.08743246854813,-2.0,20.0000085715136,0.0
[DIAG] _physics_process: ENTER, state=3
[DIAG] _physics_process: camera target set to character (state: 3)
[GLIDE],3.61666666666666,0.07460454282432,0.0,0.03730227141216,-0.07460454282432,10.7045660104157,4.85152582482307,69.5735302382359,4.12038355701994,2.59795377354573,514.055236816406,657.429260253906,26.4
[VERBATIM] DIAGNOSIS turning block executed
[DIAG] _turn_input = 0.5
[ARMTEL],8.60000000000001,L,false,0.01666666666667,0.0,0.59683634259453,-2.49357977274578,1.89674343015125,-0.68083897313913,0.06325722660533,6.00943729081872,-2.0,20.0000085715136,0.0
[DIAG] _physics_process: ENTER, state=3
[DIAG] _physics_process: camera target set to character (state: 3)
[GLIDE],3.63333333333333,0.06325722660533,0.0,0.03162861330267,-0.06325722660533,10.7495013826429,4.12188779420671,69.6422283681394,4.13674677982328,2.59853985626408,514.223205566406,657.491577148438,26.4
[VERBATIM] DIAGNOSIS turning block executed
[DIAG] _turn_input = 0.5
[DIAG] _poll_controls: ENTER, state=3
[VERBATIM] POLL: _poll_controls() entered, game_state=3
[VERBATIM] POLL: checking deploy state=3 canopy=true
[STEER_TELEM] canopy=true has_pc=false turn=0.0 state=3
[STEER_TELEM] /root/Main children: WorldEnvironment DirectionalLight3D AnimationPlayer HUD @MeshInstance3D@47 @MeshInstance3D@48 @MeshInstance3D@49 @MeshInstance3D@50 @Node3D@51 FlyingPlane @Camera3D@55 @MeshInstance3D@56 @MeshInstance3D@57 @MeshInstance3D@58 @MeshInstance3D@59 @MeshInstance3D@60 @MeshInstance3D@61 @MeshInstance3D@62 @MeshInstance3D@63 @MeshInstance3D@64 @MeshInstance3D@65 @MeshInstance3D@66 @MeshInstance3D@67 @MeshInstance3D@68 @MeshInstance3D@69 @MeshInstance3D@70 @MeshInstance3D@71 @MeshInstance3D@72 @MeshInstance3D@73 @MeshInstance3D@74 @MeshInstance3D@75 @MeshInstance3D@76 @MeshInstance3D@77 @MeshInstance3D@78 @MeshInstance3D@79 @MeshInstance3D@80 @MeshInstance3D@81 @MeshInstance3D@82 @MeshInstance3D@83 @MeshInstance3D@84 @MeshInstance3D@85 @MeshInstance3D@86 @MeshInstance3D@87 @MeshInstance3D@88 @MeshInstance3D@89 @MeshInstance3D@90 @MeshInstance3D@91 @MeshInstance3D@92 @MeshInstance3D@93 @MeshInstance3D@94 @MeshInstance3D@95 @MeshInstance3D@96 @MeshInstance3D@97 @CanvasLayer@99 @HTTPRequest@113 PiPLayer @HTTPRequest@122 OpeningAnimTimer 
[VERBATIM] ENTER _deploy_canopy gate=none
[VERBATIM] EXIT _deploy_canopy early=already_deployed_or_no_canopy
[DEBUG] _input (build_terrain) called, event=InputEventMouseMotion: button_mask=1 (Left Mouse Button), position=((142.0, 188.0)), relative=((22.0, 65.0)), velocity=((277.4942, 525.2569)), pressure=1.00, tilt=((0.0, 0.0)), pen_inverted=(false)
[AUDIT] _input: ENTER
[AUDIT] _gui_input: ENTER
[ARMTEL],8.61666666666667,L,false,0.01666666666667,0.0,0.50605781284265,-2.38293640598696,1.87687859314431,-0.64955766325339,0.05243126555111,4.98097086003281,-2.0,20.0000085715136,0.0
[DIAG] _physics_process: ENTER, state=3
[DIAG] _physics_process: camera target set to character (state: 3)
[GLIDE],3.64999999999999,0.05243126555111,0.0,0.02621563277555,-0.05243126555111,10.7923721884176,3.42300522935947,69.6992784552953,4.1525030977145,2.59900400660933,514.391906738281,657.553955078125,26.4
[VERBATIM] DIAGNOSIS turning block executed
[DIAG] _turn_input = 0.5
[ARMTEL],8.63333333333334,L,false,0.01666666666667,0.0,0.41945012440886,-2.27345182138687,1.85400169697801,-0.61865763497042,0.04212030496827,4.00142948024267,-2.0,20.0000085715136,0.0
[DIAG] _physics_process: ENTER, state=3
[DIAG] _physics_process: camera target set to character (state: 3)
[GLIDE],3.66666666666666,0.04212030496827,0.0,0.02106015248413,-0.04212030496827,10.8332035923257,2.75485608175816,69.7451927233246,4.16764011390863,2.59936158023148,514.561279296875,657.616455078125,26.4
[VERBATIM] DIAGNOSIS turning block executed
[DIAG] _turn_input = 0.5
[DIAG] _poll_controls: ENTER, state=3
[VERBATIM] POLL: _poll_controls() entered, game_state=3
[VERBATIM] POLL: checking deploy state=3 canopy=true
[STEER_TELEM] canopy=true has_pc=false turn=0.0 state=3
[STEER_TELEM] /root/Main children: WorldEnvironment DirectionalLight3D AnimationPlayer HUD @MeshInstance3D@47 @MeshInstance3D@48 @MeshInstance3D@49 @MeshInstance3D@50 @Node3D@51 FlyingPlane @Camera3D@55 @MeshInstance3D@56 @MeshInstance3D@57 @MeshInstance3D@58 @MeshInstance3D@59 @MeshInstance3D@60 @MeshInstance3D@61 @MeshInstance3D@62 @MeshInstance3D@63 @MeshInstance3D@64 @MeshInstance3D@65 @MeshInstance3D@66 @MeshInstance3D@67 @MeshInstance3D@68 @MeshInstance3D@69 @MeshInstance3D@70 @MeshInstance3D@71 @MeshInstance3D@72 @MeshInstance3D@73 @MeshInstance3D@74 @MeshInstance3D@75 @MeshInstance3D@76 @MeshInstance3D@77 @MeshInstance3D@78 @MeshInstance3D@79 @MeshInstance3D@80 @MeshInstance3D@81 @MeshInstance3D@82 @MeshInstance3D@83 @MeshInstance3D@84 @MeshInstance3D@85 @MeshInstance3D@86 @MeshInstance3D@87 @MeshInstance3D@88 @MeshInstance3D@89 @MeshInstance3D@90 @MeshInstance3D@91 @MeshInstance3D@92 @MeshInstance3D@93 @MeshInstance3D@94 @MeshInstance3D@95 @MeshInstance3D@96 @MeshInstance3D@97 @CanvasLayer@99 @HTTPRequest@113 PiPLayer @HTTPRequest@122 OpeningAnimTimer 
[VERBATIM] ENTER _deploy_canopy gate=none
[VERBATIM] EXIT _deploy_canopy early=already_deployed_or_no_canopy
[DEBUG] _input (build_terrain) called, event=InputEventMouseMotion: button_mask=1 (Left Mouse Button), position=((154.0, 222.0)), relative=((12.0, 34.0)), velocity=((277.4942, 525.2569)), pressure=1.00, tilt=((0.0, 0.0)), pen_inverted=(false)
[AUDIT] _input: ENTER
[AUDIT] _gui_input: ENTER
[ARMTEL],8.65000000000001,L,false,0.01666666666667,0.0,0.33696243974614,-2.16530172239649,1.82833928265035,-0.58818531359292,0.03231721640839,3.07013594876197,-2.0,20.0000085715136,0.0
[DIAG] _physics_process: ENTER, state=3
[DIAG] _physics_process: camera target set to character (state: 3)
[GLIDE],3.68333333333333,0.03231721640839,0.0,0.01615860820419,-0.03231721640839,10.8720238230228,2.11734335106361,69.7804817791757,4.18214825879684,2.59962659146631,514.731323242188,657.679077148438,26.4
[VERBATIM] DIAGNOSIS turning block executed
[DIAG] _turn_input = 0.5
[ARMTEL],8.66666666666668,L,false,0.01666666666667,0.0,0.25853773126708,-2.05864859757522,1.80011086630814,-0.55818346582112,0.0230141586447,2.18634534895374,-2.0,20.0000085715136,0.0
[DIAG] _physics_process: ENTER, state=3
[DIAG] _physics_process: camera target set to character (state: 3)
[GLIDE],3.69999999999999,0.0230141586447,0.0,0.01150707932235,-0.0230141586447,10.908863931767,1.51029899070833,69.8056534290209,4.19602064064715,2.59981178979246,514.901977539062,657.741821289062,26.4
[VERBATIM] DIAGNOSIS turning block executed
[DIAG] _turn_input = 0.5
[DIAG] _poll_controls: ENTER, state=3
[VERBATIM] POLL: _poll_controls() entered, game_state=3
[VERBATIM] POLL: checking deploy state=3 canopy=true
[STEER_TELEM] canopy=true has_pc=false turn=0.0 state=3
[STEER_TELEM] /root/Main children: WorldEnvironment DirectionalLight3D AnimationPlayer HUD @MeshInstance3D@47 @MeshInstance3D@48 @MeshInstance3D@49 @MeshInstance3D@50 @Node3D@51 FlyingPlane @Camera3D@55 @MeshInstance3D@56 @MeshInstance3D@57 @MeshInstance3D@58 @MeshInstance3D@59 @MeshInstance3D@60 @MeshInstance3D@61 @MeshInstance3D@62 @MeshInstance3D@63 @MeshInstance3D@64 @MeshInstance3D@65 @MeshInstance3D@66 @MeshInstance3D@67 @MeshInstance3D@68 @MeshInstance3D@69 @MeshInstance3D@70 @MeshInstance3D@71 @MeshInstance3D@72 @MeshInstance3D@73 @MeshInstance3D@74 @MeshInstance3D@75 @MeshInstance3D@76 @MeshInstance3D@77 @MeshInstance3D@78 @MeshInstance3D@79 @MeshInstance3D@80 @MeshInstance3D@81 @MeshInstance3D@82 @MeshInstance3D@83 @MeshInstance3D@84 @MeshInstance3D@85 @MeshInstance3D@86 @MeshInstance3D@87 @MeshInstance3D@88 @MeshInstance3D@89 @MeshInstance3D@90 @MeshInstance3D@91 @MeshInstance3D@92 @MeshInstance3D@93 @MeshInstance3D@94 @MeshInstance3D@95 @MeshInstance3D@96 @MeshInstance3D@97 @CanvasLayer@99 @HTTPRequest@113 PiPLayer @HTTPRequest@122 OpeningAnimTimer 
[VERBATIM] ENTER _deploy_canopy gate=none
[VERBATIM] EXIT _deploy_canopy early=already_deployed_or_no_canopy
[DEBUG] _input (build_terrain) called, event=InputEventMouseMotion: button_mask=1 (Left Mouse Button), position=((173.0, 290.0)), relative=((19.0, 68.0)), velocity=((277.4942, 525.2569)), pressure=1.00, tilt=((0.0, 0.0)), pen_inverted=(false)
[AUDIT] _input: ENTER
[AUDIT] _gui_input: ENTER
[ARMTEL],8.68333333333334,L,false,0.01666666666667,0.0,0.1841132691576,-1.95364213037391,1.76952886121631,-0.52869131813418,0.0142026366758,1.34925065558108,-2.0,20.0000085715136,0.0
[DIAG] _physics_process: ENTER, state=3
[DIAG] _physics_process: camera target set to character (state: 3)
[GLIDE],3.71666666666666,0.0142026366758,0.0,0.0071013183379,-0.0142026366758,10.9437575587638,0.93348788128257,69.8212115603756,4.20925289465064,2.5999287362068,515.073181152344,657.804748535156,26.4
[VERBATIM] DIAGNOSIS turning block executed
[DIAG] _turn_input = 0.5
[ARMTEL],8.70000000000001,L,false,0.01666666666667,0.0,0.11362109340638,-1.85041961346962,1.73679852006325,-0.49974467613312,0.00587355874024,0.55798815119832,-2.0,20.0000085715136,0.0
[DIAG] _physics_process: ENTER, state=3
[DIAG] _physics_process: camera target set to character (state: 3)
[GLIDE],3.73333333333332,0.00587355874024,0.0,0.00293677937012,-0.00587355874024,10.9767407073886,0.38661184883889,69.8276550911895,4.22184303145166,2.59998787866216,515.244934082031,657.867858886719,26.4
[VERBATIM] DIAGNOSIS turning block executed
[DIAG] _turn_input = 0.5
[DIAG] _poll_controls: ENTER, state=3
[VERBATIM] POLL: _poll_controls() entered, game_state=3
[VERBATIM] POLL: checking deploy state=3 canopy=true
[STEER_TELEM] canopy=true has_pc=false turn=0.0 state=3
[STEER_TELEM] /root/Main children: WorldEnvironment DirectionalLight3D AnimationPlayer HUD @MeshInstance3D@47 @MeshInstance3D@48 @MeshInstance3D@49 @MeshInstance3D@50 @Node3D@51 FlyingPlane @Camera3D@55 @MeshInstance3D@56 @MeshInstance3D@57 @MeshInstance3D@58 @MeshInstance3D@59 @MeshInstance3D@60 @MeshInstance3D@61 @MeshInstance3D@62 @MeshInstance3D@63 @MeshInstance3D@64 @MeshInstance3D@65 @MeshInstance3D@66 @MeshInstance3D@67 @MeshInstance3D@68 @MeshInstance3D@69 @MeshInstance3D@70 @MeshInstance3D@71 @MeshInstance3D@72 @MeshInstance3D@73 @MeshInstance3D@74 @MeshInstance3D@75 @MeshInstance3D@76 @MeshInstance3D@77 @MeshInstance3D@78 @MeshInstance3D@79 @MeshInstance3D@80 @MeshInstance3D@81 @MeshInstance3D@82 @MeshInstance3D@83 @MeshInstance3D@84 @MeshInstance3D@85 @MeshInstance3D@86 @MeshInstance3D@87 @MeshInstance3D@88 @MeshInstance3D@89 @MeshInstance3D@90 @MeshInstance3D@91 @MeshInstance3D@92 @MeshInstance3D@93 @MeshInstance3D@94 @MeshInstance3D@95 @MeshInstance3D@96 @MeshInstance3D@97 @CanvasLayer@99 @HTTPRequest@113 PiPLayer @HTTPRequest@122 OpeningAnimTimer 
[VERBATIM] ENTER _deploy_canopy gate=none
[VERBATIM] EXIT _deploy_canopy early=already_deployed_or_no_canopy
[DEBUG] _input (build_terrain) called, event=InputEventMouseMotion: button_mask=1 (Left Mouse Button), position=((191.0, 353.0)), relative=((18.0, 63.0)), velocity=((519.878, 1638.106)), pressure=1.00, tilt=((0.0, 0.0)), pen_inverted=(false)
[AUDIT] _input: ENTER
[AUDIT] _gui_input: ENTER
[DIAG] _physics_process: ENTER, state=3
[DIAG] _physics_process: camera target set to character (state: 3)
[VERBATIM] DIAGNOSIS turning block executed
[DIAG] _turn_input = 0.5
[DIAG] _physics_process: ENTER, state=3
[DIAG] _physics_process: camera target set to character (state: 3)
[VERBATIM] DIAGNOSIS turning block executed
[DIAG] _turn_input = 0.5
[DIAG] _poll_controls: ENTER, state=3
[VERBATIM] POLL: _poll_controls() entered, game_state=3
[VERBATIM] POLL: checking deploy state=3 canopy=true
[STEER_TELEM] canopy=true has_pc=false turn=0.0 state=3
[STEER_TELEM] /root/Main children: WorldEnvironment DirectionalLight3D AnimationPlayer HUD @MeshInstance3D@47 @MeshInstance3D@48 @MeshInstance3D@49 @MeshInstance3D@50 @Node3D@51 FlyingPlane @Camera3D@55 @MeshInstance3D@56 @MeshInstance3D@57 @MeshInstance3D@58 @MeshInstance3D@59 @MeshInstance3D@60 @MeshInstance3D@61 @MeshInstance3D@62 @MeshInstance3D@63 @MeshInstance3D@64 @MeshInstance3D@65 @MeshInstance3D@66 @MeshInstance3D@67 @MeshInstance3D@68 @MeshInstance3D@69 @MeshInstance3D@70 @MeshInstance3D@71 @MeshInstance3D@72 @MeshInstance3D@73 @MeshInstance3D@74 @MeshInstance3D@75 @MeshInstance3D@76 @MeshInstance3D@77 @MeshInstance3D@78 @MeshInstance3D@79 @MeshInstance3D@80 @MeshInstance3D@81 @MeshInstance3D@82 @MeshInstance3D@83 @MeshInstance3D@84 @MeshInstance3D@85 @MeshInstance3D@86 @MeshInstance3D@87 @MeshInstance3D@88 @MeshInstance3D@89 @MeshInstance3D@90 @MeshInstance3D@91 @MeshInstance3D@92 @MeshInstance3D@93 @MeshInstance3D@94 @MeshInstance3D@95 @MeshInstance3D@96 @MeshInstance3D@97 @CanvasLayer@99 @HTTPRequest@113 PiPLayer @HTTPRequest@122 OpeningAnimTimer 
[VERBATIM] ENTER _deploy_canopy gate=none
[VERBATIM] EXIT _deploy_canopy early=already_deployed_or_no_canopy
[DEBUG] _input (build_terrain) called, event=InputEventMouseMotion: button_mask=1 (Left Mouse Button), position=((200.0, 385.0)), relative=((9.0, 32.0)), velocity=((519.878, 1638.106)), pressure=1.00, tilt=((0.0, 0.0)), pen_inverted=(false)
[AUDIT] _input: ENTER
[AUDIT] _gui_input: ENTER
[DIAG] _physics_process: ENTER, state=3
[DIAG] _physics_process: camera target set to character (state: 3)
[VERBATIM] DIAGNOSIS turning block executed
[DIAG] _turn_input = 0.5
[DIAG] _physics_process: ENTER, state=3
[DIAG] _physics_process: camera target set to character (state: 3)
[VERBATIM] DIAGNOSIS turning block executed
[DIAG] _turn_input = 0.5
[DIAG] _poll_controls: ENTER, state=3
[VERBATIM] POLL: _poll_controls() entered, game_state=3
[VERBATIM] POLL: checking deploy state=3 canopy=true
[STEER_TELEM] canopy=true has_pc=false turn=0.0 state=3
[STEER_TELEM] /root/Main children: WorldEnvironment DirectionalLight3D AnimationPlayer HUD @MeshInstance3D@47 @MeshInstance3D@48 @MeshInstance3D@49 @MeshInstance3D@50 @Node3D@51 FlyingPlane @Camera3D@55 @MeshInstance3D@56 @MeshInstance3D@57 @MeshInstance3D@58 @MeshInstance3D@59 @MeshInstance3D@60 @MeshInstance3D@61 @MeshInstance3D@62 @MeshInstance3D@63 @MeshInstance3D@64 @MeshInstance3D@65 @MeshInstance3D@66 @MeshInstance3D@67 @MeshInstance3D@68 @MeshInstance3D@69 @MeshInstance3D@70 @MeshInstance3D@71 @MeshInstance3D@72 @MeshInstance3D@73 @MeshInstance3D@74 @MeshInstance3D@75 @MeshInstance3D@76 @MeshInstance3D@77 @MeshInstance3D@78 @MeshInstance3D@79 @MeshInstance3D@80 @MeshInstance3D@81 @MeshInstance3D@82 @MeshInstance3D@83 @MeshInstance3D@84 @MeshInstance3D@85 @MeshInstance3D@86 @MeshInstance3D@87 @MeshInstance3D@88 @MeshInstance3D@89 @MeshInstance3D@90 @MeshInstance3D@91 @MeshInstance3D@92 @MeshInstance3D@93 @MeshInstance3D@94 @MeshInstance3D@95 @MeshInstance3D@96 @MeshInstance3D@97 @CanvasLayer@99 @HTTPRequest@113 PiPLayer @HTTPRequest@122 OpeningAnimTimer 
[VERBATIM] ENTER _deploy_canopy gate=none
[VERBATIM] EXIT _deploy_canopy early=already_deployed_or_no_canopy
[DEBUG] _input (build_terrain) called, event=InputEventMouseMotion: button_mask=1 (Left Mouse Button), position=((211.0, 414.0)), relative=((11.0, 29.0)), velocity=((519.878, 1638.106)), pressure=1.00, tilt=((0.0, 0.0)), pen_inverted=(false)
[AUDIT] _input: ENTER
[AUDIT] _gui_input: ENTER
[DIAG] _physics_process: ENTER, state=3
[DIAG] _physics_process: camera target set to character (state: 3)
[VERBATIM] DIAGNOSIS turning block executed
[DIAG] _turn_input = 0.5
[DIAG] _physics_process: ENTER, state=3
[DIAG] _physics_process: camera target set to character (state: 3)
[VERBATIM] DIAGNOSIS turning block executed
[DIAG] _turn_input = 0.5
[DIAG] _poll_controls: ENTER, state=3
[VERBATIM] POLL: _poll_controls() entered, game_state=3
[VERBATIM] POLL: checking deploy state=3 canopy=true
[STEER_TELEM] canopy=true has_pc=false turn=0.0 state=3
[STEER_TELEM] /root/Main children: WorldEnvironment DirectionalLight3D AnimationPlayer HUD @MeshInstance3D@47 @MeshInstance3D@48 @MeshInstance3D@49 @MeshInstance3D@50 @Node3D@51 FlyingPlane @Camera3D@55 @MeshInstance3D@56 @MeshInstance3D@57 @MeshInstance3D@58 @MeshInstance3D@59 @MeshInstance3D@60 @MeshInstance3D@61 @MeshInstance3D@62 @MeshInstance3D@63 @MeshInstance3D@64 @MeshInstance3D@65 @MeshInstance3D@66 @MeshInstance3D@67 @MeshInstance3D@68 @MeshInstance3D@69 @MeshInstance3D@70 @MeshInstance3D@71 @MeshInstance3D@72 @MeshInstance3D@73 @MeshInstance3D@74 @MeshInstance3D@75 @MeshInstance3D@76 @MeshInstance3D@77 @MeshInstance3D@78 @MeshInstance3D@79 @MeshInstance3D@80 @MeshInstance3D@81 @MeshInstance3D@82 @MeshInstance3D@83 @MeshInstance3D@84 @MeshInstance3D@85 @MeshInstance3D@86 @MeshInstance3D@87 @MeshInstance3D@88 @MeshInstance3D@89 @MeshInstance3D@90 @MeshInstance3D@91 @MeshInstance3D@92 @MeshInstance3D@93 @MeshInstance3D@94 @MeshInstance3D@95 @MeshInstance3D@96 @MeshInstance3D@97 @CanvasLayer@99 @HTTPRequest@113 PiPLayer @HTTPRequest@122 OpeningAnimTimer 
[VERBATIM] ENTER _deploy_canopy gate=none
[VERBATIM] EXIT _deploy_canopy early=already_deployed_or_no_canopy
[DEBUG] _input (build_terrain) called, event=InputEventMouseMotion: button_mask=1 (Left Mouse Button), position=((222.0, 442.0)), relative=((11.0, 28.0)), velocity=((372.2753, 1214.793)), pressure=1.00, tilt=((0.0, 0.0)), pen_inverted=(false)
[AUDIT] _input: ENTER
[AUDIT] _gui_input: ENTER
[DIAG] _physics_process: ENTER, state=3
[DIAG] _physics_process: camera target set to character (state: 3)
[VERBATIM] DIAGNOSIS turning block executed
[DIAG] _turn_input = 0.5
[DIAG] _physics_process: ENTER, state=3
[DIAG] _physics_process: camera target set to character (state: 3)
[VERBATIM] DIAGNOSIS turning block executed
[DIAG] _turn_input = 0.5
[DIAG] _physics_process: ENTER, state=3
[DIAG] _physics_process: camera target set to character (state: 3)
[VERBATIM] DIAGNOSIS turning block executed
[DIAG] _turn_input = 0.5
[DIAG] _poll_controls: ENTER, state=3
[VERBATIM] POLL: _poll_controls() entered, game_state=3
[VERBATIM] POLL: checking deploy state=3 canopy=true
[STEER_TELEM] canopy=true has_pc=false turn=0.0 state=3
[STEER_TELEM] /root/Main children: WorldEnvironment DirectionalLight3D AnimationPlayer HUD @MeshInstance3D@47 @MeshInstance3D@48 @MeshInstance3D@49 @MeshInstance3D@50 @Node3D@51 FlyingPlane @Camera3D@55 @MeshInstance3D@56 @MeshInstance3D@57 @MeshInstance3D@58 @MeshInstance3D@59 @MeshInstance3D@60 @MeshInstance3D@61 @MeshInstance3D@62 @MeshInstance3D@63 @MeshInstance3D@64 @MeshInstance3D@65 @MeshInstance3D@66 @MeshInstance3D@67 @MeshInstance3D@68 @MeshInstance3D@69 @MeshInstance3D@70 @MeshInstance3D@71 @MeshInstance3D@72 @MeshInstance3D@73 @MeshInstance3D@74 @MeshInstance3D@75 @MeshInstance3D@76 @MeshInstance3D@77 @MeshInstance3D@78 @MeshInstance3D@79 @MeshInstance3D@80 @MeshInstance3D@81 @MeshInstance3D@82 @MeshInstance3D@83 @MeshInstance3D@84 @MeshInstance3D@85 @MeshInstance3D@86 @MeshInstance3D@87 @MeshInstance3D@88 @MeshInstance3D@89 @MeshInstance3D@90 @MeshInstance3D@91 @MeshInstance3D@92 @MeshInstance3D@93 @MeshInstance3D@94 @MeshInstance3D@95 @MeshInstance3D@96 @MeshInstance3D@97 @CanvasLayer@99 @HTTPRequest@113 PiPLayer @HTTPRequest@122 OpeningAnimTimer 
[VERBATIM] ENTER _deploy_canopy gate=none
[VERBATIM] EXIT _deploy_canopy early=already_deployed_or_no_canopy
[DEBUG] _input (build_terrain) called, event=InputEventMouseMotion: button_mask=1 (Left Mouse Button), position=((228.0, 459.0)), relative=((6.0, 17.0)), velocity=((372.2753, 1214.793)), pressure=1.00, tilt=((0.0, 0.0)), pen_inverted=(false)
[AUDIT] _input: ENTER
[AUDIT] _gui_input: ENTER
[DIAG] _physics_process: ENTER, state=3
[DIAG] _physics_process: camera target set to character (state: 3)
[VERBATIM] DIAGNOSIS turning block executed
[DIAG] _turn_input = 0.5
[DIAG] _physics_process: ENTER, state=3
[DIAG] _physics_process: camera target set to character (state: 3)
[VERBATIM] DIAGNOSIS turning block executed
[DIAG] _turn_input = 0.5
[DIAG] _poll_controls: ENTER, state=3
[VERBATIM] POLL: _poll_controls() entered, game_state=3
[VERBATIM] POLL: checking deploy state=3 canopy=true
[STEER_TELEM] canopy=true has_pc=false turn=0.0 state=3
[STEER_TELEM] /root/Main children: WorldEnvironment DirectionalLight3D AnimationPlayer HUD @MeshInstance3D@47 @MeshInstance3D@48 @MeshInstance3D@49 @MeshInstance3D@50 @Node3D@51 FlyingPlane @Camera3D@55 @MeshInstance3D@56 @MeshInstance3D@57 @MeshInstance3D@58 @MeshInstance3D@59 @MeshInstance3D@60 @MeshInstance3D@61 @MeshInstance3D@62 @MeshInstance3D@63 @MeshInstance3D@64 @MeshInstance3D@65 @MeshInstance3D@66 @MeshInstance3D@67 @MeshInstance3D@68 @MeshInstance3D@69 @MeshInstance3D@70 @MeshInstance3D@71 @MeshInstance3D@72 @MeshInstance3D@73 @MeshInstance3D@74 @MeshInstance3D@75 @MeshInstance3D@76 @MeshInstance3D@77 @MeshInstance3D@78 @MeshInstance3D@79 @MeshInstance3D@80 @MeshInstance3D@81 @MeshInstance3D@82 @MeshInstance3D@83 @MeshInstance3D@84 @MeshInstance3D@85 @MeshInstance3D@86 @MeshInstance3D@87 @MeshInstance3D@88 @MeshInstance3D@89 @MeshInstance3D@90 @MeshInstance3D@91 @MeshInstance3D@92 @MeshInstance3D@93 @MeshInstance3D@94 @MeshInstance3D@95 @MeshInstance3D@96 @MeshInstance3D@97 @CanvasLayer@99 @HTTPRequest@113 PiPLayer @HTTPRequest@122 OpeningAnimTimer 
[VERBATIM] ENTER _deploy_canopy gate=none
[VERBATIM] EXIT _deploy_canopy early=already_deployed_or_no_canopy
[DEBUG] _input (build_terrain) called, event=InputEventMouseMotion: button_mask=1 (Left Mouse Button), position=((231.0, 469.0)), relative=((3.0, 10.0)), velocity=((372.2753, 1214.793)), pressure=1.00, tilt=((0.0, 0.0)), pen_inverted=(false)
[AUDIT] _input: ENTER
[AUDIT] _gui_input: ENTER
[DIAG] _physics_process: ENTER, state=3
[DIAG] _physics_process: camera target set to character (state: 3)
[VERBATIM] DIAGNOSIS turning block executed
[DIAG] _turn_input = 0.5
[DIAG] _physics_process: ENTER, state=3
[DIAG] _physics_process: camera target set to character (state: 3)
[VERBATIM] DIAGNOSIS turning block executed
[DIAG] _turn_input = 0.5
[AUDIT] _poll_fast: ENTER
[DIAG] _poll_controls: ENTER, state=3
[VERBATIM] POLL: _poll_controls() entered, game_state=3
[VERBATIM] POLL: checking deploy state=3 canopy=true
[STEER_TELEM] canopy=true has_pc=false turn=0.0 state=3
[STEER_TELEM] /root/Main children: WorldEnvironment DirectionalLight3D AnimationPlayer HUD @MeshInstance3D@47 @MeshInstance3D@48 @MeshInstance3D@49 @MeshInstance3D@50 @Node3D@51 FlyingPlane @Camera3D@55 @MeshInstance3D@56 @MeshInstance3D@57 @MeshInstance3D@58 @MeshInstance3D@59 @MeshInstance3D@60 @MeshInstance3D@61 @MeshInstance3D@62 @MeshInstance3D@63 @MeshInstance3D@64 @MeshInstance3D@65 @MeshInstance3D@66 @MeshInstance3D@67 @MeshInstance3D@68 @MeshInstance3D@69 @MeshInstance3D@70 @MeshInstance3D@71 @MeshInstance3D@72 @MeshInstance3D@73 @MeshInstance3D@74 @MeshInstance3D@75 @MeshInstance3D@76 @MeshInstance3D@77 @MeshInstance3D@78 @MeshInstance3D@79 @MeshInstance3D@80 @MeshInstance3D@81 @MeshInstance3D@82 @MeshInstance3D@83 @MeshInstance3D@84 @MeshInstance3D@85 @MeshInstance3D@86 @MeshInstance3D@87 @MeshInstance3D@88 @MeshInstance3D@89 @MeshInstance3D@90 @MeshInstance3D@91 @MeshInstance3D@92 @MeshInstance3D@93 @MeshInstance3D@94 @MeshInstance3D@95 @MeshInstance3D@96 @MeshInstance3D@97 @CanvasLayer@99 @HTTPRequest@113 PiPLayer @HTTPRequest@122 OpeningAnimTimer 
[VERBATIM] ENTER _deploy_canopy gate=none
[VERBATIM] EXIT _deploy_canopy early=already_deployed_or_no_canopy
[DEBUG] _input (build_terrain) called, event=InputEventMouseMotion: button_mask=1 (Left Mouse Button), position=((232.0, 474.0)), relative=((1.0, 5.0)), velocity=((195.4691, 537.5399)), pressure=1.00, tilt=((0.0, 0.0)), pen_inverted=(false)
[AUDIT] _input: ENTER
[AUDIT] _gui_input: ENTER
[DIAG] _physics_process: ENTER, state=3
[DIAG] _physics_process: camera target set to character (state: 3)
[VERBATIM] DIAGNOSIS turning block executed
[DIAG] _turn_input = 0.5
[DIAG] _physics_process: ENTER, state=3
[DIAG] _physics_process: camera target set to character (state: 3)
[VERBATIM] DIAGNOSIS turning block executed
[DIAG] _turn_input = 0.5
[DIAG] _poll_controls: ENTER, state=3
[VERBATIM] POLL: _poll_controls() entered, game_state=3
[VERBATIM] POLL: checking deploy state=3 canopy=true
[STEER_TELEM] canopy=true has_pc=false turn=0.0 state=3
[STEER_TELEM] /root/Main children: WorldEnvironment DirectionalLight3D AnimationPlayer HUD @MeshInstance3D@47 @MeshInstance3D@48 @MeshInstance3D@49 @MeshInstance3D@50 @Node3D@51 FlyingPlane @Camera3D@55 @MeshInstance3D@56 @MeshInstance3D@57 @MeshInstance3D@58 @MeshInstance3D@59 @MeshInstance3D@60 @MeshInstance3D@61 @MeshInstance3D@62 @MeshInstance3D@63 @MeshInstance3D@64 @MeshInstance3D@65 @MeshInstance3D@66 @MeshInstance3D@67 @MeshInstance3D@68 @MeshInstance3D@69 @MeshInstance3D@70 @MeshInstance3D@71 @MeshInstance3D@72 @MeshInstance3D@73 @MeshInstance3D@74 @MeshInstance3D@75 @MeshInstance3D@76 @MeshInstance3D@77 @MeshInstance3D@78 @MeshInstance3D@79 @MeshInstance3D@80 @MeshInstance3D@81 @MeshInstance3D@82 @MeshInstance3D@83 @MeshInstance3D@84 @MeshInstance3D@85 @MeshInstance3D@86 @MeshInstance3D@87 @MeshInstance3D@88 @MeshInstance3D@89 @MeshInstance3D@90 @MeshInstance3D@91 @MeshInstance3D@92 @MeshInstance3D@93 @MeshInstance3D@94 @MeshInstance3D@95 @MeshInstance3D@96 @MeshInstance3D@97 @CanvasLayer@99 @HTTPRequest@113 PiPLayer @HTTPRequest@122 OpeningAnimTimer 
[VERBATIM] ENTER _deploy_canopy gate=none
[VERBATIM] EXIT _deploy_canopy early=already_deployed_or_no_canopy
[DEBUG] _input (build_terrain) called, event=InputEventMouseMotion: button_mask=1 (Left Mouse Button), position=((235.0, 480.0)), relative=((3.0, 6.0)), velocity=((195.4691, 537.5399)), pressure=1.00, tilt=((0.0, 0.0)), pen_inverted=(false)
[AUDIT] _input: ENTER
[AUDIT] _gui_input: ENTER
[DIAG] _physics_process: ENTER, state=3
[DIAG] _physics_process: camera target set to character (state: 3)
[VERBATIM] DIAGNOSIS turning block executed
[DIAG] _turn_input = 0.5
[DIAG] _physics_process: ENTER, state=3
[DIAG] _physics_process: camera target set to character (state: 3)
[VERBATIM] DIAGNOSIS turning block executed
[DIAG] _turn_input = 0.5
[DIAG] _poll_controls: ENTER, state=3
[VERBATIM] POLL: _poll_controls() entered, game_state=3
[VERBATIM] POLL: checking deploy state=3 canopy=true
[STEER_TELEM] canopy=true has_pc=false turn=0.0 state=3
[STEER_TELEM] /root/Main children: WorldEnvironment DirectionalLight3D AnimationPlayer HUD @MeshInstance3D@47 @MeshInstance3D@48 @MeshInstance3D@49 @MeshInstance3D@50 @Node3D@51 FlyingPlane @Camera3D@55 @MeshInstance3D@56 @MeshInstance3D@57 @MeshInstance3D@58 @MeshInstance3D@59 @MeshInstance3D@60 @MeshInstance3D@61 @MeshInstance3D@62 @MeshInstance3D@63 @MeshInstance3D@64 @MeshInstance3D@65 @MeshInstance3D@66 @MeshInstance3D@67 @MeshInstance3D@68 @MeshInstance3D@69 @MeshInstance3D@70 @MeshInstance3D@71 @MeshInstance3D@72 @MeshInstance3D@73 @MeshInstance3D@74 @MeshInstance3D@75 @MeshInstance3D@76 @MeshInstance3D@77 @MeshInstance3D@78 @MeshInstance3D@79 @MeshInstance3D@80 @MeshInstance3D@81 @MeshInstance3D@82 @MeshInstance3D@83 @MeshInstance3D@84 @MeshInstance3D@85 @MeshInstance3D@86 @MeshInstance3D@87 @MeshInstance3D@88 @MeshInstance3D@89 @MeshInstance3D@90 @MeshInstance3D@91 @MeshInstance3D@92 @MeshInstance3D@93 @MeshInstance3D@94 @MeshInstance3D@95 @MeshInstance3D@96 @MeshInstance3D@97 @CanvasLayer@99 @HTTPRequest@113 PiPLayer @HTTPRequest@122 OpeningAnimTimer 
[VERBATIM] ENTER _deploy_canopy gate=none
[VERBATIM] EXIT _deploy_canopy early=already_deployed_or_no_canopy
[DEBUG] _input (build_terrain) called, event=InputEventMouseMotion: button_mask=1 (Left Mouse Button), position=((235.0, 481.0)), relative=((0.0, 1.0)), velocity=((195.4691, 537.5399)), pressure=1.00, tilt=((0.0, 0.0)), pen_inverted=(false)
[AUDIT] _input: ENTER
[AUDIT] _gui_input: ENTER
[DIAG] _physics_process: ENTER, state=3
[DIAG] _physics_process: camera target set to character (state: 3)
[VERBATIM] DIAGNOSIS turning block executed
[DIAG] _turn_input = 0.5
[DIAG] _physics_process: ENTER, state=3
[DIAG] _physics_process: camera target set to character (state: 3)
[VERBATIM] DIAGNOSIS turning block executed
[DIAG] _turn_input = 0.5
[DIAG] _poll_controls: ENTER, state=3
[VERBATIM] POLL: _poll_controls() entered, game_state=3
[VERBATIM] POLL: checking deploy state=3 canopy=true
[STEER_TELEM] canopy=true has_pc=false turn=0.0 state=3
[STEER_TELEM] /root/Main children: WorldEnvironment DirectionalLight3D AnimationPlayer HUD @MeshInstance3D@47 @MeshInstance3D@48 @MeshInstance3D@49 @MeshInstance3D@50 @Node3D@51 FlyingPlane @Camera3D@55 @MeshInstance3D@56 @MeshInstance3D@57 @MeshInstance3D@58 @MeshInstance3D@59 @MeshInstance3D@60 @MeshInstance3D@61 @MeshInstance3D@62 @MeshInstance3D@63 @MeshInstance3D@64 @MeshInstance3D@65 @MeshInstance3D@66 @MeshInstance3D@67 @MeshInstance3D@68 @MeshInstance3D@69 @MeshInstance3D@70 @MeshInstance3D@71 @MeshInstance3D@72 @MeshInstance3D@73 @MeshInstance3D@74 @MeshInstance3D@75 @MeshInstance3D@76 @MeshInstance3D@77 @MeshInstance3D@78 @MeshInstance3D@79 @MeshInstance3D@80 @MeshInstance3D@81 @MeshInstance3D@82 @MeshInstance3D@83 @MeshInstance3D@84 @MeshInstance3D@85 @MeshInstance3D@86 @MeshInstance3D@87 @MeshInstance3D@88 @MeshInstance3D@89 @MeshInstance3D@90 @MeshInstance3D@91 @MeshInstance3D@92 @MeshInstance3D@93 @MeshInstance3D@94 @MeshInstance3D@95 @MeshInstance3D@96 @MeshInstance3D@97 @CanvasLayer@99 @HTTPRequest@113 PiPLayer @HTTPRequest@122 OpeningAnimTimer 
[VERBATIM] ENTER _deploy_canopy gate=none
[VERBATIM] EXIT _deploy_canopy early=already_deployed_or_no_canopy
[VERBATIM] Wind updated: 12.5 kts @ 240.0°
[DIAG] _physics_process: ENTER, state=3
[DIAG] _physics_process: camera target set to character (state: 3)
[VERBATIM] DIAGNOSIS turning block executed
[DIAG] _turn_input = 0.5
[DIAG] _physics_process: ENTER, state=3
[DIAG] _physics_process: camera target set to character (state: 3)
[VERBATIM] DIAGNOSIS turning block executed
[DIAG] _turn_input = 0.5
[DIAG] _poll_controls: ENTER, state=3
[VERBATIM] POLL: _poll_controls() entered, game_state=3
[VERBATIM] POLL: checking deploy state=3 canopy=true
[STEER_TELEM] canopy=true has_pc=false turn=0.0 state=3
[STEER_TELEM] /root/Main children: WorldEnvironment DirectionalLight3D AnimationPlayer HUD @MeshInstance3D@47 @MeshInstance3D@48 @MeshInstance3D@49 @MeshInstance3D@50 @Node3D@51 FlyingPlane @Camera3D@55 @MeshInstance3D@56 @MeshInstance3D@57 @MeshInstance3D@58 @MeshInstance3D@59 @MeshInstance3D@60 @MeshInstance3D@61 @MeshInstance3D@62 @MeshInstance3D@63 @MeshInstance3D@64 @MeshInstance3D@65 @MeshInstance3D@66 @MeshInstance3D@67 @MeshInstance3D@68 @MeshInstance3D@69 @MeshInstance3D@70 @MeshInstance3D@71 @MeshInstance3D@72 @MeshInstance3D@73 @MeshInstance3D@74 @MeshInstance3D@75 @MeshInstance3D@76 @MeshInstance3D@77 @MeshInstance3D@78 @MeshInstance3D@79 @MeshInstance3D@80 @MeshInstance3D@81 @MeshInstance3D@82 @MeshInstance3D@83 @MeshInstance3D@84 @MeshInstance3D@85 @MeshInstance3D@86 @MeshInstance3D@87 @MeshInstance3D@88 @MeshInstance3D@89 @MeshInstance3D@90 @MeshInstance3D@91 @MeshInstance3D@92 @MeshInstance3D@93 @MeshInstance3D@94 @MeshInstance3D@95 @MeshInstance3D@96 @MeshInstance3D@97 @CanvasLayer@99 @HTTPRequest@113 PiPLayer @HTTPRequest@122 OpeningAnimTimer 
[VERBATIM] ENTER _deploy_canopy gate=none
[VERBATIM] EXIT _deploy_canopy early=already_deployed_or_no_canopy
[DIAG] _physics_process: ENTER, state=3
[DIAG] _physics_process: camera target set to character (state: 3)
[VERBATIM] DIAGNOSIS turning block executed
[DIAG] _turn_input = 0.5
[DIAG] _physics_process: ENTER, state=3
[DIAG] _physics_process: camera target set to character (state: 3)
[VERBATIM] DIAGNOSIS turning block executed
[DIAG] _turn_input = 0.5
[DIAG] _poll_controls: ENTER, state=3
[VERBATIM] POLL: _poll_controls() entered, game_state=3
[VERBATIM] POLL: checking deploy state=3 canopy=true
[STEER_TELEM] canopy=true has_pc=false turn=0.0 state=3
[STEER_TELEM] /root/Main children: WorldEnvironment DirectionalLight3D AnimationPlayer HUD @MeshInstance3D@47 @MeshInstance3D@48 @MeshInstance3D@49 @MeshInstance3D@50 @Node3D@51 FlyingPlane @Camera3D@55 @MeshInstance3D@56 @MeshInstance3D@57 @MeshInstance3D@58 @MeshInstance3D@59 @MeshInstance3D@60 @MeshInstance3D@61 @MeshInstance3D@62 @MeshInstance3D@63 @MeshInstance3D@64 @MeshInstance3D@65 @MeshInstance3D@66 @MeshInstance3D@67 @MeshInstance3D@68 @MeshInstance3D@69 @MeshInstance3D@70 @MeshInstance3D@71 @MeshInstance3D@72 @MeshInstance3D@73 @MeshInstance3D@74 @MeshInstance3D@75 @MeshInstance3D@76 @MeshInstance3D@77 @MeshInstance3D@78 @MeshInstance3D@79 @MeshInstance3D@80 @MeshInstance3D@81 @MeshInstance3D@82 @MeshInstance3D@83 @MeshInstance3D@84 @MeshInstance3D@85 @MeshInstance3D@86 @MeshInstance3D@87 @MeshInstance3D@88 @MeshInstance3D@89 @MeshInstance3D@90 @MeshInstance3D@91 @MeshInstance3D@92 @MeshInstance3D@93 @MeshInstance3D@94 @MeshInstance3D@95 @MeshInstance3D@96 @MeshInstance3D@97 @CanvasLayer@99 @HTTPRequest@113 PiPLayer @HTTPRequest@122 OpeningAnimTimer 
[VERBATIM] ENTER _deploy_canopy gate=none
[VERBATIM] EXIT _deploy_canopy early=already_deployed_or_no_canopy
[AUDIT] _on_stats_completed: ENTER
[AUDIT] _on_leader_completed: ENTER
[AUDIT] _mklabel: ENTER
[DIAG] _physics_process: ENTER, state=3
[DIAG] _physics_process: camera target set to character (state: 3)
[VERBATIM] DIAGNOSIS turning block executed
[DIAG] _turn_input = 0.5
[DIAG] _physics_process: ENTER, state=3
[DIAG] _physics_process: camera target set to character (state: 3)
[VERBATIM] DIAGNOSIS turning block executed
[DIAG] _turn_input = 0.5
[DIAG] _poll_controls: ENTER, state=3
[VERBATIM] POLL: _poll_controls() entered, game_state=3
[VERBATIM] POLL: checking deploy state=3 canopy=true
[STEER_TELEM] canopy=true has_pc=false turn=0.0 state=3
[STEER_TELEM] /root/Main children: WorldEnvironment DirectionalLight3D AnimationPlayer HUD @MeshInstance3D@47 @MeshInstance3D@48 @MeshInstance3D@49 @MeshInstance3D@50 @Node3D@51 FlyingPlane @Camera3D@55 @MeshInstance3D@56 @MeshInstance3D@57 @MeshInstance3D@58 @MeshInstance3D@59 @MeshInstance3D@60 @MeshInstance3D@61 @MeshInstance3D@62 @MeshInstance3D@63 @MeshInstance3D@64 @MeshInstance3D@65 @MeshInstance3D@66 @MeshInstance3D@67 @MeshInstance3D@68 @MeshInstance3D@69 @MeshInstance3D@70 @MeshInstance3D@71 @MeshInstance3D@72 @MeshInstance3D@73 @MeshInstance3D@74 @MeshInstance3D@75 @MeshInstance3D@76 @MeshInstance3D@77 @MeshInstance3D@78 @MeshInstance3D@79 @MeshInstance3D@80 @MeshInstance3D@81 @MeshInstance3D@82 @MeshInstance3D@83 @MeshInstance3D@84 @MeshInstance3D@85 @MeshInstance3D@86 @MeshInstance3D@87 @MeshInstance3D@88 @MeshInstance3D@89 @MeshInstance3D@90 @MeshInstance3D@91 @MeshInstance3D@92 @MeshInstance3D@93 @MeshInstance3D@94 @MeshInstance3D@95 @MeshInstance3D@96 @MeshInstance3D@97 @CanvasLayer@99 @HTTPRequest@113 PiPLayer @HTTPRequest@122 OpeningAnimTimer 
[VERBATIM] ENTER _deploy_canopy gate=none
[VERBATIM] EXIT _deploy_canopy early=already_deployed_or_no_canopy
[DEBUG] _input (build_terrain) called, event=InputEventMouseButton: button_index=1, mods=none, pressed=false, canceled=false, position=((235.0, 481.0)), button_mask=0, double_click=false
[AUDIT] _input: ENTER
[AUDIT] _gui_input: ENTER
2026-08-05T15:42:03 [INFO] InputManager ready
2026-08-05T15:42:03 [INFO] InputMap.has_action('restart') = true
[PIP] drag end position=(144.0, 411.0)
[VERBATIM] PiP position saved: (144.0, 411.0)
[PIP] position saved: (144.0, 411.0)
[DIAG] _physics_process: ENTER, state=3
[DIAG] _physics_process: camera target set to character (state: 3)
[VERBATIM] DIAGNOSIS turning block executed
[DIAG] _turn_input = 0.5
[DIAG] _physics_process: ENTER, state=3
[DIAG] _physics_process: camera target set to character (state: 3)
[VERBATIM] DIAGNOSIS turning block executed
[DIAG] _turn_input = 0.5
[DIAG] _poll_controls: ENTER, state=3
[VERBATIM] POLL: _poll_controls() entered, game_state=3
[VERBATIM] POLL: checking deploy state=3 canopy=true
[STEER_TELEM] canopy=true has_pc=false turn=0.0 state=3
[STEER_TELEM] /root/Main children: WorldEnvironment DirectionalLight3D AnimationPlayer HUD @MeshInstance3D@47 @MeshInstance3D@48 @MeshInstance3D@49 @MeshInstance3D@50 @Node3D@51 FlyingPlane @Camera3D@55 @MeshInstance3D@56 @MeshInstance3D@57 @MeshInstance3D@58 @MeshInstance3D@59 @MeshInstance3D@60 @MeshInstance3D@61 @MeshInstance3D@62 @MeshInstance3D@63 @MeshInstance3D@64 @MeshInstance3D@65 @MeshInstance3D@66 @MeshInstance3D@67 @MeshInstance3D@68 @MeshInstance3D@69 @MeshInstance3D@70 @MeshInstance3D@71 @MeshInstance3D@72 @MeshInstance3D@73 @MeshInstance3D@74 @MeshInstance3D@75 @MeshInstance3D@76 @MeshInstance3D@77 @MeshInstance3D@78 @MeshInstance3D@79 @MeshInstance3D@80 @MeshInstance3D@81 @MeshInstance3D@82 @MeshInstance3D@83 @MeshInstance3D@84 @MeshInstance3D@85 @MeshInstance3D@86 @MeshInstance3D@87 @MeshInstance3D@88 @MeshInstance3D@89 @MeshInstance3D@90 @MeshInstance3D@91 @MeshInstance3D@92 @MeshInstance3D@93 @MeshInstance3D@94 @MeshInstance3D@95 @MeshInstance3D@96 @MeshInstance3D@97 @CanvasLayer@99 @HTTPRequest@113 PiPLayer @HTTPRequest@122 OpeningAnimTimer 
[VERBATIM] ENTER _deploy_canopy gate=none
[VERBATIM] EXIT _deploy_canopy early=already_deployed_or_no_canopy
[DEBUG] _input (build_terrain) called, event=InputEventMouseMotion: button_mask=0, position=((241.0, 477.0)), relative=((6.0, -4.0)), velocity=((16.57667, 49.73001)), pressure=0.00, tilt=((0.0, 0.0)), pen_inverted=(false)
[AUDIT] _input: ENTER
[AUDIT] _gui_input: ENTER
[DIAG] _physics_process: ENTER, state=3
[DIAG] _physics_process: camera target set to character (state: 3)
[VERBATIM] DIAGNOSIS turning block executed
[DIAG] _turn_input = 0.5
[DIAG] _physics_process: ENTER, state=3
[DIAG] _physics_process: camera target set to character (state: 3)
[VERBATIM] DIAGNOSIS turning block executed
[DIAG] _turn_input = 0.5
[DIAG] _poll_controls: ENTER, state=3
[VERBATIM] POLL: _poll_controls() entered, game_state=3
[VERBATIM] POLL: checking deploy state=3 canopy=true
[STEER_TELEM] canopy=true has_pc=false turn=0.0 state=3
[STEER_TELEM] /root/Main children: WorldEnvironment DirectionalLight3D AnimationPlayer HUD @MeshInstance3D@47 @MeshInstance3D@48 @MeshInstance3D@49 @MeshInstance3D@50 @Node3D@51 FlyingPlane @Camera3D@55 @MeshInstance3D@56 @MeshInstance3D@57 @MeshInstance3D@58 @MeshInstance3D@59 @MeshInstance3D@60 @MeshInstance3D@61 @MeshInstance3D@62 @MeshInstance3D@63 @MeshInstance3D@64 @MeshInstance3D@65 @MeshInstance3D@66 @MeshInstance3D@67 @MeshInstance3D@68 @MeshInstance3D@69 @MeshInstance3D@70 @MeshInstance3D@71 @MeshInstance3D@72 @MeshInstance3D@73 @MeshInstance3D@74 @MeshInstance3D@75 @MeshInstance3D@76 @MeshInstance3D@77 @MeshInstance3D@78 @MeshInstance3D@79 @MeshInstance3D@80 @MeshInstance3D@81 @MeshInstance3D@82 @MeshInstance3D@83 @MeshInstance3D@84 @MeshInstance3D@85 @MeshInstance3D@86 @MeshInstance3D@87 @MeshInstance3D@88 @MeshInstance3D@89 @MeshInstance3D@90 @MeshInstance3D@91 @MeshInstance3D@92 @MeshInstance3D@93 @MeshInstance3D@94 @MeshInstance3D@95 @MeshInstance3D@96 @MeshInstance3D@97 @CanvasLayer@99 @HTTPRequest@113 PiPLayer @HTTPRequest@122 OpeningAnimTimer 
[VERBATIM] ENTER _deploy_canopy gate=none
[VERBATIM] EXIT _deploy_canopy early=already_deployed_or_no_canopy
[DEBUG] _input (build_terrain) called, event=InputEventMouseMotion: button_mask=0, position=((241.0, 476.0)), relative=((0.0, -1.0)), velocity=((16.57667, 49.73001)), pressure=0.00, tilt=((0.0, 0.0)), pen_inverted=(false)
[AUDIT] _input: ENTER
[AUDIT] _gui_input: ENTER
[DIAG] _physics_process: ENTER, state=3
[DIAG] _physics_process: camera target set to character (state: 3)
[VERBATIM] DIAGNOSIS turning block executed
[DIAG] _turn_input = 0.5
[DIAG] _physics_process: ENTER, state=3
[DIAG] _physics_process: camera target set to character (state: 3)
[GLIDE],4.24999999999999,0.0,0.0,0.0,0.0,11.0,0.0,69.8276550911895,4.23076923076923,2.6,520.578735351562,659.828063964844,26.4
[VERBATIM] DIAGNOSIS turning block executed
[DIAG] _turn_input = 0.5
[DIAG] _poll_controls: ENTER, state=3
[VERBATIM] POLL: _poll_controls() entered, game_state=3
[VERBATIM] POLL: checking deploy state=3 canopy=true
[STEER_TELEM] canopy=true has_pc=false turn=0.0 state=3
[STEER_TELEM] /root/Main children: WorldEnvironment DirectionalLight3D AnimationPlayer HUD @MeshInstance3D@47 @MeshInstance3D@48 @MeshInstance3D@49 @MeshInstance3D@50 @Node3D@51 FlyingPlane @Camera3D@55 @MeshInstance3D@56 @MeshInstance3D@57 @MeshInstance3D@58 @MeshInstance3D@59 @MeshInstance3D@60 @MeshInstance3D@61 @MeshInstance3D@62 @MeshInstance3D@63 @MeshInstance3D@64 @MeshInstance3D@65 @MeshInstance3D@66 @MeshInstance3D@67 @MeshInstance3D@68 @MeshInstance3D@69 @MeshInstance3D@70 @MeshInstance3D@71 @MeshInstance3D@72 @MeshInstance3D@73 @MeshInstance3D@74 @MeshInstance3D@75 @MeshInstance3D@76 @MeshInstance3D@77 @MeshInstance3D@78 @MeshInstance3D@79 @MeshInstance3D@80 @MeshInstance3D@81 @MeshInstance3D@82 @MeshInstance3D@83 @MeshInstance3D@84 @MeshInstance3D@85 @MeshInstance3D@86 @MeshInstance3D@87 @MeshInstance3D@88 @MeshInstance3D@89 @MeshInstance3D@90 @MeshInstance3D@91 @MeshInstance3D@92 @MeshInstance3D@93 @MeshInstance3D@94 @MeshInstance3D@95 @MeshInstance3D@96 @MeshInstance3D@97 @CanvasLayer@99 @HTTPRequest@113 PiPLayer @HTTPRequest@122 OpeningAnimTimer 
[VERBATIM] ENTER _deploy_canopy gate=none
[VERBATIM] EXIT _deploy_canopy early=already_deployed_or_no_canopy
[DEBUG] _input (build_terrain) called, event=InputEventMouseMotion: button_mask=0, position=((241.0, 467.0)), relative=((0.0, -9.0)), velocity=((16.57667, 49.73001)), pressure=0.00, tilt=((0.0, 0.0)), pen_inverted=(false)
[AUDIT] _input: ENTER
[AUDIT] _gui_input: ENTER
[DIAG] _physics_process: ENTER, state=3
[DIAG] _physics_process: camera target set to character (state: 3)
[VERBATIM] DIAGNOSIS turning block executed
[DIAG] _turn_input = 0.5
[DIAG] _physics_process: ENTER, state=3
[DIAG] _physics_process: camera target set to character (state: 3)
[VERBATIM] DIAGNOSIS turning block executed
[DIAG] _turn_input = 0.5
[DIAG] _poll_controls: ENTER, state=3
[VERBATIM] POLL: _poll_controls() entered, game_state=3
[VERBATIM] POLL: checking deploy state=3 canopy=true
[STEER_TELEM] canopy=true has_pc=false turn=0.0 state=3
[STEER_TELEM] /root/Main children: WorldEnvironment DirectionalLight3D AnimationPlayer HUD @MeshInstance3D@47 @MeshInstance3D@48 @MeshInstance3D@49 @MeshInstance3D@50 @Node3D@51 FlyingPlane @Camera3D@55 @MeshInstance3D@56 @MeshInstance3D@57 @MeshInstance3D@58 @MeshInstance3D@59 @MeshInstance3D@60 @MeshInstance3D@61 @MeshInstance3D@62 @MeshInstance3D@63 @MeshInstance3D@64 @MeshInstance3D@65 @MeshInstance3D@66 @MeshInstance3D@67 @MeshInstance3D@68 @MeshInstance3D@69 @MeshInstance3D@70 @MeshInstance3D@71 @MeshInstance3D@72 @MeshInstance3D@73 @MeshInstance3D@74 @MeshInstance3D@75 @MeshInstance3D@76 @MeshInstance3D@77 @MeshInstance3D@78 @MeshInstance3D@79 @MeshInstance3D@80 @MeshInstance3D@81 @MeshInstance3D@82 @MeshInstance3D@83 @MeshInstance3D@84 @MeshInstance3D@85 @MeshInstance3D@86 @MeshInstance3D@87 @MeshInstance3D@88 @MeshInstance3D@89 @MeshInstance3D@90 @MeshInstance3D@91 @MeshInstance3D@92 @MeshInstance3D@93 @MeshInstance3D@94 @MeshInstance3D@95 @MeshInstance3D@96 @MeshInstance3D@97 @CanvasLayer@99 @HTTPRequest@113 PiPLayer @HTTPRequest@122 OpeningAnimTimer 
[VERBATIM] ENTER _deploy_canopy gate=none
[VERBATIM] EXIT _deploy_canopy early=already_deployed_or_no_canopy
[DEBUG] _input (build_terrain) called, event=InputEventMouseMotion: button_mask=0, position=((241.0, 465.0)), relative=((0.0, -2.0)), velocity=((56.89577, -132.7568)), pressure=0.00, tilt=((0.0, 0.0)), pen_inverted=(false)
[AUDIT] _input: ENTER
[AUDIT] _gui_input: ENTER
[DIAG] _physics_process: ENTER, state=3
[DIAG] _physics_process: camera target set to character (state: 3)
[VERBATIM] DIAGNOSIS turning block executed
[DIAG] _turn_input = 0.5
[DIAG] _physics_process: ENTER, state=3
[DIAG] _physics_process: camera target set to character (state: 3)
[VERBATIM] DIAGNOSIS turning block executed
[DIAG] _turn_input = 0.5
[DIAG] _poll_controls: ENTER, state=3
[VERBATIM] POLL: _poll_controls() entered, game_state=3
[VERBATIM] POLL: checking deploy state=3 canopy=true
[STEER_TELEM] canopy=true has_pc=false turn=0.0 state=3
[STEER_TELEM] /root/Main children: WorldEnvironment DirectionalLight3D AnimationPlayer HUD @MeshInstance3D@47 @MeshInstance3D@48 @MeshInstance3D@49 @MeshInstance3D@50 @Node3D@51 FlyingPlane @Camera3D@55 @MeshInstance3D@56 @MeshInstance3D@57 @MeshInstance3D@58 @MeshInstance3D@59 @MeshInstance3D@60 @MeshInstance3D@61 @MeshInstance3D@62 @MeshInstance3D@63 @MeshInstance3D@64 @MeshInstance3D@65 @MeshInstance3D@66 @MeshInstance3D@67 @MeshInstance3D@68 @MeshInstance3D@69 @MeshInstance3D@70 @MeshInstance3D@71 @MeshInstance3D@72 @MeshInstance3D@73 @MeshInstance3D@74 @MeshInstance3D@75 @MeshInstance3D@76 @MeshInstance3D@77 @MeshInstance3D@78 @MeshInstance3D@79 @MeshInstance3D@80 @MeshInstance3D@81 @MeshInstance3D@82 @MeshInstance3D@83 @MeshInstance3D@84 @MeshInstance3D@85 @MeshInstance3D@86 @MeshInstance3D@87 @MeshInstance3D@88 @MeshInstance3D@89 @MeshInstance3D@90 @MeshInstance3D@91 @MeshInstance3D@92 @MeshInstance3D@93 @MeshInstance3D@94 @MeshInstance3D@95 @MeshInstance3D@96 @MeshInstance3D@97 @CanvasLayer@99 @HTTPRequest@113 PiPLayer @HTTPRequest@122 OpeningAnimTimer 
[VERBATIM] ENTER _deploy_canopy gate=none
[VERBATIM] EXIT _deploy_canopy early=already_deployed_or_no_canopy
[DEBUG] _input (build_terrain) called, event=InputEventMouseMotion: button_mask=0, position=((241.0, 460.0)), relative=((0.0, -5.0)), velocity=((56.89577, -132.7568)), pressure=0.00, tilt=((0.0, 0.0)), pen_inverted=(false)
[AUDIT] _input: ENTER
[AUDIT] _gui_input: ENTER
[DIAG] _physics_process: ENTER, state=3
[DIAG] _physics_process: camera target set to character (state: 3)
[VERBATIM] DIAGNOSIS turning block executed
[DIAG] _turn_input = 0.5
[DIAG] _physics_process: ENTER, state=3
[DIAG] _physics_process: camera target set to character (state: 3)
[VERBATIM] DIAGNOSIS turning block executed
[DIAG] _turn_input = 0.5
[DIAG] _physics_process: ENTER, state=3
[DIAG] _physics_process: camera target set to character (state: 3)
[VERBATIM] DIAGNOSIS turning block executed
[DIAG] _turn_input = 0.5
[DIAG] _poll_controls: ENTER, state=3
[VERBATIM] POLL: _poll_controls() entered, game_state=3
[VERBATIM] POLL: checking deploy state=3 canopy=true
[STEER_TELEM] canopy=true has_pc=false turn=0.0 state=3
[STEER_TELEM] /root/Main children: WorldEnvironment DirectionalLight3D AnimationPlayer HUD @MeshInstance3D@47 @MeshInstance3D@48 @MeshInstance3D@49 @MeshInstance3D@50 @Node3D@51 FlyingPlane @Camera3D@55 @MeshInstance3D@56 @MeshInstance3D@57 @MeshInstance3D@58 @MeshInstance3D@59 @MeshInstance3D@60 @MeshInstance3D@61 @MeshInstance3D@62 @MeshInstance3D@63 @MeshInstance3D@64 @MeshInstance3D@65 @MeshInstance3D@66 @MeshInstance3D@67 @MeshInstance3D@68 @MeshInstance3D@69 @MeshInstance3D@70 @MeshInstance3D@71 @MeshInstance3D@72 @MeshInstance3D@73 @MeshInstance3D@74 @MeshInstance3D@75 @MeshInstance3D@76 @MeshInstance3D@77 @MeshInstance3D@78 @MeshInstance3D@79 @MeshInstance3D@80 @MeshInstance3D@81 @MeshInstance3D@82 @MeshInstance3D@83 @MeshInstance3D@84 @MeshInstance3D@85 @MeshInstance3D@86 @MeshInstance3D@87 @MeshInstance3D@88 @MeshInstance3D@89 @MeshInstance3D@90 @MeshInstance3D@91 @MeshInstance3D@92 @MeshInstance3D@93 @MeshInstance3D@94 @MeshInstance3D@95 @MeshInstance3D@96 @MeshInstance3D@97 @CanvasLayer@99 @HTTPRequest@113 PiPLayer @HTTPRequest@122 OpeningAnimTimer 
[VERBATIM] ENTER _deploy_canopy gate=none
[VERBATIM] EXIT _deploy_canopy early=already_deployed_or_no_canopy
[DEBUG] _input (build_terrain) called, event=InputEventMouseMotion: button_mask=0, position=((241.0, 458.0)), relative=((0.0, -2.0)), velocity=((56.89577, -132.7568)), pressure=0.00, tilt=((0.0, 0.0)), pen_inverted=(false)
[AUDIT] _input: ENTER
[AUDIT] _gui_input: ENTER
[DIAG] _physics_process: ENTER, state=3
[DIAG] _physics_process: camera target set to character (state: 3)
[VERBATIM] DIAGNOSIS turning block executed
[DIAG] _turn_input = 0.5
[DIAG] _physics_process: ENTER, state=3
[DIAG] _physics_process: camera target set to character (state: 3)
[VERBATIM] DIAGNOSIS turning block executed
[DIAG] _turn_input = 0.5
[DIAG] _poll_controls: ENTER, state=3
[VERBATIM] POLL: _poll_controls() entered, game_state=3
[VERBATIM] POLL: checking deploy state=3 canopy=true
[STEER_TELEM] canopy=true has_pc=false turn=0.0 state=3
[STEER_TELEM] /root/Main children: WorldEnvironment DirectionalLight3D AnimationPlayer HUD @MeshInstance3D@47 @MeshInstance3D@48 @MeshInstance3D@49 @MeshInstance3D@50 @Node3D@51 FlyingPlane @Camera3D@55 @MeshInstance3D@56 @MeshInstance3D@57 @MeshInstance3D@58 @MeshInstance3D@59 @MeshInstance3D@60 @MeshInstance3D@61 @MeshInstance3D@62 @MeshInstance3D@63 @MeshInstance3D@64 @MeshInstance3D@65 @MeshInstance3D@66 @MeshInstance3D@67 @MeshInstance3D@68 @MeshInstance3D@69 @MeshInstance3D@70 @MeshInstance3D@71 @MeshInstance3D@72 @MeshInstance3D@73 @MeshInstance3D@74 @MeshInstance3D@75 @MeshInstance3D@76 @MeshInstance3D@77 @MeshInstance3D@78 @MeshInstance3D@79 @MeshInstance3D@80 @MeshInstance3D@81 @MeshInstance3D@82 @MeshInstance3D@83 @MeshInstance3D@84 @MeshInstance3D@85 @MeshInstance3D@86 @MeshInstance3D@87 @MeshInstance3D@88 @MeshInstance3D@89 @MeshInstance3D@90 @MeshInstance3D@91 @MeshInstance3D@92 @MeshInstance3D@93 @MeshInstance3D@94 @MeshInstance3D@95 @MeshInstance3D@96 @MeshInstance3D@97 @CanvasLayer@99 @HTTPRequest@113 PiPLayer @HTTPRequest@122 OpeningAnimTimer 
[VERBATIM] ENTER _deploy_canopy gate=none
[VERBATIM] EXIT _deploy_canopy early=already_deployed_or_no_canopy
[DEBUG] _input (build_terrain) called, event=InputEventMouseMotion: button_mask=0, position=((242.0, 455.0)), relative=((1.0, -3.0)), velocity=((0.0, -87.10464)), pressure=0.00, tilt=((0.0, 0.0)), pen_inverted=(false)
[AUDIT] _input: ENTER
[AUDIT] _gui_input: ENTER
[DIAG] _physics_process: ENTER, state=3
[DIAG] _physics_process: camera target set to character (state: 3)
[VERBATIM] DIAGNOSIS turning block executed
[DIAG] _turn_input = 0.5
[DIAG] _physics_process: ENTER, state=3
[DIAG] _physics_process: camera target set to character (state: 3)
[VERBATIM] DIAGNOSIS turning block executed
[DIAG] _turn_input = 0.5
[DIAG] _poll_controls: ENTER, state=3
[VERBATIM] POLL: _poll_controls() entered, game_state=3
[VERBATIM] POLL: checking deploy state=3 canopy=true
[STEER_TELEM] canopy=true has_pc=false turn=0.0 state=3
[STEER_TELEM] /root/Main children: WorldEnvironment DirectionalLight3D AnimationPlayer HUD @MeshInstance3D@47 @MeshInstance3D@48 @MeshInstance3D@49 @MeshInstance3D@50 @Node3D@51 FlyingPlane @Camera3D@55 @MeshInstance3D@56 @MeshInstance3D@57 @MeshInstance3D@58 @MeshInstance3D@59 @MeshInstance3D@60 @MeshInstance3D@61 @MeshInstance3D@62 @MeshInstance3D@63 @MeshInstance3D@64 @MeshInstance3D@65 @MeshInstance3D@66 @MeshInstance3D@67 @MeshInstance3D@68 @MeshInstance3D@69 @MeshInstance3D@70 @MeshInstance3D@71 @MeshInstance3D@72 @MeshInstance3D@73 @MeshInstance3D@74 @MeshInstance3D@75 @MeshInstance3D@76 @MeshInstance3D@77 @MeshInstance3D@78 @MeshInstance3D@79 @MeshInstance3D@80 @MeshInstance3D@81 @MeshInstance3D@82 @MeshInstance3D@83 @MeshInstance3D@84 @MeshInstance3D@85 @MeshInstance3D@86 @MeshInstance3D@87 @MeshInstance3D@88 @MeshInstance3D@89 @MeshInstance3D@90 @MeshInstance3D@91 @MeshInstance3D@92 @MeshInstance3D@93 @MeshInstance3D@94 @MeshInstance3D@95 @MeshInstance3D@96 @MeshInstance3D@97 @CanvasLayer@99 @HTTPRequest@113 PiPLayer @HTTPRequest@122 OpeningAnimTimer 
[VERBATIM] ENTER _deploy_canopy gate=none
[VERBATIM] EXIT _deploy_canopy early=already_deployed_or_no_canopy
[DEBUG] _input (build_terrain) called, event=InputEventMouseMotion: button_mask=0, position=((242.0, 451.0)), relative=((0.0, -4.0)), velocity=((0.0, -87.10464)), pressure=0.00, tilt=((0.0, 0.0)), pen_inverted=(false)
[AUDIT] _input: ENTER
[AUDIT] _gui_input: ENTER
[DIAG] _physics_process: ENTER, state=3
[DIAG] _physics_process: camera target set to character (state: 3)
[VERBATIM] DIAGNOSIS turning block executed
[DIAG] _turn_input = 0.5
[DIAG] _physics_process: ENTER, state=3
[DIAG] _physics_process: camera target set to character (state: 3)
[VERBATIM] DIAGNOSIS turning block executed
[DIAG] _turn_input = 0.5
[DIAG] _poll_controls: ENTER, state=3
[VERBATIM] POLL: _poll_controls() entered, game_state=3
[VERBATIM] POLL: checking deploy state=3 canopy=true
[STEER_TELEM] canopy=true has_pc=false turn=0.0 state=3
[STEER_TELEM] /root/Main children: WorldEnvironment DirectionalLight3D AnimationPlayer HUD @MeshInstance3D@47 @MeshInstance3D@48 @MeshInstance3D@49 @MeshInstance3D@50 @Node3D@51 FlyingPlane @Camera3D@55 @MeshInstance3D@56 @MeshInstance3D@57 @MeshInstance3D@58 @MeshInstance3D@59 @MeshInstance3D@60 @MeshInstance3D@61 @MeshInstance3D@62 @MeshInstance3D@63 @MeshInstance3D@64 @MeshInstance3D@65 @MeshInstance3D@66 @MeshInstance3D@67 @MeshInstance3D@68 @MeshInstance3D@69 @MeshInstance3D@70 @MeshInstance3D@71 @MeshInstance3D@72 @MeshInstance3D@73 @MeshInstance3D@74 @MeshInstance3D@75 @MeshInstance3D@76 @MeshInstance3D@77 @MeshInstance3D@78 @MeshInstance3D@79 @MeshInstance3D@80 @MeshInstance3D@81 @MeshInstance3D@82 @MeshInstance3D@83 @MeshInstance3D@84 @MeshInstance3D@85 @MeshInstance3D@86 @MeshInstance3D@87 @MeshInstance3D@88 @MeshInstance3D@89 @MeshInstance3D@90 @MeshInstance3D@91 @MeshInstance3D@92 @MeshInstance3D@93 @MeshInstance3D@94 @MeshInstance3D@95 @MeshInstance3D@96 @MeshInstance3D@97 @CanvasLayer@99 @HTTPRequest@113 PiPLayer @HTTPRequest@122 OpeningAnimTimer 
[VERBATIM] ENTER _deploy_canopy gate=none
[VERBATIM] EXIT _deploy_canopy early=already_deployed_or_no_canopy
[DEBUG] _input (build_terrain) called, event=InputEventMouseMotion: button_mask=0, position=((242.0, 447.0)), relative=((0.0, -4.0)), velocity=((0.0, -87.10464)), pressure=0.00, tilt=((0.0, 0.0)), pen_inverted=(false)
[AUDIT] _input: ENTER
[AUDIT] _gui_input: ENTER
