[VERBATIM] DIAGNOSIS turning block executed
[DIAG] _turn_input = 0.0
[DIAG] _poll_controls: ENTER, state=3
[VERBATIM] POLL: _poll_controls() entered, game_state=3
[VERBATIM] POLL: checking deploy state=3 canopy=true
[STEER_TELEM] canopy=true has_pc=false turn=0.0 state=3
[STEER_TELEM] /root/Main children: WorldEnvironment DirectionalLight3D AnimationPlayer HUD @MeshInstance3D@165 @MeshInstance3D@166 @MeshInstance3D@167 @MeshInstance3D@168 @Node3D@169 FlyingPlane @Camera3D@173 @MeshInstance3D@174 @MeshInstance3D@175 @MeshInstance3D@176 @MeshInstance3D@177 @MeshInstance3D@178 @MeshInstance3D@179 @MeshInstance3D@180 @MeshInstance3D@181 @MeshInstance3D@182 @MeshInstance3D@183 @MeshInstance3D@184 @MeshInstance3D@185 @MeshInstance3D@186 @MeshInstance3D@187 @MeshInstance3D@188 @MeshInstance3D@189 @MeshInstance3D@190 @MeshInstance3D@191 @MeshInstance3D@192 @MeshInstance3D@193 @MeshInstance3D@194 @MeshInstance3D@195 @MeshInstance3D@196 @MeshInstance3D@197 @MeshInstance3D@198 @MeshInstance3D@199 @MeshInstance3D@200 @MeshInstance3D@201 @MeshInstance3D@202 @MeshInstance3D@203 @MeshInstance3D@204 @MeshInstance3D@205 @MeshInstance3D@206 @MeshInstance3D@207 @MeshInstance3D@208 @MeshInstance3D@209 @MeshInstance3D@210 @MeshInstance3D@211 @MeshInstance3D@212 @MeshInstance3D@213 @MeshInstance3D@214 @MeshInstance3D@215 @CanvasLayer@217 @HTTPRequest@231 PiPLayer @HTTPRequest@240 OpeningAnimTimer 
[VERBATIM] ENTER _deploy_canopy gate=none
[VERBATIM] EXIT _deploy_canopy early=already_deployed_or_no_canopy
[DIAG] _physics_process: ENTER, state=3
[DIAG] _physics_process: camera target set to character (state: 3)
[VERBATIM] DIAGNOSIS turning block executed
[DIAG] _turn_input = 0.0
[DIAG] _physics_process: ENTER, state=3
[DIAG] _physics_process: camera target set to character (state: 3)
[VERBATIM] DIAGNOSIS turning block executed
[DIAG] _turn_input = 0.0
[DIAG] _poll_controls: ENTER, state=3
[VERBATIM] POLL: _poll_controls() entered, game_state=3
[VERBATIM] POLL: checking deploy state=3 canopy=true
[STEER_TELEM] canopy=true has_pc=false turn=0.0 state=3
[STEER_TELEM] /root/Main children: WorldEnvironment DirectionalLight3D AnimationPlayer HUD @MeshInstance3D@165 @MeshInstance3D@166 @MeshInstance3D@167 @MeshInstance3D@168 @Node3D@169 FlyingPlane @Camera3D@173 @MeshInstance3D@174 @MeshInstance3D@175 @MeshInstance3D@176 @MeshInstance3D@177 @MeshInstance3D@178 @MeshInstance3D@179 @MeshInstance3D@180 @MeshInstance3D@181 @MeshInstance3D@182 @MeshInstance3D@183 @MeshInstance3D@184 @MeshInstance3D@185 @MeshInstance3D@186 @MeshInstance3D@187 @MeshInstance3D@188 @MeshInstance3D@189 @MeshInstance3D@190 @MeshInstance3D@191 @MeshInstance3D@192 @MeshInstance3D@193 @MeshInstance3D@194 @MeshInstance3D@195 @MeshInstance3D@196 @MeshInstance3D@197 @MeshInstance3D@198 @MeshInstance3D@199 @MeshInstance3D@200 @MeshInstance3D@201 @MeshInstance3D@202 @MeshInstance3D@203 @MeshInstance3D@204 @MeshInstance3D@205 @MeshInstance3D@206 @MeshInstance3D@207 @MeshInstance3D@208 @MeshInstance3D@209 @MeshInstance3D@210 @MeshInstance3D@211 @MeshInstance3D@212 @MeshInstance3D@213 @MeshInstance3D@214 @MeshInstance3D@215 @CanvasLayer@217 @HTTPRequest@231 PiPLayer @HTTPRequest@240 OpeningAnimTimer 
[VERBATIM] ENTER _deploy_canopy gate=none
[VERBATIM] EXIT _deploy_canopy early=already_deployed_or_no_canopy
[DIAG] _physics_process: ENTER, state=3
[DIAG] _physics_process: camera target set to character (state: 3)
[VERBATIM] DIAGNOSIS turning block executed
[DIAG] _turn_input = 0.0
[DIAG] _physics_process: ENTER, state=3
[DIAG] _physics_process: camera target set to character (state: 3)
[VERBATIM] DIAGNOSIS turning block executed
[DIAG] _turn_input = 0.0
[DIAG] _poll_controls: ENTER, state=3
[VERBATIM] POLL: _poll_controls() entered, game_state=3
[VERBATIM] POLL: checking deploy state=3 canopy=true
[STEER_TELEM] canopy=true has_pc=false turn=0.0 state=3
[STEER_TELEM] /root/Main children: WorldEnvironment DirectionalLight3D AnimationPlayer HUD @MeshInstance3D@165 @MeshInstance3D@166 @MeshInstance3D@167 @MeshInstance3D@168 @Node3D@169 FlyingPlane @Camera3D@173 @MeshInstance3D@174 @MeshInstance3D@175 @MeshInstance3D@176 @MeshInstance3D@177 @MeshInstance3D@178 @MeshInstance3D@179 @MeshInstance3D@180 @MeshInstance3D@181 @MeshInstance3D@182 @MeshInstance3D@183 @MeshInstance3D@184 @MeshInstance3D@185 @MeshInstance3D@186 @MeshInstance3D@187 @MeshInstance3D@188 @MeshInstance3D@189 @MeshInstance3D@190 @MeshInstance3D@191 @MeshInstance3D@192 @MeshInstance3D@193 @MeshInstance3D@194 @MeshInstance3D@195 @MeshInstance3D@196 @MeshInstance3D@197 @MeshInstance3D@198 @MeshInstance3D@199 @MeshInstance3D@200 @MeshInstance3D@201 @MeshInstance3D@202 @MeshInstance3D@203 @MeshInstance3D@204 @MeshInstance3D@205 @MeshInstance3D@206 @MeshInstance3D@207 @MeshInstance3D@208 @MeshInstance3D@209 @MeshInstance3D@210 @MeshInstance3D@211 @MeshInstance3D@212 @MeshInstance3D@213 @MeshInstance3D@214 @MeshInstance3D@215 @CanvasLayer@217 @HTTPRequest@231 PiPLayer @HTTPRequest@240 OpeningAnimTimer 
[VERBATIM] ENTER _deploy_canopy gate=none
[VERBATIM] EXIT _deploy_canopy early=already_deployed_or_no_canopy
[DIAG] _physics_process: ENTER, state=3
[DIAG] _physics_process: camera target set to character (state: 3)
[VERBATIM] DIAGNOSIS turning block executed
[DIAG] _turn_input = 0.0
[DIAG] _physics_process: ENTER, state=3
[DIAG] _physics_process: camera target set to character (state: 3)
[VERBATIM] DIAGNOSIS turning block executed
[DIAG] _turn_input = 0.0
[DIAG] _poll_controls: ENTER, state=3
[VERBATIM] POLL: _poll_controls() entered, game_state=3
[VERBATIM] POLL: checking deploy state=3 canopy=true
[STEER_TELEM] canopy=true has_pc=false turn=0.0 state=3
[STEER_TELEM] /root/Main children: WorldEnvironment DirectionalLight3D AnimationPlayer HUD @MeshInstance3D@165 @MeshInstance3D@166 @MeshInstance3D@167 @MeshInstance3D@168 @Node3D@169 FlyingPlane @Camera3D@173 @MeshInstance3D@174 @MeshInstance3D@175 @MeshInstance3D@176 @MeshInstance3D@177 @MeshInstance3D@178 @MeshInstance3D@179 @MeshInstance3D@180 @MeshInstance3D@181 @MeshInstance3D@182 @MeshInstance3D@183 @MeshInstance3D@184 @MeshInstance3D@185 @MeshInstance3D@186 @MeshInstance3D@187 @MeshInstance3D@188 @MeshInstance3D@189 @MeshInstance3D@190 @MeshInstance3D@191 @MeshInstance3D@192 @MeshInstance3D@193 @MeshInstance3D@194 @MeshInstance3D@195 @MeshInstance3D@196 @MeshInstance3D@197 @MeshInstance3D@198 @MeshInstance3D@199 @MeshInstance3D@200 @MeshInstance3D@201 @MeshInstance3D@202 @MeshInstance3D@203 @MeshInstance3D@204 @MeshInstance3D@205 @MeshInstance3D@206 @MeshInstance3D@207 @MeshInstance3D@208 @MeshInstance3D@209 @MeshInstance3D@210 @MeshInstance3D@211 @MeshInstance3D@212 @MeshInstance3D@213 @MeshInstance3D@214 @MeshInstance3D@215 @CanvasLayer@217 @HTTPRequest@231 PiPLayer @HTTPRequest@240 OpeningAnimTimer 
[VERBATIM] ENTER _deploy_canopy gate=none
[VERBATIM] EXIT _deploy_canopy early=already_deployed_or_no_canopy
[DIAG] _physics_process: ENTER, state=3
[DIAG] _physics_process: camera target set to character (state: 3)
[VERBATIM] DIAGNOSIS turning block executed
[DIAG] _turn_input = 0.0
[DIAG] _physics_process: ENTER, state=3
[DIAG] _physics_process: camera target set to character (state: 3)
[VERBATIM] DIAGNOSIS turning block executed
[DIAG] _turn_input = 0.0
[DIAG] _poll_controls: ENTER, state=3
[VERBATIM] POLL: _poll_controls() entered, game_state=3
[VERBATIM] POLL: checking deploy state=3 canopy=true
[STEER_TELEM] canopy=true has_pc=false turn=0.0 state=3
[STEER_TELEM] /root/Main children: WorldEnvironment DirectionalLight3D AnimationPlayer HUD @MeshInstance3D@165 @MeshInstance3D@166 @MeshInstance3D@167 @MeshInstance3D@168 @Node3D@169 FlyingPlane @Camera3D@173 @MeshInstance3D@174 @MeshInstance3D@175 @MeshInstance3D@176 @MeshInstance3D@177 @MeshInstance3D@178 @MeshInstance3D@179 @MeshInstance3D@180 @MeshInstance3D@181 @MeshInstance3D@182 @MeshInstance3D@183 @MeshInstance3D@184 @MeshInstance3D@185 @MeshInstance3D@186 @MeshInstance3D@187 @MeshInstance3D@188 @MeshInstance3D@189 @MeshInstance3D@190 @MeshInstance3D@191 @MeshInstance3D@192 @MeshInstance3D@193 @MeshInstance3D@194 @MeshInstance3D@195 @MeshInstance3D@196 @MeshInstance3D@197 @MeshInstance3D@198 @MeshInstance3D@199 @MeshInstance3D@200 @MeshInstance3D@201 @MeshInstance3D@202 @MeshInstance3D@203 @MeshInstance3D@204 @MeshInstance3D@205 @MeshInstance3D@206 @MeshInstance3D@207 @MeshInstance3D@208 @MeshInstance3D@209 @MeshInstance3D@210 @MeshInstance3D@211 @MeshInstance3D@212 @MeshInstance3D@213 @MeshInstance3D@214 @MeshInstance3D@215 @CanvasLayer@217 @HTTPRequest@231 PiPLayer @HTTPRequest@240 OpeningAnimTimer 
[VERBATIM] ENTER _deploy_canopy gate=none
[VERBATIM] EXIT _deploy_canopy early=already_deployed_or_no_canopy
[DIAG] _physics_process: ENTER, state=3
[DIAG] _physics_process: camera target set to character (state: 3)
[VERBATIM] DIAGNOSIS turning block executed
[DIAG] _turn_input = 0.0
[DIAG] _physics_process: ENTER, state=3
[DIAG] _physics_process: camera target set to character (state: 3)
[VERBATIM] DIAGNOSIS turning block executed
[DIAG] _turn_input = 0.0
[DIAG] _poll_controls: ENTER, state=3
[VERBATIM] POLL: _poll_controls() entered, game_state=3
[VERBATIM] POLL: checking deploy state=3 canopy=true
[STEER_TELEM] canopy=true has_pc=false turn=0.0 state=3
[STEER_TELEM] /root/Main children: WorldEnvironment DirectionalLight3D AnimationPlayer HUD @MeshInstance3D@165 @MeshInstance3D@166 @MeshInstance3D@167 @MeshInstance3D@168 @Node3D@169 FlyingPlane @Camera3D@173 @MeshInstance3D@174 @MeshInstance3D@175 @MeshInstance3D@176 @MeshInstance3D@177 @MeshInstance3D@178 @MeshInstance3D@179 @MeshInstance3D@180 @MeshInstance3D@181 @MeshInstance3D@182 @MeshInstance3D@183 @MeshInstance3D@184 @MeshInstance3D@185 @MeshInstance3D@186 @MeshInstance3D@187 @MeshInstance3D@188 @MeshInstance3D@189 @MeshInstance3D@190 @MeshInstance3D@191 @MeshInstance3D@192 @MeshInstance3D@193 @MeshInstance3D@194 @MeshInstance3D@195 @MeshInstance3D@196 @MeshInstance3D@197 @MeshInstance3D@198 @MeshInstance3D@199 @MeshInstance3D@200 @MeshInstance3D@201 @MeshInstance3D@202 @MeshInstance3D@203 @MeshInstance3D@204 @MeshInstance3D@205 @MeshInstance3D@206 @MeshInstance3D@207 @MeshInstance3D@208 @MeshInstance3D@209 @MeshInstance3D@210 @MeshInstance3D@211 @MeshInstance3D@212 @MeshInstance3D@213 @MeshInstance3D@214 @MeshInstance3D@215 @CanvasLayer@217 @HTTPRequest@231 PiPLayer @HTTPRequest@240 OpeningAnimTimer 
[VERBATIM] ENTER _deploy_canopy gate=none
[VERBATIM] EXIT _deploy_canopy early=already_deployed_or_no_canopy
[DIAG] _physics_process: ENTER, state=3
[DIAG] _physics_process: camera target set to character (state: 3)
[VERBATIM] DIAGNOSIS turning block executed
[DIAG] _turn_input = 0.0
[DIAG] _physics_process: ENTER, state=3
[DIAG] _physics_process: camera target set to character (state: 3)
[VERBATIM] DIAGNOSIS turning block executed
[DIAG] _turn_input = 0.0
[DIAG] _poll_controls: ENTER, state=3
[VERBATIM] POLL: _poll_controls() entered, game_state=3
[VERBATIM] POLL: checking deploy state=3 canopy=true
[STEER_TELEM] canopy=true has_pc=false turn=0.0 state=3
[STEER_TELEM] /root/Main children: WorldEnvironment DirectionalLight3D AnimationPlayer HUD @MeshInstance3D@165 @MeshInstance3D@166 @MeshInstance3D@167 @MeshInstance3D@168 @Node3D@169 FlyingPlane @Camera3D@173 @MeshInstance3D@174 @MeshInstance3D@175 @MeshInstance3D@176 @MeshInstance3D@177 @MeshInstance3D@178 @MeshInstance3D@179 @MeshInstance3D@180 @MeshInstance3D@181 @MeshInstance3D@182 @MeshInstance3D@183 @MeshInstance3D@184 @MeshInstance3D@185 @MeshInstance3D@186 @MeshInstance3D@187 @MeshInstance3D@188 @MeshInstance3D@189 @MeshInstance3D@190 @MeshInstance3D@191 @MeshInstance3D@192 @MeshInstance3D@193 @MeshInstance3D@194 @MeshInstance3D@195 @MeshInstance3D@196 @MeshInstance3D@197 @MeshInstance3D@198 @MeshInstance3D@199 @MeshInstance3D@200 @MeshInstance3D@201 @MeshInstance3D@202 @MeshInstance3D@203 @MeshInstance3D@204 @MeshInstance3D@205 @MeshInstance3D@206 @MeshInstance3D@207 @MeshInstance3D@208 @MeshInstance3D@209 @MeshInstance3D@210 @MeshInstance3D@211 @MeshInstance3D@212 @MeshInstance3D@213 @MeshInstance3D@214 @MeshInstance3D@215 @CanvasLayer@217 @HTTPRequest@231 PiPLayer @HTTPRequest@240 OpeningAnimTimer 
[VERBATIM] ENTER _deploy_canopy gate=none
[VERBATIM] EXIT _deploy_canopy early=already_deployed_or_no_canopy
[DIAG] _physics_process: ENTER, state=3
[DIAG] _physics_process: camera target set to character (state: 3)
[GLIDE],35.4333333333326,0.0,0.0,0.0,0.0,11.0,0.0,-73.0666932115996,4.23076923076923,2.6,412.985748291016,227.674896240234,58.8
[VERBATIM] DIAGNOSIS turning block executed
[DIAG] _turn_input = 0.0
[DIAG] _physics_process: ENTER, state=3
[DIAG] _physics_process: camera target set to character (state: 3)
[VERBATIM] DIAGNOSIS turning block executed
[DIAG] _turn_input = 0.0
[DIAG] _poll_controls: ENTER, state=3
[VERBATIM] POLL: _poll_controls() entered, game_state=3
[VERBATIM] POLL: checking deploy state=3 canopy=true
[STEER_TELEM] canopy=true has_pc=false turn=0.0 state=3
[STEER_TELEM] /root/Main children: WorldEnvironment DirectionalLight3D AnimationPlayer HUD @MeshInstance3D@165 @MeshInstance3D@166 @MeshInstance3D@167 @MeshInstance3D@168 @Node3D@169 FlyingPlane @Camera3D@173 @MeshInstance3D@174 @MeshInstance3D@175 @MeshInstance3D@176 @MeshInstance3D@177 @MeshInstance3D@178 @MeshInstance3D@179 @MeshInstance3D@180 @MeshInstance3D@181 @MeshInstance3D@182 @MeshInstance3D@183 @MeshInstance3D@184 @MeshInstance3D@185 @MeshInstance3D@186 @MeshInstance3D@187 @MeshInstance3D@188 @MeshInstance3D@189 @MeshInstance3D@190 @MeshInstance3D@191 @MeshInstance3D@192 @MeshInstance3D@193 @MeshInstance3D@194 @MeshInstance3D@195 @MeshInstance3D@196 @MeshInstance3D@197 @MeshInstance3D@198 @MeshInstance3D@199 @MeshInstance3D@200 @MeshInstance3D@201 @MeshInstance3D@202 @MeshInstance3D@203 @MeshInstance3D@204 @MeshInstance3D@205 @MeshInstance3D@206 @MeshInstance3D@207 @MeshInstance3D@208 @MeshInstance3D@209 @MeshInstance3D@210 @MeshInstance3D@211 @MeshInstance3D@212 @MeshInstance3D@213 @MeshInstance3D@214 @MeshInstance3D@215 @CanvasLayer@217 @HTTPRequest@231 PiPLayer @HTTPRequest@240 OpeningAnimTimer 
[VERBATIM] ENTER _deploy_canopy gate=none
[VERBATIM] EXIT _deploy_canopy early=already_deployed_or_no_canopy
[DIAG] _physics_process: ENTER, state=3
[DIAG] _physics_process: camera target set to character (state: 3)
[VERBATIM] DIAGNOSIS turning block executed
[DIAG] _turn_input = 0.0
[PIPLIVE] eye=(412.635, 57.31808, 227.7817) state=3 deployed=true framing=canopy
[DIAG] _physics_process: ENTER, state=3
[DIAG] _physics_process: camera target set to character (state: 3)
[VERBATIM] DIAGNOSIS turning block executed
[DIAG] _turn_input = 0.0
[DIAG] _poll_controls: ENTER, state=3
[VERBATIM] POLL: _poll_controls() entered, game_state=3
[VERBATIM] POLL: checking deploy state=3 canopy=true
[STEER_TELEM] canopy=true has_pc=false turn=0.0 state=3
[STEER_TELEM] /root/Main children: WorldEnvironment DirectionalLight3D AnimationPlayer HUD @MeshInstance3D@165 @MeshInstance3D@166 @MeshInstance3D@167 @MeshInstance3D@168 @Node3D@169 FlyingPlane @Camera3D@173 @MeshInstance3D@174 @MeshInstance3D@175 @MeshInstance3D@176 @MeshInstance3D@177 @MeshInstance3D@178 @MeshInstance3D@179 @MeshInstance3D@180 @MeshInstance3D@181 @MeshInstance3D@182 @MeshInstance3D@183 @MeshInstance3D@184 @MeshInstance3D@185 @MeshInstance3D@186 @MeshInstance3D@187 @MeshInstance3D@188 @MeshInstance3D@189 @MeshInstance3D@190 @MeshInstance3D@191 @MeshInstance3D@192 @MeshInstance3D@193 @MeshInstance3D@194 @MeshInstance3D@195 @MeshInstance3D@196 @MeshInstance3D@197 @MeshInstance3D@198 @MeshInstance3D@199 @MeshInstance3D@200 @MeshInstance3D@201 @MeshInstance3D@202 @MeshInstance3D@203 @MeshInstance3D@204 @MeshInstance3D@205 @MeshInstance3D@206 @MeshInstance3D@207 @MeshInstance3D@208 @MeshInstance3D@209 @MeshInstance3D@210 @MeshInstance3D@211 @MeshInstance3D@212 @MeshInstance3D@213 @MeshInstance3D@214 @MeshInstance3D@215 @CanvasLayer@217 @HTTPRequest@231 PiPLayer @HTTPRequest@240 OpeningAnimTimer 
[VERBATIM] ENTER _deploy_canopy gate=none
[VERBATIM] EXIT _deploy_canopy early=already_deployed_or_no_canopy
[DIAG] _physics_process: ENTER, state=3
[DIAG] _physics_process: camera target set to character (state: 3)
[VERBATIM] DIAGNOSIS turning block executed
[DIAG] _turn_input = 0.0
[DIAG] _physics_process: ENTER, state=3
[DIAG] _physics_process: camera target set to character (state: 3)
[VERBATIM] DIAGNOSIS turning block executed
[DIAG] _turn_input = 0.0
[DIAG] _poll_controls: ENTER, state=3
[VERBATIM] POLL: _poll_controls() entered, game_state=3
[VERBATIM] POLL: checking deploy state=3 canopy=true
[STEER_TELEM] canopy=true has_pc=false turn=0.0 state=3
[STEER_TELEM] /root/Main children: WorldEnvironment DirectionalLight3D AnimationPlayer HUD @MeshInstance3D@165 @MeshInstance3D@166 @MeshInstance3D@167 @MeshInstance3D@168 @Node3D@169 FlyingPlane @Camera3D@173 @MeshInstance3D@174 @MeshInstance3D@175 @MeshInstance3D@176 @MeshInstance3D@177 @MeshInstance3D@178 @MeshInstance3D@179 @MeshInstance3D@180 @MeshInstance3D@181 @MeshInstance3D@182 @MeshInstance3D@183 @MeshInstance3D@184 @MeshInstance3D@185 @MeshInstance3D@186 @MeshInstance3D@187 @MeshInstance3D@188 @MeshInstance3D@189 @MeshInstance3D@190 @MeshInstance3D@191 @MeshInstance3D@192 @MeshInstance3D@193 @MeshInstance3D@194 @MeshInstance3D@195 @MeshInstance3D@196 @MeshInstance3D@197 @MeshInstance3D@198 @MeshInstance3D@199 @MeshInstance3D@200 @MeshInstance3D@201 @MeshInstance3D@202 @MeshInstance3D@203 @MeshInstance3D@204 @MeshInstance3D@205 @MeshInstance3D@206 @MeshInstance3D@207 @MeshInstance3D@208 @MeshInstance3D@209 @MeshInstance3D@210 @MeshInstance3D@211 @MeshInstance3D@212 @MeshInstance3D@213 @MeshInstance3D@214 @MeshInstance3D@215 @CanvasLayer@217 @HTTPRequest@231 PiPLayer @HTTPRequest@240 OpeningAnimTimer 
[VERBATIM] ENTER _deploy_canopy gate=none
[VERBATIM] EXIT _deploy_canopy early=already_deployed_or_no_canopy
[DIAG] _physics_process: ENTER, state=3
[DIAG] _physics_process: camera target set to character (state: 3)
[VERBATIM] DIAGNOSIS turning block executed
[DIAG] _turn_input = 0.0
[DIAG] _physics_process: ENTER, state=3
[DIAG] _physics_process: camera target set to character (state: 3)
[VERBATIM] DIAGNOSIS turning block executed
[DIAG] _turn_input = 0.0
[DIAG] _poll_controls: ENTER, state=3
[VERBATIM] POLL: _poll_controls() entered, game_state=3
[VERBATIM] POLL: checking deploy state=3 canopy=true
[STEER_TELEM] canopy=true has_pc=false turn=0.0 state=3
[STEER_TELEM] /root/Main children: WorldEnvironment DirectionalLight3D AnimationPlayer HUD @MeshInstance3D@165 @MeshInstance3D@166 @MeshInstance3D@167 @MeshInstance3D@168 @Node3D@169 FlyingPlane @Camera3D@173 @MeshInstance3D@174 @MeshInstance3D@175 @MeshInstance3D@176 @MeshInstance3D@177 @MeshInstance3D@178 @MeshInstance3D@179 @MeshInstance3D@180 @MeshInstance3D@181 @MeshInstance3D@182 @MeshInstance3D@183 @MeshInstance3D@184 @MeshInstance3D@185 @MeshInstance3D@186 @MeshInstance3D@187 @MeshInstance3D@188 @MeshInstance3D@189 @MeshInstance3D@190 @MeshInstance3D@191 @MeshInstance3D@192 @MeshInstance3D@193 @MeshInstance3D@194 @MeshInstance3D@195 @MeshInstance3D@196 @MeshInstance3D@197 @MeshInstance3D@198 @MeshInstance3D@199 @MeshInstance3D@200 @MeshInstance3D@201 @MeshInstance3D@202 @MeshInstance3D@203 @MeshInstance3D@204 @MeshInstance3D@205 @MeshInstance3D@206 @MeshInstance3D@207 @MeshInstance3D@208 @MeshInstance3D@209 @MeshInstance3D@210 @MeshInstance3D@211 @MeshInstance3D@212 @MeshInstance3D@213 @MeshInstance3D@214 @MeshInstance3D@215 @CanvasLayer@217 @HTTPRequest@231 PiPLayer @HTTPRequest@240 OpeningAnimTimer 
[VERBATIM] ENTER _deploy_canopy gate=none
[VERBATIM] EXIT _deploy_canopy early=already_deployed_or_no_canopy
[DIAG] _physics_process: ENTER, state=3
[DIAG] _physics_process: camera target set to character (state: 3)
[VERBATIM] DIAGNOSIS turning block executed
[DIAG] _turn_input = 0.0
[DIAG] _physics_process: ENTER, state=3
[DIAG] _physics_process: camera target set to character (state: 3)
[VERBATIM] DIAGNOSIS turning block executed
[DIAG] _turn_input = 0.0
[DIAG] _poll_controls: ENTER, state=3
[VERBATIM] POLL: _poll_controls() entered, game_state=3
[VERBATIM] POLL: checking deploy state=3 canopy=true
[STEER_TELEM] canopy=true has_pc=false turn=0.0 state=3
[STEER_TELEM] /root/Main children: WorldEnvironment DirectionalLight3D AnimationPlayer HUD @MeshInstance3D@165 @MeshInstance3D@166 @MeshInstance3D@167 @MeshInstance3D@168 @Node3D@169 FlyingPlane @Camera3D@173 @MeshInstance3D@174 @MeshInstance3D@175 @MeshInstance3D@176 @MeshInstance3D@177 @MeshInstance3D@178 @MeshInstance3D@179 @MeshInstance3D@180 @MeshInstance3D@181 @MeshInstance3D@182 @MeshInstance3D@183 @MeshInstance3D@184 @MeshInstance3D@185 @MeshInstance3D@186 @MeshInstance3D@187 @MeshInstance3D@188 @MeshInstance3D@189 @MeshInstance3D@190 @MeshInstance3D@191 @MeshInstance3D@192 @MeshInstance3D@193 @MeshInstance3D@194 @MeshInstance3D@195 @MeshInstance3D@196 @MeshInstance3D@197 @MeshInstance3D@198 @MeshInstance3D@199 @MeshInstance3D@200 @MeshInstance3D@201 @MeshInstance3D@202 @MeshInstance3D@203 @MeshInstance3D@204 @MeshInstance3D@205 @MeshInstance3D@206 @MeshInstance3D@207 @MeshInstance3D@208 @MeshInstance3D@209 @MeshInstance3D@210 @MeshInstance3D@211 @MeshInstance3D@212 @MeshInstance3D@213 @MeshInstance3D@214 @MeshInstance3D@215 @CanvasLayer@217 @HTTPRequest@231 PiPLayer @HTTPRequest@240 OpeningAnimTimer 
[VERBATIM] ENTER _deploy_canopy gate=none
[VERBATIM] EXIT _deploy_canopy early=already_deployed_or_no_canopy
[DIAG] _physics_process: ENTER, state=3
[DIAG] _physics_process: camera target set to character (state: 3)
[VERBATIM] DIAGNOSIS turning block executed
[DIAG] _turn_input = 0.0
[DIAG] _physics_process: ENTER, state=3
[DIAG] _physics_process: camera target set to character (state: 3)
[VERBATIM] DIAGNOSIS turning block executed
[DIAG] _turn_input = 0.0
[AUDIT] _poll_fast: ENTER
[DIAG] _poll_controls: ENTER, state=3
[VERBATIM] POLL: _poll_controls() entered, game_state=3
[VERBATIM] POLL: checking deploy state=3 canopy=true
[STEER_TELEM] canopy=true has_pc=false turn=0.0 state=3
[STEER_TELEM] /root/Main children: WorldEnvironment DirectionalLight3D AnimationPlayer HUD @MeshInstance3D@165 @MeshInstance3D@166 @MeshInstance3D@167 @MeshInstance3D@168 @Node3D@169 FlyingPlane @Camera3D@173 @MeshInstance3D@174 @MeshInstance3D@175 @MeshInstance3D@176 @MeshInstance3D@177 @MeshInstance3D@178 @MeshInstance3D@179 @MeshInstance3D@180 @MeshInstance3D@181 @MeshInstance3D@182 @MeshInstance3D@183 @MeshInstance3D@184 @MeshInstance3D@185 @MeshInstance3D@186 @MeshInstance3D@187 @MeshInstance3D@188 @MeshInstance3D@189 @MeshInstance3D@190 @MeshInstance3D@191 @MeshInstance3D@192 @MeshInstance3D@193 @MeshInstance3D@194 @MeshInstance3D@195 @MeshInstance3D@196 @MeshInstance3D@197 @MeshInstance3D@198 @MeshInstance3D@199 @MeshInstance3D@200 @MeshInstance3D@201 @MeshInstance3D@202 @MeshInstance3D@203 @MeshInstance3D@204 @MeshInstance3D@205 @MeshInstance3D@206 @MeshInstance3D@207 @MeshInstance3D@208 @MeshInstance3D@209 @MeshInstance3D@210 @MeshInstance3D@211 @MeshInstance3D@212 @MeshInstance3D@213 @MeshInstance3D@214 @MeshInstance3D@215 @CanvasLayer@217 @HTTPRequest@231 PiPLayer @HTTPRequest@240 OpeningAnimTimer 
[VERBATIM] ENTER _deploy_canopy gate=none
[VERBATIM] EXIT _deploy_canopy early=already_deployed_or_no_canopy
[DIAG] _physics_process: ENTER, state=3
[DIAG] _physics_process: camera target set to character (state: 3)
[VERBATIM] DIAGNOSIS turning block executed
[DIAG] _turn_input = 0.0
[DIAG] _physics_process: ENTER, state=3
[DIAG] _physics_process: camera target set to character (state: 3)
[VERBATIM] DIAGNOSIS turning block executed
[DIAG] _turn_input = 0.0
[DIAG] _poll_controls: ENTER, state=3
[VERBATIM] POLL: _poll_controls() entered, game_state=3
[VERBATIM] POLL: checking deploy state=3 canopy=true
[STEER_TELEM] canopy=true has_pc=false turn=0.0 state=3
[STEER_TELEM] /root/Main children: WorldEnvironment DirectionalLight3D AnimationPlayer HUD @MeshInstance3D@165 @MeshInstance3D@166 @MeshInstance3D@167 @MeshInstance3D@168 @Node3D@169 FlyingPlane @Camera3D@173 @MeshInstance3D@174 @MeshInstance3D@175 @MeshInstance3D@176 @MeshInstance3D@177 @MeshInstance3D@178 @MeshInstance3D@179 @MeshInstance3D@180 @MeshInstance3D@181 @MeshInstance3D@182 @MeshInstance3D@183 @MeshInstance3D@184 @MeshInstance3D@185 @MeshInstance3D@186 @MeshInstance3D@187 @MeshInstance3D@188 @MeshInstance3D@189 @MeshInstance3D@190 @MeshInstance3D@191 @MeshInstance3D@192 @MeshInstance3D@193 @MeshInstance3D@194 @MeshInstance3D@195 @MeshInstance3D@196 @MeshInstance3D@197 @MeshInstance3D@198 @MeshInstance3D@199 @MeshInstance3D@200 @MeshInstance3D@201 @MeshInstance3D@202 @MeshInstance3D@203 @MeshInstance3D@204 @MeshInstance3D@205 @MeshInstance3D@206 @MeshInstance3D@207 @MeshInstance3D@208 @MeshInstance3D@209 @MeshInstance3D@210 @MeshInstance3D@211 @MeshInstance3D@212 @MeshInstance3D@213 @MeshInstance3D@214 @MeshInstance3D@215 @CanvasLayer@217 @HTTPRequest@231 PiPLayer @HTTPRequest@240 OpeningAnimTimer 
[VERBATIM] ENTER _deploy_canopy gate=none
[VERBATIM] EXIT _deploy_canopy early=already_deployed_or_no_canopy
[DIAG] _physics_process: ENTER, state=3
[DIAG] _physics_process: camera target set to character (state: 3)
[VERBATIM] DIAGNOSIS turning block executed
[DIAG] _turn_input = 0.0
[DIAG] _physics_process: ENTER, state=3
[DIAG] _physics_process: camera target set to character (state: 3)
[VERBATIM] DIAGNOSIS turning block executed
[DIAG] _turn_input = 0.0
[DIAG] _poll_controls: ENTER, state=3
[VERBATIM] POLL: _poll_controls() entered, game_state=3
[VERBATIM] POLL: checking deploy state=3 canopy=true
[STEER_TELEM] canopy=true has_pc=false turn=0.0 state=3
[STEER_TELEM] /root/Main children: WorldEnvironment DirectionalLight3D AnimationPlayer HUD @MeshInstance3D@165 @MeshInstance3D@166 @MeshInstance3D@167 @MeshInstance3D@168 @Node3D@169 FlyingPlane @Camera3D@173 @MeshInstance3D@174 @MeshInstance3D@175 @MeshInstance3D@176 @MeshInstance3D@177 @MeshInstance3D@178 @MeshInstance3D@179 @MeshInstance3D@180 @MeshInstance3D@181 @MeshInstance3D@182 @MeshInstance3D@183 @MeshInstance3D@184 @MeshInstance3D@185 @MeshInstance3D@186 @MeshInstance3D@187 @MeshInstance3D@188 @MeshInstance3D@189 @MeshInstance3D@190 @MeshInstance3D@191 @MeshInstance3D@192 @MeshInstance3D@193 @MeshInstance3D@194 @MeshInstance3D@195 @MeshInstance3D@196 @MeshInstance3D@197 @MeshInstance3D@198 @MeshInstance3D@199 @MeshInstance3D@200 @MeshInstance3D@201 @MeshInstance3D@202 @MeshInstance3D@203 @MeshInstance3D@204 @MeshInstance3D@205 @MeshInstance3D@206 @MeshInstance3D@207 @MeshInstance3D@208 @MeshInstance3D@209 @MeshInstance3D@210 @MeshInstance3D@211 @MeshInstance3D@212 @MeshInstance3D@213 @MeshInstance3D@214 @MeshInstance3D@215 @CanvasLayer@217 @HTTPRequest@231 PiPLayer @HTTPRequest@240 OpeningAnimTimer 
[VERBATIM] ENTER _deploy_canopy gate=none
[VERBATIM] EXIT _deploy_canopy early=already_deployed_or_no_canopy
[DIAG] _physics_process: ENTER, state=3
[DIAG] _physics_process: camera target set to character (state: 3)
[VERBATIM] DIAGNOSIS turning block executed
[DIAG] _turn_input = 0.0
[DIAG] _physics_process: ENTER, state=3
[DIAG] _physics_process: camera target set to character (state: 3)
[VERBATIM] DIAGNOSIS turning block executed
[DIAG] _turn_input = 0.0
[DIAG] _poll_controls: ENTER, state=3
[VERBATIM] POLL: _poll_controls() entered, game_state=3
[VERBATIM] POLL: checking deploy state=3 canopy=true
[STEER_TELEM] canopy=true has_pc=false turn=0.0 state=3
[STEER_TELEM] /root/Main children: WorldEnvironment DirectionalLight3D AnimationPlayer HUD @MeshInstance3D@165 @MeshInstance3D@166 @MeshInstance3D@167 @MeshInstance3D@168 @Node3D@169 FlyingPlane @Camera3D@173 @MeshInstance3D@174 @MeshInstance3D@175 @MeshInstance3D@176 @MeshInstance3D@177 @MeshInstance3D@178 @MeshInstance3D@179 @MeshInstance3D@180 @MeshInstance3D@181 @MeshInstance3D@182 @MeshInstance3D@183 @MeshInstance3D@184 @MeshInstance3D@185 @MeshInstance3D@186 @MeshInstance3D@187 @MeshInstance3D@188 @MeshInstance3D@189 @MeshInstance3D@190 @MeshInstance3D@191 @MeshInstance3D@192 @MeshInstance3D@193 @MeshInstance3D@194 @MeshInstance3D@195 @MeshInstance3D@196 @MeshInstance3D@197 @MeshInstance3D@198 @MeshInstance3D@199 @MeshInstance3D@200 @MeshInstance3D@201 @MeshInstance3D@202 @MeshInstance3D@203 @MeshInstance3D@204 @MeshInstance3D@205 @MeshInstance3D@206 @MeshInstance3D@207 @MeshInstance3D@208 @MeshInstance3D@209 @MeshInstance3D@210 @MeshInstance3D@211 @MeshInstance3D@212 @MeshInstance3D@213 @MeshInstance3D@214 @MeshInstance3D@215 @CanvasLayer@217 @HTTPRequest@231 PiPLayer @HTTPRequest@240 OpeningAnimTimer 
[VERBATIM] ENTER _deploy_canopy gate=none
[VERBATIM] EXIT _deploy_canopy early=already_deployed_or_no_canopy
[DIAG] _physics_process: ENTER, state=3
[DIAG] _physics_process: camera target set to character (state: 3)
[VERBATIM] DIAGNOSIS turning block executed
[DIAG] _turn_input = 0.0
[DIAG] _physics_process: ENTER, state=3
[DIAG] _physics_process: camera target set to character (state: 3)
[VERBATIM] DIAGNOSIS turning block executed
[DIAG] _turn_input = 0.0
[DIAG] _poll_controls: ENTER, state=3
[VERBATIM] POLL: _poll_controls() entered, game_state=3
[VERBATIM] POLL: checking deploy state=3 canopy=true
[STEER_TELEM] canopy=true has_pc=false turn=0.0 state=3
[STEER_TELEM] /root/Main children: WorldEnvironment DirectionalLight3D AnimationPlayer HUD @MeshInstance3D@165 @MeshInstance3D@166 @MeshInstance3D@167 @MeshInstance3D@168 @Node3D@169 FlyingPlane @Camera3D@173 @MeshInstance3D@174 @MeshInstance3D@175 @MeshInstance3D@176 @MeshInstance3D@177 @MeshInstance3D@178 @MeshInstance3D@179 @MeshInstance3D@180 @MeshInstance3D@181 @MeshInstance3D@182 @MeshInstance3D@183 @MeshInstance3D@184 @MeshInstance3D@185 @MeshInstance3D@186 @MeshInstance3D@187 @MeshInstance3D@188 @MeshInstance3D@189 @MeshInstance3D@190 @MeshInstance3D@191 @MeshInstance3D@192 @MeshInstance3D@193 @MeshInstance3D@194 @MeshInstance3D@195 @MeshInstance3D@196 @MeshInstance3D@197 @MeshInstance3D@198 @MeshInstance3D@199 @MeshInstance3D@200 @MeshInstance3D@201 @MeshInstance3D@202 @MeshInstance3D@203 @MeshInstance3D@204 @MeshInstance3D@205 @MeshInstance3D@206 @MeshInstance3D@207 @MeshInstance3D@208 @MeshInstance3D@209 @MeshInstance3D@210 @MeshInstance3D@211 @MeshInstance3D@212 @MeshInstance3D@213 @MeshInstance3D@214 @MeshInstance3D@215 @CanvasLayer@217 @HTTPRequest@231 PiPLayer @HTTPRequest@240 OpeningAnimTimer 
[VERBATIM] ENTER _deploy_canopy gate=none
[VERBATIM] EXIT _deploy_canopy early=already_deployed_or_no_canopy
[DIAG] _physics_process: ENTER, state=3
[DIAG] _physics_process: camera target set to character (state: 3)
[VERBATIM] DIAGNOSIS turning block executed
[DIAG] _turn_input = 0.0
[DIAG] _physics_process: ENTER, state=3
[DIAG] _physics_process: camera target set to character (state: 3)
[VERBATIM] DIAGNOSIS turning block executed
[DIAG] _turn_input = 0.0
[DIAG] _poll_controls: ENTER, state=3
[VERBATIM] POLL: _poll_controls() entered, game_state=3
[VERBATIM] POLL: checking deploy state=3 canopy=true
[STEER_TELEM] canopy=true has_pc=false turn=0.0 state=3
[STEER_TELEM] /root/Main children: WorldEnvironment DirectionalLight3D AnimationPlayer HUD @MeshInstance3D@165 @MeshInstance3D@166 @MeshInstance3D@167 @MeshInstance3D@168 @Node3D@169 FlyingPlane @Camera3D@173 @MeshInstance3D@174 @MeshInstance3D@175 @MeshInstance3D@176 @MeshInstance3D@177 @MeshInstance3D@178 @MeshInstance3D@179 @MeshInstance3D@180 @MeshInstance3D@181 @MeshInstance3D@182 @MeshInstance3D@183 @MeshInstance3D@184 @MeshInstance3D@185 @MeshInstance3D@186 @MeshInstance3D@187 @MeshInstance3D@188 @MeshInstance3D@189 @MeshInstance3D@190 @MeshInstance3D@191 @MeshInstance3D@192 @MeshInstance3D@193 @MeshInstance3D@194 @MeshInstance3D@195 @MeshInstance3D@196 @MeshInstance3D@197 @MeshInstance3D@198 @MeshInstance3D@199 @MeshInstance3D@200 @MeshInstance3D@201 @MeshInstance3D@202 @MeshInstance3D@203 @MeshInstance3D@204 @MeshInstance3D@205 @MeshInstance3D@206 @MeshInstance3D@207 @MeshInstance3D@208 @MeshInstance3D@209 @MeshInstance3D@210 @MeshInstance3D@211 @MeshInstance3D@212 @MeshInstance3D@213 @MeshInstance3D@214 @MeshInstance3D@215 @CanvasLayer@217 @HTTPRequest@231 PiPLayer @HTTPRequest@240 OpeningAnimTimer 
[VERBATIM] ENTER _deploy_canopy gate=none
[VERBATIM] EXIT _deploy_canopy early=already_deployed_or_no_canopy
[AUDIT] _on_stats_completed: ENTER
[AUDIT] _on_leader_completed: ENTER
[AUDIT] _mklabel: ENTER
[DIAG] _physics_process: ENTER, state=3
[DIAG] _physics_process: camera target set to character (state: 3)
[VERBATIM] DIAGNOSIS turning block executed
[DIAG] _turn_input = 0.0
[DIAG] _physics_process: ENTER, state=3
[DIAG] _physics_process: camera target set to character (state: 3)
[VERBATIM] DIAGNOSIS turning block executed
[DIAG] _turn_input = 0.0
[DIAG] _poll_controls: ENTER, state=3
[VERBATIM] POLL: _poll_controls() entered, game_state=3
[VERBATIM] POLL: checking deploy state=3 canopy=true
[STEER_TELEM] canopy=true has_pc=false turn=0.0 state=3
[STEER_TELEM] /root/Main children: WorldEnvironment DirectionalLight3D AnimationPlayer HUD @MeshInstance3D@165 @MeshInstance3D@166 @MeshInstance3D@167 @MeshInstance3D@168 @Node3D@169 FlyingPlane @Camera3D@173 @MeshInstance3D@174 @MeshInstance3D@175 @MeshInstance3D@176 @MeshInstance3D@177 @MeshInstance3D@178 @MeshInstance3D@179 @MeshInstance3D@180 @MeshInstance3D@181 @MeshInstance3D@182 @MeshInstance3D@183 @MeshInstance3D@184 @MeshInstance3D@185 @MeshInstance3D@186 @MeshInstance3D@187 @MeshInstance3D@188 @MeshInstance3D@189 @MeshInstance3D@190 @MeshInstance3D@191 @MeshInstance3D@192 @MeshInstance3D@193 @MeshInstance3D@194 @MeshInstance3D@195 @MeshInstance3D@196 @MeshInstance3D@197 @MeshInstance3D@198 @MeshInstance3D@199 @MeshInstance3D@200 @MeshInstance3D@201 @MeshInstance3D@202 @MeshInstance3D@203 @MeshInstance3D@204 @MeshInstance3D@205 @MeshInstance3D@206 @MeshInstance3D@207 @MeshInstance3D@208 @MeshInstance3D@209 @MeshInstance3D@210 @MeshInstance3D@211 @MeshInstance3D@212 @MeshInstance3D@213 @MeshInstance3D@214 @MeshInstance3D@215 @CanvasLayer@217 @HTTPRequest@231 PiPLayer @HTTPRequest@240 OpeningAnimTimer 
[VERBATIM] ENTER _deploy_canopy gate=none
[VERBATIM] EXIT _deploy_canopy early=already_deployed_or_no_canopy
[DIAG] _physics_process: ENTER, state=3
[DIAG] _physics_process: camera target set to character (state: 3)
[VERBATIM] DIAGNOSIS turning block executed
[DIAG] _turn_input = 0.0
[DIAG] _physics_process: ENTER, state=3
[DIAG] _physics_process: camera target set to character (state: 3)
[VERBATIM] DIAGNOSIS turning block executed
[DIAG] _turn_input = 0.0
[DIAG] _poll_controls: ENTER, state=3
[VERBATIM] POLL: _poll_controls() entered, game_state=3
[VERBATIM] POLL: checking deploy state=3 canopy=true
[STEER_TELEM] canopy=true has_pc=false turn=0.0 state=3
[STEER_TELEM] /root/Main children: WorldEnvironment DirectionalLight3D AnimationPlayer HUD @MeshInstance3D@165 @MeshInstance3D@166 @MeshInstance3D@167 @MeshInstance3D@168 @Node3D@169 FlyingPlane @Camera3D@173 @MeshInstance3D@174 @MeshInstance3D@175 @MeshInstance3D@176 @MeshInstance3D@177 @MeshInstance3D@178 @MeshInstance3D@179 @MeshInstance3D@180 @MeshInstance3D@181 @MeshInstance3D@182 @MeshInstance3D@183 @MeshInstance3D@184 @MeshInstance3D@185 @MeshInstance3D@186 @MeshInstance3D@187 @MeshInstance3D@188 @MeshInstance3D@189 @MeshInstance3D@190 @MeshInstance3D@191 @MeshInstance3D@192 @MeshInstance3D@193 @MeshInstance3D@194 @MeshInstance3D@195 @MeshInstance3D@196 @MeshInstance3D@197 @MeshInstance3D@198 @MeshInstance3D@199 @MeshInstance3D@200 @MeshInstance3D@201 @MeshInstance3D@202 @MeshInstance3D@203 @MeshInstance3D@204 @MeshInstance3D@205 @MeshInstance3D@206 @MeshInstance3D@207 @MeshInstance3D@208 @MeshInstance3D@209 @MeshInstance3D@210 @MeshInstance3D@211 @MeshInstance3D@212 @MeshInstance3D@213 @MeshInstance3D@214 @MeshInstance3D@215 @CanvasLayer@217 @HTTPRequest@231 PiPLayer @HTTPRequest@240 OpeningAnimTimer 
[VERBATIM] ENTER _deploy_canopy gate=none
[VERBATIM] EXIT _deploy_canopy early=already_deployed_or_no_canopy
[DIAG] _physics_process: ENTER, state=3
[DIAG] _physics_process: camera target set to character (state: 3)
[VERBATIM] DIAGNOSIS turning block executed
[DIAG] _turn_input = 0.0
[DIAG] _physics_process: ENTER, state=3
[DIAG] _physics_process: camera target set to character (state: 3)
[VERBATIM] DIAGNOSIS turning block executed
[DIAG] _turn_input = 0.0
[DIAG] _poll_controls: ENTER, state=3
[VERBATIM] POLL: _poll_controls() entered, game_state=3
[VERBATIM] POLL: checking deploy state=3 canopy=true
[STEER_TELEM] canopy=true has_pc=false turn=0.0 state=3
[STEER_TELEM] /root/Main children: WorldEnvironment DirectionalLight3D AnimationPlayer HUD @MeshInstance3D@165 @MeshInstance3D@166 @MeshInstance3D@167 @MeshInstance3D@168 @Node3D@169 FlyingPlane @Camera3D@173 @MeshInstance3D@174 @MeshInstance3D@175 @MeshInstance3D@176 @MeshInstance3D@177 @MeshInstance3D@178 @MeshInstance3D@179 @MeshInstance3D@180 @MeshInstance3D@181 @MeshInstance3D@182 @MeshInstance3D@183 @MeshInstance3D@184 @MeshInstance3D@185 @MeshInstance3D@186 @MeshInstance3D@187 @MeshInstance3D@188 @MeshInstance3D@189 @MeshInstance3D@190 @MeshInstance3D@191 @MeshInstance3D@192 @MeshInstance3D@193 @MeshInstance3D@194 @MeshInstance3D@195 @MeshInstance3D@196 @MeshInstance3D@197 @MeshInstance3D@198 @MeshInstance3D@199 @MeshInstance3D@200 @MeshInstance3D@201 @MeshInstance3D@202 @MeshInstance3D@203 @MeshInstance3D@204 @MeshInstance3D@205 @MeshInstance3D@206 @MeshInstance3D@207 @MeshInstance3D@208 @MeshInstance3D@209 @MeshInstance3D@210 @MeshInstance3D@211 @MeshInstance3D@212 @MeshInstance3D@213 @MeshInstance3D@214 @MeshInstance3D@215 @CanvasLayer@217 @HTTPRequest@231 PiPLayer @HTTPRequest@240 OpeningAnimTimer 
[VERBATIM] ENTER _deploy_canopy gate=none
[VERBATIM] EXIT _deploy_canopy early=already_deployed_or_no_canopy
[DIAG] _physics_process: ENTER, state=3
[DIAG] _physics_process: camera target set to character (state: 3)
[VERBATIM] DIAGNOSIS turning block executed
[DIAG] _turn_input = 0.0
[DIAG] _physics_process: ENTER, state=3
[DIAG] _physics_process: camera target set to character (state: 3)
[VERBATIM] DIAGNOSIS turning block executed
[DIAG] _turn_input = 0.0
[DIAG] _poll_controls: ENTER, state=3
[VERBATIM] POLL: _poll_controls() entered, game_state=3
[VERBATIM] POLL: checking deploy state=3 canopy=true
[STEER_TELEM] canopy=true has_pc=false turn=0.0 state=3
[STEER_TELEM] /root/Main children: WorldEnvironment DirectionalLight3D AnimationPlayer HUD @MeshInstance3D@165 @MeshInstance3D@166 @MeshInstance3D@167 @MeshInstance3D@168 @Node3D@169 FlyingPlane @Camera3D@173 @MeshInstance3D@174 @MeshInstance3D@175 @MeshInstance3D@176 @MeshInstance3D@177 @MeshInstance3D@178 @MeshInstance3D@179 @MeshInstance3D@180 @MeshInstance3D@181 @MeshInstance3D@182 @MeshInstance3D@183 @MeshInstance3D@184 @MeshInstance3D@185 @MeshInstance3D@186 @MeshInstance3D@187 @MeshInstance3D@188 @MeshInstance3D@189 @MeshInstance3D@190 @MeshInstance3D@191 @MeshInstance3D@192 @MeshInstance3D@193 @MeshInstance3D@194 @MeshInstance3D@195 @MeshInstance3D@196 @MeshInstance3D@197 @MeshInstance3D@198 @MeshInstance3D@199 @MeshInstance3D@200 @MeshInstance3D@201 @MeshInstance3D@202 @MeshInstance3D@203 @MeshInstance3D@204 @MeshInstance3D@205 @MeshInstance3D@206 @MeshInstance3D@207 @MeshInstance3D@208 @MeshInstance3D@209 @MeshInstance3D@210 @MeshInstance3D@211 @MeshInstance3D@212 @MeshInstance3D@213 @MeshInstance3D@214 @MeshInstance3D@215 @CanvasLayer@217 @HTTPRequest@231 PiPLayer @HTTPRequest@240 OpeningAnimTimer 
[VERBATIM] ENTER _deploy_canopy gate=none
[VERBATIM] EXIT _deploy_canopy early=already_deployed_or_no_canopy
[DEBUG] _input (build_terrain) called, event=InputEventKey: keycode=81 (Q), mods=none, physical=false, location=unspecified, pressed=true, echo=false
[VERBATIM] INPUT: action=turn_left (Q)
[AUDIT] _input: ENTER
2026-08-05T15:43:47 [INFO] InputManager ready
2026-08-05T15:43:47 [INFO] InputMap.has_action('restart') = true
[INPUT] unhandled_input triggered
2026-08-05T15:43:47 [INFO] InputManager: key=Q code=81
[ARMTEL],60.9499999999978,L,true,0.01666666666667,5.04791666666667,0.0,0.0,5.04791666666667,0.08413194444444,0.00140219907407,0.13320892895709,0.96964688888889,20.0000085715136,0.01666666666667
[CTRL] pressed=turnleft  key=Q  state=3  deployed=true  alt_m=53.7
[DIAG] _physics_process: ENTER, state=3
[DIAG] _physics_process: camera target set to character (state: 3)
[VERBATIM] DIAGNOSIS turning block executed
[DIAG] _turn_input = -1.0
[ARMTEL],60.9666666666645,L,true,0.01666666666667,5.09583333333333,0.01121759259259,0.29446180555556,4.79015393518518,0.1639678433642,0.00413499646348,0.39282471392652,-2.0,20.0000085715136,0.03333333333333
[DIAG] _physics_process: ENTER, state=3
[DIAG] _physics_process: camera target set to character (state: 3)
[GLIDE],35.9499999999992,0.00413499646348,0.0,0.00206749823174,-0.00413499646348,10.9836254140046,0.27225836704874,-73.0606160982996,4.22448106299592,2.59999399931391,407.549194335938,229.329925537109,58.8
[VERBATIM] DIAGNOSIS turning block executed
[DIAG] _turn_input = -1.0
[DIAG] _poll_controls: ENTER, state=3
[VERBATIM] POLL: _poll_controls() entered, game_state=3
[VERBATIM] POLL: checking deploy state=3 canopy=true
[VERBATIM] POLL: turnleft pressed - left turn
[VERBATIM] ENTER _rotate_arm gate=left=true
[VERBATIM] EXIT _rotate_arm ok=true shim=physics_driven idx=8
[STEER_TELEM] canopy=true has_pc=false turn=-1.0 state=3
[STEER_TELEM] /root/Main children: WorldEnvironment DirectionalLight3D AnimationPlayer HUD @MeshInstance3D@165 @MeshInstance3D@166 @MeshInstance3D@167 @MeshInstance3D@168 @Node3D@169 FlyingPlane @Camera3D@173 @MeshInstance3D@174 @MeshInstance3D@175 @MeshInstance3D@176 @MeshInstance3D@177 @MeshInstance3D@178 @MeshInstance3D@179 @MeshInstance3D@180 @MeshInstance3D@181 @MeshInstance3D@182 @MeshInstance3D@183 @MeshInstance3D@184 @MeshInstance3D@185 @MeshInstance3D@186 @MeshInstance3D@187 @MeshInstance3D@188 @MeshInstance3D@189 @MeshInstance3D@190 @MeshInstance3D@191 @MeshInstance3D@192 @MeshInstance3D@193 @MeshInstance3D@194 @MeshInstance3D@195 @MeshInstance3D@196 @MeshInstance3D@197 @MeshInstance3D@198 @MeshInstance3D@199 @MeshInstance3D@200 @MeshInstance3D@201 @MeshInstance3D@202 @MeshInstance3D@203 @MeshInstance3D@204 @MeshInstance3D@205 @MeshInstance3D@206 @MeshInstance3D@207 @MeshInstance3D@208 @MeshInstance3D@209 @MeshInstance3D@210 @MeshInstance3D@211 @MeshInstance3D@212 @MeshInstance3D@213 @MeshInstance3D@214 @MeshInstance3D@215 @CanvasLayer@217 @HTTPRequest@231 PiPLayer @HTTPRequest@240 OpeningAnimTimer 
[VERBATIM] ENTER _deploy_canopy gate=none
[VERBATIM] EXIT _deploy_canopy early=already_deployed_or_no_canopy
[VERBATIM] ENTER _rotate_arm gate=left=true
[VERBATIM] EXIT _rotate_arm ok=true shim=physics_driven idx=8
[VERBATIM] ENTER _rotate_arm gate=left=true
[VERBATIM] EXIT _rotate_arm ok=true shim=physics_driven idx=8
[ARMTEL],60.9833333333312,L,true,0.01666666666667,5.14375,0.03307997170782,0.57388745177469,4.53678257651749,0.23958088630616,0.00812801123525,0.77216116542751,-2.0,20.0000085715136,0.05
[DIAG] _physics_process: ENTER, state=3
[DIAG] _physics_process: camera target set to character (state: 3)
[GLIDE],35.9666666666659,0.00812801123525,0.0,0.00406400561762,-0.00812801123525,10.9678130755084,0.5347940748619,-73.0517028637186,4.21842736155939,2.59997675329274,407.374328613281,229.383209228516,58.8
[VERBATIM] DIAGNOSIS turning block executed
[DIAG] _turn_input = -1.0
[ARMTEL],60.9999999999978,L,true,0.01666666666667,5.19166666666667,0.06502408988197,0.83853310207154,4.28810947471315,0.31104937755137,0.01331216752777,1.26465607577337,-2.0,20.0000085715136,0.06666666666667
[DIAG] _physics_process: ENTER, state=3
[DIAG] _physics_process: camera target set to character (state: 3)
[GLIDE],35.9833333333326,0.01331216752777,0.0,0.00665608376388,-0.01331216752777,10.94728381659,0.8750972552239,-73.0371179094648,4.21059510696521,2.5999374289114,407.199798583984,229.436447143555,58.8
[VERBATIM] DIAGNOSIS turning block executed
[DIAG] _turn_input = -1.0
[DIAG] _poll_controls: ENTER, state=3
[VERBATIM] POLL: _poll_controls() entered, game_state=3
[VERBATIM] POLL: checking deploy state=3 canopy=true
[VERBATIM] POLL: turnleft pressed - left turn
[STEER_TELEM] canopy=true has_pc=false turn=-1.0 state=3
[STEER_TELEM] /root/Main children: WorldEnvironment DirectionalLight3D AnimationPlayer HUD @MeshInstance3D@165 @MeshInstance3D@166 @MeshInstance3D@167 @MeshInstance3D@168 @Node3D@169 FlyingPlane @Camera3D@173 @MeshInstance3D@174 @MeshInstance3D@175 @MeshInstance3D@176 @MeshInstance3D@177 @MeshInstance3D@178 @MeshInstance3D@179 @MeshInstance3D@180 @MeshInstance3D@181 @MeshInstance3D@182 @MeshInstance3D@183 @MeshInstance3D@184 @MeshInstance3D@185 @MeshInstance3D@186 @MeshInstance3D@187 @MeshInstance3D@188 @MeshInstance3D@189 @MeshInstance3D@190 @MeshInstance3D@191 @MeshInstance3D@192 @MeshInstance3D@193 @MeshInstance3D@194 @MeshInstance3D@195 @MeshInstance3D@196 @MeshInstance3D@197 @MeshInstance3D@198 @MeshInstance3D@199 @MeshInstance3D@200 @MeshInstance3D@201 @MeshInstance3D@202 @MeshInstance3D@203 @MeshInstance3D@204 @MeshInstance3D@205 @MeshInstance3D@206 @MeshInstance3D@207 @MeshInstance3D@208 @MeshInstance3D@209 @MeshInstance3D@210 @MeshInstance3D@211 @MeshInstance3D@212 @MeshInstance3D@213 @MeshInstance3D@214 @MeshInstance3D@215 @CanvasLayer@217 @HTTPRequest@231 PiPLayer @HTTPRequest@240 OpeningAnimTimer 
[VERBATIM] ENTER _deploy_canopy gate=none
[VERBATIM] EXIT _deploy_canopy early=already_deployed_or_no_canopy
[VERBATIM] Wind updated: 12.5 kts @ 240.0°
[ARMTEL],61.0166666666645,L,true,0.01666666666667,5.23958333333333,0.10649734022216,1.08867282142981,4.04441317168136,0.37845626374606,0.01961977192354,1.8638785694839,-2.0,20.0000085715136,0.08333333333333
[DIAG] _physics_process: ENTER, state=3
[DIAG] _physics_process: camera target set to character (state: 3)
[GLIDE],35.9999999999992,0.01961977192354,0.0,0.00980988596177,-0.01961977192354,10.9223057031828,1.28831104085349,-73.0156460587839,4.20110733486103,2.59986351992221,407.025695800781,229.489624023438,58.8
[VERBATIM] DIAGNOSIS turning block executed
[DIAG] _turn_input = -1.0
[ARMTEL],61.0333333333312,L,true,0.01666666666667,5.2875,0.1569581753883,1.32459692311122,3.80594490150048,0.44188867877107,0.02698458323639,2.56353573307447,-2.0,20.0000085715136,0.1
[DIAG] _physics_process: ENTER, state=3
[DIAG] _physics_process: camera target set to character (state: 3)
[GLIDE],36.0166666666659,0.02698458323639,0.0,0.01349229161819,-0.02698458323639,10.8931410503839,1.7696218023276,-72.9861523620785,4.19008772573596,2.59974056950576,406.852081298828,229.542739868164,58.8
[VERBATIM] DIAGNOSIS turning block executed
[DIAG] _turn_input = -1.0
[DIAG] _poll_controls: ENTER, state=3
[VERBATIM] POLL: _poll_controls() entered, game_state=3
[VERBATIM] POLL: checking deploy state=3 canopy=true
[VERBATIM] POLL: turnleft pressed - left turn
[STEER_TELEM] canopy=true has_pc=false turn=-1.0 state=3
[STEER_TELEM] /root/Main children: WorldEnvironment DirectionalLight3D AnimationPlayer HUD @MeshInstance3D@165 @MeshInstance3D@166 @MeshInstance3D@167 @MeshInstance3D@168 @Node3D@169 FlyingPlane @Camera3D@173 @MeshInstance3D@174 @MeshInstance3D@175 @MeshInstance3D@176 @MeshInstance3D@177 @MeshInstance3D@178 @MeshInstance3D@179 @MeshInstance3D@180 @MeshInstance3D@181 @MeshInstance3D@182 @MeshInstance3D@183 @MeshInstance3D@184 @MeshInstance3D@185 @MeshInstance3D@186 @MeshInstance3D@187 @MeshInstance3D@188 @MeshInstance3D@189 @MeshInstance3D@190 @MeshInstance3D@191 @MeshInstance3D@192 @MeshInstance3D@193 @MeshInstance3D@194 @MeshInstance3D@195 @MeshInstance3D@196 @MeshInstance3D@197 @MeshInstance3D@198 @MeshInstance3D@199 @MeshInstance3D@200 @MeshInstance3D@201 @MeshInstance3D@202 @MeshInstance3D@203 @MeshInstance3D@204 @MeshInstance3D@205 @MeshInstance3D@206 @MeshInstance3D@207 @MeshInstance3D@208 @MeshInstance3D@209 @MeshInstance3D@210 @MeshInstance3D@211 @MeshInstance3D@212 @MeshInstance3D@213 @MeshInstance3D@214 @MeshInstance3D@215 @CanvasLayer@217 @HTTPRequest@231 PiPLayer @HTTPRequest@240 OpeningAnimTimer 
[VERBATIM] ENTER _deploy_canopy gate=none
[VERBATIM] EXIT _deploy_canopy early=already_deployed_or_no_canopy
[ARMTEL],61.0499999999978,L,true,0.01666666666667,5.33541666666667,0.21587666589111,1.54661037569875,3.57292962507681,0.50143750585569,0.03534187500065,3.35747855152507,-2.0,20.0000085715136,0.11666666666667
[DIAG] _physics_process: ENTER, state=3
[DIAG] _physics_process: camera target set to character (state: 3)
[GLIDE],36.0333333333326,0.03534187500065,0.0,0.01767093750032,-0.03534187500065,10.8600461749974,2.3142788255408,-72.9475810483195,4.17765982393676,2.59955253244234,406.679046630859,229.595825195312,58.8
[VERBATIM] DIAGNOSIS turning block executed
[DIAG] _turn_input = -1.0
[ARMTEL],61.0666666666645,L,true,0.01666666666667,5.38333333333333,0.2827350000052,1.7550312704949,3.34556706283323,0.55719695690291,0.04462849094903,4.23970717868108,-2.0,20.0000085715136,0.13333333333333
[DIAG] _physics_process: ENTER, state=3
[DIAG] _physics_process: camera target set to character (state: 3)
[GLIDE],36.0499999999992,0.04462849094903,0.0,0.02231424547452,-0.04462849094903,10.8232711758418,2.91761193279529,-72.8989541827729,4.1639463409578,2.59928209674101,406.506622314453,229.648864746094,58.8
[VERBATIM] DIAGNOSIS turning block executed
[DIAG] _turn_input = -1.0
[DIAG] _poll_controls: ENTER, state=3
[VERBATIM] POLL: _poll_controls() entered, game_state=3
[VERBATIM] POLL: checking deploy state=3 canopy=true
[VERBATIM] POLL: turnleft pressed - left turn
[STEER_TELEM] canopy=true has_pc=false turn=-1.0 state=3
[STEER_TELEM] /root/Main children: WorldEnvironment DirectionalLight3D AnimationPlayer HUD @MeshInstance3D@165 @MeshInstance3D@166 @MeshInstance3D@167 @MeshInstance3D@168 @Node3D@169 FlyingPlane @Camera3D@173 @MeshInstance3D@174 @MeshInstance3D@175 @MeshInstance3D@176 @MeshInstance3D@177 @MeshInstance3D@178 @MeshInstance3D@179 @MeshInstance3D@180 @MeshInstance3D@181 @MeshInstance3D@182 @MeshInstance3D@183 @MeshInstance3D@184 @MeshInstance3D@185 @MeshInstance3D@186 @MeshInstance3D@187 @MeshInstance3D@188 @MeshInstance3D@189 @MeshInstance3D@190 @MeshInstance3D@191 @MeshInstance3D@192 @MeshInstance3D@193 @MeshInstance3D@194 @MeshInstance3D@195 @MeshInstance3D@196 @MeshInstance3D@197 @MeshInstance3D@198 @MeshInstance3D@199 @MeshInstance3D@200 @MeshInstance3D@201 @MeshInstance3D@202 @MeshInstance3D@203 @MeshInstance3D@204 @MeshInstance3D@205 @MeshInstance3D@206 @MeshInstance3D@207 @MeshInstance3D@208 @MeshInstance3D@209 @MeshInstance3D@210 @MeshInstance3D@211 @MeshInstance3D@212 @MeshInstance3D@213 @MeshInstance3D@214 @MeshInstance3D@215 @CanvasLayer@217 @HTTPRequest@231 PiPLayer @HTTPRequest@240 OpeningAnimTimer 
[VERBATIM] ENTER _deploy_canopy gate=none
[VERBATIM] EXIT _deploy_canopy early=already_deployed_or_no_canopy
[ARMTEL],61.0833333333311,L,true,0.01666666666667,5.43125,0.35702792759225,1.95018934916017,3.12403272324758,0.60926416895703,0.05478289376498,5.20437556872752,-2.0,20.0000085715136,0.15
[DIAG] _physics_process: ENTER, state=3
[DIAG] _physics_process: camera target set to character (state: 3)
[GLIDE],36.0666666666659,0.05478289376498,0.0,0.02739144688249,-0.05478289376498,10.7830597406907,3.57504712716908,-72.8393700639867,4.14906853559244,2.59891097199024,406.334899902344,229.701889038086,58.8
[VERBATIM] DIAGNOSIS turning block executed
[DIAG] _turn_input = -1.0
[ARMTEL],61.0999999999978,L,true,0.01666666666667,5.47916666666667,0.43826315011986,2.13242459134961,2.9084789251972,0.65773881771032,0.06574520739349,6.24579549571557,-2.0,20.0000085715136,0.16666666666667
[DIAG] _physics_process: ENTER, state=3
[DIAG] _physics_process: camera target set to character (state: 3)
[GLIDE],36.0833333333326,0.06574520739349,0.0,0.03287260369674,-0.06574520739349,10.7396489787218,4.28212034592897,-72.7680013915546,4.13314566424382,2.59842015045135,406.163940429688,229.754913330078,58.8
[VERBATIM] DIAGNOSIS turning block executed
[DIAG] _turn_input = -1.0
[DIAG] _poll_controls: ENTER, state=3
[VERBATIM] POLL: _poll_controls() entered, game_state=3
[VERBATIM] POLL: checking deploy state=3 canopy=true
[VERBATIM] POLL: turnleft pressed - left turn
[STEER_TELEM] canopy=true has_pc=false turn=-1.0 state=3
[STEER_TELEM] /root/Main children: WorldEnvironment DirectionalLight3D AnimationPlayer HUD @MeshInstance3D@165 @MeshInstance3D@166 @MeshInstance3D@167 @MeshInstance3D@168 @Node3D@169 FlyingPlane @Camera3D@173 @MeshInstance3D@174 @MeshInstance3D@175 @MeshInstance3D@176 @MeshInstance3D@177 @MeshInstance3D@178 @MeshInstance3D@179 @MeshInstance3D@180 @MeshInstance3D@181 @MeshInstance3D@182 @MeshInstance3D@183 @MeshInstance3D@184 @MeshInstance3D@185 @MeshInstance3D@186 @MeshInstance3D@187 @MeshInstance3D@188 @MeshInstance3D@189 @MeshInstance3D@190 @MeshInstance3D@191 @MeshInstance3D@192 @MeshInstance3D@193 @MeshInstance3D@194 @MeshInstance3D@195 @MeshInstance3D@196 @MeshInstance3D@197 @MeshInstance3D@198 @MeshInstance3D@199 @MeshInstance3D@200 @MeshInstance3D@201 @MeshInstance3D@202 @MeshInstance3D@203 @MeshInstance3D@204 @MeshInstance3D@205 @MeshInstance3D@206 @MeshInstance3D@207 @MeshInstance3D@208 @MeshInstance3D@209 @MeshInstance3D@210 @MeshInstance3D@211 @MeshInstance3D@212 @MeshInstance3D@213 @MeshInstance3D@214 @MeshInstance3D@215 @CanvasLayer@217 @HTTPRequest@231 PiPLayer @HTTPRequest@240 OpeningAnimTimer 
[VERBATIM] ENTER _deploy_canopy gate=none
[VERBATIM] EXIT _deploy_canopy early=already_deployed_or_no_canopy
[ARMTEL],61.1166666666645,L,true,0.01666666666667,5.52708333333333,0.5259616591479,2.30208586198612,2.69903581219932,0.70272274791364,0.07745725319205,7.35843998790575,-2.0,20.0000085715136,0.18333333333333
[DIAG] _physics_process: ENTER, state=3
[DIAG] _physics_process: camera target set to character (state: 3)
[GLIDE],36.0999999999992,0.07745725319205,0.0,0.03872862659602,-0.07745725319205,10.6932692773595,5.03448941358484,-72.6840932346615,4.11629449532017,2.59779014585004,405.993804931641,229.807952880859,58.8
[VERBATIM] DIAGNOSIS turning block executed
[DIAG] _turn_input = -1.0
[ARMTEL],61.1333333333311,L,true,0.01666666666667,5.575,0.61965802553639,2.45952961769774,2.49581235676587,0.74431962052641,0.08986258020082,8.53694620343182,-2.0,20.0000085715136,0.2
[DIAG] _physics_process: ENTER, state=3
[DIAG] _physics_process: camera target set to character (state: 3)
[GLIDE],36.1166666666659,0.08986258020082,0.0,0.04493129010041,-0.08986258020082,10.6441441824047,5.82794428882093,-72.5869608298478,4.0986288822087,2.59700121389589,405.824523925781,229.861038208008,58.8
[VERBATIM] DIAGNOSIS turning block executed
[DIAG] _turn_input = -1.0
[DIAG] _poll_controls: ENTER, state=3
[VERBATIM] POLL: _poll_controls() entered, game_state=3
[VERBATIM] POLL: checking deploy state=3 canopy=true
[VERBATIM] POLL: turnleft pressed - left turn
[STEER_TELEM] canopy=true has_pc=false turn=-1.0 state=3
[STEER_TELEM] /root/Main children: WorldEnvironment DirectionalLight3D AnimationPlayer HUD @MeshInstance3D@165 @MeshInstance3D@166 @MeshInstance3D@167 @MeshInstance3D@168 @Node3D@169 FlyingPlane @Camera3D@173 @MeshInstance3D@174 @MeshInstance3D@175 @MeshInstance3D@176 @MeshInstance3D@177 @MeshInstance3D@178 @MeshInstance3D@179 @MeshInstance3D@180 @MeshInstance3D@181 @MeshInstance3D@182 @MeshInstance3D@183 @MeshInstance3D@184 @MeshInstance3D@185 @MeshInstance3D@186 @MeshInstance3D@187 @MeshInstance3D@188 @MeshInstance3D@189 @MeshInstance3D@190 @MeshInstance3D@191 @MeshInstance3D@192 @MeshInstance3D@193 @MeshInstance3D@194 @MeshInstance3D@195 @MeshInstance3D@196 @MeshInstance3D@197 @MeshInstance3D@198 @MeshInstance3D@199 @MeshInstance3D@200 @MeshInstance3D@201 @MeshInstance3D@202 @MeshInstance3D@203 @MeshInstance3D@204 @MeshInstance3D@205 @MeshInstance3D@206 @MeshInstance3D@207 @MeshInstance3D@208 @MeshInstance3D@209 @MeshInstance3D@210 @MeshInstance3D@211 @MeshInstance3D@212 @MeshInstance3D@213 @MeshInstance3D@214 @MeshInstance3D@215 @CanvasLayer@217 @HTTPRequest@231 PiPLayer @HTTPRequest@240 OpeningAnimTimer 
[VERBATIM] ENTER _deploy_canopy gate=none
[VERBATIM] EXIT _deploy_canopy early=already_deployed_or_no_canopy
[ARMTEL],61.1499999999978,L,true,0.01666666666667,5.62291666666667,0.71890064160657,2.60511867184242,2.29889735321767,0.78263457641337,0.10290648980771,9.77611777348456,-2.0,20.0000085715136,0.21666666666667
[DIAG] _physics_process: ENTER, state=3
[DIAG] _physics_process: camera target set to character (state: 3)
[GLIDE],36.1333333333326,0.10290648980771,0.0,0.05145324490386,-0.10290648980771,10.5924903003615,6.65841570208672,-72.475987234813,4.08025938984913,2.5960335577472,405.656188964844,229.914199829102,58.8
[VERBATIM] DIAGNOSIS turning block executed
[DIAG] _turn_input = -1.0
[ARMTEL],61.1666666666645,L,true,0.01666666666667,5.67083333333333,0.82325191846169,2.73922101744678,2.10836039742486,0.81777391637045,0.11653605508055,11.0709266388697,-2.0,20.0000085715136,0.23333333333333
[DIAG] _physics_process: ENTER, state=3
[DIAG] _physics_process: camera target set to character (state: 3)
[GLIDE],36.1499999999992,0.11653605508055,0.0,0.05826802754028,-0.11653605508055,10.538517221881,7.5219822821801,-72.3506208634434,4.06129297042131,2.59486752091853,405.488800048828,229.96745300293,58.8
[VERBATIM] DIAGNOSIS turning block executed
[DIAG] _turn_input = -1.0
[DIAG] _poll_controls: ENTER, state=3
[VERBATIM] POLL: _poll_controls() entered, game_state=3
[VERBATIM] POLL: checking deploy state=3 canopy=true
[VERBATIM] POLL: turnleft pressed - left turn
[STEER_TELEM] canopy=true has_pc=false turn=-1.0 state=3
[STEER_TELEM] /root/Main children: WorldEnvironment DirectionalLight3D AnimationPlayer HUD @MeshInstance3D@165 @MeshInstance3D@166 @MeshInstance3D@167 @MeshInstance3D@168 @Node3D@169 FlyingPlane @Camera3D@173 @MeshInstance3D@174 @MeshInstance3D@175 @MeshInstance3D@176 @MeshInstance3D@177 @MeshInstance3D@178 @MeshInstance3D@179 @MeshInstance3D@180 @MeshInstance3D@181 @MeshInstance3D@182 @MeshInstance3D@183 @MeshInstance3D@184 @MeshInstance3D@185 @MeshInstance3D@186 @MeshInstance3D@187 @MeshInstance3D@188 @MeshInstance3D@189 @MeshInstance3D@190 @MeshInstance3D@191 @MeshInstance3D@192 @MeshInstance3D@193 @MeshInstance3D@194 @MeshInstance3D@195 @MeshInstance3D@196 @MeshInstance3D@197 @MeshInstance3D@198 @MeshInstance3D@199 @MeshInstance3D@200 @MeshInstance3D@201 @MeshInstance3D@202 @MeshInstance3D@203 @MeshInstance3D@204 @MeshInstance3D@205 @MeshInstance3D@206 @MeshInstance3D@207 @MeshInstance3D@208 @MeshInstance3D@209 @MeshInstance3D@210 @MeshInstance3D@211 @MeshInstance3D@212 @MeshInstance3D@213 @MeshInstance3D@214 @MeshInstance3D@215 @CanvasLayer@217 @HTTPRequest@231 PiPLayer @HTTPRequest@240 OpeningAnimTimer 
[VERBATIM] ENTER _deploy_canopy gate=none
[VERBATIM] EXIT _deploy_canopy early=already_deployed_or_no_canopy
[ARMTEL],61.1833333333311,L,true,0.01666666666667,5.71875,0.93228844064441,2.86220870729657,1.92425285205902,0.8498447972381,0.13070013503452,12.4165144054118,-2.0,20.0000085715136,0.25
[DIAG] _physics_process: ENTER, state=3
[DIAG] _physics_process: camera target set to character (state: 3)
[GLIDE],36.1666666666659,0.13070013503452,0.0,0.06535006751726,-0.13070013503452,10.4824274652633,8.41487627080374,-72.2103729255966,4.04183268412508,2.5934837694877,405.322448730469,230.02082824707,58.8
[VERBATIM] DIAGNOSIS turning block executed
[DIAG] _turn_input = -1.0
[ARMTEL],61.1999999999978,L,true,0.01666666666667,5.76666666666667,1.04560108027616,2.97445679033334,1.74660879605716,0.87895494383905,0.1453493840985,13.8081932432598,-2.0,20.0000085715136,0.26666666666667
[DIAG] _physics_process: ENTER, state=3
[DIAG] _physics_process: camera target set to character (state: 3)
[GLIDE],36.1833333333326,0.1453493840985,0.0,0.07267469204925,-0.1453493840985,10.4244164389699,9.33348792391203,-72.0548147935314,4.02197746146368,2.59186346488781,405.157165527344,230.074356079102,58.8
[VERBATIM] DIAGNOSIS turning block executed
[DIAG] _turn_input = -1.0
[DIAG] _poll_controls: ENTER, state=3
[VERBATIM] POLL: _poll_controls() entered, game_state=3
[VERBATIM] POLL: checking deploy state=3 canopy=true
[VERBATIM] POLL: turnleft pressed - left turn
[STEER_TELEM] canopy=true has_pc=false turn=-1.0 state=3
[STEER_TELEM] /root/Main children: WorldEnvironment DirectionalLight3D AnimationPlayer HUD @MeshInstance3D@165 @MeshInstance3D@166 @MeshInstance3D@167 @MeshInstance3D@168 @Node3D@169 FlyingPlane @Camera3D@173 @MeshInstance3D@174 @MeshInstance3D@175 @MeshInstance3D@176 @MeshInstance3D@177 @MeshInstance3D@178 @MeshInstance3D@179 @MeshInstance3D@180 @MeshInstance3D@181 @MeshInstance3D@182 @MeshInstance3D@183 @MeshInstance3D@184 @MeshInstance3D@185 @MeshInstance3D@186 @MeshInstance3D@187 @MeshInstance3D@188 @MeshInstance3D@189 @MeshInstance3D@190 @MeshInstance3D@191 @MeshInstance3D@192 @MeshInstance3D@193 @MeshInstance3D@194 @MeshInstance3D@195 @MeshInstance3D@196 @MeshInstance3D@197 @MeshInstance3D@198 @MeshInstance3D@199 @MeshInstance3D@200 @MeshInstance3D@201 @MeshInstance3D@202 @MeshInstance3D@203 @MeshInstance3D@204 @MeshInstance3D@205 @MeshInstance3D@206 @MeshInstance3D@207 @MeshInstance3D@208 @MeshInstance3D@209 @MeshInstance3D@210 @MeshInstance3D@211 @MeshInstance3D@212 @MeshInstance3D@213 @MeshInstance3D@214 @MeshInstance3D@215 @CanvasLayer@217 @HTTPRequest@231 PiPLayer @HTTPRequest@240 OpeningAnimTimer 
[VERBATIM] ENTER _deploy_canopy gate=none
[VERBATIM] EXIT _deploy_canopy early=already_deployed_or_no_canopy
[ARMTEL],61.2166666666645,L,true,0.01666666666667,5.81458333333333,1.16279507278803,3.07634230343668,1.57544595710862,0.90521237645753,0.16043625703946,15.2414463547012,-2.0,20.0000085715136,0.28333333333333
[DIAG] _physics_process: ENTER, state=3
[DIAG] _physics_process: camera target set to character (state: 3)
[GLIDE],36.1999999999992,0.16043625703946,0.0,0.08021812851973,-0.16043625703946,10.3646724221237,10.2743686977798,-71.8835753152351,4.00182190384296,2.58998842806336,404.992980957031,230.128067016602,58.8
[VERBATIM] DIAGNOSIS turning block executed
[DIAG] _turn_input = -1.0
[ARMTEL],61.2333333333311,L,true,0.01666666666667,5.8625,1.28349005631571,3.16824331760135,1.41076662608295,0.92872515355891,0.17591500959878,16.7119280346151,-2.0,20.0000085715136,0.3
[DIAG] _physics_process: ENTER, state=3
[DIAG] _physics_process: camera target set to character (state: 3)
[GLIDE],36.2166666666659,0.17591500959878,0.0,0.08795750479939,-0.17591500959878,10.3033765619888,11.2342333161991,-71.6963380932985,3.98145611966376,2.58784129532463,404.829956054688,230.181991577148,58.8
[VERBATIM] DIAGNOSIS turning block executed
[DIAG] _turn_input = -1.0
[DIAG] _poll_controls: ENTER, state=3
[VERBATIM] POLL: _poll_controls() entered, game_state=3
[VERBATIM] POLL: checking deploy state=3 canopy=true
[VERBATIM] POLL: turnleft pressed - left turn
[STEER_TELEM] canopy=true has_pc=false turn=-1.0 state=3
[STEER_TELEM] /root/Main children: WorldEnvironment DirectionalLight3D AnimationPlayer HUD @MeshInstance3D@165 @MeshInstance3D@166 @MeshInstance3D@167 @MeshInstance3D@168 @Node3D@169 FlyingPlane @Camera3D@173 @MeshInstance3D@174 @MeshInstance3D@175 @MeshInstance3D@176 @MeshInstance3D@177 @MeshInstance3D@178 @MeshInstance3D@179 @MeshInstance3D@180 @MeshInstance3D@181 @MeshInstance3D@182 @MeshInstance3D@183 @MeshInstance3D@184 @MeshInstance3D@185 @MeshInstance3D@186 @MeshInstance3D@187 @MeshInstance3D@188 @MeshInstance3D@189 @MeshInstance3D@190 @MeshInstance3D@191 @MeshInstance3D@192 @MeshInstance3D@193 @MeshInstance3D@194 @MeshInstance3D@195 @MeshInstance3D@196 @MeshInstance3D@197 @MeshInstance3D@198 @MeshInstance3D@199 @MeshInstance3D@200 @MeshInstance3D@201 @MeshInstance3D@202 @MeshInstance3D@203 @MeshInstance3D@204 @MeshInstance3D@205 @MeshInstance3D@206 @MeshInstance3D@207 @MeshInstance3D@208 @MeshInstance3D@209 @MeshInstance3D@210 @MeshInstance3D@211 @MeshInstance3D@212 @MeshInstance3D@213 @MeshInstance3D@214 @MeshInstance3D@215 @CanvasLayer@217 @HTTPRequest@231 PiPLayer @HTTPRequest@240 OpeningAnimTimer 
[VERBATIM] ENTER _deploy_canopy gate=none
[VERBATIM] EXIT _deploy_canopy early=already_deployed_or_no_canopy
[ARMTEL],61.2499999999978,L,true,0.01666666666667,5.91041666666667,1.40732007679023,3.25053803745619,1.25255855242025,0.94960112943258,0.19174169508932,18.2154633471942,-2.0,20.0000085715136,0.31666666666667
[DIAG] _physics_process: ENTER, state=3
[DIAG] _physics_process: camera target set to character (state: 3)
[GLIDE],36.2333333333326,0.19174169508932,0.0,0.09587084754466,-0.19174169508932,10.2407028874463,12.2099608131258,-71.492838746413,3.96096559341114,2.58540566585106,404.668090820312,230.236175537109,58.8
[VERBATIM] DIAGNOSIS turning block executed
[DIAG] _turn_input = -1.0
[ARMTEL],61.2666666666645,L,true,0.01666666666667,5.95833333333333,1.53393356071457,3.32360395301403,1.10079581960473,0.96794772642599,0.20787415719642,19.7480474420359,-2.0,20.0000085715136,0.33333333333333
[DIAG] _physics_process: ENTER, state=3
[DIAG] _physics_process: camera target set to character (state: 3)
[GLIDE],36.2499999999992,0.20787415719642,0.0,0.10393707859821,-0.20787415719642,10.1768183375022,13.1985946425351,-71.2728621690374,3.94043108552947,2.58266624047169,404.507446289062,230.290634155273,58.8
[VERBATIM] DIAGNOSIS turning block executed
[DIAG] _turn_input = -1.0
[DIAG] _poll_controls: ENTER, state=3
[VERBATIM] POLL: _poll_controls() entered, game_state=3
[VERBATIM] POLL: checking deploy state=3 canopy=true
[VERBATIM] POLL: turnleft pressed - left turn
[STEER_TELEM] canopy=true has_pc=false turn=-1.0 state=3
[STEER_TELEM] /root/Main children: WorldEnvironment DirectionalLight3D AnimationPlayer HUD @MeshInstance3D@165 @MeshInstance3D@166 @MeshInstance3D@167 @MeshInstance3D@168 @Node3D@169 FlyingPlane @Camera3D@173 @MeshInstance3D@174 @MeshInstance3D@175 @MeshInstance3D@176 @MeshInstance3D@177 @MeshInstance3D@178 @MeshInstance3D@179 @MeshInstance3D@180 @MeshInstance3D@181 @MeshInstance3D@182 @MeshInstance3D@183 @MeshInstance3D@184 @MeshInstance3D@185 @MeshInstance3D@186 @MeshInstance3D@187 @MeshInstance3D@188 @MeshInstance3D@189 @MeshInstance3D@190 @MeshInstance3D@191 @MeshInstance3D@192 @MeshInstance3D@193 @MeshInstance3D@194 @MeshInstance3D@195 @MeshInstance3D@196 @MeshInstance3D@197 @MeshInstance3D@198 @MeshInstance3D@199 @MeshInstance3D@200 @MeshInstance3D@201 @MeshInstance3D@202 @MeshInstance3D@203 @MeshInstance3D@204 @MeshInstance3D@205 @MeshInstance3D@206 @MeshInstance3D@207 @MeshInstance3D@208 @MeshInstance3D@209 @MeshInstance3D@210 @MeshInstance3D@211 @MeshInstance3D@212 @MeshInstance3D@213 @MeshInstance3D@214 @MeshInstance3D@215 @CanvasLayer@217 @HTTPRequest@231 PiPLayer @HTTPRequest@240 OpeningAnimTimer 
[VERBATIM] ENTER _deploy_canopy gate=none
[VERBATIM] EXIT _deploy_canopy early=already_deployed_or_no_canopy
[ARMTEL],61.2833333333311,L,true,0.01666666666667,6.00625,1.66299325757137,3.38781704249098,0.95543969993765,0.98387172142495,0.22427201922017,21.3058445321618,-2.0,20.0000085715136,0.35
[DIAG] _physics_process: ENTER, state=3
[DIAG] _physics_process: camera target set to character (state: 3)
[GLIDE],36.2666666666659,0.22427201922017,0.0,0.11213600961009,-0.22427201922017,10.1118828038881,14.1973419442652,-71.0362398032997,3.91992856111503,2.57960895109063,404.348052978516,230.345397949219,58.8
[VERBATIM] DIAGNOSIS turning block executed
[DIAG] _turn_input = -1.0
[ARMTEL],61.2999999999978,L,true,0.01666666666667,6.05416666666667,1.79417615376136,3.44355102498734,0.81643948791796,0.99747904622359,0.24089666999056,22.8851865559554,-2.0,20.0000085715136,0.36666666666667
[DIAG] _physics_process: ENTER, state=3
[DIAG] _physics_process: camera target set to character (state: 3)
[GLIDE],36.2833333333326,0.24089666999056,0.0,0.12044833499528,-0.24089666999056,10.0460491868374,15.2035720513144,-70.7828469357778,3.89952914565818,2.57622107992778,404.18994140625,230.400512695312,58.8
[VERBATIM] DIAGNOSIS turning block executed
[DIAG] _turn_input = -1.0
[DIAG] _poll_controls: ENTER, state=3
[VERBATIM] POLL: _poll_controls() entered, game_state=3
[VERBATIM] POLL: checking deploy state=3 canopy=true
[VERBATIM] POLL: turnleft pressed - left turn
[STEER_TELEM] canopy=true has_pc=false turn=-1.0 state=3
[STEER_TELEM] /root/Main children: WorldEnvironment DirectionalLight3D AnimationPlayer HUD @MeshInstance3D@165 @MeshInstance3D@166 @MeshInstance3D@167 @MeshInstance3D@168 @Node3D@169 FlyingPlane @Camera3D@173 @MeshInstance3D@174 @MeshInstance3D@175 @MeshInstance3D@176 @MeshInstance3D@177 @MeshInstance3D@178 @MeshInstance3D@179 @MeshInstance3D@180 @MeshInstance3D@181 @MeshInstance3D@182 @MeshInstance3D@183 @MeshInstance3D@184 @MeshInstance3D@185 @MeshInstance3D@186 @MeshInstance3D@187 @MeshInstance3D@188 @MeshInstance3D@189 @MeshInstance3D@190 @MeshInstance3D@191 @MeshInstance3D@192 @MeshInstance3D@193 @MeshInstance3D@194 @MeshInstance3D@195 @MeshInstance3D@196 @MeshInstance3D@197 @MeshInstance3D@198 @MeshInstance3D@199 @MeshInstance3D@200 @MeshInstance3D@201 @MeshInstance3D@202 @MeshInstance3D@203 @MeshInstance3D@204 @MeshInstance3D@205 @MeshInstance3D@206 @MeshInstance3D@207 @MeshInstance3D@208 @MeshInstance3D@209 @MeshInstance3D@210 @MeshInstance3D@211 @MeshInstance3D@212 @MeshInstance3D@213 @MeshInstance3D@214 @MeshInstance3D@215 @CanvasLayer@217 @HTTPRequest@231 PiPLayer @HTTPRequest@240 OpeningAnimTimer 
[VERBATIM] ENTER _deploy_canopy gate=none
[VERBATIM] EXIT _deploy_canopy early=already_deployed_or_no_canopy
[ARMTEL],61.3166666666645,L,true,0.01666666666667,6.10208333333333,1.92717335992451,3.49117666178255,0.68373331162627,1.00887460141736,0.25771124668085,24.482571544431,-2.0,20.0000085715136,0.38333333333333
[DIAG] _physics_process: ENTER, state=3
[DIAG] _physics_process: camera target set to character (state: 3)
[GLIDE],36.2999999999992,0.25771124668085,0.0,0.12885562334043,-0.25771124668085,9.97946346314382,16.2148143204563,-70.5126000304368,3.87929910622624,2.57249136760991,404.033142089844,230.455993652344,58.8
[VERBATIM] DIAGNOSIS turning block executed
[DIAG] _turn_input = -1.0
[ARMTEL],61.3333333333311,L,true,0.01666666666667,6.15,2.06168997344682,3.53106110496075,0.55724892159242,1.0181620834439,0.27468061473825,26.0946617146499,-2.0,20.0000085715136,0.4
[DIAG] _physics_process: ENTER, state=3
[DIAG] _physics_process: camera target set to character (state: 3)
[GLIDE],36.3166666666659,0.27468061473825,0.0,0.13734030736913,-0.27468061473825,9.91226476563653,17.2287553642187,-70.2254541076998,3.85929985659839,2.56841010907436,403.877685546875,230.51188659668,58.8
[VERBATIM] DIAGNOSIS turning block executed
[DIAG] _turn_input = -1.0
[DIAG] _poll_controls: ENTER, state=3
[VERBATIM] POLL: _poll_controls() entered, game_state=3
[VERBATIM] POLL: checking deploy state=3 canopy=true
[VERBATIM] POLL: turnleft pressed - left turn
[STEER_TELEM] canopy=true has_pc=false turn=-1.0 state=3
[STEER_TELEM] /root/Main children: WorldEnvironment DirectionalLight3D AnimationPlayer HUD @MeshInstance3D@165 @MeshInstance3D@166 @MeshInstance3D@167 @MeshInstance3D@168 @Node3D@169 FlyingPlane @Camera3D@173 @MeshInstance3D@174 @MeshInstance3D@175 @MeshInstance3D@176 @MeshInstance3D@177 @MeshInstance3D@178 @MeshInstance3D@179 @MeshInstance3D@180 @MeshInstance3D@181 @MeshInstance3D@182 @MeshInstance3D@183 @MeshInstance3D@184 @MeshInstance3D@185 @MeshInstance3D@186 @MeshInstance3D@187 @MeshInstance3D@188 @MeshInstance3D@189 @MeshInstance3D@190 @MeshInstance3D@191 @MeshInstance3D@192 @MeshInstance3D@193 @MeshInstance3D@194 @MeshInstance3D@195 @MeshInstance3D@196 @MeshInstance3D@197 @MeshInstance3D@198 @MeshInstance3D@199 @MeshInstance3D@200 @MeshInstance3D@201 @MeshInstance3D@202 @MeshInstance3D@203 @MeshInstance3D@204 @MeshInstance3D@205 @MeshInstance3D@206 @MeshInstance3D@207 @MeshInstance3D@208 @MeshInstance3D@209 @MeshInstance3D@210 @MeshInstance3D@211 @MeshInstance3D@212 @MeshInstance3D@213 @MeshInstance3D@214 @MeshInstance3D@215 @CanvasLayer@217 @HTTPRequest@231 PiPLayer @HTTPRequest@240 OpeningAnimTimer 
[VERBATIM] ENTER _deploy_canopy gate=none
[VERBATIM] EXIT _deploy_canopy early=already_deployed_or_no_canopy
[ARMTEL],61.3499999999978,L,true,0.01666666666667,6.19791666666667,2.19744491790601,3.56356729205364,0.43690445670701,1.02544382438902,0.29177134514473,27.7182813094962,-2.0,20.0000085715136,0.41666666666667
[DIAG] _physics_process: ENTER, state=3
[DIAG] _physics_process: camera target set to character (state: 3)
[GLIDE],36.3333333333326,0.29177134514473,0.0,0.14588567257237,-0.29177134514473,9.84458547322685,18.2432357582841,-69.9214001783951,3.83958798494951,2.56396923623468,403.723571777344,230.568222045898,58.8
[VERBATIM] DIAGNOSIS turning block executed
[DIAG] _turn_input = -1.0
[ARMTEL],61.3666666666645,L,true,0.01666666666667,6.24583333333333,2.33417076115788,3.58905338536155,0.3226091868139,1.03082064416925,0.30895168921422,29.3504142034093,-2.0,20.0000085715136,0.43333333333333
[DIAG] _physics_process: ENTER, state=3
[DIAG] _physics_process: camera target set to character (state: 3)
[GLIDE],36.3499999999992,0.30895168921422,0.0,0.15447584460711,-0.30895168921422,9.77655131071168,19.2562462942635,-69.6004627401574,3.82021530273365,2.55916238640158,403.570861816406,230.625015258789,58.8
[VERBATIM] DIAGNOSIS turning block executed
[DIAG] _turn_input = -1.0
[DIAG] _poll_controls: ENTER, state=3
[VERBATIM] POLL: _poll_controls() entered, game_state=3
[VERBATIM] POLL: checking deploy state=3 canopy=true
[VERBATIM] POLL: turnleft pressed - left turn
[STEER_TELEM] canopy=true has_pc=false turn=-1.0 state=3
[STEER_TELEM] /root/Main children: WorldEnvironment DirectionalLight3D AnimationPlayer HUD @MeshInstance3D@165 @MeshInstance3D@166 @MeshInstance3D@167 @MeshInstance3D@168 @Node3D@169 FlyingPlane @Camera3D@173 @MeshInstance3D@174 @MeshInstance3D@175 @MeshInstance3D@176 @MeshInstance3D@177 @MeshInstance3D@178 @MeshInstance3D@179 @MeshInstance3D@180 @MeshInstance3D@181 @MeshInstance3D@182 @MeshInstance3D@183 @MeshInstance3D@184 @MeshInstance3D@185 @MeshInstance3D@186 @MeshInstance3D@187 @MeshInstance3D@188 @MeshInstance3D@189 @MeshInstance3D@190 @MeshInstance3D@191 @MeshInstance3D@192 @MeshInstance3D@193 @MeshInstance3D@194 @MeshInstance3D@195 @MeshInstance3D@196 @MeshInstance3D@197 @MeshInstance3D@198 @MeshInstance3D@199 @MeshInstance3D@200 @MeshInstance3D@201 @MeshInstance3D@202 @MeshInstance3D@203 @MeshInstance3D@204 @MeshInstance3D@205 @MeshInstance3D@206 @MeshInstance3D@207 @MeshInstance3D@208 @MeshInstance3D@209 @MeshInstance3D@210 @MeshInstance3D@211 @MeshInstance3D@212 @MeshInstance3D@213 @MeshInstance3D@214 @MeshInstance3D@215 @CanvasLayer@217 @HTTPRequest@231 PiPLayer @HTTPRequest@240 OpeningAnimTimer 
[VERBATIM] ENTER _deploy_canopy gate=none
[VERBATIM] EXIT _deploy_canopy early=already_deployed_or_no_canopy
[ARMTEL],61.3833333333311,L,true,0.01666666666667,6.29375,2.47161351371378,3.60787225459236,0.21426423169386,1.03439171469748,0.32619155112585,30.9882012930436,-2.0,20.0000085715136,0.45
[DIAG] _physics_process: ENTER, state=3
[DIAG] _physics_process: camera target set to character (state: 3)
[GLIDE],36.3666666666659,0.32619155112585,0.0,0.16309577556292,-0.32619155112585,9.70828145754165,20.2659238436155,-69.2626973427638,3.80122891344617,2.55398495554959,403.419525146484,230.682312011719,58.8
[VERBATIM] DIAGNOSIS turning block executed
[DIAG] _turn_input = -1.0
[ARMTEL],61.3999999999978,L,true,0.01666666666667,6.34166666666667,2.60953240900677,3.62037100144117,0.11176325621872,1.03625443563446,0.34346245838642,32.6289376912027,-2.0,20.0000085715136,0.46666666666667
[DIAG] _physics_process: ENTER, state=3
[DIAG] _physics_process: camera target set to character (state: 3)
[GLIDE],36.3833333333326,0.34346245838642,0.0,0.17173122919321,-0.34346245838642,9.63988866478977,21.2705468942671,-68.9081882278594,3.78267129995062,2.54843413566376,403.269622802734,230.740127563477,58.8
[VERBATIM] DIAGNOSIS turning block executed
[DIAG] _turn_input = -1.0
[DIAG] _poll_controls: ENTER, state=3
[VERBATIM] POLL: _poll_controls() entered, game_state=3
[VERBATIM] POLL: checking deploy state=3 canopy=true
[VERBATIM] POLL: turnleft pressed - left turn
[STEER_TELEM] canopy=true has_pc=false turn=-1.0 state=3
[STEER_TELEM] /root/Main children: WorldEnvironment DirectionalLight3D AnimationPlayer HUD @MeshInstance3D@165 @MeshInstance3D@166 @MeshInstance3D@167 @MeshInstance3D@168 @Node3D@169 FlyingPlane @Camera3D@173 @MeshInstance3D@174 @MeshInstance3D@175 @MeshInstance3D@176 @MeshInstance3D@177 @MeshInstance3D@178 @MeshInstance3D@179 @MeshInstance3D@180 @MeshInstance3D@181 @MeshInstance3D@182 @MeshInstance3D@183 @MeshInstance3D@184 @MeshInstance3D@185 @MeshInstance3D@186 @MeshInstance3D@187 @MeshInstance3D@188 @MeshInstance3D@189 @MeshInstance3D@190 @MeshInstance3D@191 @MeshInstance3D@192 @MeshInstance3D@193 @MeshInstance3D@194 @MeshInstance3D@195 @MeshInstance3D@196 @MeshInstance3D@197 @MeshInstance3D@198 @MeshInstance3D@199 @MeshInstance3D@200 @MeshInstance3D@201 @MeshInstance3D@202 @MeshInstance3D@203 @MeshInstance3D@204 @MeshInstance3D@205 @MeshInstance3D@206 @MeshInstance3D@207 @MeshInstance3D@208 @MeshInstance3D@209 @MeshInstance3D@210 @MeshInstance3D@211 @MeshInstance3D@212 @MeshInstance3D@213 @MeshInstance3D@214 @MeshInstance3D@215 @CanvasLayer@217 @HTTPRequest@231 PiPLayer @HTTPRequest@240 OpeningAnimTimer 
[VERBATIM] ENTER _deploy_canopy gate=none
[VERBATIM] EXIT _deploy_canopy early=already_deployed_or_no_canopy
[ARMTEL],61.4166666666645,L,true,0.01666666666667,6.38958333333333,2.74769966709137,3.6268905247206,0.01499314152137,1.03650432132648,0.36073753040853,34.2700697417578,-2.0,21.2389544456219,0.48333333333333
[DIAG] _physics_process: ENTER, state=3
[DIAG] _physics_process: camera target set to character (state: 3)
[GLIDE],36.3999999999992,0.36073753040853,0.0,0.18036876520426,-0.36073753040853,9.57147937958223,22.2685308172853,-68.5370460475713,3.76458042904734,2.54250893558525,403.121154785156,230.798492431641,58.8
[VERBATIM] DIAGNOSIS turning block executed
[DIAG] _turn_input = -1.0
[ARMTEL],61.4333333333311,L,true,0.01666666666667,6.4375,2.88590024326823,3.62776512464268,-0.07616536791091,1.03523489852796,0.377991445384,35.9091918726266,-2.0,23.2297908817255,0.5
[DIAG] _physics_process: ENTER, state=3
[DIAG] _physics_process: camera target set to character (state: 3)
[GLIDE],36.4166666666659,0.377991445384,0.0,0.188995722692,-0.377991445384,9.50315387627938,23.2584229167688,-68.1494056656251,3.74698987194131,2.53621018499199,402.974151611328,230.857437133789,58.8
[VERBATIM] DIAGNOSIS turning block executed
[DIAG] _turn_input = -1.0
[DIAG] _poll_controls: ENTER, state=3
[VERBATIM] POLL: _poll_controls() entered, game_state=3
[VERBATIM] POLL: checking deploy state=3 canopy=true
[VERBATIM] POLL: turnleft pressed - left turn
[STEER_TELEM] canopy=true has_pc=false turn=-1.0 state=3
[STEER_TELEM] /root/Main children: WorldEnvironment DirectionalLight3D AnimationPlayer HUD @MeshInstance3D@165 @MeshInstance3D@166 @MeshInstance3D@167 @MeshInstance3D@168 @Node3D@169 FlyingPlane @Camera3D@173 @MeshInstance3D@174 @MeshInstance3D@175 @MeshInstance3D@176 @MeshInstance3D@177 @MeshInstance3D@178 @MeshInstance3D@179 @MeshInstance3D@180 @MeshInstance3D@181 @MeshInstance3D@182 @MeshInstance3D@183 @MeshInstance3D@184 @MeshInstance3D@185 @MeshInstance3D@186 @MeshInstance3D@187 @MeshInstance3D@188 @MeshInstance3D@189 @MeshInstance3D@190 @MeshInstance3D@191 @MeshInstance3D@192 @MeshInstance3D@193 @MeshInstance3D@194 @MeshInstance3D@195 @MeshInstance3D@196 @MeshInstance3D@197 @MeshInstance3D@198 @MeshInstance3D@199 @MeshInstance3D@200 @MeshInstance3D@201 @MeshInstance3D@202 @MeshInstance3D@203 @MeshInstance3D@204 @MeshInstance3D@205 @MeshInstance3D@206 @MeshInstance3D@207 @MeshInstance3D@208 @MeshInstance3D@209 @MeshInstance3D@210 @MeshInstance3D@211 @MeshInstance3D@212 @MeshInstance3D@213 @MeshInstance3D@214 @MeshInstance3D@215 @CanvasLayer@217 @HTTPRequest@231 PiPLayer @HTTPRequest@240 OpeningAnimTimer 
[VERBATIM] ENTER _deploy_canopy gate=none
[VERBATIM] EXIT _deploy_canopy early=already_deployed_or_no_canopy
[DEBUG] _input (build_terrain) called, event=InputEventKey: keycode=81 (Q), mods=none, physical=false, location=unspecified, pressed=true, echo=true
[AUDIT] _input: ENTER
2026-08-05T15:43:48 [INFO] InputManager ready
2026-08-05T15:43:48 [INFO] InputMap.has_action('restart') = true
[INPUT] unhandled_input triggered
2026-08-05T15:43:48 [INFO] InputManager: key=Q code=81
[ARMTEL],61.4499999999978,L,true,0.01666666666667,6.48541666666667,3.02393156307196,3.62332214484787,-0.16183704125317,1.03253761450708,0.39520040562578,37.5440433032533,-2.0,25.2154402329318,0.51666666666667
[DIAG] _physics_process: ENTER, state=3
[DIAG] _physics_process: camera target set to character (state: 3)
[GLIDE],36.4333333333325,0.39520040562578,0.0,0.19760020281289,-0.39520040562578,9.43500639372191,24.2388973120188,-67.7454240437581,3.72992893924055,2.52954052139207,402.82861328125,230.9169921875,58.8
[VERBATIM] DIAGNOSIS turning block executed
[DIAG] _turn_input = -1.0
[ARMTEL],61.4666666666645,L,true,0.01666666666667,6.53333333333333,3.16160324500624,3.61388165077477,-0.24215156244768,1.02850175513295,0.41234210154466,39.1725046223925,-2.0,27.1933283157492,0.53333333333333
[DIAG] _physics_process: ENTER, state=3
[DIAG] _physics_process: camera target set to character (state: 3)
[GLIDE],36.4499999999992,0.41234210154466,0.0,0.20617105077233,-0.41234210154466,9.36712527788314,25.2087496970259,-67.3252782154744,3.71342282908847,2.52250436026497,402.6845703125,230.977172851562,58.8
[VERBATIM] DIAGNOSIS turning block executed
[DIAG] _turn_input = -1.0
[DIAG] _poll_controls: ENTER, state=3
[VERBATIM] POLL: _poll_controls() entered, game_state=3
[VERBATIM] POLL: checking deploy state=3 canopy=true
[VERBATIM] POLL: turnleft pressed - left turn
[STEER_TELEM] canopy=true has_pc=false turn=-1.0 state=3
[STEER_TELEM] /root/Main children: WorldEnvironment DirectionalLight3D AnimationPlayer HUD @MeshInstance3D@165 @MeshInstance3D@166 @MeshInstance3D@167 @MeshInstance3D@168 @Node3D@169 FlyingPlane @Camera3D@173 @MeshInstance3D@174 @MeshInstance3D@175 @MeshInstance3D@176 @MeshInstance3D@177 @MeshInstance3D@178 @MeshInstance3D@179 @MeshInstance3D@180 @MeshInstance3D@181 @MeshInstance3D@182 @MeshInstance3D@183 @MeshInstance3D@184 @MeshInstance3D@185 @MeshInstance3D@186 @MeshInstance3D@187 @MeshInstance3D@188 @MeshInstance3D@189 @MeshInstance3D@190 @MeshInstance3D@191 @MeshInstance3D@192 @MeshInstance3D@193 @MeshInstance3D@194 @MeshInstance3D@195 @MeshInstance3D@196 @MeshInstance3D@197 @MeshInstance3D@198 @MeshInstance3D@199 @MeshInstance3D@200 @MeshInstance3D@201 @MeshInstance3D@202 @MeshInstance3D@203 @MeshInstance3D@204 @MeshInstance3D@205 @MeshInstance3D@206 @MeshInstance3D@207 @MeshInstance3D@208 @MeshInstance3D@209 @MeshInstance3D@210 @MeshInstance3D@211 @MeshInstance3D@212 @MeshInstance3D@213 @MeshInstance3D@214 @MeshInstance3D@215 @CanvasLayer@217 @HTTPRequest@231 PiPLayer @HTTPRequest@240 OpeningAnimTimer 
[VERBATIM] ENTER _deploy_canopy gate=none
[VERBATIM] EXIT _deploy_canopy early=already_deployed_or_no_canopy
[DEBUG] _input (build_terrain) called, event=InputEventKey: keycode=81 (Q), mods=none, physical=false, location=unspecified, pressed=true, echo=true
[AUDIT] _input: ENTER
2026-08-05T15:43:48 [INFO] InputManager ready
2026-08-05T15:43:48 [INFO] InputMap.has_action('restart') = true
[INPUT] unhandled_input triggered
2026-08-05T15:43:48 [INFO] InputManager: key=Q code=81
[ARMTEL],61.4833333333311,L,true,0.01666666666667,6.58125,3.2987368123573,3.59975614296533,-0.31724295532262,1.02321437254424,0.4293956744204,40.7925942513696,-2.0,29.1610483546529,0.55
[DIAG] _physics_process: ENTER, state=3
[DIAG] _physics_process: camera target set to character (state: 3)
[GLIDE],36.4666666666659,0.4293956744204,0.0,0.2146978372102,-0.4293956744204,9.29959312929522,26.1668920183915,-66.8891633485012,3.69749278700757,2.51510784874891,402.542022705078,231.038009643555,58.8
[VERBATIM] DIAGNOSIS turning block executed
[DIAG] _turn_input = -1.0
[ARMTEL],61.4999999999978,L,true,0.01666666666667,6.62916666666667,3.4351653953632,3.58125030390484,-0.38724903260137,1.01676022200088,0.44634167812041,42.402464807355,-2.0,31.1163565650102,0.56666666666667
[DIAG] _physics_process: ENTER, state=3
[DIAG] _physics_process: camera target set to character (state: 3)
[GLIDE],36.4833333333325,0.44634167812041,0.0,0.22317083906021,-0.44634167812041,9.23248695464316,27.1123471090204,-66.4372908966842,3.68215627601046,2.5073588035341,402.400970458984,231.099517822266,58.8
[VERBATIM] DIAGNOSIS turning block executed
[DIAG] _turn_input = -1.0
[DIAG] _poll_controls: ENTER, state=3
[VERBATIM] POLL: _poll_controls() entered, game_state=3
[VERBATIM] POLL: checking deploy state=3 canopy=true
[VERBATIM] POLL: turnleft pressed - left turn
[STEER_TELEM] canopy=true has_pc=false turn=-1.0 state=3
[STEER_TELEM] /root/Main children: WorldEnvironment DirectionalLight3D AnimationPlayer HUD @MeshInstance3D@165 @MeshInstance3D@166 @MeshInstance3D@167 @MeshInstance3D@168 @Node3D@169 FlyingPlane @Camera3D@173 @MeshInstance3D@174 @MeshInstance3D@175 @MeshInstance3D@176 @MeshInstance3D@177 @MeshInstance3D@178 @MeshInstance3D@179 @MeshInstance3D@180 @MeshInstance3D@181 @MeshInstance3D@182 @MeshInstance3D@183 @MeshInstance3D@184 @MeshInstance3D@185 @MeshInstance3D@186 @MeshInstance3D@187 @MeshInstance3D@188 @MeshInstance3D@189 @MeshInstance3D@190 @MeshInstance3D@191 @MeshInstance3D@192 @MeshInstance3D@193 @MeshInstance3D@194 @MeshInstance3D@195 @MeshInstance3D@196 @MeshInstance3D@197 @MeshInstance3D@198 @MeshInstance3D@199 @MeshInstance3D@200 @MeshInstance3D@201 @MeshInstance3D@202 @MeshInstance3D@203 @MeshInstance3D@204 @MeshInstance3D@205 @MeshInstance3D@206 @MeshInstance3D@207 @MeshInstance3D@208 @MeshInstance3D@209 @MeshInstance3D@210 @MeshInstance3D@211 @MeshInstance3D@212 @MeshInstance3D@213 @MeshInstance3D@214 @MeshInstance3D@215 @CanvasLayer@217 @HTTPRequest@231 PiPLayer @HTTPRequest@240 OpeningAnimTimer 
[VERBATIM] ENTER _deploy_canopy gate=none
[VERBATIM] EXIT _deploy_canopy early=already_deployed_or_no_canopy
[ARMTEL],61.5166666666645,L,true,0.01666666666667,6.67708333333333,3.57073342496331,3.55866077700309,-0.45231086863307,1.00922170752367,0.46316203991248,44.0003993805688,-2.0,33.0571676314665,0.58333333333333
[DIAG] _physics_process: ENTER, state=3
[DIAG] _physics_process: camera target set to character (state: 3)
[GLIDE],36.4999999999992,0.46316203991248,0.0,0.23158101995624,-0.46316203991248,9.1658783219466,28.0442433112752,-65.9698868414962,3.66742715552054,2.49926663387146,402.261444091797,231.161727905273,58.8
[VERBATIM] DIAGNOSIS turning block executed
[DIAG] _turn_input = -1.0
[ARMTEL],61.5333333333311,L,true,0.01666666666667,6.725,3.7052963192998,3.53227597633283,-0.51257229563263,1.00067883592979,0.47984002051131,45.5848077387075,-2.0,34.9815500979381,0.6
[DIAG] _physics_process: ENTER, state=3
[DIAG] _physics_process: camera target set to character (state: 3)
[GLIDE],36.5166666666659,0.47984002051131,0.0,0.23992001025565,-0.47984002051131,9.09983351877523,28.9618091197947,-65.487190022833,3.65331586764025,2.490842250838,402.123443603516,231.224655151367,58.8
[VERBATIM] DIAGNOSIS turning block executed
[DIAG] _turn_input = -1.0
[DIAG] _poll_controls: ENTER, state=3
[VERBATIM] POLL: _poll_controls() entered, game_state=3
[VERBATIM] POLL: checking deploy state=3 canopy=true
[VERBATIM] POLL: turnleft pressed - left turn
[STEER_TELEM] canopy=true has_pc=false turn=-1.0 state=3
[STEER_TELEM] /root/Main children: WorldEnvironment DirectionalLight3D AnimationPlayer HUD @MeshInstance3D@165 @MeshInstance3D@166 @MeshInstance3D@167 @MeshInstance3D@168 @Node3D@169 FlyingPlane @Camera3D@173 @MeshInstance3D@174 @MeshInstance3D@175 @MeshInstance3D@176 @MeshInstance3D@177 @MeshInstance3D@178 @MeshInstance3D@179 @MeshInstance3D@180 @MeshInstance3D@181 @MeshInstance3D@182 @MeshInstance3D@183 @MeshInstance3D@184 @MeshInstance3D@185 @MeshInstance3D@186 @MeshInstance3D@187 @MeshInstance3D@188 @MeshInstance3D@189 @MeshInstance3D@190 @MeshInstance3D@191 @MeshInstance3D@192 @MeshInstance3D@193 @MeshInstance3D@194 @MeshInstance3D@195 @MeshInstance3D@196 @MeshInstance3D@197 @MeshInstance3D@198 @MeshInstance3D@199 @MeshInstance3D@200 @MeshInstance3D@201 @MeshInstance3D@202 @MeshInstance3D@203 @MeshInstance3D@204 @MeshInstance3D@205 @MeshInstance3D@206 @MeshInstance3D@207 @MeshInstance3D@208 @MeshInstance3D@209 @MeshInstance3D@210 @MeshInstance3D@211 @MeshInstance3D@212 @MeshInstance3D@213 @MeshInstance3D@214 @MeshInstance3D@215 @CanvasLayer@217 @HTTPRequest@231 PiPLayer @HTTPRequest@240 OpeningAnimTimer 
[VERBATIM] ENTER _deploy_canopy gate=none
[VERBATIM] EXIT _deploy_canopy early=already_deployed_or_no_canopy
[DEBUG] _input (build_terrain) called, event=InputEventKey: keycode=81 (Q), mods=none, physical=false, location=unspecified, pressed=true, echo=true
[AUDIT] _input: ENTER
2026-08-05T15:43:48 [INFO] InputManager ready
2026-08-05T15:43:48 [INFO] InputMap.has_action('restart') = true
[INPUT] unhandled_input triggered
2026-08-05T15:43:48 [INFO] InputManager: key=Q code=81
[ARMTEL],61.5499999999978,L,true,0.01666666666667,6.77291666666667,3.83872016409044,3.50237592575426,-0.56817942317803,0.99120917887682,0.49636017349259,47.1542224712745,-2.0,36.887721684613,0.61666666666667
[DIAG] _physics_process: ENTER, state=3
[DIAG] _physics_process: camera target set to character (state: 3)
[GLIDE],36.5333333333325,0.49636017349259,0.0,0.24818008674629,-0.49636017349259,9.03441371296936,29.8643678708573,-64.9894505583187,3.63982962931121,2.48209796420582,401.986999511719,231.288314819336,58.8
[VERBATIM] DIAGNOSIS turning block executed
[DIAG] _turn_input = -1.0
[ARMTEL],61.5666666666645,L,true,0.01666666666667,6.82083333333333,3.97088138794068,3.46923212606887,-0.61928018067622,0.98088784253222,0.51270830420146,48.7072950858868,-2.0,38.7740445466233,0.63333333333333
[DIAG] _physics_process: ENTER, state=3
[DIAG] _physics_process: camera target set to character (state: 3)
[GLIDE],36.5499999999992,0.51270830420146,0.0,0.25635415210073,-0.51270830420146,8.96967511536223,30.7513325020175,-64.4769283499518,3.62697262892829,2.47304736843647,401.852081298828,231.352722167969,58.8
[VERBATIM] DIAGNOSIS turning block executed
[DIAG] _turn_input = -1.0
[DIAG] _poll_controls: ENTER, state=3
[VERBATIM] POLL: _poll_controls() entered, game_state=3
[VERBATIM] POLL: checking deploy state=3 canopy=true
[VERBATIM] POLL: turnleft pressed - left turn
[STEER_TELEM] canopy=true has_pc=false turn=-1.0 state=3
[STEER_TELEM] /root/Main children: WorldEnvironment DirectionalLight3D AnimationPlayer HUD @MeshInstance3D@165 @MeshInstance3D@166 @MeshInstance3D@167 @MeshInstance3D@168 @Node3D@169 FlyingPlane @Camera3D@173 @MeshInstance3D@174 @MeshInstance3D@175 @MeshInstance3D@176 @MeshInstance3D@177 @MeshInstance3D@178 @MeshInstance3D@179 @MeshInstance3D@180 @MeshInstance3D@181 @MeshInstance3D@182 @MeshInstance3D@183 @MeshInstance3D@184 @MeshInstance3D@185 @MeshInstance3D@186 @MeshInstance3D@187 @MeshInstance3D@188 @MeshInstance3D@189 @MeshInstance3D@190 @MeshInstance3D@191 @MeshInstance3D@192 @MeshInstance3D@193 @MeshInstance3D@194 @MeshInstance3D@195 @MeshInstance3D@196 @MeshInstance3D@197 @MeshInstance3D@198 @MeshInstance3D@199 @MeshInstance3D@200 @MeshInstance3D@201 @MeshInstance3D@202 @MeshInstance3D@203 @MeshInstance3D@204 @MeshInstance3D@205 @MeshInstance3D@206 @MeshInstance3D@207 @MeshInstance3D@208 @MeshInstance3D@209 @MeshInstance3D@210 @MeshInstance3D@211 @MeshInstance3D@212 @MeshInstance3D@213 @MeshInstance3D@214 @MeshInstance3D@215 @CanvasLayer@217 @HTTPRequest@231 PiPLayer @HTTPRequest@240 OpeningAnimTimer 
[VERBATIM] ENTER _deploy_canopy gate=none
[VERBATIM] EXIT _deploy_canopy early=already_deployed_or_no_canopy
[DEBUG] _input (build_terrain) called, event=InputEventKey: keycode=81 (Q), mods=none, physical=false, location=unspecified, pressed=true, echo=true
[AUDIT] _input: ENTER
2026-08-05T15:43:48 [INFO] InputManager ready
2026-08-05T15:43:48 [INFO] InputMap.has_action('restart') = true
[INPUT] unhandled_input triggered
2026-08-05T15:43:48 [INFO] InputManager: key=Q code=81
[ARMTEL],61.5833333333311,L,true,0.01666666666667,6.86875,4.10166643361165,3.43310744886276,-0.66602388247441,0.96978744449098,0.52887142827631,50.2427920680347,-2.0,40.6390204883286,0.65
[DIAG] _physics_process: ENTER, state=3
[DIAG] _physics_process: camera target set to character (state: 3)
[GLIDE],36.5666666666659,0.52887142827631,0.0,0.26443571413815,-0.52887142827631,8.90566914402583,31.6222004027686,-63.9498916765723,3.61474622599969,2.46370521946195,401.718719482422,231.417907714844,58.8
[VERBATIM] DIAGNOSIS turning block executed
[DIAG] _turn_input = -1.0
[ARMTEL],61.5999999999978,L,true,0.01666666666667,6.91666666666667,4.23097142621044,3.39425605571842,-0.7085608152622,0.95797809756994,0.54483772990247,51.7595909151826,-2.0,42.4812861464351,0.66666666666667
[DIAG] _physics_process: ENTER, state=3
[DIAG] _physics_process: camera target set to character (state: 3)
[GLIDE],36.5833333333325,0.54483772990247,0.0,0.27241886495124,-0.54483772990247,8.84244258958621,32.476548374193,-63.4086158703357,3.60314915248606,2.45408730401438,401.586944580078,231.483871459961,58.8
[VERBATIM] DIAGNOSIS turning block executed
[DIAG] _turn_input = -1.0
[DIAG] _poll_controls: ENTER, state=3
[VERBATIM] POLL: _poll_controls() entered, game_state=3
[VERBATIM] POLL: checking deploy state=3 canopy=true
[VERBATIM] POLL: turnleft pressed - left turn
[STEER_TELEM] canopy=true has_pc=false turn=-1.0 state=3
[STEER_TELEM] /root/Main children: WorldEnvironment DirectionalLight3D AnimationPlayer HUD @MeshInstance3D@165 @MeshInstance3D@166 @MeshInstance3D@167 @MeshInstance3D@168 @Node3D@169 FlyingPlane @Camera3D@173 @MeshInstance3D@174 @MeshInstance3D@175 @MeshInstance3D@176 @MeshInstance3D@177 @MeshInstance3D@178 @MeshInstance3D@179 @MeshInstance3D@180 @MeshInstance3D@181 @MeshInstance3D@182 @MeshInstance3D@183 @MeshInstance3D@184 @MeshInstance3D@185 @MeshInstance3D@186 @MeshInstance3D@187 @MeshInstance3D@188 @MeshInstance3D@189 @MeshInstance3D@190 @MeshInstance3D@191 @MeshInstance3D@192 @MeshInstance3D@193 @MeshInstance3D@194 @MeshInstance3D@195 @MeshInstance3D@196 @MeshInstance3D@197 @MeshInstance3D@198 @MeshInstance3D@199 @MeshInstance3D@200 @MeshInstance3D@201 @MeshInstance3D@202 @MeshInstance3D@203 @MeshInstance3D@204 @MeshInstance3D@205 @MeshInstance3D@206 @MeshInstance3D@207 @MeshInstance3D@208 @MeshInstance3D@209 @MeshInstance3D@210 @MeshInstance3D@211 @MeshInstance3D@212 @MeshInstance3D@213 @MeshInstance3D@214 @MeshInstance3D@215 @CanvasLayer@217 @HTTPRequest@231 PiPLayer @HTTPRequest@240 OpeningAnimTimer 
[VERBATIM] ENTER _deploy_canopy gate=none
[VERBATIM] EXIT _deploy_canopy early=already_deployed_or_no_canopy
[ARMTEL],61.6166666666645,L,true,0.01666666666667,6.96458333333333,4.35870183921977,3.35292334149479,-0.74704184738123,0.94552740011359,0.56059651990436,53.2566761555206,-2.0,44.2996081544712,0.68333333333333
[DIAG] _physics_process: ENTER, state=3
[DIAG] _physics_process: camera target set to character (state: 3)
[GLIDE],36.5999999999992,0.56059651990436,0.0,0.28029825995218,-0.56059651990436,8.78003778117872,33.3140277129481,-62.8533820751199,3.59217771450462,2.44421030332836,401.456726074219,231.550643920898,58.8
[VERBATIM] DIAGNOSIS turning block executed
[DIAG] _turn_input = -1.0
[ARMTEL],61.6333333333311,L,true,0.01666666666667,7.0125,4.48477215923491,3.30934590039755,-0.78161805963247,0.93250043245305,0.57613819377858,54.7331353611095,-2.0,46.0928783004541,0.7
[DIAG] _physics_process: ENTER, state=3
[DIAG] _physics_process: camera target set to character (state: 3)
[GLIDE],36.6166666666659,0.57613819377858,0.0,0.28806909688929,-0.57613819377858,8.71849275263682,34.1343594325033,-62.2844760845782,3.58182599314695,2.43409165306125,401.328094482422,231.618225097656,58.8
[VERBATIM] DIAGNOSIS turning block executed
[DIAG] _turn_input = -1.0
[DIAG] _poll_controls: ENTER, state=3
[VERBATIM] POLL: _poll_controls() entered, game_state=3
[VERBATIM] POLL: checking deploy state=3 canopy=true
[VERBATIM] POLL: turnleft pressed - left turn
[STEER_TELEM] canopy=true has_pc=false turn=-1.0 state=3
[STEER_TELEM] /root/Main children: WorldEnvironment DirectionalLight3D AnimationPlayer HUD @MeshInstance3D@165 @MeshInstance3D@166 @MeshInstance3D@167 @MeshInstance3D@168 @Node3D@169 FlyingPlane @Camera3D@173 @MeshInstance3D@174 @MeshInstance3D@175 @MeshInstance3D@176 @MeshInstance3D@177 @MeshInstance3D@178 @MeshInstance3D@179 @MeshInstance3D@180 @MeshInstance3D@181 @MeshInstance3D@182 @MeshInstance3D@183 @MeshInstance3D@184 @MeshInstance3D@185 @MeshInstance3D@186 @MeshInstance3D@187 @MeshInstance3D@188 @MeshInstance3D@189 @MeshInstance3D@190 @MeshInstance3D@191 @MeshInstance3D@192 @MeshInstance3D@193 @MeshInstance3D@194 @MeshInstance3D@195 @MeshInstance3D@196 @MeshInstance3D@197 @MeshInstance3D@198 @MeshInstance3D@199 @MeshInstance3D@200 @MeshInstance3D@201 @MeshInstance3D@202 @MeshInstance3D@203 @MeshInstance3D@204 @MeshInstance3D@205 @MeshInstance3D@206 @MeshInstance3D@207 @MeshInstance3D@208 @MeshInstance3D@209 @MeshInstance3D@210 @MeshInstance3D@211 @MeshInstance3D@212 @MeshInstance3D@213 @MeshInstance3D@214 @MeshInstance3D@215 @CanvasLayer@217 @HTTPRequest@231 PiPLayer @HTTPRequest@240 OpeningAnimTimer 
[VERBATIM] ENTER _deploy_canopy gate=none
[VERBATIM] EXIT _deploy_canopy early=already_deployed_or_no_canopy
[DEBUG] _input (build_terrain) called, event=InputEventKey: keycode=81 (Q), mods=none, physical=false, location=unspecified, pressed=true, echo=true
[AUDIT] _input: ENTER
2026-08-05T15:43:48 [INFO] InputManager ready
2026-08-05T15:43:48 [INFO] InputMap.has_action('restart') = true
[INPUT] unhandled_input triggered
2026-08-05T15:43:48 [INFO] InputManager: key=Q code=81
[ARMTEL],61.6499999999978,L,true,0.01666666666667,7.06041666666667,4.60910555022865,3.26375151358566,-0.81244039714765,0.91895975916725,0.5914541897647,56.1881551646061,-2.0,47.8601086889047,0.71666666666667
[DIAG] _physics_process: ENTER, state=3
[DIAG] _physics_process: camera target set to character (state: 3)
[GLIDE],36.6333333333325,0.5914541897647,0.0,0.29572709488235,-0.5914541897647,8.65784140853178,34.9373296322949,-61.7021872573733,3.57208604323127,2.42374940126022,401.201049804688,231.686630249023,58.8
[VERBATIM] DIAGNOSIS turning block executed
[DIAG] _turn_input = -1.0
[ARMTEL],61.6666666666644,L,true,0.01666666666667,7.10833333333333,4.73163351811762,3.21635915708538,-0.83965934186967,0.90496543680276,0.60653694704475,57.621017288211,-2.0,49.6004269177077,0.73333333333333
[DIAG] _physics_process: ENTER, state=3
[DIAG] _physics_process: camera target set to character (state: 3)
[GLIDE],36.6499999999992,0.60653694704475,0.0,0.30326847352237,-0.60653694704475,8.5981136897028,35.7227850233871,-61.1068075069835,3.56294808889039,2.41320206615205,401.075592041016,231.755874633789,58.8
[VERBATIM] DIAGNOSIS turning block executed
[DIAG] _turn_input = -1.0
[DIAG] _poll_controls: ENTER, state=3
[VERBATIM] POLL: _poll_controls() entered, game_state=3
[VERBATIM] POLL: checking deploy state=3 canopy=true
[VERBATIM] POLL: turnleft pressed - left turn
[STEER_TELEM] canopy=true has_pc=false turn=-1.0 state=3
[STEER_TELEM] /root/Main children: WorldEnvironment DirectionalLight3D AnimationPlayer HUD @MeshInstance3D@165 @MeshInstance3D@166 @MeshInstance3D@167 @MeshInstance3D@168 @Node3D@169 FlyingPlane @Camera3D@173 @MeshInstance3D@174 @MeshInstance3D@175 @MeshInstance3D@176 @MeshInstance3D@177 @MeshInstance3D@178 @MeshInstance3D@179 @MeshInstance3D@180 @MeshInstance3D@181 @MeshInstance3D@182 @MeshInstance3D@183 @MeshInstance3D@184 @MeshInstance3D@185 @MeshInstance3D@186 @MeshInstance3D@187 @MeshInstance3D@188 @MeshInstance3D@189 @MeshInstance3D@190 @MeshInstance3D@191 @MeshInstance3D@192 @MeshInstance3D@193 @MeshInstance3D@194 @MeshInstance3D@195 @MeshInstance3D@196 @MeshInstance3D@197 @MeshInstance3D@198 @MeshInstance3D@199 @MeshInstance3D@200 @MeshInstance3D@201 @MeshInstance3D@202 @MeshInstance3D@203 @MeshInstance3D@204 @MeshInstance3D@205 @MeshInstance3D@206 @MeshInstance3D@207 @MeshInstance3D@208 @MeshInstance3D@209 @MeshInstance3D@210 @MeshInstance3D@211 @MeshInstance3D@212 @MeshInstance3D@213 @MeshInstance3D@214 @MeshInstance3D@215 @CanvasLayer@217 @HTTPRequest@231 PiPLayer @HTTPRequest@240 OpeningAnimTimer 
[VERBATIM] ENTER _deploy_canopy gate=none
[VERBATIM] EXIT _deploy_canopy early=already_deployed_or_no_canopy
[DEBUG] _input (build_terrain) called, event=InputEventKey: keycode=81 (Q), mods=none, physical=false, location=unspecified, pressed=true, echo=true
[AUDIT] _input: ENTER
2026-08-05T15:43:48 [INFO] InputManager ready
2026-08-05T15:43:48 [INFO] InputMap.has_action('restart') = true
[INPUT] unhandled_input triggered
2026-08-05T15:43:48 [INFO] InputManager: key=Q code=81
[ARMTEL],61.6833333333311,L,true,0.01666666666667,7.15625,4.85229557635799,3.16737902880965,-0.86342460516764,0.89057502671663,0.62137986415669,59.0310945929522,-2.0,51.3130712796709,0.75
[DIAG] _physics_process: ENTER, state=3
[DIAG] _physics_process: camera target set to character (state: 3)
[GLIDE],36.6666666666659,0.62137986415669,0.0,0.31068993207835,-0.62137986415669,8.5393357379395,36.4906286173283,-60.4986303633614,3.55440071498323,2.40246849544643,400.951721191406,231.825958251953,58.8
[VERBATIM] DIAGNOSIS turning block executed
[DIAG] _turn_input = -1.0
[ARMTEL],61.6999999999978,L,true,0.01666666666667,7.20416666666667,4.97103891325354,3.11701259350821,-0.88388484009508,0.87584361271505,0.63597725770194,60.4178471558949,-2.0,52.997385998003,0.76666666666667
[DIAG] _physics_process: ENTER, state=3
[DIAG] _physics_process: camera target set to character (state: 3)
[GLIDE],36.6833333333325,0.63597725770194,0.0,0.31798862885097,-0.63597725770194,8.48153005950031,37.2408155831526,-59.8779501036422,3.54643105341016,2.39156772872962,400.829437255859,231.896896362305,58.8
[VERBATIM] DIAGNOSIS turning block executed
[DIAG] _turn_input = -1.0
[DIAG] _poll_controls: ENTER, state=3
[VERBATIM] POLL: _poll_controls() entered, game_state=3
[VERBATIM] POLL: checking deploy state=3 canopy=true
[VERBATIM] POLL: turnleft pressed - left turn
[STEER_TELEM] canopy=true has_pc=false turn=-1.0 state=3
