[VERBATIM] POLL: _poll_controls() entered, game_state=0
[DIAG] _poll_controls: EXIT (IN_PLANE branch)
[DIAG] _physics_process: ENTER, state=0
[DIAG] _physics_process: IN_PLANE branch entered
[DIAG] _physics_process: plane position updated to (761.3773, 1853.8, 245.5702)
[DIAG] _physics_process: checking camera follow
[DIAG] _physics_process: plane and camera valid, updating camera
[DIAG] _physics_process: camera moved from (762.1105, 1905.516, 76.10104) to (761.3773, 1905.516, 78.38628)
[DIAG] _physics_process: IN_PLANE returning
[DIAG] _physics_process: ENTER, state=0
[DIAG] _physics_process: IN_PLANE branch entered
[DIAG] _physics_process: plane position updated to (760.6371, 1853.8, 247.8532)
[DIAG] _physics_process: checking camera follow
[DIAG] _physics_process: plane and camera valid, updating camera
[DIAG] _physics_process: camera moved from (761.3773, 1905.516, 78.38628) to (760.6371, 1905.516, 80.6693)
[DIAG] _physics_process: IN_PLANE returning
[DIAG] _poll_controls: ENTER, state=0
[VERBATIM] POLL: _poll_controls() entered, game_state=0
[DIAG] _poll_controls: EXIT (IN_PLANE branch)
[DIAG] _physics_process: ENTER, state=0
[DIAG] _physics_process: IN_PLANE branch entered
[DIAG] _physics_process: plane position updated to (759.8901, 1853.8, 250.134)
[DIAG] _physics_process: checking camera follow
[DIAG] _physics_process: plane and camera valid, updating camera
[DIAG] _physics_process: camera moved from (760.6371, 1905.516, 80.6693) to (759.8901, 1905.516, 82.95009)
[DIAG] _physics_process: IN_PLANE returning
[DIAG] _physics_process: ENTER, state=0
[DIAG] _physics_process: IN_PLANE branch entered
[DIAG] _physics_process: plane position updated to (759.1363, 1853.8, 252.4125)
[DIAG] _physics_process: checking camera follow
[DIAG] _physics_process: plane and camera valid, updating camera
[DIAG] _physics_process: camera moved from (759.8901, 1905.516, 82.95009) to (759.1363, 1905.516, 85.22862)
[DIAG] _physics_process: IN_PLANE returning
[DIAG] _poll_controls: ENTER, state=0
[VERBATIM] POLL: _poll_controls() entered, game_state=0
[DIAG] _poll_controls: EXIT (IN_PLANE branch)
[DIAG] _physics_process: ENTER, state=0
[DIAG] _physics_process: IN_PLANE branch entered
[DIAG] _physics_process: plane position updated to (758.3757, 1853.8, 254.6888)
[DIAG] _physics_process: checking camera follow
[DIAG] _physics_process: plane and camera valid, updating camera
[DIAG] _physics_process: camera moved from (759.1363, 1905.516, 85.22862) to (758.3757, 1905.516, 87.5049)
[DIAG] _physics_process: IN_PLANE returning
[DIAG] _physics_process: ENTER, state=0
[DIAG] _physics_process: IN_PLANE branch entered
[DIAG] _physics_process: plane position updated to (757.6082, 1853.8, 256.9628)
[DIAG] _physics_process: checking camera follow
[DIAG] _physics_process: plane and camera valid, updating camera
[DIAG] _physics_process: camera moved from (758.3757, 1905.516, 87.5049) to (757.6082, 1905.516, 89.77888)
[DIAG] _physics_process: IN_PLANE returning
[DIAG] _poll_controls: ENTER, state=0
[VERBATIM] POLL: _poll_controls() entered, game_state=0
[DIAG] _poll_controls: EXIT (IN_PLANE branch)
[DIAG] _physics_process: ENTER, state=0
[DIAG] _physics_process: IN_PLANE branch entered
[DIAG] _physics_process: plane position updated to (756.8339, 1853.8, 259.2344)
[DIAG] _physics_process: checking camera follow
[DIAG] _physics_process: plane and camera valid, updating camera
[DIAG] _physics_process: camera moved from (757.6082, 1905.516, 89.77888) to (756.8339, 1905.516, 92.05055)
[DIAG] _physics_process: IN_PLANE returning
[DIAG] _physics_process: ENTER, state=0
[DIAG] _physics_process: IN_PLANE branch entered
[DIAG] _physics_process: plane position updated to (756.0528, 1853.8, 261.5038)
[DIAG] _physics_process: checking camera follow
[DIAG] _physics_process: plane and camera valid, updating camera
[DIAG] _physics_process: camera moved from (756.8339, 1905.516, 92.05055) to (756.0528, 1905.516, 94.31987)
[DIAG] _physics_process: IN_PLANE returning
[DIAG] _poll_controls: ENTER, state=0
[VERBATIM] POLL: _poll_controls() entered, game_state=0
[DIAG] _poll_controls: EXIT (IN_PLANE branch)
[DIAG] _physics_process: ENTER, state=0
[DIAG] _physics_process: IN_PLANE branch entered
[DIAG] _physics_process: plane position updated to (755.2648, 1853.8, 263.7707)
[DIAG] _physics_process: checking camera follow
[DIAG] _physics_process: plane and camera valid, updating camera
[DIAG] _physics_process: camera moved from (756.0528, 1905.516, 94.31987) to (755.2648, 1905.516, 96.58684)
[DIAG] _physics_process: IN_PLANE returning
[DIAG] _physics_process: ENTER, state=0
[DIAG] _physics_process: IN_PLANE branch entered
[DIAG] _physics_process: plane position updated to (754.4702, 1853.8, 266.0353)
[DIAG] _physics_process: checking camera follow
[DIAG] _physics_process: plane and camera valid, updating camera
[DIAG] _physics_process: camera moved from (755.2648, 1905.516, 96.58684) to (754.4702, 1905.516, 98.85146)
[DIAG] _physics_process: IN_PLANE returning
[DIAG] _poll_controls: ENTER, state=0
[VERBATIM] POLL: _poll_controls() entered, game_state=0
[DIAG] _poll_controls: EXIT (IN_PLANE branch)
[DIAG] _physics_process: ENTER, state=0
[DIAG] _physics_process: IN_PLANE branch entered
[DIAG] _physics_process: plane position updated to (753.6686, 1853.8, 268.2975)
[DIAG] _physics_process: checking camera follow
[DIAG] _physics_process: plane and camera valid, updating camera
[DIAG] _physics_process: camera moved from (754.4702, 1905.516, 98.85146) to (753.6686, 1905.516, 101.1137)
[DIAG] _physics_process: IN_PLANE returning
[DIAG] _physics_process: ENTER, state=0
[DIAG] _physics_process: IN_PLANE branch entered
[DIAG] _physics_process: plane position updated to (752.8604, 1853.8, 270.5573)
[DIAG] _physics_process: checking camera follow
[DIAG] _physics_process: plane and camera valid, updating camera
[DIAG] _physics_process: camera moved from (753.6686, 1905.516, 101.1137) to (752.8604, 1905.516, 103.3735)
[DIAG] _physics_process: IN_PLANE returning
[DIAG] _poll_controls: ENTER, state=0
[VERBATIM] POLL: _poll_controls() entered, game_state=0
[DIAG] _poll_controls: EXIT (IN_PLANE branch)
[DIAG] _physics_process: ENTER, state=0
[DIAG] _physics_process: IN_PLANE branch entered
[DIAG] _physics_process: plane position updated to (752.0453, 1853.8, 272.8147)
[DIAG] _physics_process: checking camera follow
[DIAG] _physics_process: plane and camera valid, updating camera
[DIAG] _physics_process: camera moved from (752.8604, 1905.516, 103.3735) to (752.0453, 1905.516, 105.6308)
[DIAG] _physics_process: IN_PLANE returning
[DIAG] _physics_process: ENTER, state=0
[DIAG] _physics_process: IN_PLANE branch entered
[DIAG] _physics_process: plane position updated to (751.2234, 1853.8, 275.0696)
[DIAG] _physics_process: checking camera follow
[DIAG] _physics_process: plane and camera valid, updating camera
[DIAG] _physics_process: camera moved from (752.0453, 1905.516, 105.6308) to (751.2234, 1905.516, 107.8857)
[DIAG] _physics_process: IN_PLANE returning
[DIAG] _poll_controls: ENTER, state=0
[VERBATIM] POLL: _poll_controls() entered, game_state=0
[DIAG] _poll_controls: EXIT (IN_PLANE branch)
[DIAG] _physics_process: ENTER, state=0
[DIAG] _physics_process: IN_PLANE branch entered
[DIAG] _physics_process: plane position updated to (750.3949, 1853.8, 277.322)
[DIAG] _physics_process: checking camera follow
[DIAG] _physics_process: plane and camera valid, updating camera
[DIAG] _physics_process: camera moved from (751.2234, 1905.516, 107.8857) to (750.3949, 1905.516, 110.1381)
[DIAG] _physics_process: IN_PLANE returning
[DIAG] _physics_process: ENTER, state=0
[DIAG] _physics_process: IN_PLANE branch entered
[DIAG] _physics_process: plane position updated to (749.5596, 1853.8, 279.572)
[DIAG] _physics_process: checking camera follow
[DIAG] _physics_process: plane and camera valid, updating camera
[DIAG] _physics_process: camera moved from (750.3949, 1905.516, 110.1381) to (749.5596, 1905.516, 112.3881)
[DIAG] _physics_process: IN_PLANE returning
[DIAG] _physics_process: ENTER, state=0
[DIAG] _physics_process: IN_PLANE branch entered
[DIAG] _physics_process: plane position updated to (748.7175, 1853.8, 281.8194)
[DIAG] _physics_process: checking camera follow
[DIAG] _physics_process: plane and camera valid, updating camera
[DIAG] _physics_process: camera moved from (749.5596, 1905.516, 112.3881) to (748.7175, 1905.516, 114.6355)
[DIAG] _physics_process: IN_PLANE returning
[DIAG] _poll_controls: ENTER, state=0
[VERBATIM] POLL: _poll_controls() entered, game_state=0
[DIAG] _poll_controls: EXIT (IN_PLANE branch)
[VERBATIM] Wind updated: 12.5 kts @ 240.0°
[PIPLIVE] eye=(100.0, 1830.5, -100.0) state=0 deployed=false framing=aircraft/sky
[DIAG] _physics_process: ENTER, state=0
[DIAG] _physics_process: IN_PLANE branch entered
[DIAG] _physics_process: plane position updated to (747.8687, 1853.8, 284.0643)
[DIAG] _physics_process: checking camera follow
[DIAG] _physics_process: plane and camera valid, updating camera
[DIAG] _physics_process: camera moved from (748.7175, 1905.516, 114.6355) to (747.8687, 1905.516, 116.8804)
[DIAG] _physics_process: IN_PLANE returning
[DIAG] _physics_process: ENTER, state=0
[DIAG] _physics_process: IN_PLANE branch entered
[DIAG] _physics_process: plane position updated to (747.0131, 1853.8, 286.3066)
[DIAG] _physics_process: checking camera follow
[DIAG] _physics_process: plane and camera valid, updating camera
[DIAG] _physics_process: camera moved from (747.8687, 1905.516, 116.8804) to (747.0131, 1905.516, 119.1227)
[DIAG] _physics_process: IN_PLANE returning
[DIAG] _poll_controls: ENTER, state=0
[VERBATIM] POLL: _poll_controls() entered, game_state=0
[DIAG] _poll_controls: EXIT (IN_PLANE branch)
[DIAG] _physics_process: ENTER, state=0
[DIAG] _physics_process: IN_PLANE branch entered
[DIAG] _physics_process: plane position updated to (746.1508, 1853.8, 288.5463)
[DIAG] _physics_process: checking camera follow
[DIAG] _physics_process: plane and camera valid, updating camera
[DIAG] _physics_process: camera moved from (747.0131, 1905.516, 119.1227) to (746.1508, 1905.516, 121.3624)
[DIAG] _physics_process: IN_PLANE returning
[DIAG] _physics_process: ENTER, state=0
[DIAG] _physics_process: IN_PLANE branch entered
[DIAG] _physics_process: plane position updated to (745.2818, 1853.8, 290.7835)
[DIAG] _physics_process: checking camera follow
[DIAG] _physics_process: plane and camera valid, updating camera
[DIAG] _physics_process: camera moved from (746.1508, 1905.516, 121.3624) to (745.2818, 1905.516, 123.5996)
[DIAG] _physics_process: IN_PLANE returning
[DIAG] _poll_controls: ENTER, state=0
[VERBATIM] POLL: _poll_controls() entered, game_state=0
[DIAG] _poll_controls: EXIT (IN_PLANE branch)
[DIAG] _physics_process: ENTER, state=0
[DIAG] _physics_process: IN_PLANE branch entered
[DIAG] _physics_process: plane position updated to (744.4061, 1853.8, 293.018)
[DIAG] _physics_process: checking camera follow
[DIAG] _physics_process: plane and camera valid, updating camera
[DIAG] _physics_process: camera moved from (745.2818, 1905.516, 123.5996) to (744.4061, 1905.516, 125.8342)
[DIAG] _physics_process: IN_PLANE returning
[DIAG] _physics_process: ENTER, state=0
[DIAG] _physics_process: IN_PLANE branch entered
[DIAG] _physics_process: plane position updated to (743.5237, 1853.8, 295.2499)
[DIAG] _physics_process: checking camera follow
[DIAG] _physics_process: plane and camera valid, updating camera
[DIAG] _physics_process: camera moved from (744.4061, 1905.516, 125.8342) to (743.5237, 1905.516, 128.066)
[DIAG] _physics_process: IN_PLANE returning
[DIAG] _poll_controls: ENTER, state=0
[VERBATIM] POLL: _poll_controls() entered, game_state=0
[DIAG] _poll_controls: EXIT (IN_PLANE branch)
[DIAG] _physics_process: ENTER, state=0
[DIAG] _physics_process: IN_PLANE branch entered
[DIAG] _physics_process: plane position updated to (742.6346, 1853.8, 297.4792)
[DIAG] _physics_process: checking camera follow
[DIAG] _physics_process: plane and camera valid, updating camera
[DIAG] _physics_process: camera moved from (743.5237, 1905.516, 128.066) to (742.6346, 1905.516, 130.2953)
[DIAG] _physics_process: IN_PLANE returning
[DIAG] _physics_process: ENTER, state=0
[DIAG] _physics_process: IN_PLANE branch entered
[DIAG] _physics_process: plane position updated to (741.7388, 1853.8, 299.7057)
[DIAG] _physics_process: checking camera follow
[DIAG] _physics_process: plane and camera valid, updating camera
[DIAG] _physics_process: camera moved from (742.6346, 1905.516, 130.2953) to (741.7388, 1905.516, 132.5218)
[DIAG] _physics_process: IN_PLANE returning
[DIAG] _poll_controls: ENTER, state=0
[VERBATIM] POLL: _poll_controls() entered, game_state=0
[DIAG] _poll_controls: EXIT (IN_PLANE branch)
[DIAG] _physics_process: ENTER, state=0
[DIAG] _physics_process: IN_PLANE branch entered
[DIAG] _physics_process: plane position updated to (740.8364, 1853.8, 301.9296)
[DIAG] _physics_process: checking camera follow
[DIAG] _physics_process: plane and camera valid, updating camera
[DIAG] _physics_process: camera moved from (741.7388, 1905.516, 132.5218) to (740.8364, 1905.516, 134.7457)
[DIAG] _physics_process: IN_PLANE returning
[DIAG] _physics_process: ENTER, state=0
[DIAG] _physics_process: IN_PLANE branch entered
[DIAG] _physics_process: plane position updated to (739.9272, 1853.8, 304.1507)
[DIAG] _physics_process: checking camera follow
[DIAG] _physics_process: plane and camera valid, updating camera
[DIAG] _physics_process: camera moved from (740.8364, 1905.516, 134.7457) to (739.9272, 1905.516, 136.9668)
[DIAG] _physics_process: IN_PLANE returning
[DIAG] _poll_controls: ENTER, state=0
[VERBATIM] POLL: _poll_controls() entered, game_state=0
[DIAG] _poll_controls: EXIT (IN_PLANE branch)
[DIAG] _physics_process: ENTER, state=0
[DIAG] _physics_process: IN_PLANE branch entered
[DIAG] _physics_process: plane position updated to (739.0115, 1853.8, 306.3691)
[DIAG] _physics_process: checking camera follow
[DIAG] _physics_process: plane and camera valid, updating camera
[DIAG] _physics_process: camera moved from (739.9272, 1905.516, 136.9668) to (739.0115, 1905.516, 139.1853)
[DIAG] _physics_process: IN_PLANE returning
[DIAG] _physics_process: ENTER, state=0
[DIAG] _physics_process: IN_PLANE branch entered
[DIAG] _physics_process: plane position updated to (738.0891, 1853.8, 308.5848)
[DIAG] _physics_process: checking camera follow
[DIAG] _physics_process: plane and camera valid, updating camera
[DIAG] _physics_process: camera moved from (739.0115, 1905.516, 139.1853) to (738.0891, 1905.516, 141.4009)
[DIAG] _physics_process: IN_PLANE returning
[DIAG] _poll_controls: ENTER, state=0
[VERBATIM] POLL: _poll_controls() entered, game_state=0
[DIAG] _poll_controls: EXIT (IN_PLANE branch)
[DIAG] _physics_process: ENTER, state=0
[DIAG] _physics_process: IN_PLANE branch entered
[DIAG] _physics_process: plane position updated to (737.16, 1853.8, 310.7977)
[DIAG] _physics_process: checking camera follow
[DIAG] _physics_process: plane and camera valid, updating camera
[DIAG] _physics_process: camera moved from (738.0891, 1905.516, 141.4009) to (737.16, 1905.516, 143.6138)
[DIAG] _physics_process: IN_PLANE returning
[DIAG] _physics_process: ENTER, state=0
[DIAG] _physics_process: IN_PLANE branch entered
[DIAG] _physics_process: plane position updated to (736.2242, 1853.8, 313.0078)
[DIAG] _physics_process: checking camera follow
[DIAG] _physics_process: plane and camera valid, updating camera
[DIAG] _physics_process: camera moved from (737.16, 1905.516, 143.6138) to (736.2242, 1905.516, 145.8239)
[DIAG] _physics_process: IN_PLANE returning
[DIAG] _poll_controls: ENTER, state=0
[VERBATIM] POLL: _poll_controls() entered, game_state=0
[DIAG] _poll_controls: EXIT (IN_PLANE branch)
[DIAG] _physics_process: ENTER, state=0
[DIAG] _physics_process: IN_PLANE branch entered
[DIAG] _physics_process: plane position updated to (735.2819, 1853.8, 315.215)
[DIAG] _physics_process: checking camera follow
[DIAG] _physics_process: plane and camera valid, updating camera
[DIAG] _physics_process: camera moved from (736.2242, 1905.516, 145.8239) to (735.2819, 1905.516, 148.0311)
[DIAG] _physics_process: IN_PLANE returning
[DIAG] _physics_process: ENTER, state=0
[DIAG] _physics_process: IN_PLANE branch entered
[DIAG] _physics_process: plane position updated to (734.3329, 1853.8, 317.4194)
[DIAG] _physics_process: checking camera follow
[DIAG] _physics_process: plane and camera valid, updating camera
[DIAG] _physics_process: camera moved from (735.2819, 1905.516, 148.0311) to (734.3329, 1905.516, 150.2355)
[DIAG] _physics_process: IN_PLANE returning
[DIAG] _poll_controls: ENTER, state=0
[VERBATIM] POLL: _poll_controls() entered, game_state=0
[DIAG] _poll_controls: EXIT (IN_PLANE branch)
[DIAG] _physics_process: ENTER, state=0
[DIAG] _physics_process: IN_PLANE branch entered
[DIAG] _physics_process: plane position updated to (733.3774, 1853.8, 319.621)
[DIAG] _physics_process: checking camera follow
[DIAG] _physics_process: plane and camera valid, updating camera
[DIAG] _physics_process: camera moved from (734.3329, 1905.516, 150.2355) to (733.3774, 1905.516, 152.4371)
[DIAG] _physics_process: IN_PLANE returning
[DIAG] _physics_process: ENTER, state=0
[DIAG] _physics_process: IN_PLANE branch entered
[DIAG] _physics_process: plane position updated to (732.4152, 1853.8, 321.8197)
[DIAG] _physics_process: checking camera follow
[DIAG] _physics_process: plane and camera valid, updating camera
[DIAG] _physics_process: camera moved from (733.3774, 1905.516, 152.4371) to (732.4152, 1905.516, 154.6358)
[DIAG] _physics_process: IN_PLANE returning
[DIAG] _poll_controls: ENTER, state=0
[VERBATIM] POLL: _poll_controls() entered, game_state=0
[DIAG] _poll_controls: EXIT (IN_PLANE branch)
[DIAG] _physics_process: ENTER, state=0
[DIAG] _physics_process: IN_PLANE branch entered
[DIAG] _physics_process: plane position updated to (731.4465, 1853.8, 324.0155)
[DIAG] _physics_process: checking camera follow
[DIAG] _physics_process: plane and camera valid, updating camera
[DIAG] _physics_process: camera moved from (732.4152, 1905.516, 154.6358) to (731.4465, 1905.516, 156.8316)
[DIAG] _physics_process: IN_PLANE returning
[DIAG] _physics_process: ENTER, state=0
[DIAG] _physics_process: IN_PLANE branch entered
[DIAG] _physics_process: plane position updated to (730.4711, 1853.8, 326.2084)
[DIAG] _physics_process: checking camera follow
[DIAG] _physics_process: plane and camera valid, updating camera
[DIAG] _physics_process: camera moved from (731.4465, 1905.516, 156.8316) to (730.4711, 1905.516, 159.0245)
[DIAG] _physics_process: IN_PLANE returning
[DIAG] _poll_controls: ENTER, state=0
[VERBATIM] POLL: _poll_controls() entered, game_state=0
[DIAG] _poll_controls: EXIT (IN_PLANE branch)
[DIAG] _physics_process: ENTER, state=0
[DIAG] _physics_process: IN_PLANE branch entered
[DIAG] _physics_process: plane position updated to (729.4893, 1853.8, 328.3983)
[DIAG] _physics_process: checking camera follow
[DIAG] _physics_process: plane and camera valid, updating camera
[DIAG] _physics_process: camera moved from (730.4711, 1905.516, 159.0245) to (729.4893, 1905.516, 161.2144)
[DIAG] _physics_process: IN_PLANE returning
[DIAG] _physics_process: ENTER, state=0
[DIAG] _physics_process: IN_PLANE branch entered
[DIAG] _physics_process: plane position updated to (728.5008, 1853.8, 330.5853)
[DIAG] _physics_process: checking camera follow
[DIAG] _physics_process: plane and camera valid, updating camera
[DIAG] _physics_process: camera moved from (729.4893, 1905.516, 161.2144) to (728.5008, 1905.516, 163.4014)
[DIAG] _physics_process: IN_PLANE returning
[DIAG] _poll_controls: ENTER, state=0
[VERBATIM] POLL: _poll_controls() entered, game_state=0
[DIAG] _poll_controls: EXIT (IN_PLANE branch)
[DIAG] _physics_process: ENTER, state=0
[DIAG] _physics_process: IN_PLANE branch entered
[DIAG] _physics_process: plane position updated to (727.5057, 1853.8, 332.7693)
[DIAG] _physics_process: checking camera follow
[DIAG] _physics_process: plane and camera valid, updating camera
[DIAG] _physics_process: camera moved from (728.5008, 1905.516, 163.4014) to (727.5057, 1905.516, 165.5854)
[DIAG] _physics_process: IN_PLANE returning
[DIAG] _physics_process: ENTER, state=0
[DIAG] _physics_process: IN_PLANE branch entered
[DIAG] _physics_process: plane position updated to (726.5042, 1853.8, 334.9503)
[DIAG] _physics_process: checking camera follow
[DIAG] _physics_process: plane and camera valid, updating camera
[DIAG] _physics_process: camera moved from (727.5057, 1905.516, 165.5854) to (726.5042, 1905.516, 167.7664)
[DIAG] _physics_process: IN_PLANE returning
[DIAG] _physics_process: ENTER, state=0
[DIAG] _physics_process: IN_PLANE branch entered
[DIAG] _physics_process: plane position updated to (725.496, 1853.8, 337.1283)
[DIAG] _physics_process: checking camera follow
[DIAG] _physics_process: plane and camera valid, updating camera
[DIAG] _physics_process: camera moved from (726.5042, 1905.516, 167.7664) to (725.496, 1905.516, 169.9444)
[DIAG] _physics_process: IN_PLANE returning
[DIAG] _poll_controls: ENTER, state=0
[VERBATIM] POLL: _poll_controls() entered, game_state=0
[DIAG] _poll_controls: EXIT (IN_PLANE branch)
[DIAG] _physics_process: ENTER, state=0
[DIAG] _physics_process: IN_PLANE branch entered
[DIAG] _physics_process: plane position updated to (724.4814, 1853.8, 339.3033)
[DIAG] _physics_process: checking camera follow
[DIAG] _physics_process: plane and camera valid, updating camera
[DIAG] _physics_process: camera moved from (725.496, 1905.516, 169.9444) to (724.4814, 1905.516, 172.1194)
[DIAG] _physics_process: IN_PLANE returning
[DIAG] _physics_process: ENTER, state=0
[DIAG] _physics_process: IN_PLANE branch entered
[DIAG] _physics_process: plane position updated to (723.4602, 1853.8, 341.4752)
[DIAG] _physics_process: checking camera follow
[DIAG] _physics_process: plane and camera valid, updating camera
[DIAG] _physics_process: camera moved from (724.4814, 1905.516, 172.1194) to (723.4602, 1905.516, 174.2913)
[DIAG] _physics_process: IN_PLANE returning
[DIAG] _poll_controls: ENTER, state=0
[VERBATIM] POLL: _poll_controls() entered, game_state=0
[DIAG] _poll_controls: EXIT (IN_PLANE branch)
[DIAG] _physics_process: ENTER, state=0
[DIAG] _physics_process: IN_PLANE branch entered
[DIAG] _physics_process: plane position updated to (722.4326, 1853.8, 343.644)
[DIAG] _physics_process: checking camera follow
[DIAG] _physics_process: plane and camera valid, updating camera
[DIAG] _physics_process: camera moved from (723.4602, 1905.516, 174.2913) to (722.4326, 1905.516, 176.4602)
[DIAG] _physics_process: IN_PLANE returning
[DIAG] _physics_process: ENTER, state=0
[DIAG] _physics_process: IN_PLANE branch entered
[DIAG] _physics_process: plane position updated to (721.3984, 1853.8, 345.8098)
[DIAG] _physics_process: checking camera follow
[DIAG] _physics_process: plane and camera valid, updating camera
[DIAG] _physics_process: camera moved from (722.4326, 1905.516, 176.4602) to (721.3984, 1905.516, 178.6259)
[DIAG] _physics_process: IN_PLANE returning
[DIAG] _poll_controls: ENTER, state=0
[VERBATIM] POLL: _poll_controls() entered, game_state=0
[DIAG] _poll_controls: EXIT (IN_PLANE branch)
[DIAG] _physics_process: ENTER, state=0
[DIAG] _physics_process: IN_PLANE branch entered
[DIAG] _physics_process: plane position updated to (720.3577, 1853.8, 347.9724)
[DIAG] _physics_process: checking camera follow
[DIAG] _physics_process: plane and camera valid, updating camera
[DIAG] _physics_process: camera moved from (721.3984, 1905.516, 178.6259) to (720.3577, 1905.516, 180.7885)
[DIAG] _physics_process: IN_PLANE returning
[DIAG] _physics_process: ENTER, state=0
[DIAG] _physics_process: IN_PLANE branch entered
[DIAG] _physics_process: plane position updated to (719.3105, 1853.8, 350.1319)
[DIAG] _physics_process: checking camera follow
[DIAG] _physics_process: plane and camera valid, updating camera
[DIAG] _physics_process: camera moved from (720.3577, 1905.516, 180.7885) to (719.3105, 1905.516, 182.948)
[DIAG] _physics_process: IN_PLANE returning
[DIAG] _poll_controls: ENTER, state=0
[VERBATIM] POLL: _poll_controls() entered, game_state=0
[DIAG] _poll_controls: EXIT (IN_PLANE branch)
[DIAG] _physics_process: ENTER, state=0
[DIAG] _physics_process: IN_PLANE branch entered
[DIAG] _physics_process: plane position updated to (718.2569, 1853.8, 352.2883)
[DIAG] _physics_process: checking camera follow
[DIAG] _physics_process: plane and camera valid, updating camera
[DIAG] _physics_process: camera moved from (719.3105, 1905.516, 182.948) to (718.2569, 1905.516, 185.1044)
[DIAG] _physics_process: IN_PLANE returning
[DIAG] _physics_process: ENTER, state=0
[DIAG] _physics_process: IN_PLANE branch entered
[DIAG] _physics_process: plane position updated to (717.1968, 1853.8, 354.4415)
[DIAG] _physics_process: checking camera follow
[DIAG] _physics_process: plane and camera valid, updating camera
[DIAG] _physics_process: camera moved from (718.2569, 1905.516, 185.1044) to (717.1968, 1905.516, 187.2576)
[DIAG] _physics_process: IN_PLANE returning
[DIAG] _poll_controls: ENTER, state=0
[VERBATIM] POLL: _poll_controls() entered, game_state=0
[DIAG] _poll_controls: EXIT (IN_PLANE branch)
[DIAG] _physics_process: ENTER, state=0
[DIAG] _physics_process: IN_PLANE branch entered
[DIAG] _physics_process: plane position updated to (716.1302, 1853.8, 356.5915)
[DIAG] _physics_process: checking camera follow
[DIAG] _physics_process: plane and camera valid, updating camera
[DIAG] _physics_process: camera moved from (717.1968, 1905.516, 187.2576) to (716.1302, 1905.516, 189.4076)
[DIAG] _physics_process: IN_PLANE returning
[DIAG] _physics_process: ENTER, state=0
[DIAG] _physics_process: IN_PLANE branch entered
[DIAG] _physics_process: plane position updated to (715.0573, 1853.8, 358.7383)
[DIAG] _physics_process: checking camera follow
[DIAG] _physics_process: plane and camera valid, updating camera
[DIAG] _physics_process: camera moved from (716.1302, 1905.516, 189.4076) to (715.0573, 1905.516, 191.5544)
[DIAG] _physics_process: IN_PLANE returning
[DIAG] _poll_controls: ENTER, state=0
[VERBATIM] POLL: _poll_controls() entered, game_state=0
[DIAG] _poll_controls: EXIT (IN_PLANE branch)
[DIAG] _physics_process: ENTER, state=0
[DIAG] _physics_process: IN_PLANE branch entered
[DIAG] _physics_process: plane position updated to (713.9778, 1853.8, 360.8818)
[DIAG] _physics_process: checking camera follow
[DIAG] _physics_process: plane and camera valid, updating camera
[DIAG] _physics_process: camera moved from (715.0573, 1905.516, 191.5544) to (713.9778, 1905.516, 193.6979)
[DIAG] _physics_process: IN_PLANE returning
[DIAG] _physics_process: ENTER, state=0
[DIAG] _physics_process: IN_PLANE branch entered
[DIAG] _physics_process: plane position updated to (712.892, 1853.8, 363.0221)
[DIAG] _physics_process: checking camera follow
[DIAG] _physics_process: plane and camera valid, updating camera
[DIAG] _physics_process: camera moved from (713.9778, 1905.516, 193.6979) to (712.892, 1905.516, 195.8382)
[DIAG] _physics_process: IN_PLANE returning
[DIAG] _poll_controls: ENTER, state=0
[VERBATIM] POLL: _poll_controls() entered, game_state=0
[DIAG] _poll_controls: EXIT (IN_PLANE branch)
[DIAG] _physics_process: ENTER, state=0
[DIAG] _physics_process: IN_PLANE branch entered
[DIAG] _physics_process: plane position updated to (711.7997, 1853.8, 365.1591)
[DIAG] _physics_process: checking camera follow
[DIAG] _physics_process: plane and camera valid, updating camera
[DIAG] _physics_process: camera moved from (712.892, 1905.516, 195.8382) to (711.7997, 1905.516, 197.9753)
[DIAG] _physics_process: IN_PLANE returning
[DIAG] _physics_process: ENTER, state=0
[DIAG] _physics_process: IN_PLANE branch entered
[DIAG] _physics_process: plane position updated to (710.701, 1853.8, 367.2929)
[DIAG] _physics_process: checking camera follow
[DIAG] _physics_process: plane and camera valid, updating camera
[DIAG] _physics_process: camera moved from (711.7997, 1905.516, 197.9753) to (710.701, 1905.516, 200.109)
[DIAG] _physics_process: IN_PLANE returning
[DIAG] _poll_controls: ENTER, state=0
[VERBATIM] POLL: _poll_controls() entered, game_state=0
[DIAG] _poll_controls: EXIT (IN_PLANE branch)
[DIAG] _physics_process: ENTER, state=0
[DIAG] _physics_process: IN_PLANE branch entered
[DIAG] _physics_process: plane position updated to (709.5959, 1853.8, 369.4233)
[DIAG] _physics_process: checking camera follow
[DIAG] _physics_process: plane and camera valid, updating camera
[DIAG] _physics_process: camera moved from (710.701, 1905.516, 200.109) to (709.5959, 1905.516, 202.2395)
[DIAG] _physics_process: IN_PLANE returning
[DIAG] _physics_process: ENTER, state=0
[DIAG] _physics_process: IN_PLANE branch entered
[DIAG] _physics_process: plane position updated to (708.4845, 1853.8, 371.5505)
[DIAG] _physics_process: checking camera follow
[DIAG] _physics_process: plane and camera valid, updating camera
[DIAG] _physics_process: camera moved from (709.5959, 1905.516, 202.2395) to (708.4845, 1905.516, 204.3666)
[DIAG] _physics_process: IN_PLANE returning
[DIAG] _poll_controls: ENTER, state=0
[VERBATIM] POLL: _poll_controls() entered, game_state=0
[DIAG] _poll_controls: EXIT (IN_PLANE branch)
[DIAG] _physics_process: ENTER, state=0
[DIAG] _physics_process: IN_PLANE branch entered
[DIAG] _physics_process: plane position updated to (707.3666, 1853.8, 373.6743)
[DIAG] _physics_process: checking camera follow
[DIAG] _physics_process: plane and camera valid, updating camera
[DIAG] _physics_process: camera moved from (708.4845, 1905.516, 204.3666) to (707.3666, 1905.516, 206.4904)
[DIAG] _physics_process: IN_PLANE returning
[DIAG] _physics_process: ENTER, state=0
[DIAG] _physics_process: IN_PLANE branch entered
[DIAG] _physics_process: plane position updated to (706.2424, 1853.8, 375.7946)
[DIAG] _physics_process: checking camera follow
[DIAG] _physics_process: plane and camera valid, updating camera
[DIAG] _physics_process: camera moved from (707.3666, 1905.516, 206.4904) to (706.2424, 1905.516, 208.6108)
[DIAG] _physics_process: IN_PLANE returning
[DIAG] _poll_controls: ENTER, state=0
[VERBATIM] POLL: _poll_controls() entered, game_state=0
[DIAG] _poll_controls: EXIT (IN_PLANE branch)
[DIAG] _physics_process: ENTER, state=0
[DIAG] _physics_process: IN_PLANE branch entered
[DIAG] _physics_process: plane position updated to (705.1119, 1853.8, 377.9117)
[DIAG] _physics_process: checking camera follow
[DIAG] _physics_process: plane and camera valid, updating camera
[DIAG] _physics_process: camera moved from (706.2424, 1905.516, 208.6108) to (705.1119, 1905.516, 210.7278)
[DIAG] _physics_process: IN_PLANE returning
[DIAG] _physics_process: ENTER, state=0
[DIAG] _physics_process: IN_PLANE branch entered
[DIAG] _physics_process: plane position updated to (703.975, 1853.8, 380.0253)
[DIAG] _physics_process: checking camera follow
[DIAG] _physics_process: plane and camera valid, updating camera
[DIAG] _physics_process: camera moved from (705.1119, 1905.516, 210.7278) to (703.975, 1905.516, 212.8414)
[DIAG] _physics_process: IN_PLANE returning
[DIAG] _poll_controls: ENTER, state=0
[VERBATIM] POLL: _poll_controls() entered, game_state=0
[DIAG] _poll_controls: EXIT (IN_PLANE branch)
[DIAG] _physics_process: ENTER, state=0
[DIAG] _physics_process: IN_PLANE branch entered
[DIAG] _physics_process: plane position updated to (702.8317, 1853.8, 382.1355)
[DIAG] _physics_process: checking camera follow
[DIAG] _physics_process: plane and camera valid, updating camera
[DIAG] _physics_process: camera moved from (703.975, 1905.516, 212.8414) to (702.8317, 1905.516, 214.9516)
[DIAG] _physics_process: IN_PLANE returning
[DIAG] _physics_process: ENTER, state=0
[DIAG] _physics_process: IN_PLANE branch entered
[DIAG] _physics_process: plane position updated to (701.6821, 1853.8, 384.2423)
[DIAG] _physics_process: checking camera follow
[DIAG] _physics_process: plane and camera valid, updating camera
[DIAG] _physics_process: camera moved from (702.8317, 1905.516, 214.9516) to (701.6821, 1905.516, 217.0584)
[DIAG] _physics_process: IN_PLANE returning
[DIAG] _poll_controls: ENTER, state=0
[VERBATIM] POLL: _poll_controls() entered, game_state=0
[DIAG] _poll_controls: EXIT (IN_PLANE branch)
[DIAG] _physics_process: ENTER, state=0
[DIAG] _physics_process: IN_PLANE branch entered
[DIAG] _physics_process: plane position updated to (700.5262, 1853.8, 386.3456)
[DIAG] _physics_process: checking camera follow
[DIAG] _physics_process: plane and camera valid, updating camera
[DIAG] _physics_process: camera moved from (701.6821, 1905.516, 217.0584) to (700.5262, 1905.516, 219.1617)
[DIAG] _physics_process: IN_PLANE returning
[DIAG] _physics_process: ENTER, state=0
[DIAG] _physics_process: IN_PLANE branch entered
[DIAG] _physics_process: plane position updated to (699.3641, 1853.8, 388.4455)
[DIAG] _physics_process: checking camera follow
[DIAG] _physics_process: plane and camera valid, updating camera
[DIAG] _physics_process: camera moved from (700.5262, 1905.516, 219.1617) to (699.3641, 1905.516, 221.2616)
[DIAG] _physics_process: IN_PLANE returning
[DIAG] _physics_process: ENTER, state=0
[DIAG] _physics_process: IN_PLANE branch entered
[DIAG] _physics_process: plane position updated to (698.1956, 1853.8, 390.5418)
[DIAG] _physics_process: checking camera follow
[DIAG] _physics_process: plane and camera valid, updating camera
[DIAG] _physics_process: camera moved from (699.3641, 1905.516, 221.2616) to (698.1956, 1905.516, 223.3579)
[DIAG] _physics_process: IN_PLANE returning
[DIAG] _poll_controls: ENTER, state=0
[VERBATIM] POLL: _poll_controls() entered, game_state=0
[DIAG] _poll_controls: EXIT (IN_PLANE branch)
[DIAG] _physics_process: ENTER, state=0
[DIAG] _physics_process: IN_PLANE branch entered
[DIAG] _physics_process: plane position updated to (697.0208, 1853.8, 392.6346)
[DIAG] _physics_process: checking camera follow
[DIAG] _physics_process: plane and camera valid, updating camera
[DIAG] _physics_process: camera moved from (698.1956, 1905.516, 223.3579) to (697.0208, 1905.516, 225.4507)
[DIAG] _physics_process: IN_PLANE returning
[DIAG] _physics_process: ENTER, state=0
[DIAG] _physics_process: IN_PLANE branch entered
[DIAG] _physics_process: plane position updated to (695.8398, 1853.8, 394.7239)
[DIAG] _physics_process: checking camera follow
[DIAG] _physics_process: plane and camera valid, updating camera
[DIAG] _physics_process: camera moved from (697.0208, 1905.516, 225.4507) to (695.8398, 1905.516, 227.54)
[DIAG] _physics_process: IN_PLANE returning
[DIAG] _poll_controls: ENTER, state=0
[VERBATIM] POLL: _poll_controls() entered, game_state=0
[DIAG] _poll_controls: EXIT (IN_PLANE branch)
[DIAG] _physics_process: ENTER, state=0
[DIAG] _physics_process: IN_PLANE branch entered
[DIAG] _physics_process: plane position updated to (694.6525, 1853.8, 396.8097)
[DIAG] _physics_process: checking camera follow
[DIAG] _physics_process: plane and camera valid, updating camera
[DIAG] _physics_process: camera moved from (695.8398, 1905.516, 227.54) to (694.6525, 1905.516, 229.6258)
[DIAG] _physics_process: IN_PLANE returning
[DIAG] _physics_process: ENTER, state=0
[DIAG] _physics_process: IN_PLANE branch entered
[DIAG] _physics_process: plane position updated to (693.4589, 1853.8, 398.8918)
[DIAG] _physics_process: checking camera follow
[DIAG] _physics_process: plane and camera valid, updating camera
[DIAG] _physics_process: camera moved from (694.6525, 1905.516, 229.6258) to (693.4589, 1905.516, 231.7079)
[DIAG] _physics_process: IN_PLANE returning
[DIAG] _poll_controls: ENTER, state=0
[VERBATIM] POLL: _poll_controls() entered, game_state=0
[DIAG] _poll_controls: EXIT (IN_PLANE branch)
[DIAG] _physics_process: ENTER, state=0
[DIAG] _physics_process: IN_PLANE branch entered
[DIAG] _physics_process: plane position updated to (692.2592, 1853.8, 400.9704)
[DIAG] _physics_process: checking camera follow
[DIAG] _physics_process: plane and camera valid, updating camera
[DIAG] _physics_process: camera moved from (693.4589, 1905.516, 231.7079) to (692.2592, 1905.516, 233.7865)
[DIAG] _physics_process: IN_PLANE returning
[DIAG] _physics_process: ENTER, state=0
[DIAG] _physics_process: IN_PLANE branch entered
[DIAG] _physics_process: plane position updated to (691.0531, 1853.8, 403.0454)
[DIAG] _physics_process: checking camera follow
[DIAG] _physics_process: plane and camera valid, updating camera
[DIAG] _physics_process: camera moved from (692.2592, 1905.516, 233.7865) to (691.0531, 1905.516, 235.8615)
[DIAG] _physics_process: IN_PLANE returning
[DIAG] _poll_controls: ENTER, state=0
[VERBATIM] POLL: _poll_controls() entered, game_state=0
[DIAG] _poll_controls: EXIT (IN_PLANE branch)
[DIAG] _physics_process: ENTER, state=0
[DIAG] _physics_process: IN_PLANE branch entered
[DIAG] _physics_process: plane position updated to (689.8409, 1853.8, 405.1167)
[DIAG] _physics_process: checking camera follow
[DIAG] _physics_process: plane and camera valid, updating camera
[DIAG] _physics_process: camera moved from (691.0531, 1905.516, 235.8615) to (689.8409, 1905.516, 237.9328)
[DIAG] _physics_process: IN_PLANE returning
[DIAG] _physics_process: ENTER, state=0
[DIAG] _physics_process: IN_PLANE branch entered
[DIAG] _physics_process: plane position updated to (688.6224, 1853.8, 407.1844)
[DIAG] _physics_process: checking camera follow
[DIAG] _physics_process: plane and camera valid, updating camera
[DIAG] _physics_process: camera moved from (689.8409, 1905.516, 237.9328) to (688.6224, 1905.516, 240.0005)
[DIAG] _physics_process: IN_PLANE returning
[DIAG] _poll_controls: ENTER, state=0
[VERBATIM] POLL: _poll_controls() entered, game_state=0
[DIAG] _poll_controls: EXIT (IN_PLANE branch)
[DIAG] _physics_process: ENTER, state=0
[DIAG] _physics_process: IN_PLANE branch entered
[DIAG] _physics_process: plane position updated to (687.3978, 1853.8, 409.2484)
[DIAG] _physics_process: checking camera follow
[DIAG] _physics_process: plane and camera valid, updating camera
[DIAG] _physics_process: camera moved from (688.6224, 1905.516, 240.0005) to (687.3978, 1905.516, 242.0646)
[DIAG] _physics_process: IN_PLANE returning
[DIAG] _physics_process: ENTER, state=0
[DIAG] _physics_process: IN_PLANE branch entered
[DIAG] _physics_process: plane position updated to (686.1669, 1853.8, 411.3088)
[DIAG] _physics_process: checking camera follow
[DIAG] _physics_process: plane and camera valid, updating camera
[DIAG] _physics_process: camera moved from (687.3978, 1905.516, 242.0646) to (686.1669, 1905.516, 244.1249)
[DIAG] _physics_process: IN_PLANE returning
[DIAG] _poll_controls: ENTER, state=0
[VERBATIM] POLL: _poll_controls() entered, game_state=0
[DIAG] _poll_controls: EXIT (IN_PLANE branch)
[VERBATIM] Wind updated: 12.5 kts @ 240.0°
[DEBUG] _input (build_terrain) called, event=InputEventMouseMotion: button_mask=0, position=((413.0, 396.0)), relative=((-23.0, 86.0)), velocity=((0.0, 0.0)), pressure=0.00, tilt=((0.0, 0.0)), pen_inverted=(false)
[DIAG] _physics_process: ENTER, state=0
[DIAG] _physics_process: IN_PLANE branch entered
[DIAG] _physics_process: plane position updated to (684.9299, 1853.8, 413.3654)
[DIAG] _physics_process: checking camera follow
[DIAG] _physics_process: plane and camera valid, updating camera
[DIAG] _physics_process: camera moved from (686.1669, 1905.516, 244.1249) to (684.9299, 1905.516, 246.1816)
[DIAG] _physics_process: IN_PLANE returning
[DIAG] _physics_process: ENTER, state=0
[DIAG] _physics_process: IN_PLANE branch entered
[DIAG] _physics_process: plane position updated to (683.6868, 1853.8, 415.4184)
[DIAG] _physics_process: checking camera follow
[DIAG] _physics_process: plane and camera valid, updating camera
[DIAG] _physics_process: camera moved from (684.9299, 1905.516, 246.1816) to (683.6868, 1905.516, 248.2345)
[DIAG] _physics_process: IN_PLANE returning
[DIAG] _poll_controls: ENTER, state=0
[VERBATIM] POLL: _poll_controls() entered, game_state=0
[DIAG] _poll_controls: EXIT (IN_PLANE branch)
[DEBUG] _input (build_terrain) called, event=InputEventMouseMotion: button_mask=0, position=((411.0, 393.0)), relative=((-2.0, -3.0)), velocity=((0.0, 0.0)), pressure=0.00, tilt=((0.0, 0.0)), pen_inverted=(false)
[DIAG] _physics_process: ENTER, state=0
[DIAG] _physics_process: IN_PLANE branch entered
[DIAG] _physics_process: plane position updated to (682.4374, 1853.8, 417.4676)
[DIAG] _physics_process: checking camera follow
[DIAG] _physics_process: plane and camera valid, updating camera
[DIAG] _physics_process: camera moved from (683.6868, 1905.516, 248.2345) to (682.4374, 1905.516, 250.2837)
[DIAG] _physics_process: IN_PLANE returning
[DIAG] _physics_process: ENTER, state=0
[DIAG] _physics_process: IN_PLANE branch entered
[DIAG] _physics_process: plane position updated to (681.1819, 1853.8, 419.513)
[DIAG] _physics_process: checking camera follow
[DIAG] _physics_process: plane and camera valid, updating camera
[DIAG] _physics_process: camera moved from (682.4374, 1905.516, 250.2837) to (681.1819, 1905.516, 252.3291)
[DIAG] _physics_process: IN_PLANE returning
[DIAG] _poll_controls: ENTER, state=0
[VERBATIM] POLL: _poll_controls() entered, game_state=0
[DIAG] _poll_controls: EXIT (IN_PLANE branch)
[DEBUG] _input (build_terrain) called, event=InputEventMouseMotion: button_mask=0, position=((406.0, 392.0)), relative=((-5.0, -1.0)), velocity=((0.0, 0.0)), pressure=0.00, tilt=((0.0, 0.0)), pen_inverted=(false)
[DIAG] _physics_process: ENTER, state=0
[DIAG] _physics_process: IN_PLANE branch entered
[DIAG] _physics_process: plane position updated to (679.9203, 1853.8, 421.5546)
[DIAG] _physics_process: checking camera follow
[DIAG] _physics_process: plane and camera valid, updating camera
[DIAG] _physics_process: camera moved from (681.1819, 1905.516, 252.3291) to (679.9203, 1905.516, 254.3707)
[DIAG] _physics_process: IN_PLANE returning
[DIAG] _physics_process: ENTER, state=0
[DIAG] _physics_process: IN_PLANE branch entered
[DIAG] _physics_process: plane position updated to (678.6526, 1853.8, 423.5925)
[DIAG] _physics_process: checking camera follow
[DIAG] _physics_process: plane and camera valid, updating camera
[DIAG] _physics_process: camera moved from (679.9203, 1905.516, 254.3707) to (678.6526, 1905.516, 256.4086)
[DIAG] _physics_process: IN_PLANE returning
[DIAG] _poll_controls: ENTER, state=0
[VERBATIM] POLL: _poll_controls() entered, game_state=0
[DIAG] _poll_controls: EXIT (IN_PLANE branch)
[DEBUG] _input (build_terrain) called, event=InputEventMouseMotion: button_mask=0, position=((396.0, 386.0)), relative=((-10.0, -6.0)), velocity=((-284.0694, 776.4563)), pressure=0.00, tilt=((0.0, 0.0)), pen_inverted=(false)
[DIAG] _physics_process: ENTER, state=0
[DIAG] _physics_process: IN_PLANE branch entered
[DIAG] _physics_process: plane position updated to (677.3788, 1853.8, 425.6266)
[DIAG] _physics_process: checking camera follow
[DIAG] _physics_process: plane and camera valid, updating camera
[DIAG] _physics_process: camera moved from (678.6526, 1905.516, 256.4086) to (677.3788, 1905.516, 258.4427)
[DIAG] _physics_process: IN_PLANE returning
[DIAG] _physics_process: ENTER, state=0
[DIAG] _physics_process: IN_PLANE branch entered
[DIAG] _physics_process: plane position updated to (676.0989, 1853.8, 427.6568)
[DIAG] _physics_process: checking camera follow
[DIAG] _physics_process: plane and camera valid, updating camera
[DIAG] _physics_process: camera moved from (677.3788, 1905.516, 258.4427) to (676.0989, 1905.516, 260.4729)
[DIAG] _physics_process: IN_PLANE returning
[DIAG] _poll_controls: ENTER, state=0
[VERBATIM] POLL: _poll_controls() entered, game_state=0
[DIAG] _poll_controls: EXIT (IN_PLANE branch)
[DEBUG] _input (build_terrain) called, event=InputEventMouseMotion: button_mask=0, position=((386.0, 383.0)), relative=((-10.0, -3.0)), velocity=((-284.0694, 776.4563)), pressure=0.00, tilt=((0.0, 0.0)), pen_inverted=(false)
[DIAG] _physics_process: ENTER, state=0
[DIAG] _physics_process: IN_PLANE branch entered
[DIAG] _physics_process: plane position updated to (674.8129, 1853.8, 429.6831)
[DIAG] _physics_process: checking camera follow
[DIAG] _physics_process: plane and camera valid, updating camera
[DIAG] _physics_process: camera moved from (676.0989, 1905.516, 260.4729) to (674.8129, 1905.516, 262.4993)
[DIAG] _physics_process: IN_PLANE returning
[DIAG] _physics_process: ENTER, state=0
[DIAG] _physics_process: IN_PLANE branch entered
[DIAG] _physics_process: plane position updated to (673.5208, 1853.8, 431.7056)
[DIAG] _physics_process: checking camera follow
[DIAG] _physics_process: plane and camera valid, updating camera
[DIAG] _physics_process: camera moved from (674.8129, 1905.516, 262.4993) to (673.5208, 1905.516, 264.5217)
[DIAG] _physics_process: IN_PLANE returning
[DIAG] _physics_process: ENTER, state=0
[DIAG] _physics_process: IN_PLANE branch entered
[DIAG] _physics_process: plane position updated to (672.2227, 1853.8, 433.7242)
[DIAG] _physics_process: checking camera follow
[DIAG] _physics_process: plane and camera valid, updating camera
[DIAG] _physics_process: camera moved from (673.5208, 1905.516, 264.5217) to (672.2227, 1905.516, 266.5403)
[DIAG] _physics_process: IN_PLANE returning
[DIAG] _poll_controls: ENTER, state=0
[VERBATIM] POLL: _poll_controls() entered, game_state=0
[DIAG] _poll_controls: EXIT (IN_PLANE branch)
[DEBUG] _input (build_terrain) called, event=InputEventMouseMotion: button_mask=0, position=((377.0, 377.0)), relative=((-9.0, -6.0)), velocity=((-284.0694, 776.4563)), pressure=0.00, tilt=((0.0, 0.0)), pen_inverted=(false)
[DIAG] _physics_process: ENTER, state=0
[DIAG] _physics_process: IN_PLANE branch entered
[DIAG] _physics_process: plane position updated to (670.9185, 1853.8, 435.739)
[DIAG] _physics_process: checking camera follow
[DIAG] _physics_process: plane and camera valid, updating camera
[DIAG] _physics_process: camera moved from (672.2227, 1905.516, 266.5403) to (670.9185, 1905.516, 268.5551)
[DIAG] _physics_process: IN_PLANE returning
[DIAG] _physics_process: ENTER, state=0
[DIAG] _physics_process: IN_PLANE branch entered
[DIAG] _physics_process: plane position updated to (669.6082, 1853.8, 437.7498)
[DIAG] _physics_process: checking camera follow
[DIAG] _physics_process: plane and camera valid, updating camera
[DIAG] _physics_process: camera moved from (670.9185, 1905.516, 268.5551) to (669.6082, 1905.516, 270.5659)
[DIAG] _physics_process: IN_PLANE returning
[DIAG] _poll_controls: ENTER, state=0
[VERBATIM] POLL: _poll_controls() entered, game_state=0
[DIAG] _poll_controls: EXIT (IN_PLANE branch)
[DEBUG] _input (build_terrain) called, event=InputEventMouseMotion: button_mask=0, position=((375.0, 371.0)), relative=((-2.0, -6.0)), velocity=((-274.0917, -141.7716)), pressure=0.00, tilt=((0.0, 0.0)), pen_inverted=(false)
[DIAG] _physics_process: ENTER, state=0
[DIAG] _physics_process: IN_PLANE branch entered
[DIAG] _physics_process: plane position updated to (668.2919, 1853.8, 439.7566)
[DIAG] _physics_process: checking camera follow
[DIAG] _physics_process: plane and camera valid, updating camera
[DIAG] _physics_process: camera moved from (669.6082, 1905.516, 270.5659) to (668.2919, 1905.516, 272.5728)
[DIAG] _physics_process: IN_PLANE returning
[DIAG] _physics_process: ENTER, state=0
[DIAG] _physics_process: IN_PLANE branch entered
[DIAG] _physics_process: plane position updated to (666.9697, 1853.8, 441.7595)
[DIAG] _physics_process: checking camera follow
[DIAG] _physics_process: plane and camera valid, updating camera
[DIAG] _physics_process: camera moved from (668.2919, 1905.516, 272.5728) to (666.9697, 1905.516, 274.5756)
[DIAG] _physics_process: IN_PLANE returning
[DIAG] _poll_controls: ENTER, state=0
[VERBATIM] POLL: _poll_controls() entered, game_state=0
[DIAG] _poll_controls: EXIT (IN_PLANE branch)
[DEBUG] _input (build_terrain) called, event=InputEventMouseMotion: button_mask=0, position=((375.0, 368.0)), relative=((0.0, -3.0)), velocity=((-274.0917, -141.7716)), pressure=0.00, tilt=((0.0, 0.0)), pen_inverted=(false)
[DIAG] _physics_process: ENTER, state=0
[DIAG] _physics_process: IN_PLANE branch entered
[DIAG] _physics_process: plane position updated to (665.6414, 1853.8, 443.7584)
[DIAG] _physics_process: checking camera follow
[DIAG] _physics_process: plane and camera valid, updating camera
[DIAG] _physics_process: camera moved from (666.9697, 1905.516, 274.5756) to (665.6414, 1905.516, 276.5745)
[DIAG] _physics_process: IN_PLANE returning
[DIAG] _physics_process: ENTER, state=0
[DIAG] _physics_process: IN_PLANE branch entered
[DIAG] _physics_process: plane position updated to (664.3071, 1853.8, 445.7534)
[DIAG] _physics_process: checking camera follow
[DIAG] _physics_process: plane and camera valid, updating camera
[DIAG] _physics_process: camera moved from (665.6414, 1905.516, 276.5745) to (664.3071, 1905.516, 278.5695)
[DIAG] _physics_process: IN_PLANE returning
[DIAG] _poll_controls: ENTER, state=0
[VERBATIM] POLL: _poll_controls() entered, game_state=0
[DIAG] _poll_controls: EXIT (IN_PLANE branch)
[DEBUG] _input (build_terrain) called, event=InputEventMouseMotion: button_mask=0, position=((375.0, 361.0)), relative=((0.0, -7.0)), velocity=((-274.0917, -141.7716)), pressure=0.00, tilt=((0.0, 0.0)), pen_inverted=(false)
[DIAG] _physics_process: ENTER, state=0
[DIAG] _physics_process: IN_PLANE branch entered
[DIAG] _physics_process: plane position updated to (662.9669, 1853.8, 447.7443)
[DIAG] _physics_process: checking camera follow
[DIAG] _physics_process: plane and camera valid, updating camera
[DIAG] _physics_process: camera moved from (664.3071, 1905.516, 278.5695) to (662.9669, 1905.516, 280.5604)
[DIAG] _physics_process: IN_PLANE returning
[DIAG] _physics_process: ENTER, state=0
[DIAG] _physics_process: IN_PLANE branch entered
[DIAG] _physics_process: plane position updated to (661.6207, 1853.8, 449.7311)
[DIAG] _physics_process: checking camera follow
[DIAG] _physics_process: plane and camera valid, updating camera
[DIAG] _physics_process: camera moved from (662.9669, 1905.516, 280.5604) to (661.6207, 1905.516, 282.5472)
[DIAG] _physics_process: IN_PLANE returning
[DIAG] _poll_controls: ENTER, state=0
[VERBATIM] POLL: _poll_controls() entered, game_state=0
[DIAG] _poll_controls: EXIT (IN_PLANE branch)
[DEBUG] _input (build_terrain) called, event=InputEventMouseMotion: button_mask=0, position=((379.0, 357.0)), relative=((4.0, -4.0)), velocity=((-19.57407, -156.5925)), pressure=0.00, tilt=((0.0, 0.0)), pen_inverted=(false)
[DIAG] _physics_process: ENTER, state=0
[DIAG] _physics_process: IN_PLANE branch entered
[DIAG] _physics_process: plane position updated to (660.2685, 1853.8, 451.714)
[DIAG] _physics_process: checking camera follow
[DIAG] _physics_process: plane and camera valid, updating camera
[DIAG] _physics_process: camera moved from (661.6207, 1905.516, 282.5472) to (660.2685, 1905.516, 284.5301)
[DIAG] _physics_process: IN_PLANE returning
[DIAG] _physics_process: ENTER, state=0
[DIAG] _physics_process: IN_PLANE branch entered
[DIAG] _physics_process: plane position updated to (658.9104, 1853.8, 453.6927)
[DIAG] _physics_process: checking camera follow
[DIAG] _physics_process: plane and camera valid, updating camera
[DIAG] _physics_process: camera moved from (660.2685, 1905.516, 284.5301) to (658.9104, 1905.516, 286.5089)
[DIAG] _physics_process: IN_PLANE returning
[DIAG] _poll_controls: ENTER, state=0
[VERBATIM] POLL: _poll_controls() entered, game_state=0
[DIAG] _poll_controls: EXIT (IN_PLANE branch)
[DEBUG] _input (build_terrain) called, event=InputEventMouseMotion: button_mask=0, position=((398.0, 354.0)), relative=((19.0, -3.0)), velocity=((-19.57407, -156.5925)), pressure=0.00, tilt=((0.0, 0.0)), pen_inverted=(false)
[DIAG] _physics_process: ENTER, state=0
[DIAG] _physics_process: IN_PLANE branch entered
[DIAG] _physics_process: plane position updated to (657.5463, 1853.8, 455.6674)
[DIAG] _physics_process: checking camera follow
[DIAG] _physics_process: plane and camera valid, updating camera
[DIAG] _physics_process: camera moved from (658.9104, 1905.516, 286.5089) to (657.5463, 1905.516, 288.4836)
[DIAG] _physics_process: IN_PLANE returning
[DIAG] _physics_process: ENTER, state=0
[DIAG] _physics_process: IN_PLANE branch entered
[DIAG] _physics_process: plane position updated to (656.1764, 1853.8, 457.638)
[DIAG] _physics_process: checking camera follow
[DIAG] _physics_process: plane and camera valid, updating camera
[DIAG] _physics_process: camera moved from (657.5463, 1905.516, 288.4836) to (656.1764, 1905.516, 290.4542)
[DIAG] _physics_process: IN_PLANE returning
[DIAG] _poll_controls: ENTER, state=0
[VERBATIM] POLL: _poll_controls() entered, game_state=0
[DIAG] _poll_controls: EXIT (IN_PLANE branch)
[DEBUG] _input (build_terrain) called, event=InputEventMouseMotion: button_mask=0, position=((439.0, 354.0)), relative=((41.0, 0.0)), velocity=((-19.57407, -156.5925)), pressure=0.00, tilt=((0.0, 0.0)), pen_inverted=(false)
[DIAG] _physics_process: ENTER, state=0
[DIAG] _physics_process: IN_PLANE branch entered
[DIAG] _physics_process: plane position updated to (654.8005, 1853.8, 459.6045)
[DIAG] _physics_process: checking camera follow
[DIAG] _physics_process: plane and camera valid, updating camera
[DIAG] _physics_process: camera moved from (656.1764, 1905.516, 290.4542) to (654.8005, 1905.516, 292.4206)
[DIAG] _physics_process: IN_PLANE returning
[DIAG] _physics_process: ENTER, state=0
[DIAG] _physics_process: IN_PLANE branch entered
[DIAG] _physics_process: plane position updated to (653.4188, 1853.8, 461.5668)
[DIAG] _physics_process: checking camera follow
[DIAG] _physics_process: plane and camera valid, updating camera
[DIAG] _physics_process: camera moved from (654.8005, 1905.516, 292.4206) to (653.4188, 1905.516, 294.3829)
[DIAG] _physics_process: IN_PLANE returning
[DIAG] _poll_controls: ENTER, state=0
[VERBATIM] POLL: _poll_controls() entered, game_state=0
[DIAG] _poll_controls: EXIT (IN_PLANE branch)
[DEBUG] _input (build_terrain) called, event=InputEventMouseMotion: button_mask=0, position=((491.0, 356.0)), relative=((52.0, 2.0)), velocity=((613.068, -67.05431)), pressure=0.00, tilt=((0.0, 0.0)), pen_inverted=(false)
[DIAG] _physics_process: ENTER, state=0
[DIAG] _physics_process: IN_PLANE branch entered
[DIAG] _physics_process: plane position updated to (652.0311, 1853.8, 463.525)
[DIAG] _physics_process: checking camera follow
[DIAG] _physics_process: plane and camera valid, updating camera
[DIAG] _physics_process: camera moved from (653.4188, 1905.516, 294.3829) to (652.0311, 1905.516, 296.3411)
[DIAG] _physics_process: IN_PLANE returning
[DIAG] _physics_process: ENTER, state=0
[DIAG] _physics_process: IN_PLANE branch entered
[DIAG] _physics_process: plane position updated to (650.6376, 1853.8, 465.479)
[DIAG] _physics_process: checking camera follow
[DIAG] _physics_process: plane and camera valid, updating camera
[DIAG] _physics_process: camera moved from (652.0311, 1905.516, 296.3411) to (650.6376, 1905.516, 298.2951)
[DIAG] _physics_process: IN_PLANE returning
[DIAG] _poll_controls: ENTER, state=0
[VERBATIM] POLL: _poll_controls() entered, game_state=0
[DIAG] _poll_controls: EXIT (IN_PLANE branch)
[DEBUG] _input (build_terrain) called, event=InputEventMouseMotion: button_mask=0, position=((502.0, 356.0)), relative=((11.0, 0.0)), velocity=((613.068, -67.05431)), pressure=0.00, tilt=((0.0, 0.0)), pen_inverted=(false)
[DIAG] _physics_process: ENTER, state=0
[DIAG] _physics_process: IN_PLANE branch entered
[DIAG] _physics_process: plane position updated to (649.2382, 1853.8, 467.4288)
[DIAG] _physics_process: checking camera follow
[DIAG] _physics_process: plane and camera valid, updating camera
[DIAG] _physics_process: camera moved from (650.6376, 1905.516, 298.2951) to (649.2382, 1905.516, 300.2449)
[DIAG] _physics_process: IN_PLANE returning
[DIAG] _physics_process: ENTER, state=0
[DIAG] _physics_process: IN_PLANE branch entered
[DIAG] _physics_process: plane position updated to (647.8331, 1853.8, 469.3744)
[DIAG] _physics_process: checking camera follow
[DIAG] _physics_process: plane and camera valid, updating camera
[DIAG] _physics_process: camera moved from (649.2382, 1905.516, 300.2449) to (647.8331, 1905.516, 302.1906)
[DIAG] _physics_process: IN_PLANE returning
[DIAG] _physics_process: ENTER, state=0
[DIAG] _physics_process: IN_PLANE branch entered
[DIAG] _physics_process: plane position updated to (646.422, 1853.8, 471.3158)
[DIAG] _physics_process: checking camera follow
[DIAG] _physics_process: plane and camera valid, updating camera
[DIAG] _physics_process: camera moved from (647.8331, 1905.516, 302.1906) to (646.422, 1905.516, 304.1319)
[DIAG] _physics_process: IN_PLANE returning
[DIAG] _poll_controls: ENTER, state=0
[VERBATIM] POLL: _poll_controls() entered, game_state=0
[DIAG] _poll_controls: EXIT (IN_PLANE branch)
[DIAG] _physics_process: ENTER, state=0
[DIAG] _physics_process: IN_PLANE branch entered
[DIAG] _physics_process: plane position updated to (645.0051, 1853.8, 473.253)
[DIAG] _physics_process: checking camera follow
[DIAG] _physics_process: plane and camera valid, updating camera
[DIAG] _physics_process: camera moved from (646.422, 1905.516, 304.1319) to (645.0051, 1905.516, 306.0691)
[DIAG] _physics_process: IN_PLANE returning
[DIAG] _physics_process: ENTER, state=0
[DIAG] _physics_process: IN_PLANE branch entered
[DIAG] _physics_process: plane position updated to (643.5825, 1853.8, 475.1858)
[DIAG] _physics_process: checking camera follow
[DIAG] _physics_process: plane and camera valid, updating camera
[DIAG] _physics_process: camera moved from (645.0051, 1905.516, 306.0691) to (643.5825, 1905.516, 308.002)
[DIAG] _physics_process: IN_PLANE returning
[DIAG] _poll_controls: ENTER, state=0
[VERBATIM] POLL: _poll_controls() entered, game_state=0
[DIAG] _poll_controls: EXIT (IN_PLANE branch)
[DIAG] _physics_process: ENTER, state=0
[DIAG] _physics_process: IN_PLANE branch entered
[DIAG] _physics_process: plane position updated to (642.1541, 1853.8, 477.1144)
[DIAG] _physics_process: checking camera follow
[DIAG] _physics_process: plane and camera valid, updating camera
[DIAG] _physics_process: camera moved from (643.5825, 1905.516, 308.002) to (642.1541, 1905.516, 309.9305)
[DIAG] _physics_process: IN_PLANE returning
[DIAG] _physics_process: ENTER, state=0
[DIAG] _physics_process: IN_PLANE branch entered
[DIAG] _physics_process: plane position updated to (640.7198, 1853.8, 479.0388)
[DIAG] _physics_process: checking camera follow
[DIAG] _physics_process: plane and camera valid, updating camera
[DIAG] _physics_process: camera moved from (642.1541, 1905.516, 309.9305) to (640.7198, 1905.516, 311.8549)
[DIAG] _physics_process: IN_PLANE returning
[DIAG] _poll_controls: ENTER, state=0
[VERBATIM] POLL: _poll_controls() entered, game_state=0
[DIAG] _poll_controls: EXIT (IN_PLANE branch)
[DEBUG] _input (build_terrain) called, event=InputEventMouseMotion: button_mask=0, position=((501.0, 356.0)), relative=((-1.0, 0.0)), velocity=((460.6172, 14.62277)), pressure=0.00, tilt=((0.0, 0.0)), pen_inverted=(false)
[DIAG] _physics_process: ENTER, state=0
[DIAG] _physics_process: IN_PLANE branch entered
[DIAG] _physics_process: plane position updated to (639.2798, 1853.8, 480.9587)
[DIAG] _physics_process: checking camera follow
[DIAG] _physics_process: plane and camera valid, updating camera
[DIAG] _physics_process: camera moved from (640.7198, 1905.516, 311.8549) to (639.2798, 1905.516, 313.7748)
[DIAG] _physics_process: IN_PLANE returning
[DIAG] _physics_process: ENTER, state=0
[DIAG] _physics_process: IN_PLANE branch entered
[DIAG] _physics_process: plane position updated to (637.834, 1853.8, 482.8744)
[DIAG] _physics_process: checking camera follow
[DIAG] _physics_process: plane and camera valid, updating camera
[DIAG] _physics_process: camera moved from (639.2798, 1905.516, 313.7748) to (637.834, 1905.516, 315.6906)
[DIAG] _physics_process: IN_PLANE returning
[DIAG] _poll_controls: ENTER, state=0
[VERBATIM] POLL: _poll_controls() entered, game_state=0
[DIAG] _poll_controls: EXIT (IN_PLANE branch)
[DEBUG] _input (build_terrain) called, event=InputEventMouseMotion: button_mask=0, position=((497.0, 353.0)), relative=((-4.0, -3.0)), velocity=((460.6172, 14.62277)), pressure=0.00, tilt=((0.0, 0.0)), pen_inverted=(false)
[DIAG] _physics_process: ENTER, state=0
[DIAG] _physics_process: IN_PLANE branch entered
[DIAG] _physics_process: plane position updated to (636.3826, 1853.8, 484.7857)
[DIAG] _physics_process: checking camera follow
[DIAG] _physics_process: plane and camera valid, updating camera
[DIAG] _physics_process: camera moved from (637.834, 1905.516, 315.6906) to (636.3826, 1905.516, 317.6019)
[DIAG] _physics_process: IN_PLANE returning
[DIAG] _physics_process: ENTER, state=0
[DIAG] _physics_process: IN_PLANE branch entered
[DIAG] _physics_process: plane position updated to (634.9254, 1853.8, 486.6927)
[DIAG] _physics_process: checking camera follow
[DIAG] _physics_process: plane and camera valid, updating camera
[DIAG] _physics_process: camera moved from (636.3826, 1905.516, 317.6019) to (634.9254, 1905.516, 319.5089)
[DIAG] _physics_process: IN_PLANE returning
[DIAG] _poll_controls: ENTER, state=0
[VERBATIM] POLL: _poll_controls() entered, game_state=0
[DIAG] _poll_controls: EXIT (IN_PLANE branch)
[DIAG] _physics_process: ENTER, state=0
[DIAG] _physics_process: IN_PLANE branch entered
[DIAG] _physics_process: plane position updated to (633.4624, 1853.8, 488.5953)
[DIAG] _physics_process: checking camera follow
[DIAG] _physics_process: plane and camera valid, updating camera
[DIAG] _physics_process: camera moved from (634.9254, 1905.516, 319.5089) to (633.4624, 1905.516, 321.4114)
[DIAG] _physics_process: IN_PLANE returning
[DIAG] _physics_process: ENTER, state=0
[DIAG] _physics_process: IN_PLANE branch entered
[DIAG] _physics_process: plane position updated to (631.9938, 1853.8, 490.4935)
[DIAG] _physics_process: checking camera follow
[DIAG] _physics_process: plane and camera valid, updating camera
[DIAG] _physics_process: camera moved from (633.4624, 1905.516, 321.4114) to (631.9938, 1905.516, 323.3096)
[DIAG] _physics_process: IN_PLANE returning
[DIAG] _poll_controls: ENTER, state=0
[VERBATIM] POLL: _poll_controls() entered, game_state=0
[DIAG] _poll_controls: EXIT (IN_PLANE branch)
[DEBUG] _input (build_terrain) called, event=InputEventMouseButton: button_index=2, mods=none, pressed=true, canceled=false, position=((497.0, 353.0)), button_mask=2, double_click=false
[DIAG] _physics_process: ENTER, state=0
[DIAG] _physics_process: IN_PLANE branch entered
[DIAG] _physics_process: plane position updated to (630.5195, 1853.8, 492.3873)
[DIAG] _physics_process: checking camera follow
[DIAG] _physics_process: plane and camera valid, updating camera
[DIAG] _physics_process: camera moved from (631.9938, 1905.516, 323.3096) to (630.5195, 1905.516, 325.2034)
[DIAG] _physics_process: IN_PLANE returning
[DIAG] _physics_process: ENTER, state=0
[DIAG] _physics_process: IN_PLANE branch entered
[DIAG] _physics_process: plane position updated to (629.0395, 1853.8, 494.2766)
[DIAG] _physics_process: checking camera follow
[DIAG] _physics_process: plane and camera valid, updating camera
[DIAG] _physics_process: camera moved from (630.5195, 1905.516, 325.2034) to (629.0395, 1905.516, 327.0927)
[DIAG] _physics_process: IN_PLANE returning
[DIAG] _poll_controls: ENTER, state=0
[VERBATIM] POLL: _poll_controls() entered, game_state=0
[DIAG] _poll_controls: EXIT (IN_PLANE branch)
[DEBUG] _input (build_terrain) called, event=InputEventMouseMotion: button_mask=2 (Right Mouse Button), position=((495.0, 350.0)), relative=((-2.0, -3.0)), velocity=((-36.8278, -22.09668)), pressure=0.00, tilt=((0.0, 0.0)), pen_inverted=(false)
[DEBUG] Camera updated: pos=(630.7034, 1799.582, 660.6576) target=(629.0395, 1853.8, 494.2766)
[VERBATIM] cam_orbit az=0.57295779513082 el=18.0481705466209
[DIAG] _physics_process: ENTER, state=0
[DIAG] _physics_process: IN_PLANE branch entered
[DIAG] _physics_process: plane position updated to (627.5538, 1853.8, 496.1615)
[DIAG] _physics_process: checking camera follow
[DIAG] _physics_process: plane and camera valid, updating camera
[DIAG] _physics_process: camera moved from (627.2895, 1908.015, 327.8955) to (625.8038, 1908.015, 329.7805)
[DIAG] _physics_process: IN_PLANE returning
[DIAG] _physics_process: ENTER, state=0
[DIAG] _physics_process: IN_PLANE branch entered
[DIAG] _physics_process: plane position updated to (626.0625, 1853.8, 498.0419)
[DIAG] _physics_process: checking camera follow
[DIAG] _physics_process: plane and camera valid, updating camera
[DIAG] _physics_process: camera moved from (625.8038, 1908.015, 329.7805) to (624.3125, 1908.015, 331.6609)
[DIAG] _physics_process: IN_PLANE returning
[DIAG] _poll_controls: ENTER, state=0
[VERBATIM] POLL: _poll_controls() entered, game_state=0
[DIAG] _poll_controls: EXIT (IN_PLANE branch)
[DEBUG] _input (build_terrain) called, event=InputEventMouseMotion: button_mask=2 (Right Mouse Button), position=((489.0, 318.0)), relative=((-6.0, -32.0)), velocity=((-36.8278, -22.09668)), pressure=0.00, tilt=((0.0, 0.0)), pen_inverted=(false)
[DEBUG] Camera updated: pos=(632.2859, 1773.766, 653.5436) target=(626.0625, 1853.8, 498.0419)
[VERBATIM] cam_orbit az=2.29183118052329 el=27.2154952687141
[DIAG] _physics_process: ENTER, state=0
[DIAG] _physics_process: IN_PLANE branch entered
[DIAG] _physics_process: plane position updated to (624.5656, 1853.8, 499.9178)
[DIAG] _physics_process: checking camera follow
[DIAG] _physics_process: plane and camera valid, updating camera
[DIAG] _physics_process: camera moved from (619.0644, 1933.77, 342.5402) to (617.5674, 1933.77, 344.4161)
[DIAG] _physics_process: IN_PLANE returning
[DIAG] _physics_process: ENTER, state=0
[DIAG] _physics_process: IN_PLANE branch entered
[DIAG] _physics_process: plane position updated to (623.063, 1853.8, 501.7893)
[DIAG] _physics_process: checking camera follow
[DIAG] _physics_process: plane and camera valid, updating camera
[DIAG] _physics_process: camera moved from (617.5674, 1933.77, 344.4161) to (616.0649, 1933.77, 346.2876)
[DIAG] _physics_process: IN_PLANE returning
[DIAG] _poll_controls: ENTER, state=0
[VERBATIM] POLL: _poll_controls() entered, game_state=0
[DIAG] _poll_controls: EXIT (IN_PLANE branch)
[DEBUG] _input (build_terrain) called, event=InputEventMouseMotion: button_mask=2 (Right Mouse Button), position=((484.0, 260.0)), relative=((-5.0, -58.0)), velocity=((-36.8278, -22.09668)), pressure=0.00, tilt=((0.0, 0.0)), pen_inverted=(false)
[DEBUG] Camera updated: pos=(631.2629, 1732.606, 627.7646) target=(623.063, 1853.8, 501.7893)
[VERBATIM] cam_orbit az=3.72422566835035 el=43.831271327508
[DIAG] _physics_process: ENTER, state=0
[DIAG] _physics_process: IN_PLANE branch entered
[DIAG] _physics_process: plane position updated to (621.5548, 1853.8, 503.6562)
[DIAG] _physics_process: checking camera follow
[DIAG] _physics_process: plane and camera valid, updating camera
[DIAG] _physics_process: camera moved from (611.696, 1974.738, 375.814) to (610.1878, 1974.738, 377.6809)
[DIAG] _physics_process: IN_PLANE returning
[DIAG] _physics_process: ENTER, state=0
[DIAG] _physics_process: IN_PLANE branch entered
[DIAG] _physics_process: plane position updated to (620.0411, 1853.8, 505.5186)
[DIAG] _physics_process: checking camera follow
[DIAG] _physics_process: plane and camera valid, updating camera
[DIAG] _physics_process: camera moved from (610.1878, 1974.738, 377.6809) to (608.6741, 1974.738, 379.5433)
[DIAG] _physics_process: IN_PLANE returning
[DIAG] _poll_controls: ENTER, state=0
[VERBATIM] POLL: _poll_controls() entered, game_state=0
[DIAG] _poll_controls: EXIT (IN_PLANE branch)
[DEBUG] _input (build_terrain) called, event=InputEventMouseMotion: button_mask=2 (Right Mouse Button), position=((484.0, 209.0)), relative=((0.0, -51.0)), velocity=((-127.112, -909.3398)), pressure=0.00, tilt=((0.0, 0.0)), pen_inverted=(false)
[DEBUG] Camera updated: pos=(625.9902, 1704.681, 596.9142) target=(620.0411, 1853.8, 505.5186)
[VERBATIM] cam_orbit az=3.72422566835035 el=58.441695103344
[DIAG] _physics_process: ENTER, state=0
[DIAG] _physics_process: IN_PLANE branch entered
[DIAG] _physics_process: plane position updated to (618.5217, 1853.8, 507.3765)
[DIAG] _physics_process: checking camera follow
[DIAG] _physics_process: plane and camera valid, updating camera
[DIAG] _physics_process: camera moved from (608.6741, 2002.604, 414.123) to (607.1547, 2002.604, 415.9808)
[DIAG] _physics_process: IN_PLANE returning
[DIAG] _physics_process: ENTER, state=0
[DIAG] _physics_process: IN_PLANE branch entered
[DIAG] _physics_process: plane position updated to (616.9968, 1853.8, 509.2297)
[DIAG] _physics_process: checking camera follow
[DIAG] _physics_process: plane and camera valid, updating camera
[DIAG] _physics_process: camera moved from (607.1547, 2002.604, 415.9808) to (605.6298, 2002.604, 417.8341)
[DIAG] _physics_process: IN_PLANE returning
[DIAG] _poll_controls: ENTER, state=0
[VERBATIM] POLL: _poll_controls() entered, game_state=0
[DIAG] _poll_controls: EXIT (IN_PLANE branch)
[DEBUG] _input (build_terrain) called, event=InputEventMouseMotion: button_mask=2 (Right Mouse Button), position=((483.0, 160.0)), relative=((-1.0, -49.0)), velocity=((-127.112, -909.3398)), pressure=0.00, tilt=((0.0, 0.0)), pen_inverted=(false)
[DEBUG] Camera updated: pos=(620.6817, 1686.919, 561.7849) target=(616.9968, 1853.8, 509.2297)
[VERBATIM] cam_orbit az=4.01070456591576 el=72.4791610840491
[DIAG] _physics_process: ENTER, state=0
[DIAG] _physics_process: IN_PLANE branch entered
[DIAG] _physics_process: plane position updated to (615.4664, 1853.8, 511.0784)
[DIAG] _physics_process: checking camera follow
[DIAG] _physics_process: plane and camera valid, updating camera
[DIAG] _physics_process: camera moved from (604.7568, 2020.273, 456.6746) to (603.2264, 2020.273, 458.5233)
[DIAG] _physics_process: IN_PLANE returning
[DIAG] _physics_process: ENTER, state=0
[DIAG] _physics_process: IN_PLANE branch entered
[DIAG] _physics_process: plane position updated to (613.9304, 1853.8, 512.9225)
[DIAG] _physics_process: checking camera follow
[DIAG] _physics_process: plane and camera valid, updating camera
[DIAG] _physics_process: camera moved from (603.2264, 2020.273, 458.5233) to (601.6904, 2020.273, 460.3674)
[DIAG] _physics_process: IN_PLANE returning
[DIAG] _poll_controls: ENTER, state=0
[VERBATIM] POLL: _poll_controls() entered, game_state=0
[DIAG] _poll_controls: EXIT (IN_PLANE branch)
[DEBUG] _input (build_terrain) called, event=InputEventMouseMotion: button_mask=2 (Right Mouse Button), position=((484.0, 113.0)), relative=((1.0, -47.0)), velocity=((-127.112, -909.3398)), pressure=0.00, tilt=((0.0, 0.0)), pen_inverted=(false)
[DEBUG] Camera updated: pos=(616.971, 1685.177, 559.636) target=(613.9304, 1853.8, 512.9225)
[VERBATIM] cam_orbit az=3.72422566835035 el=74.484513367007
[DIAG] _physics_process: ENTER, state=0
[DIAG] _physics_process: IN_PLANE branch entered
[DIAG] _physics_process: plane position updated to (612.3888, 1853.8, 514.762)
[DIAG] _physics_process: checking camera follow
[DIAG] _physics_process: plane and camera valid, updating camera
[DIAG] _physics_process: camera moved from (602.5634, 2022.067, 466.2091) to (601.0218, 2022.067, 468.0486)
[DIAG] _physics_process: IN_PLANE returning
[DIAG] _physics_process: ENTER, state=0
[DIAG] _physics_process: IN_PLANE branch entered
[DIAG] _physics_process: plane position updated to (610.8418, 1853.8, 516.5969)
[DIAG] _physics_process: checking camera follow
[DIAG] _physics_process: plane and camera valid, updating camera
[DIAG] _physics_process: camera moved from (601.0218, 2022.067, 468.0486) to (599.4748, 2022.067, 469.8834)
[DIAG] _physics_process: IN_PLANE returning
[DIAG] _poll_controls: ENTER, state=0
[VERBATIM] POLL: _poll_controls() entered, game_state=0
[DIAG] _poll_controls: EXIT (IN_PLANE branch)
[DEBUG] _input (build_terrain) called, event=InputEventMouseMotion: button_mask=2 (Right Mouse Button), position=((493.0, 71.0)), relative=((9.0, -42.0)), velocity=((0.0, -1389.033)), pressure=0.00, tilt=((0.0, 0.0)), pen_inverted=(false)
[DEBUG] Camera updated: pos=(611.778, 1685.177, 563.3998) target=(610.8418, 1853.8, 516.5969)
[VERBATIM] cam_orbit az=1.14591559026165 el=74.484513367007
[DIAG] _physics_process: ENTER, state=0
[DIAG] _physics_process: IN_PLANE branch entered
[DIAG] _physics_process: plane position updated to (609.2892, 1853.8, 518.4271)
[DIAG] _physics_process: checking camera follow
[DIAG] _physics_process: plane and camera valid, updating camera
[DIAG] _physics_process: camera moved from (607.342, 2022.389, 469.7939) to (605.7895, 2022.389, 471.6241)
[DIAG] _physics_process: IN_PLANE returning
[DIAG] _physics_process: ENTER, state=0
[DIAG] _physics_process: IN_PLANE branch entered
[DIAG] _physics_process: plane position updated to (607.7312, 1853.8, 520.2526)
[DIAG] _physics_process: checking camera follow
[DIAG] _physics_process: plane and camera valid, updating camera
[DIAG] _physics_process: camera moved from (605.7895, 2022.389, 471.6241) to (604.2314, 2022.389, 473.4497)
[DIAG] _physics_process: IN_PLANE returning
[DIAG] _physics_process: ENTER, state=0
[DIAG] _physics_process: IN_PLANE branch entered
[DIAG] _physics_process: plane position updated to (606.1677, 1853.8, 522.0734)
[DIAG] _physics_process: checking camera follow
[DIAG] _physics_process: plane and camera valid, updating camera
[DIAG] _physics_process: camera moved from (604.2314, 2022.389, 473.4497) to (602.668, 2022.389, 475.2705)
[DIAG] _physics_process: IN_PLANE returning
[DIAG] _poll_controls: ENTER, state=0
[VERBATIM] POLL: _poll_controls() entered, game_state=0
[DIAG] _poll_controls: EXIT (IN_PLANE branch)
[DEBUG] _input (build_terrain) called, event=InputEventMouseMotion: button_mask=2 (Right Mouse Button), position=((499.0, 33.0)), relative=((6.0, -38.0)), velocity=((0.0, -1389.033)), pressure=0.00, tilt=((0.0, 0.0)), pen_inverted=(false)
[DEBUG] Camera updated: pos=(605.6996, 1685.177, 568.8834) target=(606.1677, 1853.8, 522.0734)
[VERBATIM] cam_orbit az=-0.57295779513082 el=74.484513367007
[DIAG] _physics_process: ENTER, state=0
[DIAG] _physics_process: IN_PLANE branch entered
[DIAG] _physics_process: plane position updated to (604.5988, 1853.8, 523.8896)
[DIAG] _physics_process: checking camera follow
[DIAG] _physics_process: plane and camera valid, updating camera
[DIAG] _physics_process: camera moved from (607.9177, 2022.414, 475.2635) to (606.3488, 2022.414, 477.0796)
[DIAG] _physics_process: IN_PLANE returning
[DIAG] _physics_process: ENTER, state=0
[DIAG] _physics_process: IN_PLANE branch entered
[DIAG] _physics_process: plane position updated to (603.0244, 1853.8, 525.701)
[DIAG] _physics_process: checking camera follow
[DIAG] _physics_process: plane and camera valid, updating camera
[DIAG] _physics_process: camera moved from (606.3488, 2022.414, 477.0796) to (604.7744, 2022.414, 478.8911)
[DIAG] _physics_process: IN_PLANE returning
[DIAG] _poll_controls: ENTER, state=0
[VERBATIM] POLL: _poll_controls() entered, game_state=0
[DIAG] _poll_controls: EXIT (IN_PLANE branch)
[DEBUG] _input (build_terrain) called, event=InputEventMouseMotion: button_mask=2 (Right Mouse Button), position=((503.0, 1.0)), relative=((4.0, -32.0)), velocity=((0.0, -1389.033)), pressure=0.00, tilt=((0.0, 0.0)), pen_inverted=(false)
[DEBUG] Camera updated: pos=(601.6202, 1685.177, 572.4923) target=(603.0244, 1853.8, 525.701)
[VERBATIM] cam_orbit az=-1.71887338539247 el=74.484513367007
[DIAG] _physics_process: ENTER, state=0
[DIAG] _physics_process: IN_PLANE branch entered
[DIAG] _physics_process: plane position updated to (601.4446, 1853.8, 527.5078)
[DIAG] _physics_process: checking camera follow
[DIAG] _physics_process: plane and camera valid, updating camera
[DIAG] _physics_process: camera moved from (608.2736, 2022.347, 478.9098) to (606.6938, 2022.347, 480.7165)
[DIAG] _physics_process: IN_PLANE returning
[DIAG] _physics_process: ENTER, state=0
[DIAG] _physics_process: IN_PLANE branch entered
[DIAG] _physics_process: plane position updated to (599.8594, 1853.8, 529.3097)
[DIAG] _physics_process: checking camera follow
[DIAG] _physics_process: plane and camera valid, updating camera
[DIAG] _physics_process: camera moved from (606.6938, 2022.347, 480.7165) to (605.1086, 2022.347, 482.5185)
[DIAG] _physics_process: IN_PLANE returning
[DIAG] _poll_controls: ENTER, state=0
[VERBATIM] POLL: _poll_controls() entered, game_state=0
[DIAG] _poll_controls: EXIT (IN_PLANE branch)
[VERBATIM] Wind updated: 12.5 kts @ 240.0°
[PIPLIVE] eye=(100.0, 1830.5, -100.0) state=0 deployed=false framing=aircraft/sky
[DIAG] _physics_process: ENTER, state=0
[DIAG] _physics_process: IN_PLANE branch entered
[DIAG] _physics_process: plane position updated to (598.2687, 1853.8, 531.1069)
[DIAG] _physics_process: checking camera follow
[DIAG] _physics_process: plane and camera valid, updating camera
[DIAG] _physics_process: camera moved from (605.1086, 2022.347, 482.5185) to (603.5179, 2022.347, 484.3156)
[DIAG] _physics_process: IN_PLANE returning
[DIAG] _physics_process: ENTER, state=0
[DIAG] _physics_process: IN_PLANE branch entered
[DIAG] _physics_process: plane position updated to (596.6727, 1853.8, 532.8993)
[DIAG] _physics_process: checking camera follow
[DIAG] _physics_process: plane and camera valid, updating camera
[DIAG] _physics_process: camera moved from (603.5179, 2022.347, 484.3156) to (601.9219, 2022.347, 486.1081)
[DIAG] _physics_process: IN_PLANE returning
[DIAG] _poll_controls: ENTER, state=0
[VERBATIM] POLL: _poll_controls() entered, game_state=0
[DIAG] _poll_controls: EXIT (IN_PLANE branch)
[DIAG] _physics_process: ENTER, state=0
[DIAG] _physics_process: IN_PLANE branch entered
[DIAG] _physics_process: plane position updated to (595.0714, 1853.8, 534.6869)
[DIAG] _physics_process: checking camera follow
[DIAG] _physics_process: plane and camera valid, updating camera
[DIAG] _physics_process: camera moved from (601.9219, 2022.347, 486.1081) to (600.3206, 2022.347, 487.8957)
[DIAG] _physics_process: IN_PLANE returning
[DIAG] _physics_process: ENTER, state=0
[DIAG] _physics_process: IN_PLANE branch entered
[DIAG] _physics_process: plane position updated to (593.4646, 1853.8, 536.4697)
[DIAG] _physics_process: checking camera follow
[DIAG] _physics_process: plane and camera valid, updating camera
[DIAG] _physics_process: camera moved from (600.3206, 2022.347, 487.8957) to (598.7138, 2022.347, 489.6785)
[DIAG] _physics_process: IN_PLANE returning
[DIAG] _poll_controls: ENTER, state=0
[VERBATIM] POLL: _poll_controls() entered, game_state=0
[DIAG] _poll_controls: EXIT (IN_PLANE branch)
[DEBUG] _input (build_terrain) called, event=InputEventMouseButton: button_index=2, mods=none, pressed=false, canceled=false, position=((503.0, 1.0)), button_mask=0, double_click=false
[DIAG] _physics_process: ENTER, state=0
[DIAG] _physics_process: IN_PLANE branch entered
[DIAG] _physics_process: plane position updated to (591.8525, 1853.8, 538.2477)
[DIAG] _physics_process: checking camera follow
[DIAG] _physics_process: plane and camera valid, updating camera
[DIAG] _physics_process: camera moved from (598.7138, 2022.347, 489.6785) to (597.1017, 2022.347, 491.4565)
[DIAG] _physics_process: IN_PLANE returning
[DIAG] _physics_process: ENTER, state=0
[DIAG] _physics_process: IN_PLANE branch entered
[DIAG] _physics_process: plane position updated to (590.2351, 1853.8, 540.0208)
[DIAG] _physics_process: checking camera follow
[DIAG] _physics_process: plane and camera valid, updating camera
[DIAG] _physics_process: camera moved from (597.1017, 2022.347, 491.4565) to (595.4843, 2022.347, 493.2296)
[DIAG] _physics_process: IN_PLANE returning
[DIAG] _poll_controls: ENTER, state=0
[VERBATIM] POLL: _poll_controls() entered, game_state=0
[DIAG] _poll_controls: EXIT (IN_PLANE branch)
[DIAG] _physics_process: ENTER, state=0
[DIAG] _physics_process: IN_PLANE branch entered
[DIAG] _physics_process: plane position updated to (588.6124, 1853.8, 541.7891)
[DIAG] _physics_process: checking camera follow
[DIAG] _physics_process: plane and camera valid, updating camera
[DIAG] _physics_process: camera moved from (595.4843, 2022.347, 493.2296) to (593.8616, 2022.347, 494.9979)
[DIAG] _physics_process: IN_PLANE returning
[DIAG] _physics_process: ENTER, state=0
[DIAG] _physics_process: IN_PLANE branch entered
[DIAG] _physics_process: plane position updated to (586.9844, 1853.8, 543.5525)
[DIAG] _physics_process: checking camera follow
[DIAG] _physics_process: plane and camera valid, updating camera
[DIAG] _physics_process: camera moved from (593.8616, 2022.347, 494.9979) to (592.2336, 2022.347, 496.7613)
[DIAG] _physics_process: IN_PLANE returning
[DIAG] _poll_controls: ENTER, state=0
[VERBATIM] POLL: _poll_controls() entered, game_state=0
[DIAG] _poll_controls: EXIT (IN_PLANE branch)
[DIAG] _physics_process: ENTER, state=0
[DIAG] _physics_process: IN_PLANE branch entered
[DIAG] _physics_process: plane position updated to (585.3511, 1853.8, 545.311)
[DIAG] _physics_process: checking camera follow
[DIAG] _physics_process: plane and camera valid, updating camera
[DIAG] _physics_process: camera moved from (592.2336, 2022.347, 496.7613) to (590.6003, 2022.347, 498.5198)
[DIAG] _physics_process: IN_PLANE returning
[DIAG] _physics_process: ENTER, state=0
[DIAG] _physics_process: IN_PLANE branch entered
[DIAG] _physics_process: plane position updated to (583.7125, 1853.8, 547.0646)
[DIAG] _physics_process: checking camera follow
[DIAG] _physics_process: plane and camera valid, updating camera
[DIAG] _physics_process: camera moved from (590.6003, 2022.347, 498.5198) to (588.9617, 2022.347, 500.2733)
[DIAG] _physics_process: IN_PLANE returning
[DIAG] _poll_controls: ENTER, state=0
[VERBATIM] POLL: _poll_controls() entered, game_state=0
[DIAG] _poll_controls: EXIT (IN_PLANE branch)
[DIAG] _physics_process: ENTER, state=0
[DIAG] _physics_process: IN_PLANE branch entered
[DIAG] _physics_process: plane position updated to (582.0687, 1853.8, 548.8133)
[DIAG] _physics_process: checking camera follow
[DIAG] _physics_process: plane and camera valid, updating camera
[DIAG] _physics_process: camera moved from (588.9617, 2022.347, 500.2733) to (587.3179, 2022.347, 502.0221)
[DIAG] _physics_process: IN_PLANE returning
[DIAG] _physics_process: ENTER, state=0
[DIAG] _physics_process: IN_PLANE branch entered
[DIAG] _physics_process: plane position updated to (580.4197, 1853.8, 550.557)
[DIAG] _physics_process: checking camera follow
[DIAG] _physics_process: plane and camera valid, updating camera
[DIAG] _physics_process: camera moved from (587.3179, 2022.347, 502.0221) to (585.6689, 2022.347, 503.7658)
[DIAG] _physics_process: IN_PLANE returning
[DIAG] _poll_controls: ENTER, state=0
[VERBATIM] POLL: _poll_controls() entered, game_state=0
[DIAG] _poll_controls: EXIT (IN_PLANE branch)
[DIAG] _physics_process: ENTER, state=0
[DIAG] _physics_process: IN_PLANE branch entered
[DIAG] _physics_process: plane position updated to (578.7654, 1853.8, 552.2958)
[DIAG] _physics_process: checking camera follow
[DIAG] _physics_process: plane and camera valid, updating camera
[DIAG] _physics_process: camera moved from (585.6689, 2022.347, 503.7658) to (584.0146, 2022.347, 505.5045)
[DIAG] _physics_process: IN_PLANE returning
[DIAG] _physics_process: ENTER, state=0
[DIAG] _physics_process: IN_PLANE branch entered
[DIAG] _physics_process: plane position updated to (577.1059, 1853.8, 554.0296)
[DIAG] _physics_process: checking camera follow
[DIAG] _physics_process: plane and camera valid, updating camera
[DIAG] _physics_process: camera moved from (584.0146, 2022.347, 505.5045) to (582.3551, 2022.347, 507.2384)
[DIAG] _physics_process: IN_PLANE returning
[DIAG] _poll_controls: ENTER, state=0
[VERBATIM] POLL: _poll_controls() entered, game_state=0
[DIAG] _poll_controls: EXIT (IN_PLANE branch)
[DEBUG] _input (build_terrain) called, event=InputEventMouseMotion: button_mask=0, position=((505.0, 9.0)), relative=((2.0, 8.0)), velocity=((55.46263, -326.9376)), pressure=0.00, tilt=((0.0, 0.0)), pen_inverted=(false)
[DIAG] _physics_process: ENTER, state=0
[DIAG] _physics_process: IN_PLANE branch entered
[DIAG] _physics_process: plane position updated to (575.4412, 1853.8, 555.7584)
[DIAG] _physics_process: checking camera follow
[DIAG] _physics_process: plane and camera valid, updating camera
[DIAG] _physics_process: camera moved from (582.3551, 2022.347, 507.2384) to (580.6904, 2022.347, 508.9672)
[DIAG] _physics_process: IN_PLANE returning
[DIAG] _physics_process: ENTER, state=0
[DIAG] _physics_process: IN_PLANE branch entered
[DIAG] _physics_process: plane position updated to (573.7714, 1853.8, 557.4822)
[DIAG] _physics_process: checking camera follow
[DIAG] _physics_process: plane and camera valid, updating camera
[DIAG] _physics_process: camera moved from (580.6904, 2022.347, 508.9672) to (579.0206, 2022.347, 510.691)
[DIAG] _physics_process: IN_PLANE returning
[DIAG] _poll_controls: ENTER, state=0
[VERBATIM] POLL: _poll_controls() entered, game_state=0
[DIAG] _poll_controls: EXIT (IN_PLANE branch)
[DEBUG] _input (build_terrain) called, event=InputEventMouseMotion: button_mask=0, position=((505.0, 30.0)), relative=((0.0, 21.0)), velocity=((55.46263, -326.9376)), pressure=0.00, tilt=((0.0, 0.0)), pen_inverted=(false)
[DIAG] _physics_process: ENTER, state=0
[DIAG] _physics_process: IN_PLANE branch entered
[DIAG] _physics_process: plane position updated to (572.0963, 1853.8, 559.201)
[DIAG] _physics_process: checking camera follow
[DIAG] _physics_process: plane and camera valid, updating camera
[DIAG] _physics_process: camera moved from (579.0206, 2022.347, 510.691) to (577.3455, 2022.347, 512.4098)
[DIAG] _physics_process: IN_PLANE returning
[DIAG] _physics_process: ENTER, state=0
[DIAG] _physics_process: IN_PLANE branch entered
[DIAG] _physics_process: plane position updated to (570.4161, 1853.8, 560.9148)
[DIAG] _physics_process: checking camera follow
[DIAG] _physics_process: plane and camera valid, updating camera
[DIAG] _physics_process: camera moved from (577.3455, 2022.347, 512.4098) to (575.6653, 2022.347, 514.1235)
[DIAG] _physics_process: IN_PLANE returning
[DIAG] _poll_controls: ENTER, state=0
[VERBATIM] POLL: _poll_controls() entered, game_state=0
[DIAG] _poll_controls: EXIT (IN_PLANE branch)
[DEBUG] _input (build_terrain) called, event=InputEventMouseMotion: button_mask=0, position=((498.0, 52.0)), relative=((-7.0, 22.0)), velocity=((55.46263, -326.9376)), pressure=0.00, tilt=((0.0, 0.0)), pen_inverted=(false)
[DIAG] _physics_process: ENTER, state=0
[DIAG] _physics_process: IN_PLANE branch entered
[DIAG] _physics_process: plane position updated to (568.7308, 1853.8, 562.6235)
[DIAG] _physics_process: checking camera follow
[DIAG] _physics_process: plane and camera valid, updating camera
[DIAG] _physics_process: camera moved from (575.6653, 2022.347, 514.1235) to (573.98, 2022.347, 515.8323)
[DIAG] _physics_process: IN_PLANE returning
[DIAG] _physics_process: ENTER, state=0
[DIAG] _physics_process: IN_PLANE branch entered
[DIAG] _physics_process: plane position updated to (567.0404, 1853.8, 564.3272)
[DIAG] _physics_process: checking camera follow
[DIAG] _physics_process: plane and camera valid, updating camera
[DIAG] _physics_process: camera moved from (573.98, 2022.347, 515.8323) to (572.2896, 2022.347, 517.5359)
[DIAG] _physics_process: IN_PLANE returning
[DIAG] _poll_controls: ENTER, state=0
[VERBATIM] POLL: _poll_controls() entered, game_state=0
[DIAG] _poll_controls: EXIT (IN_PLANE branch)
[DEBUG] _input (build_terrain) called, event=InputEventMouseMotion: button_mask=0, position=((490.0, 72.0)), relative=((-8.0, 20.0)), velocity=((-47.72404, 486.7852)), pressure=0.00, tilt=((0.0, 0.0)), pen_inverted=(false)
[DIAG] _physics_process: ENTER, state=0
[DIAG] _physics_process: IN_PLANE branch entered
[DIAG] _physics_process: plane position updated to (565.3448, 1853.8, 566.0258)
[DIAG] _physics_process: checking camera follow
[DIAG] _physics_process: plane and camera valid, updating camera
[DIAG] _physics_process: camera moved from (572.2896, 2022.347, 517.5359) to (570.5941, 2022.347, 519.2345)
[DIAG] _physics_process: IN_PLANE returning
[DIAG] _physics_process: ENTER, state=0
[DIAG] _physics_process: IN_PLANE branch entered
[DIAG] _physics_process: plane position updated to (563.6442, 1853.8, 567.7192)
[DIAG] _physics_process: checking camera follow
[DIAG] _physics_process: plane and camera valid, updating camera
[DIAG] _physics_process: camera moved from (570.5941, 2022.347, 519.2345) to (568.8934, 2022.347, 520.928)
[DIAG] _physics_process: IN_PLANE returning
[DIAG] _poll_controls: ENTER, state=0
[VERBATIM] POLL: _poll_controls() entered, game_state=0
[DIAG] _poll_controls: EXIT (IN_PLANE branch)
[DEBUG] _input (build_terrain) called, event=InputEventMouseMotion: button_mask=0, position=((487.0, 83.0)), relative=((-3.0, 11.0)), velocity=((-47.72404, 486.7852)), pressure=0.00, tilt=((0.0, 0.0)), pen_inverted=(false)
[DIAG] _physics_process: ENTER, state=0
[DIAG] _physics_process: IN_PLANE branch entered
[DIAG] _physics_process: plane position updated to (561.9385, 1853.8, 569.4077)
[DIAG] _physics_process: checking camera follow
[DIAG] _physics_process: plane and camera valid, updating camera
[DIAG] _physics_process: camera moved from (568.8934, 2022.347, 520.928) to (567.1877, 2022.347, 522.6164)
[DIAG] _physics_process: IN_PLANE returning
[DIAG] _physics_process: ENTER, state=0
[DIAG] _physics_process: IN_PLANE branch entered
[DIAG] _physics_process: plane position updated to (560.2278, 1853.8, 571.0909)
[DIAG] _physics_process: checking camera follow
[DIAG] _physics_process: plane and camera valid, updating camera
[DIAG] _physics_process: camera moved from (567.1877, 2022.347, 522.6164) to (565.477, 2022.347, 524.2996)
[DIAG] _physics_process: IN_PLANE returning
[DIAG] _poll_controls: ENTER, state=0
[VERBATIM] POLL: _poll_controls() entered, game_state=0
[DIAG] _poll_controls: EXIT (IN_PLANE branch)
[DEBUG] _input (build_terrain) called, event=InputEventMouseMotion: button_mask=0, position=((486.0, 86.0)), relative=((-1.0, 3.0)), velocity=((-47.72404, 486.7852)), pressure=0.00, tilt=((0.0, 0.0)), pen_inverted=(false)
[DIAG] _physics_process: ENTER, state=0
[DIAG] _physics_process: IN_PLANE branch entered
[DIAG] _physics_process: plane position updated to (558.512, 1853.8, 572.769)
[DIAG] _physics_process: checking camera follow
[DIAG] _physics_process: plane and camera valid, updating camera
[DIAG] _physics_process: camera moved from (565.477, 2022.347, 524.2996) to (563.7612, 2022.347, 525.9777)
[DIAG] _physics_process: IN_PLANE returning
[DIAG] _physics_process: ENTER, state=0
[DIAG] _physics_process: IN_PLANE branch entered
[DIAG] _physics_process: plane position updated to (556.7912, 1853.8, 574.442)
[DIAG] _physics_process: checking camera follow
[DIAG] _physics_process: plane and camera valid, updating camera
[DIAG] _physics_process: camera moved from (563.7612, 2022.347, 525.9777) to (562.0404, 2022.347, 527.6507)
[DIAG] _physics_process: IN_PLANE returning
[DIAG] _poll_controls: ENTER, state=0
[VERBATIM] POLL: _poll_controls() entered, game_state=0
[DIAG] _poll_controls: EXIT (IN_PLANE branch)
[DIAG] _physics_process: ENTER, state=0
[DIAG] _physics_process: IN_PLANE branch entered
[DIAG] _physics_process: plane position updated to (555.0654, 1853.8, 576.1097)
[DIAG] _physics_process: checking camera follow
[DIAG] _physics_process: plane and camera valid, updating camera
[DIAG] _physics_process: camera moved from (562.0404, 2022.347, 527.6507) to (560.3146, 2022.347, 529.3185)
[DIAG] _physics_process: IN_PLANE returning
[DIAG] _physics_process: ENTER, state=0
[DIAG] _physics_process: IN_PLANE branch entered
[DIAG] _physics_process: plane position updated to (553.3345, 1853.8, 577.7723)
[DIAG] _physics_process: checking camera follow
[DIAG] _physics_process: plane and camera valid, updating camera
[DIAG] _physics_process: camera moved from (560.3146, 2022.347, 529.3185) to (558.5837, 2022.347, 530.9811)
[DIAG] _physics_process: IN_PLANE returning
[DIAG] _poll_controls: ENTER, state=0
[VERBATIM] POLL: _poll_controls() entered, game_state=0
[DIAG] _poll_controls: EXIT (IN_PLANE branch)
[DIAG] _physics_process: ENTER, state=0
[DIAG] _physics_process: IN_PLANE branch entered
[DIAG] _physics_process: plane position updated to (551.5988, 1853.8, 579.4297)
[DIAG] _physics_process: checking camera follow
[DIAG] _physics_process: plane and camera valid, updating camera
[DIAG] _physics_process: camera moved from (558.5837, 2022.347, 530.9811) to (556.848, 2022.347, 532.6385)
[DIAG] _physics_process: IN_PLANE returning
[DIAG] _physics_process: ENTER, state=0
[DIAG] _physics_process: IN_PLANE branch entered
[DIAG] _physics_process: plane position updated to (549.858, 1853.8, 581.0819)
[DIAG] _physics_process: checking camera follow
[DIAG] _physics_process: plane and camera valid, updating camera
[DIAG] _physics_process: camera moved from (556.848, 2022.347, 532.6385) to (555.1072, 2022.347, 534.2906)
[DIAG] _physics_process: IN_PLANE returning
[DIAG] _physics_process: ENTER, state=0
[DIAG] _physics_process: IN_PLANE branch entered
[DIAG] _physics_process: plane position updated to (548.1122, 1853.8, 582.7289)
[DIAG] _physics_process: checking camera follow
[DIAG] _physics_process: plane and camera valid, updating camera
[DIAG] _physics_process: camera moved from (555.1072, 2022.347, 534.2906) to (553.3615, 2022.347, 535.9376)
[DIAG] _physics_process: IN_PLANE returning
[DIAG] _poll_controls: ENTER, state=0
[VERBATIM] POLL: _poll_controls() entered, game_state=0
[DIAG] _poll_controls: EXIT (IN_PLANE branch)
[DIAG] _physics_process: ENTER, state=0
[DIAG] _physics_process: IN_PLANE branch entered
[DIAG] _physics_process: plane position updated to (546.3616, 1853.8, 584.3706)
[DIAG] _physics_process: checking camera follow
[DIAG] _physics_process: plane and camera valid, updating camera
[DIAG] _physics_process: camera moved from (553.3615, 2022.347, 535.9376) to (551.6108, 2022.347, 537.5793)
[DIAG] _physics_process: IN_PLANE returning
[DIAG] _physics_process: ENTER, state=0
[DIAG] _physics_process: IN_PLANE branch entered
[DIAG] _physics_process: plane position updated to (544.606, 1853.8, 586.007)
[DIAG] _physics_process: checking camera follow
[DIAG] _physics_process: plane and camera valid, updating camera
[DIAG] _physics_process: camera moved from (551.6108, 2022.347, 537.5793) to (549.8552, 2022.347, 539.2158)
[DIAG] _physics_process: IN_PLANE returning
[DIAG] _poll_controls: ENTER, state=0
[VERBATIM] POLL: _poll_controls() entered, game_state=0
[DIAG] _poll_controls: EXIT (IN_PLANE branch)
[DIAG] _physics_process: ENTER, state=0
[DIAG] _physics_process: IN_PLANE branch entered
[DIAG] _physics_process: plane position updated to (542.8456, 1853.8, 587.6382)
[DIAG] _physics_process: checking camera follow
[DIAG] _physics_process: plane and camera valid, updating camera
[DIAG] _physics_process: camera moved from (549.8552, 2022.347, 539.2158) to (548.0948, 2022.347, 540.847)
[DIAG] _physics_process: IN_PLANE returning
[DIAG] _physics_process: ENTER, state=0
[DIAG] _physics_process: IN_PLANE branch entered
[DIAG] _physics_process: plane position updated to (541.0802, 1853.8, 589.2641)
[DIAG] _physics_process: checking camera follow
[DIAG] _physics_process: plane and camera valid, updating camera
[DIAG] _physics_process: camera moved from (548.0948, 2022.347, 540.847) to (546.3294, 2022.347, 542.4728)
[DIAG] _physics_process: IN_PLANE returning
[DIAG] _poll_controls: ENTER, state=0
[VERBATIM] POLL: _poll_controls() entered, game_state=0
[DIAG] _poll_controls: EXIT (IN_PLANE branch)
[DIAG] _physics_process: ENTER, state=0
[DIAG] _physics_process: IN_PLANE branch entered
[DIAG] _physics_process: plane position updated to (539.31, 1853.8, 590.8847)
[DIAG] _physics_process: checking camera follow
[DIAG] _physics_process: plane and camera valid, updating camera
[DIAG] _physics_process: camera moved from (546.3294, 2022.347, 542.4728) to (544.5592, 2022.347, 544.0934)
[DIAG] _physics_process: IN_PLANE returning
[DIAG] _physics_process: ENTER, state=0
[DIAG] _physics_process: IN_PLANE branch entered
[DIAG] _physics_process: plane position updated to (537.5349, 1853.8, 592.5)
[DIAG] _physics_process: checking camera follow
[DIAG] _physics_process: plane and camera valid, updating camera
[DIAG] _physics_process: camera moved from (544.5592, 2022.347, 544.0934) to (542.7841, 2022.347, 545.7087)
[DIAG] _physics_process: IN_PLANE returning
[DIAG] _poll_controls: ENTER, state=0
[VERBATIM] POLL: _poll_controls() entered, game_state=0
[DIAG] _poll_controls: EXIT (IN_PLANE branch)
[DIAG] _physics_process: ENTER, state=0
[DIAG] _physics_process: IN_PLANE branch entered
[DIAG] _physics_process: plane position updated to (535.755, 1853.8, 594.1099)
[DIAG] _physics_process: checking camera follow
[DIAG] _physics_process: plane and camera valid, updating camera
[DIAG] _physics_process: camera moved from (542.7841, 2022.347, 545.7087) to (541.0042, 2022.347, 547.3187)
[DIAG] _physics_process: IN_PLANE returning
[DIAG] _physics_process: ENTER, state=0
[DIAG] _physics_process: IN_PLANE branch entered
[DIAG] _physics_process: plane position updated to (533.9703, 1853.8, 595.7145)
[DIAG] _physics_process: checking camera follow
[DIAG] _physics_process: plane and camera valid, updating camera
[DIAG] _physics_process: camera moved from (541.0042, 2022.347, 547.3187) to (539.2195, 2022.347, 548.9232)
[DIAG] _physics_process: IN_PLANE returning
[DIAG] _poll_controls: ENTER, state=0
[VERBATIM] POLL: _poll_controls() entered, game_state=0
[DIAG] _poll_controls: EXIT (IN_PLANE branch)
[DIAG] _physics_process: ENTER, state=0
[DIAG] _physics_process: IN_PLANE branch entered
[DIAG] _physics_process: plane position updated to (532.1807, 1853.8, 597.3137)
[DIAG] _physics_process: checking camera follow
[DIAG] _physics_process: plane and camera valid, updating camera
[DIAG] _physics_process: camera moved from (539.2195, 2022.347, 548.9232) to (537.4299, 2022.347, 550.5225)
[DIAG] _physics_process: IN_PLANE returning
[DIAG] _physics_process: ENTER, state=0
[DIAG] _physics_process: IN_PLANE branch entered
[DIAG] _physics_process: plane position updated to (530.3864, 1853.8, 598.9076)
[DIAG] _physics_process: checking camera follow
[DIAG] _physics_process: plane and camera valid, updating camera
[DIAG] _physics_process: camera moved from (537.4299, 2022.347, 550.5225) to (535.6356, 2022.347, 552.1163)
[DIAG] _physics_process: IN_PLANE returning
[DIAG] _poll_controls: ENTER, state=0
[VERBATIM] POLL: _poll_controls() entered, game_state=0
[DIAG] _poll_controls: EXIT (IN_PLANE branch)
[DIAG] _physics_process: ENTER, state=0
[DIAG] _physics_process: IN_PLANE branch entered
[DIAG] _physics_process: plane position updated to (528.5873, 1853.8, 600.496)
[DIAG] _physics_process: checking camera follow
[DIAG] _physics_process: plane and camera valid, updating camera
[DIAG] _physics_process: camera moved from (535.6356, 2022.347, 552.1163) to (533.8365, 2022.347, 553.7048)
[DIAG] _physics_process: IN_PLANE returning
[DIAG] _physics_process: ENTER, state=0
[DIAG] _physics_process: IN_PLANE branch entered
[DIAG] _physics_process: plane position updated to (526.7834, 1853.8, 602.0791)
[DIAG] _physics_process: checking camera follow
[DIAG] _physics_process: plane and camera valid, updating camera
[DIAG] _physics_process: camera moved from (533.8365, 2022.347, 553.7048) to (532.0326, 2022.347, 555.2878)
[DIAG] _physics_process: IN_PLANE returning
[DIAG] _poll_controls: ENTER, state=0
[VERBATIM] POLL: _poll_controls() entered, game_state=0
[DIAG] _poll_controls: EXIT (IN_PLANE branch)
[DIAG] _physics_process: ENTER, state=0
[DIAG] _physics_process: IN_PLANE branch entered
[DIAG] _physics_process: plane position updated to (524.9748, 1853.8, 603.6567)
[DIAG] _physics_process: checking camera follow
[DIAG] _physics_process: plane and camera valid, updating camera
[DIAG] _physics_process: camera moved from (532.0326, 2022.347, 555.2878) to (530.224, 2022.347, 556.8655)
[DIAG] _physics_process: IN_PLANE returning
[DIAG] _physics_process: ENTER, state=0
[DIAG] _physics_process: IN_PLANE branch entered
[DIAG] _physics_process: plane position updated to (523.1615, 1853.8, 605.2289)
[DIAG] _physics_process: checking camera follow
[DIAG] _physics_process: plane and camera valid, updating camera
[DIAG] _physics_process: camera moved from (530.224, 2022.347, 556.8655) to (528.4107, 2022.347, 558.4377)
[DIAG] _physics_process: IN_PLANE returning
[DIAG] _poll_controls: ENTER, state=0
[VERBATIM] POLL: _poll_controls() entered, game_state=0
[DIAG] _poll_controls: EXIT (IN_PLANE branch)
[DIAG] _physics_process: ENTER, state=0
[DIAG] _physics_process: IN_PLANE branch entered
[DIAG] _physics_process: plane position updated to (521.3434, 1853.8, 606.7957)
[DIAG] _physics_process: checking camera follow
[DIAG] _physics_process: plane and camera valid, updating camera
[DIAG] _physics_process: camera moved from (528.4107, 2022.347, 558.4377) to (526.5927, 2022.347, 560.0045)
[DIAG] _physics_process: IN_PLANE returning
[DIAG] _physics_process: ENTER, state=0
[DIAG] _physics_process: IN_PLANE branch entered
[DIAG] _physics_process: plane position updated to (519.5207, 1853.8, 608.357)
[DIAG] _physics_process: checking camera follow
[DIAG] _physics_process: plane and camera valid, updating camera
[DIAG] _physics_process: camera moved from (526.5927, 2022.347, 560.0045) to (524.7699, 2022.347, 561.5657)
[DIAG] _physics_process: IN_PLANE returning
[DIAG] _poll_controls: ENTER, state=0
[VERBATIM] POLL: _poll_controls() entered, game_state=0
[DIAG] _poll_controls: EXIT (IN_PLANE branch)
[DIAG] _physics_process: ENTER, state=0
[DIAG] _physics_process: IN_PLANE branch entered
[DIAG] _physics_process: plane position updated to (517.6933, 1853.8, 609.9128)
[DIAG] _physics_process: checking camera follow
[DIAG] _physics_process: plane and camera valid, updating camera
[DIAG] _physics_process: camera moved from (524.7699, 2022.347, 561.5657) to (522.9425, 2022.347, 563.1216)
[DIAG] _physics_process: IN_PLANE returning
[DIAG] _physics_process: ENTER, state=0
