[ARMTEL],43.8333333333321,L,false,0.01666666666667,0.0,2.33634794046984,-1.71938364930679,-0.61696429116305,-0.50153520941656,0.28368457240179,26.9500378013348,-2.0,20.0000085715136,0.0
[DIAG] _physics_process: ENTER, state=3
[DIAG] _physics_process: camera target set to character (state: 3)
[GLIDE],18.8166666666669,0.28368457240179,0.0,0.14184228620089,-0.28368457240179,9.87660909328892,17.7640565190351,-120.675672154178,3.84886070922295,2.56611237440258,563.851318359375,302.302429199219,58.8
[VERBATIM] DIAGNOSIS turning block executed
[DIAG] _turn_input = 0.0
[ARMTEL],43.8499999999988,L,false,0.01666666666667,0.0,2.2694765792143,-1.75537323295797,-0.51410334625633,-0.51010359852083,0.27518284575977,26.1423736677548,-2.0,20.0000085715136,0.0
[DIAG] _physics_process: ENTER, state=3
[DIAG] _physics_process: camera target set to character (state: 3)
[GLIDE],18.8333333333335,0.27518284575977,0.0,0.13759142287989,-0.27518284575977,9.9102759307913,17.2586631182171,-120.388027768874,3.85871440570727,2.56828437889402,563.708862304688,302.218872070312,58.8
[VERBATIM] DIAGNOSIS turning block executed
[DIAG] _turn_input = 0.0
[DIAG] _poll_controls: ENTER, state=3
[VERBATIM] POLL: _poll_controls() entered, game_state=3
[VERBATIM] POLL: checking deploy state=3 canopy=true
[STEER_TELEM] canopy=true has_pc=false turn=0.0 state=3
[STEER_TELEM] /root/Main children: WorldEnvironment DirectionalLight3D AnimationPlayer HUD @MeshInstance3D@165 @MeshInstance3D@166 @MeshInstance3D@167 @MeshInstance3D@168 @Node3D@169 FlyingPlane @Camera3D@173 @MeshInstance3D@174 @MeshInstance3D@175 @MeshInstance3D@176 @MeshInstance3D@177 @MeshInstance3D@178 @MeshInstance3D@179 @MeshInstance3D@180 @MeshInstance3D@181 @MeshInstance3D@182 @MeshInstance3D@183 @MeshInstance3D@184 @MeshInstance3D@185 @MeshInstance3D@186 @MeshInstance3D@187 @MeshInstance3D@188 @MeshInstance3D@189 @MeshInstance3D@190 @MeshInstance3D@191 @MeshInstance3D@192 @MeshInstance3D@193 @MeshInstance3D@194 @MeshInstance3D@195 @MeshInstance3D@196 @MeshInstance3D@197 @MeshInstance3D@198 @MeshInstance3D@199 @MeshInstance3D@200 @MeshInstance3D@201 @MeshInstance3D@202 @MeshInstance3D@203 @MeshInstance3D@204 @MeshInstance3D@205 @MeshInstance3D@206 @MeshInstance3D@207 @MeshInstance3D@208 @MeshInstance3D@209 @MeshInstance3D@210 @MeshInstance3D@211 @MeshInstance3D@212 @MeshInstance3D@213 @MeshInstance3D@214 @MeshInstance3D@215 @CanvasLayer@217 @HTTPRequest@231 PiPLayer @HTTPRequest@240 OpeningAnimTimer 
[VERBATIM] ENTER _deploy_canopy gate=none
[VERBATIM] EXIT _deploy_canopy early=already_deployed_or_no_canopy
[ARMTEL],43.8666666666655,L,false,0.01666666666667,0.0,2.20146276607819,-1.78536259482292,-0.41610017125527,-0.51703860137509,0.26656553573686,25.3237291115942,-2.0,20.0000085715136,0.0
[DIAG] _physics_process: ENTER, state=3
[DIAG] _physics_process: camera target set to character (state: 3)
[GLIDE],18.8500000000002,0.26656553573686,0.0,0.13328276786843,-0.26656553573686,9.94440047848205,16.7446977304626,-120.108949473367,3.86881118415846,2.57040212228531,563.565490722656,302.1357421875,58.8
[VERBATIM] DIAGNOSIS turning block executed
[DIAG] _turn_input = 0.0
[ARMTEL],43.8833333333321,L,false,0.01666666666667,0.0,2.13252428589484,-1.80963510481281,-0.32288918108203,-0.52242008772646,0.25785853427475,24.4965638676284,-2.0,20.0000085715136,0.0
[DIAG] _physics_process: ENTER, state=3
[DIAG] _physics_process: camera target set to character (state: 3)
[GLIDE],18.8666666666669,0.25785853427475,0.0,0.12892926713737,-0.25785853427475,9.978880204272,16.223643508703,-119.838555414888,3.87912370829,2.57245732662413,563.421203613281,302.052978515625,58.8
[VERBATIM] DIAGNOSIS turning block executed
[DIAG] _turn_input = 0.0
[DIAG] _poll_controls: ENTER, state=3
[VERBATIM] POLL: _poll_controls() entered, game_state=3
[VERBATIM] POLL: checking deploy state=3 canopy=true
[STEER_TELEM] canopy=true has_pc=false turn=0.0 state=3
[STEER_TELEM] /root/Main children: WorldEnvironment DirectionalLight3D AnimationPlayer HUD @MeshInstance3D@165 @MeshInstance3D@166 @MeshInstance3D@167 @MeshInstance3D@168 @Node3D@169 FlyingPlane @Camera3D@173 @MeshInstance3D@174 @MeshInstance3D@175 @MeshInstance3D@176 @MeshInstance3D@177 @MeshInstance3D@178 @MeshInstance3D@179 @MeshInstance3D@180 @MeshInstance3D@181 @MeshInstance3D@182 @MeshInstance3D@183 @MeshInstance3D@184 @MeshInstance3D@185 @MeshInstance3D@186 @MeshInstance3D@187 @MeshInstance3D@188 @MeshInstance3D@189 @MeshInstance3D@190 @MeshInstance3D@191 @MeshInstance3D@192 @MeshInstance3D@193 @MeshInstance3D@194 @MeshInstance3D@195 @MeshInstance3D@196 @MeshInstance3D@197 @MeshInstance3D@198 @MeshInstance3D@199 @MeshInstance3D@200 @MeshInstance3D@201 @MeshInstance3D@202 @MeshInstance3D@203 @MeshInstance3D@204 @MeshInstance3D@205 @MeshInstance3D@206 @MeshInstance3D@207 @MeshInstance3D@208 @MeshInstance3D@209 @MeshInstance3D@210 @MeshInstance3D@211 @MeshInstance3D@212 @MeshInstance3D@213 @MeshInstance3D@214 @MeshInstance3D@215 @CanvasLayer@217 @HTTPRequest@231 PiPLayer @HTTPRequest@240 OpeningAnimTimer 
[VERBATIM] ENTER _deploy_canopy gate=none
[VERBATIM] EXIT _deploy_canopy early=already_deployed_or_no_canopy
[ARMTEL],43.8999999999988,L,false,0.01666666666667,0.0,2.06286827419798,-1.8284703070426,-0.23439796715539,-0.52632672051238,0.24908642226621,23.6632131209658,-2.0,20.0000085715136,0.0
[DIAG] _physics_process: ENTER, state=3
[DIAG] _physics_process: camera target set to character (state: 3)
[GLIDE],18.8833333333335,0.24908642226621,0.0,0.1245432111331,-0.24908642226621,10.0136177678258,15.6969248687271,-119.576940000409,3.88962488947795,2.57444305102897,563.276062011719,301.970611572266,58.8
[VERBATIM] DIAGNOSIS turning block executed
[DIAG] _turn_input = 0.0
[ARMTEL],43.9166666666655,L,false,0.01666666666667,0.0,1.99269137812967,-1.84214352179333,-0.15054785633634,-0.52883585145132,0.24027249140869,22.8258895831452,-2.0,20.0000085715136,0.0
[DIAG] _physics_process: ENTER, state=3
[DIAG] _physics_process: camera target set to character (state: 3)
[GLIDE],18.9000000000002,0.24027249140869,0.0,0.12013624570434,-0.24027249140869,10.0485209340216,15.1659079342378,-119.324174868172,3.90028794124946,2.57635361424176,563.130065917969,301.888580322266,58.8
[VERBATIM] DIAGNOSIS turning block executed
[DIAG] _turn_input = 0.0
[DIAG] _poll_controls: ENTER, state=3
[VERBATIM] POLL: _poll_controls() entered, game_state=3
[VERBATIM] POLL: checking deploy state=3 canopy=true
[STEER_TELEM] canopy=true has_pc=false turn=0.0 state=3
[STEER_TELEM] /root/Main children: WorldEnvironment DirectionalLight3D AnimationPlayer HUD @MeshInstance3D@165 @MeshInstance3D@166 @MeshInstance3D@167 @MeshInstance3D@168 @Node3D@169 FlyingPlane @Camera3D@173 @MeshInstance3D@174 @MeshInstance3D@175 @MeshInstance3D@176 @MeshInstance3D@177 @MeshInstance3D@178 @MeshInstance3D@179 @MeshInstance3D@180 @MeshInstance3D@181 @MeshInstance3D@182 @MeshInstance3D@183 @MeshInstance3D@184 @MeshInstance3D@185 @MeshInstance3D@186 @MeshInstance3D@187 @MeshInstance3D@188 @MeshInstance3D@189 @MeshInstance3D@190 @MeshInstance3D@191 @MeshInstance3D@192 @MeshInstance3D@193 @MeshInstance3D@194 @MeshInstance3D@195 @MeshInstance3D@196 @MeshInstance3D@197 @MeshInstance3D@198 @MeshInstance3D@199 @MeshInstance3D@200 @MeshInstance3D@201 @MeshInstance3D@202 @MeshInstance3D@203 @MeshInstance3D@204 @MeshInstance3D@205 @MeshInstance3D@206 @MeshInstance3D@207 @MeshInstance3D@208 @MeshInstance3D@209 @MeshInstance3D@210 @MeshInstance3D@211 @MeshInstance3D@212 @MeshInstance3D@213 @MeshInstance3D@214 @MeshInstance3D@215 @CanvasLayer@217 @HTTPRequest@231 PiPLayer @HTTPRequest@240 OpeningAnimTimer 
[VERBATIM] ENTER _deploy_canopy gate=none
[VERBATIM] EXIT _deploy_canopy early=already_deployed_or_no_canopy
[ARMTEL],43.9333333333321,L,false,0.01666666666667,0.0,1.92217993126949,-1.85092548007961,-0.07125445118988,-0.53002342563782,0.23143876764806,21.9866857192906,-2.0,20.0000085715136,0.0
[DIAG] _physics_process: ENTER, state=3
[DIAG] _physics_process: camera target set to character (state: 3)
[GLIDE],18.9166666666669,0.23143876764806,0.0,0.11571938382403,-0.23143876764806,10.0835024801137,14.6319009430686,-119.080309852454,3.91108643908452,2.57818451143053,562.983215332031,301.806884765625,58.8
[VERBATIM] DIAGNOSIS turning block executed
[DIAG] _turn_input = 0.0
[ARMTEL],43.9499999999988,L,false,0.01666666666667,0.0,1.85151014118445,-1.85508198973236,0.00357184854791,-0.52996389482868,0.22260603606758,21.1475761125624,-2.0,20.0000085715136,0.0
[DIAG] _physics_process: ENTER, state=3
[DIAG] _physics_process: camera target set to character (state: 3)
[GLIDE],18.9333333333335,0.22260603606758,0.0,0.11130301803379,-0.22260603606758,10.1184800971724,14.0961546326419,-118.84537394191,3.92199438353423,2.57993232719888,562.835510253906,301.725524902344,58.8
[VERBATIM] DIAGNOSIS turning block executed
[DIAG] _turn_input = 0.0
[DIAG] _poll_controls: ENTER, state=3
[VERBATIM] POLL: _poll_controls() entered, game_state=3
[VERBATIM] POLL: checking deploy state=3 canopy=true
[STEER_TELEM] canopy=true has_pc=false turn=0.0 state=3
[STEER_TELEM] /root/Main children: WorldEnvironment DirectionalLight3D AnimationPlayer HUD @MeshInstance3D@165 @MeshInstance3D@166 @MeshInstance3D@167 @MeshInstance3D@168 @Node3D@169 FlyingPlane @Camera3D@173 @MeshInstance3D@174 @MeshInstance3D@175 @MeshInstance3D@176 @MeshInstance3D@177 @MeshInstance3D@178 @MeshInstance3D@179 @MeshInstance3D@180 @MeshInstance3D@181 @MeshInstance3D@182 @MeshInstance3D@183 @MeshInstance3D@184 @MeshInstance3D@185 @MeshInstance3D@186 @MeshInstance3D@187 @MeshInstance3D@188 @MeshInstance3D@189 @MeshInstance3D@190 @MeshInstance3D@191 @MeshInstance3D@192 @MeshInstance3D@193 @MeshInstance3D@194 @MeshInstance3D@195 @MeshInstance3D@196 @MeshInstance3D@197 @MeshInstance3D@198 @MeshInstance3D@199 @MeshInstance3D@200 @MeshInstance3D@201 @MeshInstance3D@202 @MeshInstance3D@203 @MeshInstance3D@204 @MeshInstance3D@205 @MeshInstance3D@206 @MeshInstance3D@207 @MeshInstance3D@208 @MeshInstance3D@209 @MeshInstance3D@210 @MeshInstance3D@211 @MeshInstance3D@212 @MeshInstance3D@213 @MeshInstance3D@214 @MeshInstance3D@215 @CanvasLayer@217 @HTTPRequest@231 PiPLayer @HTTPRequest@240 OpeningAnimTimer 
[VERBATIM] ENTER _deploy_canopy gate=none
[VERBATIM] EXIT _deploy_canopy early=already_deployed_or_no_canopy
[ARMTEL],43.9666666666655,L,false,0.01666666666667,0.0,1.78084828854062,-1.85487363190039,0.07402534335977,-0.52873013910602,0.21379386708248,20.3104199526432,-2.0,20.0000085715136,0.0
[DIAG] _physics_process: ENTER, state=3
[DIAG] _physics_process: camera target set to character (state: 3)
[GLIDE],18.9500000000002,0.21379386708248,0.0,0.10689693354124,-0.21379386708248,10.1533762863534,13.5598626208781,-118.619376231562,3.93298626489862,2.58159464653383,562.686950683594,301.644470214844,58.8
[VERBATIM] DIAGNOSIS turning block executed
[DIAG] _turn_input = 0.0
[ARMTEL],43.9833333333321,L,false,0.01666666666667,0.0,1.71035093665982,-1.85055548687107,0.14020455021125,-0.5263933966025,0.20502064380577,19.4769636354911,-2.0,20.0000085715136,0.0
[DIAG] _physics_process: ENTER, state=3
[DIAG] _physics_process: camera target set to character (state: 3)
[GLIDE],18.9666666666669,0.20502064380577,0.0,0.10251032190288,-0.20502064380577,10.1881182505292,13.0241617969274,-118.40230686828,3.94403712793828,2.58316996520135,562.53759765625,301.563690185547,58.8
[VERBATIM] DIAGNOSIS turning block executed
[DIAG] _turn_input = 0.0
[DIAG] _poll_controls: ENTER, state=3
[VERBATIM] POLL: _poll_controls() entered, game_state=3
[VERBATIM] POLL: checking deploy state=3 canopy=true
[STEER_TELEM] canopy=true has_pc=false turn=0.0 state=3
[STEER_TELEM] /root/Main children: WorldEnvironment DirectionalLight3D AnimationPlayer HUD @MeshInstance3D@165 @MeshInstance3D@166 @MeshInstance3D@167 @MeshInstance3D@168 @Node3D@169 FlyingPlane @Camera3D@173 @MeshInstance3D@174 @MeshInstance3D@175 @MeshInstance3D@176 @MeshInstance3D@177 @MeshInstance3D@178 @MeshInstance3D@179 @MeshInstance3D@180 @MeshInstance3D@181 @MeshInstance3D@182 @MeshInstance3D@183 @MeshInstance3D@184 @MeshInstance3D@185 @MeshInstance3D@186 @MeshInstance3D@187 @MeshInstance3D@188 @MeshInstance3D@189 @MeshInstance3D@190 @MeshInstance3D@191 @MeshInstance3D@192 @MeshInstance3D@193 @MeshInstance3D@194 @MeshInstance3D@195 @MeshInstance3D@196 @MeshInstance3D@197 @MeshInstance3D@198 @MeshInstance3D@199 @MeshInstance3D@200 @MeshInstance3D@201 @MeshInstance3D@202 @MeshInstance3D@203 @MeshInstance3D@204 @MeshInstance3D@205 @MeshInstance3D@206 @MeshInstance3D@207 @MeshInstance3D@208 @MeshInstance3D@209 @MeshInstance3D@210 @MeshInstance3D@211 @MeshInstance3D@212 @MeshInstance3D@213 @MeshInstance3D@214 @MeshInstance3D@215 @CanvasLayer@217 @HTTPRequest@231 PiPLayer @HTTPRequest@240 OpeningAnimTimer 
[VERBATIM] ENTER _deploy_canopy gate=none
[VERBATIM] EXIT _deploy_canopy early=already_deployed_or_no_canopy
[ARMTEL],43.9999999999988,L,false,0.01666666666667,0.0,1.64016515044615,-1.84237688810875,0.2022117376626,-0.52302320097479,0.19630359045619,18.6488434620941,-2.0,20.0000085715136,0.0
[DIAG] _physics_process: ENTER, state=3
[DIAG] _physics_process: camera target set to character (state: 3)
[GLIDE],18.9833333333335,0.19630359045619,0.0,0.09815179522809,-0.19630359045619,10.2226377817935,12.4901327343132,-118.194137989375,3.95512263531306,2.58465760088482,562.387451171875,301.483184814453,58.8
[VERBATIM] DIAGNOSIS turning block executed
[DIAG] _turn_input = 0.0
[ARMTEL],44.0166666666655,L,false,0.01666666666667,0.0,1.57042872364951,-1.83058120341177,0.26015247976225,-0.51868732631209,0.18765880168432,17.8275884244517,-2.0,20.0000085715136,0.0
[DIAG] _physics_process: ENTER, state=3
[DIAG] _physics_process: camera target set to character (state: 3)
[GLIDE],19.0000000000002,0.18765880168432,0.0,0.09382940084216,-0.18765880168432,10.2568711453301,11.9588001373518,-117.994824653752,3.96621912864818,2.58605760615803,562.236511230469,301.402954101562,58.8
[VERBATIM] DIAGNOSIS turning block executed
[DIAG] _turn_input = 0.0
[DIAG] _poll_controls: ENTER, state=3
[VERBATIM] POLL: _poll_controls() entered, game_state=3
[VERBATIM] POLL: checking deploy state=3 canopy=true
[STEER_TELEM] canopy=true has_pc=false turn=0.0 state=3
[STEER_TELEM] /root/Main children: WorldEnvironment DirectionalLight3D AnimationPlayer HUD @MeshInstance3D@165 @MeshInstance3D@166 @MeshInstance3D@167 @MeshInstance3D@168 @Node3D@169 FlyingPlane @Camera3D@173 @MeshInstance3D@174 @MeshInstance3D@175 @MeshInstance3D@176 @MeshInstance3D@177 @MeshInstance3D@178 @MeshInstance3D@179 @MeshInstance3D@180 @MeshInstance3D@181 @MeshInstance3D@182 @MeshInstance3D@183 @MeshInstance3D@184 @MeshInstance3D@185 @MeshInstance3D@186 @MeshInstance3D@187 @MeshInstance3D@188 @MeshInstance3D@189 @MeshInstance3D@190 @MeshInstance3D@191 @MeshInstance3D@192 @MeshInstance3D@193 @MeshInstance3D@194 @MeshInstance3D@195 @MeshInstance3D@196 @MeshInstance3D@197 @MeshInstance3D@198 @MeshInstance3D@199 @MeshInstance3D@200 @MeshInstance3D@201 @MeshInstance3D@202 @MeshInstance3D@203 @MeshInstance3D@204 @MeshInstance3D@205 @MeshInstance3D@206 @MeshInstance3D@207 @MeshInstance3D@208 @MeshInstance3D@209 @MeshInstance3D@210 @MeshInstance3D@211 @MeshInstance3D@212 @MeshInstance3D@213 @MeshInstance3D@214 @MeshInstance3D@215 @CanvasLayer@217 @HTTPRequest@231 PiPLayer @HTTPRequest@240 OpeningAnimTimer 
[VERBATIM] ENTER _deploy_canopy gate=none
[VERBATIM] EXIT _deploy_canopy early=already_deployed_or_no_canopy
[VERBATIM] Wind updated: 12.5 kts @ 240.0°
[ARMTEL],44.0333333333321,L,false,0.01666666666667,0.0,1.50127041347457,-1.8154056420923,0.31413522861773,-0.51345173916846,0.17910127269818,17.0146230675063,-2.0,20.0000085715136,0.0
[DIAG] _physics_process: ENTER, state=3
[DIAG] _physics_process: camera target set to character (state: 3)
[GLIDE],19.0166666666669,0.17910127269818,0.0,0.08955063634909,-0.17910127269818,10.2907589601152,11.431133330067,-117.804305764918,3.97730368631948,2.58737068419286,562.084777832031,301.322937011719,58.8
[VERBATIM] DIAGNOSIS turning block executed
[DIAG] _turn_input = 0.0
[ARMTEL],44.0499999999988,L,false,0.01666666666667,0.0,1.43281018158544,-1.7970810870896,0.36427090550416,-0.50738055741005,0.17064493007468,16.2112704162328,-2.0,20.0000085715136,0.0
[DIAG] _physics_process: ENTER, state=3
[DIAG] _physics_process: camera target set to character (state: 3)
[GLIDE],19.0333333333335,0.17064493007468,0.0,0.08532246503734,-0.17064493007468,10.3242460769043,10.9080467952451,-117.622504984997,3.98835417722633,2.58859810792536,561.932312011719,301.2431640625,58.8
[VERBATIM] DIAGNOSIS turning block executed
[DIAG] _turn_input = 0.0
[DIAG] _poll_controls: ENTER, state=3
[VERBATIM] POLL: _poll_controls() entered, game_state=3
[VERBATIM] POLL: checking deploy state=3 canopy=true
[STEER_TELEM] canopy=true has_pc=false turn=0.0 state=3
[STEER_TELEM] /root/Main children: WorldEnvironment DirectionalLight3D AnimationPlayer HUD @MeshInstance3D@165 @MeshInstance3D@166 @MeshInstance3D@167 @MeshInstance3D@168 @Node3D@169 FlyingPlane @Camera3D@173 @MeshInstance3D@174 @MeshInstance3D@175 @MeshInstance3D@176 @MeshInstance3D@177 @MeshInstance3D@178 @MeshInstance3D@179 @MeshInstance3D@180 @MeshInstance3D@181 @MeshInstance3D@182 @MeshInstance3D@183 @MeshInstance3D@184 @MeshInstance3D@185 @MeshInstance3D@186 @MeshInstance3D@187 @MeshInstance3D@188 @MeshInstance3D@189 @MeshInstance3D@190 @MeshInstance3D@191 @MeshInstance3D@192 @MeshInstance3D@193 @MeshInstance3D@194 @MeshInstance3D@195 @MeshInstance3D@196 @MeshInstance3D@197 @MeshInstance3D@198 @MeshInstance3D@199 @MeshInstance3D@200 @MeshInstance3D@201 @MeshInstance3D@202 @MeshInstance3D@203 @MeshInstance3D@204 @MeshInstance3D@205 @MeshInstance3D@206 @MeshInstance3D@207 @MeshInstance3D@208 @MeshInstance3D@209 @MeshInstance3D@210 @MeshInstance3D@211 @MeshInstance3D@212 @MeshInstance3D@213 @MeshInstance3D@214 @MeshInstance3D@215 @CanvasLayer@217 @HTTPRequest@231 PiPLayer @HTTPRequest@240 OpeningAnimTimer 
[VERBATIM] ENTER _deploy_canopy gate=none
[VERBATIM] EXIT _deploy_canopy early=already_deployed_or_no_canopy
[ARMTEL],44.0666666666654,L,false,0.01666666666667,0.0,1.36515944059743,-1.77583195093519,0.41067251033776,-0.50053601557109,0.16230266314849,15.4187549575807,-2.0,20.0000085715136,0.0
[DIAG] _physics_process: ENTER, state=3
[DIAG] _physics_process: camera target set to character (state: 3)
[GLIDE],19.0500000000002,0.16230266314849,0.0,0.08115133157425,-0.16230266314849,10.357281453932,10.3904007697946,-117.449331638834,3.99934930998109,2.58974164324269,561.779113769531,301.163604736328,58.8
[VERBATIM] DIAGNOSIS turning block executed
[DIAG] _turn_input = 0.0
[ARMTEL],44.0833333333321,L,false,0.01666666666667,0.0,1.29842130518796,-1.75187605449882,0.45345474931087,-0.49297843641591,0.1540863558749,14.6382056674443,-2.0,20.0000085715136,0.0
[DIAG] _physics_process: ENTER, state=3
[DIAG] _physics_process: camera target set to character (state: 3)
[GLIDE],19.0666666666669,0.1540863558749,0.0,0.07704317793745,-0.1540863558749,10.3898180307354,9.87900190118374,-117.284681607148,4.0102686770893,2.59080347660807,561.625244140625,301.084228515625,58.8
[VERBATIM] DIAGNOSIS turning block executed
[DIAG] _turn_input = 0.0
[DIAG] _poll_controls: ENTER, state=3
[VERBATIM] POLL: _poll_controls() entered, game_state=3
[VERBATIM] POLL: checking deploy state=3 canopy=true
[STEER_TELEM] canopy=true has_pc=false turn=0.0 state=3
[STEER_TELEM] /root/Main children: WorldEnvironment DirectionalLight3D AnimationPlayer HUD @MeshInstance3D@165 @MeshInstance3D@166 @MeshInstance3D@167 @MeshInstance3D@168 @Node3D@169 FlyingPlane @Camera3D@173 @MeshInstance3D@174 @MeshInstance3D@175 @MeshInstance3D@176 @MeshInstance3D@177 @MeshInstance3D@178 @MeshInstance3D@179 @MeshInstance3D@180 @MeshInstance3D@181 @MeshInstance3D@182 @MeshInstance3D@183 @MeshInstance3D@184 @MeshInstance3D@185 @MeshInstance3D@186 @MeshInstance3D@187 @MeshInstance3D@188 @MeshInstance3D@189 @MeshInstance3D@190 @MeshInstance3D@191 @MeshInstance3D@192 @MeshInstance3D@193 @MeshInstance3D@194 @MeshInstance3D@195 @MeshInstance3D@196 @MeshInstance3D@197 @MeshInstance3D@198 @MeshInstance3D@199 @MeshInstance3D@200 @MeshInstance3D@201 @MeshInstance3D@202 @MeshInstance3D@203 @MeshInstance3D@204 @MeshInstance3D@205 @MeshInstance3D@206 @MeshInstance3D@207 @MeshInstance3D@208 @MeshInstance3D@209 @MeshInstance3D@210 @MeshInstance3D@211 @MeshInstance3D@212 @MeshInstance3D@213 @MeshInstance3D@214 @MeshInstance3D@215 @CanvasLayer@217 @HTTPRequest@231 PiPLayer @HTTPRequest@240 OpeningAnimTimer 
[VERBATIM] ENTER _deploy_canopy gate=none
[VERBATIM] EXIT _deploy_canopy early=already_deployed_or_no_canopy
[ARMTEL],44.0999999999988,L,false,0.01666666666667,0.0,1.23269084699917,-1.72542452745569,0.49273368045652,-0.4847662084083,0.14600691906809,13.8706590733049,-2.0,20.0000085715136,0.0
[DIAG] _physics_process: ENTER, state=3
[DIAG] _physics_process: camera target set to character (state: 3)
[GLIDE],19.0833333333335,0.14600691906809,0.0,0.07300345953405,-0.14600691906809,10.4218126004904,9.37460396843021,-117.128438207674,4.02109279382352,2.59178614741208,561.470642089844,301.005035400391,58.8
[VERBATIM] DIAGNOSIS turning block executed
[DIAG] _turn_input = 0.0
[ARMTEL],44.1166666666654,L,false,0.01666666666667,0.0,1.16805535254473,-1.69668172942906,0.52862637688433,-0.47595576879356,0.13807432292153,13.1170623436607,-2.0,20.0000085715136,0.0
[DIAG] _physics_process: ENTER, state=3
[DIAG] _physics_process: camera target set to character (state: 3)
[GLIDE],19.1000000000002,0.13807432292153,0.0,0.06903716146077,-0.13807432292153,10.4532256812307,8.87790866991691,-116.980473063175,4.03180313160825,2.59269248522584,561.315368652344,300.925994873047,58.8
[VERBATIM] DIAGNOSIS turning block executed
[DIAG] _turn_input = 0.0
[DIAG] _poll_controls: ENTER, state=3
[VERBATIM] POLL: _poll_controls() entered, game_state=3
[VERBATIM] POLL: checking deploy state=3 canopy=true
[STEER_TELEM] canopy=true has_pc=false turn=0.0 state=3
[STEER_TELEM] /root/Main children: WorldEnvironment DirectionalLight3D AnimationPlayer HUD @MeshInstance3D@165 @MeshInstance3D@166 @MeshInstance3D@167 @MeshInstance3D@168 @Node3D@169 FlyingPlane @Camera3D@173 @MeshInstance3D@174 @MeshInstance3D@175 @MeshInstance3D@176 @MeshInstance3D@177 @MeshInstance3D@178 @MeshInstance3D@179 @MeshInstance3D@180 @MeshInstance3D@181 @MeshInstance3D@182 @MeshInstance3D@183 @MeshInstance3D@184 @MeshInstance3D@185 @MeshInstance3D@186 @MeshInstance3D@187 @MeshInstance3D@188 @MeshInstance3D@189 @MeshInstance3D@190 @MeshInstance3D@191 @MeshInstance3D@192 @MeshInstance3D@193 @MeshInstance3D@194 @MeshInstance3D@195 @MeshInstance3D@196 @MeshInstance3D@197 @MeshInstance3D@198 @MeshInstance3D@199 @MeshInstance3D@200 @MeshInstance3D@201 @MeshInstance3D@202 @MeshInstance3D@203 @MeshInstance3D@204 @MeshInstance3D@205 @MeshInstance3D@206 @MeshInstance3D@207 @MeshInstance3D@208 @MeshInstance3D@209 @MeshInstance3D@210 @MeshInstance3D@211 @MeshInstance3D@212 @MeshInstance3D@213 @MeshInstance3D@214 @MeshInstance3D@215 @CanvasLayer@217 @HTTPRequest@231 PiPLayer @HTTPRequest@240 OpeningAnimTimer 
[VERBATIM] ENTER _deploy_canopy gate=none
[VERBATIM] EXIT _deploy_canopy early=already_deployed_or_no_canopy
[ARMTEL],44.1333333333321,L,false,0.01666666666667,0.0,1.10459458337225,-1.66584519077747,0.56125060740522,-0.46660159200348,0.13029762972147,12.3782763958154,-2.0,20.0000085715136,0.0
[DIAG] _physics_process: ENTER, state=3
[DIAG] _physics_process: camera target set to character (state: 3)
[GLIDE],19.1166666666669,0.13029762972147,0.0,0.06514881486074,-0.13029762972147,10.484021386303,8.38956647920634,-116.840646955188,4.04238214583266,2.59352555203398,561.159484863281,300.847106933594,58.8
[VERBATIM] DIAGNOSIS turning block executed
[DIAG] _turn_input = 0.0
[ARMTEL],44.1499999999988,L,false,0.01666666666667,0.0,1.04238103777179,-1.63310557201217,0.59072453424038,-0.45675618309947,0.12268502666982,11.6550790140482,-2.0,20.0000085715136,0.0
[DIAG] _physics_process: ENTER, state=3
[DIAG] _physics_process: camera target set to character (state: 3)
[GLIDE],19.1333333333335,0.12268502666982,0.0,0.06134251333491,-0.12268502666982,10.5141672943875,7.91017756901898,-116.708810662371,4.05281329809403,2.59428858944284,561.0029296875,300.768341064453,58.8
[VERBATIM] DIAGNOSIS turning block executed
[DIAG] _turn_input = 0.0
[DIAG] _poll_controls: ENTER, state=3
[VERBATIM] POLL: _poll_controls() entered, game_state=3
[VERBATIM] POLL: checking deploy state=3 canopy=true
[STEER_TELEM] canopy=true has_pc=false turn=0.0 state=3
[STEER_TELEM] /root/Main children: WorldEnvironment DirectionalLight3D AnimationPlayer HUD @MeshInstance3D@165 @MeshInstance3D@166 @MeshInstance3D@167 @MeshInstance3D@168 @Node3D@169 FlyingPlane @Camera3D@173 @MeshInstance3D@174 @MeshInstance3D@175 @MeshInstance3D@176 @MeshInstance3D@177 @MeshInstance3D@178 @MeshInstance3D@179 @MeshInstance3D@180 @MeshInstance3D@181 @MeshInstance3D@182 @MeshInstance3D@183 @MeshInstance3D@184 @MeshInstance3D@185 @MeshInstance3D@186 @MeshInstance3D@187 @MeshInstance3D@188 @MeshInstance3D@189 @MeshInstance3D@190 @MeshInstance3D@191 @MeshInstance3D@192 @MeshInstance3D@193 @MeshInstance3D@194 @MeshInstance3D@195 @MeshInstance3D@196 @MeshInstance3D@197 @MeshInstance3D@198 @MeshInstance3D@199 @MeshInstance3D@200 @MeshInstance3D@201 @MeshInstance3D@202 @MeshInstance3D@203 @MeshInstance3D@204 @MeshInstance3D@205 @MeshInstance3D@206 @MeshInstance3D@207 @MeshInstance3D@208 @MeshInstance3D@209 @MeshInstance3D@210 @MeshInstance3D@211 @MeshInstance3D@212 @MeshInstance3D@213 @MeshInstance3D@214 @MeshInstance3D@215 @CanvasLayer@217 @HTTPRequest@231 PiPLayer @HTTPRequest@240 OpeningAnimTimer 
[VERBATIM] ENTER _deploy_canopy gate=none
[VERBATIM] EXIT _deploy_canopy early=already_deployed_or_no_canopy
[ARMTEL],44.1666666666654,L,false,0.01666666666667,0.0,0.98148021335853,-1.59864664084815,0.61716642748962,-0.44647007597464,0.11524385873691,10.9481679706306,-2.0,20.0000085715136,0.0
[DIAG] _physics_process: ENTER, state=3
[DIAG] _physics_process: camera target set to character (state: 3)
[GLIDE],19.1500000000002,0.11524385873691,0.0,0.05762192936845,-0.11524385873691,10.5436343194019,7.44029280263433,-116.584805782327,4.06308107294802,2.5949849707901,560.845764160156,300.689697265625,58.8
[VERBATIM] DIAGNOSIS turning block executed
[DIAG] _turn_input = 0.0
[ARMTEL],44.1833333333321,L,false,0.01666666666667,0.0,0.92195086989524,-1.56264526591125,0.64069439601601,-0.43579183604104,0.10798066146955,10.2581641425887,-2.0,20.0000085715136,0.0
[DIAG] _physics_process: ENTER, state=3
[DIAG] _physics_process: camera target set to character (state: 3)
[GLIDE],19.1666666666669,0.10798066146955,0.0,0.05399033073478,-0.10798066146955,10.5723965805806,6.98041479115933,-116.468465535808,4.07317098930302,2.59561815802622,560.688049316406,300.611175537109,58.8
[VERBATIM] DIAGNOSIS turning block executed
[DIAG] _turn_input = 0.0
[DIAG] _poll_controls: ENTER, state=3
[VERBATIM] POLL: _poll_controls() entered, game_state=3
[VERBATIM] POLL: checking deploy state=3 canopy=true
[STEER_TELEM] canopy=true has_pc=false turn=0.0 state=3
[STEER_TELEM] /root/Main children: WorldEnvironment DirectionalLight3D AnimationPlayer HUD @MeshInstance3D@165 @MeshInstance3D@166 @MeshInstance3D@167 @MeshInstance3D@168 @Node3D@169 FlyingPlane @Camera3D@173 @MeshInstance3D@174 @MeshInstance3D@175 @MeshInstance3D@176 @MeshInstance3D@177 @MeshInstance3D@178 @MeshInstance3D@179 @MeshInstance3D@180 @MeshInstance3D@181 @MeshInstance3D@182 @MeshInstance3D@183 @MeshInstance3D@184 @MeshInstance3D@185 @MeshInstance3D@186 @MeshInstance3D@187 @MeshInstance3D@188 @MeshInstance3D@189 @MeshInstance3D@190 @MeshInstance3D@191 @MeshInstance3D@192 @MeshInstance3D@193 @MeshInstance3D@194 @MeshInstance3D@195 @MeshInstance3D@196 @MeshInstance3D@197 @MeshInstance3D@198 @MeshInstance3D@199 @MeshInstance3D@200 @MeshInstance3D@201 @MeshInstance3D@202 @MeshInstance3D@203 @MeshInstance3D@204 @MeshInstance3D@205 @MeshInstance3D@206 @MeshInstance3D@207 @MeshInstance3D@208 @MeshInstance3D@209 @MeshInstance3D@210 @MeshInstance3D@211 @MeshInstance3D@212 @MeshInstance3D@213 @MeshInstance3D@214 @MeshInstance3D@215 @CanvasLayer@217 @HTTPRequest@231 PiPLayer @HTTPRequest@240 OpeningAnimTimer 
[VERBATIM] ENTER _deploy_canopy gate=none
[VERBATIM] EXIT _deploy_canopy early=already_deployed_or_no_canopy
[ARMTEL],44.1999999999988,L,false,0.01666666666667,0.0,0.86384529175643,-1.52527142614365,0.66142613438722,-0.42476806713459,0.10090119368398,9.5856146175324,-2.0,20.0000085715136,0.0
[DIAG] _physics_process: ENTER, state=3
[DIAG] _physics_process: camera target set to character (state: 3)
[GLIDE],19.1833333333335,0.10090119368398,0.0,0.05045059684199,-0.10090119368398,10.6004312730114,6.53099901438917,-116.359615552235,4.08306960664681,2.59619166319258,560.529724121094,300.532745361328,58.8
[VERBATIM] DIAGNOSIS turning block executed
[DIAG] _turn_input = 0.0
[ARMTEL],44.2166666666654,L,false,0.01666666666667,0.0,0.80720954947182,-1.48668823497106,0.67947868549924,-0.41344342237627,0.09401046997771,8.93099578228766,-2.0,20.0000085715136,0.0
[DIAG] _physics_process: ENTER, state=3
[DIAG] _physics_process: camera target set to character (state: 3)
[GLIDE],19.2000000000002,0.09401046997771,0.0,0.04700523498885,-0.09401046997771,10.6277185388883,6.09245500235508,-116.258074635529,4.09276452633446,2.59670901428737,560.370849609375,300.454376220703,58.8
[VERBATIM] DIAGNOSIS turning block executed
[DIAG] _turn_input = 0.0
[DIAG] _poll_controls: ENTER, state=3
[VERBATIM] POLL: _poll_controls() entered, game_state=3
[VERBATIM] POLL: checking deploy state=3 canopy=true
[STEER_TELEM] canopy=true has_pc=false turn=0.0 state=3
[STEER_TELEM] /root/Main children: WorldEnvironment DirectionalLight3D AnimationPlayer HUD @MeshInstance3D@165 @MeshInstance3D@166 @MeshInstance3D@167 @MeshInstance3D@168 @Node3D@169 FlyingPlane @Camera3D@173 @MeshInstance3D@174 @MeshInstance3D@175 @MeshInstance3D@176 @MeshInstance3D@177 @MeshInstance3D@178 @MeshInstance3D@179 @MeshInstance3D@180 @MeshInstance3D@181 @MeshInstance3D@182 @MeshInstance3D@183 @MeshInstance3D@184 @MeshInstance3D@185 @MeshInstance3D@186 @MeshInstance3D@187 @MeshInstance3D@188 @MeshInstance3D@189 @MeshInstance3D@190 @MeshInstance3D@191 @MeshInstance3D@192 @MeshInstance3D@193 @MeshInstance3D@194 @MeshInstance3D@195 @MeshInstance3D@196 @MeshInstance3D@197 @MeshInstance3D@198 @MeshInstance3D@199 @MeshInstance3D@200 @MeshInstance3D@201 @MeshInstance3D@202 @MeshInstance3D@203 @MeshInstance3D@204 @MeshInstance3D@205 @MeshInstance3D@206 @MeshInstance3D@207 @MeshInstance3D@208 @MeshInstance3D@209 @MeshInstance3D@210 @MeshInstance3D@211 @MeshInstance3D@212 @MeshInstance3D@213 @MeshInstance3D@214 @MeshInstance3D@215 @CanvasLayer@217 @HTTPRequest@231 PiPLayer @HTTPRequest@240 OpeningAnimTimer 
[VERBATIM] ENTER _deploy_canopy gate=none
[VERBATIM] EXIT _deploy_canopy early=already_deployed_or_no_canopy
[ARMTEL],44.2333333333321,L,false,0.01666666666667,0.0,0.75208375982165,-1.44705197831694,0.69496821849529,-0.40186061873468,0.0873127929988,8.29471638847155,-2.0,20.0000085715136,0.0
[DIAG] _physics_process: ENTER, state=3
[DIAG] _physics_process: camera target set to character (state: 3)
[GLIDE],19.2166666666669,0.0873127929988,0.0,0.0436563964994,-0.0873127929988,10.6542413397248,5.66514757410994,-116.163655509294,4.10224438819841,2.59717372528452,560.211486816406,300.376068115234,58.8
[VERBATIM] DIAGNOSIS turning block executed
[DIAG] _turn_input = 0.0
[ARMTEL],44.2499999999988,L,false,0.01666666666667,0.0,0.69850234399036,-1.40651216557138,0.70800982158102,-0.39006045504166,0.08081178541477,7.67712058954256,-2.0,20.0000085715136,0.0
[DIAG] _physics_process: ENTER, state=3
[DIAG] _physics_process: camera target set to character (state: 3)
[GLIDE],19.2333333333335,0.08081178541477,0.0,0.04040589270738,-0.08081178541477,10.6799853297575,5.24939812984172,-116.076165540463,4.11149886276602,2.59758927005334,560.051635742188,300.297821044922,58.8
[VERBATIM] DIAGNOSIS turning block executed
[DIAG] _turn_input = 0.0
[DIAG] _poll_controls: ENTER, state=3
[VERBATIM] POLL: _poll_controls() entered, game_state=3
[VERBATIM] POLL: checking deploy state=3 canopy=true
[STEER_TELEM] canopy=true has_pc=false turn=0.0 state=3
[STEER_TELEM] /root/Main children: WorldEnvironment DirectionalLight3D AnimationPlayer HUD @MeshInstance3D@165 @MeshInstance3D@166 @MeshInstance3D@167 @MeshInstance3D@168 @Node3D@169 FlyingPlane @Camera3D@173 @MeshInstance3D@174 @MeshInstance3D@175 @MeshInstance3D@176 @MeshInstance3D@177 @MeshInstance3D@178 @MeshInstance3D@179 @MeshInstance3D@180 @MeshInstance3D@181 @MeshInstance3D@182 @MeshInstance3D@183 @MeshInstance3D@184 @MeshInstance3D@185 @MeshInstance3D@186 @MeshInstance3D@187 @MeshInstance3D@188 @MeshInstance3D@189 @MeshInstance3D@190 @MeshInstance3D@191 @MeshInstance3D@192 @MeshInstance3D@193 @MeshInstance3D@194 @MeshInstance3D@195 @MeshInstance3D@196 @MeshInstance3D@197 @MeshInstance3D@198 @MeshInstance3D@199 @MeshInstance3D@200 @MeshInstance3D@201 @MeshInstance3D@202 @MeshInstance3D@203 @MeshInstance3D@204 @MeshInstance3D@205 @MeshInstance3D@206 @MeshInstance3D@207 @MeshInstance3D@208 @MeshInstance3D@209 @MeshInstance3D@210 @MeshInstance3D@211 @MeshInstance3D@212 @MeshInstance3D@213 @MeshInstance3D@214 @MeshInstance3D@215 @CanvasLayer@217 @HTTPRequest@231 PiPLayer @HTTPRequest@240 OpeningAnimTimer 
[VERBATIM] ENTER _deploy_canopy gate=none
[VERBATIM] EXIT _deploy_canopy early=already_deployed_or_no_canopy
[ARMTEL],44.2666666666654,L,false,0.01666666666667,0.0,0.64649428331814,-1.36521159264582,0.71871730932768,-0.37808183321954,0.07451042152778,7.078490944241,-2.0,20.0000085715136,0.0
[DIAG] _physics_process: ENTER, state=3
[DIAG] _physics_process: camera target set to character (state: 3)
[GLIDE],19.2500000000002,0.07451042152778,0.0,0.03725521076389,-0.07451042152778,10.70493873075,4.84548599202197,-115.995407440596,4.12051863938734,2.59795905991622,559.891296386719,300.219635009766,58.8
[VERBATIM] DIAGNOSIS turning block executed
[DIAG] _turn_input = 0.0
[ARMTEL],44.2833333333321,L,false,0.01666666666667,0.0,0.5960833722222,-1.32328641626837,0.72720304404617,-0.36596178248543,0.06841105848635,6.49905138170594,-2.0,20.0000085715136,0.0
[DIAG] _physics_process: ENTER, state=3
[DIAG] _physics_process: camera target set to character (state: 3)
[GLIDE],19.2666666666669,0.06841105848635,0.0,0.03420552924318,-0.06841105848635,10.729092208394,4.45364979098844,-115.92117994408,4.12929541058705,2.59828642457642,559.73046875,300.141479492188,58.8
[VERBATIM] DIAGNOSIS turning block executed
[DIAG] _turn_input = 0.0
[DIAG] _poll_controls: ENTER, state=3
[VERBATIM] POLL: _poll_controls() entered, game_state=3
[VERBATIM] POLL: checking deploy state=3 canopy=true
[STEER_TELEM] canopy=true has_pc=false turn=0.0 state=3
[STEER_TELEM] /root/Main children: WorldEnvironment DirectionalLight3D AnimationPlayer HUD @MeshInstance3D@165 @MeshInstance3D@166 @MeshInstance3D@167 @MeshInstance3D@168 @Node3D@169 FlyingPlane @Camera3D@173 @MeshInstance3D@174 @MeshInstance3D@175 @MeshInstance3D@176 @MeshInstance3D@177 @MeshInstance3D@178 @MeshInstance3D@179 @MeshInstance3D@180 @MeshInstance3D@181 @MeshInstance3D@182 @MeshInstance3D@183 @MeshInstance3D@184 @MeshInstance3D@185 @MeshInstance3D@186 @MeshInstance3D@187 @MeshInstance3D@188 @MeshInstance3D@189 @MeshInstance3D@190 @MeshInstance3D@191 @MeshInstance3D@192 @MeshInstance3D@193 @MeshInstance3D@194 @MeshInstance3D@195 @MeshInstance3D@196 @MeshInstance3D@197 @MeshInstance3D@198 @MeshInstance3D@199 @MeshInstance3D@200 @MeshInstance3D@201 @MeshInstance3D@202 @MeshInstance3D@203 @MeshInstance3D@204 @MeshInstance3D@205 @MeshInstance3D@206 @MeshInstance3D@207 @MeshInstance3D@208 @MeshInstance3D@209 @MeshInstance3D@210 @MeshInstance3D@211 @MeshInstance3D@212 @MeshInstance3D@213 @MeshInstance3D@214 @MeshInstance3D@215 @CanvasLayer@217 @HTTPRequest@231 PiPLayer @HTTPRequest@240 OpeningAnimTimer 
[VERBATIM] ENTER _deploy_canopy gate=none
[VERBATIM] EXIT _deploy_canopy early=already_deployed_or_no_canopy
[ARMTEL],44.2999999999988,L,false,0.01666666666667,0.0,0.54728846789081,-1.28086623869901,0.7335777708082,-0.3537354863053,0.06251546704793,5.93897012391497,-2.0,20.0000085715136,0.0
[DIAG] _physics_process: ENTER, state=3
[DIAG] _physics_process: camera target set to character (state: 3)
[GLIDE],19.2833333333335,0.06251546704793,0.0,0.03125773352396,-0.06251546704793,10.7524387504902,4.07408889012197,-115.853278462578,4.13782185296073,2.5985745961481,559.569213867188,300.063323974609,58.8
[VERBATIM] DIAGNOSIS turning block executed
[DIAG] _turn_input = 0.0
[ARMTEL],44.3166666666654,L,false,0.01666666666667,0.0,0.50012373638344,-1.23807420206854,0.7379504656851,-0.34143631187721,0.05682486184998,5.39836256144199,-2.0,20.0000085715136,0.0
[DIAG] _physics_process: ENTER, state=3
[DIAG] _physics_process: camera target set to character (state: 3)
[GLIDE],19.3000000000002,0.05682486184998,0.0,0.02841243092499,-0.05682486184998,10.7749735470741,3.70696484560346,-115.791495715151,4.14609160493764,2.59882669602428,559.407531738281,299.985198974609,58.8
[VERBATIM] DIAGNOSIS turning block executed
[DIAG] _turn_input = 0.0
[DIAG] _poll_controls: ENTER, state=3
[VERBATIM] POLL: _poll_controls() entered, game_state=3
[VERBATIM] POLL: checking deploy state=3 canopy=true
[STEER_TELEM] canopy=true has_pc=false turn=0.0 state=3
[STEER_TELEM] /root/Main children: WorldEnvironment DirectionalLight3D AnimationPlayer HUD @MeshInstance3D@165 @MeshInstance3D@166 @MeshInstance3D@167 @MeshInstance3D@168 @Node3D@169 FlyingPlane @Camera3D@173 @MeshInstance3D@174 @MeshInstance3D@175 @MeshInstance3D@176 @MeshInstance3D@177 @MeshInstance3D@178 @MeshInstance3D@179 @MeshInstance3D@180 @MeshInstance3D@181 @MeshInstance3D@182 @MeshInstance3D@183 @MeshInstance3D@184 @MeshInstance3D@185 @MeshInstance3D@186 @MeshInstance3D@187 @MeshInstance3D@188 @MeshInstance3D@189 @MeshInstance3D@190 @MeshInstance3D@191 @MeshInstance3D@192 @MeshInstance3D@193 @MeshInstance3D@194 @MeshInstance3D@195 @MeshInstance3D@196 @MeshInstance3D@197 @MeshInstance3D@198 @MeshInstance3D@199 @MeshInstance3D@200 @MeshInstance3D@201 @MeshInstance3D@202 @MeshInstance3D@203 @MeshInstance3D@204 @MeshInstance3D@205 @MeshInstance3D@206 @MeshInstance3D@207 @MeshInstance3D@208 @MeshInstance3D@209 @MeshInstance3D@210 @MeshInstance3D@211 @MeshInstance3D@212 @MeshInstance3D@213 @MeshInstance3D@214 @MeshInstance3D@215 @CanvasLayer@217 @HTTPRequest@231 PiPLayer @HTTPRequest@240 OpeningAnimTimer 
[VERBATIM] ENTER _deploy_canopy gate=none
[VERBATIM] EXIT _deploy_canopy early=already_deployed_or_no_canopy
[ARMTEL],44.3333333333321,L,false,0.01666666666667,0.0,0.45459889479981,-1.19502709157024,0.74042819677043,-0.32909584193104,0.05133993115113,4.87729407886562,-2.0,20.0000085715136,0.0
[DIAG] _physics_process: ENTER, state=3
[DIAG] _physics_process: camera target set to character (state: 3)
[GLIDE],19.3166666666669,0.05133993115113,0.0,0.02566996557556,-0.05133993115113,10.7966938726415,3.35240289562287,-115.735622333557,4.15409924172958,2.59904572432561,559.245422363281,299.907073974609,58.8
[VERBATIM] DIAGNOSIS turning block executed
[DIAG] _turn_input = 0.0
[ARMTEL],44.3499999999988,L,false,0.01666666666667,0.0,0.41071944920901,-1.15183544675863,0.74111599754962,-0.31674390863854,0.04606086600715,4.3757828264865,-2.0,20.0000085715136,0.0
[DIAG] _physics_process: ENTER, state=3
[DIAG] _physics_process: camera target set to character (state: 3)
[GLIDE],19.3333333333335,0.04606086600715,0.0,0.02303043300358,-0.04606086600715,10.8175989706117,3.01049347385291,-115.685447442326,4.1618402477809,2.59923455168171,559.082946777344,299.828918457031,58.8
[VERBATIM] DIAGNOSIS turning block executed
[DIAG] _turn_input = 0.0
[DIAG] _poll_controls: ENTER, state=3
[VERBATIM] POLL: _poll_controls() entered, game_state=3
[VERBATIM] POLL: checking deploy state=3 canopy=true
[STEER_TELEM] canopy=true has_pc=false turn=0.0 state=3
[STEER_TELEM] /root/Main children: WorldEnvironment DirectionalLight3D AnimationPlayer HUD @MeshInstance3D@165 @MeshInstance3D@166 @MeshInstance3D@167 @MeshInstance3D@168 @Node3D@169 FlyingPlane @Camera3D@173 @MeshInstance3D@174 @MeshInstance3D@175 @MeshInstance3D@176 @MeshInstance3D@177 @MeshInstance3D@178 @MeshInstance3D@179 @MeshInstance3D@180 @MeshInstance3D@181 @MeshInstance3D@182 @MeshInstance3D@183 @MeshInstance3D@184 @MeshInstance3D@185 @MeshInstance3D@186 @MeshInstance3D@187 @MeshInstance3D@188 @MeshInstance3D@189 @MeshInstance3D@190 @MeshInstance3D@191 @MeshInstance3D@192 @MeshInstance3D@193 @MeshInstance3D@194 @MeshInstance3D@195 @MeshInstance3D@196 @MeshInstance3D@197 @MeshInstance3D@198 @MeshInstance3D@199 @MeshInstance3D@200 @MeshInstance3D@201 @MeshInstance3D@202 @MeshInstance3D@203 @MeshInstance3D@204 @MeshInstance3D@205 @MeshInstance3D@206 @MeshInstance3D@207 @MeshInstance3D@208 @MeshInstance3D@209 @MeshInstance3D@210 @MeshInstance3D@211 @MeshInstance3D@212 @MeshInstance3D@213 @MeshInstance3D@214 @MeshInstance3D@215 @CanvasLayer@217 @HTTPRequest@231 PiPLayer @HTTPRequest@240 OpeningAnimTimer 
[VERBATIM] ENTER _deploy_canopy gate=none
[VERBATIM] EXIT _deploy_canopy early=already_deployed_or_no_canopy
[ARMTEL],44.3666666666654,L,false,0.01666666666667,0.0,0.3684869280572,-1.1086036802349,0.7401167521777,-0.30440862943558,0.04098738884989,3.8938024353262,-2.0,20.0000085715136,0.0
[PIPLIVE] eye=(559.0829, 123.5501, 299.8289) state=3 deployed=true framing=canopy
[DIAG] _physics_process: ENTER, state=3
[DIAG] _physics_process: camera target set to character (state: 3)
[GLIDE],19.3500000000002,0.04098738884989,0.0,0.02049369442495,-0.04098738884989,10.8376899401544,2.68129374199153,-115.640759213293,4.16931098702635,2.59939591310844,558.920104980469,299.750762939453,58.8
[VERBATIM] DIAGNOSIS turning block executed
[DIAG] _turn_input = 0.0
[ARMTEL],44.3833333333321,L,false,0.01666666666667,0.0,0.32789911079912,-1.06543020302454,0.73753109222541,-0.29211644456516,0.03611878144047,3.43128467268285,-2.0,20.0000085715136,0.0
[DIAG] _physics_process: ENTER, state=3
[DIAG] _physics_process: camera target set to character (state: 3)
[GLIDE],19.3666666666668,0.03611878144047,0.0,0.01805939072024,-0.03611878144047,10.8569696254957,2.36482913621395,-115.601345394356,4.17650867125406,2.59953240375669,558.756896972656,299.672576904297,58.8
[VERBATIM] DIAGNOSIS turning block executed
[DIAG] _turn_input = 0.0
[DIAG] _poll_controls: ENTER, state=3
[VERBATIM] POLL: _poll_controls() entered, game_state=3
[VERBATIM] POLL: checking deploy state=3 canopy=true
[STEER_TELEM] canopy=true has_pc=false turn=0.0 state=3
[STEER_TELEM] /root/Main children: WorldEnvironment DirectionalLight3D AnimationPlayer HUD @MeshInstance3D@165 @MeshInstance3D@166 @MeshInstance3D@167 @MeshInstance3D@168 @Node3D@169 FlyingPlane @Camera3D@173 @MeshInstance3D@174 @MeshInstance3D@175 @MeshInstance3D@176 @MeshInstance3D@177 @MeshInstance3D@178 @MeshInstance3D@179 @MeshInstance3D@180 @MeshInstance3D@181 @MeshInstance3D@182 @MeshInstance3D@183 @MeshInstance3D@184 @MeshInstance3D@185 @MeshInstance3D@186 @MeshInstance3D@187 @MeshInstance3D@188 @MeshInstance3D@189 @MeshInstance3D@190 @MeshInstance3D@191 @MeshInstance3D@192 @MeshInstance3D@193 @MeshInstance3D@194 @MeshInstance3D@195 @MeshInstance3D@196 @MeshInstance3D@197 @MeshInstance3D@198 @MeshInstance3D@199 @MeshInstance3D@200 @MeshInstance3D@201 @MeshInstance3D@202 @MeshInstance3D@203 @MeshInstance3D@204 @MeshInstance3D@205 @MeshInstance3D@206 @MeshInstance3D@207 @MeshInstance3D@208 @MeshInstance3D@209 @MeshInstance3D@210 @MeshInstance3D@211 @MeshInstance3D@212 @MeshInstance3D@213 @MeshInstance3D@214 @MeshInstance3D@215 @CanvasLayer@217 @HTTPRequest@231 PiPLayer @HTTPRequest@240 OpeningAnimTimer 
[VERBATIM] ENTER _deploy_canopy gate=none
[VERBATIM] EXIT _deploy_canopy early=already_deployed_or_no_canopy
[ARMTEL],44.3999999999988,L,false,0.01666666666667,0.0,0.28895025152377,-1.02240755597805,0.73345730445429,-0.27989215615759,0.03145391217118,2.98812203580996,-2.0,20.0000085715136,0.0
[DIAG] _physics_process: ENTER, state=3
[DIAG] _physics_process: camera target set to character (state: 3)
[GLIDE],19.3833333333335,0.03145391217118,0.0,0.01572695608559,-0.03145391217118,10.8754425078021,2.06109492245297,-115.566993812315,4.18343132685914,2.59964647632145,558.593383789062,299.594360351562,58.8
[VERBATIM] DIAGNOSIS turning block executed
[DIAG] _turn_input = 0.0
[ARMTEL],44.4166666666654,L,false,0.01666666666667,0.0,0.25163129736942,-0.97962254655155,0.72799124918213,-0.26775896867122,0.02699126269332,2.56417028156397,-2.0,20.0000085715136,0.0
[DIAG] _physics_process: ENTER, state=3
[DIAG] _physics_process: camera target set to character (state: 3)
[GLIDE],19.4000000000002,0.02699126269332,0.0,0.01349563134666,-0.02699126269332,10.8931145997344,1.77005775554033,-115.537492849723,4.19007776026078,2.59974043991405,558.429565429688,299.516082763672,58.8
[VERBATIM] DIAGNOSIS turning block executed
[DIAG] _turn_input = 0.0
[DIAG] _poll_controls: ENTER, state=3
[VERBATIM] POLL: _poll_controls() entered, game_state=3
[VERBATIM] POLL: checking deploy state=3 canopy=true
[STEER_TELEM] canopy=true has_pc=false turn=0.0 state=3
[STEER_TELEM] /root/Main children: WorldEnvironment DirectionalLight3D AnimationPlayer HUD @MeshInstance3D@165 @MeshInstance3D@166 @MeshInstance3D@167 @MeshInstance3D@168 @Node3D@169 FlyingPlane @Camera3D@173 @MeshInstance3D@174 @MeshInstance3D@175 @MeshInstance3D@176 @MeshInstance3D@177 @MeshInstance3D@178 @MeshInstance3D@179 @MeshInstance3D@180 @MeshInstance3D@181 @MeshInstance3D@182 @MeshInstance3D@183 @MeshInstance3D@184 @MeshInstance3D@185 @MeshInstance3D@186 @MeshInstance3D@187 @MeshInstance3D@188 @MeshInstance3D@189 @MeshInstance3D@190 @MeshInstance3D@191 @MeshInstance3D@192 @MeshInstance3D@193 @MeshInstance3D@194 @MeshInstance3D@195 @MeshInstance3D@196 @MeshInstance3D@197 @MeshInstance3D@198 @MeshInstance3D@199 @MeshInstance3D@200 @MeshInstance3D@201 @MeshInstance3D@202 @MeshInstance3D@203 @MeshInstance3D@204 @MeshInstance3D@205 @MeshInstance3D@206 @MeshInstance3D@207 @MeshInstance3D@208 @MeshInstance3D@209 @MeshInstance3D@210 @MeshInstance3D@211 @MeshInstance3D@212 @MeshInstance3D@213 @MeshInstance3D@214 @MeshInstance3D@215 @CanvasLayer@217 @HTTPRequest@231 PiPLayer @HTTPRequest@240 OpeningAnimTimer 
[VERBATIM] ENTER _deploy_canopy gate=none
[VERBATIM] EXIT _deploy_canopy early=already_deployed_or_no_canopy
[ARMTEL],44.4333333333321,L,false,0.01666666666667,0.0,0.21593010154659,-0.93715639034926,0.72122628880267,-0.25573853052451,0.02272895385125,2.15925089013441,-2.0,20.0000085715136,0.0
[DIAG] _physics_process: ENTER, state=3
[DIAG] _physics_process: camera target set to character (state: 3)
[GLIDE],19.4166666666668,0.02272895385125,0.0,0.01136447692562,-0.02272895385125,10.9099933427491,1.49165723738799,-115.512631895767,4.19644752224182,2.59981646021412,558.265441894531,299.437774658203,58.8
[VERBATIM] DIAGNOSIS turning block executed
[DIAG] _turn_input = 0.0
[ARMTEL],44.4499999999988,L,false,0.01666666666667,0.0,0.18183163080999,-0.89508485683577,0.71325322602578,-0.24385097675741,0.01866477090529,1.77315346122682,-2.0,20.0000085715136,0.0
[DIAG] _physics_process: ENTER, state=3
[DIAG] _physics_process: camera target set to character (state: 3)
[GLIDE],19.4333333333335,0.01866477090529,0.0,0.00933238545265,-0.01866477090529,10.926087507215,1.22580746956249,-115.492201771274,4.20254087145551,2.59987656073191,558.10107421875,299.359405517578,58.8
[VERBATIM] DIAGNOSIS turning block executed
[DIAG] _turn_input = 0.0
[DIAG] _poll_controls: ENTER, state=3
[VERBATIM] POLL: _poll_controls() entered, game_state=3
[VERBATIM] POLL: checking deploy state=3 canopy=true
[STEER_TELEM] canopy=true has_pc=false turn=0.0 state=3
[STEER_TELEM] /root/Main children: WorldEnvironment DirectionalLight3D AnimationPlayer HUD @MeshInstance3D@165 @MeshInstance3D@166 @MeshInstance3D@167 @MeshInstance3D@168 @Node3D@169 FlyingPlane @Camera3D@173 @MeshInstance3D@174 @MeshInstance3D@175 @MeshInstance3D@176 @MeshInstance3D@177 @MeshInstance3D@178 @MeshInstance3D@179 @MeshInstance3D@180 @MeshInstance3D@181 @MeshInstance3D@182 @MeshInstance3D@183 @MeshInstance3D@184 @MeshInstance3D@185 @MeshInstance3D@186 @MeshInstance3D@187 @MeshInstance3D@188 @MeshInstance3D@189 @MeshInstance3D@190 @MeshInstance3D@191 @MeshInstance3D@192 @MeshInstance3D@193 @MeshInstance3D@194 @MeshInstance3D@195 @MeshInstance3D@196 @MeshInstance3D@197 @MeshInstance3D@198 @MeshInstance3D@199 @MeshInstance3D@200 @MeshInstance3D@201 @MeshInstance3D@202 @MeshInstance3D@203 @MeshInstance3D@204 @MeshInstance3D@205 @MeshInstance3D@206 @MeshInstance3D@207 @MeshInstance3D@208 @MeshInstance3D@209 @MeshInstance3D@210 @MeshInstance3D@211 @MeshInstance3D@212 @MeshInstance3D@213 @MeshInstance3D@214 @MeshInstance3D@215 @CanvasLayer@217 @HTTPRequest@231 PiPLayer @HTTPRequest@240 OpeningAnimTimer 
[VERBATIM] ENTER _deploy_canopy gate=none
[VERBATIM] EXIT _deploy_canopy early=already_deployed_or_no_canopy
[ARMTEL],44.4666666666654,L,false,0.01666666666667,0.0,0.14931816724234,-0.85347841865094,0.7041602514086,-0.23211497256727,0.01479618802917,1.4056380413139,-2.0,20.0000085715136,0.0
[DIAG] _physics_process: ENTER, state=3
[DIAG] _physics_process: camera target set to character (state: 3)
[GLIDE],19.4500000000002,0.01479618802917,0.0,0.00739809401459,-0.01479618802917,10.9414070954045,0.97239859580305,-115.475995128011,4.20835873732923,2.59992262502514,557.936462402344,299.280975341797,58.8
[VERBATIM] DIAGNOSIS turning block executed
[DIAG] _turn_input = 0.0
[ARMTEL],44.4833333333321,L,false,0.01666666666667,0.0,0.11836950423337,-0.81240240398544,0.69403289975207,-0.2205477575714,0.01112039206965,1.05643738080409,-2.0,20.0000085715136,0.0
[DIAG] _physics_process: ENTER, state=3
[DIAG] _physics_process: camera target set to character (state: 3)
[GLIDE],19.4666666666668,0.01112039206965,0.0,0.00556019603482,-0.01112039206965,10.9559632474042,0.73129833025226,-115.463806822506,4.21390268257998,2.59995639972785,557.771606445312,299.202453613281,58.8
[VERBATIM] DIAGNOSIS turning block executed
[DIAG] _turn_input = 0.0
[DIAG] _poll_controls: ENTER, state=3
[VERBATIM] POLL: _poll_controls() entered, game_state=3
[VERBATIM] POLL: checking deploy state=3 canopy=true
[STEER_TELEM] canopy=true has_pc=false turn=0.0 state=3
[STEER_TELEM] /root/Main children: WorldEnvironment DirectionalLight3D AnimationPlayer HUD @MeshInstance3D@165 @MeshInstance3D@166 @MeshInstance3D@167 @MeshInstance3D@168 @Node3D@169 FlyingPlane @Camera3D@173 @MeshInstance3D@174 @MeshInstance3D@175 @MeshInstance3D@176 @MeshInstance3D@177 @MeshInstance3D@178 @MeshInstance3D@179 @MeshInstance3D@180 @MeshInstance3D@181 @MeshInstance3D@182 @MeshInstance3D@183 @MeshInstance3D@184 @MeshInstance3D@185 @MeshInstance3D@186 @MeshInstance3D@187 @MeshInstance3D@188 @MeshInstance3D@189 @MeshInstance3D@190 @MeshInstance3D@191 @MeshInstance3D@192 @MeshInstance3D@193 @MeshInstance3D@194 @MeshInstance3D@195 @MeshInstance3D@196 @MeshInstance3D@197 @MeshInstance3D@198 @MeshInstance3D@199 @MeshInstance3D@200 @MeshInstance3D@201 @MeshInstance3D@202 @MeshInstance3D@203 @MeshInstance3D@204 @MeshInstance3D@205 @MeshInstance3D@206 @MeshInstance3D@207 @MeshInstance3D@208 @MeshInstance3D@209 @MeshInstance3D@210 @MeshInstance3D@211 @MeshInstance3D@212 @MeshInstance3D@213 @MeshInstance3D@214 @MeshInstance3D@215 @CanvasLayer@217 @HTTPRequest@231 PiPLayer @HTTPRequest@240 OpeningAnimTimer 
[VERBATIM] ENTER _deploy_canopy gate=none
[VERBATIM] EXIT _deploy_canopy early=already_deployed_or_no_canopy
[ARMTEL],44.4999999999988,L,false,0.01666666666667,0.0,0.08896313655718,-0.7719171514999,0.68295401494272,-0.20916519065569,0.00763430555872,0.72525912020001,-2.0,20.0000085715136,0.0
[DIAG] _physics_process: ENTER, state=3
[DIAG] _physics_process: camera target set to character (state: 3)
[GLIDE],19.4833333333335,0.00763430555872,0.0,0.00381715277936,-0.00763430555872,10.9697681499875,0.50235346740219,-115.455434264716,4.21917486554139,2.59997949826141,557.606506347656,299.123870849609,58.8
[VERBATIM] DIAGNOSIS turning block executed
[DIAG] _turn_input = 0.0
[ARMTEL],44.5166666666654,L,false,0.01666666666667,0.0,0.06107444446976,-0.73207816729491,0.67100372282515,-0.19798179527527,0.0043346089708,0.41178790453073,-2.0,20.0000085715136,0.0
[DIAG] _physics_process: ENTER, state=3
[DIAG] _physics_process: camera target set to character (state: 3)
[GLIDE],19.5000000000002,0.0043346089708,0.0,0.0021673044854,-0.0043346089708,10.9828349484756,0.28539137000638,-115.450677741883,4.22417800248683,2.5999934051098,557.441223144531,299.045196533203,58.8
[VERBATIM] DIAGNOSIS turning block executed
[DIAG] _turn_input = 0.0
[DIAG] _poll_controls: ENTER, state=3
[VERBATIM] POLL: _poll_controls() entered, game_state=3
[VERBATIM] POLL: checking deploy state=3 canopy=true
[STEER_TELEM] canopy=true has_pc=false turn=0.0 state=3
[STEER_TELEM] /root/Main children: WorldEnvironment DirectionalLight3D AnimationPlayer HUD @MeshInstance3D@165 @MeshInstance3D@166 @MeshInstance3D@167 @MeshInstance3D@168 @Node3D@169 FlyingPlane @Camera3D@173 @MeshInstance3D@174 @MeshInstance3D@175 @MeshInstance3D@176 @MeshInstance3D@177 @MeshInstance3D@178 @MeshInstance3D@179 @MeshInstance3D@180 @MeshInstance3D@181 @MeshInstance3D@182 @MeshInstance3D@183 @MeshInstance3D@184 @MeshInstance3D@185 @MeshInstance3D@186 @MeshInstance3D@187 @MeshInstance3D@188 @MeshInstance3D@189 @MeshInstance3D@190 @MeshInstance3D@191 @MeshInstance3D@192 @MeshInstance3D@193 @MeshInstance3D@194 @MeshInstance3D@195 @MeshInstance3D@196 @MeshInstance3D@197 @MeshInstance3D@198 @MeshInstance3D@199 @MeshInstance3D@200 @MeshInstance3D@201 @MeshInstance3D@202 @MeshInstance3D@203 @MeshInstance3D@204 @MeshInstance3D@205 @MeshInstance3D@206 @MeshInstance3D@207 @MeshInstance3D@208 @MeshInstance3D@209 @MeshInstance3D@210 @MeshInstance3D@211 @MeshInstance3D@212 @MeshInstance3D@213 @MeshInstance3D@214 @MeshInstance3D@215 @CanvasLayer@217 @HTTPRequest@231 PiPLayer @HTTPRequest@240 OpeningAnimTimer 
[VERBATIM] ENTER _deploy_canopy gate=none
[VERBATIM] EXIT _deploy_canopy early=already_deployed_or_no_canopy
[ARMTEL],44.5333333333321,L,false,0.01666666666667,0.0,0.03467687176639,-0.69293628346344,0.65825941169705,-0.18701080508032,0.00121776221946,0.11568742554319,-2.0,20.0000085715136,0.0
[DIAG] _physics_process: ENTER, state=3
[DIAG] _physics_process: camera target set to character (state: 3)
[VERBATIM] DIAGNOSIS turning block executed
[DIAG] _turn_input = 0.0
[DIAG] _physics_process: ENTER, state=3
[DIAG] _physics_process: camera target set to character (state: 3)
[VERBATIM] DIAGNOSIS turning block executed
[DIAG] _turn_input = 0.0
[DIAG] _poll_controls: ENTER, state=3
[VERBATIM] POLL: _poll_controls() entered, game_state=3
[VERBATIM] POLL: checking deploy state=3 canopy=true
[STEER_TELEM] canopy=true has_pc=false turn=0.0 state=3
[STEER_TELEM] /root/Main children: WorldEnvironment DirectionalLight3D AnimationPlayer HUD @MeshInstance3D@165 @MeshInstance3D@166 @MeshInstance3D@167 @MeshInstance3D@168 @Node3D@169 FlyingPlane @Camera3D@173 @MeshInstance3D@174 @MeshInstance3D@175 @MeshInstance3D@176 @MeshInstance3D@177 @MeshInstance3D@178 @MeshInstance3D@179 @MeshInstance3D@180 @MeshInstance3D@181 @MeshInstance3D@182 @MeshInstance3D@183 @MeshInstance3D@184 @MeshInstance3D@185 @MeshInstance3D@186 @MeshInstance3D@187 @MeshInstance3D@188 @MeshInstance3D@189 @MeshInstance3D@190 @MeshInstance3D@191 @MeshInstance3D@192 @MeshInstance3D@193 @MeshInstance3D@194 @MeshInstance3D@195 @MeshInstance3D@196 @MeshInstance3D@197 @MeshInstance3D@198 @MeshInstance3D@199 @MeshInstance3D@200 @MeshInstance3D@201 @MeshInstance3D@202 @MeshInstance3D@203 @MeshInstance3D@204 @MeshInstance3D@205 @MeshInstance3D@206 @MeshInstance3D@207 @MeshInstance3D@208 @MeshInstance3D@209 @MeshInstance3D@210 @MeshInstance3D@211 @MeshInstance3D@212 @MeshInstance3D@213 @MeshInstance3D@214 @MeshInstance3D@215 @CanvasLayer@217 @HTTPRequest@231 PiPLayer @HTTPRequest@240 OpeningAnimTimer 
[VERBATIM] ENTER _deploy_canopy gate=none
[VERBATIM] EXIT _deploy_canopy early=already_deployed_or_no_canopy
[DIAG] _physics_process: ENTER, state=3
[DIAG] _physics_process: camera target set to character (state: 3)
[VERBATIM] DIAGNOSIS turning block executed
[DIAG] _turn_input = 0.0
[DIAG] _physics_process: ENTER, state=3
[DIAG] _physics_process: camera target set to character (state: 3)
[VERBATIM] DIAGNOSIS turning block executed
[DIAG] _turn_input = 0.0
[DIAG] _poll_controls: ENTER, state=3
[VERBATIM] POLL: _poll_controls() entered, game_state=3
[VERBATIM] POLL: checking deploy state=3 canopy=true
[STEER_TELEM] canopy=true has_pc=false turn=0.0 state=3
[STEER_TELEM] /root/Main children: WorldEnvironment DirectionalLight3D AnimationPlayer HUD @MeshInstance3D@165 @MeshInstance3D@166 @MeshInstance3D@167 @MeshInstance3D@168 @Node3D@169 FlyingPlane @Camera3D@173 @MeshInstance3D@174 @MeshInstance3D@175 @MeshInstance3D@176 @MeshInstance3D@177 @MeshInstance3D@178 @MeshInstance3D@179 @MeshInstance3D@180 @MeshInstance3D@181 @MeshInstance3D@182 @MeshInstance3D@183 @MeshInstance3D@184 @MeshInstance3D@185 @MeshInstance3D@186 @MeshInstance3D@187 @MeshInstance3D@188 @MeshInstance3D@189 @MeshInstance3D@190 @MeshInstance3D@191 @MeshInstance3D@192 @MeshInstance3D@193 @MeshInstance3D@194 @MeshInstance3D@195 @MeshInstance3D@196 @MeshInstance3D@197 @MeshInstance3D@198 @MeshInstance3D@199 @MeshInstance3D@200 @MeshInstance3D@201 @MeshInstance3D@202 @MeshInstance3D@203 @MeshInstance3D@204 @MeshInstance3D@205 @MeshInstance3D@206 @MeshInstance3D@207 @MeshInstance3D@208 @MeshInstance3D@209 @MeshInstance3D@210 @MeshInstance3D@211 @MeshInstance3D@212 @MeshInstance3D@213 @MeshInstance3D@214 @MeshInstance3D@215 @CanvasLayer@217 @HTTPRequest@231 PiPLayer @HTTPRequest@240 OpeningAnimTimer 
[VERBATIM] ENTER _deploy_canopy gate=none
[VERBATIM] EXIT _deploy_canopy early=already_deployed_or_no_canopy
[DIAG] _physics_process: ENTER, state=3
[DIAG] _physics_process: camera target set to character (state: 3)
[VERBATIM] DIAGNOSIS turning block executed
[DIAG] _turn_input = 0.0
[DIAG] _physics_process: ENTER, state=3
[DIAG] _physics_process: camera target set to character (state: 3)
[VERBATIM] DIAGNOSIS turning block executed
[DIAG] _turn_input = 0.0
[DIAG] _physics_process: ENTER, state=3
[DIAG] _physics_process: camera target set to character (state: 3)
[VERBATIM] DIAGNOSIS turning block executed
[DIAG] _turn_input = 0.0
[DIAG] _physics_process: ENTER, state=3
[DIAG] _physics_process: camera target set to character (state: 3)
[VERBATIM] DIAGNOSIS turning block executed
[DIAG] _turn_input = 0.0
[DIAG] _physics_process: ENTER, state=3
[DIAG] _physics_process: camera target set to character (state: 3)
[VERBATIM] DIAGNOSIS turning block executed
[DIAG] _turn_input = 0.0
[AUDIT] _poll_fast: ENTER
[DIAG] _poll_controls: ENTER, state=3
[VERBATIM] POLL: _poll_controls() entered, game_state=3
[VERBATIM] POLL: checking deploy state=3 canopy=true
[STEER_TELEM] canopy=true has_pc=false turn=0.0 state=3
[STEER_TELEM] /root/Main children: WorldEnvironment DirectionalLight3D AnimationPlayer HUD @MeshInstance3D@165 @MeshInstance3D@166 @MeshInstance3D@167 @MeshInstance3D@168 @Node3D@169 FlyingPlane @Camera3D@173 @MeshInstance3D@174 @MeshInstance3D@175 @MeshInstance3D@176 @MeshInstance3D@177 @MeshInstance3D@178 @MeshInstance3D@179 @MeshInstance3D@180 @MeshInstance3D@181 @MeshInstance3D@182 @MeshInstance3D@183 @MeshInstance3D@184 @MeshInstance3D@185 @MeshInstance3D@186 @MeshInstance3D@187 @MeshInstance3D@188 @MeshInstance3D@189 @MeshInstance3D@190 @MeshInstance3D@191 @MeshInstance3D@192 @MeshInstance3D@193 @MeshInstance3D@194 @MeshInstance3D@195 @MeshInstance3D@196 @MeshInstance3D@197 @MeshInstance3D@198 @MeshInstance3D@199 @MeshInstance3D@200 @MeshInstance3D@201 @MeshInstance3D@202 @MeshInstance3D@203 @MeshInstance3D@204 @MeshInstance3D@205 @MeshInstance3D@206 @MeshInstance3D@207 @MeshInstance3D@208 @MeshInstance3D@209 @MeshInstance3D@210 @MeshInstance3D@211 @MeshInstance3D@212 @MeshInstance3D@213 @MeshInstance3D@214 @MeshInstance3D@215 @CanvasLayer@217 @HTTPRequest@231 PiPLayer @HTTPRequest@240 OpeningAnimTimer 
[VERBATIM] ENTER _deploy_canopy gate=none
[VERBATIM] EXIT _deploy_canopy early=already_deployed_or_no_canopy
[DIAG] _physics_process: ENTER, state=3
[DIAG] _physics_process: camera target set to character (state: 3)
[VERBATIM] DIAGNOSIS turning block executed
[DIAG] _turn_input = 0.0
[DIAG] _physics_process: ENTER, state=3
[DIAG] _physics_process: camera target set to character (state: 3)
[VERBATIM] DIAGNOSIS turning block executed
[DIAG] _turn_input = 0.0
[DIAG] _physics_process: ENTER, state=3
[DIAG] _physics_process: camera target set to character (state: 3)
[VERBATIM] DIAGNOSIS turning block executed
[DIAG] _turn_input = 0.0
[DIAG] _poll_controls: ENTER, state=3
[VERBATIM] POLL: _poll_controls() entered, game_state=3
[VERBATIM] POLL: checking deploy state=3 canopy=true
[STEER_TELEM] canopy=true has_pc=false turn=0.0 state=3
[STEER_TELEM] /root/Main children: WorldEnvironment DirectionalLight3D AnimationPlayer HUD @MeshInstance3D@165 @MeshInstance3D@166 @MeshInstance3D@167 @MeshInstance3D@168 @Node3D@169 FlyingPlane @Camera3D@173 @MeshInstance3D@174 @MeshInstance3D@175 @MeshInstance3D@176 @MeshInstance3D@177 @MeshInstance3D@178 @MeshInstance3D@179 @MeshInstance3D@180 @MeshInstance3D@181 @MeshInstance3D@182 @MeshInstance3D@183 @MeshInstance3D@184 @MeshInstance3D@185 @MeshInstance3D@186 @MeshInstance3D@187 @MeshInstance3D@188 @MeshInstance3D@189 @MeshInstance3D@190 @MeshInstance3D@191 @MeshInstance3D@192 @MeshInstance3D@193 @MeshInstance3D@194 @MeshInstance3D@195 @MeshInstance3D@196 @MeshInstance3D@197 @MeshInstance3D@198 @MeshInstance3D@199 @MeshInstance3D@200 @MeshInstance3D@201 @MeshInstance3D@202 @MeshInstance3D@203 @MeshInstance3D@204 @MeshInstance3D@205 @MeshInstance3D@206 @MeshInstance3D@207 @MeshInstance3D@208 @MeshInstance3D@209 @MeshInstance3D@210 @MeshInstance3D@211 @MeshInstance3D@212 @MeshInstance3D@213 @MeshInstance3D@214 @MeshInstance3D@215 @CanvasLayer@217 @HTTPRequest@231 PiPLayer @HTTPRequest@240 OpeningAnimTimer 
[VERBATIM] ENTER _deploy_canopy gate=none
[VERBATIM] EXIT _deploy_canopy early=already_deployed_or_no_canopy
[DIAG] _physics_process: ENTER, state=3
[DIAG] _physics_process: camera target set to character (state: 3)
[VERBATIM] DIAGNOSIS turning block executed
[DIAG] _turn_input = 0.0
[DIAG] _physics_process: ENTER, state=3
[DIAG] _physics_process: camera target set to character (state: 3)
[VERBATIM] DIAGNOSIS turning block executed
[DIAG] _turn_input = 0.0
[DIAG] _poll_controls: ENTER, state=3
[VERBATIM] POLL: _poll_controls() entered, game_state=3
[VERBATIM] POLL: checking deploy state=3 canopy=true
[STEER_TELEM] canopy=true has_pc=false turn=0.0 state=3
[STEER_TELEM] /root/Main children: WorldEnvironment DirectionalLight3D AnimationPlayer HUD @MeshInstance3D@165 @MeshInstance3D@166 @MeshInstance3D@167 @MeshInstance3D@168 @Node3D@169 FlyingPlane @Camera3D@173 @MeshInstance3D@174 @MeshInstance3D@175 @MeshInstance3D@176 @MeshInstance3D@177 @MeshInstance3D@178 @MeshInstance3D@179 @MeshInstance3D@180 @MeshInstance3D@181 @MeshInstance3D@182 @MeshInstance3D@183 @MeshInstance3D@184 @MeshInstance3D@185 @MeshInstance3D@186 @MeshInstance3D@187 @MeshInstance3D@188 @MeshInstance3D@189 @MeshInstance3D@190 @MeshInstance3D@191 @MeshInstance3D@192 @MeshInstance3D@193 @MeshInstance3D@194 @MeshInstance3D@195 @MeshInstance3D@196 @MeshInstance3D@197 @MeshInstance3D@198 @MeshInstance3D@199 @MeshInstance3D@200 @MeshInstance3D@201 @MeshInstance3D@202 @MeshInstance3D@203 @MeshInstance3D@204 @MeshInstance3D@205 @MeshInstance3D@206 @MeshInstance3D@207 @MeshInstance3D@208 @MeshInstance3D@209 @MeshInstance3D@210 @MeshInstance3D@211 @MeshInstance3D@212 @MeshInstance3D@213 @MeshInstance3D@214 @MeshInstance3D@215 @CanvasLayer@217 @HTTPRequest@231 PiPLayer @HTTPRequest@240 OpeningAnimTimer 
[VERBATIM] ENTER _deploy_canopy gate=none
[VERBATIM] EXIT _deploy_canopy early=already_deployed_or_no_canopy
[DIAG] _physics_process: ENTER, state=3
[DIAG] _physics_process: camera target set to character (state: 3)
[VERBATIM] DIAGNOSIS turning block executed
[DIAG] _turn_input = 0.0
[DIAG] _physics_process: ENTER, state=3
[DIAG] _physics_process: camera target set to character (state: 3)
[VERBATIM] DIAGNOSIS turning block executed
[DIAG] _turn_input = 0.0
[DIAG] _poll_controls: ENTER, state=3
[VERBATIM] POLL: _poll_controls() entered, game_state=3
[VERBATIM] POLL: checking deploy state=3 canopy=true
[STEER_TELEM] canopy=true has_pc=false turn=0.0 state=3
[STEER_TELEM] /root/Main children: WorldEnvironment DirectionalLight3D AnimationPlayer HUD @MeshInstance3D@165 @MeshInstance3D@166 @MeshInstance3D@167 @MeshInstance3D@168 @Node3D@169 FlyingPlane @Camera3D@173 @MeshInstance3D@174 @MeshInstance3D@175 @MeshInstance3D@176 @MeshInstance3D@177 @MeshInstance3D@178 @MeshInstance3D@179 @MeshInstance3D@180 @MeshInstance3D@181 @MeshInstance3D@182 @MeshInstance3D@183 @MeshInstance3D@184 @MeshInstance3D@185 @MeshInstance3D@186 @MeshInstance3D@187 @MeshInstance3D@188 @MeshInstance3D@189 @MeshInstance3D@190 @MeshInstance3D@191 @MeshInstance3D@192 @MeshInstance3D@193 @MeshInstance3D@194 @MeshInstance3D@195 @MeshInstance3D@196 @MeshInstance3D@197 @MeshInstance3D@198 @MeshInstance3D@199 @MeshInstance3D@200 @MeshInstance3D@201 @MeshInstance3D@202 @MeshInstance3D@203 @MeshInstance3D@204 @MeshInstance3D@205 @MeshInstance3D@206 @MeshInstance3D@207 @MeshInstance3D@208 @MeshInstance3D@209 @MeshInstance3D@210 @MeshInstance3D@211 @MeshInstance3D@212 @MeshInstance3D@213 @MeshInstance3D@214 @MeshInstance3D@215 @CanvasLayer@217 @HTTPRequest@231 PiPLayer @HTTPRequest@240 OpeningAnimTimer 
[VERBATIM] ENTER _deploy_canopy gate=none
[VERBATIM] EXIT _deploy_canopy early=already_deployed_or_no_canopy
[DIAG] _physics_process: ENTER, state=3
[DIAG] _physics_process: camera target set to character (state: 3)
[VERBATIM] DIAGNOSIS turning block executed
[DIAG] _turn_input = 0.0
[DIAG] _physics_process: ENTER, state=3
[DIAG] _physics_process: camera target set to character (state: 3)
[VERBATIM] DIAGNOSIS turning block executed
[DIAG] _turn_input = 0.0
[DIAG] _poll_controls: ENTER, state=3
[VERBATIM] POLL: _poll_controls() entered, game_state=3
[VERBATIM] POLL: checking deploy state=3 canopy=true
[STEER_TELEM] canopy=true has_pc=false turn=0.0 state=3
[STEER_TELEM] /root/Main children: WorldEnvironment DirectionalLight3D AnimationPlayer HUD @MeshInstance3D@165 @MeshInstance3D@166 @MeshInstance3D@167 @MeshInstance3D@168 @Node3D@169 FlyingPlane @Camera3D@173 @MeshInstance3D@174 @MeshInstance3D@175 @MeshInstance3D@176 @MeshInstance3D@177 @MeshInstance3D@178 @MeshInstance3D@179 @MeshInstance3D@180 @MeshInstance3D@181 @MeshInstance3D@182 @MeshInstance3D@183 @MeshInstance3D@184 @MeshInstance3D@185 @MeshInstance3D@186 @MeshInstance3D@187 @MeshInstance3D@188 @MeshInstance3D@189 @MeshInstance3D@190 @MeshInstance3D@191 @MeshInstance3D@192 @MeshInstance3D@193 @MeshInstance3D@194 @MeshInstance3D@195 @MeshInstance3D@196 @MeshInstance3D@197 @MeshInstance3D@198 @MeshInstance3D@199 @MeshInstance3D@200 @MeshInstance3D@201 @MeshInstance3D@202 @MeshInstance3D@203 @MeshInstance3D@204 @MeshInstance3D@205 @MeshInstance3D@206 @MeshInstance3D@207 @MeshInstance3D@208 @MeshInstance3D@209 @MeshInstance3D@210 @MeshInstance3D@211 @MeshInstance3D@212 @MeshInstance3D@213 @MeshInstance3D@214 @MeshInstance3D@215 @CanvasLayer@217 @HTTPRequest@231 PiPLayer @HTTPRequest@240 OpeningAnimTimer 
[VERBATIM] ENTER _deploy_canopy gate=none
[VERBATIM] EXIT _deploy_canopy early=already_deployed_or_no_canopy
[DIAG] _physics_process: ENTER, state=3
[DIAG] _physics_process: camera target set to character (state: 3)
[VERBATIM] DIAGNOSIS turning block executed
[DIAG] _turn_input = 0.0
[DIAG] _physics_process: ENTER, state=3
[DIAG] _physics_process: camera target set to character (state: 3)
[VERBATIM] DIAGNOSIS turning block executed
[DIAG] _turn_input = 0.0
[DIAG] _poll_controls: ENTER, state=3
[VERBATIM] POLL: _poll_controls() entered, game_state=3
[VERBATIM] POLL: checking deploy state=3 canopy=true
[STEER_TELEM] canopy=true has_pc=false turn=0.0 state=3
[STEER_TELEM] /root/Main children: WorldEnvironment DirectionalLight3D AnimationPlayer HUD @MeshInstance3D@165 @MeshInstance3D@166 @MeshInstance3D@167 @MeshInstance3D@168 @Node3D@169 FlyingPlane @Camera3D@173 @MeshInstance3D@174 @MeshInstance3D@175 @MeshInstance3D@176 @MeshInstance3D@177 @MeshInstance3D@178 @MeshInstance3D@179 @MeshInstance3D@180 @MeshInstance3D@181 @MeshInstance3D@182 @MeshInstance3D@183 @MeshInstance3D@184 @MeshInstance3D@185 @MeshInstance3D@186 @MeshInstance3D@187 @MeshInstance3D@188 @MeshInstance3D@189 @MeshInstance3D@190 @MeshInstance3D@191 @MeshInstance3D@192 @MeshInstance3D@193 @MeshInstance3D@194 @MeshInstance3D@195 @MeshInstance3D@196 @MeshInstance3D@197 @MeshInstance3D@198 @MeshInstance3D@199 @MeshInstance3D@200 @MeshInstance3D@201 @MeshInstance3D@202 @MeshInstance3D@203 @MeshInstance3D@204 @MeshInstance3D@205 @MeshInstance3D@206 @MeshInstance3D@207 @MeshInstance3D@208 @MeshInstance3D@209 @MeshInstance3D@210 @MeshInstance3D@211 @MeshInstance3D@212 @MeshInstance3D@213 @MeshInstance3D@214 @MeshInstance3D@215 @CanvasLayer@217 @HTTPRequest@231 PiPLayer @HTTPRequest@240 OpeningAnimTimer 
[VERBATIM] ENTER _deploy_canopy gate=none
[VERBATIM] EXIT _deploy_canopy early=already_deployed_or_no_canopy
[AUDIT] _on_stats_completed: ENTER
[AUDIT] _on_leader_completed: ENTER
[AUDIT] _mklabel: ENTER
[DIAG] _physics_process: ENTER, state=3
[DIAG] _physics_process: camera target set to character (state: 3)
[VERBATIM] DIAGNOSIS turning block executed
[DIAG] _turn_input = 0.0
[DIAG] _physics_process: ENTER, state=3
[DIAG] _physics_process: camera target set to character (state: 3)
[VERBATIM] DIAGNOSIS turning block executed
[DIAG] _turn_input = 0.0
[DIAG] _poll_controls: ENTER, state=3
[VERBATIM] POLL: _poll_controls() entered, game_state=3
[VERBATIM] POLL: checking deploy state=3 canopy=true
[STEER_TELEM] canopy=true has_pc=false turn=0.0 state=3
[STEER_TELEM] /root/Main children: WorldEnvironment DirectionalLight3D AnimationPlayer HUD @MeshInstance3D@165 @MeshInstance3D@166 @MeshInstance3D@167 @MeshInstance3D@168 @Node3D@169 FlyingPlane @Camera3D@173 @MeshInstance3D@174 @MeshInstance3D@175 @MeshInstance3D@176 @MeshInstance3D@177 @MeshInstance3D@178 @MeshInstance3D@179 @MeshInstance3D@180 @MeshInstance3D@181 @MeshInstance3D@182 @MeshInstance3D@183 @MeshInstance3D@184 @MeshInstance3D@185 @MeshInstance3D@186 @MeshInstance3D@187 @MeshInstance3D@188 @MeshInstance3D@189 @MeshInstance3D@190 @MeshInstance3D@191 @MeshInstance3D@192 @MeshInstance3D@193 @MeshInstance3D@194 @MeshInstance3D@195 @MeshInstance3D@196 @MeshInstance3D@197 @MeshInstance3D@198 @MeshInstance3D@199 @MeshInstance3D@200 @MeshInstance3D@201 @MeshInstance3D@202 @MeshInstance3D@203 @MeshInstance3D@204 @MeshInstance3D@205 @MeshInstance3D@206 @MeshInstance3D@207 @MeshInstance3D@208 @MeshInstance3D@209 @MeshInstance3D@210 @MeshInstance3D@211 @MeshInstance3D@212 @MeshInstance3D@213 @MeshInstance3D@214 @MeshInstance3D@215 @CanvasLayer@217 @HTTPRequest@231 PiPLayer @HTTPRequest@240 OpeningAnimTimer 
[VERBATIM] ENTER _deploy_canopy gate=none
[VERBATIM] EXIT _deploy_canopy early=already_deployed_or_no_canopy
[DIAG] _physics_process: ENTER, state=3
[DIAG] _physics_process: camera target set to character (state: 3)
[VERBATIM] DIAGNOSIS turning block executed
[DIAG] _turn_input = 0.0
[DIAG] _physics_process: ENTER, state=3
[DIAG] _physics_process: camera target set to character (state: 3)
[VERBATIM] DIAGNOSIS turning block executed
[DIAG] _turn_input = 0.0
[DIAG] _poll_controls: ENTER, state=3
[VERBATIM] POLL: _poll_controls() entered, game_state=3
[VERBATIM] POLL: checking deploy state=3 canopy=true
[STEER_TELEM] canopy=true has_pc=false turn=0.0 state=3
[STEER_TELEM] /root/Main children: WorldEnvironment DirectionalLight3D AnimationPlayer HUD @MeshInstance3D@165 @MeshInstance3D@166 @MeshInstance3D@167 @MeshInstance3D@168 @Node3D@169 FlyingPlane @Camera3D@173 @MeshInstance3D@174 @MeshInstance3D@175 @MeshInstance3D@176 @MeshInstance3D@177 @MeshInstance3D@178 @MeshInstance3D@179 @MeshInstance3D@180 @MeshInstance3D@181 @MeshInstance3D@182 @MeshInstance3D@183 @MeshInstance3D@184 @MeshInstance3D@185 @MeshInstance3D@186 @MeshInstance3D@187 @MeshInstance3D@188 @MeshInstance3D@189 @MeshInstance3D@190 @MeshInstance3D@191 @MeshInstance3D@192 @MeshInstance3D@193 @MeshInstance3D@194 @MeshInstance3D@195 @MeshInstance3D@196 @MeshInstance3D@197 @MeshInstance3D@198 @MeshInstance3D@199 @MeshInstance3D@200 @MeshInstance3D@201 @MeshInstance3D@202 @MeshInstance3D@203 @MeshInstance3D@204 @MeshInstance3D@205 @MeshInstance3D@206 @MeshInstance3D@207 @MeshInstance3D@208 @MeshInstance3D@209 @MeshInstance3D@210 @MeshInstance3D@211 @MeshInstance3D@212 @MeshInstance3D@213 @MeshInstance3D@214 @MeshInstance3D@215 @CanvasLayer@217 @HTTPRequest@231 PiPLayer @HTTPRequest@240 OpeningAnimTimer 
[VERBATIM] ENTER _deploy_canopy gate=none
[VERBATIM] EXIT _deploy_canopy early=already_deployed_or_no_canopy
[DIAG] _physics_process: ENTER, state=3
[DIAG] _physics_process: camera target set to character (state: 3)
[VERBATIM] DIAGNOSIS turning block executed
[DIAG] _turn_input = 0.0
[DIAG] _physics_process: ENTER, state=3
[DIAG] _physics_process: camera target set to character (state: 3)
[VERBATIM] DIAGNOSIS turning block executed
[DIAG] _turn_input = 0.0
[DIAG] _poll_controls: ENTER, state=3
[VERBATIM] POLL: _poll_controls() entered, game_state=3
[VERBATIM] POLL: checking deploy state=3 canopy=true
[STEER_TELEM] canopy=true has_pc=false turn=0.0 state=3
[STEER_TELEM] /root/Main children: WorldEnvironment DirectionalLight3D AnimationPlayer HUD @MeshInstance3D@165 @MeshInstance3D@166 @MeshInstance3D@167 @MeshInstance3D@168 @Node3D@169 FlyingPlane @Camera3D@173 @MeshInstance3D@174 @MeshInstance3D@175 @MeshInstance3D@176 @MeshInstance3D@177 @MeshInstance3D@178 @MeshInstance3D@179 @MeshInstance3D@180 @MeshInstance3D@181 @MeshInstance3D@182 @MeshInstance3D@183 @MeshInstance3D@184 @MeshInstance3D@185 @MeshInstance3D@186 @MeshInstance3D@187 @MeshInstance3D@188 @MeshInstance3D@189 @MeshInstance3D@190 @MeshInstance3D@191 @MeshInstance3D@192 @MeshInstance3D@193 @MeshInstance3D@194 @MeshInstance3D@195 @MeshInstance3D@196 @MeshInstance3D@197 @MeshInstance3D@198 @MeshInstance3D@199 @MeshInstance3D@200 @MeshInstance3D@201 @MeshInstance3D@202 @MeshInstance3D@203 @MeshInstance3D@204 @MeshInstance3D@205 @MeshInstance3D@206 @MeshInstance3D@207 @MeshInstance3D@208 @MeshInstance3D@209 @MeshInstance3D@210 @MeshInstance3D@211 @MeshInstance3D@212 @MeshInstance3D@213 @MeshInstance3D@214 @MeshInstance3D@215 @CanvasLayer@217 @HTTPRequest@231 PiPLayer @HTTPRequest@240 OpeningAnimTimer 
[VERBATIM] ENTER _deploy_canopy gate=none
[VERBATIM] EXIT _deploy_canopy early=already_deployed_or_no_canopy
[DIAG] _physics_process: ENTER, state=3
[DIAG] _physics_process: camera target set to character (state: 3)
[VERBATIM] DIAGNOSIS turning block executed
[DIAG] _turn_input = 0.0
[DIAG] _physics_process: ENTER, state=3
[DIAG] _physics_process: camera target set to character (state: 3)
[VERBATIM] DIAGNOSIS turning block executed
[DIAG] _turn_input = 0.0
[DIAG] _poll_controls: ENTER, state=3
[VERBATIM] POLL: _poll_controls() entered, game_state=3
[VERBATIM] POLL: checking deploy state=3 canopy=true
[STEER_TELEM] canopy=true has_pc=false turn=0.0 state=3
[STEER_TELEM] /root/Main children: WorldEnvironment DirectionalLight3D AnimationPlayer HUD @MeshInstance3D@165 @MeshInstance3D@166 @MeshInstance3D@167 @MeshInstance3D@168 @Node3D@169 FlyingPlane @Camera3D@173 @MeshInstance3D@174 @MeshInstance3D@175 @MeshInstance3D@176 @MeshInstance3D@177 @MeshInstance3D@178 @MeshInstance3D@179 @MeshInstance3D@180 @MeshInstance3D@181 @MeshInstance3D@182 @MeshInstance3D@183 @MeshInstance3D@184 @MeshInstance3D@185 @MeshInstance3D@186 @MeshInstance3D@187 @MeshInstance3D@188 @MeshInstance3D@189 @MeshInstance3D@190 @MeshInstance3D@191 @MeshInstance3D@192 @MeshInstance3D@193 @MeshInstance3D@194 @MeshInstance3D@195 @MeshInstance3D@196 @MeshInstance3D@197 @MeshInstance3D@198 @MeshInstance3D@199 @MeshInstance3D@200 @MeshInstance3D@201 @MeshInstance3D@202 @MeshInstance3D@203 @MeshInstance3D@204 @MeshInstance3D@205 @MeshInstance3D@206 @MeshInstance3D@207 @MeshInstance3D@208 @MeshInstance3D@209 @MeshInstance3D@210 @MeshInstance3D@211 @MeshInstance3D@212 @MeshInstance3D@213 @MeshInstance3D@214 @MeshInstance3D@215 @CanvasLayer@217 @HTTPRequest@231 PiPLayer @HTTPRequest@240 OpeningAnimTimer 
[VERBATIM] ENTER _deploy_canopy gate=none
[VERBATIM] EXIT _deploy_canopy early=already_deployed_or_no_canopy
[DIAG] _physics_process: ENTER, state=3
[DIAG] _physics_process: camera target set to character (state: 3)
[VERBATIM] DIAGNOSIS turning block executed
[DIAG] _turn_input = 0.0
[DIAG] _physics_process: ENTER, state=3
[DIAG] _physics_process: camera target set to character (state: 3)
[VERBATIM] DIAGNOSIS turning block executed
[DIAG] _turn_input = 0.0
[DIAG] _poll_controls: ENTER, state=3
[VERBATIM] POLL: _poll_controls() entered, game_state=3
[VERBATIM] POLL: checking deploy state=3 canopy=true
[STEER_TELEM] canopy=true has_pc=false turn=0.0 state=3
[STEER_TELEM] /root/Main children: WorldEnvironment DirectionalLight3D AnimationPlayer HUD @MeshInstance3D@165 @MeshInstance3D@166 @MeshInstance3D@167 @MeshInstance3D@168 @Node3D@169 FlyingPlane @Camera3D@173 @MeshInstance3D@174 @MeshInstance3D@175 @MeshInstance3D@176 @MeshInstance3D@177 @MeshInstance3D@178 @MeshInstance3D@179 @MeshInstance3D@180 @MeshInstance3D@181 @MeshInstance3D@182 @MeshInstance3D@183 @MeshInstance3D@184 @MeshInstance3D@185 @MeshInstance3D@186 @MeshInstance3D@187 @MeshInstance3D@188 @MeshInstance3D@189 @MeshInstance3D@190 @MeshInstance3D@191 @MeshInstance3D@192 @MeshInstance3D@193 @MeshInstance3D@194 @MeshInstance3D@195 @MeshInstance3D@196 @MeshInstance3D@197 @MeshInstance3D@198 @MeshInstance3D@199 @MeshInstance3D@200 @MeshInstance3D@201 @MeshInstance3D@202 @MeshInstance3D@203 @MeshInstance3D@204 @MeshInstance3D@205 @MeshInstance3D@206 @MeshInstance3D@207 @MeshInstance3D@208 @MeshInstance3D@209 @MeshInstance3D@210 @MeshInstance3D@211 @MeshInstance3D@212 @MeshInstance3D@213 @MeshInstance3D@214 @MeshInstance3D@215 @CanvasLayer@217 @HTTPRequest@231 PiPLayer @HTTPRequest@240 OpeningAnimTimer 
[VERBATIM] ENTER _deploy_canopy gate=none
[VERBATIM] EXIT _deploy_canopy early=already_deployed_or_no_canopy
[VERBATIM] Wind updated: 12.5 kts @ 240.0°
[DIAG] _physics_process: ENTER, state=3
[DIAG] _physics_process: camera target set to character (state: 3)
[GLIDE],20.0166666666668,0.0,0.0,0.0,0.0,11.0,0.0,-115.449340718025,4.23076923076923,2.6,552.309936523438,296.603485107422,58.8
[VERBATIM] DIAGNOSIS turning block executed
[DIAG] _turn_input = 0.0
[DIAG] _physics_process: ENTER, state=3
[DIAG] _physics_process: camera target set to character (state: 3)
[VERBATIM] DIAGNOSIS turning block executed
[DIAG] _turn_input = 0.0
[DIAG] _poll_controls: ENTER, state=3
[VERBATIM] POLL: _poll_controls() entered, game_state=3
[VERBATIM] POLL: checking deploy state=3 canopy=true
[STEER_TELEM] canopy=true has_pc=false turn=0.0 state=3
[STEER_TELEM] /root/Main children: WorldEnvironment DirectionalLight3D AnimationPlayer HUD @MeshInstance3D@165 @MeshInstance3D@166 @MeshInstance3D@167 @MeshInstance3D@168 @Node3D@169 FlyingPlane @Camera3D@173 @MeshInstance3D@174 @MeshInstance3D@175 @MeshInstance3D@176 @MeshInstance3D@177 @MeshInstance3D@178 @MeshInstance3D@179 @MeshInstance3D@180 @MeshInstance3D@181 @MeshInstance3D@182 @MeshInstance3D@183 @MeshInstance3D@184 @MeshInstance3D@185 @MeshInstance3D@186 @MeshInstance3D@187 @MeshInstance3D@188 @MeshInstance3D@189 @MeshInstance3D@190 @MeshInstance3D@191 @MeshInstance3D@192 @MeshInstance3D@193 @MeshInstance3D@194 @MeshInstance3D@195 @MeshInstance3D@196 @MeshInstance3D@197 @MeshInstance3D@198 @MeshInstance3D@199 @MeshInstance3D@200 @MeshInstance3D@201 @MeshInstance3D@202 @MeshInstance3D@203 @MeshInstance3D@204 @MeshInstance3D@205 @MeshInstance3D@206 @MeshInstance3D@207 @MeshInstance3D@208 @MeshInstance3D@209 @MeshInstance3D@210 @MeshInstance3D@211 @MeshInstance3D@212 @MeshInstance3D@213 @MeshInstance3D@214 @MeshInstance3D@215 @CanvasLayer@217 @HTTPRequest@231 PiPLayer @HTTPRequest@240 OpeningAnimTimer 
[VERBATIM] ENTER _deploy_canopy gate=none
[VERBATIM] EXIT _deploy_canopy early=already_deployed_or_no_canopy
[DIAG] _physics_process: ENTER, state=3
[DIAG] _physics_process: camera target set to character (state: 3)
[VERBATIM] DIAGNOSIS turning block executed
[DIAG] _turn_input = 0.0
[DIAG] _physics_process: ENTER, state=3
[DIAG] _physics_process: camera target set to character (state: 3)
[VERBATIM] DIAGNOSIS turning block executed
[DIAG] _turn_input = 0.0
[DIAG] _poll_controls: ENTER, state=3
[VERBATIM] POLL: _poll_controls() entered, game_state=3
[VERBATIM] POLL: checking deploy state=3 canopy=true
[STEER_TELEM] canopy=true has_pc=false turn=0.0 state=3
[STEER_TELEM] /root/Main children: WorldEnvironment DirectionalLight3D AnimationPlayer HUD @MeshInstance3D@165 @MeshInstance3D@166 @MeshInstance3D@167 @MeshInstance3D@168 @Node3D@169 FlyingPlane @Camera3D@173 @MeshInstance3D@174 @MeshInstance3D@175 @MeshInstance3D@176 @MeshInstance3D@177 @MeshInstance3D@178 @MeshInstance3D@179 @MeshInstance3D@180 @MeshInstance3D@181 @MeshInstance3D@182 @MeshInstance3D@183 @MeshInstance3D@184 @MeshInstance3D@185 @MeshInstance3D@186 @MeshInstance3D@187 @MeshInstance3D@188 @MeshInstance3D@189 @MeshInstance3D@190 @MeshInstance3D@191 @MeshInstance3D@192 @MeshInstance3D@193 @MeshInstance3D@194 @MeshInstance3D@195 @MeshInstance3D@196 @MeshInstance3D@197 @MeshInstance3D@198 @MeshInstance3D@199 @MeshInstance3D@200 @MeshInstance3D@201 @MeshInstance3D@202 @MeshInstance3D@203 @MeshInstance3D@204 @MeshInstance3D@205 @MeshInstance3D@206 @MeshInstance3D@207 @MeshInstance3D@208 @MeshInstance3D@209 @MeshInstance3D@210 @MeshInstance3D@211 @MeshInstance3D@212 @MeshInstance3D@213 @MeshInstance3D@214 @MeshInstance3D@215 @CanvasLayer@217 @HTTPRequest@231 PiPLayer @HTTPRequest@240 OpeningAnimTimer 
[VERBATIM] ENTER _deploy_canopy gate=none
[VERBATIM] EXIT _deploy_canopy early=already_deployed_or_no_canopy
[DIAG] _physics_process: ENTER, state=3
[DIAG] _physics_process: camera target set to character (state: 3)
[VERBATIM] DIAGNOSIS turning block executed
[DIAG] _turn_input = 0.0
[DIAG] _physics_process: ENTER, state=3
[DIAG] _physics_process: camera target set to character (state: 3)
[VERBATIM] DIAGNOSIS turning block executed
[DIAG] _turn_input = 0.0
[DIAG] _poll_controls: ENTER, state=3
[VERBATIM] POLL: _poll_controls() entered, game_state=3
[VERBATIM] POLL: checking deploy state=3 canopy=true
[STEER_TELEM] canopy=true has_pc=false turn=0.0 state=3
[STEER_TELEM] /root/Main children: WorldEnvironment DirectionalLight3D AnimationPlayer HUD @MeshInstance3D@165 @MeshInstance3D@166 @MeshInstance3D@167 @MeshInstance3D@168 @Node3D@169 FlyingPlane @Camera3D@173 @MeshInstance3D@174 @MeshInstance3D@175 @MeshInstance3D@176 @MeshInstance3D@177 @MeshInstance3D@178 @MeshInstance3D@179 @MeshInstance3D@180 @MeshInstance3D@181 @MeshInstance3D@182 @MeshInstance3D@183 @MeshInstance3D@184 @MeshInstance3D@185 @MeshInstance3D@186 @MeshInstance3D@187 @MeshInstance3D@188 @MeshInstance3D@189 @MeshInstance3D@190 @MeshInstance3D@191 @MeshInstance3D@192 @MeshInstance3D@193 @MeshInstance3D@194 @MeshInstance3D@195 @MeshInstance3D@196 @MeshInstance3D@197 @MeshInstance3D@198 @MeshInstance3D@199 @MeshInstance3D@200 @MeshInstance3D@201 @MeshInstance3D@202 @MeshInstance3D@203 @MeshInstance3D@204 @MeshInstance3D@205 @MeshInstance3D@206 @MeshInstance3D@207 @MeshInstance3D@208 @MeshInstance3D@209 @MeshInstance3D@210 @MeshInstance3D@211 @MeshInstance3D@212 @MeshInstance3D@213 @MeshInstance3D@214 @MeshInstance3D@215 @CanvasLayer@217 @HTTPRequest@231 PiPLayer @HTTPRequest@240 OpeningAnimTimer 
[VERBATIM] ENTER _deploy_canopy gate=none
[VERBATIM] EXIT _deploy_canopy early=already_deployed_or_no_canopy
[DIAG] _physics_process: ENTER, state=3
[DIAG] _physics_process: camera target set to character (state: 3)
[VERBATIM] DIAGNOSIS turning block executed
[DIAG] _turn_input = 0.0
[DIAG] _physics_process: ENTER, state=3
[DIAG] _physics_process: camera target set to character (state: 3)
[VERBATIM] DIAGNOSIS turning block executed
[DIAG] _turn_input = 0.0
[DIAG] _poll_controls: ENTER, state=3
[VERBATIM] POLL: _poll_controls() entered, game_state=3
[VERBATIM] POLL: checking deploy state=3 canopy=true
[STEER_TELEM] canopy=true has_pc=false turn=0.0 state=3
[STEER_TELEM] /root/Main children: WorldEnvironment DirectionalLight3D AnimationPlayer HUD @MeshInstance3D@165 @MeshInstance3D@166 @MeshInstance3D@167 @MeshInstance3D@168 @Node3D@169 FlyingPlane @Camera3D@173 @MeshInstance3D@174 @MeshInstance3D@175 @MeshInstance3D@176 @MeshInstance3D@177 @MeshInstance3D@178 @MeshInstance3D@179 @MeshInstance3D@180 @MeshInstance3D@181 @MeshInstance3D@182 @MeshInstance3D@183 @MeshInstance3D@184 @MeshInstance3D@185 @MeshInstance3D@186 @MeshInstance3D@187 @MeshInstance3D@188 @MeshInstance3D@189 @MeshInstance3D@190 @MeshInstance3D@191 @MeshInstance3D@192 @MeshInstance3D@193 @MeshInstance3D@194 @MeshInstance3D@195 @MeshInstance3D@196 @MeshInstance3D@197 @MeshInstance3D@198 @MeshInstance3D@199 @MeshInstance3D@200 @MeshInstance3D@201 @MeshInstance3D@202 @MeshInstance3D@203 @MeshInstance3D@204 @MeshInstance3D@205 @MeshInstance3D@206 @MeshInstance3D@207 @MeshInstance3D@208 @MeshInstance3D@209 @MeshInstance3D@210 @MeshInstance3D@211 @MeshInstance3D@212 @MeshInstance3D@213 @MeshInstance3D@214 @MeshInstance3D@215 @CanvasLayer@217 @HTTPRequest@231 PiPLayer @HTTPRequest@240 OpeningAnimTimer 
[VERBATIM] ENTER _deploy_canopy gate=none
[VERBATIM] EXIT _deploy_canopy early=already_deployed_or_no_canopy
[DIAG] _physics_process: ENTER, state=3
[DIAG] _physics_process: camera target set to character (state: 3)
[VERBATIM] DIAGNOSIS turning block executed
[DIAG] _turn_input = 0.0
[DIAG] _physics_process: ENTER, state=3
[DIAG] _physics_process: camera target set to character (state: 3)
[VERBATIM] DIAGNOSIS turning block executed
[DIAG] _turn_input = 0.0
[DIAG] _poll_controls: ENTER, state=3
[VERBATIM] POLL: _poll_controls() entered, game_state=3
[VERBATIM] POLL: checking deploy state=3 canopy=true
[STEER_TELEM] canopy=true has_pc=false turn=0.0 state=3
[STEER_TELEM] /root/Main children: WorldEnvironment DirectionalLight3D AnimationPlayer HUD @MeshInstance3D@165 @MeshInstance3D@166 @MeshInstance3D@167 @MeshInstance3D@168 @Node3D@169 FlyingPlane @Camera3D@173 @MeshInstance3D@174 @MeshInstance3D@175 @MeshInstance3D@176 @MeshInstance3D@177 @MeshInstance3D@178 @MeshInstance3D@179 @MeshInstance3D@180 @MeshInstance3D@181 @MeshInstance3D@182 @MeshInstance3D@183 @MeshInstance3D@184 @MeshInstance3D@185 @MeshInstance3D@186 @MeshInstance3D@187 @MeshInstance3D@188 @MeshInstance3D@189 @MeshInstance3D@190 @MeshInstance3D@191 @MeshInstance3D@192 @MeshInstance3D@193 @MeshInstance3D@194 @MeshInstance3D@195 @MeshInstance3D@196 @MeshInstance3D@197 @MeshInstance3D@198 @MeshInstance3D@199 @MeshInstance3D@200 @MeshInstance3D@201 @MeshInstance3D@202 @MeshInstance3D@203 @MeshInstance3D@204 @MeshInstance3D@205 @MeshInstance3D@206 @MeshInstance3D@207 @MeshInstance3D@208 @MeshInstance3D@209 @MeshInstance3D@210 @MeshInstance3D@211 @MeshInstance3D@212 @MeshInstance3D@213 @MeshInstance3D@214 @MeshInstance3D@215 @CanvasLayer@217 @HTTPRequest@231 PiPLayer @HTTPRequest@240 OpeningAnimTimer 
[VERBATIM] ENTER _deploy_canopy gate=none
[VERBATIM] EXIT _deploy_canopy early=already_deployed_or_no_canopy
[DIAG] _physics_process: ENTER, state=3
[DIAG] _physics_process: camera target set to character (state: 3)
[VERBATIM] DIAGNOSIS turning block executed
[DIAG] _turn_input = 0.0
[DIAG] _physics_process: ENTER, state=3
[DIAG] _physics_process: camera target set to character (state: 3)
[VERBATIM] DIAGNOSIS turning block executed
[DIAG] _turn_input = 0.0
[DIAG] _poll_controls: ENTER, state=3
[VERBATIM] POLL: _poll_controls() entered, game_state=3
[VERBATIM] POLL: checking deploy state=3 canopy=true
[STEER_TELEM] canopy=true has_pc=false turn=0.0 state=3
[STEER_TELEM] /root/Main children: WorldEnvironment DirectionalLight3D AnimationPlayer HUD @MeshInstance3D@165 @MeshInstance3D@166 @MeshInstance3D@167 @MeshInstance3D@168 @Node3D@169 FlyingPlane @Camera3D@173 @MeshInstance3D@174 @MeshInstance3D@175 @MeshInstance3D@176 @MeshInstance3D@177 @MeshInstance3D@178 @MeshInstance3D@179 @MeshInstance3D@180 @MeshInstance3D@181 @MeshInstance3D@182 @MeshInstance3D@183 @MeshInstance3D@184 @MeshInstance3D@185 @MeshInstance3D@186 @MeshInstance3D@187 @MeshInstance3D@188 @MeshInstance3D@189 @MeshInstance3D@190 @MeshInstance3D@191 @MeshInstance3D@192 @MeshInstance3D@193 @MeshInstance3D@194 @MeshInstance3D@195 @MeshInstance3D@196 @MeshInstance3D@197 @MeshInstance3D@198 @MeshInstance3D@199 @MeshInstance3D@200 @MeshInstance3D@201 @MeshInstance3D@202 @MeshInstance3D@203 @MeshInstance3D@204 @MeshInstance3D@205 @MeshInstance3D@206 @MeshInstance3D@207 @MeshInstance3D@208 @MeshInstance3D@209 @MeshInstance3D@210 @MeshInstance3D@211 @MeshInstance3D@212 @MeshInstance3D@213 @MeshInstance3D@214 @MeshInstance3D@215 @CanvasLayer@217 @HTTPRequest@231 PiPLayer @HTTPRequest@240 OpeningAnimTimer 
[VERBATIM] ENTER _deploy_canopy gate=none
[VERBATIM] EXIT _deploy_canopy early=already_deployed_or_no_canopy
[DIAG] _physics_process: ENTER, state=3
[DIAG] _physics_process: camera target set to character (state: 3)
[VERBATIM] DIAGNOSIS turning block executed
[DIAG] _turn_input = 0.0
[DIAG] _physics_process: ENTER, state=3
[DIAG] _physics_process: camera target set to character (state: 3)
[VERBATIM] DIAGNOSIS turning block executed
[DIAG] _turn_input = 0.0
[DIAG] _poll_controls: ENTER, state=3
[VERBATIM] POLL: _poll_controls() entered, game_state=3
[VERBATIM] POLL: checking deploy state=3 canopy=true
[STEER_TELEM] canopy=true has_pc=false turn=0.0 state=3
[STEER_TELEM] /root/Main children: WorldEnvironment DirectionalLight3D AnimationPlayer HUD @MeshInstance3D@165 @MeshInstance3D@166 @MeshInstance3D@167 @MeshInstance3D@168 @Node3D@169 FlyingPlane @Camera3D@173 @MeshInstance3D@174 @MeshInstance3D@175 @MeshInstance3D@176 @MeshInstance3D@177 @MeshInstance3D@178 @MeshInstance3D@179 @MeshInstance3D@180 @MeshInstance3D@181 @MeshInstance3D@182 @MeshInstance3D@183 @MeshInstance3D@184 @MeshInstance3D@185 @MeshInstance3D@186 @MeshInstance3D@187 @MeshInstance3D@188 @MeshInstance3D@189 @MeshInstance3D@190 @MeshInstance3D@191 @MeshInstance3D@192 @MeshInstance3D@193 @MeshInstance3D@194 @MeshInstance3D@195 @MeshInstance3D@196 @MeshInstance3D@197 @MeshInstance3D@198 @MeshInstance3D@199 @MeshInstance3D@200 @MeshInstance3D@201 @MeshInstance3D@202 @MeshInstance3D@203 @MeshInstance3D@204 @MeshInstance3D@205 @MeshInstance3D@206 @MeshInstance3D@207 @MeshInstance3D@208 @MeshInstance3D@209 @MeshInstance3D@210 @MeshInstance3D@211 @MeshInstance3D@212 @MeshInstance3D@213 @MeshInstance3D@214 @MeshInstance3D@215 @CanvasLayer@217 @HTTPRequest@231 PiPLayer @HTTPRequest@240 OpeningAnimTimer 
[VERBATIM] ENTER _deploy_canopy gate=none
[VERBATIM] EXIT _deploy_canopy early=already_deployed_or_no_canopy
[DIAG] _physics_process: ENTER, state=3
[DIAG] _physics_process: camera target set to character (state: 3)
[VERBATIM] DIAGNOSIS turning block executed
[DIAG] _turn_input = 0.0
[DIAG] _physics_process: ENTER, state=3
[DIAG] _physics_process: camera target set to character (state: 3)
[VERBATIM] DIAGNOSIS turning block executed
[DIAG] _turn_input = 0.0
[DIAG] _poll_controls: ENTER, state=3
[VERBATIM] POLL: _poll_controls() entered, game_state=3
[VERBATIM] POLL: checking deploy state=3 canopy=true
[STEER_TELEM] canopy=true has_pc=false turn=0.0 state=3
[STEER_TELEM] /root/Main children: WorldEnvironment DirectionalLight3D AnimationPlayer HUD @MeshInstance3D@165 @MeshInstance3D@166 @MeshInstance3D@167 @MeshInstance3D@168 @Node3D@169 FlyingPlane @Camera3D@173 @MeshInstance3D@174 @MeshInstance3D@175 @MeshInstance3D@176 @MeshInstance3D@177 @MeshInstance3D@178 @MeshInstance3D@179 @MeshInstance3D@180 @MeshInstance3D@181 @MeshInstance3D@182 @MeshInstance3D@183 @MeshInstance3D@184 @MeshInstance3D@185 @MeshInstance3D@186 @MeshInstance3D@187 @MeshInstance3D@188 @MeshInstance3D@189 @MeshInstance3D@190 @MeshInstance3D@191 @MeshInstance3D@192 @MeshInstance3D@193 @MeshInstance3D@194 @MeshInstance3D@195 @MeshInstance3D@196 @MeshInstance3D@197 @MeshInstance3D@198 @MeshInstance3D@199 @MeshInstance3D@200 @MeshInstance3D@201 @MeshInstance3D@202 @MeshInstance3D@203 @MeshInstance3D@204 @MeshInstance3D@205 @MeshInstance3D@206 @MeshInstance3D@207 @MeshInstance3D@208 @MeshInstance3D@209 @MeshInstance3D@210 @MeshInstance3D@211 @MeshInstance3D@212 @MeshInstance3D@213 @MeshInstance3D@214 @MeshInstance3D@215 @CanvasLayer@217 @HTTPRequest@231 PiPLayer @HTTPRequest@240 OpeningAnimTimer 
[VERBATIM] ENTER _deploy_canopy gate=none
[VERBATIM] EXIT _deploy_canopy early=already_deployed_or_no_canopy
[DIAG] _physics_process: ENTER, state=3
[DIAG] _physics_process: camera target set to character (state: 3)
[VERBATIM] DIAGNOSIS turning block executed
[DIAG] _turn_input = 0.0
[DIAG] _physics_process: ENTER, state=3
[DIAG] _physics_process: camera target set to character (state: 3)
[VERBATIM] DIAGNOSIS turning block executed
[DIAG] _turn_input = 0.0
[DIAG] _poll_controls: ENTER, state=3
[VERBATIM] POLL: _poll_controls() entered, game_state=3
[VERBATIM] POLL: checking deploy state=3 canopy=true
[STEER_TELEM] canopy=true has_pc=false turn=0.0 state=3
[STEER_TELEM] /root/Main children: WorldEnvironment DirectionalLight3D AnimationPlayer HUD @MeshInstance3D@165 @MeshInstance3D@166 @MeshInstance3D@167 @MeshInstance3D@168 @Node3D@169 FlyingPlane @Camera3D@173 @MeshInstance3D@174 @MeshInstance3D@175 @MeshInstance3D@176 @MeshInstance3D@177 @MeshInstance3D@178 @MeshInstance3D@179 @MeshInstance3D@180 @MeshInstance3D@181 @MeshInstance3D@182 @MeshInstance3D@183 @MeshInstance3D@184 @MeshInstance3D@185 @MeshInstance3D@186 @MeshInstance3D@187 @MeshInstance3D@188 @MeshInstance3D@189 @MeshInstance3D@190 @MeshInstance3D@191 @MeshInstance3D@192 @MeshInstance3D@193 @MeshInstance3D@194 @MeshInstance3D@195 @MeshInstance3D@196 @MeshInstance3D@197 @MeshInstance3D@198 @MeshInstance3D@199 @MeshInstance3D@200 @MeshInstance3D@201 @MeshInstance3D@202 @MeshInstance3D@203 @MeshInstance3D@204 @MeshInstance3D@205 @MeshInstance3D@206 @MeshInstance3D@207 @MeshInstance3D@208 @MeshInstance3D@209 @MeshInstance3D@210 @MeshInstance3D@211 @MeshInstance3D@212 @MeshInstance3D@213 @MeshInstance3D@214 @MeshInstance3D@215 @CanvasLayer@217 @HTTPRequest@231 PiPLayer @HTTPRequest@240 OpeningAnimTimer 
[VERBATIM] ENTER _deploy_canopy gate=none
[VERBATIM] EXIT _deploy_canopy early=already_deployed_or_no_canopy
[DIAG] _physics_process: ENTER, state=3
[DIAG] _physics_process: camera target set to character (state: 3)
[VERBATIM] DIAGNOSIS turning block executed
[DIAG] _turn_input = 0.0
[DIAG] _physics_process: ENTER, state=3
[DIAG] _physics_process: camera target set to character (state: 3)
[VERBATIM] DIAGNOSIS turning block executed
[DIAG] _turn_input = 0.0
[DIAG] _poll_controls: ENTER, state=3
[VERBATIM] POLL: _poll_controls() entered, game_state=3
[VERBATIM] POLL: checking deploy state=3 canopy=true
[STEER_TELEM] canopy=true has_pc=false turn=0.0 state=3
[STEER_TELEM] /root/Main children: WorldEnvironment DirectionalLight3D AnimationPlayer HUD @MeshInstance3D@165 @MeshInstance3D@166 @MeshInstance3D@167 @MeshInstance3D@168 @Node3D@169 FlyingPlane @Camera3D@173 @MeshInstance3D@174 @MeshInstance3D@175 @MeshInstance3D@176 @MeshInstance3D@177 @MeshInstance3D@178 @MeshInstance3D@179 @MeshInstance3D@180 @MeshInstance3D@181 @MeshInstance3D@182 @MeshInstance3D@183 @MeshInstance3D@184 @MeshInstance3D@185 @MeshInstance3D@186 @MeshInstance3D@187 @MeshInstance3D@188 @MeshInstance3D@189 @MeshInstance3D@190 @MeshInstance3D@191 @MeshInstance3D@192 @MeshInstance3D@193 @MeshInstance3D@194 @MeshInstance3D@195 @MeshInstance3D@196 @MeshInstance3D@197 @MeshInstance3D@198 @MeshInstance3D@199 @MeshInstance3D@200 @MeshInstance3D@201 @MeshInstance3D@202 @MeshInstance3D@203 @MeshInstance3D@204 @MeshInstance3D@205 @MeshInstance3D@206 @MeshInstance3D@207 @MeshInstance3D@208 @MeshInstance3D@209 @MeshInstance3D@210 @MeshInstance3D@211 @MeshInstance3D@212 @MeshInstance3D@213 @MeshInstance3D@214 @MeshInstance3D@215 @CanvasLayer@217 @HTTPRequest@231 PiPLayer @HTTPRequest@240 OpeningAnimTimer 
[VERBATIM] ENTER _deploy_canopy gate=none
[VERBATIM] EXIT _deploy_canopy early=already_deployed_or_no_canopy
[DIAG] _physics_process: ENTER, state=3
[DIAG] _physics_process: camera target set to character (state: 3)
[VERBATIM] DIAGNOSIS turning block executed
[DIAG] _turn_input = 0.0
[DIAG] _physics_process: ENTER, state=3
[DIAG] _physics_process: camera target set to character (state: 3)
[VERBATIM] DIAGNOSIS turning block executed
[DIAG] _turn_input = 0.0
[DIAG] _poll_controls: ENTER, state=3
[VERBATIM] POLL: _poll_controls() entered, game_state=3
[VERBATIM] POLL: checking deploy state=3 canopy=true
[STEER_TELEM] canopy=true has_pc=false turn=0.0 state=3
[STEER_TELEM] /root/Main children: WorldEnvironment DirectionalLight3D AnimationPlayer HUD @MeshInstance3D@165 @MeshInstance3D@166 @MeshInstance3D@167 @MeshInstance3D@168 @Node3D@169 FlyingPlane @Camera3D@173 @MeshInstance3D@174 @MeshInstance3D@175 @MeshInstance3D@176 @MeshInstance3D@177 @MeshInstance3D@178 @MeshInstance3D@179 @MeshInstance3D@180 @MeshInstance3D@181 @MeshInstance3D@182 @MeshInstance3D@183 @MeshInstance3D@184 @MeshInstance3D@185 @MeshInstance3D@186 @MeshInstance3D@187 @MeshInstance3D@188 @MeshInstance3D@189 @MeshInstance3D@190 @MeshInstance3D@191 @MeshInstance3D@192 @MeshInstance3D@193 @MeshInstance3D@194 @MeshInstance3D@195 @MeshInstance3D@196 @MeshInstance3D@197 @MeshInstance3D@198 @MeshInstance3D@199 @MeshInstance3D@200 @MeshInstance3D@201 @MeshInstance3D@202 @MeshInstance3D@203 @MeshInstance3D@204 @MeshInstance3D@205 @MeshInstance3D@206 @MeshInstance3D@207 @MeshInstance3D@208 @MeshInstance3D@209 @MeshInstance3D@210 @MeshInstance3D@211 @MeshInstance3D@212 @MeshInstance3D@213 @MeshInstance3D@214 @MeshInstance3D@215 @CanvasLayer@217 @HTTPRequest@231 PiPLayer @HTTPRequest@240 OpeningAnimTimer 
[VERBATIM] ENTER _deploy_canopy gate=none
[VERBATIM] EXIT _deploy_canopy early=already_deployed_or_no_canopy
[DIAG] _physics_process: ENTER, state=3
[DIAG] _physics_process: camera target set to character (state: 3)
[VERBATIM] DIAGNOSIS turning block executed
[DIAG] _turn_input = 0.0
[DIAG] _physics_process: ENTER, state=3
[DIAG] _physics_process: camera target set to character (state: 3)
[VERBATIM] DIAGNOSIS turning block executed
[DIAG] _turn_input = 0.0
[DIAG] _poll_controls: ENTER, state=3
[VERBATIM] POLL: _poll_controls() entered, game_state=3
[VERBATIM] POLL: checking deploy state=3 canopy=true
[STEER_TELEM] canopy=true has_pc=false turn=0.0 state=3
[STEER_TELEM] /root/Main children: WorldEnvironment DirectionalLight3D AnimationPlayer HUD @MeshInstance3D@165 @MeshInstance3D@166 @MeshInstance3D@167 @MeshInstance3D@168 @Node3D@169 FlyingPlane @Camera3D@173 @MeshInstance3D@174 @MeshInstance3D@175 @MeshInstance3D@176 @MeshInstance3D@177 @MeshInstance3D@178 @MeshInstance3D@179 @MeshInstance3D@180 @MeshInstance3D@181 @MeshInstance3D@182 @MeshInstance3D@183 @MeshInstance3D@184 @MeshInstance3D@185 @MeshInstance3D@186 @MeshInstance3D@187 @MeshInstance3D@188 @MeshInstance3D@189 @MeshInstance3D@190 @MeshInstance3D@191 @MeshInstance3D@192 @MeshInstance3D@193 @MeshInstance3D@194 @MeshInstance3D@195 @MeshInstance3D@196 @MeshInstance3D@197 @MeshInstance3D@198 @MeshInstance3D@199 @MeshInstance3D@200 @MeshInstance3D@201 @MeshInstance3D@202 @MeshInstance3D@203 @MeshInstance3D@204 @MeshInstance3D@205 @MeshInstance3D@206 @MeshInstance3D@207 @MeshInstance3D@208 @MeshInstance3D@209 @MeshInstance3D@210 @MeshInstance3D@211 @MeshInstance3D@212 @MeshInstance3D@213 @MeshInstance3D@214 @MeshInstance3D@215 @CanvasLayer@217 @HTTPRequest@231 PiPLayer @HTTPRequest@240 OpeningAnimTimer 
[VERBATIM] ENTER _deploy_canopy gate=none
[VERBATIM] EXIT _deploy_canopy early=already_deployed_or_no_canopy
[DIAG] _physics_process: ENTER, state=3
[DIAG] _physics_process: camera target set to character (state: 3)
[VERBATIM] DIAGNOSIS turning block executed
[DIAG] _turn_input = 0.0
[DIAG] _physics_process: ENTER, state=3
[DIAG] _physics_process: camera target set to character (state: 3)
[VERBATIM] DIAGNOSIS turning block executed
[DIAG] _turn_input = 0.0
[DIAG] _poll_controls: ENTER, state=3
[VERBATIM] POLL: _poll_controls() entered, game_state=3
[VERBATIM] POLL: checking deploy state=3 canopy=true
[STEER_TELEM] canopy=true has_pc=false turn=0.0 state=3
[STEER_TELEM] /root/Main children: WorldEnvironment DirectionalLight3D AnimationPlayer HUD @MeshInstance3D@165 @MeshInstance3D@166 @MeshInstance3D@167 @MeshInstance3D@168 @Node3D@169 FlyingPlane @Camera3D@173 @MeshInstance3D@174 @MeshInstance3D@175 @MeshInstance3D@176 @MeshInstance3D@177 @MeshInstance3D@178 @MeshInstance3D@179 @MeshInstance3D@180 @MeshInstance3D@181 @MeshInstance3D@182 @MeshInstance3D@183 @MeshInstance3D@184 @MeshInstance3D@185 @MeshInstance3D@186 @MeshInstance3D@187 @MeshInstance3D@188 @MeshInstance3D@189 @MeshInstance3D@190 @MeshInstance3D@191 @MeshInstance3D@192 @MeshInstance3D@193 @MeshInstance3D@194 @MeshInstance3D@195 @MeshInstance3D@196 @MeshInstance3D@197 @MeshInstance3D@198 @MeshInstance3D@199 @MeshInstance3D@200 @MeshInstance3D@201 @MeshInstance3D@202 @MeshInstance3D@203 @MeshInstance3D@204 @MeshInstance3D@205 @MeshInstance3D@206 @MeshInstance3D@207 @MeshInstance3D@208 @MeshInstance3D@209 @MeshInstance3D@210 @MeshInstance3D@211 @MeshInstance3D@212 @MeshInstance3D@213 @MeshInstance3D@214 @MeshInstance3D@215 @CanvasLayer@217 @HTTPRequest@231 PiPLayer @HTTPRequest@240 OpeningAnimTimer 
[VERBATIM] ENTER _deploy_canopy gate=none
[VERBATIM] EXIT _deploy_canopy early=already_deployed_or_no_canopy
[DIAG] _physics_process: ENTER, state=3
[DIAG] _physics_process: camera target set to character (state: 3)
[VERBATIM] DIAGNOSIS turning block executed
[DIAG] _turn_input = 0.0
[DIAG] _physics_process: ENTER, state=3
[DIAG] _physics_process: camera target set to character (state: 3)
[VERBATIM] DIAGNOSIS turning block executed
[DIAG] _turn_input = 0.0
[DIAG] _poll_controls: ENTER, state=3
[VERBATIM] POLL: _poll_controls() entered, game_state=3
[VERBATIM] POLL: checking deploy state=3 canopy=true
[STEER_TELEM] canopy=true has_pc=false turn=0.0 state=3
