[DIAG] _physics_process: IN_PLANE returning
[DIAG] _poll_controls: ENTER, state=0
[VERBATIM] POLL: _poll_controls() entered, game_state=0
[DIAG] _poll_controls: EXIT (IN_PLANE branch)
[DIAG] _physics_process: ENTER, state=0
[DIAG] _physics_process: IN_PLANE branch entered
[DIAG] _physics_process: plane position updated to (761.3773, 1853.8, 245.5702)
[DIAG] _physics_process: checking camera follow
[DIAG] _physics_process: plane and camera valid, updating camera
[DIAG] _physics_process: camera moved from (762.1105, 1905.516, 76.10104) to (761.3773, 1905.516, 78.38628)
[DIAG] _physics_process: IN_PLANE returning
[DIAG] _physics_process: ENTER, state=0
[DIAG] _physics_process: IN_PLANE branch entered
[DIAG] _physics_process: plane position updated to (760.6371, 1853.8, 247.8532)
[DIAG] _physics_process: checking camera follow
[DIAG] _physics_process: plane and camera valid, updating camera
[DIAG] _physics_process: camera moved from (761.3773, 1905.516, 78.38628) to (760.6371, 1905.516, 80.6693)
[DIAG] _physics_process: IN_PLANE returning
[DIAG] _poll_controls: ENTER, state=0
[VERBATIM] POLL: _poll_controls() entered, game_state=0
[DIAG] _poll_controls: EXIT (IN_PLANE branch)
[DIAG] _physics_process: ENTER, state=0
[DIAG] _physics_process: IN_PLANE branch entered
[DIAG] _physics_process: plane position updated to (759.8901, 1853.8, 250.134)
[DIAG] _physics_process: checking camera follow
[DIAG] _physics_process: plane and camera valid, updating camera
[DIAG] _physics_process: camera moved from (760.6371, 1905.516, 80.6693) to (759.8901, 1905.516, 82.95009)
[DIAG] _physics_process: IN_PLANE returning
[DIAG] _physics_process: ENTER, state=0
[DIAG] _physics_process: IN_PLANE branch entered
[DIAG] _physics_process: plane position updated to (759.1363, 1853.8, 252.4125)
[DIAG] _physics_process: checking camera follow
[DIAG] _physics_process: plane and camera valid, updating camera
[DIAG] _physics_process: camera moved from (759.8901, 1905.516, 82.95009) to (759.1363, 1905.516, 85.22862)
[DIAG] _physics_process: IN_PLANE returning
[DIAG] _poll_controls: ENTER, state=0
[VERBATIM] POLL: _poll_controls() entered, game_state=0
[DIAG] _poll_controls: EXIT (IN_PLANE branch)
[DIAG] _physics_process: ENTER, state=0
[DIAG] _physics_process: IN_PLANE branch entered
[DIAG] _physics_process: plane position updated to (758.3757, 1853.8, 254.6888)
[DIAG] _physics_process: checking camera follow
[DIAG] _physics_process: plane and camera valid, updating camera
[DIAG] _physics_process: camera moved from (759.1363, 1905.516, 85.22862) to (758.3757, 1905.516, 87.5049)
[DIAG] _physics_process: IN_PLANE returning
[DIAG] _physics_process: ENTER, state=0
[DIAG] _physics_process: IN_PLANE branch entered
[DIAG] _physics_process: plane position updated to (757.6082, 1853.8, 256.9628)
[DIAG] _physics_process: checking camera follow
[DIAG] _physics_process: plane and camera valid, updating camera
[DIAG] _physics_process: camera moved from (758.3757, 1905.516, 87.5049) to (757.6082, 1905.516, 89.77888)
[DIAG] _physics_process: IN_PLANE returning
[DIAG] _poll_controls: ENTER, state=0
[VERBATIM] POLL: _poll_controls() entered, game_state=0
[DIAG] _poll_controls: EXIT (IN_PLANE branch)
[DIAG] _physics_process: ENTER, state=0
[DIAG] _physics_process: IN_PLANE branch entered
[DIAG] _physics_process: plane position updated to (756.8339, 1853.8, 259.2344)
[DIAG] _physics_process: checking camera follow
[DIAG] _physics_process: plane and camera valid, updating camera
[DIAG] _physics_process: camera moved from (757.6082, 1905.516, 89.77888) to (756.8339, 1905.516, 92.05055)
[DIAG] _physics_process: IN_PLANE returning
[DIAG] _physics_process: ENTER, state=0
[DIAG] _physics_process: IN_PLANE branch entered
[DIAG] _physics_process: plane position updated to (756.0528, 1853.8, 261.5038)
[DIAG] _physics_process: checking camera follow
[DIAG] _physics_process: plane and camera valid, updating camera
[DIAG] _physics_process: camera moved from (756.8339, 1905.516, 92.05055) to (756.0528, 1905.516, 94.31987)
[DIAG] _physics_process: IN_PLANE returning
[DIAG] _poll_controls: ENTER, state=0
[VERBATIM] POLL: _poll_controls() entered, game_state=0
[DIAG] _poll_controls: EXIT (IN_PLANE branch)
[DIAG] _physics_process: ENTER, state=0
[DIAG] _physics_process: IN_PLANE branch entered
[DIAG] _physics_process: plane position updated to (755.2648, 1853.8, 263.7707)
[DIAG] _physics_process: checking camera follow
[DIAG] _physics_process: plane and camera valid, updating camera
[DIAG] _physics_process: camera moved from (756.0528, 1905.516, 94.31987) to (755.2648, 1905.516, 96.58684)
[DIAG] _physics_process: IN_PLANE returning
[DIAG] _physics_process: ENTER, state=0
[DIAG] _physics_process: IN_PLANE branch entered
[DIAG] _physics_process: plane position updated to (754.4702, 1853.8, 266.0353)
[DIAG] _physics_process: checking camera follow
[DIAG] _physics_process: plane and camera valid, updating camera
[DIAG] _physics_process: camera moved from (755.2648, 1905.516, 96.58684) to (754.4702, 1905.516, 98.85146)
[DIAG] _physics_process: IN_PLANE returning
[DIAG] _poll_controls: ENTER, state=0
[VERBATIM] POLL: _poll_controls() entered, game_state=0
[DIAG] _poll_controls: EXIT (IN_PLANE branch)
[DIAG] _physics_process: ENTER, state=0
[DIAG] _physics_process: IN_PLANE branch entered
[DIAG] _physics_process: plane position updated to (753.6686, 1853.8, 268.2975)
[DIAG] _physics_process: checking camera follow
[DIAG] _physics_process: plane and camera valid, updating camera
[DIAG] _physics_process: camera moved from (754.4702, 1905.516, 98.85146) to (753.6686, 1905.516, 101.1137)
[DIAG] _physics_process: IN_PLANE returning
[DIAG] _physics_process: ENTER, state=0
[DIAG] _physics_process: IN_PLANE branch entered
[DIAG] _physics_process: plane position updated to (752.8604, 1853.8, 270.5573)
[DIAG] _physics_process: checking camera follow
[DIAG] _physics_process: plane and camera valid, updating camera
[DIAG] _physics_process: camera moved from (753.6686, 1905.516, 101.1137) to (752.8604, 1905.516, 103.3735)
[DIAG] _physics_process: IN_PLANE returning
[DIAG] _poll_controls: ENTER, state=0
[VERBATIM] POLL: _poll_controls() entered, game_state=0
[DIAG] _poll_controls: EXIT (IN_PLANE branch)
[DIAG] _physics_process: ENTER, state=0
[DIAG] _physics_process: IN_PLANE branch entered
[DIAG] _physics_process: plane position updated to (752.0453, 1853.8, 272.8147)
[DIAG] _physics_process: checking camera follow
[DIAG] _physics_process: plane and camera valid, updating camera
[DIAG] _physics_process: camera moved from (752.8604, 1905.516, 103.3735) to (752.0453, 1905.516, 105.6308)
[DIAG] _physics_process: IN_PLANE returning
[DIAG] _physics_process: ENTER, state=0
[DIAG] _physics_process: IN_PLANE branch entered
[DIAG] _physics_process: plane position updated to (751.2234, 1853.8, 275.0696)
[DIAG] _physics_process: checking camera follow
[DIAG] _physics_process: plane and camera valid, updating camera
[DIAG] _physics_process: camera moved from (752.0453, 1905.516, 105.6308) to (751.2234, 1905.516, 107.8857)
[DIAG] _physics_process: IN_PLANE returning
[DIAG] _poll_controls: ENTER, state=0
[VERBATIM] POLL: _poll_controls() entered, game_state=0
[DIAG] _poll_controls: EXIT (IN_PLANE branch)
[DIAG] _physics_process: ENTER, state=0
[DIAG] _physics_process: IN_PLANE branch entered
[DIAG] _physics_process: plane position updated to (750.3949, 1853.8, 277.322)
[DIAG] _physics_process: checking camera follow
[DIAG] _physics_process: plane and camera valid, updating camera
[DIAG] _physics_process: camera moved from (751.2234, 1905.516, 107.8857) to (750.3949, 1905.516, 110.1381)
[DIAG] _physics_process: IN_PLANE returning
[DIAG] _physics_process: ENTER, state=0
[DIAG] _physics_process: IN_PLANE branch entered
[DIAG] _physics_process: plane position updated to (749.5596, 1853.8, 279.572)
[DIAG] _physics_process: checking camera follow
[DIAG] _physics_process: plane and camera valid, updating camera
[DIAG] _physics_process: camera moved from (750.3949, 1905.516, 110.1381) to (749.5596, 1905.516, 112.3881)
[DIAG] _physics_process: IN_PLANE returning
[DIAG] _poll_controls: ENTER, state=0
[VERBATIM] POLL: _poll_controls() entered, game_state=0
[DIAG] _poll_controls: EXIT (IN_PLANE branch)
[DIAG] _physics_process: ENTER, state=0
[DIAG] _physics_process: IN_PLANE branch entered
[DIAG] _physics_process: plane position updated to (748.7175, 1853.8, 281.8194)
[DIAG] _physics_process: checking camera follow
[DIAG] _physics_process: plane and camera valid, updating camera
[DIAG] _physics_process: camera moved from (749.5596, 1905.516, 112.3881) to (748.7175, 1905.516, 114.6355)
[DIAG] _physics_process: IN_PLANE returning
[PIPLIVE] eye=(100.0, 1830.5, -100.0) state=0 deployed=false framing=aircraft/sky
[DIAG] _physics_process: ENTER, state=0
[DIAG] _physics_process: IN_PLANE branch entered
[DIAG] _physics_process: plane position updated to (747.8687, 1853.8, 284.0643)
[DIAG] _physics_process: checking camera follow
[DIAG] _physics_process: plane and camera valid, updating camera
[DIAG] _physics_process: camera moved from (748.7175, 1905.516, 114.6355) to (747.8687, 1905.516, 116.8804)
[DIAG] _physics_process: IN_PLANE returning
[DIAG] _poll_controls: ENTER, state=0
[VERBATIM] POLL: _poll_controls() entered, game_state=0
[DIAG] _poll_controls: EXIT (IN_PLANE branch)
[VERBATIM] Wind updated: 12.5 kts @ 240.0°
[DIAG] _physics_process: ENTER, state=0
[DIAG] _physics_process: IN_PLANE branch entered
[DIAG] _physics_process: plane position updated to (747.0131, 1853.8, 286.3066)
[DIAG] _physics_process: checking camera follow
[DIAG] _physics_process: plane and camera valid, updating camera
[DIAG] _physics_process: camera moved from (747.8687, 1905.516, 116.8804) to (747.0131, 1905.516, 119.1227)
[DIAG] _physics_process: IN_PLANE returning
[DIAG] _physics_process: ENTER, state=0
[DIAG] _physics_process: IN_PLANE branch entered
[DIAG] _physics_process: plane position updated to (746.1508, 1853.8, 288.5463)
[DIAG] _physics_process: checking camera follow
[DIAG] _physics_process: plane and camera valid, updating camera
[DIAG] _physics_process: camera moved from (747.0131, 1905.516, 119.1227) to (746.1508, 1905.516, 121.3624)
[DIAG] _physics_process: IN_PLANE returning
[DIAG] _poll_controls: ENTER, state=0
[VERBATIM] POLL: _poll_controls() entered, game_state=0
[DIAG] _poll_controls: EXIT (IN_PLANE branch)
[DIAG] _physics_process: ENTER, state=0
[DIAG] _physics_process: IN_PLANE branch entered
[DIAG] _physics_process: plane position updated to (745.2818, 1853.8, 290.7835)
[DIAG] _physics_process: checking camera follow
[DIAG] _physics_process: plane and camera valid, updating camera
[DIAG] _physics_process: camera moved from (746.1508, 1905.516, 121.3624) to (745.2818, 1905.516, 123.5996)
[DIAG] _physics_process: IN_PLANE returning
[DIAG] _physics_process: ENTER, state=0
[DIAG] _physics_process: IN_PLANE branch entered
[DIAG] _physics_process: plane position updated to (744.4061, 1853.8, 293.018)
[DIAG] _physics_process: checking camera follow
[DIAG] _physics_process: plane and camera valid, updating camera
[DIAG] _physics_process: camera moved from (745.2818, 1905.516, 123.5996) to (744.4061, 1905.516, 125.8342)
[DIAG] _physics_process: IN_PLANE returning
[DIAG] _poll_controls: ENTER, state=0
[VERBATIM] POLL: _poll_controls() entered, game_state=0
[DIAG] _poll_controls: EXIT (IN_PLANE branch)
[DIAG] _physics_process: ENTER, state=0
[DIAG] _physics_process: IN_PLANE branch entered
[DIAG] _physics_process: plane position updated to (743.5237, 1853.8, 295.2499)
[DIAG] _physics_process: checking camera follow
[DIAG] _physics_process: plane and camera valid, updating camera
[DIAG] _physics_process: camera moved from (744.4061, 1905.516, 125.8342) to (743.5237, 1905.516, 128.066)
[DIAG] _physics_process: IN_PLANE returning
[DIAG] _physics_process: ENTER, state=0
[DIAG] _physics_process: IN_PLANE branch entered
[DIAG] _physics_process: plane position updated to (742.6346, 1853.8, 297.4792)
[DIAG] _physics_process: checking camera follow
[DIAG] _physics_process: plane and camera valid, updating camera
[DIAG] _physics_process: camera moved from (743.5237, 1905.516, 128.066) to (742.6346, 1905.516, 130.2953)
[DIAG] _physics_process: IN_PLANE returning
[DIAG] _poll_controls: ENTER, state=0
[VERBATIM] POLL: _poll_controls() entered, game_state=0
[DIAG] _poll_controls: EXIT (IN_PLANE branch)
[DIAG] _physics_process: ENTER, state=0
[DIAG] _physics_process: IN_PLANE branch entered
[DIAG] _physics_process: plane position updated to (741.7388, 1853.8, 299.7057)
[DIAG] _physics_process: checking camera follow
[DIAG] _physics_process: plane and camera valid, updating camera
[DIAG] _physics_process: camera moved from (742.6346, 1905.516, 130.2953) to (741.7388, 1905.516, 132.5218)
[DIAG] _physics_process: IN_PLANE returning
[DIAG] _physics_process: ENTER, state=0
[DIAG] _physics_process: IN_PLANE branch entered
[DIAG] _physics_process: plane position updated to (740.8364, 1853.8, 301.9296)
[DIAG] _physics_process: checking camera follow
[DIAG] _physics_process: plane and camera valid, updating camera
[DIAG] _physics_process: camera moved from (741.7388, 1905.516, 132.5218) to (740.8364, 1905.516, 134.7457)
[DIAG] _physics_process: IN_PLANE returning
[DIAG] _physics_process: ENTER, state=0
[DIAG] _physics_process: IN_PLANE branch entered
[DIAG] _physics_process: plane position updated to (739.9272, 1853.8, 304.1507)
[DIAG] _physics_process: checking camera follow
[DIAG] _physics_process: plane and camera valid, updating camera
[DIAG] _physics_process: camera moved from (740.8364, 1905.516, 134.7457) to (739.9272, 1905.516, 136.9668)
[DIAG] _physics_process: IN_PLANE returning
[DIAG] _poll_controls: ENTER, state=0
[VERBATIM] POLL: _poll_controls() entered, game_state=0
[DIAG] _poll_controls: EXIT (IN_PLANE branch)
[DIAG] _physics_process: ENTER, state=0
[DIAG] _physics_process: IN_PLANE branch entered
[DIAG] _physics_process: plane position updated to (739.0115, 1853.8, 306.3691)
[DIAG] _physics_process: checking camera follow
[DIAG] _physics_process: plane and camera valid, updating camera
[DIAG] _physics_process: camera moved from (739.9272, 1905.516, 136.9668) to (739.0115, 1905.516, 139.1853)
[DIAG] _physics_process: IN_PLANE returning
[DIAG] _physics_process: ENTER, state=0
[DIAG] _physics_process: IN_PLANE branch entered
[DIAG] _physics_process: plane position updated to (738.0891, 1853.8, 308.5848)
[DIAG] _physics_process: checking camera follow
[DIAG] _physics_process: plane and camera valid, updating camera
[DIAG] _physics_process: camera moved from (739.0115, 1905.516, 139.1853) to (738.0891, 1905.516, 141.4009)
[DIAG] _physics_process: IN_PLANE returning
[DIAG] _poll_controls: ENTER, state=0
[VERBATIM] POLL: _poll_controls() entered, game_state=0
[DIAG] _poll_controls: EXIT (IN_PLANE branch)
[DIAG] _physics_process: ENTER, state=0
[DIAG] _physics_process: IN_PLANE branch entered
[DIAG] _physics_process: plane position updated to (737.16, 1853.8, 310.7977)
[DIAG] _physics_process: checking camera follow
[DIAG] _physics_process: plane and camera valid, updating camera
[DIAG] _physics_process: camera moved from (738.0891, 1905.516, 141.4009) to (737.16, 1905.516, 143.6138)
[DIAG] _physics_process: IN_PLANE returning
[DIAG] _physics_process: ENTER, state=0
[DIAG] _physics_process: IN_PLANE branch entered
[DIAG] _physics_process: plane position updated to (736.2242, 1853.8, 313.0078)
[DIAG] _physics_process: checking camera follow
[DIAG] _physics_process: plane and camera valid, updating camera
[DIAG] _physics_process: camera moved from (737.16, 1905.516, 143.6138) to (736.2242, 1905.516, 145.8239)
[DIAG] _physics_process: IN_PLANE returning
[DIAG] _poll_controls: ENTER, state=0
[VERBATIM] POLL: _poll_controls() entered, game_state=0
[DIAG] _poll_controls: EXIT (IN_PLANE branch)
[DIAG] _physics_process: ENTER, state=0
[DIAG] _physics_process: IN_PLANE branch entered
[DIAG] _physics_process: plane position updated to (735.2819, 1853.8, 315.215)
[DIAG] _physics_process: checking camera follow
[DIAG] _physics_process: plane and camera valid, updating camera
[DIAG] _physics_process: camera moved from (736.2242, 1905.516, 145.8239) to (735.2819, 1905.516, 148.0311)
[DIAG] _physics_process: IN_PLANE returning
[DIAG] _physics_process: ENTER, state=0
[DIAG] _physics_process: IN_PLANE branch entered
[DIAG] _physics_process: plane position updated to (734.3329, 1853.8, 317.4194)
[DIAG] _physics_process: checking camera follow
[DIAG] _physics_process: plane and camera valid, updating camera
[DIAG] _physics_process: camera moved from (735.2819, 1905.516, 148.0311) to (734.3329, 1905.516, 150.2355)
[DIAG] _physics_process: IN_PLANE returning
[DIAG] _poll_controls: ENTER, state=0
[VERBATIM] POLL: _poll_controls() entered, game_state=0
[DIAG] _poll_controls: EXIT (IN_PLANE branch)
[DIAG] _physics_process: ENTER, state=0
[DIAG] _physics_process: IN_PLANE branch entered
[DIAG] _physics_process: plane position updated to (733.3774, 1853.8, 319.621)
[DIAG] _physics_process: checking camera follow
[DIAG] _physics_process: plane and camera valid, updating camera
[DIAG] _physics_process: camera moved from (734.3329, 1905.516, 150.2355) to (733.3774, 1905.516, 152.4371)
[DIAG] _physics_process: IN_PLANE returning
[DIAG] _physics_process: ENTER, state=0
[DIAG] _physics_process: IN_PLANE branch entered
[DIAG] _physics_process: plane position updated to (732.4152, 1853.8, 321.8197)
[DIAG] _physics_process: checking camera follow
[DIAG] _physics_process: plane and camera valid, updating camera
[DIAG] _physics_process: camera moved from (733.3774, 1905.516, 152.4371) to (732.4152, 1905.516, 154.6358)
[DIAG] _physics_process: IN_PLANE returning
[DIAG] _poll_controls: ENTER, state=0
[VERBATIM] POLL: _poll_controls() entered, game_state=0
[DIAG] _poll_controls: EXIT (IN_PLANE branch)
[DIAG] _physics_process: ENTER, state=0
[DIAG] _physics_process: IN_PLANE branch entered
[DIAG] _physics_process: plane position updated to (731.4465, 1853.8, 324.0155)
[DIAG] _physics_process: checking camera follow
[DIAG] _physics_process: plane and camera valid, updating camera
[DIAG] _physics_process: camera moved from (732.4152, 1905.516, 154.6358) to (731.4465, 1905.516, 156.8316)
[DIAG] _physics_process: IN_PLANE returning
[DIAG] _physics_process: ENTER, state=0
[DIAG] _physics_process: IN_PLANE branch entered
[DIAG] _physics_process: plane position updated to (730.4711, 1853.8, 326.2084)
[DIAG] _physics_process: checking camera follow
[DIAG] _physics_process: plane and camera valid, updating camera
[DIAG] _physics_process: camera moved from (731.4465, 1905.516, 156.8316) to (730.4711, 1905.516, 159.0245)
[DIAG] _physics_process: IN_PLANE returning
[DIAG] _poll_controls: ENTER, state=0
[VERBATIM] POLL: _poll_controls() entered, game_state=0
[DIAG] _poll_controls: EXIT (IN_PLANE branch)
[DIAG] _physics_process: ENTER, state=0
[DIAG] _physics_process: IN_PLANE branch entered
[DIAG] _physics_process: plane position updated to (729.4893, 1853.8, 328.3983)
[DIAG] _physics_process: checking camera follow
[DIAG] _physics_process: plane and camera valid, updating camera
[DIAG] _physics_process: camera moved from (730.4711, 1905.516, 159.0245) to (729.4893, 1905.516, 161.2144)
[DIAG] _physics_process: IN_PLANE returning
[DIAG] _physics_process: ENTER, state=0
[DIAG] _physics_process: IN_PLANE branch entered
[DIAG] _physics_process: plane position updated to (728.5008, 1853.8, 330.5853)
[DIAG] _physics_process: checking camera follow
[DIAG] _physics_process: plane and camera valid, updating camera
[DIAG] _physics_process: camera moved from (729.4893, 1905.516, 161.2144) to (728.5008, 1905.516, 163.4014)
[DIAG] _physics_process: IN_PLANE returning
[DIAG] _poll_controls: ENTER, state=0
[VERBATIM] POLL: _poll_controls() entered, game_state=0
[DIAG] _poll_controls: EXIT (IN_PLANE branch)
[DIAG] _physics_process: ENTER, state=0
[DIAG] _physics_process: IN_PLANE branch entered
[DIAG] _physics_process: plane position updated to (727.5057, 1853.8, 332.7693)
[DIAG] _physics_process: checking camera follow
[DIAG] _physics_process: plane and camera valid, updating camera
[DIAG] _physics_process: camera moved from (728.5008, 1905.516, 163.4014) to (727.5057, 1905.516, 165.5854)
[DIAG] _physics_process: IN_PLANE returning
[DIAG] _physics_process: ENTER, state=0
[DIAG] _physics_process: IN_PLANE branch entered
[DIAG] _physics_process: plane position updated to (726.5042, 1853.8, 334.9503)
[DIAG] _physics_process: checking camera follow
[DIAG] _physics_process: plane and camera valid, updating camera
[DIAG] _physics_process: camera moved from (727.5057, 1905.516, 165.5854) to (726.5042, 1905.516, 167.7664)
[DIAG] _physics_process: IN_PLANE returning
[DIAG] _poll_controls: ENTER, state=0
[VERBATIM] POLL: _poll_controls() entered, game_state=0
[DIAG] _poll_controls: EXIT (IN_PLANE branch)
[DIAG] _physics_process: ENTER, state=0
[DIAG] _physics_process: IN_PLANE branch entered
[DIAG] _physics_process: plane position updated to (725.496, 1853.8, 337.1283)
[DIAG] _physics_process: checking camera follow
[DIAG] _physics_process: plane and camera valid, updating camera
[DIAG] _physics_process: camera moved from (726.5042, 1905.516, 167.7664) to (725.496, 1905.516, 169.9444)
[DIAG] _physics_process: IN_PLANE returning
[DIAG] _physics_process: ENTER, state=0
[DIAG] _physics_process: IN_PLANE branch entered
[DIAG] _physics_process: plane position updated to (724.4814, 1853.8, 339.3033)
[DIAG] _physics_process: checking camera follow
[DIAG] _physics_process: plane and camera valid, updating camera
[DIAG] _physics_process: camera moved from (725.496, 1905.516, 169.9444) to (724.4814, 1905.516, 172.1194)
[DIAG] _physics_process: IN_PLANE returning
[DIAG] _poll_controls: ENTER, state=0
[VERBATIM] POLL: _poll_controls() entered, game_state=0
[DIAG] _poll_controls: EXIT (IN_PLANE branch)
[DIAG] _physics_process: ENTER, state=0
[DIAG] _physics_process: IN_PLANE branch entered
[DIAG] _physics_process: plane position updated to (723.4602, 1853.8, 341.4752)
[DIAG] _physics_process: checking camera follow
[DIAG] _physics_process: plane and camera valid, updating camera
[DIAG] _physics_process: camera moved from (724.4814, 1905.516, 172.1194) to (723.4602, 1905.516, 174.2913)
[DIAG] _physics_process: IN_PLANE returning
[DIAG] _physics_process: ENTER, state=0
[DIAG] _physics_process: IN_PLANE branch entered
[DIAG] _physics_process: plane position updated to (722.4326, 1853.8, 343.644)
[DIAG] _physics_process: checking camera follow
[DIAG] _physics_process: plane and camera valid, updating camera
[DIAG] _physics_process: camera moved from (723.4602, 1905.516, 174.2913) to (722.4326, 1905.516, 176.4602)
[DIAG] _physics_process: IN_PLANE returning
[DIAG] _poll_controls: ENTER, state=0
[VERBATIM] POLL: _poll_controls() entered, game_state=0
[DIAG] _poll_controls: EXIT (IN_PLANE branch)
[DIAG] _physics_process: ENTER, state=0
[DIAG] _physics_process: IN_PLANE branch entered
[DIAG] _physics_process: plane position updated to (721.3984, 1853.8, 345.8098)
[DIAG] _physics_process: checking camera follow
[DIAG] _physics_process: plane and camera valid, updating camera
[DIAG] _physics_process: camera moved from (722.4326, 1905.516, 176.4602) to (721.3984, 1905.516, 178.6259)
[DIAG] _physics_process: IN_PLANE returning
[DIAG] _physics_process: ENTER, state=0
[DIAG] _physics_process: IN_PLANE branch entered
[DIAG] _physics_process: plane position updated to (720.3577, 1853.8, 347.9724)
[DIAG] _physics_process: checking camera follow
[DIAG] _physics_process: plane and camera valid, updating camera
[DIAG] _physics_process: camera moved from (721.3984, 1905.516, 178.6259) to (720.3577, 1905.516, 180.7885)
[DIAG] _physics_process: IN_PLANE returning
[DIAG] _poll_controls: ENTER, state=0
[VERBATIM] POLL: _poll_controls() entered, game_state=0
[DIAG] _poll_controls: EXIT (IN_PLANE branch)
[DIAG] _physics_process: ENTER, state=0
[DIAG] _physics_process: IN_PLANE branch entered
[DIAG] _physics_process: plane position updated to (719.3105, 1853.8, 350.1319)
[DIAG] _physics_process: checking camera follow
[DIAG] _physics_process: plane and camera valid, updating camera
[DIAG] _physics_process: camera moved from (720.3577, 1905.516, 180.7885) to (719.3105, 1905.516, 182.948)
[DIAG] _physics_process: IN_PLANE returning
[DIAG] _physics_process: ENTER, state=0
[DIAG] _physics_process: IN_PLANE branch entered
[DIAG] _physics_process: plane position updated to (718.2569, 1853.8, 352.2883)
[DIAG] _physics_process: checking camera follow
[DIAG] _physics_process: plane and camera valid, updating camera
[DIAG] _physics_process: camera moved from (719.3105, 1905.516, 182.948) to (718.2569, 1905.516, 185.1044)
[DIAG] _physics_process: IN_PLANE returning
[DIAG] _poll_controls: ENTER, state=0
[VERBATIM] POLL: _poll_controls() entered, game_state=0
[DIAG] _poll_controls: EXIT (IN_PLANE branch)
[DIAG] _physics_process: ENTER, state=0
[DIAG] _physics_process: IN_PLANE branch entered
[DIAG] _physics_process: plane position updated to (717.1968, 1853.8, 354.4415)
[DIAG] _physics_process: checking camera follow
[DIAG] _physics_process: plane and camera valid, updating camera
[DIAG] _physics_process: camera moved from (718.2569, 1905.516, 185.1044) to (717.1968, 1905.516, 187.2576)
[DIAG] _physics_process: IN_PLANE returning
[DIAG] _physics_process: ENTER, state=0
[DIAG] _physics_process: IN_PLANE branch entered
[DIAG] _physics_process: plane position updated to (716.1302, 1853.8, 356.5915)
[DIAG] _physics_process: checking camera follow
[DIAG] _physics_process: plane and camera valid, updating camera
[DIAG] _physics_process: camera moved from (717.1968, 1905.516, 187.2576) to (716.1302, 1905.516, 189.4076)
[DIAG] _physics_process: IN_PLANE returning
[DIAG] _poll_controls: ENTER, state=0
[VERBATIM] POLL: _poll_controls() entered, game_state=0
[DIAG] _poll_controls: EXIT (IN_PLANE branch)
[DIAG] _physics_process: ENTER, state=0
[DIAG] _physics_process: IN_PLANE branch entered
[DIAG] _physics_process: plane position updated to (715.0573, 1853.8, 358.7383)
[DIAG] _physics_process: checking camera follow
[DIAG] _physics_process: plane and camera valid, updating camera
[DIAG] _physics_process: camera moved from (716.1302, 1905.516, 189.4076) to (715.0573, 1905.516, 191.5544)
[DIAG] _physics_process: IN_PLANE returning
[DIAG] _physics_process: ENTER, state=0
[DIAG] _physics_process: IN_PLANE branch entered
[DIAG] _physics_process: plane position updated to (713.9778, 1853.8, 360.8818)
[DIAG] _physics_process: checking camera follow
[DIAG] _physics_process: plane and camera valid, updating camera
[DIAG] _physics_process: camera moved from (715.0573, 1905.516, 191.5544) to (713.9778, 1905.516, 193.6979)
[DIAG] _physics_process: IN_PLANE returning
[DIAG] _poll_controls: ENTER, state=0
[VERBATIM] POLL: _poll_controls() entered, game_state=0
[DIAG] _poll_controls: EXIT (IN_PLANE branch)
[DEBUG] _input (build_terrain) called, event=InputEventKey: keycode=74 (J), mods=none, physical=false, location=unspecified, pressed=true, echo=false
[CTRL] pressed=j  key=J  state=0  deployed=false  alt_m=1828.8
[DIAG] _physics_process: ENTER, state=0
[DIAG] _physics_process: IN_PLANE branch entered
[DIAG] _physics_process: plane position updated to (712.892, 1853.8, 363.0221)
[DIAG] _physics_process: checking camera follow
[DIAG] _physics_process: plane and camera valid, updating camera
[DIAG] _physics_process: camera moved from (713.9778, 1905.516, 193.6979) to (712.892, 1905.516, 195.8382)
[DIAG] _physics_process: IN_PLANE returning
[DIAG] _physics_process: ENTER, state=0
[DIAG] _physics_process: IN_PLANE branch entered
[DIAG] _physics_process: plane position updated to (711.7997, 1853.8, 365.1591)
[DIAG] _physics_process: checking camera follow
[DIAG] _physics_process: plane and camera valid, updating camera
[DIAG] _physics_process: camera moved from (712.892, 1905.516, 195.8382) to (711.7997, 1905.516, 197.9753)
[DIAG] _physics_process: IN_PLANE returning
[DIAG] _poll_controls: ENTER, state=0
[VERBATIM] POLL: _poll_controls() entered, game_state=0
[DIAG] _poll_controls: exit aircraft triggered
[VERBATIM] EXIT AIRCRAFT - transitioning FREEFALL
[CAMERA] Switched to character after exit
[DIAG] _poll_controls: EXIT (IN_PLANE branch)
[DIAG] _physics_process: ENTER, state=1
[DIAG] _physics_process: camera target set to character (state: 1)
[WIND] speed 6.09881733720096 kts  dir 0°  gust 0.0  vec_ms (0.0, 0.0, 3.1375)
[DIAG] _physics_process: ENTER, state=1
[DIAG] _physics_process: camera target set to character (state: 1)
[DIAG] _poll_controls: ENTER, state=1
[VERBATIM] POLL: _poll_controls() entered, game_state=1
[VERBATIM] POLL: checking deploy state=1 canopy=false
[DIAG] _physics_process: ENTER, state=1
[DIAG] _physics_process: camera target set to character (state: 1)
[DIAG] _physics_process: ENTER, state=1
[DIAG] _physics_process: camera target set to character (state: 1)
[DIAG] _poll_controls: ENTER, state=1
[VERBATIM] POLL: _poll_controls() entered, game_state=1
[VERBATIM] POLL: checking deploy state=1 canopy=false
[DIAG] _physics_process: ENTER, state=1
[DIAG] _physics_process: camera target set to character (state: 1)
[DIAG] _physics_process: ENTER, state=1
[DIAG] _physics_process: camera target set to character (state: 1)
[DIAG] _poll_controls: ENTER, state=1
[VERBATIM] POLL: _poll_controls() entered, game_state=1
[VERBATIM] POLL: checking deploy state=1 canopy=false
[DIAG] _physics_process: ENTER, state=1
[DIAG] _physics_process: camera target set to character (state: 1)
[DIAG] _physics_process: ENTER, state=1
[DIAG] _physics_process: camera target set to character (state: 1)
[DIAG] _poll_controls: ENTER, state=1
[VERBATIM] POLL: _poll_controls() entered, game_state=1
[VERBATIM] POLL: checking deploy state=1 canopy=false
[DIAG] _physics_process: ENTER, state=1
[DIAG] _physics_process: camera target set to character (state: 1)
[DIAG] _physics_process: ENTER, state=1
[DIAG] _physics_process: camera target set to character (state: 1)
[DIAG] _poll_controls: ENTER, state=1
[VERBATIM] POLL: _poll_controls() entered, game_state=1
[VERBATIM] POLL: checking deploy state=1 canopy=false
[DIAG] _physics_process: ENTER, state=1
[DIAG] _physics_process: camera target set to character (state: 1)
[DIAG] _physics_process: ENTER, state=1
[DIAG] _physics_process: camera target set to character (state: 1)
[DIAG] _poll_controls: ENTER, state=1
[VERBATIM] POLL: _poll_controls() entered, game_state=1
[VERBATIM] POLL: checking deploy state=1 canopy=false
[DEBUG] _input (build_terrain) called, event=InputEventKey: keycode=74 (J), mods=none, physical=false, location=unspecified, pressed=false, echo=false
[DIAG] _physics_process: ENTER, state=1
[DIAG] _physics_process: camera target set to character (state: 1)
[DIAG] _physics_process: ENTER, state=1
[DIAG] _physics_process: camera target set to character (state: 1)
[DIAG] _poll_controls: ENTER, state=1
[VERBATIM] POLL: _poll_controls() entered, game_state=1
[VERBATIM] POLL: checking deploy state=1 canopy=false
[DIAG] _physics_process: ENTER, state=1
[DIAG] _physics_process: camera target set to character (state: 1)
[DIAG] _physics_process: ENTER, state=1
[DIAG] _physics_process: camera target set to character (state: 1)
[DIAG] _poll_controls: ENTER, state=1
[VERBATIM] POLL: _poll_controls() entered, game_state=1
[VERBATIM] POLL: checking deploy state=1 canopy=false
[DIAG] _physics_process: ENTER, state=1
[DIAG] _physics_process: camera target set to character (state: 1)
[DIAG] _physics_process: ENTER, state=1
[DIAG] _physics_process: camera target set to character (state: 1)
[DIAG] _poll_controls: ENTER, state=1
[VERBATIM] POLL: _poll_controls() entered, game_state=1
[VERBATIM] POLL: checking deploy state=1 canopy=false
[DIAG] _physics_process: ENTER, state=1
[DIAG] _physics_process: camera target set to character (state: 1)
[DIAG] _physics_process: ENTER, state=1
[DIAG] _physics_process: camera target set to character (state: 1)
[DIAG] _poll_controls: ENTER, state=1
[VERBATIM] POLL: _poll_controls() entered, game_state=1
[VERBATIM] POLL: checking deploy state=1 canopy=false
[DIAG] _physics_process: ENTER, state=1
[DIAG] _physics_process: camera target set to character (state: 1)
[DIAG] _physics_process: ENTER, state=1
[DIAG] _physics_process: camera target set to character (state: 1)
[DIAG] _poll_controls: ENTER, state=1
[VERBATIM] POLL: _poll_controls() entered, game_state=1
[VERBATIM] POLL: checking deploy state=1 canopy=false
[VERBATIM] Wind updated: 12.5 kts @ 240.0°
[DIAG] _physics_process: ENTER, state=1
[DIAG] _physics_process: camera target set to character (state: 1)
[DIAG] _physics_process: ENTER, state=1
[DIAG] _physics_process: camera target set to character (state: 1)
[DIAG] _poll_controls: ENTER, state=1
[VERBATIM] POLL: _poll_controls() entered, game_state=1
[VERBATIM] POLL: checking deploy state=1 canopy=false
[DIAG] _physics_process: ENTER, state=1
[DIAG] _physics_process: camera target set to character (state: 1)
[DIAG] _physics_process: ENTER, state=1
[DIAG] _physics_process: camera target set to character (state: 1)
[DIAG] _poll_controls: ENTER, state=1
[VERBATIM] POLL: _poll_controls() entered, game_state=1
[VERBATIM] POLL: checking deploy state=1 canopy=false
[DIAG] _physics_process: ENTER, state=1
[DIAG] _physics_process: camera target set to character (state: 1)
[DIAG] _physics_process: ENTER, state=1
[DIAG] _physics_process: camera target set to character (state: 1)
[DIAG] _poll_controls: ENTER, state=1
[VERBATIM] POLL: _poll_controls() entered, game_state=1
[VERBATIM] POLL: checking deploy state=1 canopy=false
[DIAG] _physics_process: ENTER, state=1
[DIAG] _physics_process: camera target set to character (state: 1)
[DIAG] _physics_process: ENTER, state=1
[DIAG] _physics_process: camera target set to character (state: 1)
[DIAG] _poll_controls: ENTER, state=1
[VERBATIM] POLL: _poll_controls() entered, game_state=1
[VERBATIM] POLL: checking deploy state=1 canopy=false
[DIAG] _physics_process: ENTER, state=1
[DIAG] _physics_process: camera target set to character (state: 1)
[DIAG] _physics_process: ENTER, state=1
[DIAG] _physics_process: camera target set to character (state: 1)
[DIAG] _poll_controls: ENTER, state=1
[VERBATIM] POLL: _poll_controls() entered, game_state=1
[VERBATIM] POLL: checking deploy state=1 canopy=false
[DIAG] _physics_process: ENTER, state=1
[DIAG] _physics_process: camera target set to character (state: 1)
[DIAG] _physics_process: ENTER, state=1
[DIAG] _physics_process: camera target set to character (state: 1)
[DIAG] _poll_controls: ENTER, state=1
[VERBATIM] POLL: _poll_controls() entered, game_state=1
[VERBATIM] POLL: checking deploy state=1 canopy=false
[DIAG] _physics_process: ENTER, state=1
[DIAG] _physics_process: camera target set to character (state: 1)
[DIAG] _physics_process: ENTER, state=1
[DIAG] _physics_process: camera target set to character (state: 1)
[DIAG] _poll_controls: ENTER, state=1
[VERBATIM] POLL: _poll_controls() entered, game_state=1
[VERBATIM] POLL: checking deploy state=1 canopy=false
[DIAG] _physics_process: ENTER, state=1
[DIAG] _physics_process: camera target set to character (state: 1)
[DIAG] _poll_controls: ENTER, state=1
[VERBATIM] POLL: _poll_controls() entered, game_state=1
[VERBATIM] POLL: checking deploy state=1 canopy=false
[DIAG] _physics_process: ENTER, state=1
[DIAG] _physics_process: camera target set to character (state: 1)
[DIAG] _physics_process: ENTER, state=1
[DIAG] _physics_process: camera target set to character (state: 1)
[DIAG] _poll_controls: ENTER, state=1
[VERBATIM] POLL: _poll_controls() entered, game_state=1
[VERBATIM] POLL: checking deploy state=1 canopy=false
[DIAG] _physics_process: ENTER, state=1
[DIAG] _physics_process: camera target set to character (state: 1)
[DIAG] _physics_process: ENTER, state=1
[DIAG] _physics_process: camera target set to character (state: 1)
[DIAG] _poll_controls: ENTER, state=1
[VERBATIM] POLL: _poll_controls() entered, game_state=1
[VERBATIM] POLL: checking deploy state=1 canopy=false
[DIAG] _physics_process: ENTER, state=1
[DIAG] _physics_process: camera target set to character (state: 1)
[DIAG] _physics_process: ENTER, state=1
[DIAG] _physics_process: camera target set to character (state: 1)
[DIAG] _poll_controls: ENTER, state=1
[VERBATIM] POLL: _poll_controls() entered, game_state=1
[VERBATIM] POLL: checking deploy state=1 canopy=false
[DIAG] _physics_process: ENTER, state=1
[DIAG] _physics_process: camera target set to character (state: 1)
[DIAG] _physics_process: ENTER, state=1
[DIAG] _physics_process: camera target set to character (state: 1)
[DIAG] _poll_controls: ENTER, state=1
[VERBATIM] POLL: _poll_controls() entered, game_state=1
[VERBATIM] POLL: checking deploy state=1 canopy=false
[DIAG] _physics_process: ENTER, state=1
[DIAG] _physics_process: camera target set to character (state: 1)
[DIAG] _physics_process: ENTER, state=1
[DIAG] _physics_process: camera target set to character (state: 1)
[DIAG] _poll_controls: ENTER, state=1
[VERBATIM] POLL: _poll_controls() entered, game_state=1
[VERBATIM] POLL: checking deploy state=1 canopy=false
[DIAG] _physics_process: ENTER, state=1
[DIAG] _physics_process: camera target set to character (state: 1)
[DIAG] _physics_process: ENTER, state=1
[DIAG] _physics_process: camera target set to character (state: 1)
[DIAG] _poll_controls: ENTER, state=1
[VERBATIM] POLL: _poll_controls() entered, game_state=1
[VERBATIM] POLL: checking deploy state=1 canopy=false
[DIAG] _physics_process: ENTER, state=1
[DIAG] _physics_process: camera target set to character (state: 1)
[DIAG] _physics_process: ENTER, state=1
[DIAG] _physics_process: camera target set to character (state: 1)
[DIAG] _poll_controls: ENTER, state=1
[VERBATIM] POLL: _poll_controls() entered, game_state=1
[VERBATIM] POLL: checking deploy state=1 canopy=false
[DIAG] _physics_process: ENTER, state=1
[DIAG] _physics_process: camera target set to character (state: 1)
[DIAG] _physics_process: ENTER, state=1
[DIAG] _physics_process: camera target set to character (state: 1)
[DIAG] _poll_controls: ENTER, state=1
[VERBATIM] POLL: _poll_controls() entered, game_state=1
[VERBATIM] POLL: checking deploy state=1 canopy=false
[DIAG] _physics_process: ENTER, state=1
[DIAG] _physics_process: camera target set to character (state: 1)
[DIAG] _physics_process: ENTER, state=1
[DIAG] _physics_process: camera target set to character (state: 1)
[DIAG] _poll_controls: ENTER, state=1
[VERBATIM] POLL: _poll_controls() entered, game_state=1
[VERBATIM] POLL: checking deploy state=1 canopy=false
[DIAG] _physics_process: ENTER, state=1
[DIAG] _physics_process: camera target set to character (state: 1)
[DIAG] _physics_process: ENTER, state=1
[DIAG] _physics_process: camera target set to character (state: 1)
[DIAG] _poll_controls: ENTER, state=1
[VERBATIM] POLL: _poll_controls() entered, game_state=1
[VERBATIM] POLL: checking deploy state=1 canopy=false
[DIAG] _physics_process: ENTER, state=1
[DIAG] _physics_process: camera target set to character (state: 1)
[DIAG] _physics_process: ENTER, state=1
[DIAG] _physics_process: camera target set to character (state: 1)
[DIAG] _poll_controls: ENTER, state=1
[VERBATIM] POLL: _poll_controls() entered, game_state=1
[VERBATIM] POLL: checking deploy state=1 canopy=false
[DIAG] _physics_process: ENTER, state=1
[DIAG] _physics_process: camera target set to character (state: 1)
[DIAG] _poll_controls: ENTER, state=1
[VERBATIM] POLL: _poll_controls() entered, game_state=1
[VERBATIM] POLL: checking deploy state=1 canopy=false
[DIAG] _physics_process: ENTER, state=1
[DIAG] _physics_process: camera target set to character (state: 1)
[DIAG] _physics_process: ENTER, state=1
[DIAG] _physics_process: camera target set to character (state: 1)
[DIAG] _poll_controls: ENTER, state=1
[VERBATIM] POLL: _poll_controls() entered, game_state=1
[VERBATIM] POLL: checking deploy state=1 canopy=false
[DIAG] _physics_process: ENTER, state=1
[DIAG] _physics_process: camera target set to character (state: 1)
[DIAG] _physics_process: ENTER, state=1
[DIAG] _physics_process: camera target set to character (state: 1)
[DIAG] _poll_controls: ENTER, state=1
[VERBATIM] POLL: _poll_controls() entered, game_state=1
[VERBATIM] POLL: checking deploy state=1 canopy=false
[DIAG] _physics_process: ENTER, state=1
[DIAG] _physics_process: camera target set to character (state: 1)
[DIAG] _physics_process: ENTER, state=1
[DIAG] _physics_process: camera target set to character (state: 1)
[DIAG] _poll_controls: ENTER, state=1
[VERBATIM] POLL: _poll_controls() entered, game_state=1
[VERBATIM] POLL: checking deploy state=1 canopy=false
[DIAG] _physics_process: ENTER, state=1
[DIAG] _physics_process: camera target set to character (state: 1)
[DIAG] _physics_process: ENTER, state=1
[DIAG] _physics_process: camera target set to character (state: 1)
[DIAG] _poll_controls: ENTER, state=1
[VERBATIM] POLL: _poll_controls() entered, game_state=1
[VERBATIM] POLL: checking deploy state=1 canopy=false
[DIAG] _physics_process: ENTER, state=1
[DIAG] _physics_process: camera target set to character (state: 1)
[DIAG] _physics_process: ENTER, state=1
[DIAG] _physics_process: camera target set to character (state: 1)
[DIAG] _poll_controls: ENTER, state=1
[VERBATIM] POLL: _poll_controls() entered, game_state=1
[VERBATIM] POLL: checking deploy state=1 canopy=false
[DIAG] _physics_process: ENTER, state=1
[DIAG] _physics_process: camera target set to character (state: 1)
[DIAG] _physics_process: ENTER, state=1
[DIAG] _physics_process: camera target set to character (state: 1)
[DIAG] _poll_controls: ENTER, state=1
[VERBATIM] POLL: _poll_controls() entered, game_state=1
[VERBATIM] POLL: checking deploy state=1 canopy=false
[DIAG] _physics_process: ENTER, state=1
[DIAG] _physics_process: camera target set to character (state: 1)
[DIAG] _physics_process: ENTER, state=1
[DIAG] _physics_process: camera target set to character (state: 1)
[DIAG] _poll_controls: ENTER, state=1
[VERBATIM] POLL: _poll_controls() entered, game_state=1
[VERBATIM] POLL: checking deploy state=1 canopy=false
[DIAG] _physics_process: ENTER, state=1
[DIAG] _physics_process: camera target set to character (state: 1)
[DIAG] _physics_process: ENTER, state=1
[DIAG] _physics_process: camera target set to character (state: 1)
[DIAG] _poll_controls: ENTER, state=1
[VERBATIM] POLL: _poll_controls() entered, game_state=1
[VERBATIM] POLL: checking deploy state=1 canopy=false
[DIAG] _physics_process: ENTER, state=1
[DIAG] _physics_process: camera target set to character (state: 1)
[DIAG] _physics_process: ENTER, state=1
[DIAG] _physics_process: camera target set to character (state: 1)
[DIAG] _poll_controls: ENTER, state=1
[VERBATIM] POLL: _poll_controls() entered, game_state=1
[VERBATIM] POLL: checking deploy state=1 canopy=false
[DIAG] _physics_process: ENTER, state=1
[DIAG] _physics_process: camera target set to character (state: 1)
[DIAG] _physics_process: ENTER, state=1
[DIAG] _physics_process: camera target set to character (state: 1)
[DIAG] _poll_controls: ENTER, state=1
[VERBATIM] POLL: _poll_controls() entered, game_state=1
[VERBATIM] POLL: checking deploy state=1 canopy=false
[DIAG] _physics_process: ENTER, state=1
[DIAG] _physics_process: camera target set to character (state: 1)
[DIAG] _physics_process: ENTER, state=1
[DIAG] _physics_process: camera target set to character (state: 1)
[DIAG] _poll_controls: ENTER, state=1
[VERBATIM] POLL: _poll_controls() entered, game_state=1
[VERBATIM] POLL: checking deploy state=1 canopy=false
[DIAG] _physics_process: ENTER, state=1
[DIAG] _physics_process: camera target set to character (state: 1)
[DIAG] _poll_controls: ENTER, state=1
[VERBATIM] POLL: _poll_controls() entered, game_state=1
[VERBATIM] POLL: checking deploy state=1 canopy=false
[VERBATIM] Wind updated: 12.5 kts @ 240.0°
[PIPLIVE] eye=(710.6835, 1751.087, 365.8849) state=1 deployed=false framing=aircraft/sky
[DIAG] _physics_process: ENTER, state=1
[DIAG] _physics_process: camera target set to character (state: 1)
[DIAG] _physics_process: ENTER, state=1
[DIAG] _physics_process: camera target set to character (state: 1)
[DIAG] _poll_controls: ENTER, state=1
[VERBATIM] POLL: _poll_controls() entered, game_state=1
[VERBATIM] POLL: checking deploy state=1 canopy=false
[DIAG] _physics_process: ENTER, state=1
[DIAG] _physics_process: camera target set to character (state: 1)
[DIAG] _physics_process: ENTER, state=1
[DIAG] _physics_process: camera target set to character (state: 1)
[DIAG] _poll_controls: ENTER, state=1
[VERBATIM] POLL: _poll_controls() entered, game_state=1
[VERBATIM] POLL: checking deploy state=1 canopy=false
[DIAG] _physics_process: ENTER, state=1
[DIAG] _physics_process: camera target set to character (state: 1)
[DIAG] _physics_process: ENTER, state=1
[DIAG] _physics_process: camera target set to character (state: 1)
[DIAG] _poll_controls: ENTER, state=1
[VERBATIM] POLL: _poll_controls() entered, game_state=1
[VERBATIM] POLL: checking deploy state=1 canopy=false
[DIAG] _physics_process: ENTER, state=1
[DIAG] _physics_process: camera target set to character (state: 1)
[DIAG] _physics_process: ENTER, state=1
[DIAG] _physics_process: camera target set to character (state: 1)
[DIAG] _poll_controls: ENTER, state=1
[VERBATIM] POLL: _poll_controls() entered, game_state=1
[VERBATIM] POLL: checking deploy state=1 canopy=false
[DIAG] _physics_process: ENTER, state=1
[DIAG] _physics_process: camera target set to character (state: 1)
[DIAG] _physics_process: ENTER, state=1
[DIAG] _physics_process: camera target set to character (state: 1)
[DIAG] _poll_controls: ENTER, state=1
[VERBATIM] POLL: _poll_controls() entered, game_state=1
[VERBATIM] POLL: checking deploy state=1 canopy=false
[DIAG] _physics_process: ENTER, state=1
[DIAG] _physics_process: camera target set to character (state: 1)
[DIAG] _physics_process: ENTER, state=1
[DIAG] _physics_process: camera target set to character (state: 1)
[DIAG] _poll_controls: ENTER, state=1
[VERBATIM] POLL: _poll_controls() entered, game_state=1
[VERBATIM] POLL: checking deploy state=1 canopy=false
[DIAG] _physics_process: ENTER, state=1
[DIAG] _physics_process: camera target set to character (state: 1)
[DIAG] _physics_process: ENTER, state=1
[DIAG] _physics_process: camera target set to character (state: 1)
[DIAG] _poll_controls: ENTER, state=1
[VERBATIM] POLL: _poll_controls() entered, game_state=1
[VERBATIM] POLL: checking deploy state=1 canopy=false
[DIAG] _physics_process: ENTER, state=1
[DIAG] _physics_process: camera target set to character (state: 1)
[DIAG] _physics_process: ENTER, state=1
[DIAG] _physics_process: camera target set to character (state: 1)
[DIAG] _poll_controls: ENTER, state=1
[VERBATIM] POLL: _poll_controls() entered, game_state=1
[VERBATIM] POLL: checking deploy state=1 canopy=false
[DIAG] _physics_process: ENTER, state=1
[DIAG] _physics_process: camera target set to character (state: 1)
[DIAG] _physics_process: ENTER, state=1
[DIAG] _physics_process: camera target set to character (state: 1)
[DIAG] _poll_controls: ENTER, state=1
[VERBATIM] POLL: _poll_controls() entered, game_state=1
[VERBATIM] POLL: checking deploy state=1 canopy=false
[DIAG] _physics_process: ENTER, state=1
[DIAG] _physics_process: camera target set to character (state: 1)
[DIAG] _physics_process: ENTER, state=1
[DIAG] _physics_process: camera target set to character (state: 1)
[DIAG] _poll_controls: ENTER, state=1
[VERBATIM] POLL: _poll_controls() entered, game_state=1
[VERBATIM] POLL: checking deploy state=1 canopy=false
[DIAG] _physics_process: ENTER, state=1
[DIAG] _physics_process: camera target set to character (state: 1)
[DIAG] _physics_process: ENTER, state=1
[DIAG] _physics_process: camera target set to character (state: 1)
[DIAG] _poll_controls: ENTER, state=1
[VERBATIM] POLL: _poll_controls() entered, game_state=1
[VERBATIM] POLL: checking deploy state=1 canopy=false
[DIAG] _physics_process: ENTER, state=1
[DIAG] _physics_process: camera target set to character (state: 1)
[DIAG] _physics_process: ENTER, state=1
[DIAG] _physics_process: camera target set to character (state: 1)
[DIAG] _poll_controls: ENTER, state=1
[VERBATIM] POLL: _poll_controls() entered, game_state=1
[VERBATIM] POLL: checking deploy state=1 canopy=false
[DIAG] _physics_process: ENTER, state=1
[DIAG] _physics_process: camera target set to character (state: 1)
[DIAG] _physics_process: ENTER, state=1
[DIAG] _physics_process: camera target set to character (state: 1)
[DIAG] _poll_controls: ENTER, state=1
[VERBATIM] POLL: _poll_controls() entered, game_state=1
[VERBATIM] POLL: checking deploy state=1 canopy=false
[DIAG] _physics_process: ENTER, state=1
[DIAG] _physics_process: camera target set to character (state: 1)
[DIAG] _physics_process: ENTER, state=1
[DIAG] _physics_process: camera target set to character (state: 1)
[DIAG] _poll_controls: ENTER, state=1
[VERBATIM] POLL: _poll_controls() entered, game_state=1
[VERBATIM] POLL: checking deploy state=1 canopy=false
[DIAG] _physics_process: ENTER, state=1
[DIAG] _physics_process: camera target set to character (state: 1)
[DIAG] _physics_process: ENTER, state=1
[DIAG] _physics_process: camera target set to character (state: 1)
[DIAG] _poll_controls: ENTER, state=1
[VERBATIM] POLL: _poll_controls() entered, game_state=1
[VERBATIM] POLL: checking deploy state=1 canopy=false
[DIAG] _physics_process: ENTER, state=1
[DIAG] _physics_process: camera target set to character (state: 1)
[DIAG] _physics_process: ENTER, state=1
[DIAG] _physics_process: camera target set to character (state: 1)
[DIAG] _poll_controls: ENTER, state=1
[VERBATIM] POLL: _poll_controls() entered, game_state=1
[VERBATIM] POLL: checking deploy state=1 canopy=false
[DIAG] _physics_process: ENTER, state=1
[DIAG] _physics_process: camera target set to character (state: 1)
[DIAG] _physics_process: ENTER, state=1
[DIAG] _physics_process: camera target set to character (state: 1)
[DIAG] _poll_controls: ENTER, state=1
[VERBATIM] POLL: _poll_controls() entered, game_state=1
[VERBATIM] POLL: checking deploy state=1 canopy=false
[DIAG] _physics_process: ENTER, state=1
[DIAG] _physics_process: camera target set to character (state: 1)
[DIAG] _physics_process: ENTER, state=1
[DIAG] _physics_process: camera target set to character (state: 1)
[DIAG] _poll_controls: ENTER, state=1
[VERBATIM] POLL: _poll_controls() entered, game_state=1
[VERBATIM] POLL: checking deploy state=1 canopy=false
[DIAG] _physics_process: ENTER, state=1
[DIAG] _physics_process: camera target set to character (state: 1)
[DIAG] _physics_process: ENTER, state=1
[DIAG] _physics_process: camera target set to character (state: 1)
[DIAG] _poll_controls: ENTER, state=1
[VERBATIM] POLL: _poll_controls() entered, game_state=1
[VERBATIM] POLL: checking deploy state=1 canopy=false
[DIAG] _physics_process: ENTER, state=1
[DIAG] _physics_process: camera target set to character (state: 1)
[DIAG] _physics_process: ENTER, state=1
[DIAG] _physics_process: camera target set to character (state: 1)
[DIAG] _poll_controls: ENTER, state=1
[VERBATIM] POLL: _poll_controls() entered, game_state=1
[VERBATIM] POLL: checking deploy state=1 canopy=false
[DIAG] _physics_process: ENTER, state=1
[DIAG] _physics_process: camera target set to character (state: 1)
[DIAG] _physics_process: ENTER, state=1
[DIAG] _physics_process: camera target set to character (state: 1)
[DIAG] _poll_controls: ENTER, state=1
[VERBATIM] POLL: _poll_controls() entered, game_state=1
[VERBATIM] POLL: checking deploy state=1 canopy=false
[DIAG] _physics_process: ENTER, state=1
[DIAG] _physics_process: camera target set to character (state: 1)
[DIAG] _physics_process: ENTER, state=1
[DIAG] _physics_process: camera target set to character (state: 1)
[DIAG] _poll_controls: ENTER, state=1
[VERBATIM] POLL: _poll_controls() entered, game_state=1
[VERBATIM] POLL: checking deploy state=1 canopy=false
[DIAG] _physics_process: ENTER, state=1
[DIAG] _physics_process: camera target set to character (state: 1)
[DIAG] _physics_process: ENTER, state=1
[DIAG] _physics_process: camera target set to character (state: 1)
[DIAG] _poll_controls: ENTER, state=1
[VERBATIM] POLL: _poll_controls() entered, game_state=1
[VERBATIM] POLL: checking deploy state=1 canopy=false
[DIAG] _physics_process: ENTER, state=1
[DIAG] _physics_process: camera target set to character (state: 1)
[DIAG] _physics_process: ENTER, state=1
[DIAG] _physics_process: camera target set to character (state: 1)
[DIAG] _poll_controls: ENTER, state=1
[VERBATIM] POLL: _poll_controls() entered, game_state=1
[VERBATIM] POLL: checking deploy state=1 canopy=false
[DIAG] _physics_process: ENTER, state=1
[DIAG] _physics_process: camera target set to character (state: 1)
[DIAG] _physics_process: ENTER, state=1
[DIAG] _physics_process: camera target set to character (state: 1)
[DIAG] _poll_controls: ENTER, state=1
[VERBATIM] POLL: _poll_controls() entered, game_state=1
[VERBATIM] POLL: checking deploy state=1 canopy=false
[DIAG] _physics_process: ENTER, state=1
[DIAG] _physics_process: camera target set to character (state: 1)
[DIAG] _physics_process: ENTER, state=1
[DIAG] _physics_process: camera target set to character (state: 1)
[DIAG] _poll_controls: ENTER, state=1
[VERBATIM] POLL: _poll_controls() entered, game_state=1
[VERBATIM] POLL: checking deploy state=1 canopy=false
[DIAG] _physics_process: ENTER, state=1
[DIAG] _physics_process: camera target set to character (state: 1)
[DIAG] _physics_process: ENTER, state=1
[DIAG] _physics_process: camera target set to character (state: 1)
[DIAG] _poll_controls: ENTER, state=1
[VERBATIM] POLL: _poll_controls() entered, game_state=1
[VERBATIM] POLL: checking deploy state=1 canopy=false
[DIAG] _physics_process: ENTER, state=1
[DIAG] _physics_process: camera target set to character (state: 1)
[DIAG] _physics_process: ENTER, state=1
[DIAG] _physics_process: camera target set to character (state: 1)
[DIAG] _poll_controls: ENTER, state=1
[VERBATIM] POLL: _poll_controls() entered, game_state=1
[VERBATIM] POLL: checking deploy state=1 canopy=false
[DIAG] _physics_process: ENTER, state=1
[DIAG] _physics_process: camera target set to character (state: 1)
[DIAG] _physics_process: ENTER, state=1
[DIAG] _physics_process: camera target set to character (state: 1)
[DIAG] _poll_controls: ENTER, state=1
[VERBATIM] POLL: _poll_controls() entered, game_state=1
[VERBATIM] POLL: checking deploy state=1 canopy=false
[DIAG] _physics_process: ENTER, state=1
[DIAG] _physics_process: camera target set to character (state: 1)
[DIAG] _physics_process: ENTER, state=1
[DIAG] _physics_process: camera target set to character (state: 1)
[DIAG] _poll_controls: ENTER, state=1
[VERBATIM] POLL: _poll_controls() entered, game_state=1
[VERBATIM] POLL: checking deploy state=1 canopy=false
[VERBATIM] Wind updated: 12.5 kts @ 240.0°
[DIAG] _physics_process: ENTER, state=1
[DIAG] _physics_process: camera target set to character (state: 1)
[DIAG] _physics_process: ENTER, state=1
[DIAG] _physics_process: camera target set to character (state: 1)
[DIAG] _poll_controls: ENTER, state=1
[VERBATIM] POLL: _poll_controls() entered, game_state=1
[VERBATIM] POLL: checking deploy state=1 canopy=false
[DIAG] _physics_process: ENTER, state=1
[DIAG] _physics_process: camera target set to character (state: 1)
[DIAG] _physics_process: ENTER, state=1
[DIAG] _physics_process: camera target set to character (state: 1)
[DIAG] _poll_controls: ENTER, state=1
[VERBATIM] POLL: _poll_controls() entered, game_state=1
[VERBATIM] POLL: checking deploy state=1 canopy=false
[DIAG] _physics_process: ENTER, state=1
[DIAG] _physics_process: camera target set to character (state: 1)
[DIAG] _physics_process: ENTER, state=1
[DIAG] _physics_process: camera target set to character (state: 1)
[DIAG] _poll_controls: ENTER, state=1
[VERBATIM] POLL: _poll_controls() entered, game_state=1
[VERBATIM] POLL: checking deploy state=1 canopy=false
[DIAG] _physics_process: ENTER, state=1
[DIAG] _physics_process: camera target set to character (state: 1)
[DIAG] _physics_process: ENTER, state=1
[DIAG] _physics_process: camera target set to character (state: 1)
[DIAG] _poll_controls: ENTER, state=1
[VERBATIM] POLL: _poll_controls() entered, game_state=1
[VERBATIM] POLL: checking deploy state=1 canopy=false
[DIAG] _physics_process: ENTER, state=1
[DIAG] _physics_process: camera target set to character (state: 1)
[DIAG] _physics_process: ENTER, state=1
[DIAG] _physics_process: camera target set to character (state: 1)
[DIAG] _poll_controls: ENTER, state=1
[VERBATIM] POLL: _poll_controls() entered, game_state=1
[VERBATIM] POLL: checking deploy state=1 canopy=false
[DIAG] _physics_process: ENTER, state=1
[DIAG] _physics_process: camera target set to character (state: 1)
[DIAG] _physics_process: ENTER, state=1
[DIAG] _physics_process: camera target set to character (state: 1)
[DIAG] _poll_controls: ENTER, state=1
[VERBATIM] POLL: _poll_controls() entered, game_state=1
[VERBATIM] POLL: checking deploy state=1 canopy=false
[DIAG] _physics_process: ENTER, state=1
[DIAG] _physics_process: camera target set to character (state: 1)
[DIAG] _physics_process: ENTER, state=1
[DIAG] _physics_process: camera target set to character (state: 1)
[DIAG] _poll_controls: ENTER, state=1
[VERBATIM] POLL: _poll_controls() entered, game_state=1
[VERBATIM] POLL: checking deploy state=1 canopy=false
[DIAG] _physics_process: ENTER, state=1
[DIAG] _physics_process: camera target set to character (state: 1)
[DIAG] _physics_process: ENTER, state=1
[DIAG] _physics_process: camera target set to character (state: 1)
[DIAG] _poll_controls: ENTER, state=1
[VERBATIM] POLL: _poll_controls() entered, game_state=1
[VERBATIM] POLL: checking deploy state=1 canopy=false
[DIAG] _physics_process: ENTER, state=1
[DIAG] _physics_process: camera target set to character (state: 1)
[DIAG] _physics_process: ENTER, state=1
[DIAG] _physics_process: camera target set to character (state: 1)
[DIAG] _poll_controls: ENTER, state=1
[VERBATIM] POLL: _poll_controls() entered, game_state=1
[VERBATIM] POLL: checking deploy state=1 canopy=false
[DEBUG] _input (build_terrain) called, event=InputEventMouseMotion: button_mask=0, position=((1038.0, 148.0)), relative=((2.0, -3.0)), velocity=((0.0, 0.0)), pressure=0.00, tilt=((0.0, 0.0)), pen_inverted=(false)
[DIAG] _physics_process: ENTER, state=1
[DIAG] _physics_process: camera target set to character (state: 1)
[DIAG] _physics_process: ENTER, state=1
[DIAG] _physics_process: camera target set to character (state: 1)
[DIAG] _poll_controls: ENTER, state=1
[VERBATIM] POLL: _poll_controls() entered, game_state=1
[VERBATIM] POLL: checking deploy state=1 canopy=false
[DEBUG] _input (build_terrain) called, event=InputEventMouseMotion: button_mask=0, position=((1052.0, 134.0)), relative=((14.0, -14.0)), velocity=((0.0, 0.0)), pressure=0.00, tilt=((0.0, 0.0)), pen_inverted=(false)
[DIAG] _physics_process: ENTER, state=1
[DIAG] _physics_process: camera target set to character (state: 1)
[DIAG] _physics_process: ENTER, state=1
[DIAG] _physics_process: camera target set to character (state: 1)
[DIAG] _poll_controls: ENTER, state=1
[VERBATIM] POLL: _poll_controls() entered, game_state=1
[VERBATIM] POLL: checking deploy state=1 canopy=false
[DEBUG] _input (build_terrain) called, event=InputEventMouseMotion: button_mask=0, position=((1059.0, 127.0)), relative=((7.0, -7.0)), velocity=((0.0, 0.0)), pressure=0.00, tilt=((0.0, 0.0)), pen_inverted=(false)
[DIAG] _physics_process: ENTER, state=1
[DIAG] _physics_process: camera target set to character (state: 1)
[DIAG] _physics_process: ENTER, state=1
[DIAG] _physics_process: camera target set to character (state: 1)
[DIAG] _poll_controls: ENTER, state=1
[VERBATIM] POLL: _poll_controls() entered, game_state=1
[VERBATIM] POLL: checking deploy state=1 canopy=false
[DIAG] _physics_process: ENTER, state=1
[DIAG] _physics_process: camera target set to character (state: 1)
[DIAG] _physics_process: ENTER, state=1
[DIAG] _physics_process: camera target set to character (state: 1)
[DIAG] _poll_controls: ENTER, state=1
[VERBATIM] POLL: _poll_controls() entered, game_state=1
[VERBATIM] POLL: checking deploy state=1 canopy=false
[DEBUG] _input (build_terrain) called, event=InputEventMouseMotion: button_mask=0, position=((1053.0, 136.0)), relative=((-6.0, 9.0)), velocity=((171.1131, -178.5528)), pressure=0.00, tilt=((0.0, 0.0)), pen_inverted=(false)
[DIAG] _physics_process: ENTER, state=1
[DIAG] _physics_process: camera target set to character (state: 1)
[DIAG] _physics_process: ENTER, state=1
[DIAG] _physics_process: camera target set to character (state: 1)
[DIAG] _poll_controls: ENTER, state=1
[VERBATIM] POLL: _poll_controls() entered, game_state=1
[VERBATIM] POLL: checking deploy state=1 canopy=false
[DEBUG] _input (build_terrain) called, event=InputEventMouseMotion: button_mask=0, position=((1050.0, 139.0)), relative=((-3.0, 3.0)), velocity=((171.1131, -178.5528)), pressure=0.00, tilt=((0.0, 0.0)), pen_inverted=(false)
[DIAG] _physics_process: ENTER, state=1
[DIAG] _physics_process: camera target set to character (state: 1)
[DIAG] _physics_process: ENTER, state=1
[DIAG] _physics_process: camera target set to character (state: 1)
[DIAG] _poll_controls: ENTER, state=1
[VERBATIM] POLL: _poll_controls() entered, game_state=1
[VERBATIM] POLL: checking deploy state=1 canopy=false
[DIAG] _physics_process: ENTER, state=1
[DIAG] _physics_process: camera target set to character (state: 1)
[DIAG] _physics_process: ENTER, state=1
[DIAG] _physics_process: camera target set to character (state: 1)
[DIAG] _poll_controls: ENTER, state=1
[VERBATIM] POLL: _poll_controls() entered, game_state=1
[VERBATIM] POLL: checking deploy state=1 canopy=false
[DIAG] _physics_process: ENTER, state=1
[DIAG] _physics_process: camera target set to character (state: 1)
[DIAG] _physics_process: ENTER, state=1
[DIAG] _physics_process: camera target set to character (state: 1)
[DIAG] _poll_controls: ENTER, state=1
[VERBATIM] POLL: _poll_controls() entered, game_state=1
[VERBATIM] POLL: checking deploy state=1 canopy=false
[DEBUG] _input (build_terrain) called, event=InputEventMouseMotion: button_mask=0, position=((1023.0, 143.0)), relative=((-27.0, 4.0)), velocity=((-67.2043, 89.60574)), pressure=0.00, tilt=((0.0, 0.0)), pen_inverted=(false)
[DIAG] _physics_process: ENTER, state=1
[DIAG] _physics_process: camera target set to character (state: 1)
[DIAG] _physics_process: ENTER, state=1
[DIAG] _physics_process: camera target set to character (state: 1)
[DIAG] _poll_controls: ENTER, state=1
[VERBATIM] POLL: _poll_controls() entered, game_state=1
[VERBATIM] POLL: checking deploy state=1 canopy=false
[DEBUG] _input (build_terrain) called, event=InputEventMouseMotion: button_mask=0, position=((883.0, 149.0)), relative=((-140.0, 6.0)), velocity=((-67.2043, 89.60574)), pressure=0.00, tilt=((0.0, 0.0)), pen_inverted=(false)
[DIAG] _physics_process: ENTER, state=1
[DIAG] _physics_process: camera target set to character (state: 1)
[DIAG] _physics_process: ENTER, state=1
[DIAG] _physics_process: camera target set to character (state: 1)
[DIAG] _poll_controls: ENTER, state=1
[VERBATIM] POLL: _poll_controls() entered, game_state=1
[VERBATIM] POLL: checking deploy state=1 canopy=false
[DEBUG] _input (build_terrain) called, event=InputEventMouseMotion: button_mask=0, position=((783.0, 131.0)), relative=((-100.0, -18.0)), velocity=((-67.2043, 89.60574)), pressure=0.00, tilt=((0.0, 0.0)), pen_inverted=(false)
[DIAG] _physics_process: ENTER, state=1
[DIAG] _physics_process: camera target set to character (state: 1)
[DIAG] _physics_process: ENTER, state=1
[DIAG] _physics_process: camera target set to character (state: 1)
[DIAG] _poll_controls: ENTER, state=1
[VERBATIM] POLL: _poll_controls() entered, game_state=1
[VERBATIM] POLL: checking deploy state=1 canopy=false
[DEBUG] _input (build_terrain) called, event=InputEventMouseMotion: button_mask=0, position=((707.0, 130.0)), relative=((-76.0, -1.0)), velocity=((-67.2043, 89.60574)), pressure=0.00, tilt=((0.0, 0.0)), pen_inverted=(false)
[DIAG] _physics_process: ENTER, state=1
[DIAG] _physics_process: camera target set to character (state: 1)
[DIAG] _physics_process: ENTER, state=1
[DIAG] _physics_process: camera target set to character (state: 1)
[DIAG] _poll_controls: ENTER, state=1
[VERBATIM] POLL: _poll_controls() entered, game_state=1
[VERBATIM] POLL: checking deploy state=1 canopy=false
[DEBUG] _input (build_terrain) called, event=InputEventMouseMotion: button_mask=0, position=((682.0, 130.0)), relative=((-25.0, 0.0)), velocity=((-2603.989, -68.32624)), pressure=0.00, tilt=((0.0, 0.0)), pen_inverted=(false)
[DIAG] _physics_process: ENTER, state=1
[DIAG] _physics_process: camera target set to character (state: 1)
[DIAG] _physics_process: ENTER, state=1
[DIAG] _physics_process: camera target set to character (state: 1)
[DIAG] _poll_controls: ENTER, state=1
[VERBATIM] POLL: _poll_controls() entered, game_state=1
[VERBATIM] POLL: checking deploy state=1 canopy=false
[DEBUG] _input (build_terrain) called, event=InputEventMouseMotion: button_mask=0, position=((642.0, 144.0)), relative=((-40.0, 14.0)), velocity=((-2603.989, -68.32624)), pressure=0.00, tilt=((0.0, 0.0)), pen_inverted=(false)
[DIAG] _physics_process: ENTER, state=1
[DIAG] _physics_process: camera target set to character (state: 1)
[DIAG] _physics_process: ENTER, state=1
[DIAG] _physics_process: camera target set to character (state: 1)
[DIAG] _poll_controls: ENTER, state=1
[VERBATIM] POLL: _poll_controls() entered, game_state=1
[VERBATIM] POLL: checking deploy state=1 canopy=false
[DEBUG] _input (build_terrain) called, event=InputEventMouseMotion: button_mask=0, position=((619.0, 165.0)), relative=((-23.0, 21.0)), velocity=((-2603.989, -68.32624)), pressure=0.00, tilt=((0.0, 0.0)), pen_inverted=(false)
[DIAG] _physics_process: ENTER, state=1
[DIAG] _physics_process: camera target set to character (state: 1)
[DIAG] _physics_process: ENTER, state=1
[DIAG] _physics_process: camera target set to character (state: 1)
[DIAG] _poll_controls: ENTER, state=1
[VERBATIM] POLL: _poll_controls() entered, game_state=1
[VERBATIM] POLL: checking deploy state=1 canopy=false
[DEBUG] _input (build_terrain) called, event=InputEventMouseMotion: button_mask=0, position=((614.0, 168.0)), relative=((-5.0, 3.0)), velocity=((-2603.989, -68.32624)), pressure=0.00, tilt=((0.0, 0.0)), pen_inverted=(false)
[DIAG] _physics_process: ENTER, state=1
[DIAG] _physics_process: camera target set to character (state: 1)
[DIAG] _physics_process: ENTER, state=1
[DIAG] _physics_process: camera target set to character (state: 1)
[DIAG] _poll_controls: ENTER, state=1
[VERBATIM] POLL: _poll_controls() entered, game_state=1
[VERBATIM] POLL: checking deploy state=1 canopy=false
[DIAG] _physics_process: ENTER, state=1
[DIAG] _physics_process: camera target set to character (state: 1)
[DIAG] _physics_process: ENTER, state=1
[DIAG] _physics_process: camera target set to character (state: 1)
[DIAG] _poll_controls: ENTER, state=1
[VERBATIM] POLL: _poll_controls() entered, game_state=1
[VERBATIM] POLL: checking deploy state=1 canopy=false
[DIAG] _physics_process: ENTER, state=1
[DIAG] _physics_process: camera target set to character (state: 1)
[DIAG] _physics_process: ENTER, state=1
[DIAG] _physics_process: camera target set to character (state: 1)
[DIAG] _poll_controls: ENTER, state=1
[VERBATIM] POLL: _poll_controls() entered, game_state=1
[VERBATIM] POLL: checking deploy state=1 canopy=false
[DIAG] _physics_process: ENTER, state=1
[DIAG] _physics_process: camera target set to character (state: 1)
[DIAG] _physics_process: ENTER, state=1
[DIAG] _physics_process: camera target set to character (state: 1)
[DIAG] _poll_controls: ENTER, state=1
[VERBATIM] POLL: _poll_controls() entered, game_state=1
[VERBATIM] POLL: checking deploy state=1 canopy=false
[DIAG] _physics_process: ENTER, state=1
[DIAG] _physics_process: camera target set to character (state: 1)
[DIAG] _physics_process: ENTER, state=1
[DIAG] _physics_process: camera target set to character (state: 1)
[DIAG] _poll_controls: ENTER, state=1
[VERBATIM] POLL: _poll_controls() entered, game_state=1
[VERBATIM] POLL: checking deploy state=1 canopy=false
[DEBUG] _input (build_terrain) called, event=InputEventMouseMotion: button_mask=0, position=((610.0, 177.0)), relative=((-4.0, 9.0)), velocity=((-347.899, 142.1523)), pressure=0.00, tilt=((0.0, 0.0)), pen_inverted=(false)
[DIAG] _physics_process: ENTER, state=1
[DIAG] _physics_process: camera target set to character (state: 1)
[DIAG] _physics_process: ENTER, state=1
[DIAG] _physics_process: camera target set to character (state: 1)
[DIAG] _poll_controls: ENTER, state=1
[VERBATIM] POLL: _poll_controls() entered, game_state=1
[VERBATIM] POLL: checking deploy state=1 canopy=false
[VERBATIM] Wind updated: 12.5 kts @ 240.0°
[DEBUG] _input (build_terrain) called, event=InputEventMouseMotion: button_mask=0, position=((609.0, 181.0)), relative=((-1.0, 4.0)), velocity=((-347.899, 142.1523)), pressure=0.00, tilt=((0.0, 0.0)), pen_inverted=(false)
[DIAG] _physics_process: ENTER, state=1
[DIAG] _physics_process: camera target set to character (state: 1)
[PIPLIVE] eye=(708.7535, 1601.343, 366.7733) state=1 deployed=false framing=aircraft/sky
[DIAG] _physics_process: ENTER, state=1
[DIAG] _physics_process: camera target set to character (state: 1)
[DIAG] _poll_controls: ENTER, state=1
[VERBATIM] POLL: _poll_controls() entered, game_state=1
[VERBATIM] POLL: checking deploy state=1 canopy=false
[DEBUG] _input (build_terrain) called, event=InputEventMouseMotion: button_mask=0, position=((602.0, 193.0)), relative=((-7.0, 12.0)), velocity=((-347.899, 142.1523)), pressure=0.00, tilt=((0.0, 0.0)), pen_inverted=(false)
[DIAG] _physics_process: ENTER, state=1
[DIAG] _physics_process: camera target set to character (state: 1)
[DIAG] _physics_process: ENTER, state=1
[DIAG] _physics_process: camera target set to character (state: 1)
[DIAG] _poll_controls: ENTER, state=1
[VERBATIM] POLL: _poll_controls() entered, game_state=1
[VERBATIM] POLL: checking deploy state=1 canopy=false
[DEBUG] _input (build_terrain) called, event=InputEventMouseMotion: button_mask=0, position=((601.0, 194.0)), relative=((-1.0, 1.0)), velocity=((-119.7784, 249.5384)), pressure=0.00, tilt=((0.0, 0.0)), pen_inverted=(false)
[DIAG] _physics_process: ENTER, state=1
[DIAG] _physics_process: camera target set to character (state: 1)
[DIAG] _physics_process: ENTER, state=1
[DIAG] _physics_process: camera target set to character (state: 1)
[DIAG] _poll_controls: ENTER, state=1
[VERBATIM] POLL: _poll_controls() entered, game_state=1
[VERBATIM] POLL: checking deploy state=1 canopy=false
[DIAG] _physics_process: ENTER, state=1
[DIAG] _physics_process: camera target set to character (state: 1)
[DIAG] _physics_process: ENTER, state=1
[DIAG] _physics_process: camera target set to character (state: 1)
[DIAG] _poll_controls: ENTER, state=1
[VERBATIM] POLL: _poll_controls() entered, game_state=1
[VERBATIM] POLL: checking deploy state=1 canopy=false
[DEBUG] _input (build_terrain) called, event=InputEventMouseMotion: button_mask=0, position=((598.0, 193.0)), relative=((-3.0, -1.0)), velocity=((-119.7784, 249.5384)), pressure=0.00, tilt=((0.0, 0.0)), pen_inverted=(false)
[DIAG] _physics_process: ENTER, state=1
[DIAG] _physics_process: camera target set to character (state: 1)
[DIAG] _physics_process: ENTER, state=1
[DIAG] _physics_process: camera target set to character (state: 1)
[DIAG] _poll_controls: ENTER, state=1
[VERBATIM] POLL: _poll_controls() entered, game_state=1
[VERBATIM] POLL: checking deploy state=1 canopy=false
[DEBUG] _input (build_terrain) called, event=InputEventMouseMotion: button_mask=0, position=((593.0, 179.0)), relative=((-5.0, -14.0)), velocity=((-39.89349, 0.0)), pressure=0.00, tilt=((0.0, 0.0)), pen_inverted=(false)
[DIAG] _physics_process: ENTER, state=1
[DIAG] _physics_process: camera target set to character (state: 1)
[DIAG] _physics_process: ENTER, state=1
[DIAG] _physics_process: camera target set to character (state: 1)
[DIAG] _poll_controls: ENTER, state=1
[VERBATIM] POLL: _poll_controls() entered, game_state=1
[VERBATIM] POLL: checking deploy state=1 canopy=false
[DEBUG] _input (build_terrain) called, event=InputEventMouseMotion: button_mask=0, position=((590.0, 152.0)), relative=((-3.0, -27.0)), velocity=((-39.89349, 0.0)), pressure=0.00, tilt=((0.0, 0.0)), pen_inverted=(false)
[DIAG] _physics_process: ENTER, state=1
[DIAG] _physics_process: camera target set to character (state: 1)
[DIAG] _physics_process: ENTER, state=1
[DIAG] _physics_process: camera target set to character (state: 1)
[DIAG] _poll_controls: ENTER, state=1
[VERBATIM] POLL: _poll_controls() entered, game_state=1
[VERBATIM] POLL: checking deploy state=1 canopy=false
[DEBUG] _input (build_terrain) called, event=InputEventMouseMotion: button_mask=0, position=((585.0, 134.0)), relative=((-5.0, -18.0)), velocity=((-39.89349, 0.0)), pressure=0.00, tilt=((0.0, 0.0)), pen_inverted=(false)
[DIAG] _physics_process: ENTER, state=1
[DIAG] _physics_process: camera target set to character (state: 1)
[DIAG] _physics_process: ENTER, state=1
[DIAG] _physics_process: camera target set to character (state: 1)
[DIAG] _poll_controls: ENTER, state=1
[VERBATIM] POLL: _poll_controls() entered, game_state=1
[VERBATIM] POLL: checking deploy state=1 canopy=false
[DEBUG] _input (build_terrain) called, event=InputEventMouseMotion: button_mask=0, position=((583.0, 128.0)), relative=((-2.0, -6.0)), velocity=((-39.89349, 0.0)), pressure=0.00, tilt=((0.0, 0.0)), pen_inverted=(false)
[DIAG] _physics_process: ENTER, state=1
[DIAG] _physics_process: camera target set to character (state: 1)
[DIAG] _physics_process: ENTER, state=1
[DIAG] _physics_process: camera target set to character (state: 1)
[DIAG] _poll_controls: ENTER, state=1
[VERBATIM] POLL: _poll_controls() entered, game_state=1
[VERBATIM] POLL: checking deploy state=1 canopy=false
[DEBUG] _input (build_terrain) called, event=InputEventMouseButton: button_index=2, mods=none, pressed=true, canceled=false, position=((583.0, 128.0)), button_mask=2, double_click=false
[DIAG] _physics_process: ENTER, state=1
[DIAG] _physics_process: camera target set to character (state: 1)
[DIAG] _physics_process: ENTER, state=1
[DIAG] _physics_process: camera target set to character (state: 1)
[DIAG] _poll_controls: ENTER, state=1
[VERBATIM] POLL: _poll_controls() entered, game_state=1
[VERBATIM] POLL: checking deploy state=1 canopy=false
[DIAG] _physics_process: ENTER, state=1
[DIAG] _physics_process: camera target set to character (state: 1)
[DIAG] _physics_process: ENTER, state=1
[DIAG] _physics_process: camera target set to character (state: 1)
[DIAG] _poll_controls: ENTER, state=1
[VERBATIM] POLL: _poll_controls() entered, game_state=1
[VERBATIM] POLL: checking deploy state=1 canopy=false
[DIAG] _physics_process: ENTER, state=1
[DIAG] _physics_process: camera target set to character (state: 1)
[DIAG] _physics_process: ENTER, state=1
[DIAG] _physics_process: camera target set to character (state: 1)
[DIAG] _poll_controls: ENTER, state=1
[VERBATIM] POLL: _poll_controls() entered, game_state=1
[VERBATIM] POLL: checking deploy state=1 canopy=false
[DEBUG] _input (build_terrain) called, event=InputEventMouseMotion: button_mask=2 (Right Mouse Button), position=((583.0, 129.0)), relative=((0.0, 1.0)), velocity=((-64.58335, -279.8612)), pressure=0.00, tilt=((0.0, 0.0)), pen_inverted=(false)
[DEBUG] Camera updated: pos=(711.7997, 1852.346, 369.9431) target=(711.7997, 1853.8, 365.1591)
[VERBATIM] cam_orbit az=0.0 el=16.9022549563593
[DIAG] _physics_process: ENTER, state=1
[DIAG] _physics_process: camera target set to character (state: 1)
[DIAG] _physics_process: ENTER, state=1
[DIAG] _physics_process: camera target set to character (state: 1)
[DIAG] _poll_controls: ENTER, state=1
[VERBATIM] POLL: _poll_controls() entered, game_state=1
[VERBATIM] POLL: checking deploy state=1 canopy=false
[DEBUG] _input (build_terrain) called, event=InputEventMouseMotion: button_mask=2 (Right Mouse Button), position=((579.0, 155.0)), relative=((-4.0, 26.0)), velocity=((-64.58335, -279.8612)), pressure=0.00, tilt=((0.0, 0.0)), pen_inverted=(false)
[DEBUG] Camera updated: pos=(711.8983, 1852.979, 370.0902) target=(711.7997, 1853.8, 365.1591)
[VERBATIM] cam_orbit az=1.14591559026165 el=9.45380361965858
[DIAG] _physics_process: ENTER, state=1
[DIAG] _physics_process: camera target set to character (state: 1)
[DIAG] _physics_process: ENTER, state=1
[DIAG] _physics_process: camera target set to character (state: 1)
[DIAG] _poll_controls: ENTER, state=1
[VERBATIM] POLL: _poll_controls() entered, game_state=1
[VERBATIM] POLL: checking deploy state=1 canopy=false
[DEBUG] _input (build_terrain) called, event=InputEventMouseMotion: button_mask=2 (Right Mouse Button), position=((572.0, 199.0)), relative=((-7.0, 44.0)), velocity=((-64.58335, -279.8612)), pressure=0.00, tilt=((0.0, 0.0)), pen_inverted=(false)
[DEBUG] Camera updated: pos=(712.0742, 1854.075, 370.144) target=(711.7997, 1853.8, 365.1591)
[VERBATIM] cam_orbit az=3.15126787321953 el=-3.15126787321953
[DIAG] _physics_process: ENTER, state=1
[DIAG] _physics_process: camera target set to character (state: 1)
[DIAG] _physics_process: ENTER, state=1
[DIAG] _physics_process: camera target set to character (state: 1)
[DIAG] _poll_controls: ENTER, state=1
[VERBATIM] POLL: _poll_controls() entered, game_state=1
[VERBATIM] POLL: checking deploy state=1 canopy=false
[DEBUG] _input (build_terrain) called, event=InputEventMouseMotion: button_mask=2 (Right Mouse Button), position=((572.0, 236.0)), relative=((0.0, 37.0)), velocity=((-109.683, 707.954)), pressure=0.00, tilt=((0.0, 0.0)), pen_inverted=(false)
[DEBUG] Camera updated: pos=(712.0667, 1854.989, 370.0085) target=(711.7997, 1853.8, 365.1591)
[VERBATIM] cam_orbit az=3.15126787321953 el=-13.7509870831398
[DIAG] _physics_process: ENTER, state=1
[DIAG] _physics_process: camera target set to character (state: 1)
[DIAG] _physics_process: ENTER, state=1
[DIAG] _physics_process: camera target set to character (state: 1)
[DIAG] _poll_controls: ENTER, state=1
[VERBATIM] POLL: _poll_controls() entered, game_state=1
[VERBATIM] POLL: checking deploy state=1 canopy=false
[DEBUG] _input (build_terrain) called, event=InputEventMouseMotion: button_mask=2 (Right Mouse Button), position=((572.0, 247.0)), relative=((0.0, 11.0)), velocity=((-109.683, 707.954)), pressure=0.00, tilt=((0.0, 0.0)), pen_inverted=(false)
[DEBUG] Camera updated: pos=(712.0627, 1855.254, 369.9359) target=(711.7997, 1853.8, 365.1591)
[VERBATIM] cam_orbit az=3.15126787321953 el=-16.9022549563593
[DIAG] _physics_process: ENTER, state=1
[DIAG] _physics_process: camera target set to character (state: 1)
[DIAG] _poll_controls: ENTER, state=1
[VERBATIM] POLL: _poll_controls() entered, game_state=1
[VERBATIM] POLL: checking deploy state=1 canopy=false
[DEBUG] _input (build_terrain) called, event=InputEventMouseMotion: button_mask=2 (Right Mouse Button), position=((572.0, 256.0)), relative=((0.0, 9.0)), velocity=((-109.683, 707.954)), pressure=0.00, tilt=((0.0, 0.0)), pen_inverted=(false)
[DEBUG] Camera updated: pos=(712.0588, 1855.468, 369.8658) target=(711.7997, 1853.8, 365.1591)
[VERBATIM] cam_orbit az=3.15126787321953 el=-19.480565034448
[DIAG] _poll_controls: ENTER, state=1
[VERBATIM] POLL: _poll_controls() entered, game_state=1
[VERBATIM] POLL: checking deploy state=1 canopy=false
[DIAG] _physics_process: ENTER, state=1
[DIAG] _physics_process: camera target set to character (state: 1)
[DIAG] _poll_controls: ENTER, state=1
[VERBATIM] POLL: _poll_controls() entered, game_state=1
[VERBATIM] POLL: checking deploy state=1 canopy=false
[DEBUG] _input (build_terrain) called, event=InputEventMouseMotion: button_mask=2 (Right Mouse Button), position=((572.0, 276.0)), relative=((0.0, 20.0)), velocity=((-109.683, 707.954)), pressure=0.00, tilt=((0.0, 0.0)), pen_inverted=(false)
[DEBUG] Camera updated: pos=(712.0483, 1855.93, 369.6761) target=(711.7997, 1853.8, 365.1591)
[VERBATIM] cam_orbit az=3.15126787321953 el=-25.2101429857562
[DIAG] _poll_controls: ENTER, state=1
[VERBATIM] POLL: _poll_controls() entered, game_state=1
[VERBATIM] POLL: checking deploy state=1 canopy=false
[DEBUG] _input (build_terrain) called, event=InputEventMouseMotion: button_mask=2 (Right Mouse Button), position=((572.0, 301.0)), relative=((0.0, 25.0)), velocity=((-109.683, 707.954)), pressure=0.00, tilt=((0.0, 0.0)), pen_inverted=(false)
[DEBUG] Camera updated: pos=(712.0318, 1856.477, 369.3757) target=(711.7997, 1853.8, 365.1591)
[VERBATIM] cam_orbit az=3.15126787321953 el=-32.3721154248915
[DIAG] _physics_process: ENTER, state=1
[DIAG] _physics_process: camera target set to character (state: 1)
[DIAG] _poll_controls: ENTER, state=1
[VERBATIM] POLL: _poll_controls() entered, game_state=1
[VERBATIM] POLL: checking deploy state=1 canopy=false
[DEBUG] _input (build_terrain) called, event=InputEventMouseMotion: button_mask=2 (Right Mouse Button), position=((572.0, 322.0)), relative=((0.0, 21.0)), velocity=((-109.683, 707.954)), pressure=0.00, tilt=((0.0, 0.0)), pen_inverted=(false)
[DEBUG] Camera updated: pos=(712.0151, 1856.905, 369.0723) target=(711.7997, 1853.8, 365.1591)
[VERBATIM] cam_orbit az=3.15126787321953 el=-38.3881722737652
[DIAG] _physics_process: ENTER, state=1
[DIAG] _physics_process: camera target set to character (state: 1)
[DIAG] _poll_controls: ENTER, state=1
[VERBATIM] POLL: _poll_controls() entered, game_state=1
[VERBATIM] POLL: checking deploy state=1 canopy=false
[DEBUG] _input (build_terrain) called, event=InputEventMouseMotion: button_mask=2 (Right Mouse Button), position=((572.0, 337.0)), relative=((0.0, 15.0)), velocity=((-109.683, 707.954)), pressure=0.00, tilt=((0.0, 0.0)), pen_inverted=(false)
[DEBUG] Camera updated: pos=(712.0017, 1857.19, 368.829) target=(711.7997, 1853.8, 365.1591)
[VERBATIM] cam_orbit az=3.15126787321953 el=-42.6853557372463
[DIAG] _poll_controls: ENTER, state=1
[VERBATIM] POLL: _poll_controls() entered, game_state=1
[VERBATIM] POLL: checking deploy state=1 canopy=false
[DEBUG] _input (build_terrain) called, event=InputEventMouseMotion: button_mask=2 (Right Mouse Button), position=((572.0, 350.0)), relative=((0.0, 13.0)), velocity=((-109.683, 707.954)), pressure=0.00, tilt=((0.0, 0.0)), pen_inverted=(false)
[DEBUG] Camera updated: pos=(711.9892, 1857.422, 368.6014) target=(711.7997, 1853.8, 365.1591)
[VERBATIM] cam_orbit az=3.15126787321953 el=-46.4095814055967
[DIAG] _physics_process: ENTER, state=1
[DIAG] _physics_process: camera target set to character (state: 1)
[DIAG] _poll_controls: ENTER, state=1
[VERBATIM] POLL: _poll_controls() entered, game_state=1
[VERBATIM] POLL: checking deploy state=1 canopy=false
[DEBUG] _input (build_terrain) called, event=InputEventMouseMotion: button_mask=2 (Right Mouse Button), position=((572.0, 366.0)), relative=((0.0, 16.0)), velocity=((0.0, 1302.757)), pressure=0.00, tilt=((0.0, 0.0)), pen_inverted=(false)
[DEBUG] Camera updated: pos=(711.9727, 1857.685, 368.3015) target=(711.7997, 1853.8, 365.1591)
[VERBATIM] cam_orbit az=3.15126787321953 el=-50.9932437666433
[DIAG] _physics_process: ENTER, state=1
[DIAG] _physics_process: camera target set to character (state: 1)
[DIAG] _poll_controls: ENTER, state=1
[VERBATIM] POLL: _poll_controls() entered, game_state=1
[VERBATIM] POLL: checking deploy state=1 canopy=false
[DEBUG] _input (build_terrain) called, event=InputEventMouseMotion: button_mask=2 (Right Mouse Button), position=((572.0, 380.0)), relative=((0.0, 14.0)), velocity=((0.0, 1302.757)), pressure=0.00, tilt=((0.0, 0.0)), pen_inverted=(false)
[DEBUG] Camera updated: pos=(711.9573, 1857.896, 368.0224) target=(711.7997, 1853.8, 365.1591)
[VERBATIM] cam_orbit az=3.15126787321953 el=-55.003948332559
[DIAG] _physics_process: ENTER, state=1
[DIAG] _physics_process: camera target set to character (state: 1)
[DIAG] _poll_controls: ENTER, state=1
[VERBATIM] POLL: _poll_controls() entered, game_state=1
[VERBATIM] POLL: checking deploy state=1 canopy=false
[DEBUG] _input (build_terrain) called, event=InputEventMouseMotion: button_mask=2 (Right Mouse Button), position=((572.0, 388.0)), relative=((0.0, 8.0)), velocity=((0.0, 1302.757)), pressure=0.00, tilt=((0.0, 0.0)), pen_inverted=(false)
[DEBUG] Camera updated: pos=(711.9482, 1858.007, 367.8566) target=(711.7997, 1853.8, 365.1591)
[VERBATIM] cam_orbit az=3.15126787321953 el=-57.2957795130823
[DIAG] _physics_process: ENTER, state=1
[DIAG] _physics_process: camera target set to character (state: 1)
[DIAG] _poll_controls: ENTER, state=1
[VERBATIM] POLL: _poll_controls() entered, game_state=1
[VERBATIM] POLL: checking deploy state=1 canopy=false
[DEBUG] _input (build_terrain) called, event=InputEventMouseMotion: button_mask=2 (Right Mouse Button), position=((572.0, 398.0)), relative=((0.0, 10.0)), velocity=((0.0, 1302.757)), pressure=0.00, tilt=((0.0, 0.0)), pen_inverted=(false)
[DEBUG] Camera updated: pos=(711.9365, 1858.137, 367.6432) target=(711.7997, 1853.8, 365.1591)
[VERBATIM] cam_orbit az=3.15126787321953 el=-60.1605684887364
[DIAG] _physics_process: ENTER, state=1
[DIAG] _physics_process: camera target set to character (state: 1)
[DIAG] _poll_controls: ENTER, state=1
[VERBATIM] POLL: _poll_controls() entered, game_state=1
[VERBATIM] POLL: checking deploy state=1 canopy=false
[DEBUG] _input (build_terrain) called, event=InputEventMouseMotion: button_mask=2 (Right Mouse Button), position=((572.0, 402.0)), relative=((0.0, 4.0)), velocity=((0.0, 1302.757)), pressure=0.00, tilt=((0.0, 0.0)), pen_inverted=(false)
[DEBUG] Camera updated: pos=(711.9316, 1858.186, 367.5562) target=(711.7997, 1853.8, 365.1591)
[VERBATIM] cam_orbit az=3.15126787321953 el=-61.3064840789981
[DIAG] _physics_process: ENTER, state=1
[DIAG] _physics_process: camera target set to character (state: 1)
[DIAG] _poll_controls: ENTER, state=1
[VERBATIM] POLL: _poll_controls() entered, game_state=1
[VERBATIM] POLL: checking deploy state=1 canopy=false
[DEBUG] _input (build_terrain) called, event=InputEventMouseMotion: button_mask=2 (Right Mouse Button), position=((572.0, 405.0)), relative=((0.0, 3.0)), velocity=((0.0, 1302.757)), pressure=0.00, tilt=((0.0, 0.0)), pen_inverted=(false)
[DEBUG] Camera updated: pos=(711.928, 1858.222, 367.4902) target=(711.7997, 1853.8, 365.1591)
[VERBATIM] cam_orbit az=3.15126787321953 el=-62.1659207716943
[DIAG] _physics_process: ENTER, state=1
[DIAG] _physics_process: camera target set to character (state: 1)
[DIAG] _poll_controls: ENTER, state=1
[VERBATIM] POLL: _poll_controls() entered, game_state=1
[VERBATIM] POLL: checking deploy state=1 canopy=false
[DEBUG] _input (build_terrain) called, event=InputEventMouseMotion: button_mask=2 (Right Mouse Button), position=((572.0, 410.0)), relative=((0.0, 5.0)), velocity=((0.0, 1302.757)), pressure=0.00, tilt=((0.0, 0.0)), pen_inverted=(false)
[DEBUG] Camera updated: pos=(711.9219, 1858.279, 367.3791) target=(711.7997, 1853.8, 365.1591)
[VERBATIM] cam_orbit az=3.15126787321953 el=-63.5983152595214
[DIAG] _physics_process: ENTER, state=1
[DIAG] _physics_process: camera target set to character (state: 1)
[DIAG] _poll_controls: ENTER, state=1
[VERBATIM] POLL: _poll_controls() entered, game_state=1
[VERBATIM] POLL: checking deploy state=1 canopy=false
[DEBUG] _input (build_terrain) called, event=InputEventMouseMotion: button_mask=2 (Right Mouse Button), position=((572.0, 415.0)), relative=((0.0, 5.0)), velocity=((0.0, 516.7068)), pressure=0.00, tilt=((0.0, 0.0)), pen_inverted=(false)
[DEBUG] Camera updated: pos=(711.9157, 1858.333, 367.2666) target=(711.7997, 1853.8, 365.1591)
[VERBATIM] cam_orbit az=3.15126787321953 el=-65.0307097473484
[DIAG] _physics_process: ENTER, state=1
[DIAG] _physics_process: camera target set to character (state: 1)
[DIAG] _poll_controls: ENTER, state=1
[VERBATIM] POLL: _poll_controls() entered, game_state=1
[VERBATIM] POLL: checking deploy state=1 canopy=false
[DEBUG] _input (build_terrain) called, event=InputEventMouseMotion: button_mask=2 (Right Mouse Button), position=((572.0, 423.0)), relative=((0.0, 8.0)), velocity=((0.0, 516.7068)), pressure=0.00, tilt=((0.0, 0.0)), pen_inverted=(false)
[DEBUG] Camera updated: pos=(711.9056, 1858.413, 367.084) target=(711.7997, 1853.8, 365.1591)
[VERBATIM] cam_orbit az=3.15126787321953 el=-67.3225409278717
[DIAG] _physics_process: ENTER, state=1
[DIAG] _physics_process: camera target set to character (state: 1)
[DIAG] _poll_controls: ENTER, state=1
[VERBATIM] POLL: _poll_controls() entered, game_state=1
[VERBATIM] POLL: checking deploy state=1 canopy=false
[DEBUG] _input (build_terrain) called, event=InputEventMouseMotion: button_mask=2 (Right Mouse Button), position=((572.0, 431.0)), relative=((0.0, 8.0)), velocity=((0.0, 516.7068)), pressure=0.00, tilt=((0.0, 0.0)), pen_inverted=(false)
[DEBUG] Camera updated: pos=(711.8954, 1858.487, 366.8982) target=(711.7997, 1853.8, 365.1591)
[VERBATIM] cam_orbit az=3.15126787321953 el=-69.614372108395
[DIAG] _physics_process: ENTER, state=1
[DIAG] _physics_process: camera target set to character (state: 1)
[DIAG] _poll_controls: ENTER, state=1
[VERBATIM] POLL: _poll_controls() entered, game_state=1
[VERBATIM] POLL: checking deploy state=1 canopy=false
[DEBUG] _input (build_terrain) called, event=InputEventMouseMotion: button_mask=2 (Right Mouse Button), position=((572.0, 440.0)), relative=((0.0, 9.0)), velocity=((0.0, 516.7068)), pressure=0.00, tilt=((0.0, 0.0)), pen_inverted=(false)
[DEBUG] Camera updated: pos=(711.8837, 1858.561, 366.6859) target=(711.7997, 1853.8, 365.1591)
[VERBATIM] cam_orbit az=3.15126787321953 el=-72.1926821864837
[DIAG] _physics_process: ENTER, state=1
[DIAG] _physics_process: camera target set to character (state: 1)
[DIAG] _poll_controls: ENTER, state=1
[VERBATIM] POLL: _poll_controls() entered, game_state=1
[VERBATIM] POLL: checking deploy state=1 canopy=false
[DEBUG] _input (build_terrain) called, event=InputEventMouseMotion: button_mask=2 (Right Mouse Button), position=((572.0, 445.0)), relative=((0.0, 5.0)), velocity=((0.0, 516.7068)), pressure=0.00, tilt=((0.0, 0.0)), pen_inverted=(false)
[DEBUG] Camera updated: pos=(711.8772, 1858.597, 366.5666) target=(711.7997, 1853.8, 365.1591)
[VERBATIM] cam_orbit az=3.15126787321953 el=-73.6250766743108
[DIAG] _physics_process: ENTER, state=1
[DIAG] _physics_process: camera target set to character (state: 1)
[DIAG] _poll_controls: ENTER, state=1
[VERBATIM] POLL: _poll_controls() entered, game_state=1
[VERBATIM] POLL: checking deploy state=1 canopy=false
[DEBUG] _input (build_terrain) called, event=InputEventMouseMotion: button_mask=2 (Right Mouse Button), position=((571.0, 450.0)), relative=((-1.0, 5.0)), velocity=((0.0, 516.7068)), pressure=0.00, tilt=((0.0, 0.0)), pen_inverted=(false)
[DEBUG] Camera updated: pos=(711.8799, 1858.618, 366.4942) target=(711.7997, 1853.8, 365.1591)
[VERBATIM] cam_orbit az=3.43774677078494 el=-74.484513367007
[DIAG] _physics_process: ENTER, state=1
[DIAG] _physics_process: camera target set to character (state: 1)
[DIAG] _poll_controls: ENTER, state=1
[VERBATIM] POLL: _poll_controls() entered, game_state=1
[VERBATIM] POLL: checking deploy state=1 canopy=false
[DEBUG] _input (build_terrain) called, event=InputEventMouseMotion: button_mask=2 (Right Mouse Button), position=((570.0, 452.0)), relative=((-1.0, 2.0)), velocity=((-9.783203, 391.3281)), pressure=0.00, tilt=((0.0, 0.0)), pen_inverted=(false)
[DEBUG] Camera updated: pos=(711.8865, 1858.618, 366.4938) target=(711.7997, 1853.8, 365.1591)
[VERBATIM] cam_orbit az=3.72422566835035 el=-74.484513367007
[DIAG] _physics_process: ENTER, state=1
[DIAG] _physics_process: camera target set to character (state: 1)
[DIAG] _poll_controls: ENTER, state=1
[VERBATIM] POLL: _poll_controls() entered, game_state=1
[VERBATIM] POLL: checking deploy state=1 canopy=false
[DEBUG] _input (build_terrain) called, event=InputEventMouseMotion: button_mask=2 (Right Mouse Button), position=((570.0, 455.0)), relative=((0.0, 3.0)), velocity=((-9.783203, 391.3281)), pressure=0.00, tilt=((0.0, 0.0)), pen_inverted=(false)
[DEBUG] Camera updated: pos=(711.8865, 1858.618, 366.4938) target=(711.7997, 1853.8, 365.1591)
[VERBATIM] cam_orbit az=3.72422566835035 el=-74.484513367007
[DIAG] _physics_process: ENTER, state=1
[DIAG] _physics_process: camera target set to character (state: 1)
[DIAG] _poll_controls: ENTER, state=1
[VERBATIM] POLL: _poll_controls() entered, game_state=1
[VERBATIM] POLL: checking deploy state=1 canopy=false
[DEBUG] _input (build_terrain) called, event=InputEventMouseMotion: button_mask=2 (Right Mouse Button), position=((569.0, 456.0)), relative=((-1.0, 1.0)), velocity=((-9.783203, 391.3281)), pressure=0.00, tilt=((0.0, 0.0)), pen_inverted=(false)
[DEBUG] Camera updated: pos=(711.8932, 1858.618, 366.4934) target=(711.7997, 1853.8, 365.1591)
[VERBATIM] cam_orbit az=4.01070456591576 el=-74.484513367007
[DIAG] _physics_process: ENTER, state=1
[DIAG] _physics_process: camera target set to character (state: 1)
[DIAG] _poll_controls: ENTER, state=1
[VERBATIM] POLL: _poll_controls() entered, game_state=1
[VERBATIM] POLL: checking deploy state=1 canopy=false
[DIAG] _physics_process: ENTER, state=1
[DIAG] _physics_process: camera target set to character (state: 1)
[DIAG] _poll_controls: ENTER, state=1
[VERBATIM] POLL: _poll_controls() entered, game_state=1
[VERBATIM] POLL: checking deploy state=1 canopy=false
[DIAG] _physics_process: ENTER, state=1
[DIAG] _physics_process: camera target set to character (state: 1)
[DIAG] _poll_controls: ENTER, state=1
[VERBATIM] POLL: _poll_controls() entered, game_state=1
[VERBATIM] POLL: checking deploy state=1 canopy=false
[DIAG] _physics_process: ENTER, state=1
[DIAG] _physics_process: camera target set to character (state: 1)
[DIAG] _poll_controls: ENTER, state=1
[VERBATIM] POLL: _poll_controls() entered, game_state=1
[VERBATIM] POLL: checking deploy state=1 canopy=false
[DEBUG] _input (build_terrain) called, event=InputEventMouseMotion: button_mask=2 (Right Mouse Button), position=((569.0, 455.0)), relative=((0.0, -1.0)), velocity=((-9.783203, 391.3281)), pressure=0.00, tilt=((0.0, 0.0)), pen_inverted=(false)
[DEBUG] Camera updated: pos=(711.8949, 1858.611, 366.5174) target=(711.7997, 1853.8, 365.1591)
[VERBATIM] cam_orbit az=4.01070456591576 el=-74.1980344694416
[DIAG] _physics_process: ENTER, state=1
[DIAG] _physics_process: camera target set to character (state: 1)
[DIAG] _poll_controls: ENTER, state=1
[VERBATIM] POLL: _poll_controls() entered, game_state=1
[VERBATIM] POLL: checking deploy state=1 canopy=false
[DEBUG] _input (build_terrain) called, event=InputEventMouseMotion: button_mask=2 (Right Mouse Button), position=((568.0, 454.0)), relative=((-1.0, -1.0)), velocity=((-17.36186, 43.40466)), pressure=0.00, tilt=((0.0, 0.0)), pen_inverted=(false)
[DEBUG] Camera updated: pos=(711.9035, 1858.604, 366.5409) target=(711.7997, 1853.8, 365.1591)
[VERBATIM] cam_orbit az=4.29718346348117 el=-73.9115555718762
[DIAG] _physics_process: ENTER, state=1
[DIAG] _physics_process: camera target set to character (state: 1)
[DIAG] _poll_controls: ENTER, state=1
[VERBATIM] POLL: _poll_controls() entered, game_state=1
[VERBATIM] POLL: checking deploy state=1 canopy=false
[DIAG] _physics_process: ENTER, state=1
[DIAG] _physics_process: camera target set to character (state: 1)
[DIAG] _poll_controls: ENTER, state=1
[VERBATIM] POLL: _poll_controls() entered, game_state=1
[VERBATIM] POLL: checking deploy state=1 canopy=false
[VERBATIM] Wind updated: 12.5 kts @ 240.0°
[DEBUG] _input (build_terrain) called, event=InputEventMouseMotion: button_mask=2 (Right Mouse Button), position=((567.0, 453.0)), relative=((-1.0, -1.0)), velocity=((-17.36186, 43.40466)), pressure=0.00, tilt=((0.0, 0.0)), pen_inverted=(false)
[DEBUG] Camera updated: pos=(711.9124, 1858.597, 366.5642) target=(711.7997, 1853.8, 365.1591)
[VERBATIM] cam_orbit az=4.58366236104659 el=-73.6250766743108
[DIAG] _physics_process: ENTER, state=1
[DIAG] _physics_process: camera target set to character (state: 1)
[DIAG] _poll_controls: ENTER, state=1
[VERBATIM] POLL: _poll_controls() entered, game_state=1
[VERBATIM] POLL: checking deploy state=1 canopy=false
[DEBUG] _input (build_terrain) called, event=InputEventMouseMotion: button_mask=2 (Right Mouse Button), position=((567.0, 450.0)), relative=((0.0, -3.0)), velocity=((-17.36186, 43.40466)), pressure=0.00, tilt=((0.0, 0.0)), pen_inverted=(false)
[DEBUG] Camera updated: pos=(711.9181, 1858.576, 366.6358) target=(711.7997, 1853.8, 365.1591)
[VERBATIM] cam_orbit az=4.58366236104659 el=-72.7656399816146
[DIAG] _physics_process: ENTER, state=1
[DIAG] _physics_process: camera target set to character (state: 1)
[DIAG] _poll_controls: ENTER, state=1
[VERBATIM] POLL: _poll_controls() entered, game_state=1
[VERBATIM] POLL: checking deploy state=1 canopy=false
[DEBUG] _input (build_terrain) called, event=InputEventMouseMotion: button_mask=2 (Right Mouse Button), position=((567.0, 441.0)), relative=((0.0, -9.0)), velocity=((-17.36186, 43.40466)), pressure=0.00, tilt=((0.0, 0.0)), pen_inverted=(false)
[DEBUG] Camera updated: pos=(711.9351, 1858.504, 366.8484) target=(711.7997, 1853.8, 365.1591)
[VERBATIM] cam_orbit az=4.58366236104659 el=-70.1873299035259
[DIAG] _physics_process: ENTER, state=1
[DIAG] _physics_process: camera target set to character (state: 1)
[DIAG] _poll_controls: ENTER, state=1
[VERBATIM] POLL: _poll_controls() entered, game_state=1
[VERBATIM] POLL: checking deploy state=1 canopy=false
[DEBUG] _input (build_terrain) called, event=InputEventMouseMotion: button_mask=2 (Right Mouse Button), position=((567.0, 431.0)), relative=((0.0, -10.0)), velocity=((-17.36186, 43.40466)), pressure=0.00, tilt=((0.0, 0.0)), pen_inverted=(false)
[DEBUG] Camera updated: pos=(711.9537, 1858.413, 367.0807) target=(711.7997, 1853.8, 365.1591)
[VERBATIM] cam_orbit az=4.58366236104659 el=-67.3225409278718
[DIAG] _physics_process: ENTER, state=1
[DIAG] _physics_process: camera target set to character (state: 1)
[DIAG] _poll_controls: ENTER, state=1
[VERBATIM] POLL: _poll_controls() entered, game_state=1
[VERBATIM] POLL: checking deploy state=1 canopy=false
[DEBUG] _input (build_terrain) called, event=InputEventMouseMotion: button_mask=2 (Right Mouse Button), position=((567.0, 415.0)), relative=((0.0, -16.0)), velocity=((-19.80414, -237.6496)), pressure=0.00, tilt=((0.0, 0.0)), pen_inverted=(false)
[DEBUG] Camera updated: pos=(711.9827, 1858.245, 367.442) target=(711.7997, 1853.8, 365.1591)
[VERBATIM] cam_orbit az=4.58366236104659 el=-62.7388785668252
[DIAG] _physics_process: ENTER, state=1
[DIAG] _physics_process: camera target set to character (state: 1)
[DIAG] _poll_controls: ENTER, state=1
[VERBATIM] POLL: _poll_controls() entered, game_state=1
[VERBATIM] POLL: checking deploy state=1 canopy=false
[DEBUG] _input (build_terrain) called, event=InputEventMouseMotion: button_mask=2 (Right Mouse Button), position=((567.0, 394.0)), relative=((0.0, -21.0)), velocity=((-19.80414, -237.6496)), pressure=0.00, tilt=((0.0, 0.0)), pen_inverted=(false)
[DEBUG] Camera updated: pos=(712.0189, 1857.98, 367.8938) target=(711.7997, 1853.8, 365.1591)
[VERBATIM] cam_orbit az=4.58366236104659 el=-56.7228217179515
[DIAG] _physics_process: ENTER, state=1
[DIAG] _physics_process: camera target set to character (state: 1)
[DIAG] _poll_controls: ENTER, state=1
[VERBATIM] POLL: _poll_controls() entered, game_state=1
[VERBATIM] POLL: checking deploy state=1 canopy=false
[DEBUG] _input (build_terrain) called, event=InputEventMouseMotion: button_mask=2 (Right Mouse Button), position=((567.0, 375.0)), relative=((0.0, -19.0)), velocity=((-19.80414, -237.6496)), pressure=0.00, tilt=((0.0, 0.0)), pen_inverted=(false)
[DEBUG] Camera updated: pos=(712.0496, 1857.701, 368.2767) target=(711.7997, 1853.8, 365.1591)
[VERBATIM] cam_orbit az=4.58366236104659 el=-51.2797226642087
[DIAG] _physics_process: ENTER, state=1
[DIAG] _physics_process: camera target set to character (state: 1)
[DIAG] _poll_controls: ENTER, state=1
[VERBATIM] POLL: _poll_controls() entered, game_state=1
[VERBATIM] POLL: checking deploy state=1 canopy=false
[DEBUG] _input (build_terrain) called, event=InputEventMouseMotion: button_mask=2 (Right Mouse Button), position=((567.0, 360.0)), relative=((0.0, -15.0)), velocity=((-19.80414, -237.6496)), pressure=0.00, tilt=((0.0, 0.0)), pen_inverted=(false)
[DEBUG] Camera updated: pos=(712.0723, 1857.456, 368.5594) target=(711.7997, 1853.8, 365.1591)
[VERBATIM] cam_orbit az=4.58366236104659 el=-46.9825392007275
[DIAG] _physics_process: ENTER, state=1
[DIAG] _physics_process: camera target set to character (state: 1)
[DIAG] _poll_controls: ENTER, state=1
[VERBATIM] POLL: _poll_controls() entered, game_state=1
[VERBATIM] POLL: checking deploy state=1 canopy=false
[DEBUG] _input (build_terrain) called, event=InputEventMouseMotion: button_mask=2 (Right Mouse Button), position=((567.0, 333.0)), relative=((0.0, -27.0)), velocity=((-19.80414, -237.6496)), pressure=0.00, tilt=((0.0, 0.0)), pen_inverted=(false)
[DEBUG] Camera updated: pos=(712.1091, 1856.963, 369.0189) target=(711.7997, 1853.8, 365.1591)
[VERBATIM] cam_orbit az=4.58366236104659 el=-39.2476089664614
[DIAG] _physics_process: ENTER, state=1
[DIAG] _physics_process: camera target set to character (state: 1)
[DIAG] _poll_controls: ENTER, state=1
[VERBATIM] POLL: _poll_controls() entered, game_state=1
[VERBATIM] POLL: checking deploy state=1 canopy=false
[DEBUG] _input (build_terrain) called, event=InputEventMouseMotion: button_mask=2 (Right Mouse Button), position=((567.0, 303.0)), relative=((0.0, -30.0)), velocity=((-19.80414, -237.6496)), pressure=0.00, tilt=((0.0, 0.0)), pen_inverted=(false)
[DEBUG] Camera updated: pos=(712.1434, 1856.349, 369.4467) target=(711.7997, 1853.8, 365.1591)
[VERBATIM] cam_orbit az=4.58366236104659 el=-30.6532420394991
[DIAG] _physics_process: ENTER, state=1
[DIAG] _physics_process: camera target set to character (state: 1)
[DIAG] _poll_controls: ENTER, state=1
[VERBATIM] POLL: _poll_controls() entered, game_state=1
[VERBATIM] POLL: checking deploy state=1 canopy=false
[DEBUG] _input (build_terrain) called, event=InputEventMouseMotion: button_mask=2 (Right Mouse Button), position=((567.0, 276.0)), relative=((0.0, -27.0)), velocity=((-19.80414, -237.6496)), pressure=0.00, tilt=((0.0, 0.0)), pen_inverted=(false)
