[CONTROLS] ---- InputMap audit and repair ----
[CONTROLS] deploy  action_existed=true  keys_before=[]  wanted=Space  added=true
[CONTROLS] turnleft  action_existed=true  keys_before=[]  wanted=Q  added=true
[CONTROLS] turnright  action_existed=true  keys_before=[]  wanted=E  added=true
[CONTROLS] camera_cycle  action_existed=true  keys_before=[]  wanted=C  added=true
[CONTROLS] cutaway  action_existed=true  keys_before=[]  wanted=X  added=true
[CONTROLS] reserve  action_existed=true  keys_before=[]  wanted=V  added=true
[CONTROLS] flare  action_existed=true  keys_before=[]  wanted=F  added=true
[CONTROLS] togglehud  action_existed=true  keys_before=[]  wanted=H  added=true
[CONTROLS] flightcheck  action_existed=true  keys_before=[]  wanted=G  added=true
[CONTROLS] restart  action_existed=true  keys_before=[]  wanted=R  added=true
[CONTROLS] j  action_existed=true  keys_before=["J"]  wanted=J  added=false
[CONTROLS] pause  action_existed=true  keys_before=[]  wanted=Escape  added=true
[CONTROLS] ---- 11 binding(s) added ----
[PIPLIVE] SubViewport now shares the main World3D
[PIPLIVE] hid 2 standalone PiP prop(s); camera kept
[PIPLIVE] eye=(100.0, 1830.5, -100.0) state=0 deployed=false framing=aircraft/sky
[PIPLIVE] eye=(100.0, 1830.5, -100.0) state=0 deployed=false framing=aircraft/sky
[PIPLIVE] eye=(100.0, 1830.5, -100.0) state=0 deployed=false framing=aircraft/sky
[CTRL] pressed=j  key=J  state=0  deployed=false  alt_m=1828.8
[PIPLIVE] eye=(287.7334, 1740.651, 740.0939) state=1 deployed=false framing=aircraft/sky
[CTRL] pressed=turnleft  key=Q  state=1  deployed=false  alt_m=1668.7
[CTRL] pressed=turnright  key=E  state=1  deployed=false  alt_m=1546.6
[PIPLIVE] eye=(278.7141, 1543.378, 716.8951) state=1 deployed=false framing=aircraft/sky
[CTRL] pressed=deploy  key=Space  state=1  deployed=false  alt_m=1423.3
[GLIDE_HDR] t,brake_L,brake_R,sym,diff,fwd_speed,turn_rate_deg_s,heading_deg,descent_m_s,glide_ratio,x,z,raw_descent
[GLIDE],0.01666666666667,0.0,0.22753759813931,0.11376879906966,0.22753759813931,10.0989511113683,-14.3954986809225,-0.23992497801538,3.9158905843247,2.57896662174229,272.073089599609,699.983032226562,18.0
[GLIDE],0.03333333333333,0.0,0.2148306125607,0.10741530628035,0.2148306125607,10.1492707742596,-13.6230499497078,-0.46697581051051,3.93168743999057,2.58140325983898,272.071716308594,700.152160644531,18.0
[GLIDE],0.05,0.0,0.20238746644626,0.10119373322313,0.20238746644626,10.1985456328728,-12.8630313153548,-0.68135966576642,3.94737471510723,2.58362744074976,272.069702148438,700.322143554688,18.0
[GLIDE],0.06666666666667,0.0,0.1902204205964,0.0951102102982,0.1902204205964,10.2467271344383,-12.1164239928557,-0.88330006564735,3.96292039104895,2.58565051106819,272.067077636719,700.492919921875,18.0
[GLIDE],0.08333333333333,0.0,0.17834040704201,0.089170203521,0.17834040704201,10.2937719881137,-11.3841357490862,-1.07303566146545,3.97829402666193,2.58748396149866,272.063873291016,700.664428710938,18.0
[GLIDE],0.1,0.0,0.16675708226264,0.08337854113132,0.16675708226264,10.33964195424,-10.6670016323134,-1.25081902200401,3.9934668373758,2.58913930559503,272.060119628906,700.836730957031,18.0
[GLIDE],0.11666666666667,0.0,0.15547888013482,0.07773944006741,0.15547888013482,10.3843036346661,-9.96578487525961,-1.41691543659167,4.00841175748744,2.59062797509985,272.055847167969,701.009765625,18.0
[GLIDE],0.13333333333333,0.0,0.14451306450859,0.0722565322543,0.14451306450859,10.427728264546,-9.28117796712489,-1.57160173604375,4.02310348663878,2.59196123072094,272.051086425781,701.183471679688,18.0
[GLIDE],0.15,0.0,0.13386578131722,0.06693289065861,0.13386578131722,10.4698915059838,-8.61380388841925,-1.71516513418407,4.03751852156914,2.59315008712698,272.045867919922,701.35791015625,18.0
[GLIDE],0.16666666666667,0.0,0.1235421101313,0.06177105506565,0.1235421101313,10.5107732438801,-7.96421750112776,-1.8479020925362,4.05163517425568,2.59420525092341,272.040222167969,701.533020019531,18.0
[GLIDE],0.18333333333333,0.0,0.11354611507538,0.05677305753769,0.11354611507538,10.5503573843015,-7.33290708560513,-1.97011721062962,4.0654335775673,2.5951370703773,272.0341796875,701.708740234375,18.0
[GLIDE],0.2,0.0,0.10388089503088,0.05194044751544,0.10388089503088,10.5886316556777,-6.72029601466706,-2.0821221442074,4.07889567955195,2.59595549568966,272.027770996094,701.885070800781,18.0
[GLIDE],0.21666666666667,0.0,0.09454863305559,0.04727431652779,0.09454863305559,10.6255874130999,-6.12674455459816,-2.1842345534507,4.09200522745682,2.59667004866064,272.021026611328,702.06201171875,18.0
[GLIDE],0.23333333333333,0.0,0.08555064495539,0.04277532247769,0.08555064495539,10.6612194459767,-5.5525517822175,-2.27677708315433,4.10474774254966,2.59728980065276,272.013977050781,702.239562988281,18.0
[GLIDE],0.25,0.0,0.07688742695002,0.03844371347501,0.07688742695002,10.6955257892779,-4.99795760672228,-2.3600763765997,4.11711048676911,2.59782335782569,272.006622314453,702.417663574219,18.0
[GLIDE],0.26666666666667,0.0,0.06855870237953,0.03427935118976,0.06855870237953,10.7285075385771,-4.46314488475252,-2.43446212467891,4.12908242218465,2.59827885269017,271.9990234375,702.596313476562,18.0
[GLIDE],0.28333333333333,0.0,0.06056346740369,0.03028173370184,0.06056346740369,10.7601686690814,-3.94824161697462,-2.50026615162849,4.1406541641957,2.59866394110494,271.9912109375,702.775451660156,18.0
[GLIDE],0.3,0.0,0.05290003565166,0.02645001782583,0.05290003565166,10.7905158588194,-3.45332321445538,-2.55782153853608,4.15181792934453,2.59898580391819,271.983184814453,702.955139160156,18.0
[GLIDE],0.31666666666667,0.0,0.04556608178371,0.02278304089186,0.04556608178371,10.8195583161365,-2.97841482317917,-2.60746178558906,4.16256747856145,2.59925115253042,271.974975585938,703.13525390625,18.0
[GLIDE],0.33333333333333,0.0,0.03855868393187,0.01927934196594,0.03855868393187,10.8473076116298,-2.5234936952374,-2.64952001384302,4.17289805660428,2.59946623772948,271.966613769531,703.315856933594,18.0
[GLIDE],0.35,0.0,0.03187436499044,0.01593718249522,0.03187436499044,10.8737775146379,-2.08849159548047,-2.68432820710103,4.18280632839772,2.59963686121782,271.958129882812,703.496887207031,18.0
[GLIDE],0.36666666666667,0.0,0.02550913273171,0.01275456636586,0.02550913273171,10.8989838343824,-1.6732972327565,-2.71221649431364,4.19229031292304,2.59976838931824,271.949523925781,703.678344726562,18.0
[GLIDE],0.38333333333333,0.0,0.01945851872646,0.00972925936323,0.01945851872646,10.9229442658432,-1.27775870525864,-2.73351247273461,4.20134931525512,2.59986576840491,271.940856933594,703.860168457031,18.0
[GLIDE],0.4,0.0,0.01371761605212,0.00685880802606,0.01371761605212,10.9456782404336,-0.9016859499538,-2.74854057190051,4.20998385729246,2.5999335416628,271.932098388672,704.042358398438,18.0
[GLIDE],0.41666666666667,0.0,0.00828111577589,0.00414055788794,0.00828111577589,10.9672067815275,-0.54485318656096,-2.75762145834319,4.21819560767646,2.59997586683009,271.923309326172,704.224914550781,18.0
[GLIDE],0.43333333333333,0.0,0.00314334220293,0.00157167110147,0.00314334220293,10.9875523648764,-0.20700134707835,-2.7610714807945,4.22598731134996,2.59999653462436,271.914489746094,704.407836914062,18.0
[PIPLIVE] eye=(271.7822, 1408.998, 707.1544) state=2 deployed=true framing=canopy
[GLIDE],0.93333333333333,0.0,0.0,0.0,0.0,11.0,0.0,-2.7610714807945,4.23076923076923,2.6,271.64990234375,709.901000976562,18.0
[GLIDE],1.45,0.0,0.0,0.0,0.0,11.0,0.0,-2.7610714807945,4.23076923076923,2.6,271.376495361328,715.577270507812,18.0
[CTRL] pressed=turnleft  key=Q  state=2  deployed=true  alt_m=1403.1
[GLIDE],1.71666666666667,0.00413499646348,0.0,0.00206749823174,-0.00413499646348,10.9836254140046,0.27225836704874,-2.75499436749447,4.22448106299592,2.59999399931391,271.235412597656,718.506652832031,18.0
[GLIDE],1.73333333333333,0.00812801123525,0.0,0.00406400561762,-0.00812801123525,10.9678130755084,0.5347940748619,-2.74608113291343,4.21842736155939,2.59997675329274,271.226654052734,718.689270019531,18.0
[GLIDE],1.75,0.01331216752777,0.0,0.00665608376388,-0.01331216752777,10.94728381659,0.8750972552239,-2.7314961786597,4.21059510696521,2.5999374289114,271.217956542969,718.871520996094,18.0
[GLIDE],1.76666666666667,0.01961977192354,0.0,0.00980988596177,-0.01961977192354,10.9223057031828,1.28831104085349,-2.71002432797881,4.20110733486103,2.59986351992221,271.209350585938,719.053344726562,18.0
[GLIDE],1.78333333333333,0.02698458323639,0.0,0.01349229161819,-0.02698458323639,10.8931410503839,1.7696218023276,-2.68053063127335,4.19008772573596,2.59974056950576,271.200866699219,719.234680175781,18.0
[GLIDE],1.8,0.03534187500065,0.0,0.01767093750032,-0.03534187500065,10.8600461749974,2.3142788255408,-2.64195931751434,4.17765982393676,2.59955253244234,271.192535400391,719.415466308594,18.0
[GLIDE],1.81666666666667,0.04462849094903,0.0,0.02231424547452,-0.04462849094903,10.8232711758418,2.91761193279529,-2.59333245196775,4.1639463409578,2.59928209674101,271.184387207031,719.595642089844,18.0
[GLIDE],1.83333333333333,0.05478289376498,0.0,0.02739144688249,-0.05478289376498,10.7830597406907,3.57504712716908,-2.5337483331816,4.14906853559244,2.59891097199024,271.176452636719,719.775207519531,18.0
[GLIDE],1.85,0.06574520739349,0.0,0.03287260369674,-0.06574520739349,10.7396489787218,4.28212034592897,-2.46237966074945,4.13314566424382,2.59842015045135,271.168762207031,719.954040527344,18.0
[GLIDE],1.86666666666666,0.07745725319205,0.0,0.03872862659602,-0.07745725319205,10.6932692773595,5.03448941358484,-2.37847150385637,4.11629449532017,2.59779014585004,271.161376953125,720.132080078125,18.0
[GLIDE],1.88333333333333,0.08986258020082,0.0,0.04493129010041,-0.08986258020082,10.6441441824047,5.82794428882093,-2.28133909904269,4.0986288822087,2.59700121389589,271.154327392578,720.309326171875,18.0
[GLIDE],1.9,0.10290648980771,0.0,0.05145324490386,-0.10290648980771,10.5924903003615,6.65841570208672,-2.17036550400791,4.08025938984913,2.5960335577472,271.147644042969,720.485717773438,18.0
[GLIDE],1.91666666666666,0.11653605508055,0.0,0.05826802754028,-0.11653605508055,10.538517221881,7.5219822821801,-2.04499913263824,4.06129297042131,2.59486752091853,271.141387939453,720.661254882812,18.0
[GLIDE],1.93333333333333,0.13070013503452,0.0,0.06535006751726,-0.13070013503452,10.4824274652633,8.41487627080374,-1.90475119479151,4.04183268412508,2.5934837694877,271.135589599609,720.835876464844,18.0
[GLIDE],1.95,0.1453493840985,0.0,0.07267469204925,-0.1453493840985,10.4244164389699,9.33348792391203,-1.74919306272631,4.02197746146368,2.59186346488781,271.130279541016,721.009521484375,18.0
[GLIDE],1.96666666666666,0.16043625703946,0.0,0.08021812851973,-0.16043625703946,10.3646724221237,10.2743686977798,-1.57795358442998,4.00182190384296,2.58998842806336,271.125518798828,721.182189941406,18.0
[GLIDE],1.98333333333333,0.17591500959878,0.0,0.08795750479939,-0.17591500959878,10.3033765619888,11.2342333161991,-1.39071636249333,3.98145611966376,2.58784129532463,271.121337890625,721.353881835938,18.0
[GLIDE],2.0,0.19174169508932,0.0,0.09587084754466,-0.19174169508932,10.2407028874463,12.2099608131258,-1.1872170156079,3.96096559341114,2.58540566585106,271.117797851562,721.524536132812,18.0
[GLIDE],2.01666666666666,0.20787415719642,0.0,0.10393707859821,-0.20787415719642,10.1768183375022,13.1985946425351,-0.96724043823231,3.94043108552947,2.58266624047169,271.114929199219,721.694152832031,18.0
[GLIDE],2.03333333333333,0.22427201922017,0.0,0.11213600961009,-0.22427201922017,10.1118828038881,14.1973419442652,-0.73061807249456,3.91992856111503,2.57960895109063,271.11279296875,721.862670898438,18.0
[GLIDE],2.05,0.24089666999056,0.0,0.12044833499528,-0.24089666999056,10.0460491868374,15.2035720513144,-0.47722520497265,3.89952914565818,2.57622107992778,271.111389160156,722.030090332031,18.0
[GLIDE],2.06666666666666,0.25771124668085,0.0,0.12885562334043,-0.25771124668085,9.97946346314382,16.2148143204563,-0.20697829963172,3.87929910622624,2.57249136760991,271.110778808594,722.196411132812,18.0
[GLIDE],2.08333333333333,0.27468061473825,0.0,0.13734030736913,-0.27468061473825,9.91226476563653,17.2287553642187,0.08016762310526,3.85929985659839,2.56841010907436,271.111022949219,722.361633300781,18.0
[GLIDE],2.1,0.29177134514473,0.0,0.14588567257237,-0.29177134514473,9.84458547322685,18.2432357582841,0.38422155241,3.83958798494951,2.56396923623468,271.112121582031,722.525695800781,18.0
[GLIDE],2.11666666666666,0.30895168921422,0.0,0.15447584460711,-0.30895168921422,9.77655131071168,19.2562462942635,0.70515899064772,3.82021530273365,2.55916238640158,271.114135742188,722.688598632812,18.0
[GLIDE],2.13333333333333,0.32619155112585,0.0,0.16309577556292,-0.32619155112585,9.70828145754165,20.2659238436155,1.04292438804131,3.80122891344617,2.55398495554959,271.117095947266,722.850402832031,18.0
[GLIDE],2.15,0.34346245838642,0.0,0.17173122919321,-0.34346245838642,9.63988866478977,21.2705468942671,1.39743350294577,3.78267129995062,2.54843413566376,271.121002197266,723.011047363281,18.0
[GLIDE],2.16666666666666,0.36073753040853,0.0,0.18036876520426,-0.36073753040853,9.57147937958223,22.2685308172853,1.76857568323385,3.76458042904734,2.54250893558525,271.125915527344,723.170471191406,18.0
[GLIDE],2.18333333333333,0.377991445384,0.0,0.188995722692,-0.377991445384,9.50315387627938,23.2584229167688,2.15621606518,3.74698987194131,2.53621018499199,271.131866455078,723.328735351562,18.0
[GLIDE],2.2,0.39520040562578,0.0,0.19760020281289,-0.39520040562578,9.43500639372191,24.2388973120188,2.56019768704698,3.72992893924055,2.52954052139207,271.138885498047,723.48583984375,18.0
[GLIDE],2.21666666666666,0.41234210154466,0.0,0.20617105077233,-0.41234210154466,9.36712527788314,25.2087496970259,2.98034351533075,3.71342282908847,2.52250436026497,271.147003173828,723.641723632812,18.0
[GLIDE],2.23333333333333,0.4293956744204,0.0,0.2146978372102,-0.4293956744204,9.29959312929522,26.1668920183915,3.41645838230394,3.69749278700757,2.51510784874891,271.15625,723.796447753906,18.0
[GLIDE],2.25,0.44634167812041,0.0,0.22317083906021,-0.44634167812041,9.23248695464316,27.1123471090204,3.86833083412095,3.68215627601046,2.5073588035341,271.166625976562,723.949951171875,18.0
[GLIDE],2.26666666666666,0.46316203991248,0.0,0.23158101995624,-0.46316203991248,9.1658783219466,28.0442433112752,4.33573488930887,3.66742715552054,2.49926663387146,271.178161621094,724.102294921875,18.0
[GLIDE],2.28333333333333,0.47984002051131,0.0,0.23992001025565,-0.47984002051131,9.09983351877523,28.9618091197947,4.81843170797211,3.65331586764025,2.490842250838,271.190887451172,724.25341796875,18.0
[GLIDE],2.3,0.49636017349259,0.0,0.24818008674629,-0.49636017349259,9.03441371296936,29.8643678708573,5.3161711724864,3.63982962931121,2.48209796420582,271.204833984375,724.4033203125,18.0
[GLIDE],2.31666666666666,0.51270830420146,0.0,0.25635415210073,-0.51270830420146,8.96967511536223,30.7513325020175,5.82869338085336,3.62697262892829,2.47304736843647,271.220001220703,724.552062988281,18.0
[GLIDE],2.33333333333333,0.52887142827631,0.0,0.26443571413815,-0.52887142827631,8.90566914402583,31.6222004027686,6.35573005423283,3.61474622599969,2.46370521946195,271.236419677734,724.699584960938,18.0
[GLIDE],2.35,0.54483772990247,0.0,0.27241886495124,-0.54483772990247,8.84244258958621,32.476548374193,6.89700586046938,3.60314915248606,2.45408730401438,271.254119873047,724.845886230469,18.0
[GLIDE],2.36666666666666,0.56059651990436,0.0,0.28029825995218,-0.56059651990436,8.78003778117872,33.3140277129481,7.45223965568519,3.59217771450462,2.44421030332836,271.273101806641,724.990966796875,18.0
[GLIDE],2.38333333333333,0.57613819377858,0.0,0.28806909688929,-0.57613819377858,8.71849275263682,34.1343594325033,8.02114564622691,3.58182599314695,2.43409165306125,271.293365478516,725.134826660156,18.0
[GLIDE],2.4,0.5914541897647,0.0,0.29572709488235,-0.5914541897647,8.65784140853178,34.9373296322949,8.60343447343182,3.57208604323127,2.42374940126022,271.31494140625,725.277526855469,18.0
[GLIDE],2.41666666666666,0.60653694704475,0.0,0.30326847352237,-0.60653694704475,8.5981136897028,35.7227850233871,9.19881422382161,3.56294808889039,2.41320206615205,271.337860107422,725.419006347656,18.0
[GLIDE],2.43333333333333,0.62137986415669,0.0,0.31068993207835,-0.62137986415669,8.5393357379395,36.4906286173283,9.80699136744375,3.55440071498323,2.40246849544643,271.362091064453,725.559265136719,18.0
[GLIDE],2.45,0.63597725770194,0.0,0.31798862885097,-0.63597725770194,8.48153005950031,37.2408155831526,10.427671627163,3.54643105341016,2.39156772872962,271.387664794922,725.698303222656,18.0
[GLIDE],2.46666666666666,0.65032432142142,0.0,0.32516216071071,-0.65032432142142,8.42471568717118,37.9733492759079,11.0605607817614,3.53902496350795,2.38051886438813,271.414611816406,725.836120605469,18.0
[GLIDE],2.48333333333333,0.66441708570966,0.0,0.33220854285483,-0.66441708570966,8.36890834058975,38.688277438668,11.7053654057392,3.5321672057989,2.36934093234606,271.442901611328,725.972717285156,18.0
[GLIDE],2.5,0.67825237763136,0.0,0.33912618881568,-0.67825237763136,8.31412058457983,39.3856885787228,12.3617935487179,3.52584160846738,2.35805277373019,271.472564697266,726.108093261719,18.0
[GLIDE],2.51666666666666,0.69182778149992,0.0,0.34591389074996,-0.69182778149992,8.2603619852603,40.0657085175064,13.029555357343,3.52003122603629,2.34667292839951,271.503601074219,726.242248535156,18.0
[GLIDE],2.53333333333333,0.70514160007282,0.0,0.35257080003641,-0.70514160007282,8.20763926371161,40.7284971128309,13.7083636425569,3.51471848981302,2.33521953109486,271.536010742188,726.375122070312,18.0
[GLIDE],2.55,0.718192816414,0.0,0.359096408207,-0.718192816414,8.15595644700057,41.3742451511248,14.3979343950756,3.50988534976939,2.32371021678427,271.56982421875,726.506774902344,18.0
[GLIDE],2.56666666666666,0.73098105646916,0.0,0.36549052823458,-0.73098105646916,8.10531501638212,42.0031714066188,15.0979872518526,3.50551340761071,2.31216203560509,271.605010986328,726.63720703125,18.0
[GLIDE],2.58333333333333,0.74350655239562,0.0,0.37175327619781,-0.74350655239562,8.05571405251334,42.6155198637854,15.808245916249,3.50158404087639,2.30059137763751,271.6416015625,726.766418457031,18.0
[GLIDE],2.6,0.75577010668401,0.0,0.37788505334201,-0.75577010668401,8.00715037753132,43.2115570987939,16.5284385345623,3.49807851799529,2.28901390758951,271.679565429688,726.894348144531,18.0
[GLIDE],2.61666666666666,0.76777305710554,0.0,0.38388652855277,-0.76777305710554,7.95961869386207,43.7915698152977,17.2582980314839,3.49497810429561,2.27744450933156,271.718933105469,727.021057128906,18.0
[GLIDE],2.63333333333333,0.77951724251446,0.0,0.38975862125723,-0.77951724251446,7.91311171964272,44.3558625295107,17.9975624069757,3.49226415903831,2.2658972400936,271.759674072266,727.146484375,18.0
[GLIDE],2.65,0.79100496953191,0.0,0.39550248476596,-0.79100496953191,7.86762032065363,44.9047553992482,18.7459749969632,3.48991822360681,2.25438529402631,271.801818847656,727.270629882812,18.0
[GLIDE],2.66666666666666,0.80223898013364,0.0,0.40111949006682,-0.80223898013364,7.82313363867078,45.4385821913981,19.5032847001532,3.48792210104244,2.24292097473526,271.845336914062,727.3935546875,18.0
[GLIDE],2.68333333333333,0.81103492016108,0.0,0.40551746008054,-0.81103492016108,7.78830171616211,45.8545232582601,20.2675267544575,3.48656658724427,2.23380265980173,271.890289306641,727.515319824219,18.0
[GLIDE],2.7,0.81751546386435,0.0,0.40875773193217,-0.81751546386435,7.76263876309719,46.159832671966,21.0368572989903,3.48568524488266,2.22700508443599,271.936737060547,727.636047363281,18.0
[PIPLIVE] eye=(271.9367, 1400.909, 727.636) state=2 deployed=true framing=canopy
[GLIDE],2.71666666666666,0.82180127482077,0.0,0.41090063741039,-0.82180127482077,7.74566695170974,46.361212441192,21.8095441730102,3.48515735910099,2.2224726615236,271.984710693359,727.755920410156,18.0
[GLIDE],2.73333333333333,0.82401085508292,0.0,0.41200542754146,-0.82401085508292,7.73691701387164,46.4648697200359,22.5839586683441,3.48490236160707,2.22012447152285,272.034240722656,727.875,18.0
[GLIDE],2.75,0.82426040792959,0.0,0.41213020396479,-0.82426040792959,7.73592878459883,46.4765698306483,23.3585681655216,3.48487429680109,2.21985877416007,272.085357666016,727.993347167969,18.0
[GLIDE],2.76666666666666,0.82266371373147,0.0,0.41133185686574,-0.82266371373147,7.74225169362337,46.401685137938,24.1319295844872,3.48505643818091,2.22155704820223,272.138122558594,728.111083984375,18.0
[GLIDE],2.78333333333333,0.81933201844217,0.0,0.40966600922109,-0.81933201844217,7.75544520696899,46.2452398481121,24.9026835819557,3.48545614293168,2.22508758938098,272.192535400391,728.228332519531,18.0
[GLIDE],2.79999999999999,0.81437393422599,0.0,0.407186967113,-0.81437393422599,7.77507922046508,46.0119508317403,25.6695494291514,3.48610001357998,2.23030870892331,272.248657226562,728.345153808594,18.0
[GLIDE],2.81666666666666,0.80789535173525,0.0,0.40394767586762,-0.80789535173525,7.80073440712841,45.7062645967072,26.4313205057632,3.48702941812808,2.23707157919994,272.306518554688,728.461547851562,18.0
[GLIDE],2.83333333333333,0.79999936355261,0.0,0.39999968177631,-0.79999936355261,7.83200252033165,45.3323905571057,27.1868603483816,3.48829640434124,2.24522277137476,272.366149902344,728.57763671875,18.0
[GLIDE],2.84999999999999,0.79078619831718,0.0,0.39539309915859,-0.79078619831718,7.86848665466397,44.8943307611052,27.9350991944,3.48996002992187,2.25460652477448,272.427581787109,728.693481445312,18.0
[GLIDE],2.86666666666666,0.78035316505755,0.0,0.39017658252878,-0.78035316505755,7.90980146637209,44.3959062543613,28.6750309653061,3.49208311818855,2.26506678067707,272.490844726562,728.809143066406,18.0
[GLIDE],2.88333333333333,0.76879460726016,0.0,0.38439730363008,-0.76879460726016,7.95557335524975,43.840780265913,29.4057106364046,3.49472943855376,2.27644900560372,272.555938720703,728.924682617188,18.0
[GLIDE],2.89999999999999,0.75620186620705,0.0,0.37810093310352,-0.75620186620705,8.0054406098201,43.2324784109836,30.1262519432543,3.49796130249142,2.28860182190072,272.622894287109,729.040100097656,18.0
[GLIDE],2.91666666666666,0.74266325312379,0.0,0.37133162656189,-0.74266325312379,8.0590535176298,42.5744061099518,30.8358253784202,3.50183755870383,2.30137845703293,272.691741943359,729.155456542969,18.0
[GLIDE],2.93333333333333,0.72826402968567,0.0,0.36413201484283,-0.72826402968567,8.11607444244475,41.8698634252263,31.5336564355073,3.50641196571589,2.31463801795113,272.762481689453,729.270751953125,18.0
[GLIDE],2.94999999999999,0.71308639643769,0.0,0.35654319821885,-0.71308639643769,8.17617787010674,41.1220575181077,32.2190240608091,3.51173191600707,2.3282465933229,272.835144042969,729.386047363281,18.0
[GLIDE],2.96666666666666,0.69720948869265,0.0,0.34860474434633,-0.69720948869265,8.23905042477709,40.3341129261793,32.8912592762454,3.51783748289537,2.34207818434975,272.909729003906,729.501342773438,18.0
[GLIDE],2.98333333333333,0.68070937948009,0.0,0.34035468974005,-0.68070937948009,8.30439085725884,39.5090798585762,33.549743940555,3.52476075956619,2.35601546423278,272.986206054688,729.61669921875,18.0
[GLIDE],2.99999999999999,0.66365908912831,0.0,0.33182954456415,-0.66365908912831,8.37191000705191,38.6499407018472,34.1939096189191,3.53252545874805,2.36995036690237,273.064636230469,729.732116699219,18.0
[GLIDE],3.01666666666666,0.6461286010712,0.0,0.3230643005356,-0.6461286010712,8.44133073975804,37.7596149232577,34.8232365343068,3.54114674143645,2.38378450714354,273.144989013672,729.847595214844,18.0
[GLIDE],3.03333333333333,0.62818488348171,0.0,0.31409244174086,-0.62818488348171,8.51238786141241,36.8409625514762,35.4372525768314,3.55063124362392,2.39742943644137,273.227233886719,729.963195800781,18.0
[GLIDE],3.04999999999999,0.60989191634388,0.0,0.30494595817194,-0.60989191634388,8.58482801127825,35.8967864068175,36.0355323502783,3.56097727108477,2.41080674144912,273.311401367188,730.078918457031,18.0
[GLIDE],3.06666666666666,0.59131072358609,0.0,0.29565536179305,-0.59131072358609,8.65840953459907,34.9298332447602,36.617696237691,3.57217513377291,2.4238479946682,273.397491455078,730.194763183594,18.0
[GLIDE],3.08333333333333,0.57249940990899,0.0,0.28624970495449,-0.57249940990899,8.73290233676041,33.942793967456,37.1834094704819,3.58420759321858,2.43649456947842,273.485443115234,730.310729980469,18.0
[GLIDE],3.09999999999999,0.55351320195214,0.0,0.27675660097607,-0.55351320195214,8.80808772026953,32.9383030485555,37.7323811879579,3.59705039836216,2.44869733387114,273.575286865234,730.426818847656,18.0
[GLIDE],3.11666666666666,0.5344044934551,0.0,0.26720224672755,-0.5344044934551,8.8837582059178,31.9189373070162,38.2643634764081,3.6106728874605,2.46041623897035,273.6669921875,730.543090820312,18.0
[GLIDE],3.13333333333333,0.51522289407938,0.0,0.25761144703969,-0.51522289407938,8.95971733944565,30.8872141557451,38.7791503790039,3.62503863597443,2.47161981958773,273.760528564453,730.659484863281,18.0
[GLIDE],3.14999999999999,0.49601528156929,0.0,0.24800764078464,-0.49601528156929,9.03577948498562,29.8455894410738,39.2765768696884,3.64010613263477,2.48228462460938,273.855865478516,730.776062011719,18.0
[GLIDE],3.16666666666666,0.47682585694102,0.0,0.23841292847051,-0.47682585694102,9.11176960651356,28.7964549792574,39.7565177860094,3.65582946814143,2.49239459496612,273.952972412109,730.892822265625,18.0
[GLIDE],3.18333333333333,0.45769620240064,0.0,0.22884810120032,-0.45769620240064,9.18752303849345,27.7421358865074,40.2188867174512,3.67215902313322,2.50194040634284,274.051849365234,731.009765625,18.0
[GLIDE],3.19999999999999,0.43866534170312,0.0,0.21933267085156,-0.43866534170312,9.26288524685565,26.6848877896011,40.6636348472779,3.68904214414634,2.51091879271526,274.152435302734,731.126892089844,18.0
[GLIDE],3.21666666666666,0.41976980267583,0.0,0.20988490133792,-0.41976980267583,9.3377115814037,25.6268939948938,41.0907497471928,3.70642379823042,2.51933186535815,274.254730224609,731.244201660156,18.0
[GLIDE],3.23333333333333,0.40104368164142,0.0,0.20052184082071,-0.40104368164142,9.41186702069999,24.570262684676,41.5002541252707,3.72424719869711,2.52718644025365,274.358673095703,731.361694335938,18.0
[GLIDE],3.24999999999999,0.38251870948591,0.0,0.19125935474296,-0.38251870948591,9.48522591043578,23.5170242012822,41.8922045286254,3.74245439612576,2.53449338494412,274.464233398438,731.479370117188,18.0
[GLIDE],3.26666666666666,0.36422431912951,0.0,0.18211215956476,-0.36422431912951,9.55767169624713,22.4691284712299,42.2666900031459,3.76098683023708,2.54126699391942,274.571380615234,731.597229003906,18.0
[GLIDE],3.28333333333333,0.34618771416806,0.0,0.17309385708403,-0.34618771416806,9.62909665189448,21.4284426139614,42.6238307133786,3.77978583956828,2.54752439968776,274.680053710938,731.71533203125,18.0
[GLIDE],3.29999999999999,0.32843393846454,0.0,0.16421696923227,-0.32843393846454,9.69940160368042,20.3967487724999,42.9637765262536,3.79879312704281,2.55328502482339,274.790222167969,731.833618164062,18.0
[GLIDE],3.31666666666666,0.31098594648047,0.0,0.15549297324024,-0.31098594648047,9.76849565193734,19.3757421965408,43.2867055628626,3.81795118053063,2.55857007856755,274.90185546875,731.9521484375,18.0
[GLIDE],3.33333333333333,0.29386467414774,0.0,0.14693233707387,-0.29386467414774,9.83629589037496,18.3670296021692,43.5928227228988,3.83720364834739,2.56340210001918,275.014892578125,732.070861816406,18.0
[GLIDE],3.34999999999999,0.27708911009186,0.0,0.13854455504593,-0.27708911009186,9.90272712403622,17.3721278265531,43.8823581866747,3.85649567035262,2.56780454861259,275.129302978516,732.189819335938,18.0
[GLIDE],3.36666666666666,0.26067636702793,0.0,0.13033818351397,-0.26067636702793,9.96772158656938,16.3924627905834,44.155565899851,3.87577416588892,2.57180144145041,275.245025634766,732.309020996094,18.0
[GLIDE],3.38333333333333,0.24464175316045,0.0,0.12232087658022,-0.24464175316045,10.0312186574846,15.4293687775349,44.4127220461433,3.89498808026645,2.57541703614107,275.362030029297,732.428466796875,18.0
[GLIDE],3.39999999999999,0.22899884342821,0.0,0.11449942171411,-0.22899884342821,10.0931645800243,14.4840880313801,44.654123513333,3.91408859185288,2.57867555707172,275.480255126953,732.548156738281,18.0
[GLIDE],3.41666666666666,0.21375955044496,0.0,0.10687977522248,-0.21375955044496,10.153512180238,13.5577706744025,44.8800863579063,3.93302928208951,2.58160096251398,275.599670410156,732.668090820312,18.0
[GLIDE],3.43333333333333,0.19893419499585,0.0,0.09946709749792,-0.19893419499585,10.2122205878164,12.6514749402018,45.0909442735764,3.95176627093165,2.58421674959255,275.72021484375,732.788269042969,18.0
[GLIDE],3.44999999999999,0.18453157595906,0.0,0.09226578797953,-0.18453157595906,10.2692549592021,11.7661677150553,45.2870470688273,3.97025832031681,2.58654579392272,275.841857910156,732.90869140625,18.0
[GLIDE],3.46666666666666,0.17055903953062,0.0,0.08527951976531,-0.17055903953062,10.3245862034588,10.9027253778732,45.4687591584585,3.98846690830921,2.58861022062123,275.964538574219,733.029357910156,18.0
[GLIDE],3.48333333333333,0.15702254763932,0.0,0.07851127381966,-0.15702254763932,10.3781907113483,10.0619349266357,45.6364580739024,4.00635627656269,2.59043130339182,276.088195800781,733.150329589844,18.0
[GLIDE],3.49999999999999,0.14392674544693,0.0,0.07196337272347,-0.14392674544693,10.4300500880302,9.24449537722167,45.7905329968561,4.02389345369712,2.59202938846383,276.212799072266,733.271545410156,18.0
[GLIDE],3.51666666666666,0.13127502783699,0.0,0.0656375139185,-0.13127502783699,10.4801508897655,8.45101941889263,45.9313833205043,4.04104825710303,2.59342384029796,276.338287353516,733.393005371094,18.0
[GLIDE],3.53333333333333,0.11906960480355,0.0,0.05953480240178,-0.11906960480355,10.5284843649779,7.68203530937098,46.0594172423272,4.05779327558378,2.59463300615363,276.464630126953,733.514770507812,18.0
[GLIDE],3.54999999999999,0.10731156565861,0.0,0.0536557828293,-0.10731156565861,10.5750461999919,6.93798899142147,46.1750503921842,4.0741038351209,2.59567419682078,276.591796875,733.636840820312,18.0
[GLIDE],3.56666666666666,0.09600094198455,0.0,0.04800047099227,-0.09600094198455,10.6198362697412,6.21924641208732,46.2787044990523,4.08995794991137,2.59656368104501,276.7197265625,733.759155273438,18.0
[GLIDE],3.58333333333333,0.08513676926484,0.0,0.04256838463242,-0.08513676926484,10.6628583937112,5.52609602522475,46.3708060994728,4.10533626068165,2.59731669140807,276.848358154297,733.881774902344,18.0
[GLIDE],3.59999999999999,0.07471714713319,0.0,0.0373585735666,-0.07471714713319,10.7041200973526,4.85875145769963,46.4517852904344,4.12022196213504,2.59794743965828,276.977661132812,734.004699707031,18.0
[GLIDE],3.61666666666666,0.06473929818782,0.0,0.03236964909391,-0.06473929818782,10.7436323791762,4.21735431953604,46.5220745290933,4.13460072124126,2.59846913971196,277.107604980469,734.1279296875,18.0
[GLIDE],3.63333333333333,0.05519962532384,0.0,0.02759981266192,-0.05519962532384,10.7814094837176,3.60197713841718,46.5821074814003,4.1484605879311,2.59889403676231,277.238128662109,734.251403808594,18.0
[GLIDE],3.64999999999999,0.04609376754287,0.0,0.02304688377144,-0.04609376754287,10.8174686805302,3.0126263992142,46.6323179213872,4.16179189961863,2.59923344113421,277.369201660156,734.375183105469,18.0
[GLIDE],3.66666666666666,0.03741665420459,0.0,0.0187083271023,-0.03741665420459,10.8518300493498,2.44924566963781,46.6731386825478,4.17458718083815,2.59949776570987,277.500762939453,734.499267578125,18.0
[GLIDE],3.68333333333333,0.02916255769059,0.0,0.01458127884529,-0.02916255769059,10.8845162715453,1.91171879365314,46.7050006624421,4.18684103915592,2.59969656591969,277.6328125,734.623657226562,18.0
[GLIDE],3.69999999999999,0.02132514445614,0.0,0.01066257222807,-0.02132514445614,10.9155524279537,1.39987313495149,46.7283318813579,4.19855005839704,2.59983858144616,277.765289306641,734.748352050781,18.0
[GLIDE],3.71666666666666,0.01389752445047,0.0,0.00694876222524,-0.01389752445047,10.9449658031761,0.91348285351744,46.7435565955832,4.20971269011661,2.59993177892455,277.898132324219,734.873352050781,18.0
[GLIDE],3.73333333333332,0.0068722988908,0.0,0.0034361494454,-0.0068722988908,10.9727856963924,0.45227219914958,46.751094465569,4.22032914414155,2.59998339504499,278.031341552734,734.998657226562,18.0
[GLIDE],4.24999999999999,0.0,0.0,0.0,0.0,11.0,0.0,46.7513597790136,4.23076923076923,2.6,282.171203613281,738.892578125,18.0
[CONTROLS] ---- InputMap audit and repair ----
[CONTROLS] deploy  action_existed=true  keys_before=["Space"]  wanted=Space  added=false
[CONTROLS] turnleft  action_existed=true  keys_before=["Q"]  wanted=Q  added=false
[CONTROLS] turnright  action_existed=true  keys_before=["E"]  wanted=E  added=false
[CONTROLS] camera_cycle  action_existed=true  keys_before=["C"]  wanted=C  added=false
[CONTROLS] cutaway  action_existed=true  keys_before=["X"]  wanted=X  added=false
[CONTROLS] reserve  action_existed=true  keys_before=["V"]  wanted=V  added=false
[CONTROLS] flare  action_existed=true  keys_before=["F"]  wanted=F  added=false
[CONTROLS] togglehud  action_existed=true  keys_before=["H"]  wanted=H  added=false
[CONTROLS] flightcheck  action_existed=true  keys_before=["G"]  wanted=G  added=false
[CONTROLS] restart  action_existed=true  keys_before=["R"]  wanted=R  added=false
[CONTROLS] j  action_existed=true  keys_before=["J"]  wanted=J  added=false
[CONTROLS] pause  action_existed=true  keys_before=["Escape"]  wanted=Escape  added=false
[CONTROLS] ---- 0 binding(s) added ----
[CTRL] pressed=turnright  key=E  state=0  deployed=false  alt_m=1828.8
[PIPLIVE] SubViewport now shares the main World3D
[PIPLIVE] hid 2 standalone PiP prop(s); camera kept
[PIPLIVE] eye=(100.0, 1830.5, -100.0) state=0 deployed=false framing=aircraft/sky
[CTRL] pressed=deploy  key=Space  state=0  deployed=false  alt_m=1828.8
[PIPLIVE] eye=(660.4864, 1799.875, 448.9335) state=1 deployed=false framing=aircraft/sky
[PIPLIVE] eye=(644.6941, 1612.843, 437.9861) state=1 deployed=false framing=aircraft/sky
[PIPLIVE] eye=(622.0528, 1413.7, 422.6041) state=1 deployed=false framing=aircraft/sky
[CTRL] pressed=turnleft  key=Q  state=1  deployed=false  alt_m=1369.4
[PIPLIVE] eye=(597.519, 1215.781, 405.9366) state=1 deployed=false framing=aircraft/sky
[CTRL] pressed=turnright  key=E  state=1  deployed=false  alt_m=1140.9
[PIPLIVE] eye=(570.7144, 1019.507, 387.7265) state=1 deployed=false framing=aircraft/sky
[CTRL] pressed=deploy  key=Space  state=1  deployed=false  alt_m=958.2
[GLIDE_HDR] t,brake_L,brake_R,sym,diff,fwd_speed,turn_rate_deg_s,heading_deg,descent_m_s,glide_ratio,x,z,raw_descent
[GLIDE],0.01666666666667,0.0,0.1053157840851,0.05265789204255,0.1053157840851,10.582949495023,-6.81137982524267,-0.11352299708738,4.07688967634959,2.59583906732028,561.513916015625,381.652618408203,18.0
[GLIDE],0.03333333333333,0.0,0.09375711039657,0.04687855519828,0.09375711039657,10.6287218428296,-6.07630965276034,-0.21479482463338,4.09312211813781,2.59672727469592,561.513244628906,381.829772949219,18.0
[GLIDE],0.05,0.0,0.08266434353898,0.04133217176949,0.08266434353898,10.6726491995856,-5.36797137171189,-0.30426101416192,4.10885636562325,2.59747439430552,561.512329101562,382.007659912109,18.0
[GLIDE],0.06666666666667,0.0,0.0720349562069,0.03601747810345,0.0720349562069,10.7147415734207,-4.68656021594054,-0.38237035109426,4.12407529064939,2.59809552888486,561.511108398438,382.186248779297,18.0
[GLIDE],0.08333333333333,0.0,0.06186553878872,0.03093276939436,0.06186553878872,10.7550124663967,-4.03219715521158,-0.44957363701445,4.13876437547153,2.59860467779622,561.509704589844,382.365478515625,18.0
[GLIDE],0.1,0.0,0.05215185841152,0.02607592920576,0.05215185841152,10.7934786406904,-3.40493199594082,-0.50632250361346,4.15291161243878,2.59901477516686,561.508117675781,382.545349121094,18.0
[GLIDE],0.11666666666667,0.0,0.04288891637096,0.02144445818548,0.04288891637096,10.830159891171,-2.80474658963274,-0.55306828010734,4.16650739779787,2.5993377323403,561.50634765625,382.725830078125,18.0
[GLIDE],0.13333333333333,0.0,0.03407100391305,0.01703550195653,0.03407100391305,10.8650788245043,-2.23155812877968,-0.590260915587,4.17954442096029,2.5995844834227,561.504455566406,382.906890869141,18.0
[GLIDE],0.15,0.0,0.02569175633983,0.01284587816992,0.02569175633983,10.8982606448943,-1.68522251062384,-0.61834795743074,4.19201755043323,2.599765032894,561.502502441406,383.088531494141,18.0
[GLIDE],0.16666666666667,0.0,0.01774420541651,0.00887210270826,0.01774420541651,10.9297329465506,-1.16553774994264,-0.63777358659645,4.20392371748426,2.59988850442112,561.50048828125,383.270690917969,18.0
[GLIDE],0.18333333333333,0.0,0.0102208300628,0.0051104150314,0.0102208300628,10.9595255129513,-0.67224742286684,-0.64897771031089,4.215261798489,2.59996319015817,561.498413085938,383.453338623047,18.0
[GLIDE],0.2,0.0,0.00311360531569,0.00155680265784,0.00311360531569,10.9876701229499,-0.20504412466382,-0.65239511238862,4.22603249680065,2.59999659994763,561.496337890625,383.636444091797,18.0
[GLIDE],0.7,0.0,0.0,0.0,0.0,11.0,0.0,-0.65239511238862,4.23076923076923,2.6,561.43408203125,389.136016845703,18.0
[GLIDE],1.2,0.0,0.0,0.0,0.0,11.0,0.0,-0.65239511238862,4.23076923076923,2.6,561.371826171875,394.635589599609,18.0
[PIPLIVE] eye=(561.3511, 950.9243, 396.4688) state=2 deployed=true framing=canopy
[GLIDE],1.71666666666667,0.0,0.0,0.0,0.0,11.0,0.0,-0.65239511238862,4.23076923076923,2.6,561.307495117188,400.318481445312,18.0
[GLIDE],2.23333333333333,0.0,0.0,0.0,0.0,11.0,0.0,-0.65239511238862,4.23076923076923,2.6,561.2431640625,406.001373291016,18.0
[GLIDE],2.75,0.0,0.0,0.0,0.0,11.0,0.0,-0.65239511238862,4.23076923076923,2.6,561.178833007812,411.684265136719,18.0
[GLIDE],3.26666666666666,0.0,0.0,0.0,0.0,11.0,0.0,-0.65239511238862,4.23076923076923,2.6,561.114501953125,417.367156982422,18.0
[PIPLIVE] eye=(561.1, 942.3943, 418.6504) state=2 deployed=true framing=canopy
[GLIDE],3.78333333333332,0.0,0.0,0.0,0.0,11.0,0.0,-0.65239511238862,4.23076923076923,2.6,561.050170898438,423.050048828125,18.0
[GLIDE],4.29999999999999,0.0,0.0,0.0,0.0,11.0,0.0,-0.65239511238862,4.23076923076923,2.6,560.98583984375,428.732940673828,18.0
[GLIDE],4.81666666666665,0.0,0.0,0.0,0.0,11.0,0.0,-0.65239511238862,4.23076923076923,2.6,560.921508789062,434.415832519531,18.0
[GLIDE],5.33333333333332,0.0,0.0,0.0,0.0,11.0,0.0,-0.65239511238862,4.23076923076923,2.6,560.857177734375,440.098724365234,18.0
[PIPLIVE] eye=(560.8489, 933.8643, 440.832) state=2 deployed=true framing=canopy
[GLIDE],5.84999999999998,0.0,0.0,0.0,0.0,11.0,0.0,-0.65239511238862,4.23076923076923,2.6,560.792846679688,445.781616210938,18.0
[CTRL] pressed=turnleft  key=Q  state=2  deployed=true  alt_m=929.3
[GLIDE],6.09999999999998,0.00413499646348,0.0,0.00206749823174,-0.00413499646348,10.9836254140046,0.27225836704874,-0.64631799908859,4.22448106299592,2.59999399931391,560.76171875,448.531036376953,18.0
[GLIDE],6.11666666666665,0.00812801123525,0.0,0.00406400561762,-0.00812801123525,10.9678130755084,0.5347940748619,-0.63740476450756,4.21842736155939,2.59997675329274,560.759704589844,448.713836669922,18.0
[GLIDE],6.13333333333332,0.01331216752777,0.0,0.00665608376388,-0.01331216752777,10.94728381659,0.8750972552239,-0.62281981025383,4.21059510696521,2.5999374289114,560.757751464844,448.896270751953,18.0
[GLIDE],6.14999999999998,0.01961977192354,0.0,0.00980988596177,-0.01961977192354,10.9223057031828,1.28831104085349,-0.60134795957294,4.20110733486103,2.59986351992221,560.755859375,449.078308105469,18.0
[GLIDE],6.16666666666665,0.02698458323639,0.0,0.01349229161819,-0.02698458323639,10.8931410503839,1.7696218023276,-0.57185426286748,4.19008772573596,2.59974056950576,560.754028320312,449.259857177734,18.0
[GLIDE],6.18333333333332,0.03534187500065,0.0,0.01767093750032,-0.03534187500065,10.8600461749974,2.3142788255408,-0.53328294910846,4.17765982393676,2.59955253244234,560.752319335938,449.440856933594,18.0
[GLIDE],6.19999999999998,0.04462849094903,0.0,0.02231424547452,-0.04462849094903,10.8232711758418,2.91761193279529,-0.48465608356188,4.1639463409578,2.59928209674101,560.750793457031,449.621246337891,18.0
[GLIDE],6.21666666666665,0.05478289376498,0.0,0.02739144688249,-0.05478289376498,10.7830597406907,3.57504712716908,-0.42507196477572,4.14906853559244,2.59891097199024,560.749450683594,449.800964355469,18.0
[GLIDE],6.23333333333332,0.06574520739349,0.0,0.03287260369674,-0.06574520739349,10.7396489787218,4.28212034592897,-0.35370329234357,4.13314566424382,2.59842015045135,560.748352050781,449.979949951172,18.0
[GLIDE],6.24999999999998,0.07745725319205,0.0,0.03872862659602,-0.07745725319205,10.6932692773595,5.03448941358484,-0.26979513545049,4.11629449532017,2.59779014585004,560.747497558594,450.158172607422,18.0
[GLIDE],6.26666666666665,0.08986258020082,0.0,0.04493129010041,-0.08986258020082,10.6441441824047,5.82794428882093,-0.17266273063681,4.0986288822087,2.59700121389589,560.746948242188,450.335571289062,18.0
[GLIDE],6.28333333333332,0.10290648980771,0.0,0.05145324490386,-0.10290648980771,10.5924903003615,6.65841570208672,-0.06168913560203,4.08025938984913,2.5960335577472,560.746765136719,450.512115478516,18.0
[GLIDE],6.29999999999998,0.11653605508055,0.0,0.05826802754028,-0.11653605508055,10.538517221881,7.5219822821801,0.06367723576764,4.06129297042131,2.59486752091853,560.746948242188,450.687744140625,18.0
[GLIDE],6.31666666666665,0.13070013503452,0.0,0.06535006751726,-0.13070013503452,10.4824274652633,8.41487627080374,0.20392517361436,4.04183268412508,2.5934837694877,560.74755859375,450.862457275391,18.0
[GLIDE],6.33333333333332,0.1453493840985,0.0,0.07267469204925,-0.1453493840985,10.4244164389699,9.33348792391203,0.35948330567956,4.02197746146368,2.59186346488781,560.748657226562,451.036193847656,18.0
[GLIDE],6.34999999999998,0.16043625703946,0.0,0.08021812851973,-0.16043625703946,10.3646724221237,10.2743686977798,0.5307227839759,4.00182190384296,2.58998842806336,560.750244140625,451.208923339844,18.0
[GLIDE],6.36666666666665,0.17591500959878,0.0,0.08795750479939,-0.17591500959878,10.3033765619888,11.2342333161991,0.71796000591255,3.98145611966376,2.58784129532463,560.752380371094,451.380645751953,18.0
[GLIDE],6.38333333333332,0.19174169508932,0.0,0.09587084754466,-0.19174169508932,10.2407028874463,12.2099608131258,0.92145935279798,3.96096559341114,2.58540566585106,560.755126953125,451.551300048828,18.0
[GLIDE],6.39999999999998,0.20787415719642,0.0,0.10393707859821,-0.20787415719642,10.1768183375022,13.1985946425351,1.14143593017356,3.94043108552947,2.58266624047169,560.758483886719,451.720886230469,18.0
[GLIDE],6.41666666666665,0.22427201922017,0.0,0.11213600961009,-0.22427201922017,10.1118828038881,14.1973419442652,1.37805829591132,3.91992856111503,2.57960895109063,560.762512207031,451.889373779297,18.0
[GLIDE],6.43333333333332,0.24089666999056,0.0,0.12044833499528,-0.24089666999056,10.0460491868374,15.2035720513144,1.63145116343322,3.89952914565818,2.57622107992778,560.767272949219,452.056732177734,18.0
[GLIDE],6.44999999999998,0.25771124668085,0.0,0.12885562334043,-0.25771124668085,9.97946346314382,16.2148143204563,1.90169806877416,3.87929910622624,2.57249136760991,560.772766113281,452.222961425781,18.0
[GLIDE],6.46666666666665,0.27468061473825,0.0,0.13734030736913,-0.27468061473825,9.91226476563653,17.2287553642187,2.18884399151114,3.85929985659839,2.56841010907436,560.779052734375,452.388031005859,18.0
[GLIDE],6.48333333333332,0.29177134514473,0.0,0.14588567257237,-0.29177134514473,9.84458547322685,18.2432357582841,2.49289792081587,3.83958798494951,2.56396923623468,560.786193847656,452.551940917969,18.0
[GLIDE],6.49999999999998,0.30895168921422,0.0,0.15447584460711,-0.30895168921422,9.77655131071168,19.2562462942635,2.8138353590536,3.82021530273365,2.55916238640158,560.794189453125,452.714691162109,18.0
[GLIDE],6.51666666666665,0.32619155112585,0.0,0.16309577556292,-0.32619155112585,9.70828145754165,20.2659238436155,3.15160075644719,3.80122891344617,2.55398495554959,560.803100585938,452.876251220703,18.0
[GLIDE],6.53333333333332,0.34346245838642,0.0,0.17173122919321,-0.34346245838642,9.63988866478977,21.2705468942671,3.50610987135164,3.78267129995062,2.54843413566376,560.812927246094,453.03662109375,18.0
[GLIDE],6.54999999999998,0.36073753040853,0.0,0.18036876520426,-0.36073753040853,9.57147937958223,22.2685308172853,3.87725205163973,3.76458042904734,2.54250893558525,560.82373046875,453.195770263672,18.0
[GLIDE],6.56666666666665,0.377991445384,0.0,0.188995722692,-0.377991445384,9.50315387627938,23.2584229167688,4.26489243358588,3.74698987194131,2.53621018499199,560.835510253906,453.353729248047,18.0
[GLIDE],6.58333333333332,0.39520040562578,0.0,0.19760020281289,-0.39520040562578,9.43500639372191,24.2388973120188,4.66887405545286,3.72992893924055,2.52954052139207,560.848327636719,453.510467529297,18.0
[GLIDE],6.59999999999998,0.41234210154466,0.0,0.20617105077233,-0.41234210154466,9.36712527788314,25.2087496970259,5.08901988373662,3.71342282908847,2.52250436026497,560.862182617188,453.665985107422,18.0
[GLIDE],6.61666666666665,0.4293956744204,0.0,0.2146978372102,-0.4293956744204,9.29959312929522,26.1668920183915,5.52513475070981,3.69749278700757,2.51510784874891,560.877136230469,453.820251464844,18.0
[GLIDE],6.63333333333332,0.44634167812041,0.0,0.22317083906021,-0.44634167812041,9.23248695464316,27.1123471090204,5.97700720252682,3.68215627601046,2.5073588035341,560.893188476562,453.973297119141,18.0
[GLIDE],6.64999999999998,0.46316203991248,0.0,0.23158101995624,-0.46316203991248,9.1658783219466,28.0442433112752,6.44441125771474,3.66742715552054,2.49926663387146,560.910339355469,454.125091552734,18.0
[GLIDE],6.66666666666665,0.47984002051131,0.0,0.23992001025565,-0.47984002051131,9.09983351877523,28.9618091197947,6.92710807637798,3.65331586764025,2.490842250838,560.928649902344,454.275634765625,18.0
[GLIDE],6.68333333333331,0.49636017349259,0.0,0.24818008674629,-0.49636017349259,9.03441371296936,29.8643678708573,7.42484754089227,3.63982962931121,2.48209796420582,560.948120117188,454.424957275391,18.0
[GLIDE],6.69999999999998,0.51270830420146,0.0,0.25635415210073,-0.51270830420146,8.96967511536223,30.7513325020175,7.93736974925923,3.62697262892829,2.47304736843647,560.96875,454.573028564453,18.0
[GLIDE],6.71666666666665,0.52887142827631,0.0,0.26443571413815,-0.52887142827631,8.90566914402583,31.6222004027686,8.46440642263871,3.61474622599969,2.46370521946195,560.990600585938,454.719848632812,18.0
[GLIDE],6.73333333333331,0.54483772990247,0.0,0.27241886495124,-0.54483772990247,8.84244258958621,32.476548374193,9.00568222887526,3.60314915248606,2.45408730401438,561.013671875,454.865417480469,18.0
[GLIDE],6.74999999999998,0.56059651990436,0.0,0.28029825995218,-0.56059651990436,8.78003778117872,33.3140277129481,9.56091602409106,3.59217771450462,2.44421030332836,561.037963867188,455.009704589844,18.0
[GLIDE],6.76666666666665,0.57613819377858,0.0,0.28806909688929,-0.57613819377858,8.71849275263682,34.1343594325033,10.1298220146328,3.58182599314695,2.43409165306125,561.063537597656,455.152740478516,18.0
[GLIDE],6.78333333333331,0.5914541897647,0.0,0.29572709488235,-0.5914541897647,8.65784140853178,34.9373296322949,10.7121108418377,3.57208604323127,2.42374940126022,561.09033203125,455.294525146484,18.0
[GLIDE],6.79999999999998,0.60653694704475,0.0,0.30326847352237,-0.60653694704475,8.5981136897028,35.7227850233871,11.3074905922275,3.56294808889039,2.41320206615205,561.118408203125,455.43505859375,18.0
[GLIDE],6.81666666666665,0.62137986415669,0.0,0.31068993207835,-0.62137986415669,8.5393357379395,36.4906286173283,11.9156677358496,3.55440071498323,2.40246849544643,561.147766113281,455.574310302734,18.0
[GLIDE],6.83333333333331,0.63597725770194,0.0,0.31798862885097,-0.63597725770194,8.48153005950031,37.2408155831526,12.5363479955688,3.54643105341016,2.39156772872962,561.178466796875,455.712310791016,18.0
[GLIDE],6.84999999999998,0.65032432142142,0.0,0.32516216071071,-0.65032432142142,8.42471568717118,37.9733492759079,13.1692371501673,3.53902496350795,2.38051886438813,561.21044921875,455.849029541016,18.0
[GLIDE],6.86666666666665,0.66441708570966,0.0,0.33220854285483,-0.66441708570966,8.36890834058975,38.688277438668,13.8140417741451,3.5321672057989,2.36934093234606,561.243774414062,455.984466552734,18.0
[GLIDE],6.88333333333331,0.67621128966839,0.0,0.3381056448342,-0.67621128966839,8.32220329291316,39.2830787397207,14.4687597531404,3.52674927637914,2.35973771899585,561.278442382812,456.118774414062,18.0
[GLIDE],6.89999999999998,0.68581480664138,0.0,0.34290740332069,-0.68581480664138,8.28417336570012,39.7650305583645,15.1315102624465,3.52255609966109,2.35175058432629,561.314453125,456.252044677734,18.0
[GLIDE],6.91666666666665,0.69333408555397,0.0,0.34666704277699,-0.69333408555397,8.25439702120628,40.140900437874,15.8005252697444,3.51941091051587,2.34539166669696,561.351928710938,456.384429931641,18.0
[GLIDE],6.93333333333331,0.69887399745098,0.0,0.34943699872549,-0.69887399745098,8.23245897009412,40.4169925141382,16.4741418116467,3.51717165968936,2.34064747662081,561.390808105469,456.515991210938,18.0
[GLIDE],6.94999999999998,0.70253769449299,0.0,0.3512688472465,-0.70253769449299,8.21795072980774,40.5991910354637,17.1507949955711,3.515727304203,2.337482409396,561.431213378906,456.646881103516,18.0
[GLIDE],6.96666666666665,0.70442648099757,0.0,0.35221324049879,-0.70442648099757,8.21047113524961,40.6930009381106,17.829011677873,3.51499407377437,2.3358420989977,561.473083496094,456.777160644531,18.0
[GLIDE],6.98333333333331,0.70463969610939,0.0,0.3523198480547,-0.70463969610939,8.20962680340681,40.7035854736717,18.5074047691008,3.5149117909732,2.33565656597424,561.516540527344,456.906921386719,18.0
[GLIDE],6.99999999999998,0.70327460768167,0.0,0.35163730384083,-0.70327460768167,8.2150325535806,40.6358009123082,19.1846681176393,3.51544030979615,2.33684313475286,561.5615234375,457.036224365234,18.0
[GLIDE],7.01666666666665,0.70042631695071,0.0,0.35021315847535,-0.70042631695071,8.22631178487519,40.4942283702891,19.8595719238108,3.51655612490777,2.33930911172104,561.608093261719,457.165161132812,18.0
[GLIDE],7.03333333333331,0.69618767358584,0.0,0.34809383679292,-0.69618767358584,8.24309681260009,40.2832028314252,20.5309586376679,3.51824919217788,2.34295422590502,561.65625,457.293823242188,18.0
[GLIDE],7.04999999999998,0.69064920069817,0.0,0.34532460034908,-0.69064920069817,8.26502916523527,40.0068394500343,21.1977392951684,3.52051999049864,2.34767284024557,561.7060546875,457.422241210938,18.0
[GLIDE],7.06666666666665,0.68389902939406,0.0,0.34194951469703,-0.68389902939406,8.29175984359953,39.6690572382145,21.8588902491387,3.52337684528089,2.35335594451251,561.757507324219,457.550506591797,18.0
[GLIDE],7.08333333333331,0.67602284246181,0.0,0.33801142123091,-0.67602284246181,8.32294954385121,39.27360025264,22.5134502533493,3.52683352555553,2.35989294179691,561.810607910156,457.678649902344,18.0
[GLIDE],7.09999999999998,0.66710382678404,0.0,0.33355191339202,-0.66710382678404,8.35826884593521,38.8240564060188,23.1605178601163,3.53090711924964,2.36717324009119,561.865417480469,457.806732177734,18.0
[GLIDE],7.11666666666665,0.65722263407239,0.0,0.32861131703619,-0.65722263407239,8.39739836907335,38.3238740359798,23.7992490940493,3.5356161849474,2.37508765935188,561.921875,457.934783935547,18.0
[GLIDE],7.13333333333331,0.64645734952653,0.0,0.32322867476327,-0.64645734952653,8.44002889587492,37.7763763696626,24.428855366877,3.54097917323753,2.38352966311242,561.980041503906,458.062866210938,18.0
[GLIDE],7.14999999999998,0.63488346802469,0.0,0.31744173401234,-0.63488346802469,8.48586146662224,37.1847740258824,25.0486016006417,3.54701310652964,2.39239642250003,562.039916992188,458.191009521484,18.0
[GLIDE],7.16666666666665,0.62257387745928,0.0,0.31128693872964,-0.62257387745928,8.53460744526125,36.552175698605,25.6578045289518,3.55373250291702,2.40158971961333,562.101501464844,458.319213867188,18.0
[GLIDE],7.18333333333331,0.60959884883806,0.0,0.30479942441903,-0.60959884883806,8.5859885586013,35.8815971657841,26.2558311483816,3.56114852719006,2.41101669673298,562.164794921875,458.447540283203,18.0
[GLIDE],7.19999999999998,0.59602603277788,0.0,0.29801301638894,-0.59602603277788,8.63973691019961,35.1759687665556,26.8420972944908,3.56926835037591,2.42059045778659,562.229797363281,458.576019287109,18.0
[GLIDE],7.21666666666665,0.58192046202614,0.0,0.29096023101307,-0.58192046202614,8.69559497037647,34.4381414875248,27.4160663192829,3.57809469810658,2.43023052882807,562.296508789062,458.704681396484,18.0
[GLIDE],7.23333333333331,0.56734455965265,0.0,0.28367227982632,-0.56734455965265,8.75331554377551,33.6708917955645,27.977247849209,3.58762556761279,2.43986318494212,562.364929199219,458.833526611328,18.0
[GLIDE],7.24999999999998,0.55235815256282,0.0,0.27617907628141,-0.55235815256282,8.81266171585121,32.8769253503414,28.525196605048,3.59785409311818,2.44942165184177,562.43505859375,458.962585449219,18.0
[GLIDE],7.26666666666665,0.53701848999199,0.0,0.26850924499599,-0.53701848999199,8.87340677963172,32.0588797248159,29.0595112671283,3.60876853978831,2.45884619138036,562.506896972656,459.091857910156,18.0
[GLIDE],7.28333333333331,0.52138026664892,0.0,0.26069013332446,-0.52138026664892,8.9353341440703,31.2193262563722,29.5798333714011,3.62035240709487,2.46808408114071,562.580383300781,459.221374511719,18.0
[GLIDE],7.29999999999998,0.50549565018608,0.0,0.25274782509304,-0.50549565018608,8.99823722526313,30.3607711451372,30.0858462238201,3.63258462341924,2.47708949909978,562.655578613281,459.351135253906,18.0
[GLIDE],7.31666666666665,0.48941431268316,0.0,0.24470715634158,-0.48941431268316,9.06191932177469,29.4856559095622,30.5772738223128,3.64543981487685,2.48582332501924,562.732421875,459.481170654297,18.0
[GLIDE],7.33333333333331,0.47318346583973,0.0,0.23659173291986,-0.47318346583973,9.12619347527468,28.5963573025623,31.0538797773555,3.6588886326404,2.49425287062887,562.810913085938,459.611480712891,18.0
[GLIDE],7.34999999999998,0.45684789958252,0.0,0.22842394979126,-0.45684789958252,9.19088231765323,27.6951867845438,31.5154662237646,3.67289812442453,2.50235155081881,562.890991210938,459.742065429688,18.0
[GLIDE],7.36666666666665,0.44045002380235,0.0,0.22022501190117,-0.44045002380235,9.2558179057427,26.7843896425675,31.9618727178073,3.68743213722622,2.51009850792947,562.97265625,459.872955322266,18.0
[GLIDE],7.38333333333331,0.42402991294535,0.0,0.21201495647268,-0.42402991294535,9.3208415447364,25.8661438377871,32.3929751151038,3.70245173985621,2.51747820083629,563.055908203125,460.004119873047,18.0
[GLIDE],7.39999999999998,0.40762535319291,0.0,0.20381267659646,-0.40762535319291,9.38580360135606,24.9425586562294,32.808684426041,3.71791565521788,2.52447996989486,563.140686035156,460.135589599609,18.0
[GLIDE],7.41666666666665,0.3912718919745,0.0,0.19563594598725,-0.3912718919745,9.450563307781,24.015673230999,33.2089456465576,3.73378069366597,2.53109758797914,563.226928710938,460.267364501953,18.0
[PIPLIVE] eye=(563.2269, 925.9845, 460.2674) state=2 deployed=true framing=canopy
[GLIDE],7.43333333333331,0.37500288956721,0.0,0.1875014447836,-0.37500288956721,9.51498855731386,23.0874549971656,33.593736563177,3.75000218008936,2.53732880685609,563.314697265625,460.399475097656,18.0
[GLIDE],7.44999999999998,0.35884957254575,0.0,0.17942478627287,-0.35884957254575,9.57895569271883,22.1597981339495,33.9630665320762,3.76653436859433,2.54317490704159,563.403869628906,460.531890869141,18.0
[GLIDE],7.46666666666665,0.342841088856,0.0,0.171420544428,-0.342841088856,9.64234928813025,21.2345220424203,34.3169752327832,3.78333083980746,2.54864025812264,563.494445800781,460.664611816406,18.0
[GLIDE],7.48333333333331,0.32700456429514,0.0,0.16350228214757,-0.32700456429514,9.70506192539126,20.3133699007785,34.6555313977962,3.80034487686294,2.55373189535432,563.58642578125,460.797668457031,18.0
[GLIDE],7.49999999999998,0.31136516019078,0.0,0.15568258009539,-0.31136516019078,9.76699396564452,19.3980073334406,34.9788315200202,3.8175298170843,2.5584591171849,563.679748535156,460.931060791016,18.0
[GLIDE],7.51666666666665,0.29594613208097,0.0,0.14797306604049,-0.29594613208097,9.82805331695934,18.4900212246064,35.2869985404303,3.83483937721382,2.56283310726298,563.774353027344,461.064758300781,18.0
[GLIDE],7.53333333333331,0.28076888920628,0.0,0.14038444460314,-0.28076888920628,9.88815519874312,17.590918701772,35.5801805187931,3.85222795078585,2.56686658346008,563.870239257812,461.198791503906,18.0
[GLIDE],7.54999999999998,0.26585305463438,0.0,0.13292652731719,-0.26585305463438,9.94722190364785,16.7021263097741,35.8585492906227,3.86965087688558,2.57057347552079,563.967346191406,461.333160400391,18.0
[GLIDE],7.56666666666665,0.25121652584665,0.0,0.12560826292333,-0.25121652584665,10.0051825576473,15.824989391416,36.122299113813,3.8870646800872,2.5739686321409,564.065673828125,461.467864990234,18.0
[GLIDE],7.58333333333331,0.23687553562521,0.0,0.11843776781261,-0.23687553562521,10.0619728789242,14.9607716865376,36.3716453085886,3.90442728183027,2.57706755757721,564.165100097656,461.602905273438,18.0
[GLIDE],7.59999999999998,0.22284471308753,0.0,0.11142235654376,-0.22284471308753,10.1175349361734,14.1106551575492,36.6068228945478,3.92169818387704,2.57988617731186,564.265625,461.73828125,18.0
[GLIDE],7.61666666666664,0.20913714472434,0.0,0.10456857236217,-0.20913714472434,10.1718169068916,13.275740045949,36.8280852286469,3.93883862480319,2.58244063182453,564.367248535156,461.873992919922,18.0
[GLIDE],7.63333333333331,0.19576443530518,0.0,0.09788221765259,-0.19576443530518,10.2247728361915,12.4570451611802,37.0357026479999,3.95581171071729,2.58474709716087,564.469909667969,462.010040283203,18.0
[GLIDE],7.64999999999998,0.18273676852368,0.0,0.09136838426184,-0.18273676852368,10.2763623966462,11.6555084003475,37.229961121339,3.97258252158757,2.5868216307158,564.573547363281,462.146423339844,18.0
[GLIDE],7.66666666666664,0.17006296726327,0.0,0.08503148363163,-0.17006296726327,10.3265506496375,10.8719874947958,37.411160912919,3.98911819468528,2.58868004046498,564.678100585938,462.283142089844,18.0
[GLIDE],7.68333333333331,0.15775055337135,0.0,0.07887527668567,-0.15775055337135,10.3753078086495,10.1072609773386,37.5796152625413,4.00538798673896,2.59033777576605,564.783569335938,462.420196533203,18.0
[GLIDE],7.69999999999998,0.14580580683786,0.0,0.07290290341893,-0.14580580683786,10.4226090049221,9.36202936200524,37.7356490852414,4.02136331644052,2.59180983780087,564.889892578125,462.557586669922,18.0
[GLIDE],7.71666666666664,0.1342338242814,0.0,0.0671169121407,-0.1342338242814,10.4684340558456,8.63691652653204,37.8795976940169,4.03701778895748,2.59311070773087,564.997009277344,462.6953125,18.0
[GLIDE],7.73333333333331,0.12303857665345,0.0,0.06151928832673,-0.12303857665345,10.5127672364523,7.93247128644101,38.0118055487909,4.05232720409217,2.59425429067925,565.104919433594,462.833374023438,18.0
[GLIDE],7.74999999999998,0.1122229660779,0.0,0.05611148303895,-0.1122229660779,10.5555970543315,7.24916914841723,38.1326250345979,4.06726954969356,2.59525387372637,565.213562011719,462.971740722656,18.0
[GLIDE],7.76666666666664,0.10178888175019,0.0,0.0508944408751,-0.10178888175019,10.5969160282692,6.58741422979036,38.242415271761,4.08182498187497,2.59612209620061,565.322875976562,463.110443115234,18.0
[GLIDE],7.78333333333331,0.0917372548266,0.0,0.0458686274133,-0.0917372548266,10.6367204708867,5.94754133023593,38.3415409605983,4.09597579352504,2.59687093065865,565.432861328125,463.249481201172,18.0
[GLIDE],7.79999999999998,0.0820681122406,0.0,0.0410340561203,-0.0820681122406,10.6750102755272,5.32981814131873,38.4303712629536,4.10970637252478,2.59751167307096,565.54345703125,463.388854980469,18.0
[GLIDE],7.81666666666664,0.07278062938936,0.0,0.03639031469468,-0.07278062938936,10.7117887076181,4.73444757918704,38.5092787226067,4.12300315100153,2.59805494085448,565.654602050781,463.528564453125,18.0
[GLIDE],7.83333333333331,0.06387318163914,0.0,0.03193659081957,-0.06387318163914,10.747062200709,4.16157022557824,38.5786382263664,4.13585454686571,2.59851067752213,565.766296386719,463.668579101562,18.0
[GLIDE],7.84999999999998,0.05534339460404,0.0,0.02767169730202,-0.05534339460404,10.780840157368,3.61126686229562,38.6388260074046,4.14825089878891,2.59888816284365,565.878479003906,463.808929443359,18.0
[GLIDE],7.86666666666664,0.04718819315797,0.0,0.02359409657898,-0.04718819315797,10.8131347550944,3.08356108444864,38.6902186921454,4.1601843956952,2.59919602753269,565.991149902344,463.949584960938,18.0
[GLIDE],7.88333333333331,0.0394038491448,0.0,0.0197019245724,-0.0394038491448,10.8439607573866,2.57842197799922,38.7331923917788,4.17164900175171,2.59944227158928,566.104248046875,464.090576171875,18.0
[GLIDE],7.89999999999998,0.03198602775651,0.0,0.01599301387826,-0.03198602775651,10.8733353300842,2.09576684751037,38.7681218392373,4.18264037776158,2.59963428553312,566.217712402344,464.231872558594,18.0
[GLIDE],7.91666666666664,0.0249298325542,0.0,0.0124649162771,-0.0249298325542,10.9012778630854,1.63546398043738,38.7953795722446,4.19315579978277,2.59977887386157,566.33154296875,464.373474121094,18.0
[GLIDE],7.93333333333331,0.01822984911079,0.0,0.00911492455539,-0.01822984911079,10.9278097975213,1.19733543482182,38.8153351628249,4.20319407571998,2.59988228015605,566.445678710938,464.515380859375,18.0
[GLIDE],7.94999999999998,0.01188018725911,0.0,0.00594009362955,-0.01188018725911,10.9529544584539,0.78115983783418,38.8283544934555,4.21275546056549,2.59995021334176,566.560119628906,464.657592773438,18.0
[GLIDE],7.96666666666664,0.00587452193265,0.0,0.00293726096632,-0.00587452193265,10.9767368931467,0.38667518324887,38.834799079843,4.22184157089712,2.59998787467864,566.674865722656,464.800109863281,18.0
[CTRL] pressed=turnleft  key=Q  state=2  deployed=true  alt_m=921.4
[GLIDE],8.14999999999998,0.00413499646348,0.0,0.00206749823174,-0.00413499646348,10.9836254140046,0.27225836704874,38.8411025534199,4.22448106299592,2.59999399931391,567.939453125,466.370788574219,18.0
[GLIDE],8.16666666666665,0.00812801123525,0.0,0.00406400561762,-0.00812801123525,10.9678130755084,0.5347940748619,38.850015788001,4.21842736155939,2.59997675329274,568.054138183594,466.513153076172,18.0
[GLIDE],8.18333333333332,0.01331216752777,0.0,0.00665608376388,-0.01331216752777,10.94728381659,0.8750972552239,38.8646007422547,4.21059510696521,2.5999374289114,568.168640136719,466.655212402344,18.0
[GLIDE],8.19999999999999,0.01961977192354,0.0,0.00980988596177,-0.01961977192354,10.9223057031828,1.28831104085349,38.8860725929356,4.20110733486103,2.59986351992221,568.282897949219,466.796905517578,18.0
[GLIDE],8.21666666666665,0.02698458323639,0.0,0.01349229161819,-0.02698458323639,10.8931410503839,1.7696218023276,38.915566289641,4.19008772573596,2.59974056950576,568.39697265625,466.938171386719,18.0
[GLIDE],8.23333333333332,0.03534187500065,0.0,0.01767093750032,-0.03534187500065,10.8600461749974,2.3142788255408,38.9541376034001,4.17765982393676,2.59955253244234,568.5107421875,467.078918457031,18.0
[GLIDE],8.24999999999999,0.04462849094903,0.0,0.02231424547452,-0.04462849094903,10.8232711758418,2.91761193279529,39.0027644689467,4.1639463409578,2.59928209674101,568.624267578125,467.219085693359,18.0
[GLIDE],8.26666666666666,0.05478289376498,0.0,0.02739144688249,-0.05478289376498,10.7830597406907,3.57504712716908,39.0623485877328,4.14906853559244,2.59891097199024,568.737548828125,467.358642578125,18.0
[GLIDE],8.28333333333332,0.06574520739349,0.0,0.03287260369674,-0.06574520739349,10.7396489787218,4.28212034592897,39.1337172601649,4.13314566424382,2.59842015045135,568.850524902344,467.497497558594,18.0
[GLIDE],8.29999999999999,0.07745725319205,0.0,0.03872862659602,-0.07745725319205,10.6932692773595,5.03448941358484,39.217625417058,4.11629449532017,2.59779014585004,568.963195800781,467.635589599609,18.0
[GLIDE],8.31666666666666,0.08986258020082,0.0,0.04493129010041,-0.08986258020082,10.6441441824047,5.82794428882093,39.3147578218717,4.0986288822087,2.59700121389589,569.075622558594,467.772827148438,18.0
[GLIDE],8.33333333333333,0.10290648980771,0.0,0.05145324490386,-0.10290648980771,10.5924903003615,6.65841570208672,39.4257314169065,4.08025938984913,2.5960335577472,569.187744140625,467.909210205078,18.0
[GLIDE],8.34999999999999,0.11653605508055,0.0,0.05826802754028,-0.11653605508055,10.538517221881,7.5219822821801,39.5510977882762,4.06129297042131,2.59486752091853,569.299560546875,468.044647216797,18.0
[GLIDE],8.36666666666666,0.13070013503452,0.0,0.06535006751726,-0.13070013503452,10.4824274652633,8.41487627080374,39.6913457261229,4.04183268412508,2.5934837694877,569.4111328125,468.179077148438,18.0
[GLIDE],8.38333333333333,0.1453493840985,0.0,0.07267469204925,-0.1453493840985,10.4244164389699,9.33348792391203,39.8469038581881,4.02197746146368,2.59186346488781,569.5224609375,468.312469482422,18.0
[GLIDE],8.4,0.16043625703946,0.0,0.08021812851973,-0.16043625703946,10.3646724221237,10.2743686977798,40.0181433364844,4.00182190384296,2.58998842806336,569.633544921875,468.444763183594,18.0
[GLIDE],8.41666666666666,0.17591500959878,0.0,0.08795750479939,-0.17591500959878,10.3033765619888,11.2342333161991,40.2053805584211,3.98145611966376,2.58784129532463,569.744384765625,468.575927734375,18.0
[GLIDE],8.43333333333333,0.19174169508932,0.0,0.09587084754466,-0.19174169508932,10.2407028874463,12.2099608131258,40.4088799053065,3.96096559341114,2.58540566585106,569.855041503906,468.705902099609,18.0
[GLIDE],8.45,0.20787415719642,0.0,0.10393707859821,-0.20787415719642,10.1768183375022,13.1985946425351,40.6288564826821,3.94043108552947,2.58266624047169,569.965515136719,468.834625244141,18.0
[GLIDE],8.46666666666667,0.22427201922017,0.0,0.11213600961009,-0.22427201922017,10.1118828038881,14.1973419442652,40.8654788484198,3.91992856111503,2.57960895109063,570.075805664062,468.962066650391,18.0
[GLIDE],8.48333333333333,0.24089666999056,0.0,0.12044833499528,-0.24089666999056,10.0460491868374,15.2035720513144,41.1188717159417,3.89952914565818,2.57622107992778,570.185913085938,469.088195800781,18.0
[GLIDE],8.5,0.25771124668085,0.0,0.12885562334043,-0.25771124668085,9.97946346314382,16.2148143204563,41.3891186212827,3.87929910622624,2.57249136760991,570.2958984375,469.212982177734,18.0
[GLIDE],8.51666666666667,0.27468061473825,0.0,0.13734030736913,-0.27468061473825,9.91226476563653,17.2287553642187,41.6762645440197,3.85929985659839,2.56841010907436,570.40576171875,469.336364746094,18.0
[GLIDE],8.53333333333334,0.29177134514473,0.0,0.14588567257237,-0.29177134514473,9.84458547322685,18.2432357582841,41.9803184733244,3.83958798494951,2.56396923623468,570.515502929688,469.458343505859,18.0
[GLIDE],8.55,0.30895168921422,0.0,0.15447584460711,-0.30895168921422,9.77655131071168,19.2562462942635,42.3012559115621,3.82021530273365,2.55916238640158,570.625183105469,469.578857421875,18.0
[GLIDE],8.56666666666667,0.32619155112585,0.0,0.16309577556292,-0.32619155112585,9.70828145754165,20.2659238436155,42.6390213089557,3.80122891344617,2.55398495554959,570.734802246094,469.697875976562,18.0
[GLIDE],8.58333333333334,0.34346245838642,0.0,0.17173122919321,-0.34346245838642,9.63988866478977,21.2705468942671,42.9935304238602,3.78267129995062,2.54843413566376,570.844360351562,469.815399169922,18.0
[GLIDE],8.60000000000001,0.36073753040853,0.0,0.18036876520426,-0.36073753040853,9.57147937958223,22.2685308172853,43.3646726041483,3.76458042904734,2.54250893558525,570.953918457031,469.931365966797,18.0
[GLIDE],8.61666666666667,0.377991445384,0.0,0.188995722692,-0.377991445384,9.50315387627938,23.2584229167688,43.7523129860944,3.74698987194131,2.53621018499199,571.0634765625,470.045776367188,18.0
[GLIDE],8.63333333333334,0.39520040562578,0.0,0.19760020281289,-0.39520040562578,9.43500639372191,24.2388973120188,44.1562946079614,3.72992893924055,2.52954052139207,571.173034667969,470.158599853516,18.0
[GLIDE],8.65000000000001,0.41234210154466,0.0,0.20617105077233,-0.41234210154466,9.36712527788314,25.2087496970259,44.5764404362452,3.71342282908847,2.52250436026497,571.282592773438,470.269805908203,18.0
[GLIDE],8.66666666666668,0.4293956744204,0.0,0.2146978372102,-0.4293956744204,9.29959312929522,26.1668920183915,45.0125553032183,3.69749278700757,2.51510784874891,571.392211914062,470.379364013672,18.0
[GLIDE],8.68333333333334,0.44634167812041,0.0,0.22317083906021,-0.44634167812041,9.23248695464316,27.1123471090204,45.4644277550353,3.68215627601046,2.5073588035341,571.501892089844,470.487274169922,18.0
[GLIDE],8.70000000000001,0.46316203991248,0.0,0.23158101995624,-0.46316203991248,9.1658783219466,28.0442433112752,45.9318318102233,3.66742715552054,2.49926663387146,571.611633300781,470.593536376953,18.0
[GLIDE],8.71666666666668,0.47984002051131,0.0,0.23992001025565,-0.47984002051131,9.09983351877523,28.9618091197947,46.4145286288865,3.65331586764025,2.490842250838,571.721496582031,470.698089599609,18.0
[GLIDE],8.73333333333335,0.49636017349259,0.0,0.24818008674629,-0.49636017349259,9.03441371296936,29.8643678708573,46.9122680934008,3.63982962931121,2.48209796420582,571.831481933594,470.800933837891,18.0
[GLIDE],8.75000000000001,0.51270830420146,0.0,0.25635415210073,-0.51270830420146,8.96967511536223,30.7513325020175,47.4247903017678,3.62697262892829,2.47304736843647,571.941589355469,470.902069091797,18.0
[GLIDE],8.76666666666668,0.52887142827631,0.0,0.26443571413815,-0.52887142827631,8.90566914402583,31.6222004027686,47.9518269751472,3.61474622599969,2.46370521946195,572.051818847656,471.00146484375,18.0
[GLIDE],8.78333333333335,0.54483772990247,0.0,0.27241886495124,-0.54483772990247,8.84244258958621,32.476548374193,48.4931027813838,3.60314915248606,2.45408730401438,572.162170410156,471.09912109375,18.0
[GLIDE],8.80000000000002,0.56059651990436,0.0,0.28029825995218,-0.56059651990436,8.78003778117872,33.3140277129481,49.0483365765996,3.59217771450462,2.44421030332836,572.272705078125,471.195037841797,18.0
[GLIDE],8.81666666666668,0.57613819377858,0.0,0.28806909688929,-0.57613819377858,8.71849275263682,34.1343594325033,49.6172425671413,3.58182599314695,2.43409165306125,572.383361816406,471.289184570312,18.0
[GLIDE],8.83333333333335,0.5914541897647,0.0,0.29572709488235,-0.5914541897647,8.65784140853178,34.9373296322949,50.1995313943462,3.57208604323127,2.42374940126022,572.494201660156,471.381561279297,18.0
[GLIDE],8.85000000000002,0.60653694704475,0.0,0.30326847352237,-0.60653694704475,8.5981136897028,35.7227850233871,50.794911144736,3.56294808889039,2.41320206615205,572.605224609375,471.472137451172,18.0
[GLIDE],8.86666666666669,0.62137986415669,0.0,0.31068993207835,-0.62137986415669,8.5393357379395,36.4906286173283,51.4030882883581,3.55440071498323,2.40246849544643,572.716430664062,471.560913085938,18.0
[GLIDE],8.88333333333335,0.63597725770194,0.0,0.31798862885097,-0.63597725770194,8.48153005950031,37.2408155831526,52.0237685480773,3.54643105341016,2.39156772872962,572.827880859375,471.647888183594,18.0
[GLIDE],8.90000000000002,0.65032432142142,0.0,0.32516216071071,-0.65032432142142,8.42471568717118,37.9733492759079,52.6566577026758,3.53902496350795,2.38051886438813,572.939514160156,471.733062744141,18.0
[GLIDE],8.91666666666669,0.66441708570966,0.0,0.33220854285483,-0.66441708570966,8.36890834058975,38.688277438668,53.3014623266536,3.5321672057989,2.36934093234606,573.051330566406,471.81640625,18.0
[GLIDE],8.93333333333336,0.67825237763136,0.0,0.33912618881568,-0.67825237763136,8.31412058457983,39.3856885787228,53.9578904696323,3.52584160846738,2.35805277373019,573.163391113281,471.89794921875,18.0
[GLIDE],8.95000000000002,0.69182778149992,0.0,0.34591389074996,-0.69182778149992,8.2603619852603,40.0657085175064,54.6256522782574,3.52003122603629,2.34667292839951,573.275634765625,471.977661132812,18.0
[GLIDE],8.96666666666669,0.70514160007282,0.0,0.35257080003641,-0.70514160007282,8.20763926371161,40.7284971128309,55.3044605634713,3.51471848981302,2.33521953109486,573.388122558594,472.055511474609,18.0
[GLIDE],8.98333333333336,0.718192816414,0.0,0.359096408207,-0.718192816414,8.15595644700057,41.3742451511248,55.99403131599,3.50988534976939,2.32371021678427,573.500793457031,472.131530761719,18.0
[GLIDE],9.00000000000003,0.73098105646916,0.0,0.36549052823458,-0.73098105646916,8.10531501638212,42.0031714066188,56.694084172767,3.50551340761071,2.31216203560509,573.613708496094,472.205718994141,18.0
[GLIDE],9.01666666666669,0.74350655239562,0.0,0.37175327619781,-0.74350655239562,8.05571405251334,42.6155198637854,57.4043428371634,3.50158404087639,2.30059137763751,573.726806640625,472.278045654297,18.0
[GLIDE],9.03333333333336,0.75577010668401,0.0,0.37788505334201,-0.75577010668401,8.00715037753132,43.2115570987939,58.1245354554767,3.49807851799529,2.28901390758951,573.840148925781,472.348510742188,18.0
[GLIDE],9.05000000000003,0.76777305710554,0.0,0.38388652855277,-0.76777305710554,7.95961869386207,43.7915698152977,58.8543949523983,3.49497810429561,2.27744450933156,573.953674316406,472.417114257812,18.0
[GLIDE],9.0666666666667,0.77951724251446,0.0,0.38975862125723,-0.77951724251446,7.91311171964272,44.3558625295107,59.5936593278901,3.49226415903831,2.2658972400936,574.067443847656,472.483856201172,18.0
[GLIDE],9.08333333333336,0.79100496953191,0.0,0.39550248476596,-0.79100496953191,7.86762032065363,44.9047553992482,60.3420719178776,3.48991822360681,2.25438529402631,574.181396484375,472.548736572266,18.0
[GLIDE],9.10000000000003,0.80223898013364,0.0,0.40111949006682,-0.80223898013364,7.82313363867078,45.4385821913981,61.0993816210676,3.48792210104244,2.24292097473526,574.295532226562,472.611755371094,18.0
[GLIDE],9.1166666666667,0.81322242016108,0.0,0.40661121008054,-0.81322242016108,7.77963921616211,45.9576883821407,61.8653430941033,3.4862579271653,2.23151567631939,574.409851074219,472.672882080078,18.0
[GLIDE],9.13333333333337,0.82395880877175,0.0,0.41197940438588,-0.82395880877175,7.73712311726386,46.4624293841519,62.6397169171724,3.48490823356382,2.22017987238406,574.524353027344,472.732147216797,18.0
[GLIDE],9.15000000000003,0.83445200884212,0.0,0.41722600442106,-0.83445200884212,7.6955700449852,46.9531688949854,63.4222697320889,3.48385600277348,2.20892311245321,574.639038085938,472.789520263672,18.0
[GLIDE],9.1666666666667,0.84470619833318,0.0,0.42235309916659,-0.84470619833318,7.65496345460061,47.4302773608398,64.2127743547695,3.48308471599596,2.19775402517355,574.75390625,472.845031738281,18.0
[GLIDE],9.18333333333337,0.85472584262615,0.0,0.42736292131308,-0.85472584262615,7.61528566320045,47.894130549966,65.0110098639356,3.4825783937347,2.18668032768499,574.868957519531,472.898651123047,18.0
[GLIDE],9.20000000000004,0.86451566783323,0.0,0.43225783391662,-0.86451566783323,7.5765179553804,48.3451082300555,65.8167616677699,3.48232162974205,2.17570884052477,574.984130859375,472.950378417969,18.0
[GLIDE],9.2166666666667,0.87408063508583,0.0,0.43704031754291,-0.87408063508583,7.53864068506013,48.7835929440589,66.6298215501709,3.48229961868679,2.16484550743598,575.099487304688,473.000213623047,18.0
[GLIDE],9.23333333333337,0.88342591580035,0.0,0.44171295790017,-0.88342591580035,7.50163337343063,49.2099688790277,67.4499876981547,3.48249817795936,2.15409541946304,575.214965820312,473.048156738281,18.0
[GLIDE],9.25000000000004,0.89255686791956,0.0,0.44627843395978,-0.89255686791956,7.46547480303856,49.6246208227272,68.2770647118668,3.48290376403647,2.1434628427363,575.33056640625,473.094207763672,18.0
[GLIDE],9.26666666666671,0.90147901312532,0.0,0.45073950656266,-0.90147901312532,7.43014310802372,50.0279332029436,69.1108635985825,3.48350348382632,2.13295124937334,575.4462890625,473.138366699219,18.0
[GLIDE],9.28333333333337,0.91019801501677,0.0,0.45509900750839,-0.91019801501677,7.39561586053358,50.4202892045998,69.9512017519925,3.48428510141215,2.12256335095432,575.562072753906,473.180633544922,18.0
[GLIDE],9.30000000000004,0.918719658246,0.0,0.459359829123,-0.918719658246,7.36187015334584,50.8020699599889,70.7979029179923,3.4852370406043,2.11230113406272,575.677917480469,473.220977783203,18.0
[GLIDE],9.31666666666671,0.92704982860186,0.0,0.46352491430093,-0.92704982860186,7.32888267873663,51.1736538076431,71.6507971481197,3.48634838370111,2.10216589741851,575.793884277344,473.259429931641,18.0
[GLIDE],9.33333333333338,0.93519449403081,0.0,0.46759724701541,-0.93519449403081,7.29662980363798,51.5354156155613,72.5097207417124,3.48760886684644,2.09215829016851,575.909851074219,473.295989990234,18.0
[GLIDE],9.35000000000004,0.94315968658227,0.0,0.47157984329113,-0.94315968658227,7.26508764113422,51.8877261647343,73.3745161777913,3.48900887235651,2.08227835093675,576.02587890625,473.330627441406,18.0
[GLIDE],9.36666666666671,0.9509514852647,0.0,0.47547574263235,-0.9509514852647,7.23423211835177,52.230951589115,74.2450320376099,3.49053941837297,2.07252554727597,576.141906738281,473.363372802734,18.0
[GLIDE],9.38333333333338,0.95857599979748,0.0,0.47928799989874,-0.95857599979748,7.20403904080196,52.5654528683912,75.1211229187497,3.49219214618066,2.06289881519861,576.257934570312,473.394195556641,18.0
[GLIDE],9.40000000000005,0.96603935524223,0.0,0.48301967762111,-0.96603935524223,7.17448415324077,52.8915853701254,76.0026493415851,3.4939593055103,2.05339659850243,576.373962402344,473.423126220703,18.0
[GLIDE],9.41666666666671,0.9733476774966,0.0,0.4866738387483,-0.9733476774966,7.14554319711346,53.2096984380282,76.8894776488856,3.49583373812627,2.04401688764048,576.489929199219,473.450134277344,18.0
[GLIDE],9.43333333333338,0.98050707963244,0.0,0.49025353981622,-0.98050707963244,7.11719196465553,53.5201350233235,77.7814798992743,3.49780885997996,2.03475725791841,576.605834960938,473.475250244141,18.0
[PIPLIVE] eye=(576.6058, 918.2485, 473.4753) state=2 deployed=true framing=canopy
[GLIDE],9.45000000000005,0.98752364905932,0.0,0.49376182452966,-0.98752364905932,7.08940634972509,53.823231356359,78.6785337552136,3.49987864218889,2.02561490683324,576.7216796875,473.498443603516,18.0
[GLIDE],9.46666666666672,0.99440343549395,0.0,0.49720171774697,-0.99440343549395,7.06216239544398,54.1193166557906,79.5805223661435,3.50203759108135,2.01658669039682,576.837463378906,473.519744873047,18.0
[GLIDE],9.48333333333338,1.0,0.0,0.5,-1.0,7.04,54.3593708130368,80.4865118796941,3.50388888888889,2.0091961312827,576.953186035156,473.539123535156,18.0
[GLIDE],9.50000000000005,1.0,0.0,0.5,-1.0,7.04,54.3593708130368,81.3925013932447,3.50388888888889,2.0091961312827,577.069213867188,473.556671142578,18.0
[GLIDE],9.51666666666672,1.0,0.0,0.5,-1.0,7.04,54.3593708130368,82.2984909067953,3.50388888888889,2.0091961312827,577.185485839844,473.572387695312,18.0
[GLIDE],9.53333333333339,1.0,0.0,0.5,-1.0,7.04,54.3593708130368,83.204480420346,3.50388888888889,2.0091961312827,577.302001953125,473.586273193359,18.0
[GLIDE],9.55000000000005,1.0,0.0,0.5,-1.0,7.04,54.3593708130368,84.1104699338966,3.50388888888889,2.0091961312827,577.418701171875,473.598327636719,18.0
[GLIDE],9.56666666666672,1.0,0.0,0.5,-1.0,7.04,54.3593708130368,85.0164594474472,3.50388888888889,2.0091961312827,577.535583496094,473.608520507812,18.0
[GLIDE],9.58333333333339,1.0,0.0,0.5,-1.0,7.04,54.3593708130368,85.9224489609978,3.50388888888889,2.0091961312827,577.652648925781,473.616851806641,18.0
[GLIDE],9.60000000000006,1.0,0.0,0.5,-1.0,7.04,54.3593708130368,86.8284384745484,3.50388888888889,2.0091961312827,577.769775390625,473.623352050781,18.0
[GLIDE],9.61666666666672,1.0,0.0,0.5,-1.0,7.04,54.3593708130368,87.734427988099,3.50388888888889,2.0091961312827,577.887023925781,473.627990722656,18.0
[GLIDE],9.63333333333339,1.0,0.0,0.5,-1.0,7.04,54.3593708130368,88.6404175016497,3.50388888888889,2.0091961312827,578.004333496094,473.630767822266,18.0
[GLIDE],9.65000000000006,1.0,0.0,0.5,-1.0,7.04,54.3593708130368,89.5464070152003,3.50388888888889,2.0091961312827,578.121643066406,473.631683349609,18.0
[GLIDE],9.66666666666673,1.0,0.0,0.5,-1.0,7.04,54.3593708130368,90.4523965287509,3.50388888888889,2.0091961312827,578.238952636719,473.630767822266,18.0
[GLIDE],9.68333333333339,1.0,0.0,0.5,-1.0,7.04,54.3593708130368,91.3583860423015,3.50388888888889,2.0091961312827,578.356262207031,473.627990722656,18.0
[GLIDE],9.70000000000006,1.0,0.0,0.5,-1.0,7.04,54.3593708130368,92.2643755558521,3.50388888888889,2.0091961312827,578.473510742188,473.623352050781,18.0
[GLIDE],9.71666666666673,1.0,0.0,0.5,-1.0,7.04,54.3593708130368,93.1703650694027,3.50388888888889,2.0091961312827,578.590637207031,473.616851806641,18.0
[GLIDE],9.7333333333334,1.0,0.0,0.5,-1.0,7.04,54.3593708130368,94.0763545829533,3.50388888888889,2.0091961312827,578.707702636719,473.608520507812,18.0
[GLIDE],9.75000000000006,1.0,0.0,0.5,-1.0,7.04,54.3593708130368,94.982344096504,3.50388888888889,2.0091961312827,578.824584960938,473.598327636719,18.0
[GLIDE],9.76666666666673,1.0,0.0,0.5,-1.0,7.04,54.3593708130368,95.8883336100546,3.50388888888889,2.0091961312827,578.941284179688,473.586303710938,18.0
[GLIDE],9.7833333333334,1.0,0.0,0.5,-1.0,7.04,54.3593708130368,96.7943231236052,3.50388888888889,2.0091961312827,579.057800292969,473.572418212891,18.0
[GLIDE],9.80000000000007,1.0,0.0,0.5,-1.0,7.04,54.3593708130368,97.7003126371558,3.50388888888889,2.0091961312827,579.174072265625,473.556701660156,18.0
[GLIDE],9.81666666666673,1.0,0.0,0.5,-1.0,7.04,54.3593708130368,98.6063021507064,3.50388888888889,2.0091961312827,579.290100097656,473.539154052734,18.0
[GLIDE],9.8333333333334,1.0,0.0,0.5,-1.0,7.04,54.3593708130368,99.512291664257,3.50388888888889,2.0091961312827,579.405822753906,473.519775390625,18.0
[GLIDE],9.85000000000007,1.0,0.0,0.5,-1.0,7.04,54.3593708130368,100.418281177808,3.50388888888889,2.0091961312827,579.521240234375,473.498565673828,18.0
[GLIDE],9.86666666666674,1.0,0.0,0.5,-1.0,7.04,54.3593708130368,101.324270691358,3.50388888888889,2.0091961312827,579.636291503906,473.475524902344,18.0
[GLIDE],9.8833333333334,1.0,0.0,0.5,-1.0,7.04,54.3593708130368,102.230260204909,3.50388888888889,2.0091961312827,579.7509765625,473.45068359375,18.0
[GLIDE],9.90000000000007,1.0,0.0,0.5,-1.0,7.04,54.3593708130368,103.136249718459,3.50388888888889,2.0091961312827,579.865234375,473.424011230469,18.0
[GLIDE],9.91666666666674,1.0,0.0,0.5,-1.0,7.04,54.3593708130368,104.04223923201,3.50388888888889,2.0091961312827,579.979064941406,473.395538330078,18.0
[GLIDE],9.93333333333341,1.0,0.0,0.5,-1.0,7.04,54.3593708130368,104.948228745561,3.50388888888889,2.0091961312827,580.092407226562,473.365264892578,18.0
[GLIDE],9.95000000000007,1.0,0.0,0.5,-1.0,7.04,54.3593708130368,105.854218259111,3.50388888888889,2.0091961312827,580.205261230469,473.333221435547,18.0
[GLIDE],9.96666666666674,1.0,0.0,0.5,-1.0,7.04,54.3593708130368,106.760207772662,3.50388888888889,2.0091961312827,580.317626953125,473.299377441406,18.0
[GLIDE],9.98333333333341,1.0,0.0,0.5,-1.0,7.04,54.3593708130368,107.666197286213,3.50388888888889,2.0091961312827,580.429443359375,473.263763427734,18.0
[GLIDE],10.0000000000001,1.0,0.0,0.5,-1.0,7.04,54.3593708130368,108.572186799763,3.50388888888889,2.0091961312827,580.540649414062,473.226379394531,18.0
[GLIDE],10.0166666666667,1.0,0.0,0.5,-1.0,7.04,54.3593708130368,109.478176313314,3.50388888888889,2.0091961312827,580.651245117188,473.187255859375,18.0
[GLIDE],10.0333333333334,1.0,0.0,0.5,-1.0,7.04,54.3593708130368,110.384165826864,3.50388888888889,2.0091961312827,580.76123046875,473.146392822266,18.0
[GLIDE],10.0500000000001,1.0,0.0,0.5,-1.0,7.04,54.3593708130368,111.290155340415,3.50388888888889,2.0091961312827,580.870544433594,473.103790283203,18.0
[GLIDE],10.0666666666667,1.0,0.0,0.5,-1.0,7.04,54.3593708130368,112.196144853966,3.50388888888889,2.0091961312827,580.979187011719,473.059478759766,18.0
[GLIDE],10.0833333333334,1.0,0.0,0.5,-1.0,7.04,54.3593708130368,113.102134367516,3.50388888888889,2.0091961312827,581.087097167969,473.013427734375,18.0
[GLIDE],10.1000000000001,1.0,0.0,0.5,-1.0,7.04,54.3593708130368,114.008123881067,3.50388888888889,2.0091961312827,581.194274902344,472.965698242188,18.0
[GLIDE],10.1166666666667,1.0,0.0,0.5,-1.0,7.04,54.3593708130368,114.914113394617,3.50388888888889,2.0091961312827,581.300659179688,472.916259765625,18.0
[GLIDE],10.1333333333334,1.0,0.0,0.5,-1.0,7.04,54.3593708130368,115.820102908168,3.50388888888889,2.0091961312827,581.40625,472.865142822266,18.0
[GLIDE],10.1500000000001,1.0,0.0,0.5,-1.0,7.04,54.3593708130368,116.726092421719,3.50388888888889,2.0091961312827,581.511047363281,472.812377929688,18.0
[GLIDE],10.1666666666668,1.0,0.0,0.5,-1.0,7.04,54.3593708130368,117.632081935269,3.50388888888889,2.0091961312827,581.614990234375,472.757965087891,18.0
[GLIDE],10.1833333333334,1.0,0.0,0.5,-1.0,7.04,54.3593708130368,118.53807144882,3.50388888888889,2.0091961312827,581.718078613281,472.701904296875,18.0
[GLIDE],10.2000000000001,1.0,0.0,0.5,-1.0,7.04,54.3593708130368,119.444060962371,3.50388888888889,2.0091961312827,581.820251464844,472.644226074219,18.0
[GLIDE],10.2166666666668,1.0,0.0,0.5,-1.0,7.04,54.3593708130368,120.350050475921,3.50388888888889,2.0091961312827,581.921508789062,472.584930419922,18.0
[GLIDE],10.2333333333334,1.0,0.0,0.5,-1.0,7.04,54.3593708130368,121.256039989472,3.50388888888889,2.0091961312827,582.021789550781,472.524047851562,18.0
[GLIDE],10.2500000000001,1.0,0.0,0.5,-1.0,7.04,54.3593708130368,122.162029503022,3.50388888888889,2.0091961312827,582.12109375,472.461578369141,18.0
[GLIDE],10.2666666666668,1.0,0.0,0.5,-1.0,7.04,54.3593708130368,123.068019016573,3.50388888888889,2.0091961312827,582.219421386719,472.397552490234,18.0
[GLIDE],10.2833333333334,1.0,0.0,0.5,-1.0,7.04,54.3593708130368,123.974008530124,3.50388888888889,2.0091961312827,582.316711425781,472.331970214844,18.0
[GLIDE],10.3000000000001,1.0,0.0,0.5,-1.0,7.04,54.3593708130368,124.879998043674,3.50388888888889,2.0091961312827,582.412963867188,472.264862060547,18.0
[GLIDE],10.3166666666668,1.0,0.0,0.5,-1.0,7.04,54.3593708130368,125.785987557225,3.50388888888889,2.0091961312827,582.508117675781,472.196258544922,18.0
[GLIDE],10.3333333333334,1.0,0.0,0.5,-1.0,7.04,54.3593708130368,126.691977070775,3.50388888888889,2.0091961312827,582.602172851562,472.126159667969,18.0
[GLIDE],10.3500000000001,1.0,0.0,0.5,-1.0,7.04,54.3593708130368,127.597966584326,3.50388888888889,2.0091961312827,582.695129394531,472.054565429688,18.0
[GLIDE],10.3666666666668,1.0,0.0,0.5,-1.0,7.04,54.3593708130368,128.503956097877,3.50388888888889,2.0091961312827,582.786926269531,471.981506347656,18.0
[GLIDE],10.3833333333334,1.0,0.0,0.5,-1.0,7.04,54.3593708130368,129.409945611427,3.50388888888889,2.0091961312827,582.877563476562,471.907012939453,18.0
[GLIDE],10.4000000000001,1.0,0.0,0.5,-1.0,7.04,54.3593708130368,130.315935124978,3.50388888888889,2.0091961312827,582.967041015625,471.831085205078,18.0
[GLIDE],10.4166666666668,1.0,0.0,0.5,-1.0,7.04,54.3593708130368,131.221924638529,3.50388888888889,2.0091961312827,583.055297851562,471.753753662109,18.0
[GLIDE],10.4333333333334,1.0,0.0,0.5,-1.0,7.04,54.3593708130368,132.127914152079,3.50388888888889,2.0091961312827,583.142333984375,471.675048828125,18.0
[GLIDE],10.4500000000001,1.0,0.0,0.5,-1.0,7.04,54.3593708130368,133.03390366563,3.50388888888889,2.0091961312827,583.228088378906,471.594970703125,18.0
[GLIDE],10.4666666666668,1.0,0.0,0.5,-1.0,7.04,54.3593708130368,133.93989317918,3.50388888888889,2.0091961312827,583.312561035156,471.513549804688,18.0
[GLIDE],10.4833333333334,1.0,0.0,0.5,-1.0,7.04,54.3593708130368,134.845882692731,3.50388888888889,2.0091961312827,583.395751953125,471.430816650391,18.0
[GLIDE],10.5000000000001,1.0,0.0,0.5,-1.0,7.04,54.3593708130368,135.751872206282,3.50388888888889,2.0091961312827,583.477600097656,471.346771240234,18.0
[GLIDE],10.5166666666668,1.0,0.0,0.5,-1.0,7.04,54.3593708130368,136.657861719832,3.50388888888889,2.0091961312827,583.55810546875,471.261444091797,18.0
[GLIDE],10.5333333333334,1.0,0.0,0.5,-1.0,7.04,54.3593708130368,137.563851233383,3.50388888888889,2.0091961312827,583.637268066406,471.174835205078,18.0
[GLIDE],10.5500000000001,0.99777777777778,0.0,0.49888888888889,-0.99777777777778,7.0488,54.264139214966,138.468253553632,3.5031435646072,2.01213563475249,583.715148925781,471.086883544922,18.0
[GLIDE],10.5666666666668,0.99346790123457,0.0,0.49673395061728,-0.99346790123457,7.06586711111111,54.0791182005386,139.369572190308,3.50173645347923,2.01781807539818,583.791809082031,470.997497558594,18.0
[GLIDE],10.5833333333334,0.98720172770919,0.0,0.4936008638546,-0.98720172770919,7.09068115827161,53.8093500976988,140.266394691936,3.49978076571264,2.02603580993959,583.867370605469,470.906616210938,18.0
[GLIDE],10.6000000000001,0.97910729935566,0.0,0.48955364967783,-0.97910729935566,7.12273509455158,53.4595325542719,141.157386901174,3.49741184693498,2.03657315931886,583.941833496094,470.814147949219,18.0
[GLIDE],10.6166666666668,0.96930925199085,0.0,0.48465462599543,-0.96930925199085,7.16153536211621,53.0340680992025,142.041288036161,3.49478030805865,2.04920902913478,584.015258789062,470.720031738281,18.0
[GLIDE],10.6333333333334,0.95792873682901,0.0,0.47896436841451,-0.95792873682901,7.2066022021571,52.5371083425081,142.916906508536,3.49204586374865,2.06371923031416,584.087707519531,470.624206542969,18.0
[GLIDE],10.6500000000001,0.94508335452533,0.0,0.47254167726266,-0.94508335452533,7.2574699160797,51.9725930842964,143.783116393274,3.48937189875861,2.07987859323955,584.1591796875,470.526611328125,18.0
[GLIDE],10.6666666666668,0.93088710095708,0.0,0.46544355047854,-0.93088710095708,7.31368708020997,51.3442846177935,144.638854470237,3.48692076257105,2.0974629417209,584.229736328125,470.427215576172,18.0
[GLIDE],10.6833333333334,0.91545032417818,0.0,0.45772516208909,-0.91545032417818,7.37481671625439,50.6557975217016,145.483117762266,3.48484977711276,2.11625096860403,584.299377441406,470.325927734375,18.0
[GLIDE],10.7000000000001,0.898879691991,0.0,0.4494398459955,-0.898879691991,7.44043641971566,49.910624243744,146.314961499662,3.48330792963603,2.13602603330367,584.3681640625,470.222747802734,18.0
[GLIDE],10.7166666666668,0.88127816958808,0.0,0.44063908479404,-0.88127816958808,7.51013844843121,49.1121567803375,147.133497446,3.48243321293391,2.15657788368725,584.436096191406,470.117614746094,18.0
[GLIDE],10.7333333333334,0.86274500672625,0.0,0.43137250336312,-0.86274500672625,7.58352977336406,48.2637047573198,147.937892525289,3.48235056764013,2.17770429084145,584.503173828125,470.010498046875,18.0
[GLIDE],10.7500000000001,0.8433757339053,0.0,0.42168786695265,-0.8433757339053,7.66023209373501,47.3685102139138,148.727367695521,3.48317037618145,2.19921257545053,584.569458007812,469.9013671875,18.0
[GLIDE],10.7666666666668,0.82326216703467,0.0,0.41163108351734,-0.82326216703467,7.7398818185427,46.4297593869579,149.501197018637,3.48498745472583,2.22092099873903,584.634948730469,469.790222167969,18.0
[GLIDE],10.7833333333334,0.80249242008253,0.0,0.40124621004127,-0.80249242008253,7.82213001647318,45.4505917851964,150.258706881724,3.4878804879337,2.24265998893419,584.699645996094,469.677032470703,18.0
[GLIDE],10.8000000000001,0.78115092521353,0.0,0.39057546260676,-0.78115092521353,7.90664233615443,44.4341068344011,150.999275328964,3.49191185120802,2.26427317557262,584.763549804688,469.561767578125,18.0
[GLIDE],10.8166666666668,0.75931845993363,0.0,0.37965922996681,-0.75931845993363,7.99309889866283,43.3833683635781,151.722331468357,3.49712776620571,2.28561820814889,584.82666015625,469.444458007812,18.0
[GLIDE],10.8333333333335,0.73707218077298,0.0,0.36853609038649,-0.73707218077298,8.08119416413898,42.3014071907536,152.427354921536,3.50355873738926,2.30656734191385,584.888977050781,469.325073242188,18.0
[GLIDE],10.8500000000001,0.71448566305055,0.0,0.35724283152527,-0.71448566305055,8.17063677431983,41.1912220540797,153.113875289104,3.51122022015386,2.32700778134668,584.950561523438,469.20361328125,18.0
[GLIDE],10.8666666666668,0.69162894627736,0.0,0.34581447313868,-0.69162894627736,8.26114937274164,40.0557791204849,153.781471607779,3.52011347437608,2.34684178020877,585.011413574219,469.080078125,18.0
[GLIDE],10.8833333333335,0.66856858476866,0.0,0.33428429238433,-0.66856858476866,8.35246840431609,38.8980102900138,154.429771779279,3.530226560928,2.36598650544413,585.071472167969,468.954498291016,18.0
[GLIDE],10.9000000000001,0.64536770304849,0.0,0.32268385152424,-0.64536770304849,8.44434389592799,37.7208104995487,155.058451954271,3.54153544264251,2.38437367991643,585.130798339844,468.826873779297,18.0
[GLIDE],10.9166666666668,0.6220860556441,0.0,0.31104302782205,-0.6220860556441,8.53653921964936,36.5270342149538,155.667235857854,3.55400515527729,2.40194902558697,585.189392089844,468.697235107422,18.0
[GLIDE],10.9333333333335,0.59878009088132,0.0,0.29939004544066,-0.59878009088132,8.62883084010998,35.3194912859804,156.255894045954,3.56759101810086,2.418671533909,585.247314453125,468.565582275391,18.0
[GLIDE],10.9500000000001,0.57550301830552,0.0,0.28775150915276,-0.57550301830552,8.72100804751015,34.1009423236566,156.824243084681,3.58223985772996,2.43451259375931,585.304504394531,468.431976318359,18.0
[GLIDE],10.9666666666668,0.55230487936707,0.0,0.27615243968353,-0.55230487936707,8.81287267770641,32.8740937454788,157.372144647106,3.59789122271087,2.44945500911122,585.361022949219,468.29638671875,18.0
[GLIDE],10.9833333333335,0.52923262102366,0.0,0.26461631051183,-0.52923262102366,8.90423882074631,31.6415926196225,157.8995045241,3.61447857000509,2.46349193895864,585.416870117188,468.158874511719,18.0
[GLIDE],11.0000000000001,0.50633017192579,0.0,0.25316508596289,-0.50633017192579,8.99493251917389,30.4060214257009,158.406271547861,3.63193040796999,2.47662579091141,585.472045898438,468.019470214844,18.0
[GLIDE],11.0166666666668,0.48363852086545,0.0,0.24181926043273,-0.48363852086545,9.08479145737281,29.169892836378,158.892436428467,3.65017138358808,2.48886709764366,585.526550292969,467.878204345703,18.0
[GLIDE],11.0333333333335,0.46119579718171,0.0,0.23059789859086,-0.46119579718171,9.17366464316041,27.9356446114712,159.358030505325,3.66912330457656,2.50023340227295,585.580444335938,467.735137939453,18.0
[GLIDE],11.0500000000001,0.43903735283024,0.0,0.21951867641512,-0.43903735283024,9.26141208279227,26.7056346840954,159.803124416727,3.68870608959078,2.51074817506529,585.633728027344,467.590270996094,18.0
[GLIDE],11.0666666666668,0.41719584583742,0.0,0.20859792291871,-0.41719584583742,9.34790445048383,25.4821365069543,160.227826691843,3.70883864202073,2.52043977987425,585.686401367188,467.443664550781,18.0
[GLIDE],11.0833333333335,0.39570132487287,0.0,0.19785066243644,-0.39570132487287,9.43302275350343,24.2673347160984,160.632282270444,3.72943964487165,2.529340504672,585.738525390625,467.295349121094,18.0
[GLIDE],11.1000000000001,0.3745813146871,0.0,0.18729065734355,-0.3745813146871,9.5166579938391,23.0633211593754,161.016670956434,3.75042827592938,2.53748566661518,585.790100097656,467.145355224609,18.0
[GLIDE],11.1166666666668,0.35386090217396,0.0,0.17693045108698,-0.35386090217396,9.5987108273911,21.872091327397,161.381205811891,3.77172484385162,2.54491279846095,585.841186523438,466.993743896484,18.0
[GLIDE],11.1333333333335,0.33356282283038,0.0,0.16678141141519,-0.33356282283038,9.6790912215917,20.6955412161526,161.726131498827,3.7932513470143,2.5516609199151,585.891784667969,466.840576171875,18.0
[GLIDE],11.1500000000001,0.31370754739777,0.0,0.15685377369888,-0.31370754739777,9.75771811230484,19.5354646424077,162.0517225762,3.814931957899,2.55776989471621,585.94189453125,466.685852050781,18.0
[GLIDE],11.1666666666668,0.29431336848229,0.0,0.14715668424114,-0.29431336848229,9.83451906081014,18.39355102573,162.358281759962,3.83669343655151,2.56327987196433,585.991577148438,466.529663085938,18.0
[GLIDE],11.1833333333335,0.27539648696247,0.0,0.13769824348124,-0.27539648696247,9.90942991162862,17.2713836443668,162.646138154035,3.85846547719701,2.56823080838534,586.040832519531,466.372009277344,18.0
[GLIDE],11.2000000000001,0.25697109800473,0.0,0.12848554900236,-0.25697109800473,9.98239445190128,16.1704383662556,162.915645460139,3.88018099248471,2.57266206685605,586.089721679688,466.212982177734,18.0
[GLIDE],11.2166666666668,0.2390494765184,0.0,0.1195247382592,-0.2390494765184,10.0533640729871,15.0920828511381,163.167180174325,3.90177634007598,2.5766120855588,586.138244628906,466.052612304688,18.0
[GLIDE],11.2333333333335,0.22164206189317,0.0,0.11082103094659,-0.22164206189317,10.122297434903,14.037576215069,163.401139777909,3.92319149640672,2.58011811153601,586.186462402344,465.890930175781,18.0
[GLIDE],11.2500000000001,0.20475754187244,0.0,0.10237877093622,-0.20475754187244,10.1891601341852,13.0080691445157,163.617940930318,3.94437018246605,2.58321599211939,586.234375,465.727996826172,18.0
[GLIDE],11.2666666666668,0.18840293542652,0.0,0.09420146771326,-0.18840293542652,10.253924375711,12.0046044437191,163.818017671047,3.96525994635841,2.5859400176596,586.281982421875,465.563873291016,18.0
[GLIDE],11.2833333333335,0.17258367450012,0.0,0.08629183725006,-0.17258367450012,10.3165686489795,11.0281179959901,164.001819637646,3.98581220727216,2.58832280912704,586.329345703125,465.398590087891,18.0
[GLIDE],11.3000000000001,0.15730368451776,0.0,0.07865184225888,-0.15730368451776,10.3770774093097,10.0794401171228,164.169810306265,4.00598226527991,2.5903952444444,586.376525878906,465.232208251953,18.0
[GLIDE],11.3166666666668,0.14256546354099,0.0,0.0712827317705,-0.14256546354099,10.4354407643777,9.15929727707831,164.322465260883,4.02572928115845,2.59218641780471,586.423522949219,465.064758300781,18.0
[GLIDE],11.3333333333335,0.12837015998,0.0,0.06418507999,-0.12837015998,10.4916541664792,8.26831416450409,164.460270496958,4.04501623015094,2.59372362668806,586.470397949219,464.896301269531,18.0
[GLIDE],11.3500000000001,0.11471764877123,0.0,0.05735882438561,-0.11471764877123,10.5457181108659,7.40701606746113,164.583720764749,4.06380983331198,2.59503238178624,586.517150878906,464.726867675781,18.0
[GLIDE],11.3666666666668,0.10160660594125,0.0,0.05080330297063,-0.10160660594125,10.5976378404726,6.57583154291098,164.693317957131,4.08208046978597,2.59613643555349,586.563781738281,464.556518554688,18.0
[GLIDE],11.3833333333335,0.08903458148538,0.0,0.04451729074269,-0.08903458148538,10.6474230573179,5.77509534702846,164.789569546248,4.09980207307808,2.59705782560473,586.6103515625,464.385284423828,18.0
[GLIDE],11.4000000000001,0.07699807049724,0.0,0.03849903524862,-0.07699807049724,10.6950876408309,5.00505159822244,164.872987072885,4.1169520140913,2.59781692966649,586.656860351562,464.213195800781,18.0
[GLIDE],11.4166666666668,0.06549258249341,0.0,0.03274629124671,-0.06549258249341,10.7406493733261,4.26585714483746,164.944084691966,4.13351097342696,2.59843252924072,586.703369140625,464.040344238281,18.0
[GLIDE],11.4333333333335,0.05451270888427,0.0,0.02725635444213,-0.05451270888427,10.7841296728183,3.55758510984041,165.00337777713,4.14946280518353,2.59892187956155,586.749877929688,463.866729736328,18.0
[GLIDE],11.4500000000001,0.04405218854925,0.0,0.02202609427462,-0.04405218854925,10.825553333345,2.880228585343,165.051381586886,4.16479439424145,2.59930078380656,586.796447753906,463.692413330078,18.0
[PIPLIVE] eye=(586.7964, 910.9899, 463.6924) state=2 deployed=true framing=canopy
[GLIDE],11.4666666666668,0.03410397148144,0.0,0.01705198574072,-0.03410397148144,10.8649482729335,2.2337044505418,165.088609994395,4.17949550879225,2.59958366986573,586.843017578125,463.517425537109,18.0
[GLIDE],11.4833333333335,0.02466028047263,0.0,0.01233014023631,-0.02466028047263,10.9023452893284,1.61785728755004,165.11557428252,4.19355864965887,2.59978366827307,586.889709472656,463.341827392578,18.0
[GLIDE],11.5000000000002,0.01571267081606,0.0,0.00785633540803,-0.01571267081606,10.9377778235684,1.03246337062252,165.132782005364,4.20697889776113,2.59991269017044,586.936462402344,463.165618896484,18.0
[GLIDE],11.5166666666668,0.00725208800986,0.0,0.00362604400493,-0.00725208800986,10.9712817314809,0.47723470541439,165.140735917121,4.21975376090568,2.59998150440091,586.983337402344,462.988891601562,18.0
[GLIDE],12.0166666666668,0.0,0.0,0.0,0.0,11.0,0.0,165.140735917121,4.23076923076923,2.6,588.393249511719,457.672424316406,18.0
[GLIDE],12.5166666666669,0.0,0.0,0.0,0.0,11.0,0.0,165.140735917121,4.23076923076923,2.6,589.803161621094,452.35595703125,18.0
[GLIDE],13.0166666666669,0.0,0.0,0.0,0.0,11.0,0.0,165.140735917121,4.23076923076923,2.6,591.213073730469,447.039489746094,18.0
[PIPLIVE] eye=(592.482, 902.4619, 442.2547) state=2 deployed=true framing=canopy
[GLIDE],13.5166666666669,0.0,0.0,0.0,0.0,11.0,0.0,165.140735917121,4.23076923076923,2.6,592.622985839844,441.723022460938,18.0
[GLIDE],14.0166666666669,0.0,0.0,0.0,0.0,11.0,0.0,165.140735917121,4.23076923076923,2.6,594.032897949219,436.406555175781,18.0
[GLIDE],14.516666666667,0.0,0.0,0.0,0.0,11.0,0.0,165.140735917121,4.23076923076923,2.6,595.442810058594,431.090087890625,18.0
[GLIDE],15.016666666667,0.0,0.0,0.0,0.0,11.0,0.0,165.140735917121,4.23076923076923,2.6,596.852722167969,425.773620605469,18.0
[PIPLIVE] eye=(598.1686, 893.9319, 420.8116) state=2 deployed=true framing=canopy
[GLIDE],15.516666666667,0.0,0.0,0.0,0.0,11.0,0.0,165.140735917121,4.23076923076923,2.6,598.262634277344,420.457153320312,18.0
[GLIDE],16.016666666667,0.0,0.0,0.0,0.0,11.0,0.0,165.140735917121,4.23076923076923,2.6,599.672546386719,415.140686035156,18.0
[GLIDE],16.5333333333337,0.0,0.0,0.0,0.0,11.0,0.0,165.140735917121,4.23076923076923,2.6,601.129455566406,409.647003173828,18.0
[CTRL] pressed=turnright  key=E  state=2  deployed=true  alt_m=886.0
[GLIDE],17.0000000000003,0.0,0.00413499646348,0.00206749823174,0.00413499646348,10.9836254140046,-0.27225836704874,165.134658803821,4.22448106299592,2.59999399931391,602.4453125,404.685333251953,18.0
[GLIDE],17.016666666667,0.0,0.00812801123525,0.00406400561762,0.00812801123525,10.9678130755084,-0.5347940748619,165.12574556924,4.21842736155939,2.59997675329274,602.492248535156,404.508666992188,18.0
[GLIDE],17.0333333333336,0.0,0.01331216752777,0.00665608376388,0.01331216752777,10.94728381659,-0.8750972552239,165.111160614986,4.21059510696521,2.5999374289114,602.539123535156,404.332336425781,18.0
[GLIDE],17.0500000000003,0.0,0.01961977192354,0.00980988596177,0.01961977192354,10.9223057031828,-1.28831104085349,165.089688764305,4.20110733486103,2.59986351992221,602.5859375,404.156433105469,18.0
[GLIDE],17.066666666667,0.0,0.02698458323639,0.01349229161819,0.02698458323639,10.8931410503839,-1.7696218023276,165.0601950676,4.19008772573596,2.59974056950576,602.632751464844,403.981018066406,18.0
[GLIDE],17.0833333333336,0.0,0.03534187500065,0.01767093750032,0.03534187500065,10.8600461749974,-2.3142788255408,165.021623753841,4.17765982393676,2.59955253244234,602.679504394531,403.80615234375,18.0
[GLIDE],17.1000000000003,0.0,0.04462849094903,0.02231424547452,0.04462849094903,10.8232711758418,-2.91761193279529,164.972996888294,4.1639463409578,2.59928209674101,602.726257324219,403.631927490234,18.0
[GLIDE],17.116666666667,0.0,0.05478289376498,0.02739144688249,0.05478289376498,10.7830597406907,-3.57504712716908,164.913412769508,4.14906853559244,2.59891097199024,602.773010253906,403.458404541016,18.0
[GLIDE],17.1333333333336,0.0,0.06574520739349,0.03287260369674,0.06574520739349,10.7396489787218,-4.28212034592897,164.842044097076,4.13314566424382,2.59842015045135,602.81982421875,403.28564453125,18.0
[GLIDE],17.1500000000003,0.0,0.07745725319205,0.03872862659602,0.07745725319205,10.6932692773595,-5.03448941358484,164.758135940183,4.11629449532017,2.59779014585004,602.86669921875,403.113677978516,18.0
[GLIDE],17.166666666667,0.0,0.08986258020082,0.04493129010041,0.08986258020082,10.6441441824047,-5.82794428882093,164.661003535369,4.0986288822087,2.59700121389589,602.913635253906,402.942596435547,18.0
[GLIDE],17.1833333333336,0.0,0.10290648980771,0.05145324490386,0.10290648980771,10.5924903003615,-6.65841570208672,164.550029940335,4.08025938984913,2.5960335577472,602.960693359375,402.772430419922,18.0
[GLIDE],17.2000000000003,0.0,0.11653605508055,0.05826802754028,0.11653605508055,10.538517221881,-7.5219822821801,164.424663568965,4.06129297042131,2.59486752091853,603.007873535156,402.603240966797,18.0
[GLIDE],17.216666666667,0.0,0.13070013503452,0.06535006751726,0.13070013503452,10.4824274652633,-8.41487627080374,164.284415631118,4.04183268412508,2.5934837694877,603.05517578125,402.43505859375,18.0
[GLIDE],17.2333333333336,0.0,0.1453493840985,0.07267469204925,0.1453493840985,10.4244164389699,-9.33348792391203,164.128857499053,4.02197746146368,2.59186346488781,603.102661132812,402.267944335938,18.0
[GLIDE],17.2500000000003,0.0,0.16043625703946,0.08021812851973,0.16043625703946,10.3646724221237,-10.2743686977798,163.957618020757,4.00182190384296,2.58998842806336,603.150390625,402.101928710938,18.0
[GLIDE],17.266666666667,0.0,0.17591500959878,0.08795750479939,0.17591500959878,10.3033765619888,-11.2342333161991,163.77038079882,3.98145611966376,2.58784129532463,603.198364257812,401.937042236328,18.0
[GLIDE],17.2833333333336,0.0,0.19174169508932,0.09587084754466,0.19174169508932,10.2407028874463,-12.2099608131258,163.566881451935,3.96096559341114,2.58540566585106,603.246643066406,401.773345947266,18.0
[GLIDE],17.3000000000003,0.0,0.20787415719642,0.10393707859821,0.20787415719642,10.1768183375022,-13.1985946425351,163.346904874559,3.94043108552947,2.58266624047169,603.295227050781,401.61083984375,18.0
[GLIDE],17.316666666667,0.0,0.22427201922017,0.11213600961009,0.22427201922017,10.1118828038881,-14.1973419442652,163.110282508821,3.91992856111503,2.57960895109063,603.344177246094,401.449584960938,18.0
[GLIDE],17.3333333333336,0.0,0.24089666999056,0.12044833499528,0.24089666999056,10.0460491868374,-15.2035720513144,162.856889641299,3.89952914565818,2.57622107992778,603.3935546875,401.289581298828,18.0
[GLIDE],17.3500000000003,0.0,0.25771124668085,0.12885562334043,0.25771124668085,9.97946346314382,-16.2148143204563,162.586642735958,3.87929910622624,2.57249136760991,603.443359375,401.130889892578,18.0
[GLIDE],17.366666666667,0.0,0.27468061473825,0.13734030736913,0.27468061473825,9.91226476563653,-17.2287553642187,162.299496813221,3.85929985659839,2.56841010907436,603.493591308594,400.973510742188,18.0
[GLIDE],17.3833333333336,0.0,0.29177134514473,0.14588567257237,0.29177134514473,9.84458547322685,-18.2432357582841,161.995442883917,3.83958798494951,2.56396923623468,603.544311523438,400.817474365234,18.0
[GLIDE],17.4000000000003,0.0,0.30895168921422,0.15447584460711,0.30895168921422,9.77655131071168,-19.2562462942635,161.674505445679,3.82021530273365,2.55916238640158,603.595520019531,400.662780761719,18.0
[GLIDE],17.416666666667,0.0,0.32619155112585,0.16309577556292,0.32619155112585,9.70828145754165,-20.2659238436155,161.336740048285,3.80122891344617,2.55398495554959,603.647277832031,400.509490966797,18.0
[GLIDE],17.4333333333336,0.0,0.34346245838642,0.17173122919321,0.34346245838642,9.63988866478977,-21.2705468942671,160.982230933381,3.78267129995062,2.54843413566376,603.699645996094,400.357604980469,18.0
[GLIDE],17.4500000000003,0.0,0.36073753040853,0.18036876520426,0.36073753040853,9.57147937958223,-22.2685308172853,160.611088753093,3.76458042904734,2.54250893558525,603.752624511719,400.207122802734,18.0
[GLIDE],17.466666666667,0.0,0.377991445384,0.188995722692,0.377991445384,9.50315387627938,-23.2584229167688,160.223448371147,3.74698987194131,2.53621018499199,603.806213378906,400.058074951172,18.0
[GLIDE],17.4833333333336,0.0,0.39520040562578,0.19760020281289,0.39520040562578,9.43500639372191,-24.2388973120188,159.81946674928,3.72992893924055,2.52954052139207,603.860473632812,399.910491943359,18.0
[GLIDE],17.5000000000003,0.0,0.41234210154466,0.20617105077233,0.41234210154466,9.36712527788314,-25.2087496970259,159.399320920996,3.71342282908847,2.52250436026497,603.915405273438,399.764343261719,18.0
[PIPLIVE] eye=(603.9154, 885.5255, 399.7643) state=2 deployed=true framing=canopy
[GLIDE],17.516666666667,0.0,0.4293956744204,0.2146978372102,0.4293956744204,9.29959312929522,-26.1668920183915,158.963206054023,3.69749278700757,2.51510784874891,603.971069335938,399.619689941406,18.0
[GLIDE],17.5333333333336,0.0,0.44634167812041,0.22317083906021,0.44634167812041,9.23248695464316,-27.1123471090204,158.511333602206,3.68215627601046,2.5073588035341,604.027465820312,399.476501464844,18.0
[GLIDE],17.5500000000003,0.0,0.46316203991248,0.23158101995624,0.46316203991248,9.1658783219466,-28.0442433112752,158.043929547018,3.66742715552054,2.49926663387146,604.084594726562,399.334808349609,18.0
[GLIDE],17.566666666667,0.0,0.47984002051131,0.23992001025565,0.47984002051131,9.09983351877523,-28.9618091197947,157.561232728355,3.65331586764025,2.490842250838,604.142456054688,399.194641113281,18.0
[GLIDE],17.5833333333336,0.0,0.49636017349259,0.24818008674629,0.49636017349259,9.03441371296936,-29.8643678708573,157.06349326384,3.63982962931121,2.48209796420582,604.201110839844,399.055969238281,18.0
[GLIDE],17.6000000000003,0.0,0.51270830420146,0.25635415210073,0.51270830420146,8.96967511536223,-30.7513325020175,156.550971055473,3.62697262892829,2.47304736843647,604.260620117188,398.918823242188,18.0
[GLIDE],17.6166666666669,0.0,0.52887142827631,0.26443571413815,0.52887142827631,8.90566914402583,-31.6222004027686,156.023934382094,3.61474622599969,2.46370521946195,604.320922851562,398.783203125,18.0
[GLIDE],17.6333333333336,0.0,0.54483772990247,0.27241886495124,0.54483772990247,8.84244258958621,-32.476548374193,155.482658575857,3.60314915248606,2.45408730401438,604.382080078125,398.649108886719,18.0
[GLIDE],17.6500000000003,0.0,0.56059651990436,0.28029825995218,0.56059651990436,8.78003778117872,-33.3140277129481,154.927424780642,3.59217771450462,2.44421030332836,604.444091796875,398.516571044922,18.0
[GLIDE],17.6666666666669,0.0,0.57613819377858,0.28806909688929,0.57613819377858,8.71849275263682,-34.1343594325033,154.3585187901,3.58182599314695,2.43409165306125,604.506958007812,398.385559082031,18.0
[GLIDE],17.6833333333336,0.0,0.5914541897647,0.29572709488235,0.5914541897647,8.65784140853178,-34.9373296322949,153.776229962895,3.57208604323127,2.42374940126022,604.570739746094,398.256103515625,18.0
[GLIDE],17.7000000000003,0.0,0.60653694704475,0.30326847352237,0.60653694704475,8.5981136897028,-35.7227850233871,153.180850212505,3.56294808889039,2.41320206615205,604.635375976562,398.128204345703,18.0
[GLIDE],17.7166666666669,0.0,0.62137986415669,0.31068993207835,0.62137986415669,8.5393357379395,-36.4906286173283,152.572673068883,3.55440071498323,2.40246849544643,604.700927734375,398.001892089844,18.0
[GLIDE],17.7333333333336,0.0,0.63597725770194,0.31798862885097,0.63597725770194,8.48153005950031,-37.2408155831526,151.951992809164,3.54643105341016,2.39156772872962,604.767395019531,397.877136230469,18.0
[GLIDE],17.7500000000003,0.0,0.65032432142142,0.32516216071071,0.65032432142142,8.42471568717118,-37.9733492759079,151.319103654565,3.53902496350795,2.38051886438813,604.834777832031,397.753936767578,18.0
[GLIDE],17.7666666666669,0.0,0.66441708570966,0.33220854285483,0.66441708570966,8.36890834058975,-38.688277438668,150.674299030587,3.5321672057989,2.36934093234606,604.903076171875,397.63232421875,18.0
[GLIDE],17.7833333333336,0.0,0.67825237763136,0.33912618881568,0.67825237763136,8.31412058457983,-39.3856885787228,150.017870887609,3.52584160846738,2.35805277373019,604.972351074219,397.512298583984,18.0
[GLIDE],17.8000000000003,0.0,0.69182778149992,0.34591389074996,0.69182778149992,8.2603619852603,-40.0657085175064,149.350109078984,3.52003122603629,2.34667292839951,605.042541503906,397.393859863281,18.0
[GLIDE],17.8166666666669,0.0,0.70514160007282,0.35257080003641,0.70514160007282,8.20763926371161,-40.7284971128309,148.67130079377,3.51471848981302,2.33521953109486,605.113647460938,397.277008056641,18.0
[GLIDE],17.8333333333336,0.0,0.718192816414,0.359096408207,0.718192816414,8.15595644700057,-41.3742451511248,147.981730041251,3.50988534976939,2.32371021678427,605.185729980469,397.161743164062,18.0
[GLIDE],17.8500000000003,0.0,0.73098105646916,0.36549052823458,0.73098105646916,8.10531501638212,-42.0031714066188,147.281677184474,3.50551340761071,2.31216203560509,605.258728027344,397.048095703125,18.0
[GLIDE],17.8666666666669,0.0,0.74350655239562,0.37175327619781,0.74350655239562,8.05571405251334,-42.6155198637854,146.571418520078,3.50158404087639,2.30059137763751,605.332702636719,396.93603515625,18.0
[GLIDE],17.8833333333336,0.0,0.75577010668401,0.37788505334201,0.75577010668401,8.00715037753132,-43.2115570987939,145.851225901764,3.49807851799529,2.28901390758951,605.407592773438,396.825592041016,18.0
[GLIDE],17.9000000000003,0.0,0.76777305710554,0.38388652855277,0.76777305710554,7.95961869386207,-43.7915698152977,145.121366404843,3.49497810429561,2.27744450933156,605.483459472656,396.716766357422,18.0
[GLIDE],17.9166666666669,0.0,0.77951724251446,0.38975862125723,0.77951724251446,7.91311171964272,-44.3558625295107,144.382102029351,3.49226415903831,2.2658972400936,605.560241699219,396.609558105469,18.0
[GLIDE],17.9333333333336,0.0,0.79100496953191,0.39550248476596,0.79100496953191,7.86762032065363,-44.9047553992482,143.633689439363,3.48991822360681,2.25438529402631,605.638000488281,396.503967285156,18.0
[GLIDE],17.9500000000003,0.0,0.80223898013364,0.40111949006682,0.80223898013364,7.82313363867078,-45.4385821913981,142.876379736173,3.48792210104244,2.24292097473526,605.716674804688,396.399993896484,18.0
[GLIDE],17.9666666666669,0.0,0.81322242016108,0.40661121008054,0.81322242016108,7.77963921616211,-45.9576883821407,142.110418263138,3.4862579271653,2.23151567631939,605.796325683594,396.297668457031,18.0
[GLIDE],17.9833333333336,0.0,0.82395880877175,0.41197940438588,0.82395880877175,7.73712311726386,-46.4624293841519,141.336044440069,3.48490823356382,2.22017987238406,605.876892089844,396.196990966797,18.0
[GLIDE],18.0000000000003,0.0,0.83445200884212,0.41722600442106,0.83445200884212,7.6955700449852,-46.9531688949854,140.553491625152,3.48385600277348,2.20892311245321,605.958374023438,396.097961425781,18.0
[GLIDE],18.0166666666669,0.0,0.84470619833318,0.42235309916659,0.84470619833318,7.65496345460061,-47.4302773608398,139.762987002472,3.48308471599596,2.19775402517355,606.040771484375,396.000579833984,18.0
[GLIDE],18.0333333333336,0.0,0.85472584262615,0.42736292131308,0.85472584262615,7.61528566320045,-47.894130549966,138.964751493305,3.4825783937347,2.18668032768499,606.124084472656,395.904846191406,18.0
[GLIDE],18.0500000000003,0.0,0.86451566783323,0.43225783391662,0.86451566783323,7.5765179553804,-48.3451082300555,138.158999689471,3.48232162974205,2.17570884052477,606.208312988281,395.810760498047,18.0
[GLIDE],18.0666666666669,0.0,0.87408063508583,0.43704031754291,0.87408063508583,7.53864068506013,-48.7835929440589,137.34593980707,3.48229961868679,2.16484550743598,606.29345703125,395.718353271484,18.0
[GLIDE],18.0833333333336,0.0,0.88342591580035,0.44171295790017,0.88342591580035,7.50163337343063,-49.2099688790277,136.525773659086,3.48249817795936,2.15409541946304,606.379455566406,395.627624511719,18.0
[GLIDE],18.1000000000003,0.0,0.89255686791956,0.44627843395978,0.89255686791956,7.46547480303856,-49.6246208227272,135.698696645374,3.48290376403647,2.1434628427363,606.466369628906,395.53857421875,18.0
[GLIDE],18.1166666666669,0.0,0.90147901312532,0.45073950656266,0.90147901312532,7.43014310802372,-50.0279332029436,134.864897758659,3.48350348382632,2.13295124937334,606.554138183594,395.451202392578,18.0
[GLIDE],18.1333333333336,0.0,0.91019801501677,0.45509900750839,0.91019801501677,7.39561586053358,-50.4202892045998,134.024559605249,3.48428510141215,2.12256335095432,606.642761230469,395.365539550781,18.0
[GLIDE],18.1500000000003,0.0,0.918719658246,0.459359829123,0.918719658246,7.36187015334584,-50.8020699599889,133.177858439249,3.4852370406043,2.11230113406272,606.732238769531,395.281585693359,18.0
[GLIDE],18.1666666666669,0.0,0.92704982860186,0.46352491430093,0.92704982860186,7.32888267873663,-51.1736538076431,132.324964209121,3.48634838370111,2.10216589741851,606.822570800781,395.199340820312,18.0
[GLIDE],18.1833333333336,0.0,0.93519449403081,0.46759724701541,0.93519449403081,7.29662980363798,-51.5354156155613,131.466040615529,3.48760886684644,2.09215829016851,606.913696289062,395.118804931641,18.0
[GLIDE],18.2000000000002,0.0,0.94315968658227,0.47157984329113,0.94315968658227,7.26508764113422,-51.8877261647343,130.60124517945,3.48900887235651,2.08227835093675,607.005615234375,395.040008544922,18.0
[GLIDE],18.2166666666669,0.0,0.9509514852647,0.47547574263235,0.9509514852647,7.23423211835177,-52.230951589115,129.730729319631,3.49053941837297,2.07252554727597,607.098327636719,394.962951660156,18.0
[GLIDE],18.2333333333336,0.0,0.95857599979748,0.47928799989874,0.95857599979748,7.20403904080196,-52.5654528683912,128.854638438491,3.49219214618066,2.06289881519861,607.191833496094,394.887634277344,18.0
[GLIDE],18.2500000000002,0.0,0.96603935524223,0.48301967762111,0.96603935524223,7.17448415324077,-52.8915853701254,127.973112015656,3.4939593055103,2.05339659850243,607.286071777344,394.814056396484,18.0
[GLIDE],18.2666666666669,0.0,0.9733476774966,0.4866738387483,0.9733476774966,7.14554319711346,-53.2096984380282,127.086283708355,3.49583373812627,2.04401688764048,607.381103515625,394.742248535156,18.0
[GLIDE],18.2833333333336,0.0,0.98050707963244,0.49025353981622,0.98050707963244,7.11719196465553,-53.5201350233235,126.194281457967,3.49780885997996,2.03475725791841,607.476806640625,394.672210693359,18.0
[GLIDE],18.3000000000002,0.0,0.98752364905932,0.49376182452966,0.98752364905932,7.08940634972509,-53.823231356359,125.297227602027,3.49987864218889,2.02561490683324,607.5732421875,394.603942871094,18.0
[GLIDE],18.3166666666669,0.0,0.99440343549395,0.49720171774697,0.99440343549395,7.06216239544398,-54.1193166557906,124.395238991098,3.50203759108135,2.01658669039682,607.670349121094,394.537445068359,18.0
[GLIDE],18.3333333333336,0.0,1.0,0.5,1.0,7.04,-54.3593708130368,123.489249477547,3.50388888888889,2.0091961312827,607.768188476562,394.472717285156,18.0
[GLIDE],18.3500000000002,0.0,1.0,0.5,1.0,7.04,-54.3593708130368,122.583259963996,3.50388888888889,2.0091961312827,607.867065429688,394.409515380859,18.0
[GLIDE],18.3666666666669,0.0,1.0,0.5,1.0,7.04,-54.3593708130368,121.677270450446,3.50388888888889,2.0091961312827,607.966918945312,394.347900390625,18.0
[GLIDE],18.3833333333336,0.0,1.0,0.5,1.0,7.04,-54.3593708130368,120.771280936895,3.50388888888889,2.0091961312827,608.067749023438,394.287872314453,18.0
[GLIDE],18.4000000000002,0.0,1.0,0.5,1.0,7.04,-54.3593708130368,119.865291423344,3.50388888888889,2.0091961312827,608.169494628906,394.229431152344,18.0
[GLIDE],18.4166666666669,0.0,1.0,0.5,1.0,7.04,-54.3593708130368,118.959301909794,3.50388888888889,2.0091961312827,608.272155761719,394.172607421875,18.0
[GLIDE],18.4333333333336,0.0,1.0,0.5,1.0,7.04,-54.3593708130368,118.053312396243,3.50388888888889,2.0091961312827,608.375732421875,394.117431640625,18.0
[GLIDE],18.4500000000002,0.0,1.0,0.5,1.0,7.04,-54.3593708130368,117.147322882693,3.50388888888889,2.0091961312827,608.480163574219,394.063903808594,18.0
[GLIDE],18.4666666666669,0.0,1.0,0.5,1.0,7.04,-54.3593708130368,116.241333369142,3.50388888888889,2.0091961312827,608.585388183594,394.012023925781,18.0
[GLIDE],18.4833333333336,0.0,1.0,0.5,1.0,7.04,-54.3593708130368,115.335343855591,3.50388888888889,2.0091961312827,608.69140625,393.961822509766,18.0
[GLIDE],18.5000000000002,0.0,1.0,0.5,1.0,7.04,-54.3593708130368,114.429354342041,3.50388888888889,2.0091961312827,608.798217773438,393.913299560547,18.0
[GLIDE],18.5166666666669,0.0,1.0,0.5,1.0,7.04,-54.3593708130368,113.52336482849,3.50388888888889,2.0091961312827,608.905822753906,393.866455078125,18.0
[GLIDE],18.5333333333336,0.0,1.0,0.5,1.0,7.04,-54.3593708130368,112.61737531494,3.50388888888889,2.0091961312827,609.01416015625,393.821319580078,18.0
[GLIDE],18.5500000000002,0.0,1.0,0.5,1.0,7.04,-54.3593708130368,111.711385801389,3.50388888888889,2.0091961312827,609.123168945312,393.777923583984,18.0
[GLIDE],18.5666666666669,0.0,1.0,0.5,1.0,7.04,-54.3593708130368,110.805396287838,3.50388888888889,2.0091961312827,609.232849121094,393.736236572266,18.0
[GLIDE],18.5833333333336,0.0,1.0,0.5,1.0,7.04,-54.3593708130368,109.899406774288,3.50388888888889,2.0091961312827,609.343200683594,393.6962890625,18.0
[GLIDE],18.6000000000002,0.0,1.0,0.5,1.0,7.04,-54.3593708130368,108.993417260737,3.50388888888889,2.0091961312827,609.454162597656,393.658111572266,18.0
[GLIDE],18.6166666666669,0.0,1.0,0.5,1.0,7.04,-54.3593708130368,108.087427747186,3.50388888888889,2.0091961312827,609.565673828125,393.621673583984,18.0
[GLIDE],18.6333333333336,0.0,1.0,0.5,1.0,7.04,-54.3593708130368,107.181438233636,3.50388888888889,2.0091961312827,609.677795410156,393.587005615234,18.0
[GLIDE],18.6500000000002,0.0,1.0,0.5,1.0,7.04,-54.3593708130368,106.275448720085,3.50388888888889,2.0091961312827,609.790405273438,393.554107666016,18.0
[GLIDE],18.6666666666669,0.0,1.0,0.5,1.0,7.04,-54.3593708130368,105.369459206535,3.50388888888889,2.0091961312827,609.903564453125,393.523010253906,18.0
[GLIDE],18.6833333333336,0.0,1.0,0.5,1.0,7.04,-54.3593708130368,104.463469692984,3.50388888888889,2.0091961312827,610.017150878906,393.493713378906,18.0
[GLIDE],18.7000000000002,0.0,1.0,0.5,1.0,7.04,-54.3593708130368,103.557480179433,3.50388888888889,2.0091961312827,610.131225585938,393.466217041016,18.0
[GLIDE],18.7166666666669,0.0,1.0,0.5,1.0,7.04,-54.3593708130368,102.651490665883,3.50388888888889,2.0091961312827,610.245727539062,393.440521240234,18.0
[GLIDE],18.7333333333336,0.0,1.0,0.5,1.0,7.04,-54.3593708130368,101.745501152332,3.50388888888889,2.0091961312827,610.360595703125,393.416625976562,18.0
[GLIDE],18.7500000000002,0.0,1.0,0.5,1.0,7.04,-54.3593708130368,100.839511638782,3.50388888888889,2.0091961312827,610.475830078125,393.394561767578,18.0
[GLIDE],18.7666666666669,0.0,1.0,0.5,1.0,7.04,-54.3593708130368,99.9335221252309,3.50388888888889,2.0091961312827,610.591430664062,393.374328613281,18.0
[GLIDE],18.7833333333335,0.0,1.0,0.5,1.0,7.04,-54.3593708130368,99.0275326116803,3.50388888888889,2.0091961312827,610.707336425781,393.355926513672,18.0
[GLIDE],18.8000000000002,0.0,1.0,0.5,1.0,7.04,-54.3593708130368,98.1215430981297,3.50388888888889,2.0091961312827,610.823486328125,393.33935546875,18.0
[GLIDE],18.8166666666669,0.0,1.0,0.5,1.0,7.04,-54.3593708130368,97.2155535845791,3.50388888888889,2.0091961312827,610.939880371094,393.324615478516,18.0
[GLIDE],18.8333333333335,0.0,1.0,0.5,1.0,7.04,-54.3593708130368,96.3095640710284,3.50388888888889,2.0091961312827,611.056518554688,393.311706542969,18.0
[GLIDE],18.8500000000002,0.0,1.0,0.5,1.0,7.04,-54.3593708130368,95.4035745574778,3.50388888888889,2.0091961312827,611.17333984375,393.300659179688,18.0
[GLIDE],18.8666666666669,0.0,1.0,0.5,1.0,7.04,-54.3593708130368,94.4975850439272,3.50388888888889,2.0091961312827,611.290283203125,393.291473388672,18.0
[GLIDE],18.8833333333335,0.0,1.0,0.5,1.0,7.04,-54.3593708130368,93.5915955303766,3.50388888888889,2.0091961312827,611.407409667969,393.284118652344,18.0
[GLIDE],18.9000000000002,0.0,1.0,0.5,1.0,7.04,-54.3593708130368,92.685606016826,3.50388888888889,2.0091961312827,611.524597167969,393.278625488281,18.0
[GLIDE],18.9166666666669,0.0,1.0,0.5,1.0,7.04,-54.3593708130368,91.7796165032754,3.50388888888889,2.0091961312827,611.641845703125,393.274993896484,18.0
[GLIDE],18.9333333333335,0.0,1.0,0.5,1.0,7.04,-54.3593708130368,90.8736269897248,3.50388888888889,2.0091961312827,611.759155273438,393.273193359375,18.0
[GLIDE],18.9500000000002,0.0,1.0,0.5,1.0,7.04,-54.3593708130368,89.9676374761741,3.50388888888889,2.0091961312827,611.87646484375,393.273254394531,18.0
[GLIDE],18.9666666666669,0.0,1.0,0.5,1.0,7.04,-54.3593708130368,89.0616479626235,3.50388888888889,2.0091961312827,611.993774414062,393.275177001953,18.0
[GLIDE],18.9833333333335,0.0,1.0,0.5,1.0,7.04,-54.3593708130368,88.1556584490729,3.50388888888889,2.0091961312827,612.111022949219,393.278961181641,18.0
[GLIDE],19.0000000000002,0.0,1.0,0.5,1.0,7.04,-54.3593708130368,87.2496689355223,3.50388888888889,2.0091961312827,612.228210449219,393.284576416016,18.0
[GLIDE],19.0166666666669,0.0,1.0,0.5,1.0,7.04,-54.3593708130368,86.3436794219717,3.50388888888889,2.0091961312827,612.345275878906,393.292053222656,18.0
[GLIDE],19.0333333333335,0.0,1.0,0.5,1.0,7.04,-54.3593708130368,85.4376899084211,3.50388888888889,2.0091961312827,612.462219238281,393.301391601562,18.0
[GLIDE],19.0500000000002,0.0,1.0,0.5,1.0,7.04,-54.3593708130368,84.5317003948705,3.50388888888889,2.0091961312827,612.579040527344,393.312561035156,18.0
[GLIDE],19.0666666666669,0.0,1.0,0.5,1.0,7.04,-54.3593708130368,83.6257108813198,3.50388888888889,2.0091961312827,612.695678710938,393.325592041016,18.0
[GLIDE],19.0833333333335,0.0,1.0,0.5,1.0,7.04,-54.3593708130368,82.7197213677692,3.50388888888889,2.0091961312827,612.812072753906,393.340454101562,18.0
[GLIDE],19.1000000000002,0.0,1.0,0.5,1.0,7.04,-54.3593708130368,81.8137318542186,3.50388888888889,2.0091961312827,612.92822265625,393.357147216797,18.0
[GLIDE],19.1166666666669,0.0,1.0,0.5,1.0,7.04,-54.3593708130368,80.907742340668,3.50388888888889,2.0091961312827,613.044067382812,393.375701904297,18.0
[GLIDE],19.1333333333335,0.0,1.0,0.5,1.0,7.04,-54.3593708130368,80.0017528271174,3.50388888888889,2.0091961312827,613.159606933594,393.396087646484,18.0
[GLIDE],19.1500000000002,0.0,1.0,0.5,1.0,7.04,-54.3593708130368,79.0957633135668,3.50388888888889,2.0091961312827,613.274841308594,393.418273925781,18.0
[GLIDE],19.1666666666669,0.0,1.0,0.5,1.0,7.04,-54.3593708130368,78.1897738000162,3.50388888888889,2.0091961312827,613.389709472656,393.442291259766,18.0
[GLIDE],19.1833333333335,0.0,1.0,0.5,1.0,7.04,-54.3593708130368,77.2837842864655,3.50388888888889,2.0091961312827,613.504150390625,393.468109130859,18.0
[GLIDE],19.2000000000002,0.0,1.0,0.5,1.0,7.04,-54.3593708130368,76.3777947729149,3.50388888888889,2.0091961312827,613.6181640625,393.495758056641,18.0
[GLIDE],19.2166666666669,0.0,1.0,0.5,1.0,7.04,-54.3593708130368,75.4718052593643,3.50388888888889,2.0091961312827,613.731750488281,393.525177001953,18.0
[GLIDE],19.2333333333335,0.0,1.0,0.5,1.0,7.04,-54.3593708130368,74.5658157458137,3.50388888888889,2.0091961312827,613.844848632812,393.556396484375,18.0
[GLIDE],19.2500000000002,0.0,1.0,0.5,1.0,7.04,-54.3593708130368,73.6598262322631,3.50388888888889,2.0091961312827,613.957458496094,393.589416503906,18.0
[GLIDE],19.2666666666669,0.0,1.0,0.5,1.0,7.04,-54.3593708130368,72.7538367187125,3.50388888888889,2.0091961312827,614.069519042969,393.624206542969,18.0
[GLIDE],19.2833333333335,0.0,1.0,0.5,1.0,7.04,-54.3593708130368,71.8478472051619,3.50388888888889,2.0091961312827,614.181030273438,393.660766601562,18.0
[GLIDE],19.3000000000002,0.0,1.0,0.5,1.0,7.04,-54.3593708130368,70.9418576916112,3.50388888888889,2.0091961312827,614.291931152344,393.699066162109,18.0
[GLIDE],19.3166666666669,0.0,1.0,0.5,1.0,7.04,-54.3593708130368,70.0358681780606,3.50388888888889,2.0091961312827,614.402221679688,393.739135742188,18.0
[GLIDE],19.3333333333335,0.0,1.0,0.5,1.0,7.04,-54.3593708130368,69.12987866451,3.50388888888889,2.0091961312827,614.511840820312,393.780944824219,18.0
[GLIDE],19.3500000000002,0.0,1.0,0.5,1.0,7.04,-54.3593708130368,68.2238891509594,3.50388888888889,2.0091961312827,614.620788574219,393.824462890625,18.0
[GLIDE],19.3666666666668,0.0,1.0,0.5,1.0,7.04,-54.3593708130368,67.3178996374088,3.50388888888889,2.0091961312827,614.729064941406,393.869720458984,18.0
[GLIDE],19.3833333333335,0.0,1.0,0.5,1.0,7.04,-54.3593708130368,66.4119101238582,3.50388888888889,2.0091961312827,614.836608886719,393.916687011719,18.0
[GLIDE],19.4000000000002,0.0,1.0,0.5,1.0,7.04,-54.3593708130368,65.5059206103076,3.50388888888889,2.0091961312827,614.943359375,393.96533203125,18.0
[GLIDE],19.4166666666668,0.0,1.0,0.5,1.0,7.04,-54.3593708130368,64.5999310967569,3.50388888888889,2.0091961312827,615.049377441406,394.015655517578,18.0
[GLIDE],19.4333333333335,0.0,1.0,0.5,1.0,7.04,-54.3593708130368,63.6939415832063,3.50388888888889,2.0091961312827,615.154541015625,394.067657470703,18.0
[GLIDE],19.4500000000002,0.0,1.0,0.5,1.0,7.04,-54.3593708130368,62.7879520696557,3.50388888888889,2.0091961312827,615.258911132812,394.121307373047,18.0
[GLIDE],19.4666666666668,0.0,1.0,0.5,1.0,7.04,-54.3593708130368,61.8819625561051,3.50388888888889,2.0091961312827,615.362426757812,394.176605224609,18.0
[GLIDE],19.4833333333335,0.0,1.0,0.5,1.0,7.04,-54.3593708130368,60.9759730425545,3.50388888888889,2.0091961312827,615.465026855469,394.233520507812,18.0
[GLIDE],19.5000000000002,0.0,1.0,0.5,1.0,7.04,-54.3593708130368,60.0699835290039,3.50388888888889,2.0091961312827,615.566711425781,394.292053222656,18.0
[GLIDE],19.5166666666668,0.0,1.0,0.5,1.0,7.04,-54.3593708130368,59.1639940154532,3.50388888888889,2.0091961312827,615.66748046875,394.352203369141,18.0
[PIPLIVE] eye=(615.6675, 878.4381, 394.3522) state=2 deployed=true framing=canopy
[GLIDE],19.5333333333335,0.0,1.0,0.5,1.0,7.04,-54.3593708130368,58.2580045019026,3.50388888888889,2.0091961312827,615.767272949219,394.413940429688,18.0
[GLIDE],19.5500000000002,0.0,1.0,0.5,1.0,7.04,-54.3593708130368,57.352014988352,3.50388888888889,2.0091961312827,615.866088867188,394.477233886719,18.0
[GLIDE],19.5666666666668,0.0,1.0,0.5,1.0,7.04,-54.3593708130368,56.4460254748014,3.50388888888889,2.0091961312827,615.9638671875,394.542083740234,18.0
[GLIDE],19.5833333333335,0.0,1.0,0.5,1.0,7.04,-54.3593708130368,55.5400359612508,3.50388888888889,2.0091961312827,616.060607910156,394.608459472656,18.0
[GLIDE],19.6000000000002,0.0,1.0,0.5,1.0,7.04,-54.3593708130368,54.6340464477002,3.50388888888889,2.0091961312827,616.156311035156,394.676361083984,18.0
[GLIDE],19.6166666666668,0.0,1.0,0.5,1.0,7.04,-54.3593708130368,53.7280569341496,3.50388888888889,2.0091961312827,616.250915527344,394.745788574219,18.0
[GLIDE],19.6333333333335,0.0,1.0,0.5,1.0,7.04,-54.3593708130368,52.8220674205989,3.50388888888889,2.0091961312827,616.344421386719,394.816680908203,18.0
[GLIDE],19.6500000000002,0.0,1.0,0.5,1.0,7.04,-54.3593708130368,51.9160779070483,3.50388888888889,2.0091961312827,616.436767578125,394.889068603516,18.0
[GLIDE],19.6666666666668,0.0,1.0,0.5,1.0,7.04,-54.3593708130368,51.0100883934977,3.50388888888889,2.0091961312827,616.527954101562,394.962890625,18.0
[GLIDE],19.6833333333335,0.0,1.0,0.5,1.0,7.04,-54.3593708130368,50.1040988799471,3.50388888888889,2.0091961312827,616.617980957031,395.038146972656,18.0
[GLIDE],19.7000000000002,0.0,1.0,0.5,1.0,7.04,-54.3593708130368,49.1981093663965,3.50388888888889,2.0091961312827,616.706787109375,395.114807128906,18.0
[GLIDE],19.7166666666668,0.0,1.0,0.5,1.0,7.04,-54.3593708130368,48.2921198528459,3.50388888888889,2.0091961312827,616.794372558594,395.19287109375,18.0
[GLIDE],19.7333333333335,0.0,1.0,0.5,1.0,7.04,-54.3593708130368,47.3861303392953,3.50388888888889,2.0091961312827,616.880737304688,395.272308349609,18.0
[GLIDE],19.7500000000002,0.0,1.0,0.5,1.0,7.04,-54.3593708130368,46.4801408257446,3.50388888888889,2.0091961312827,616.9658203125,395.353118896484,18.0
[GLIDE],19.7666666666668,0.0,1.0,0.5,1.0,7.04,-54.3593708130368,45.574151312194,3.50388888888889,2.0091961312827,617.049621582031,395.435241699219,18.0
[GLIDE],19.7833333333335,0.0,1.0,0.5,1.0,7.04,-54.3593708130368,44.6681617986434,3.50388888888889,2.0091961312827,617.132080078125,395.518676757812,18.0
[GLIDE],19.8000000000002,0.0,1.0,0.5,1.0,7.04,-54.3593708130368,43.7621722850928,3.50388888888889,2.0091961312827,617.213256835938,395.603424072266,18.0
[GLIDE],19.8166666666668,0.0,1.0,0.5,1.0,7.04,-54.3593708130368,42.8561827715422,3.50388888888889,2.0091961312827,617.293090820312,395.689422607422,18.0
[GLIDE],19.8333333333335,0.0,1.0,0.5,1.0,7.04,-54.3593708130368,41.9501932579916,3.50388888888889,2.0091961312827,617.371520996094,395.776672363281,18.0
[GLIDE],19.8500000000002,0.0,1.0,0.5,1.0,7.04,-54.3593708130368,41.044203744441,3.50388888888889,2.0091961312827,617.448547363281,395.865173339844,18.0
[GLIDE],19.8666666666668,0.0,1.0,0.5,1.0,7.04,-54.3593708130368,40.1382142308903,3.50388888888889,2.0091961312827,617.524169921875,395.954864501953,18.0
[GLIDE],19.8833333333335,0.0,1.0,0.5,1.0,7.04,-54.3593708130368,39.2322247173397,3.50388888888889,2.0091961312827,617.598388671875,396.045745849609,18.0
[GLIDE],19.9000000000002,0.0,1.0,0.5,1.0,7.04,-54.3593708130368,38.3262352037891,3.50388888888889,2.0091961312827,617.671142578125,396.137786865234,18.0
[GLIDE],19.9166666666668,0.0,1.0,0.5,1.0,7.04,-54.3593708130368,37.4202456902385,3.50388888888889,2.0091961312827,617.742431640625,396.230987548828,18.0
[GLIDE],19.9333333333335,0.0,1.0,0.5,1.0,7.04,-54.3593708130368,36.5142561766879,3.50388888888889,2.0091961312827,617.812255859375,396.325286865234,18.0
[GLIDE],19.9500000000001,0.0,1.0,0.5,1.0,7.04,-54.3593708130368,35.6082666631373,3.50388888888889,2.0091961312827,617.880554199219,396.420684814453,18.0
[GLIDE],19.9666666666668,0.0,1.0,0.5,1.0,7.04,-54.3593708130368,34.7022771495866,3.50388888888889,2.0091961312827,617.947326660156,396.517150878906,18.0
[GLIDE],19.9833333333335,0.0,1.0,0.5,1.0,7.04,-54.3593708130368,33.796287636036,3.50388888888889,2.0091961312827,618.012573242188,396.614654541016,18.0
[GLIDE],20.0000000000001,0.0,1.0,0.5,1.0,7.04,-54.3593708130368,32.8902981224854,3.50388888888889,2.0091961312827,618.076293945312,396.713195800781,18.0
[GLIDE],20.0166666666668,0.0,1.0,0.5,1.0,7.04,-54.3593708130368,31.9843086089348,3.50388888888889,2.0091961312827,618.138427734375,396.812713623047,18.0
[GLIDE],20.0333333333335,0.0,1.0,0.5,1.0,7.04,-54.3593708130368,31.0783190953842,3.50388888888889,2.0091961312827,618.198974609375,396.913208007812,18.0
[GLIDE],20.0500000000001,0.0,1.0,0.5,1.0,7.04,-54.3593708130368,30.1723295818336,3.50388888888889,2.0091961312827,618.257934570312,397.0146484375,18.0
[GLIDE],20.0666666666668,0.0,1.0,0.5,1.0,7.04,-54.3593708130368,29.266340068283,3.50388888888889,2.0091961312827,618.315307617188,397.117004394531,18.0
[GLIDE],20.0833333333335,0.0,1.0,0.5,1.0,7.04,-54.3593708130368,28.3603505547323,3.50388888888889,2.0091961312827,618.371032714844,397.220245361328,18.0
[GLIDE],20.1000000000001,0.0,1.0,0.5,1.0,7.04,-54.3593708130368,27.4543610411817,3.50388888888889,2.0091961312827,618.425109863281,397.324371337891,18.0
[GLIDE],20.1166666666668,0.0,1.0,0.5,1.0,7.04,-54.3593708130368,26.5483715276311,3.50388888888889,2.0091961312827,618.4775390625,397.429321289062,18.0
[GLIDE],20.1333333333335,0.0,1.0,0.5,1.0,7.04,-54.3593708130368,25.6423820140805,3.50388888888889,2.0091961312827,618.5283203125,397.535095214844,18.0
[GLIDE],20.1500000000001,0.0,1.0,0.5,1.0,7.04,-54.3593708130368,24.7363925005299,3.50388888888889,2.0091961312827,618.577392578125,397.641662597656,18.0
[GLIDE],20.1666666666668,0.0,1.0,0.5,1.0,7.04,-54.3593708130368,23.8304029869793,3.50388888888889,2.0091961312827,618.624816894531,397.748992919922,18.0
[GLIDE],20.1833333333335,0.0,1.0,0.5,1.0,7.04,-54.3593708130368,22.9244134734287,3.50388888888889,2.0091961312827,618.670532226562,397.857055664062,18.0
[GLIDE],20.2000000000001,0.0,1.0,0.5,1.0,7.04,-54.3593708130368,22.018423959878,3.50388888888889,2.0091961312827,618.714538574219,397.9658203125,18.0
[GLIDE],20.2166666666668,0.0,1.0,0.5,1.0,7.04,-54.3593708130368,21.1124344463274,3.50388888888889,2.0091961312827,618.756774902344,398.075286865234,18.0
[GLIDE],20.2333333333335,0.0,1.0,0.5,1.0,7.04,-54.3593708130368,20.2064449327768,3.50388888888889,2.0091961312827,618.797302246094,398.185394287109,18.0
[GLIDE],20.2500000000001,0.0,1.0,0.5,1.0,7.04,-54.3593708130368,19.3004554192262,3.50388888888889,2.0091961312827,618.836059570312,398.296142578125,18.0
[GLIDE],20.2666666666668,0.0,1.0,0.5,1.0,7.04,-54.3593708130368,18.3944659056756,3.50388888888889,2.0091961312827,618.873107910156,398.407470703125,18.0
[GLIDE],20.2833333333335,0.0,1.0,0.5,1.0,7.04,-54.3593708130368,17.488476392125,3.50388888888889,2.0091961312827,618.908386230469,398.519378662109,18.0
[GLIDE],20.3000000000001,0.0,1.0,0.5,1.0,7.04,-54.3593708130368,16.5824868785744,3.50388888888889,2.0091961312827,618.94189453125,398.6318359375,18.0
[GLIDE],20.3166666666668,0.0,1.0,0.5,1.0,7.04,-54.3593708130368,15.6764973650237,3.50388888888889,2.0091961312827,618.973571777344,398.744812011719,18.0
[GLIDE],20.3333333333335,0.0,1.0,0.5,1.0,7.04,-54.3593708130368,14.7705078514731,3.50388888888889,2.0091961312827,619.003479003906,398.858276367188,18.0
[GLIDE],20.3500000000001,0.0,1.0,0.5,1.0,7.04,-54.3593708130368,13.8645183379225,3.50388888888889,2.0091961312827,619.031616210938,398.972198486328,18.0
[GLIDE],20.3666666666668,0.0,1.0,0.5,1.0,7.04,-54.3593708130368,12.9585288243719,3.50388888888889,2.0091961312827,619.057922363281,399.086547851562,18.0
[GLIDE],20.3833333333335,0.0,1.0,0.5,1.0,7.04,-54.3593708130368,12.0525393108213,3.50388888888889,2.0091961312827,619.082397460938,399.201293945312,18.0
[GLIDE],20.4000000000001,0.0,1.0,0.5,1.0,7.04,-54.3593708130368,11.1465497972707,3.50388888888889,2.0091961312827,619.105102539062,399.31640625,18.0
[GLIDE],20.4166666666668,0.0,1.0,0.5,1.0,7.04,-54.3593708130368,10.2405602837201,3.50388888888889,2.0091961312827,619.1259765625,399.431884765625,18.0
[GLIDE],20.4333333333335,0.0,1.0,0.5,1.0,7.04,-54.3593708130368,9.33457077016944,3.50388888888889,2.0091961312827,619.14501953125,399.547668457031,18.0
[GLIDE],20.4500000000001,0.0,1.0,0.5,1.0,7.04,-54.3593708130368,8.42858125661883,3.50388888888889,2.0091961312827,619.162231445312,399.663726806641,18.0
[GLIDE],20.4666666666668,0.0,1.0,0.5,1.0,7.04,-54.3593708130368,7.52259174306821,3.50388888888889,2.0091961312827,619.177612304688,399.780059814453,18.0
[GLIDE],20.4833333333335,0.0,1.0,0.5,1.0,7.04,-54.3593708130368,6.6166022295176,3.50388888888889,2.0091961312827,619.191162109375,399.896606445312,18.0
[GLIDE],20.5000000000001,0.0,1.0,0.5,1.0,7.04,-54.3593708130368,5.71061271596699,3.50388888888889,2.0091961312827,619.202819824219,400.013366699219,18.0
[GLIDE],20.5166666666668,0.0,1.0,0.5,1.0,7.04,-54.3593708130368,4.80462320241637,3.50388888888889,2.0091961312827,619.212646484375,400.130279541016,18.0
[GLIDE],20.5333333333334,0.0,1.0,0.5,1.0,7.04,-54.3593708130368,3.89863368886576,3.50388888888889,2.0091961312827,619.220642089844,400.247344970703,18.0
[GLIDE],20.5500000000001,0.0,1.0,0.5,1.0,7.04,-54.3593708130368,2.99264417531514,3.50388888888889,2.0091961312827,619.226745605469,400.364532470703,18.0
[GLIDE],20.5666666666668,0.0,1.0,0.5,1.0,7.04,-54.3593708130368,2.08665466176453,3.50388888888889,2.0091961312827,619.231018066406,400.481781005859,18.0
[GLIDE],20.5833333333334,0.0,1.0,0.5,1.0,7.04,-54.3593708130368,1.18066514821392,3.50388888888889,2.0091961312827,619.233459472656,400.599090576172,18.0
[GLIDE],20.6000000000001,0.0,1.0,0.5,1.0,7.04,-54.3593708130368,0.2746756346633,3.50388888888889,2.0091961312827,619.234008789062,400.716430664062,18.0
[GLIDE],20.6166666666668,0.0,1.0,0.5,1.0,7.04,-54.3593708130368,-0.63131387888731,3.50388888888889,2.0091961312827,619.232727050781,400.833770751953,18.0
[GLIDE],20.6333333333334,0.0,1.0,0.5,1.0,7.04,-54.3593708130368,-1.53730339243793,3.50388888888889,2.0091961312827,619.229553222656,400.951049804688,18.0
[GLIDE],20.6500000000001,0.0,1.0,0.5,1.0,7.04,-54.3593708130368,-2.44329290598854,3.50388888888889,2.0091961312827,619.224548339844,401.068267822266,18.0
[GLIDE],20.6666666666668,0.0,1.0,0.5,1.0,7.04,-54.3593708130368,-3.34928241953915,3.50388888888889,2.0091961312827,619.217712402344,401.185394287109,18.0
[GLIDE],20.6833333333334,0.0,1.0,0.5,1.0,7.04,-54.3593708130368,-4.25527193308977,3.50388888888889,2.0091961312827,619.208984375,401.302398681641,18.0
[GLIDE],20.7000000000001,0.0,1.0,0.5,1.0,7.04,-54.3593708130368,-5.16126144664038,3.50388888888889,2.0091961312827,619.198425292969,401.419250488281,18.0
[GLIDE],20.7166666666668,0.0,1.0,0.5,1.0,7.04,-54.3593708130368,-6.067250960191,3.50388888888889,2.0091961312827,619.18603515625,401.535919189453,18.0
[GLIDE],20.7333333333334,0.0,1.0,0.5,1.0,7.04,-54.3593708130368,-6.97324047374161,3.50388888888889,2.0091961312827,619.171813964844,401.652374267578,18.0
[GLIDE],20.7500000000001,0.0,1.0,0.5,1.0,7.04,-54.3593708130368,-7.87922998729222,3.50388888888889,2.0091961312827,619.155700683594,401.768585205078,18.0
[GLIDE],20.7666666666668,0.0,1.0,0.5,1.0,7.04,-54.3593708130368,-8.78521950084284,3.50388888888889,2.0091961312827,619.137756347656,401.884552001953,18.0
[GLIDE],20.7833333333334,0.0,1.0,0.5,1.0,7.04,-54.3593708130368,-9.69120901439345,3.50388888888889,2.0091961312827,619.117980957031,402.000213623047,18.0
[GLIDE],20.8000000000001,0.0,1.0,0.5,1.0,7.04,-54.3593708130368,-10.5971985279441,3.50388888888889,2.0091961312827,619.096374511719,402.115539550781,18.0
[GLIDE],20.8166666666668,0.0,1.0,0.5,1.0,7.04,-54.3593708130368,-11.5031880414947,3.50388888888889,2.0091961312827,619.072998046875,402.230529785156,18.0
[GLIDE],20.8333333333334,0.0,1.0,0.5,1.0,7.04,-54.3593708130368,-12.4091775550453,3.50388888888889,2.0091961312827,619.047790527344,402.345123291016,18.0
[GLIDE],20.8500000000001,0.0,1.0,0.5,1.0,7.04,-54.3593708130368,-13.3151670685959,3.50388888888889,2.0091961312827,619.020751953125,402.459289550781,18.0
[GLIDE],20.8666666666668,0.0,1.0,0.5,1.0,7.04,-54.3593708130368,-14.2211565821465,3.50388888888889,2.0091961312827,618.991943359375,402.573028564453,18.0
[GLIDE],20.8833333333334,0.0,1.0,0.5,1.0,7.04,-54.3593708130368,-15.1271460956971,3.50388888888889,2.0091961312827,618.961303710938,402.686309814453,18.0
[GLIDE],20.9000000000001,0.0,1.0,0.5,1.0,7.04,-54.3593708130368,-16.0331356092478,3.50388888888889,2.0091961312827,618.928894042969,402.799072265625,18.0
[GLIDE],20.9166666666668,0.0,1.0,0.5,1.0,7.04,-54.3593708130368,-16.9391251227984,3.50388888888889,2.0091961312827,618.894714355469,402.911315917969,18.0
[GLIDE],20.9333333333334,0.0,1.0,0.5,1.0,7.04,-54.3593708130368,-17.845114636349,3.50388888888889,2.0091961312827,618.858764648438,403.023010253906,18.0
[GLIDE],20.9500000000001,0.0,1.0,0.5,1.0,7.04,-54.3593708130368,-18.7511041498996,3.50388888888889,2.0091961312827,618.821044921875,403.134124755859,18.0
[GLIDE],20.9666666666668,0.0,1.0,0.5,1.0,7.04,-54.3593708130368,-19.6570936634502,3.50388888888889,2.0091961312827,618.781555175781,403.24462890625,18.0
[GLIDE],20.9833333333334,0.0,1.0,0.5,1.0,7.04,-54.3593708130368,-20.5630831770008,3.50388888888889,2.0091961312827,618.740356445312,403.3544921875,18.0
[GLIDE],21.0000000000001,0.0,1.0,0.5,1.0,7.04,-54.3593708130368,-21.4690726905514,3.50388888888889,2.0091961312827,618.697387695312,403.463684082031,18.0
[GLIDE],21.0166666666668,0.0,1.0,0.5,1.0,7.04,-54.3593708130368,-22.3750622041021,3.50388888888889,2.0091961312827,618.652709960938,403.572174072266,18.0
[GLIDE],21.0333333333334,0.0,1.0,0.5,1.0,7.04,-54.3593708130368,-23.2810517176527,3.50388888888889,2.0091961312827,618.606323242188,403.679962158203,18.0
[GLIDE],21.0500000000001,0.0,1.0,0.5,1.0,7.04,-54.3593708130368,-24.1870412312033,3.50388888888889,2.0091961312827,618.558227539062,403.786987304688,18.0
[GLIDE],21.0666666666668,0.0,1.0,0.5,1.0,7.04,-54.3593708130368,-25.0930307447539,3.50388888888889,2.0091961312827,618.508483886719,403.893249511719,18.0
[GLIDE],21.0833333333334,0.0,1.0,0.5,1.0,7.04,-54.3593708130368,-25.9990202583045,3.50388888888889,2.0091961312827,618.45703125,403.998718261719,18.0
[GLIDE],21.1000000000001,0.0,1.0,0.5,1.0,7.04,-54.3593708130368,-26.9050097718551,3.50388888888889,2.0091961312827,618.403930664062,404.103363037109,18.0
[GLIDE],21.1166666666667,0.0,1.0,0.5,1.0,7.04,-54.3593708130368,-27.8109992854057,3.50388888888889,2.0091961312827,618.349182128906,404.207153320312,18.0
[GLIDE],21.1333333333334,0.0,1.0,0.5,1.0,7.04,-54.3593708130368,-28.7169887989564,3.50388888888889,2.0091961312827,618.292785644531,404.31005859375,18.0
[GLIDE],21.1500000000001,0.0,1.0,0.5,1.0,7.04,-54.3593708130368,-29.622978312507,3.50388888888889,2.0091961312827,618.234802246094,404.412048339844,18.0
[GLIDE],21.1666666666667,0.0,1.0,0.5,1.0,7.04,-54.3593708130368,-30.5289678260576,3.50388888888889,2.0091961312827,618.175170898438,404.513122558594,18.0
[GLIDE],21.1833333333334,0.0,1.0,0.5,1.0,7.04,-54.3593708130368,-31.4349573396082,3.50388888888889,2.0091961312827,618.113952636719,404.613220214844,18.0
[GLIDE],21.2000000000001,0.0,1.0,0.5,1.0,7.04,-54.3593708130368,-32.3409468531588,3.50388888888889,2.0091961312827,618.051208496094,404.712341308594,18.0
[GLIDE],21.2166666666667,0.0,1.0,0.5,1.0,7.04,-54.3593708130368,-33.2469363667094,3.50388888888889,2.0091961312827,617.986877441406,404.810455322266,18.0
[GLIDE],21.2333333333334,0.0,1.0,0.5,1.0,7.04,-54.3593708130368,-34.15292588026,3.50388888888889,2.0091961312827,617.921020507812,404.907562255859,18.0
[GLIDE],21.2500000000001,0.0,1.0,0.5,1.0,7.04,-54.3593708130368,-35.0589153938107,3.50388888888889,2.0091961312827,617.853637695312,405.003601074219,18.0
[GLIDE],21.2666666666667,0.0,1.0,0.5,1.0,7.04,-54.3593708130368,-35.9649049073613,3.50388888888889,2.0091961312827,617.784729003906,405.098571777344,18.0
[GLIDE],21.2833333333334,0.0,1.0,0.5,1.0,7.04,-54.3593708130368,-36.8708944209119,3.50388888888889,2.0091961312827,617.71435546875,405.192443847656,18.0
[GLIDE],21.3000000000001,0.0,1.0,0.5,1.0,7.04,-54.3593708130368,-37.7768839344625,3.50388888888889,2.0091961312827,617.642456054688,405.285186767578,18.0
[GLIDE],21.3166666666667,0.0,1.0,0.5,1.0,7.04,-54.3593708130368,-38.6828734480131,3.50388888888889,2.0091961312827,617.569091796875,405.376770019531,18.0
[GLIDE],21.3333333333334,0.0,1.0,0.5,1.0,7.04,-54.3593708130368,-39.5888629615637,3.50388888888889,2.0091961312827,617.494323730469,405.467193603516,18.0
[GLIDE],21.3500000000001,0.0,1.0,0.5,1.0,7.04,-54.3593708130368,-40.4948524751143,3.50388888888889,2.0091961312827,617.418151855469,405.556427001953,18.0
[GLIDE],21.3666666666667,0.0,1.0,0.5,1.0,7.04,-54.3593708130368,-41.400841988665,3.50388888888889,2.0091961312827,617.340576171875,405.644439697266,18.0
[GLIDE],21.3833333333334,0.0,1.0,0.5,1.0,7.04,-54.3593708130368,-42.3068315022156,3.50388888888889,2.0091961312827,617.261596679688,405.731201171875,18.0
[GLIDE],21.4000000000001,0.0,1.0,0.5,1.0,7.04,-54.3593708130368,-43.2128210157662,3.50388888888889,2.0091961312827,617.181274414062,405.816711425781,18.0
[GLIDE],21.4166666666667,0.0,1.0,0.5,1.0,7.04,-54.3593708130368,-44.1188105293168,3.50388888888889,2.0091961312827,617.099609375,405.900939941406,18.0
[GLIDE],21.4333333333334,0.0,1.0,0.5,1.0,7.04,-54.3593708130368,-45.0248000428674,3.50388888888889,2.0091961312827,617.0166015625,405.983856201172,18.0
[GLIDE],21.4500000000001,0.0,1.0,0.5,1.0,7.04,-54.3593708130368,-45.930789556418,3.50388888888889,2.0091961312827,616.932312011719,406.065460205078,18.0
[GLIDE],21.4666666666667,0.0,1.0,0.5,1.0,7.04,-54.3593708130368,-46.8367790699686,3.50388888888889,2.0091961312827,616.846740722656,406.145721435547,18.0
[GLIDE],21.4833333333334,0.0,1.0,0.5,1.0,7.04,-54.3593708130368,-47.7427685835193,3.50388888888889,2.0091961312827,616.759887695312,406.224609375,18.0
[GLIDE],21.5000000000001,0.0,1.0,0.5,1.0,7.04,-54.3593708130368,-48.6487580970699,3.50388888888889,2.0091961312827,616.671813964844,406.302124023438,18.0
[GLIDE],21.5166666666667,0.0,1.0,0.5,1.0,7.04,-54.3593708130368,-49.5547476106205,3.50388888888889,2.0091961312827,616.58251953125,406.378234863281,18.0
[GLIDE],21.5333333333334,0.0,1.0,0.5,1.0,7.04,-54.3593708130368,-50.4607371241711,3.50388888888889,2.0091961312827,616.492004394531,406.452941894531,18.0
[PIPLIVE] eye=(616.492, 871.3704, 406.4529) state=2 deployed=true framing=canopy
[GLIDE],21.5500000000001,0.0,1.0,0.5,1.0,7.04,-54.3593708130368,-51.3667266377217,3.50388888888889,2.0091961312827,616.400329589844,406.526184082031,18.0
[GLIDE],21.5666666666667,0.0,0.99777777777778,0.49888888888889,0.99777777777778,7.0488,-54.264139214966,-52.2711289579712,3.5031435646072,2.01213563475249,616.307434082031,406.598083496094,18.0
[GLIDE],21.5833333333334,0.0,0.99346790123457,0.49673395061728,0.99346790123457,7.06586711111111,-54.0791182005386,-53.1724475946468,3.50173645347923,2.01781807539818,616.213195800781,406.668670654297,18.0
[GLIDE],21.6000000000001,0.0,0.98720172770919,0.4936008638546,0.98720172770919,7.09068115827161,-53.8093500976988,-54.0692700962751,3.49978076571264,2.02603580993959,616.117492675781,406.738006591797,18.0
[GLIDE],21.6166666666667,0.0,0.97910729935566,0.48955364967783,0.97910729935566,7.12273509455158,-53.4595325542719,-54.960262305513,3.49741184693498,2.03657315931886,616.020324707031,406.80615234375,18.0
[GLIDE],21.6333333333334,0.0,0.96930925199085,0.48465462599543,0.96930925199085,7.16153536211621,-53.0340680992025,-55.8441634404997,3.49478030805865,2.04920902913478,615.921569824219,406.873168945312,18.0
[GLIDE],21.6500000000001,0.0,0.95792873682901,0.47896436841451,0.95792873682901,7.2066022021571,-52.5371083425081,-56.7197819128748,3.49204586374865,2.06371923031416,615.821166992188,406.939086914062,18.0
[GLIDE],21.6666666666667,0.0,0.94508335452533,0.47254167726266,0.94508335452533,7.2574699160797,-51.9725930842964,-57.5859917976131,3.48937189875861,2.07987859323955,615.719055175781,407.003936767578,18.0
[GLIDE],21.6833333333334,0.0,0.93088710095708,0.46544355047854,0.93088710095708,7.31368708020997,-51.3442846177935,-58.4417298745763,3.48692076257105,2.0974629417209,615.615173339844,407.067718505859,18.0
[GLIDE],21.7,0.0,0.91545032417818,0.45772516208909,0.91545032417818,7.37481671625439,-50.6557975217016,-59.2859931666047,3.48484977711276,2.11625096860403,615.509521484375,407.130493164062,18.0
[GLIDE],21.7166666666667,0.0,0.898879691991,0.4494398459955,0.898879691991,7.44043641971566,-49.910624243744,-60.1178369040004,3.48330792963603,2.13602603330367,615.401977539062,407.192260742188,18.0
[GLIDE],21.7333333333334,0.0,0.88127816958808,0.44063908479404,0.88127816958808,7.51013844843121,-49.1121567803375,-60.9363728503394,3.48243321293391,2.15657788368725,615.292541503906,407.253051757812,18.0
[GLIDE],21.75,0.0,0.86274500672625,0.43137250336312,0.86274500672625,7.58352977336406,-48.2637047573198,-61.740767929628,3.48235056764013,2.17770429084145,615.181213378906,407.312896728516,18.0
[GLIDE],21.7666666666667,0.0,0.8433757339053,0.42168786695265,0.8433757339053,7.66023209373501,-47.3685102139138,-62.5302430998599,3.48317037618145,2.19921257545053,615.067932128906,407.371795654297,18.0
[GLIDE],21.7833333333334,0.0,0.82326216703467,0.41163108351734,0.82326216703467,7.7398818185427,-46.4297593869579,-63.3040724229759,3.48498745472583,2.22092099873903,614.952697753906,407.429748535156,18.0
[GLIDE],21.8,0.0,0.80249242008253,0.40124621004127,0.80249242008253,7.82213001647318,-45.4505917851964,-64.0615822860625,3.4878804879337,2.24265998893419,614.83544921875,407.486785888672,18.0
[GLIDE],21.8166666666667,0.0,0.78115092521353,0.39057546260676,0.78115092521353,7.90664233615443,-44.4341068344011,-64.8021507333025,3.49191185120802,2.26427317557262,614.716186523438,407.542877197266,18.0
[GLIDE],21.8333333333334,0.0,0.75931845993363,0.37965922996681,0.75931845993363,7.99309889866283,-43.3833683635781,-65.5252068726955,3.49712776620571,2.28561820814889,614.594909667969,407.598083496094,18.0
[GLIDE],21.85,0.0,0.73707218077298,0.36853609038649,0.73707218077298,8.08119416413898,-42.3014071907536,-66.2302303258747,3.50355873738926,2.30656734191385,614.471618652344,407.652374267578,18.0
[GLIDE],21.8666666666667,0.0,0.71448566305055,0.35724283152527,0.71448566305055,8.17063677431983,-41.1912220540797,-66.9167506934427,3.51122022015386,2.32700778134668,614.346374511719,407.705780029297,18.0
[GLIDE],21.8833333333334,0.0,0.69162894627736,0.34581447313868,0.69162894627736,8.26114937274164,-40.0557791204849,-67.5843470121174,3.52011347437608,2.34684178020877,614.219116210938,407.758270263672,18.0
[GLIDE],21.9,0.0,0.66856858476866,0.33428429238433,0.66856858476866,8.35246840431609,-38.8980102900138,-68.2326471836177,3.530226560928,2.36598650544413,614.08984375,407.809906005859,18.0
[GLIDE],21.9166666666667,0.0,0.64536770304849,0.32268385152424,0.64536770304849,8.44434389592799,-37.7208104995487,-68.8613273586102,3.54153544264251,2.38437367991643,613.958557128906,407.860656738281,18.0
[GLIDE],21.9333333333334,0.0,0.6220860556441,0.31104302782205,0.6220860556441,8.53653921964936,-36.5270342149538,-69.4701112621927,3.55400515527729,2.40194902558697,613.825317382812,407.910552978516,18.0
[GLIDE],21.95,0.0,0.59878009088132,0.29939004544066,0.59878009088132,8.62883084010998,-35.3194912859804,-70.0587694502924,3.56759101810086,2.418671533909,613.690124511719,407.959594726562,18.0
[GLIDE],21.9666666666667,0.0,0.57550301830552,0.28775150915276,0.57550301830552,8.72100804751015,-34.1009423236566,-70.62711848902,3.58223985772996,2.43451259375931,613.552978515625,408.0078125,18.0
[GLIDE],21.9833333333334,0.0,0.55230487936707,0.27615243968353,0.55230487936707,8.81287267770641,-32.8740937454788,-71.1750200514446,3.59789122271087,2.44945500911122,613.413940429688,408.055206298828,18.0
[GLIDE],22.0,0.0,0.52923262102366,0.26461631051183,0.52923262102366,8.90423882074631,-31.6415926196225,-71.7023799284384,3.61447857000509,2.46349193895864,613.273010253906,408.101806640625,18.0
[GLIDE],22.0166666666667,0.0,0.50633017192579,0.25316508596289,0.50633017192579,8.99493251917389,-30.4060214257009,-72.2091469522,3.63193040796999,2.47662579091141,613.130249023438,408.147613525391,18.0
[GLIDE],22.0333333333334,0.0,0.48363852086545,0.24181926043273,0.48363852086545,9.08479145737281,-29.169892836378,-72.6953118328063,3.65017138358808,2.48886709764366,612.985717773438,408.192657470703,18.0
[GLIDE],22.05,0.0,0.46119579718171,0.23059789859086,0.46119579718171,9.17366464316041,-27.9356446114712,-73.1609059096642,3.66912330457656,2.50023340227295,612.83935546875,408.236938476562,18.0
[GLIDE],22.0666666666667,0.0,0.43903735283024,0.21951867641512,0.43903735283024,9.26141208279227,-26.7056346840954,-73.6059998210658,3.68870608959078,2.51074817506529,612.691284179688,408.280517578125,18.0
[GLIDE],22.0833333333334,0.0,0.41719584583742,0.20859792291871,0.41719584583742,9.34790445048383,-25.4821365069543,-74.0307020961817,3.70883864202073,2.52043977987425,612.54150390625,408.323394775391,18.0
[GLIDE],22.1,0.0,0.39570132487287,0.19785066243644,0.39570132487287,9.43302275350343,-24.2673347160984,-74.4351576747833,3.72943964487165,2.529340504672,612.390075683594,408.365570068359,18.0
[GLIDE],22.1166666666667,0.0,0.3745813146871,0.18729065734355,0.3745813146871,9.5166579938391,-23.0633211593754,-74.8195463607729,3.75042827592938,2.53748566661518,612.236999511719,408.407104492188,18.0
[GLIDE],22.1333333333334,0.0,0.35386090217396,0.17693045108698,0.35386090217396,9.5987108273911,-21.872091327397,-75.1840812162295,3.77172484385162,2.54491279846095,612.082336425781,408.447998046875,18.0
[GLIDE],22.15,0.0,0.33356282283038,0.16678141141519,0.33356282283038,9.6790912215917,-20.6955412161526,-75.5290069031654,3.7932513470143,2.5516609199151,611.926147460938,408.488311767578,18.0
[GLIDE],22.1666666666667,0.0,0.31370754739777,0.15685377369888,0.31370754739777,9.75771811230484,-19.5354646424077,-75.8545979805389,3.814931957899,2.55776989471621,611.768432617188,408.528045654297,18.0
[GLIDE],22.1833333333334,0.0,0.29431336848229,0.14715668424114,0.29431336848229,9.83451906081014,-18.39355102573,-76.1611571643011,3.83669343655151,2.56327987196433,611.609252929688,408.567260742188,18.0
[GLIDE],22.2,0.0,0.27539648696247,0.13769824348124,0.27539648696247,9.90942991162862,-17.2713836443668,-76.4490135583738,3.85846547719701,2.56823080838534,611.448669433594,408.60595703125,18.0
[GLIDE],22.2166666666667,0.0,0.25697109800473,0.12848554900236,0.25697109800473,9.98239445190128,-16.1704383662556,-76.7185208644781,3.88018099248471,2.57266206685605,611.286743164062,408.644165039062,18.0
[GLIDE],22.2333333333334,0.0,0.2390494765184,0.1195247382592,0.2390494765184,10.0533640729871,-15.0920828511381,-76.9700555786637,3.90177634007598,2.5766120855588,611.123474121094,408.681945800781,18.0
[GLIDE],22.25,0.0,0.22164206189317,0.11082103094659,0.22164206189317,10.122297434903,-14.037576215069,-77.2040151822482,3.92319149640672,2.58011811153601,610.958984375,408.719299316406,18.0
[GLIDE],22.2666666666667,0.0,0.20475754187244,0.10237877093622,0.20475754187244,10.1891601341852,-13.0080691445157,-77.4208163346568,3.94437018246605,2.58321599211939,610.793212890625,408.756286621094,18.0
[GLIDE],22.2833333333333,0.0,0.18840293542652,0.09420146771326,0.18840293542652,10.253924375711,-12.0046044437191,-77.6208930753855,3.96525994635841,2.5859400176596,610.626281738281,408.792938232422,18.0
[GLIDE],22.3,0.0,0.17258367450012,0.08629183725006,0.17258367450012,10.3165686489795,-11.0281179959901,-77.8046950419853,3.98581220727216,2.58832280912704,610.458190917969,408.829254150391,18.0
[GLIDE],22.3166666666667,0.0,0.15730368451776,0.07865184225888,0.15730368451776,10.3770774093097,-10.0794401171228,-77.972685710604,4.00598226527991,2.5903952444444,610.2890625,408.865295410156,18.0
[GLIDE],22.3333333333333,0.0,0.14256546354099,0.0712827317705,0.14256546354099,10.4354407643777,-9.15929727707831,-78.125340665222,4.02572928115845,2.59218641780471,610.118835449219,408.901092529297,18.0
[GLIDE],22.35,0.0,0.12837015998,0.06418507999,0.12837015998,10.4916541664792,-8.26831416450409,-78.2631459012971,4.04501623015094,2.59372362668806,609.947631835938,408.936676025391,18.0
[GLIDE],22.3666666666667,0.0,0.11471764877123,0.05735882438561,0.11471764877123,10.5457181108659,-7.40701606746113,-78.3865961690881,4.06380983331198,2.59503238178624,609.775451660156,408.972045898438,18.0
[GLIDE],22.3833333333333,0.0,0.10160660594125,0.05080330297063,0.10160660594125,10.5976378404726,-6.57583154291098,-78.4961933614699,4.08208046978597,2.59613643555349,609.602355957031,409.007263183594,18.0
[GLIDE],22.4,0.0,0.08903458148538,0.04451729074269,0.08903458148538,10.6474230573179,-5.77509534702846,-78.5924449505871,4.09980207307808,2.59705782560473,609.428405761719,409.042358398438,18.0
[GLIDE],22.4166666666667,0.0,0.07699807049724,0.03849903524862,0.07699807049724,10.6950876408309,-5.00505159822244,-78.6758624772241,4.1169520140913,2.59781692966649,609.253601074219,409.077362060547,18.0
[GLIDE],22.4333333333333,0.0,0.06549258249341,0.03274629124671,0.06549258249341,10.7406493733261,-4.26585714483746,-78.7469600963047,4.13351097342696,2.59843252924072,609.078002929688,409.1123046875,18.0
[GLIDE],22.45,0.0,0.05451270888427,0.02725635444213,0.05451270888427,10.7841296728183,-3.55758510984041,-78.8062531814687,4.14946280518353,2.59892187956155,608.901672363281,409.147186279297,18.0
[GLIDE],22.4666666666667,0.0,0.04405218854925,0.02202609427462,0.04405218854925,10.825553333345,-2.880228585343,-78.8542569912244,4.16479439424145,2.59930078380656,608.724670410156,409.182067871094,18.0
[GLIDE],22.4833333333333,0.0,0.03410397148144,0.01705198574072,0.03410397148144,10.8649482729335,-2.2337044505418,-78.8914853987335,4.17949550879225,2.59958366986573,608.546997070312,409.216949462891,18.0
[GLIDE],22.5,0.0,0.02466028047263,0.01233014023631,0.02466028047263,10.9023452893284,-1.61785728755004,-78.9184496868593,4.19355864965887,2.59978366827307,608.36865234375,409.251861572266,18.0
[GLIDE],22.5166666666667,0.0,0.01571267081606,0.00785633540803,0.01571267081606,10.9377778235684,-1.03246337062252,-78.935657409703,4.20697889776113,2.59991269017044,608.189758300781,409.286834716797,18.0
[GLIDE],22.5333333333333,0.0,0.00725208800986,0.00362604400493,0.00725208800986,10.9712817314809,-0.47723470541439,-78.9436113214599,4.21975376090568,2.59998150440091,608.010314941406,409.321899414062,18.0
[GLIDE],23.05,0.0,0.0,0.0,0.0,11.0,0.0,-78.9436113214599,4.23076923076923,2.6,602.432434082031,410.411743164062,18.0
[PIPLIVE] eye=(597.0345, 863.3282, 411.4664) state=2 deployed=true framing=canopy
[GLIDE],23.5666666666666,0.0,0.0,0.0,0.0,11.0,0.0,-78.9436113214599,4.23076923076923,2.6,596.854553222656,411.501586914062,18.0
[GLIDE],24.0833333333332,0.0,0.0,0.0,0.0,11.0,0.0,-78.9436113214599,4.23076923076923,2.6,591.276672363281,412.591430664062,18.0
[GLIDE],24.5999999999999,0.0,0.0,0.0,0.0,11.0,0.0,-78.9436113214599,4.23076923076923,2.6,585.698791503906,413.681274414062,18.0
[GLIDE],25.1166666666665,0.0,0.0,0.0,0.0,11.0,0.0,-78.9436113214599,4.23076923076923,2.6,580.120910644531,414.771118164062,18.0
[PIPLIVE] eye=(575.2628, 854.7982, 415.7203) state=2 deployed=true framing=canopy
[GLIDE],25.6333333333332,0.0,0.0,0.0,0.0,11.0,0.0,-78.9436113214599,4.23076923076923,2.6,574.543029785156,415.860961914062,18.0
[GLIDE],26.1499999999998,0.0,0.0,0.0,0.0,11.0,0.0,-78.9436113214599,4.23076923076923,2.6,568.965148925781,416.950805664062,18.0
[GLIDE],26.6666666666664,0.0,0.0,0.0,0.0,11.0,0.0,-78.9436113214599,4.23076923076923,2.6,563.387268066406,418.040649414062,18.0
[GLIDE],27.1833333333331,0.0,0.0,0.0,0.0,11.0,0.0,-78.9436113214599,4.23076923076923,2.6,557.809387207031,419.130493164062,18.0
[PIPLIVE] eye=(553.491, 846.2682, 419.9742) state=2 deployed=true framing=canopy
[GLIDE],27.6999999999997,0.0,0.0,0.0,0.0,11.0,0.0,-78.9436113214599,4.23076923076923,2.6,552.231506347656,420.220336914062,18.0
